{"type": "FeatureCollection", "features": [{"type": "Feature", "id": "5134-8", "properties": {"Major_Code": "2", "Legend_J": "実在断層", "Legend_E": "confirmed fault", "styleidx": 3, "name": "confirmed fault", "source": "GSJ Seamless Geological Map V2 · 2025-07-18", "url": "https://gsj-seamless.jp/seamless/use.html"}, "geometry": {"type": "LineString", "coordinates": [[134.8678001945706, 34.508746050323985], [134.87002510689433, 34.49934052975671], [134.87056434356697, 34.49651985793251], [134.87063083900208, 34.4959993892616]]}}, {"type": "Feature", "id": "5134-11", "properties": {"Major_Code": "2", "Legend_J": "実在断層", "Legend_E": "confirmed fault", "styleidx": 3, "name": "confirmed fault", "source": "GSJ Seamless Geological Map V2 · 2025-07-18", "url": "https://gsj-seamless.jp/seamless/use.html"}, "geometry": {"type": "LineString", "coordinates": [[134.9051053248633, 34.5022108949545], [134.91001154244395, 34.494777174998646], [134.91491688828663, 34.48734324762425]]}}, {"type": "Feature", "id": "5134-403", "properties": {"Major_Code": "2", "Legend_J": "実在断層", "Legend_E": "confirmed fault", "styleidx": 3, "name": "confirmed fault", "source": "GSJ Seamless Geological Map V2 · 2025-07-18", "url": "https://gsj-seamless.jp/seamless/use.html"}, "geometry": {"type": "LineString", "coordinates": [[134.8835768160616, 34.46417618826651], [134.8847881904917, 34.46189687044305], [134.8856152676836, 34.460703318225725], [134.88585864662335, 34.46046693078961]]}}, {"type": "Feature", "id": "5134-406", "properties": {"Major_Code": "2", "Legend_J": "実在断層", "Legend_E": "confirmed fault", "styleidx": 3, "name": "confirmed fault", "source": "GSJ Seamless Geological Map V2 · 2025-07-18", "url": "https://gsj-seamless.jp/seamless/use.html"}, "geometry": {"type": "LineString", "coordinates": [[134.91992716461255, 34.48149443256753], [134.91942072705763, 34.48071895075854], [134.91705757526, 34.47779481360328], [134.91665638891124, 34.47739119409809]]}}, {"type": "Feature", "id": "5134-409", "properties": {"Major_Code": "2", "Legend_J": "実在断層", "Legend_E": "confirmed fault", "styleidx": 3, "name": "confirmed fault", "source": "GSJ Seamless Geological Map V2 · 2025-07-18", "url": "https://gsj-seamless.jp/seamless/use.html"}, "geometry": {"type": "LineString", "coordinates": [[134.91491688828663, 34.48734324762425], [134.9160652562414, 34.48560213713229]]}}, {"type": "Feature", "id": "5134-412", "properties": {"Major_Code": "2", "Legend_J": "実在断層", "Legend_E": "confirmed fault", "styleidx": 3, "name": "confirmed fault", "source": "GSJ Seamless Geological Map V2 · 2025-07-18", "url": "https://gsj-seamless.jp/seamless/use.html"}, "geometry": {"type": "LineString", "coordinates": [[134.87063083900208, 34.4959993892616], [134.8706957343947, 34.495742572533004], [134.871162080287, 34.493390527395945], [134.87123888520108, 34.49313372242533], [134.87135903989048, 34.492505148127464]]}}, {"type": "Feature", "id": "5134-413", "properties": {"Major_Code": "2", "Legend_J": "実在断層", "Legend_E": "confirmed fault", "styleidx": 3, "name": "confirmed fault", "source": "GSJ Seamless Geological Map V2 · 2025-07-18", "url": "https://gsj-seamless.jp/seamless/use.html"}, "geometry": {"type": "LineString", "coordinates": [[134.9168888024345, 34.48435430385372], [134.91706142582885, 34.48409302622939]]}}, {"type": "Feature", "id": "5134-416", "properties": {"Major_Code": "2", "Legend_J": "実在断層", "Legend_E": "confirmed fault", "styleidx": 3, "name": "confirmed fault", "source": "GSJ Seamless Geological Map V2 · 2025-07-18", "url": "https://gsj-seamless.jp/seamless/use.html"}, "geometry": {"type": "LineString", "coordinates": [[134.91632518315978, 34.47685467564132], [134.91541989589862, 34.47554486978385], [134.91419032681875, 34.47406807843722], [134.91351432863544, 34.473017552254554], [134.91316970392828, 34.472591424413366], [134.91208440080092, 34.471153024580516], [134.91207668145574, 34.47109669074639]]}}, {"type": "Feature", "id": "5134-417", "properties": {"Major_Code": "2", "Legend_J": "実在断層", "Legend_E": "confirmed fault", "styleidx": 3, "name": "confirmed fault", "source": "GSJ Seamless Geological Map V2 · 2025-07-18", "url": "https://gsj-seamless.jp/seamless/use.html"}, "geometry": {"type": "LineString", "coordinates": [[134.87660976023068, 34.476204927007046], [134.87719163625377, 34.475074294123374], [134.87759801523927, 34.474058410544956], [134.87791035282254, 34.473263268339544]]}}, {"type": "Feature", "id": "5134-420", "properties": {"Major_Code": "2", "Legend_J": "実在断層", "Legend_E": "confirmed fault", "styleidx": 3, "name": "confirmed fault", "source": "GSJ Seamless Geological Map V2 · 2025-07-18", "url": "https://gsj-seamless.jp/seamless/use.html"}, "geometry": {"type": "LineString", "coordinates": [[134.87495578835015, 34.4804441649543], [134.87516048999984, 34.48004100792308], [134.87637843577954, 34.47665537027693], [134.87660976023068, 34.476204927007046]]}}, {"type": "Feature", "id": "5134-426", "properties": {"Major_Code": "2", "Legend_J": "実在断層", "Legend_E": "confirmed fault", "styleidx": 3, "name": "confirmed fault", "source": "GSJ Seamless Geological Map V2 · 2025-07-18", "url": "https://gsj-seamless.jp/seamless/use.html"}, "geometry": {"type": "LineString", "coordinates": [[134.91665638891124, 34.47739119409809], [134.91637547539398, 34.47689527256678], [134.91632518315978, 34.47685467564132]]}}, {"type": "Feature", "id": "5134-435", "properties": {"Major_Code": "2", "Legend_J": "実在断層", "Legend_E": "confirmed fault", "styleidx": 3, "name": "confirmed fault", "source": "GSJ Seamless Geological Map V2 · 2025-07-18", "url": "https://gsj-seamless.jp/seamless/use.html"}, "geometry": {"type": "LineString", "coordinates": [[134.88585864662335, 34.46046693078961], [134.886906127252, 34.45944483548486], [134.88845506773842, 34.458060367856234]]}}, {"type": "Feature", "id": "5134-437", "properties": {"Major_Code": "2", "Legend_J": "実在断層", "Legend_E": "confirmed fault", "styleidx": 3, "name": "confirmed fault", "source": "GSJ Seamless Geological Map V2 · 2025-07-18", "url": "https://gsj-seamless.jp/seamless/use.html"}, "geometry": {"type": "LineString", "coordinates": [[134.90855296704757, 34.46694572892608], [134.9079167096076, 34.466201658536946], [134.90581569843695, 34.46381829579316], [134.90257063152436, 34.46055069081528], [134.89701301736827, 34.455965178164355]]}}, {"type": "Feature", "id": "5134-440", "properties": {"Major_Code": "2", "Legend_J": "実在断層", "Legend_E": "confirmed fault", "styleidx": 3, "name": "confirmed fault", "source": "GSJ Seamless Geological Map V2 · 2025-07-18", "url": "https://gsj-seamless.jp/seamless/use.html"}, "geometry": {"type": "LineString", "coordinates": [[134.88244401886902, 34.46642402081656], [134.88275092863745, 34.46558604740706], [134.88315797536808, 34.465020822829516], [134.8835768160616, 34.46417618826651]]}}, {"type": "Feature", "id": "5134-445", "properties": {"Major_Code": "2", "Legend_J": "実在断層", "Legend_E": "confirmed fault", "styleidx": 3, "name": "confirmed fault", "source": "GSJ Seamless Geological Map V2 · 2025-07-18", "url": "https://gsj-seamless.jp/seamless/use.html"}, "geometry": {"type": "LineString", "coordinates": [[134.87791035282254, 34.473263268339544], [134.87800449730923, 34.47315519085356], [134.88003791270287, 34.469540452380485], [134.88244401886902, 34.46642402081656]]}}, {"type": "Feature", "id": "5134-458", "properties": {"Major_Code": "2", "Legend_J": "実在断層", "Legend_E": "confirmed fault", "styleidx": 3, "name": "confirmed fault", "source": "GSJ Seamless Geological Map V2 · 2025-07-18", "url": "https://gsj-seamless.jp/seamless/use.html"}, "geometry": {"type": "LineString", "coordinates": [[134.91207668145574, 34.47109669074639], [134.90887143120716, 34.46732678198762], [134.90855296704757, 34.46694572892608]]}}, {"type": "Feature", "id": "5134-468", "properties": {"Major_Code": "2", "Legend_J": "実在断層", "Legend_E": "confirmed fault", "styleidx": 3, "name": "confirmed fault", "source": "GSJ Seamless Geological Map V2 · 2025-07-18", "url": "https://gsj-seamless.jp/seamless/use.html"}, "geometry": {"type": "LineString", "coordinates": [[134.9160652562414, 34.48560213713229], [134.9168888024345, 34.48435430385372]]}}, {"type": "Feature", "id": "5134-477", "properties": {"Major_Code": "2", "Legend_J": "実在断層", "Legend_E": "confirmed fault", "styleidx": 3, "name": "confirmed fault", "source": "GSJ Seamless Geological Map V2 · 2025-07-18", "url": "https://gsj-seamless.jp/seamless/use.html"}, "geometry": {"type": "LineString", "coordinates": [[134.87342543378043, 34.48472180865311], [134.87353595135792, 34.48444475776182], [134.87495578835015, 34.4804441649543]]}}, {"type": "Feature", "id": "5134-487", "properties": {"Major_Code": "2", "Legend_J": "実在断層", "Legend_E": "confirmed fault", "styleidx": 3, "name": "confirmed fault", "source": "GSJ Seamless Geological Map V2 · 2025-07-18", "url": "https://gsj-seamless.jp/seamless/use.html"}, "geometry": {"type": "LineString", "coordinates": [[134.87135903989048, 34.492505148127464], [134.87164385265424, 34.4914418456581], [134.87272384919913, 34.486701831770844], [134.8732654999236, 34.48534808909547], [134.87342543378043, 34.48472180865311]]}}, {"type": "Feature", "id": "5134-488", "properties": {"Major_Code": "2", "Legend_J": "実在断層", "Legend_E": "confirmed fault", "styleidx": 3, "name": "confirmed fault", "source": "GSJ Seamless Geological Map V2 · 2025-07-18", "url": "https://gsj-seamless.jp/seamless/use.html"}, "geometry": {"type": "LineString", "coordinates": [[134.88845506773842, 34.458060367856234], [134.89010681647818, 34.45678188114613], [134.89134626960134, 34.45548048494804], [134.89287590499345, 34.45362499461777]]}}, {"type": "Feature", "id": "5134-493", "properties": {"Major_Code": "2", "Legend_J": "実在断層", "Legend_E": "confirmed fault", "styleidx": 3, "name": "confirmed fault", "source": "GSJ Seamless Geological Map V2 · 2025-07-18", "url": "https://gsj-seamless.jp/seamless/use.html"}, "geometry": {"type": "LineString", "coordinates": [[134.98957865940483, 34.55288893286332], [134.9932349403192, 34.55620601323379]]}}, {"type": "Feature", "id": "5134-494", "properties": {"Major_Code": "2", "Legend_J": "実在断層", "Legend_E": "confirmed fault", "styleidx": 3, "name": "confirmed fault", "source": "GSJ Seamless Geological Map V2 · 2025-07-18", "url": "https://gsj-seamless.jp/seamless/use.html"}, "geometry": {"type": "LineString", "coordinates": [[134.94569042608146, 34.52090803833054], [134.94669647314967, 34.52113829077876]]}}, {"type": "Feature", "id": "5134-495", "properties": {"Major_Code": "2", "Legend_J": "実在断層", "Legend_E": "confirmed fault", "styleidx": 3, "name": "confirmed fault", "source": "GSJ Seamless Geological Map V2 · 2025-07-18", "url": "https://gsj-seamless.jp/seamless/use.html"}, "geometry": {"type": "LineString", "coordinates": [[134.9422303975764, 34.54656562139715], [134.93947750484202, 34.54381302447653], [134.93831356277616, 34.542593411661166], [134.93490246182068, 34.53978181280104], [134.9335631740709, 34.53910287750008]]}}, {"type": "Feature", "id": "5134-496", "properties": {"Major_Code": "2", "Legend_J": "実在断層", "Legend_E": "confirmed fault", "styleidx": 3, "name": "confirmed fault", "source": "GSJ Seamless Geological Map V2 · 2025-07-18", "url": "https://gsj-seamless.jp/seamless/use.html"}, "geometry": {"type": "LineString", "coordinates": [[134.9450056329055, 34.55417865264496], [134.94433372460477, 34.553628558259625], [134.94347195461012, 34.55320455824106], [134.94156891527564, 34.55189677724965], [134.93862343757638, 34.54940321544266], [134.93550446701136, 34.54690273389071], [134.93412991471956, 34.545800154977115], [134.93396463086006, 34.54565134865021], [134.93232626629285, 34.544508051292624], [134.93152638727074, 34.543793315538665]]}}, {"type": "Feature", "id": "5134-497", "properties": {"Major_Code": "2", "Legend_J": "実在断層", "Legend_E": "confirmed fault", "styleidx": 3, "name": "confirmed fault", "source": "GSJ Seamless Geological Map V2 · 2025-07-18", "url": "https://gsj-seamless.jp/seamless/use.html"}, "geometry": {"type": "LineString", "coordinates": [[134.99720868253425, 34.55925640811145], [134.99719506462566, 34.55923933444862], [134.9932349403192, 34.55620601323379]]}}, {"type": "Feature", "id": "5134-498", "properties": {"Major_Code": "2", "Legend_J": "実在断層", "Legend_E": "confirmed fault", "styleidx": 3, "name": "confirmed fault", "source": "GSJ Seamless Geological Map V2 · 2025-07-18", "url": "https://gsj-seamless.jp/seamless/use.html"}, "geometry": {"type": "LineString", "coordinates": [[134.94569042608146, 34.52090803833054], [134.9447898967451, 34.520693594368396], [134.94288320164898, 34.520359275858894], [134.93839016908936, 34.51980967434873], [134.93335164534662, 34.5189216189722], [134.93004425542014, 34.51874637294518], [134.9285093066079, 34.51870497118894]]}}, {"type": "Feature", "id": "5134-499", "properties": {"Major_Code": "2", "Legend_J": "実在断層", "Legend_E": "confirmed fault", "styleidx": 3, "name": "confirmed fault", "source": "GSJ Seamless Geological Map V2 · 2025-07-18", "url": "https://gsj-seamless.jp/seamless/use.html"}, "geometry": {"type": "LineString", "coordinates": [[134.97487169332786, 34.56560747128425], [134.97414401659887, 34.56396690350289]]}}, {"type": "Feature", "id": "5134-500", "properties": {"Major_Code": "2", "Legend_J": "実在断層", "Legend_E": "confirmed fault", "styleidx": 3, "name": "confirmed fault", "source": "GSJ Seamless Geological Map V2 · 2025-07-18", "url": "https://gsj-seamless.jp/seamless/use.html"}, "geometry": {"type": "LineString", "coordinates": [[134.92069069771932, 34.52516532422733], [134.92035125605068, 34.52475274735777]]}}, {"type": "Feature", "id": "5134-501", "properties": {"Major_Code": "2", "Legend_J": "実在断層", "Legend_E": "confirmed fault", "styleidx": 3, "name": "confirmed fault", "source": "GSJ Seamless Geological Map V2 · 2025-07-18", "url": "https://gsj-seamless.jp/seamless/use.html"}, "geometry": {"type": "LineString", "coordinates": [[134.9166599642929, 34.52027972073125], [134.91622240699905, 34.519722858792385], [134.91577735588504, 34.51917274402966]]}}, {"type": "Feature", "id": "5134-502", "properties": {"Major_Code": "2", "Legend_J": "実在断層", "Legend_E": "confirmed fault", "styleidx": 3, "name": "confirmed fault", "source": "GSJ Seamless Geological Map V2 · 2025-07-18", "url": "https://gsj-seamless.jp/seamless/use.html"}, "geometry": {"type": "LineString", "coordinates": [[134.98810142188844, 34.60186087666712], [134.9879253247697, 34.601770728105436], [134.98220525743852, 34.596988627861194]]}}, {"type": "Feature", "id": "5134-503", "properties": {"Major_Code": "2", "Legend_J": "実在断層", "Legend_E": "confirmed fault", "styleidx": 3, "name": "confirmed fault", "source": "GSJ Seamless Geological Map V2 · 2025-07-18", "url": "https://gsj-seamless.jp/seamless/use.html"}, "geometry": {"type": "LineString", "coordinates": [[134.91577735588504, 34.51917274402966], [134.91394422315375, 34.51690463739081], [134.9122264583795, 34.514706433819455]]}}, {"type": "Feature", "id": "5134-504", "properties": {"Major_Code": "2", "Legend_J": "実在断層", "Legend_E": "confirmed fault", "styleidx": 3, "name": "confirmed fault", "source": "GSJ Seamless Geological Map V2 · 2025-07-18", "url": "https://gsj-seamless.jp/seamless/use.html"}, "geometry": {"type": "LineString", "coordinates": [[134.97599614254108, 34.5409469191686], [134.9778773557296, 34.54259666884795], [134.9806654710355, 34.545026177535334], [134.98156516544196, 34.54580819839532], [134.98571504033129, 34.549443287553444], [134.98666789610235, 34.550292878102645], [134.98716301462952, 34.55078415104977]]}}, {"type": "Feature", "id": "5134-505", "properties": {"Major_Code": "2", "Legend_J": "実在断層", "Legend_E": "confirmed fault", "styleidx": 3, "name": "confirmed fault", "source": "GSJ Seamless Geological Map V2 · 2025-07-18", "url": "https://gsj-seamless.jp/seamless/use.html"}, "geometry": {"type": "LineString", "coordinates": [[135.000000000268, 34.56114235298115], [134.997499757495, 34.55945308530945], [134.99722621814934, 34.55926825679678]]}}, {"type": "Feature", "id": "5134-506", "properties": {"Major_Code": "2", "Legend_J": "実在断層", "Legend_E": "confirmed fault", "styleidx": 3, "name": "confirmed fault", "source": "GSJ Seamless Geological Map V2 · 2025-07-18", "url": "https://gsj-seamless.jp/seamless/use.html"}, "geometry": {"type": "LineString", "coordinates": [[134.91857480355918, 34.5226402239462], [134.91778852688003, 34.52171809654918], [134.9166599642929, 34.52027972073125]]}}, {"type": "Feature", "id": "5134-507", "properties": {"Major_Code": "2", "Legend_J": "実在断層", "Legend_E": "confirmed fault", "styleidx": 3, "name": "confirmed fault", "source": "GSJ Seamless Geological Map V2 · 2025-07-18", "url": "https://gsj-seamless.jp/seamless/use.html"}, "geometry": {"type": "LineString", "coordinates": [[134.9450056329055, 34.55417865264496], [134.9450119801032, 34.552725241808204], [134.94487262880193, 34.5514858387331], [134.94404852416426, 34.54889412838686], [134.9432279059251, 34.54754175879961], [134.94269325508242, 34.547027764172306], [134.9422303975764, 34.54656562139715]]}}, {"type": "Feature", "id": "5134-508", "properties": {"Major_Code": "2", "Legend_J": "実在断層", "Legend_E": "confirmed fault", "styleidx": 3, "name": "confirmed fault", "source": "GSJ Seamless Geological Map V2 · 2025-07-18", "url": "https://gsj-seamless.jp/seamless/use.html"}, "geometry": {"type": "LineString", "coordinates": [[134.97498373728757, 34.535342627580285], [134.97437010817322, 34.53504282654909], [134.97341555546433, 34.53448156453409], [134.97323380874843, 34.53440041157285]]}}, {"type": "Feature", "id": "5134-509", "properties": {"Major_Code": "2", "Legend_J": "実在断層", "Legend_E": "confirmed fault", "styleidx": 3, "name": "confirmed fault", "source": "GSJ Seamless Geological Map V2 · 2025-07-18", "url": "https://gsj-seamless.jp/seamless/use.html"}, "geometry": {"type": "LineString", "coordinates": [[134.99439937526938, 34.606755368520794], [134.99011037913246, 34.60345635081502], [134.9899380232271, 34.603354946555726]]}}, {"type": "Feature", "id": "5134-510", "properties": {"Major_Code": "2", "Legend_J": "実在断層", "Legend_E": "confirmed fault", "styleidx": 3, "name": "confirmed fault", "source": "GSJ Seamless Geological Map V2 · 2025-07-18", "url": "https://gsj-seamless.jp/seamless/use.html"}, "geometry": {"type": "LineString", "coordinates": [[134.9580297097443, 34.52296531183933], [134.9577265634676, 34.52279846490795], [134.95636332094443, 34.52201385946209], [134.95418072274654, 34.520327611784246], [134.95240450578157, 34.51796320110553], [134.9515857357155, 34.51717648622349], [134.94967776505334, 34.516278933513476], [134.9489265632341, 34.51619076506413]]}}, {"type": "Feature", "id": "5134-511", "properties": {"Major_Code": "2", "Legend_J": "実在断層", "Legend_E": "confirmed fault", "styleidx": 3, "name": "confirmed fault", "source": "GSJ Seamless Geological Map V2 · 2025-07-18", "url": "https://gsj-seamless.jp/seamless/use.html"}, "geometry": {"type": "LineString", "coordinates": [[134.94976340085088, 34.55827714950996], [134.94924626703317, 34.55756263794929], [134.94907802295148, 34.5572876633827]]}}, {"type": "Feature", "id": "5134-512", "properties": {"Major_Code": "2", "Legend_J": "実在断層", "Legend_E": "confirmed fault", "styleidx": 3, "name": "confirmed fault", "source": "GSJ Seamless Geological Map V2 · 2025-07-18", "url": "https://gsj-seamless.jp/seamless/use.html"}, "geometry": {"type": "LineString", "coordinates": [[134.93152638727074, 34.543793315538665], [134.93096321273413, 34.543290521484806], [134.931051940579, 34.54339196551674], [134.93041783977222, 34.54295222108956], [134.92959920470324, 34.54227802622171], [134.928645041385, 34.54182908771419]]}}, {"type": "Feature", "id": "5134-513", "properties": {"Major_Code": "2", "Legend_J": "実在断層", "Legend_E": "confirmed fault", "styleidx": 3, "name": "confirmed fault", "source": "GSJ Seamless Geological Map V2 · 2025-07-18", "url": "https://gsj-seamless.jp/seamless/use.html"}, "geometry": {"type": "LineString", "coordinates": [[134.92596059698988, 34.51863368518677], [134.9285093066079, 34.51870497118894]]}}, {"type": "Feature", "id": "5134-514", "properties": {"Major_Code": "2", "Legend_J": "実在断層", "Legend_E": "confirmed fault", "styleidx": 3, "name": "confirmed fault", "source": "GSJ Seamless Geological Map V2 · 2025-07-18", "url": "https://gsj-seamless.jp/seamless/use.html"}, "geometry": {"type": "LineString", "coordinates": [[134.91021096412516, 34.51209788550797], [134.90712453375824, 34.50806214508958]]}}, {"type": "Feature", "id": "5134-515", "properties": {"Major_Code": "2", "Legend_J": "実在断層", "Legend_E": "confirmed fault", "styleidx": 3, "name": "confirmed fault", "source": "GSJ Seamless Geological Map V2 · 2025-07-18", "url": "https://gsj-seamless.jp/seamless/use.html"}, "geometry": {"type": "LineString", "coordinates": [[134.9450056329055, 34.55417865264496], [134.94582829226445, 34.552497995085616], [134.94677621681237, 34.55057626500148], [134.9478619805926, 34.549220174678695], [134.9486771268532, 34.5485422273446], [134.95085284637696, 34.547520030622486], [134.9548899977633, 34.54616943687667], [134.9549336021283, 34.5461536790681], [134.9564286518899, 34.54524832124632], [134.95756562878546, 34.544164822162884]]}}, {"type": "Feature", "id": "5134-516", "properties": {"Major_Code": "2", "Legend_J": "実在断層", "Legend_E": "confirmed fault", "styleidx": 3, "name": "confirmed fault", "source": "GSJ Seamless Geological Map V2 · 2025-07-18", "url": "https://gsj-seamless.jp/seamless/use.html"}, "geometry": {"type": "LineString", "coordinates": [[134.9689058469226, 34.52874357891784], [134.9661948393283, 34.526985328867305]]}}, {"type": "Feature", "id": "5134-517", "properties": {"Major_Code": "2", "Legend_J": "実在断層", "Legend_E": "confirmed fault", "styleidx": 3, "name": "confirmed fault", "source": "GSJ Seamless Geological Map V2 · 2025-07-18", "url": "https://gsj-seamless.jp/seamless/use.html"}, "geometry": {"type": "LineString", "coordinates": [[134.94907802295148, 34.5572876633827], [134.94768320433948, 34.55605228109468]]}}, {"type": "Feature", "id": "5134-518", "properties": {"Major_Code": "2", "Legend_J": "実在断層", "Legend_E": "confirmed fault", "styleidx": 3, "name": "confirmed fault", "source": "GSJ Seamless Geological Map V2 · 2025-07-18", "url": "https://gsj-seamless.jp/seamless/use.html"}, "geometry": {"type": "LineString", "coordinates": [[134.98172325757253, 34.53879800816976], [134.97709668275976, 34.53627361606401], [134.97546086158516, 34.5356018472112], [134.97535572560622, 34.53552521549476], [134.97498373728757, 34.535342627580285]]}}, {"type": "Feature", "id": "5134-519", "properties": {"Major_Code": "2", "Legend_J": "実在断層", "Legend_E": "confirmed fault", "styleidx": 3, "name": "confirmed fault", "source": "GSJ Seamless Geological Map V2 · 2025-07-18", "url": "https://gsj-seamless.jp/seamless/use.html"}, "geometry": {"type": "LineString", "coordinates": [[134.98957865940483, 34.55288893286332], [134.98926556806566, 34.552591471304645], [134.98795962856522, 34.55157513538327], [134.98716301462952, 34.55078415104977]]}}, {"type": "Feature", "id": "5134-520", "properties": {"Major_Code": "2", "Legend_J": "実在断層", "Legend_E": "confirmed fault", "styleidx": 3, "name": "confirmed fault", "source": "GSJ Seamless Geological Map V2 · 2025-07-18", "url": "https://gsj-seamless.jp/seamless/use.html"}, "geometry": {"type": "LineString", "coordinates": [[134.94722734243135, 34.55564875354375], [134.9450056329055, 34.55417865264496]]}}, {"type": "Feature", "id": "5134-521", "properties": {"Major_Code": "2", "Legend_J": "実在断層", "Legend_E": "confirmed fault", "styleidx": 3, "name": "confirmed fault", "source": "GSJ Seamless Geological Map V2 · 2025-07-18", "url": "https://gsj-seamless.jp/seamless/use.html"}, "geometry": {"type": "LineString", "coordinates": [[134.98220525743852, 34.596988627861194], [134.97920971353474, 34.59438113720367], [134.9736335997261, 34.58873336814733], [134.97153167088942, 34.58640976506406], [134.97104495274726, 34.58592069006587]]}}, {"type": "Feature", "id": "5134-522", "properties": {"Major_Code": "2", "Legend_J": "実在断層", "Legend_E": "confirmed fault", "styleidx": 3, "name": "confirmed fault", "source": "GSJ Seamless Geological Map V2 · 2025-07-18", "url": "https://gsj-seamless.jp/seamless/use.html"}, "geometry": {"type": "LineString", "coordinates": [[134.96503097659001, 34.53841861337641], [134.96506033618897, 34.53740460133185]]}}, {"type": "Feature", "id": "5134-523", "properties": {"Major_Code": "2", "Legend_J": "実在断層", "Legend_E": "confirmed fault", "styleidx": 3, "name": "confirmed fault", "source": "GSJ Seamless Geological Map V2 · 2025-07-18", "url": "https://gsj-seamless.jp/seamless/use.html"}, "geometry": {"type": "LineString", "coordinates": [[134.9305340636971, 34.53697862722715], [134.92839855361217, 34.534866057702416], [134.9265933334953, 34.53303531970308]]}}, {"type": "Feature", "id": "5134-524", "properties": {"Major_Code": "2", "Legend_J": "実在断層", "Legend_E": "confirmed fault", "styleidx": 3, "name": "confirmed fault", "source": "GSJ Seamless Geological Map V2 · 2025-07-18", "url": "https://gsj-seamless.jp/seamless/use.html"}, "geometry": {"type": "LineString", "coordinates": [[134.97104495274726, 34.58592069006587], [134.97057261749742, 34.58535950789127], [134.96667705364672, 34.58084969397483], [134.96397498557434, 34.57720760242613], [134.9617185035047, 34.574381292397], [134.95512061976905, 34.56532529464957], [134.9537573268148, 34.56375425112763], [134.95312437898954, 34.562710727419294], [134.95093277721944, 34.559814374297154], [134.94976340085088, 34.55827714950996]]}}, {"type": "Feature", "id": "5134-525", "properties": {"Major_Code": "2", "Legend_J": "実在断層", "Legend_E": "confirmed fault", "styleidx": 3, "name": "confirmed fault", "source": "GSJ Seamless Geological Map V2 · 2025-07-18", "url": "https://gsj-seamless.jp/seamless/use.html"}, "geometry": {"type": "LineString", "coordinates": [[134.96330804467974, 34.52542976563601], [134.96208818175245, 34.52481652024599], [134.96086168786172, 34.52436774798761], [134.96072183277207, 34.524300112380274]]}}, {"type": "Feature", "id": "5134-526", "properties": {"Major_Code": "2", "Legend_J": "実在断層", "Legend_E": "confirmed fault", "styleidx": 3, "name": "confirmed fault", "source": "GSJ Seamless Geological Map V2 · 2025-07-18", "url": "https://gsj-seamless.jp/seamless/use.html"}, "geometry": {"type": "LineString", "coordinates": [[134.9899380232271, 34.603354946555726], [134.9897006895862, 34.60311833313985], [134.98833499042425, 34.602108760140425], [134.98810142188844, 34.60186087666712]]}}, {"type": "Feature", "id": "5134-527", "properties": {"Major_Code": "2", "Legend_J": "実在断層", "Legend_E": "confirmed fault", "styleidx": 3, "name": "confirmed fault", "source": "GSJ Seamless Geological Map V2 · 2025-07-18", "url": "https://gsj-seamless.jp/seamless/use.html"}, "geometry": {"type": "LineString", "coordinates": [[134.97323380874843, 34.53440041157285], [134.97318956281688, 34.53438237404946], [134.970598894926, 34.53321236681019], [134.97016903716872, 34.5330365141605]]}}, {"type": "Feature", "id": "5134-528", "properties": {"Major_Code": "2", "Legend_J": "実在断層", "Legend_E": "confirmed fault", "styleidx": 3, "name": "confirmed fault", "source": "GSJ Seamless Geological Map V2 · 2025-07-18", "url": "https://gsj-seamless.jp/seamless/use.html"}, "geometry": {"type": "LineString", "coordinates": [[134.9122264583795, 34.514706433819455], [134.91123871571628, 34.513441609187225], [134.91021096412516, 34.51209788550797]]}}, {"type": "Feature", "id": "5134-529", "properties": {"Major_Code": "2", "Legend_J": "実在断層", "Legend_E": "confirmed fault", "styleidx": 3, "name": "confirmed fault", "source": "GSJ Seamless Geological Map V2 · 2025-07-18", "url": "https://gsj-seamless.jp/seamless/use.html"}, "geometry": {"type": "LineString", "coordinates": [[134.94768320433948, 34.55605228109468], [134.94722734243135, 34.55564875354375]]}}, {"type": "Feature", "id": "5134-530", "properties": {"Major_Code": "2", "Legend_J": "実在断層", "Legend_E": "confirmed fault", "styleidx": 3, "name": "confirmed fault", "source": "GSJ Seamless Geological Map V2 · 2025-07-18", "url": "https://gsj-seamless.jp/seamless/use.html"}, "geometry": {"type": "LineString", "coordinates": [[134.97400851267122, 34.53920246942687], [134.97599614254108, 34.5409469191686]]}}, {"type": "Feature", "id": "5134-531", "properties": {"Major_Code": "2", "Legend_J": "実在断層", "Legend_E": "confirmed fault", "styleidx": 3, "name": "confirmed fault", "source": "GSJ Seamless Geological Map V2 · 2025-07-18", "url": "https://gsj-seamless.jp/seamless/use.html"}, "geometry": {"type": "LineString", "coordinates": [[134.965015093646, 34.54080717475496], [134.9649895831529, 34.53984272344378], [134.96503097659001, 34.53841861337641]]}}, {"type": "Feature", "id": "5134-532", "properties": {"Major_Code": "2", "Legend_J": "実在断層", "Legend_E": "confirmed fault", "styleidx": 3, "name": "confirmed fault", "source": "GSJ Seamless Geological Map V2 · 2025-07-18", "url": "https://gsj-seamless.jp/seamless/use.html"}, "geometry": {"type": "LineString", "coordinates": [[134.92035125605068, 34.52475274735777], [134.91963939994994, 34.523889263043586], [134.91857480355918, 34.5226402239462]]}}, {"type": "Feature", "id": "5134-533", "properties": {"Major_Code": "2", "Legend_J": "実在断層", "Legend_E": "confirmed fault", "styleidx": 3, "name": "confirmed fault", "source": "GSJ Seamless Geological Map V2 · 2025-07-18", "url": "https://gsj-seamless.jp/seamless/use.html"}, "geometry": {"type": "LineString", "coordinates": [[134.9661948393283, 34.526985328867305], [134.96538698358032, 34.5266088123759], [134.9638603030806, 34.525711585589164], [134.96330804467974, 34.52542976563601]]}}, {"type": "Feature", "id": "5134-534", "properties": {"Major_Code": "2", "Legend_J": "実在断層", "Legend_E": "confirmed fault", "styleidx": 3, "name": "confirmed fault", "source": "GSJ Seamless Geological Map V2 · 2025-07-18", "url": "https://gsj-seamless.jp/seamless/use.html"}, "geometry": {"type": "LineString", "coordinates": [[134.9265933334953, 34.53303531970308], [134.92654812343605, 34.53299022497984], [134.92498074405555, 34.53087566753576], [134.9234132331581, 34.52846814859484], [134.92069069771932, 34.52516532422733]]}}, {"type": "Feature", "id": "5134-535", "properties": {"Major_Code": "2", "Legend_J": "実在断層", "Legend_E": "confirmed fault", "styleidx": 3, "name": "confirmed fault", "source": "GSJ Seamless Geological Map V2 · 2025-07-18", "url": "https://gsj-seamless.jp/seamless/use.html"}, "geometry": {"type": "LineString", "coordinates": [[134.99722621814934, 34.55926825679678], [134.99720868253425, 34.55925640811145]]}}, {"type": "Feature", "id": "5134-536", "properties": {"Major_Code": "2", "Legend_J": "実在断層", "Legend_E": "confirmed fault", "styleidx": 3, "name": "confirmed fault", "source": "GSJ Seamless Geological Map V2 · 2025-07-18", "url": "https://gsj-seamless.jp/seamless/use.html"}, "geometry": {"type": "LineString", "coordinates": [[134.96506033618897, 34.53740460133185], [134.9651027806173, 34.53594668916166]]}}, {"type": "Feature", "id": "5134-537", "properties": {"Major_Code": "2", "Legend_J": "実在断層", "Legend_E": "confirmed fault", "styleidx": 3, "name": "confirmed fault", "source": "GSJ Seamless Geological Map V2 · 2025-07-18", "url": "https://gsj-seamless.jp/seamless/use.html"}, "geometry": {"type": "LineString", "coordinates": [[134.97414401659887, 34.56396690350289], [134.97404857683478, 34.56369197658965], [134.97322606140284, 34.56188913962505], [134.97253880457254, 34.559748322896624], [134.97198520214073, 34.556818855953466], [134.97102148144754, 34.553323709001965], [134.96910236328856, 34.54904417000243], [134.96725869388894, 34.54605354451785], [134.9662786576541, 34.54409514220215], [134.96574671983993, 34.54316662593072], [134.96533937404072, 34.542292217955456], [134.96502458818634, 34.541158701957684], [134.965015093646, 34.54080717475496]]}}, {"type": "Feature", "id": "5134-538", "properties": {"Major_Code": "2", "Legend_J": "実在断層", "Legend_E": "confirmed fault", "styleidx": 3, "name": "confirmed fault", "source": "GSJ Seamless Geological Map V2 · 2025-07-18", "url": "https://gsj-seamless.jp/seamless/use.html"}, "geometry": {"type": "LineString", "coordinates": [[134.9580297097443, 34.52296531183933], [134.96072183277207, 34.524300112380274]]}}, {"type": "Feature", "id": "5134-539", "properties": {"Major_Code": "2", "Legend_J": "実在断層", "Legend_E": "confirmed fault", "styleidx": 3, "name": "confirmed fault", "source": "GSJ Seamless Geological Map V2 · 2025-07-18", "url": "https://gsj-seamless.jp/seamless/use.html"}, "geometry": {"type": "LineString", "coordinates": [[134.9742236910492, 34.53260241007058], [134.97340835636763, 34.53211328130598], [134.9717703809668, 34.530650530085836], [134.9689058469226, 34.52874357891784]]}}, {"type": "Feature", "id": "5135-24", "properties": {"Major_Code": "2", "Legend_J": "実在断層", "Legend_E": "confirmed fault", "styleidx": 3, "name": "confirmed fault", "source": "GSJ Seamless Geological Map V2 · 2025-07-18", "url": "https://gsj-seamless.jp/seamless/use.html"}, "geometry": {"type": "LineString", "coordinates": [[135.44076844278334, 34.50551696397518], [135.43992733075888, 34.504533100538424], [135.43902414783494, 34.50341974965964], [135.43815247023338, 34.50225457112927], [135.43687682214426, 34.50036431164362], [135.43516617523792, 34.4976971669515], [135.43354919517668, 34.495107661314734]]}}, {"type": "Feature", "id": "5135-27", "properties": {"Major_Code": "2", "Legend_J": "実在断層", "Legend_E": "confirmed fault", "styleidx": 3, "name": "confirmed fault", "source": "GSJ Seamless Geological Map V2 · 2025-07-18", "url": "https://gsj-seamless.jp/seamless/use.html"}, "geometry": {"type": "LineString", "coordinates": [[135.43990074085846, 34.499930125169556], [135.43982120911016, 34.49943036043996], [135.43939094520388, 34.49735837631924], [135.43933176143832, 34.49645181757366], [135.4393353820959, 34.49548255882901], [135.43948181397255, 34.494484236076815]]}}, {"type": "Feature", "id": "5135-33", "properties": {"Major_Code": "2", "Legend_J": "実在断層", "Legend_E": "confirmed fault", "styleidx": 3, "name": "confirmed fault", "source": "GSJ Seamless Geological Map V2 · 2025-07-18", "url": "https://gsj-seamless.jp/seamless/use.html"}, "geometry": {"type": "LineString", "coordinates": [[135.58254757815104, 34.45070543639059], [135.58400196943433, 34.452025353971244], [135.5866835553816, 34.454367489413016], [135.5899995480354, 34.45707260566943], [135.5949177969105, 34.46078908802623]]}}, {"type": "Feature", "id": "5135-663", "properties": {"Major_Code": "2", "Legend_J": "実在断層", "Legend_E": "confirmed fault", "styleidx": 3, "name": "confirmed fault", "source": "GSJ Seamless Geological Map V2 · 2025-07-18", "url": "https://gsj-seamless.jp/seamless/use.html"}, "geometry": {"type": "LineString", "coordinates": [[135.44090212961578, 34.489168526717194], [135.4416794093235, 34.48731078346391], [135.4423737336507, 34.485652654532686], [135.44325514294079, 34.48381566803582]]}}, {"type": "Feature", "id": "5135-667", "properties": {"Major_Code": "2", "Legend_J": "実在断層", "Legend_E": "confirmed fault", "styleidx": 3, "name": "confirmed fault", "source": "GSJ Seamless Geological Map V2 · 2025-07-18", "url": "https://gsj-seamless.jp/seamless/use.html"}, "geometry": {"type": "LineString", "coordinates": [[135.43177023882532, 34.47748247899284], [135.4310807522882, 34.47678811908993], [135.4306758373103, 34.47632518664361], [135.43022081931883, 34.47567282101613], [135.42989297855434, 34.474999349267094], [135.42956579212023, 34.4741574733542], [135.42886271910956, 34.47192642905423]]}}, {"type": "Feature", "id": "5135-676", "properties": {"Major_Code": "2", "Legend_J": "実在断層", "Legend_E": "confirmed fault", "styleidx": 3, "name": "confirmed fault", "source": "GSJ Seamless Geological Map V2 · 2025-07-18", "url": "https://gsj-seamless.jp/seamless/use.html"}, "geometry": {"type": "LineString", "coordinates": [[135.42035096757797, 34.453769754176946], [135.42000965211673, 34.45234773557364], [135.419720184154, 34.45166710821285], [135.4193571976205, 34.4511075228008], [135.41883017371077, 34.45047235457816], [135.41855801711804, 34.45003375441459], [135.41854456824228, 34.45]]}}, {"type": "Feature", "id": "5135-683", "properties": {"Major_Code": "2", "Legend_J": "実在断層", "Legend_E": "confirmed fault", "styleidx": 3, "name": "confirmed fault", "source": "GSJ Seamless Geological Map V2 · 2025-07-18", "url": "https://gsj-seamless.jp/seamless/use.html"}, "geometry": {"type": "LineString", "coordinates": [[135.42135406723622, 34.45712180365236], [135.42101593940953, 34.45665254309484], [135.42085221606948, 34.45631095586975]]}}, {"type": "Feature", "id": "5135-689", "properties": {"Major_Code": "2", "Legend_J": "実在断層", "Legend_E": "confirmed fault", "styleidx": 3, "name": "confirmed fault", "source": "GSJ Seamless Geological Map V2 · 2025-07-18", "url": "https://gsj-seamless.jp/seamless/use.html"}, "geometry": {"type": "LineString", "coordinates": [[135.42389070230684, 34.460512406169336], [135.42203033429325, 34.45806032176981], [135.42135406723622, 34.45712180365236]]}}, {"type": "Feature", "id": "5135-694", "properties": {"Major_Code": "2", "Legend_J": "実在断層", "Legend_E": "confirmed fault", "styleidx": 3, "name": "confirmed fault", "source": "GSJ Seamless Geological Map V2 · 2025-07-18", "url": "https://gsj-seamless.jp/seamless/use.html"}, "geometry": {"type": "LineString", "coordinates": [[135.42727995041807, 34.4684998228463], [135.4271052433718, 34.46789232853215]]}}, {"type": "Feature", "id": "5135-696", "properties": {"Major_Code": "2", "Legend_J": "実在断層", "Legend_E": "confirmed fault", "styleidx": 3, "name": "confirmed fault", "source": "GSJ Seamless Geological Map V2 · 2025-07-18", "url": "https://gsj-seamless.jp/seamless/use.html"}, "geometry": {"type": "LineString", "coordinates": [[135.42790255726885, 34.470098713255695], [135.42747987419446, 34.46912825713348], [135.42727995041807, 34.4684998228463]]}}, {"type": "Feature", "id": "5135-698", "properties": {"Major_Code": "2", "Legend_J": "実在断層", "Legend_E": "confirmed fault", "styleidx": 3, "name": "confirmed fault", "source": "GSJ Seamless Geological Map V2 · 2025-07-18", "url": "https://gsj-seamless.jp/seamless/use.html"}, "geometry": {"type": "LineString", "coordinates": [[135.42085221606948, 34.45631095586975], [135.42035096757797, 34.453769754176946]]}}, {"type": "Feature", "id": "5135-718", "properties": {"Major_Code": "2", "Legend_J": "実在断層", "Legend_E": "confirmed fault", "styleidx": 3, "name": "confirmed fault", "source": "GSJ Seamless Geological Map V2 · 2025-07-18", "url": "https://gsj-seamless.jp/seamless/use.html"}, "geometry": {"type": "LineString", "coordinates": [[135.58254757815104, 34.45070543639059], [135.5817626464123, 34.45]]}}, {"type": "Feature", "id": "5135-720", "properties": {"Major_Code": "2", "Legend_J": "実在断層", "Legend_E": "confirmed fault", "styleidx": 3, "name": "confirmed fault", "source": "GSJ Seamless Geological Map V2 · 2025-07-18", "url": "https://gsj-seamless.jp/seamless/use.html"}, "geometry": {"type": "LineString", "coordinates": [[135.43948181397255, 34.494484236076815], [135.43971734722084, 34.49337299085795], [135.44009892905842, 34.49171503387549], [135.44044718876103, 34.49060104611878], [135.44090212961578, 34.489168526717194]]}}, {"type": "Feature", "id": "5135-732", "properties": {"Major_Code": "2", "Legend_J": "実在断層", "Legend_E": "confirmed fault", "styleidx": 3, "name": "confirmed fault", "source": "GSJ Seamless Geological Map V2 · 2025-07-18", "url": "https://gsj-seamless.jp/seamless/use.html"}, "geometry": {"type": "LineString", "coordinates": [[135.44325514294079, 34.48381566803582], [135.44408515520973, 34.48226044825548], [135.44466896166375, 34.481236255639786], [135.44562029307448, 34.47988320583221], [135.4457634138227, 34.47979282789481]]}}, {"type": "Feature", "id": "5135-733", "properties": {"Major_Code": "2", "Legend_J": "実在断層", "Legend_E": "confirmed fault", "styleidx": 3, "name": "confirmed fault", "source": "GSJ Seamless Geological Map V2 · 2025-07-18", "url": "https://gsj-seamless.jp/seamless/use.html"}, "geometry": {"type": "LineString", "coordinates": [[135.4271052433718, 34.46789232853215], [135.42673314915044, 34.46600693165957], [135.42648322073975, 34.46523186195764], [135.4261319576846, 34.46449873251977], [135.42567977074904, 34.463702789713174], [135.42446983421905, 34.461940369020056]]}}, {"type": "Feature", "id": "5135-995", "properties": {"Major_Code": "2", "Legend_J": "実在断層", "Legend_E": "confirmed fault", "styleidx": 3, "name": "confirmed fault", "source": "GSJ Seamless Geological Map V2 · 2025-07-18", "url": "https://gsj-seamless.jp/seamless/use.html"}, "geometry": {"type": "LineString", "coordinates": [[135.00915781726968, 34.56757154424887], [135.00252519000745, 34.56284847585755], [135.000000000268, 34.56114235298115]]}}, {"type": "Feature", "id": "5135-996", "properties": {"Major_Code": "2", "Legend_J": "実在断層", "Legend_E": "confirmed fault", "styleidx": 3, "name": "confirmed fault", "source": "GSJ Seamless Geological Map V2 · 2025-07-18", "url": "https://gsj-seamless.jp/seamless/use.html"}, "geometry": {"type": "LineString", "coordinates": [[135.01871023125955, 34.57692463666295], [135.01792032175987, 34.57584479875817], [135.01707100694796, 34.57478926935633], [135.01531359952617, 34.57280182408992]]}}, {"type": "Feature", "id": "5135-997", "properties": {"Major_Code": "2", "Legend_J": "実在断層", "Legend_E": "confirmed fault", "styleidx": 3, "name": "confirmed fault", "source": "GSJ Seamless Geological Map V2 · 2025-07-18", "url": "https://gsj-seamless.jp/seamless/use.html"}, "geometry": {"type": "LineString", "coordinates": [[135.01531359952617, 34.57280182408992], [135.01370344839853, 34.571156276615014]]}}, {"type": "Feature", "id": "5135-998", "properties": {"Major_Code": "2", "Legend_J": "実在断層", "Legend_E": "confirmed fault", "styleidx": 3, "name": "confirmed fault", "source": "GSJ Seamless Geological Map V2 · 2025-07-18", "url": "https://gsj-seamless.jp/seamless/use.html"}, "geometry": {"type": "LineString", "coordinates": [[135.02227923994167, 34.5818573496381], [135.02188727461444, 34.581270016817406]]}}, {"type": "Feature", "id": "5135-999", "properties": {"Major_Code": "2", "Legend_J": "実在断層", "Legend_E": "confirmed fault", "styleidx": 3, "name": "confirmed fault", "source": "GSJ Seamless Geological Map V2 · 2025-07-18", "url": "https://gsj-seamless.jp/seamless/use.html"}, "geometry": {"type": "LineString", "coordinates": [[135.02188727461444, 34.581270016817406], [135.01970483414874, 34.578298936622204]]}}, {"type": "Feature", "id": "5135-1000", "properties": {"Major_Code": "2", "Legend_J": "実在断層", "Legend_E": "confirmed fault", "styleidx": 3, "name": "confirmed fault", "source": "GSJ Seamless Geological Map V2 · 2025-07-18", "url": "https://gsj-seamless.jp/seamless/use.html"}, "geometry": {"type": "LineString", "coordinates": [[135.01370344839853, 34.571156276615014], [135.0114693654415, 34.56936190599377], [135.00915781726968, 34.56757154424887]]}}, {"type": "Feature", "id": "5135-1001", "properties": {"Major_Code": "2", "Legend_J": "実在断層", "Legend_E": "confirmed fault", "styleidx": 3, "name": "confirmed fault", "source": "GSJ Seamless Geological Map V2 · 2025-07-18", "url": "https://gsj-seamless.jp/seamless/use.html"}, "geometry": {"type": "LineString", "coordinates": [[135.01970483414874, 34.578298936622204], [135.01871023125955, 34.57692463666295]]}}, {"type": "Feature", "id": "5135-1002", "properties": {"Major_Code": "2", "Legend_J": "実在断層", "Legend_E": "confirmed fault", "styleidx": 3, "name": "confirmed fault", "source": "GSJ Seamless Geological Map V2 · 2025-07-18", "url": "https://gsj-seamless.jp/seamless/use.html"}, "geometry": {"type": "LineString", "coordinates": [[135.13305690577207, 34.66666666614339], [135.13203018058684, 34.66578709456551]]}}, {"type": "Feature", "id": "5135-1003", "properties": {"Major_Code": "2", "Legend_J": "実在断層", "Legend_E": "confirmed fault", "styleidx": 3, "name": "confirmed fault", "source": "GSJ Seamless Geological Map V2 · 2025-07-18", "url": "https://gsj-seamless.jp/seamless/use.html"}, "geometry": {"type": "LineString", "coordinates": [[135.10061898147697, 34.642228823826166], [135.09850666967685, 34.64031340421693], [135.09732849941497, 34.639174666296796], [135.09633718001416, 34.63811380369974]]}}, {"type": "Feature", "id": "5135-1004", "properties": {"Major_Code": "2", "Legend_J": "実在断層", "Legend_E": "confirmed fault", "styleidx": 3, "name": "confirmed fault", "source": "GSJ Seamless Geological Map V2 · 2025-07-18", "url": "https://gsj-seamless.jp/seamless/use.html"}, "geometry": {"type": "LineString", "coordinates": [[135.10355918996228, 34.665960712765056], [135.09638260350926, 34.664425537728455], [135.09195278961909, 34.663485802033065], [135.08931693258313, 34.662902029665105], [135.08127226607252, 34.661187686968944]]}}, {"type": "Feature", "id": "5135-1005", "properties": {"Major_Code": "2", "Legend_J": "実在断層", "Legend_E": "confirmed fault", "styleidx": 3, "name": "confirmed fault", "source": "GSJ Seamless Geological Map V2 · 2025-07-18", "url": "https://gsj-seamless.jp/seamless/use.html"}, "geometry": {"type": "LineString", "coordinates": [[135.10407061972927, 34.66666666614339], [135.10355918996228, 34.665960712765056]]}}, {"type": "Feature", "id": "5135-1006", "properties": {"Major_Code": "2", "Legend_J": "実在断層", "Legend_E": "confirmed fault", "styleidx": 3, "name": "confirmed fault", "source": "GSJ Seamless Geological Map V2 · 2025-07-18", "url": "https://gsj-seamless.jp/seamless/use.html"}, "geometry": {"type": "LineString", "coordinates": [[135.08098754228237, 34.66112987083804], [135.07781579715814, 34.66060800630477], [135.07557146447692, 34.66028829419669], [135.07354312777414, 34.66007315987309]]}}, {"type": "Feature", "id": "5135-1007", "properties": {"Major_Code": "2", "Legend_J": "実在断層", "Legend_E": "confirmed fault", "styleidx": 3, "name": "confirmed fault", "source": "GSJ Seamless Geological Map V2 · 2025-07-18", "url": "https://gsj-seamless.jp/seamless/use.html"}, "geometry": {"type": "LineString", "coordinates": [[135.10355918996228, 34.665960712765056], [135.10188883965134, 34.662656356455685], [135.10047401409489, 34.65976141794518], [135.09979506306001, 34.65867563858116], [135.0984396382281, 34.65619391583678], [135.09701978503264, 34.65397022126368], [135.0954129564841, 34.65169444009376], [135.09374291908748, 34.64952176703799], [135.09201007909064, 34.64740056207813], [135.09002863315033, 34.64512353610964], [135.0884188886634, 34.643260759457064], [135.0875536163282, 34.64207102711287], [135.08619594947865, 34.63995062363651], [135.0853428748581, 34.63866178195913]]}}, {"type": "Feature", "id": "5135-1008", "properties": {"Major_Code": "2", "Legend_J": "実在断層", "Legend_E": "confirmed fault", "styleidx": 3, "name": "confirmed fault", "source": "GSJ Seamless Geological Map V2 · 2025-07-18", "url": "https://gsj-seamless.jp/seamless/use.html"}, "geometry": {"type": "LineString", "coordinates": [[135.08127226607252, 34.661187686968944], [135.08098754228237, 34.66112987083804]]}}, {"type": "Feature", "id": "5135-1009", "properties": {"Major_Code": "2", "Legend_J": "実在断層", "Legend_E": "confirmed fault", "styleidx": 3, "name": "confirmed fault", "source": "GSJ Seamless Geological Map V2 · 2025-07-18", "url": "https://gsj-seamless.jp/seamless/use.html"}, "geometry": {"type": "LineString", "coordinates": [[135.12963442815467, 34.66426476112815], [135.12735599699715, 34.662203192646714]]}}, {"type": "Feature", "id": "5135-1010", "properties": {"Major_Code": "2", "Legend_J": "実在断層", "Legend_E": "confirmed fault", "styleidx": 3, "name": "confirmed fault", "source": "GSJ Seamless Geological Map V2 · 2025-07-18", "url": "https://gsj-seamless.jp/seamless/use.html"}, "geometry": {"type": "LineString", "coordinates": [[135.10786907393162, 34.64785338261289], [135.10378457072966, 34.64492114167439], [135.1023873839695, 34.64380778359062], [135.10061898147697, 34.642228823826166]]}}, {"type": "Feature", "id": "5135-1011", "properties": {"Major_Code": "2", "Legend_J": "実在断層", "Legend_E": "confirmed fault", "styleidx": 3, "name": "confirmed fault", "source": "GSJ Seamless Geological Map V2 · 2025-07-18", "url": "https://gsj-seamless.jp/seamless/use.html"}, "geometry": {"type": "LineString", "coordinates": [[135.12735599699715, 34.662203192646714], [135.11939658383142, 34.655876437280355], [135.11612465486846, 34.6535328221321], [135.1123635481955, 34.65099445917893], [135.10786907393162, 34.64785338261289]]}}, {"type": "Feature", "id": "5135-1012", "properties": {"Major_Code": "2", "Legend_J": "実在断層", "Legend_E": "confirmed fault", "styleidx": 3, "name": "confirmed fault", "source": "GSJ Seamless Geological Map V2 · 2025-07-18", "url": "https://gsj-seamless.jp/seamless/use.html"}, "geometry": {"type": "LineString", "coordinates": [[135.0853428748581, 34.63866178195913], [135.08438911714833, 34.63736438213458]]}}, {"type": "Feature", "id": "5135-1013", "properties": {"Major_Code": "2", "Legend_J": "実在断層", "Legend_E": "confirmed fault", "styleidx": 3, "name": "confirmed fault", "source": "GSJ Seamless Geological Map V2 · 2025-07-18", "url": "https://gsj-seamless.jp/seamless/use.html"}, "geometry": {"type": "LineString", "coordinates": [[135.4533494044771, 34.54339582234529], [135.45209094099442, 34.54165238347841], [135.4507412056799, 34.53968837305576], [135.44922363264635, 34.53725662870774], [135.4482697353357, 34.53529352494757], [135.4474864908324, 34.53304845488198], [135.4470976088275, 34.53117740828459], [135.44682366595706, 34.52879263097856], [135.44654650163073, 34.527295771732675], [135.4459860507881, 34.52598619771385], [135.44531171750475, 34.52491059293803], [135.44373650443694, 34.522899839722356], [135.44255579270254, 34.52121632846103], [135.44171354588846, 34.5197197550537], [135.4409285420459, 34.518036018141935], [135.44037033155465, 34.516165031638074], [135.43999220440017, 34.51412073305344]]}}, {"type": "Feature", "id": "5135-1014", "properties": {"Major_Code": "2", "Legend_J": "実在断層", "Legend_E": "confirmed fault", "styleidx": 3, "name": "confirmed fault", "source": "GSJ Seamless Geological Map V2 · 2025-07-18", "url": "https://gsj-seamless.jp/seamless/use.html"}, "geometry": {"type": "LineString", "coordinates": [[135.4668986040657, 34.555759670447415], [135.4596948717124, 34.54969392264684], [135.45878430156682, 34.54890102209264]]}}, {"type": "Feature", "id": "5135-1015", "properties": {"Major_Code": "2", "Legend_J": "実在断層", "Legend_E": "confirmed fault", "styleidx": 3, "name": "confirmed fault", "source": "GSJ Seamless Geological Map V2 · 2025-07-18", "url": "https://gsj-seamless.jp/seamless/use.html"}, "geometry": {"type": "LineString", "coordinates": [[135.4922389684759, 34.59534139718542], [135.4893638697013, 34.58697897643534], [135.48771831894484, 34.58315443444867], [135.48497335126217, 34.57764737588653], [135.4836547478541, 34.575331969665996], [135.48212711022046, 34.57302770053485], [135.48018616933922, 34.57052327402663]]}}, {"type": "Feature", "id": "5135-1016", "properties": {"Major_Code": "4", "Legend_J": "伏在断層", "Legend_E": "concealed fault", "styleidx": 4, "name": "concealed fault", "source": "GSJ Seamless Geological Map V2 · 2025-07-18", "url": "https://gsj-seamless.jp/seamless/use.html"}, "geometry": {"type": "LineString", "coordinates": [[135.45878430156682, 34.54890102209264], [135.4574402287646, 34.54773059846734], [135.45529926073257, 34.54562681393258], [135.45360984421808, 34.543756617160824], [135.4533494044771, 34.54339582234529]]}}, {"type": "Feature", "id": "5135-1017", "properties": {"Major_Code": "2", "Legend_J": "実在断層", "Legend_E": "confirmed fault", "styleidx": 3, "name": "confirmed fault", "source": "GSJ Seamless Geological Map V2 · 2025-07-18", "url": "https://gsj-seamless.jp/seamless/use.html"}, "geometry": {"type": "LineString", "coordinates": [[135.4502965874851, 34.514619672839814], [135.44405133004466, 34.50869893605168]]}}, {"type": "Feature", "id": "5135-1018", "properties": {"Major_Code": "2", "Legend_J": "実在断層", "Legend_E": "confirmed fault", "styleidx": 3, "name": "confirmed fault", "source": "GSJ Seamless Geological Map V2 · 2025-07-18", "url": "https://gsj-seamless.jp/seamless/use.html"}, "geometry": {"type": "LineString", "coordinates": [[135.44405133004466, 34.50869893605168], [135.44076844278334, 34.50551696397518]]}}, {"type": "Feature", "id": "5135-1019", "properties": {"Major_Code": "2", "Legend_J": "実在断層", "Legend_E": "confirmed fault", "styleidx": 3, "name": "confirmed fault", "source": "GSJ Seamless Geological Map V2 · 2025-07-18", "url": "https://gsj-seamless.jp/seamless/use.html"}, "geometry": {"type": "LineString", "coordinates": [[135.48018616933922, 34.57052327402663], [135.47816820501913, 34.56817819299309], [135.47563342454472, 34.56513947811807], [135.4707884755247, 34.559694821821054], [135.4684216376359, 34.55731076050168], [135.4668986040657, 34.555759670447415]]}}, {"type": "Feature", "id": "5135-1020", "properties": {"Major_Code": "2", "Legend_J": "実在断層", "Legend_E": "confirmed fault", "styleidx": 3, "name": "confirmed fault", "source": "GSJ Seamless Geological Map V2 · 2025-07-18", "url": "https://gsj-seamless.jp/seamless/use.html"}, "geometry": {"type": "LineString", "coordinates": [[135.4935065079548, 34.5997724916748], [135.49318490190961, 34.59819153294217], [135.4924970375953, 34.59614920035547]]}}, {"type": "Feature", "id": "5135-1021", "properties": {"Major_Code": "2", "Legend_J": "実在断層", "Legend_E": "confirmed fault", "styleidx": 3, "name": "confirmed fault", "source": "GSJ Seamless Geological Map V2 · 2025-07-18", "url": "https://gsj-seamless.jp/seamless/use.html"}, "geometry": {"type": "LineString", "coordinates": [[135.5100063268751, 34.66666666614339], [135.5100044110931, 34.66664191133044], [135.50950814706758, 34.66303182769112], [135.50844789179982, 34.65738156068396], [135.50700877605573, 34.651417716442836], [135.50562912671614, 34.646841403599765], [135.50443580393753, 34.64354599084322], [135.5028370134043, 34.639917853449326], [135.49953906133217, 34.633493522206166], [135.4971969017729, 34.629608826278115], [135.4964418686826, 34.628092050126156], [135.49562515730426, 34.626052045621094], [135.4949991845271, 34.62375020783059], [135.49444386897596, 34.621004430025025], [135.49401267258224, 34.61713254406162], [135.4939931702038, 34.613986939279634]]}}, {"type": "Feature", "id": "5135-1022", "properties": {"Major_Code": "2", "Legend_J": "実在断層", "Legend_E": "confirmed fault", "styleidx": 3, "name": "confirmed fault", "source": "GSJ Seamless Geological Map V2 · 2025-07-18", "url": "https://gsj-seamless.jp/seamless/use.html"}, "geometry": {"type": "LineString", "coordinates": [[135.4939931702038, 34.613986939279634], [135.49397529366905, 34.611103152343986]]}}, {"type": "Feature", "id": "5135-1023", "properties": {"Major_Code": "6", "Legend_J": "推定断層", "Legend_E": "inferred fault", "styleidx": 0, "name": "inferred fault", "source": "GSJ Seamless Geological Map V2 · 2025-07-18", "url": "https://gsj-seamless.jp/seamless/use.html"}, "geometry": {"type": "LineString", "coordinates": [[135.46209484907965, 34.605802404495066], [135.46606724696957, 34.60835770385526], [135.46893179201723, 34.61021729590849], [135.47224541394866, 34.61249535573318], [135.47439089707686, 34.61403641001567]]}}, {"type": "Feature", "id": "5135-1024", "properties": {"Major_Code": "6", "Legend_J": "推定断層", "Legend_E": "inferred fault", "styleidx": 0, "name": "inferred fault", "source": "GSJ Seamless Geological Map V2 · 2025-07-18", "url": "https://gsj-seamless.jp/seamless/use.html"}, "geometry": {"type": "LineString", "coordinates": [[135.47504432209416, 34.61450573212005], [135.47606434171004, 34.61523834282957], [135.47893324141654, 34.617562630679316], [135.48404066185006, 34.62244524980602], [135.48758847614982, 34.62577721922462]]}}, {"type": "Feature", "id": "5135-1025", "properties": {"Major_Code": "6", "Legend_J": "推定断層", "Legend_E": "inferred fault", "styleidx": 0, "name": "inferred fault", "source": "GSJ Seamless Geological Map V2 · 2025-07-18", "url": "https://gsj-seamless.jp/seamless/use.html"}, "geometry": {"type": "LineString", "coordinates": [[135.48758847614982, 34.62577721922462], [135.48780164996035, 34.625977411875155]]}}, {"type": "Feature", "id": "5135-1026", "properties": {"Major_Code": "4", "Legend_J": "伏在断層", "Legend_E": "concealed fault", "styleidx": 4, "name": "concealed fault", "source": "GSJ Seamless Geological Map V2 · 2025-07-18", "url": "https://gsj-seamless.jp/seamless/use.html"}, "geometry": {"type": "LineString", "coordinates": [[135.4935065079548, 34.5997724916748], [135.4939984047359, 34.603178671623475], [135.49397529366905, 34.611103152343986]]}}, {"type": "Feature", "id": "5234-2", "properties": {"Major_Code": "2", "Legend_J": "実在断層", "Legend_E": "confirmed fault", "styleidx": 3, "name": "confirmed fault", "source": "GSJ Seamless Geological Map V2 · 2025-07-18", "url": "https://gsj-seamless.jp/seamless/use.html"}, "geometry": {"type": "LineString", "coordinates": [[134.99721922689608, 34.93673391247438], [134.9984770568987, 34.93709094414607], [135.000000000268, 34.93793701878575]]}}, {"type": "Feature", "id": "5234-22", "properties": {"Major_Code": "2", "Legend_J": "実在断層", "Legend_E": "confirmed fault", "styleidx": 3, "name": "confirmed fault", "source": "GSJ Seamless Geological Map V2 · 2025-07-18", "url": "https://gsj-seamless.jp/seamless/use.html"}, "geometry": {"type": "LineString", "coordinates": [[134.82519955143474, 34.963436423979786], [134.82347289436126, 34.963105482930196], [134.82179967860196, 34.96280469505923], [134.81857567750467, 34.96240364456464], [134.81771866455483, 34.962236540191896], [134.81731056315016, 34.96203601494456], [134.8171473225882, 34.961802068822706], [134.81710651244776, 34.96083286346078], [134.8175962341334, 34.959496028478696], [134.81841243694282, 34.95852682311677], [134.8199224121403, 34.95718998813477], [134.82151400761865, 34.95605367840002], [134.8251461101206, 34.95398158417785], [134.8288190227631, 34.95197633170481], [134.83118601091044, 34.95087344284466], [134.83351218891727, 34.949402924364435], [134.83538945537893, 34.94826661462968], [134.8365321393122, 34.947798722385976], [134.8377564435264, 34.94739767189138], [134.83869507675718, 34.946929779647675], [134.8401916087173, 34.946122022075116], [134.84122648034472, 34.94586289302037]]}}, {"type": "Feature", "id": "5234-23", "properties": {"Major_Code": "2", "Legend_J": "実在断層", "Legend_E": "confirmed fault", "styleidx": 3, "name": "confirmed fault", "source": "GSJ Seamless Geological Map V2 · 2025-07-18", "url": "https://gsj-seamless.jp/seamless/use.html"}, "geometry": {"type": "LineString", "coordinates": [[134.9221696240714, 34.96520887287251], [134.9212335858608, 34.9644423179122], [134.92058062361323, 34.963640216922926], [134.92021333234896, 34.96253732806278], [134.92013171206804, 34.961200493080774], [134.92029495262992, 34.9599304998478], [134.9209887250179, 34.95835971874394], [134.92196816838927, 34.95658841239275], [134.92345766308443, 34.95477358778358]]}}, {"type": "Feature", "id": "5234-300", "properties": {"Major_Code": "2", "Legend_J": "実在断層", "Legend_E": "confirmed fault", "styleidx": 3, "name": "confirmed fault", "source": "GSJ Seamless Geological Map V2 · 2025-07-18", "url": "https://gsj-seamless.jp/seamless/use.html"}, "geometry": {"type": "LineString", "coordinates": [[134.8, 34.923972122607324], [134.8013844058311, 34.92356858833676], [134.80329841143072, 34.92281500794489]]}}, {"type": "Feature", "id": "5234-301", "properties": {"Major_Code": "2", "Legend_J": "実在断層", "Legend_E": "confirmed fault", "styleidx": 3, "name": "confirmed fault", "source": "GSJ Seamless Geological Map V2 · 2025-07-18", "url": "https://gsj-seamless.jp/seamless/use.html"}, "geometry": {"type": "LineString", "coordinates": [[134.82402138087843, 34.92770413489059], [134.8249522619534, 34.927813039404704], [134.8261765661675, 34.92784646027921], [134.82726137068198, 34.92761719964074]]}}, {"type": "Feature", "id": "5234-305", "properties": {"Major_Code": "2", "Legend_J": "実在断層", "Legend_E": "confirmed fault", "styleidx": 3, "name": "confirmed fault", "source": "GSJ Seamless Geological Map V2 · 2025-07-18", "url": "https://gsj-seamless.jp/seamless/use.html"}, "geometry": {"type": "LineString", "coordinates": [[134.92436549251676, 34.95342425250264], [134.92612580155165, 34.95080785012372]]}}, {"type": "Feature", "id": "5234-307", "properties": {"Major_Code": "2", "Legend_J": "実在断層", "Legend_E": "confirmed fault", "styleidx": 3, "name": "confirmed fault", "source": "GSJ Seamless Geological Map V2 · 2025-07-18", "url": "https://gsj-seamless.jp/seamless/use.html"}, "geometry": {"type": "LineString", "coordinates": [[134.8, 34.93356479391321], [134.80042536753004, 34.93339432545466], [134.80242506441314, 34.932859591461835], [134.80403706496176, 34.93245854096725], [134.80534298945688, 34.93235827834353], [134.8068529646543, 34.93235827834353], [134.80820422210084, 34.932296800968516]]}}, {"type": "Feature", "id": "5234-308", "properties": {"Major_Code": "2", "Legend_J": "実在断層", "Legend_E": "confirmed fault", "styleidx": 3, "name": "confirmed fault", "source": "GSJ Seamless Geological Map V2 · 2025-07-18", "url": "https://gsj-seamless.jp/seamless/use.html"}, "geometry": {"type": "LineString", "coordinates": [[134.83493905359347, 34.92680002935233], [134.83695044325202, 34.927111201039146], [134.838419608309, 34.927144621913655], [134.8407192424883, 34.926823633979026]]}}, {"type": "Feature", "id": "5234-309", "properties": {"Major_Code": "2", "Legend_J": "実在断層", "Legend_E": "confirmed fault", "styleidx": 3, "name": "confirmed fault", "source": "GSJ Seamless Geological Map V2 · 2025-07-18", "url": "https://gsj-seamless.jp/seamless/use.html"}, "geometry": {"type": "LineString", "coordinates": [[134.81019813696838, 34.9323191766175], [134.81158694094898, 34.932291436594504], [134.8128112451631, 34.93239169921813], [134.81457793050893, 34.932730312317204]]}}, {"type": "Feature", "id": "5234-797", "properties": {"Major_Code": "2", "Legend_J": "実在断層", "Legend_E": "confirmed fault", "styleidx": 3, "name": "confirmed fault", "source": "GSJ Seamless Geological Map V2 · 2025-07-18", "url": "https://gsj-seamless.jp/seamless/use.html"}, "geometry": {"type": "LineString", "coordinates": [[134.84329410997543, 34.96571550833551], [134.84708156062408, 34.96775098449274], [134.85120338481164, 34.96975623696578], [134.85279498029007, 34.97052491708045], [134.85422333520654, 34.97149412244238], [134.85582293971265, 34.97267933609547]]}}, {"type": "Feature", "id": "5234-801", "properties": {"Major_Code": "2", "Legend_J": "実在断層", "Legend_E": "confirmed fault", "styleidx": 3, "name": "confirmed fault", "source": "GSJ Seamless Geological Map V2 · 2025-07-18", "url": "https://gsj-seamless.jp/seamless/use.html"}, "geometry": {"type": "LineString", "coordinates": [[134.88773956986708, 34.99236669513012], [134.8865653715302, 34.991847435043724], [134.8835862312758, 34.99074454618358], [134.88064790116184, 34.989574815574315], [134.8775871406265, 34.988271401466825], [134.87522015247913, 34.98710167085756], [134.87283275926154, 34.985664573251846], [134.86989442914765, 34.983793004277025], [134.867241770017, 34.981821172678494], [134.86352486731704, 34.97903359768259], [134.8580127179783, 34.975327533252226]]}}, {"type": "Feature", "id": "5234-816", "properties": {"Major_Code": "2", "Legend_J": "実在断層", "Legend_E": "confirmed fault", "styleidx": 3, "name": "confirmed fault", "source": "GSJ Seamless Geological Map V2 · 2025-07-18", "url": "https://gsj-seamless.jp/seamless/use.html"}, "geometry": {"type": "LineString", "coordinates": [[134.83473039172046, 34.96630812317351], [134.83719508400148, 34.96740908177993]]}}, {"type": "Feature", "id": "5234-818", "properties": {"Major_Code": "2", "Legend_J": "実在断層", "Legend_E": "confirmed fault", "styleidx": 3, "name": "confirmed fault", "source": "GSJ Seamless Geological Map V2 · 2025-07-18", "url": "https://gsj-seamless.jp/seamless/use.html"}, "geometry": {"type": "LineString", "coordinates": [[134.89037367413397, 34.997429010253924], [134.8910136768416, 34.996526357480775], [134.8912993478249, 34.99582451911522], [134.8912993478249, 34.99525636424789], [134.8910544869821, 34.994654788505954], [134.890523955156, 34.99405321276403], [134.88966694220605, 34.993317953523956], [134.88860587855382, 34.992749798656625], [134.88773956986708, 34.99236669513012]]}}, {"type": "Feature", "id": "5234-837", "properties": {"Major_Code": "2", "Legend_J": "実在断層", "Legend_E": "confirmed fault", "styleidx": 3, "name": "confirmed fault", "source": "GSJ Seamless Geological Map V2 · 2025-07-18", "url": "https://gsj-seamless.jp/seamless/use.html"}, "geometry": {"type": "LineString", "coordinates": [[134.80969782604163, 34.99714811708076], [134.8112910674306, 34.99599162348805], [134.81206646009952, 34.99525636424789], [134.81320914403275, 34.993618741394926], [134.81414777726354, 34.99147980542365], [134.8145150685279, 34.99027665393987], [134.81443344824694, 34.989541394699714], [134.8141069671231, 34.988839556334156], [134.81373967585887, 34.98840508496497], [134.81267861220655, 34.98777008834852], [134.8101075733569, 34.986767462112], [134.80794463591187, 34.985731415000956], [134.8052919767813, 34.984795630513545], [134.80268012779104, 34.983826425151534], [134.8, 34.982804165358765]]}}, {"type": "Feature", "id": "5234-840", "properties": {"Major_Code": "2", "Legend_J": "実在断層", "Legend_E": "confirmed fault", "styleidx": 3, "name": "confirmed fault", "source": "GSJ Seamless Geological Map V2 · 2025-07-18", "url": "https://gsj-seamless.jp/seamless/use.html"}, "geometry": {"type": "LineString", "coordinates": [[134.80607517746586, 35.0], [134.8071592804137, 34.999220270834144]]}}, {"type": "Feature", "id": "5235-1", "properties": {"Major_Code": "2", "Legend_J": "実在断層", "Legend_E": "confirmed fault", "styleidx": 3, "name": "confirmed fault", "source": "GSJ Seamless Geological Map V2 · 2025-07-18", "url": "https://gsj-seamless.jp/seamless/use.html"}, "geometry": {"type": "LineString", "coordinates": [[135.00334012874782, 34.93422128432741], [135.00450840980108, 34.9339551671147], [135.0152471152122, 34.931964149192794], [135.02598530128995, 34.92997218174473], [135.0274902786088, 34.92964037816874], [135.02817556902087, 34.92949815607615], [135.02884411355615, 34.92939425748091]]}}, {"type": "Feature", "id": "5235-2", "properties": {"Major_Code": "2", "Legend_J": "実在断層", "Legend_E": "confirmed fault", "styleidx": 3, "name": "confirmed fault", "source": "GSJ Seamless Geological Map V2 · 2025-07-18", "url": "https://gsj-seamless.jp/seamless/use.html"}, "geometry": {"type": "LineString", "coordinates": [[135.000000000268, 34.93793701878575], [135.00174626686004, 34.93890716114793], [135.0052896067698, 34.94061281187135], [135.00598866395472, 34.94080878191776], [135.0071928488763, 34.941315698679574], [135.01065911510705, 34.942899498240934], [135.0127389282643, 34.94389976307119], [135.01278749853412, 34.94391102280673], [135.01687614546725, 34.94595654120682], [135.020799783146, 34.948191286037606], [135.0235708670312, 34.94985830049377], [135.02662806435032, 34.95192183222841], [135.0270916063798, 34.95230707568359], [135.0334902110826, 34.95695439330987], [135.03913679890772, 34.96182256820596], [135.0447840546218, 34.96669047620115], [135.04697498752492, 34.968460895488505], [135.0492868381633, 34.970332642765406], [135.0519421361002, 34.972600818291916], [135.05570160630737, 34.97532359299015], [135.05623210457622, 34.97563657099616]]}}, {"type": "Feature", "id": "5235-3", "properties": {"Major_Code": "2", "Legend_J": "実在断層", "Legend_E": "confirmed fault", "styleidx": 3, "name": "confirmed fault", "source": "GSJ Seamless Geological Map V2 · 2025-07-18", "url": "https://gsj-seamless.jp/seamless/use.html"}, "geometry": {"type": "LineString", "coordinates": [[135.5979380730826, 34.927941998798715], [135.5906053506258, 34.92895903754642], [135.5845940603946, 34.92941697547036], [135.57885583511967, 34.93021134181559], [135.5750304809655, 34.9310052170614], [135.56854161204075, 34.932646771821254], [135.56205248015266, 34.93428798207198], [135.55604099995884, 34.93553332883832], [135.5513961357685, 34.93722955071665], [135.54941873096476, 34.93777525140999]]}}, {"type": "Feature", "id": "5235-6", "properties": {"Major_Code": "2", "Legend_J": "実在断層", "Legend_E": "confirmed fault", "styleidx": 3, "name": "confirmed fault", "source": "GSJ Seamless Geological Map V2 · 2025-07-18", "url": "https://gsj-seamless.jp/seamless/use.html"}, "geometry": {"type": "LineString", "coordinates": [[135.3681410856982, 34.960807415159806], [135.36942030751305, 34.95244409332358], [135.36978124088364, 34.94934399625227], [135.36994340951557, 34.94807459702031]]}}, {"type": "Feature", "id": "5235-7", "properties": {"Major_Code": "2", "Legend_J": "実在断層", "Legend_E": "confirmed fault", "styleidx": 3, "name": "confirmed fault", "source": "GSJ Seamless Geological Map V2 · 2025-07-18", "url": "https://gsj-seamless.jp/seamless/use.html"}, "geometry": {"type": "LineString", "coordinates": [[135.23024498241705, 34.735027495629154], [135.23021864359436, 34.735002751674266], [135.22480973410126, 34.73076261942087], [135.22230641280524, 34.728705176052216]]}}, {"type": "Feature", "id": "5235-8", "properties": {"Major_Code": "2", "Legend_J": "実在断層", "Legend_E": "confirmed fault", "styleidx": 3, "name": "confirmed fault", "source": "GSJ Seamless Geological Map V2 · 2025-07-18", "url": "https://gsj-seamless.jp/seamless/use.html"}, "geometry": {"type": "LineString", "coordinates": [[135.31530292099683, 34.817210970507645], [135.3116754102907, 34.81854145557634], [135.30375506463616, 34.82089958057294], [135.3032229857879, 34.82109930120187]]}}, {"type": "Feature", "id": "5235-9", "properties": {"Major_Code": "2", "Legend_J": "実在断層", "Legend_E": "confirmed fault", "styleidx": 3, "name": "confirmed fault", "source": "GSJ Seamless Geological Map V2 · 2025-07-18", "url": "https://gsj-seamless.jp/seamless/use.html"}, "geometry": {"type": "LineString", "coordinates": [[135.2471062874408, 34.731381928944884], [135.24506668955024, 34.72957414347006], [135.24040244844463, 34.72636539751312]]}}, {"type": "Feature", "id": "5235-10", "properties": {"Major_Code": "2", "Legend_J": "実在断層", "Legend_E": "confirmed fault", "styleidx": 3, "name": "confirmed fault", "source": "GSJ Seamless Geological Map V2 · 2025-07-18", "url": "https://gsj-seamless.jp/seamless/use.html"}, "geometry": {"type": "LineString", "coordinates": [[135.30912022921447, 34.85354585417596], [135.3068014803768, 34.85385624436756], [135.30640114756503, 34.85387982865293]]}}, {"type": "Feature", "id": "5235-11", "properties": {"Major_Code": "2", "Legend_J": "実在断層", "Legend_E": "confirmed fault", "styleidx": 3, "name": "confirmed fault", "source": "GSJ Seamless Geological Map V2 · 2025-07-18", "url": "https://gsj-seamless.jp/seamless/use.html"}, "geometry": {"type": "LineString", "coordinates": [[135.10759132497873, 34.735348269691045], [135.1072930365725, 34.73494061461006], [135.105463744697, 34.732747126651944], [135.10166250237504, 34.72935415667701], [135.09921708866278, 34.72754205833763], [135.09752576662933, 34.72653385917472], [135.09638867694045, 34.725725743671674], [135.09464498429543, 34.72480545917142], [135.09317380607501, 34.72380151561433], [135.09248915904698, 34.72340542209866]]}}, {"type": "Feature", "id": "5235-12", "properties": {"Major_Code": "2", "Legend_J": "実在断層", "Legend_E": "confirmed fault", "styleidx": 3, "name": "confirmed fault", "source": "GSJ Seamless Geological Map V2 · 2025-07-18", "url": "https://gsj-seamless.jp/seamless/use.html"}, "geometry": {"type": "LineString", "coordinates": [[135.18816369981877, 34.720656888901], [135.19575237335565, 34.72550236867539], [135.20334193147866, 34.730347368855206]]}}, {"type": "Feature", "id": "5235-13", "properties": {"Major_Code": "2", "Legend_J": "実在断層", "Legend_E": "confirmed fault", "styleidx": 3, "name": "confirmed fault", "source": "GSJ Seamless Geological Map V2 · 2025-07-18", "url": "https://gsj-seamless.jp/seamless/use.html"}, "geometry": {"type": "LineString", "coordinates": [[135.30747734902505, 34.86689737035839], [135.30727170816525, 34.86691594943338]]}}, {"type": "Feature", "id": "5235-14", "properties": {"Major_Code": "2", "Legend_J": "実在断層", "Legend_E": "confirmed fault", "styleidx": 3, "name": "confirmed fault", "source": "GSJ Seamless Geological Map V2 · 2025-07-18", "url": "https://gsj-seamless.jp/seamless/use.html"}, "geometry": {"type": "LineString", "coordinates": [[135.22871215366575, 34.728487529921765], [135.23266094075373, 34.73035711199199]]}}, {"type": "Feature", "id": "5235-15", "properties": {"Major_Code": "2", "Legend_J": "実在断層", "Legend_E": "confirmed fault", "styleidx": 3, "name": "confirmed fault", "source": "GSJ Seamless Geological Map V2 · 2025-07-18", "url": "https://gsj-seamless.jp/seamless/use.html"}, "geometry": {"type": "LineString", "coordinates": [[135.24191658972904, 34.7321051303791], [135.24179344387574, 34.73198367750547], [135.24070017119524, 34.73114526454019], [135.23632192273163, 34.72859614454857]]}}, {"type": "Feature", "id": "5235-16", "properties": {"Major_Code": "2", "Legend_J": "実在断層", "Legend_E": "confirmed fault", "styleidx": 3, "name": "confirmed fault", "source": "GSJ Seamless Geological Map V2 · 2025-07-18", "url": "https://gsj-seamless.jp/seamless/use.html"}, "geometry": {"type": "LineString", "coordinates": [[135.30552861509128, 34.87111489819168], [135.30748433142443, 34.87063194246409], [135.31071634909162, 34.869854828698834], [135.31074846959822, 34.869854743168766], [135.3110823039804, 34.869750175045006]]}}, {"type": "Feature", "id": "5235-17", "properties": {"Major_Code": "2", "Legend_J": "実在断層", "Legend_E": "confirmed fault", "styleidx": 3, "name": "confirmed fault", "source": "GSJ Seamless Geological Map V2 · 2025-07-18", "url": "https://gsj-seamless.jp/seamless/use.html"}, "geometry": {"type": "LineString", "coordinates": [[135.3266374217825, 34.816285077008615], [135.32611504212315, 34.81613327063164], [135.32384074869233, 34.815607681716756], [135.3212071851364, 34.81488470127529], [135.31114330219117, 34.811999961409725], [135.3020073576565, 34.80905564394433], [135.30037055336413, 34.80871728479821], [135.2921895183794, 34.80622503606132], [135.28755355941902, 34.80508937238302], [135.28646257409392, 34.80497485669444], [135.2864906470648, 34.80499732813586]]}}, {"type": "Feature", "id": "5235-18", "properties": {"Major_Code": "2", "Legend_J": "実在断層", "Legend_E": "confirmed fault", "styleidx": 3, "name": "confirmed fault", "source": "GSJ Seamless Geological Map V2 · 2025-07-18", "url": "https://gsj-seamless.jp/seamless/use.html"}, "geometry": {"type": "LineString", "coordinates": [[135.29896887546974, 34.744826176667985], [135.29956721189814, 34.74558420275184], [135.2999611326428, 34.74603396457927], [135.3007762073317, 34.74730530337306], [135.30232805247076, 34.74928920904303], [135.3031868998136, 34.75056943210481], [135.30526539533747, 34.754023703620476], [135.30688391506567, 34.75704866721858], [135.30735291038317, 34.75805490757344]]}}, {"type": "Feature", "id": "5235-19", "properties": {"Major_Code": "2", "Legend_J": "実在断層", "Legend_E": "confirmed fault", "styleidx": 3, "name": "confirmed fault", "source": "GSJ Seamless Geological Map V2 · 2025-07-18", "url": "https://gsj-seamless.jp/seamless/use.html"}, "geometry": {"type": "LineString", "coordinates": [[135.18816369981877, 34.720656888901], [135.1883065268292, 34.72871204789904], [135.18840486206096, 34.73420798202319], [135.18850321203863, 34.739703911030645]]}}, {"type": "Feature", "id": "5235-20", "properties": {"Major_Code": "2", "Legend_J": "実在断層", "Legend_E": "confirmed fault", "styleidx": 3, "name": "confirmed fault", "source": "GSJ Seamless Geological Map V2 · 2025-07-18", "url": "https://gsj-seamless.jp/seamless/use.html"}, "geometry": {"type": "LineString", "coordinates": [[135.1243446282872, 34.734949610078345], [135.12867894356978, 34.726158989854156]]}}, {"type": "Feature", "id": "5235-21", "properties": {"Major_Code": "2", "Legend_J": "実在断層", "Legend_E": "confirmed fault", "styleidx": 3, "name": "confirmed fault", "source": "GSJ Seamless Geological Map V2 · 2025-07-18", "url": "https://gsj-seamless.jp/seamless/use.html"}, "geometry": {"type": "LineString", "coordinates": [[135.52412395856874, 34.959464982036124], [135.52421288557736, 34.95935190653587], [135.52570410351038, 34.95675796493098]]}}, {"type": "Feature", "id": "5235-26", "properties": {"Major_Code": "2", "Legend_J": "実在断層", "Legend_E": "confirmed fault", "styleidx": 3, "name": "confirmed fault", "source": "GSJ Seamless Geological Map V2 · 2025-07-18", "url": "https://gsj-seamless.jp/seamless/use.html"}, "geometry": {"type": "LineString", "coordinates": [[135.5841093693076, 34.96163248192156], [135.5841213223389, 34.96158058524545], [135.5859072250629, 34.95595991873145], [135.58592857996385, 34.95588093282386]]}}, {"type": "Feature", "id": "5235-28", "properties": {"Major_Code": "2", "Legend_J": "実在断層", "Legend_E": "confirmed fault", "styleidx": 3, "name": "confirmed fault", "source": "GSJ Seamless Geological Map V2 · 2025-07-18", "url": "https://gsj-seamless.jp/seamless/use.html"}, "geometry": {"type": "LineString", "coordinates": [[135.59485938530702, 34.85642899213625], [135.5937884976579, 34.856215723458334], [135.5873640241653, 34.85445357778869]]}}, {"type": "Feature", "id": "5235-29", "properties": {"Major_Code": "2", "Legend_J": "実在断層", "Legend_E": "confirmed fault", "styleidx": 3, "name": "confirmed fault", "source": "GSJ Seamless Geological Map V2 · 2025-07-18", "url": "https://gsj-seamless.jp/seamless/use.html"}, "geometry": {"type": "LineString", "coordinates": [[135.6, 34.972406965957404], [135.59311970760558, 34.96966757943353], [135.58942574108391, 34.967754484680164], [135.58366715703724, 34.96408449586616]]}}, {"type": "Feature", "id": "5235-37", "properties": {"Major_Code": "2", "Legend_J": "実在断層", "Legend_E": "confirmed fault", "styleidx": 3, "name": "confirmed fault", "source": "GSJ Seamless Geological Map V2 · 2025-07-18", "url": "https://gsj-seamless.jp/seamless/use.html"}, "geometry": {"type": "LineString", "coordinates": [[135.59079075696195, 34.94222607792409], [135.59015443514022, 34.94416748121111]]}}, {"type": "Feature", "id": "5235-76", "properties": {"Major_Code": "2", "Legend_J": "実在断層", "Legend_E": "confirmed fault", "styleidx": 3, "name": "confirmed fault", "source": "GSJ Seamless Geological Map V2 · 2025-07-18", "url": "https://gsj-seamless.jp/seamless/use.html"}, "geometry": {"type": "LineString", "coordinates": [[135.1187657831631, 34.7126242440837], [135.12001274380114, 34.710961764227605], [135.120146918842, 34.71079708830679], [135.123021271045, 34.70798555153922]]}}, {"type": "Feature", "id": "5235-77", "properties": {"Major_Code": "2", "Legend_J": "実在断層", "Legend_E": "confirmed fault", "styleidx": 3, "name": "confirmed fault", "source": "GSJ Seamless Geological Map V2 · 2025-07-18", "url": "https://gsj-seamless.jp/seamless/use.html"}, "geometry": {"type": "LineString", "coordinates": [[135.06854591093426, 34.679991199846185], [135.06806050002734, 34.67681576565726], [135.06756162000906, 34.67439990961253], [135.06751525950392, 34.67440445182137]]}}, {"type": "Feature", "id": "5235-78", "properties": {"Major_Code": "2", "Legend_J": "実在断層", "Legend_E": "confirmed fault", "styleidx": 3, "name": "confirmed fault", "source": "GSJ Seamless Geological Map V2 · 2025-07-18", "url": "https://gsj-seamless.jp/seamless/use.html"}, "geometry": {"type": "LineString", "coordinates": [[135.18401476168592, 34.72471616020764], [135.18256170610604, 34.723587053743756], [135.18166323293136, 34.72291909152089], [135.18164444798813, 34.72290559535769]]}}, {"type": "Feature", "id": "5235-79", "properties": {"Major_Code": "2", "Legend_J": "実在断層", "Legend_E": "confirmed fault", "styleidx": 3, "name": "confirmed fault", "source": "GSJ Seamless Geological Map V2 · 2025-07-18", "url": "https://gsj-seamless.jp/seamless/use.html"}, "geometry": {"type": "LineString", "coordinates": [[135.14473722838395, 34.6799028092906], [135.14453376595233, 34.67973403106454], [135.14315321225908, 34.67742781022153], [135.1429494768971, 34.676623425447815]]}}, {"type": "Feature", "id": "5235-80", "properties": {"Major_Code": "2", "Legend_J": "実在断層", "Legend_E": "confirmed fault", "styleidx": 3, "name": "confirmed fault", "source": "GSJ Seamless Geological Map V2 · 2025-07-18", "url": "https://gsj-seamless.jp/seamless/use.html"}, "geometry": {"type": "LineString", "coordinates": [[135.1827988997625, 34.69731755910996], [135.18376048591534, 34.6974534946582], [135.18414525799548, 34.69750922493735], [135.18787261518648, 34.69920256673257]]}}, {"type": "Feature", "id": "5235-81", "properties": {"Major_Code": "2", "Legend_J": "実在断層", "Legend_E": "confirmed fault", "styleidx": 3, "name": "confirmed fault", "source": "GSJ Seamless Geological Map V2 · 2025-07-18", "url": "https://gsj-seamless.jp/seamless/use.html"}, "geometry": {"type": "LineString", "coordinates": [[135.13686562152702, 34.66993043564783], [135.13685443819935, 34.66991941512404], [135.1368510510802, 34.66991607719633], [135.13684270553685, 34.6699087147225], [135.13682250390787, 34.66989256646768], [135.1345343392344, 34.66793234901586], [135.13305690577207, 34.66666666614339]]}}, {"type": "Feature", "id": "5235-82", "properties": {"Major_Code": "2", "Legend_J": "実在断層", "Legend_E": "confirmed fault", "styleidx": 3, "name": "confirmed fault", "source": "GSJ Seamless Geological Map V2 · 2025-07-18", "url": "https://gsj-seamless.jp/seamless/use.html"}, "geometry": {"type": "LineString", "coordinates": [[135.18805933836092, 34.714866821127586], [135.18386517121746, 34.71189177561195], [135.178212837466, 34.708686730118686]]}}, {"type": "Feature", "id": "5235-83", "properties": {"Major_Code": "2", "Legend_J": "実在断層", "Legend_E": "confirmed fault", "styleidx": 3, "name": "confirmed fault", "source": "GSJ Seamless Geological Map V2 · 2025-07-18", "url": "https://gsj-seamless.jp/seamless/use.html"}, "geometry": {"type": "LineString", "coordinates": [[135.0711952608482, 34.70022719098024], [135.07118901816867, 34.70005589842704], [135.07102626861368, 34.698881729457156]]}}, {"type": "Feature", "id": "5235-84", "properties": {"Major_Code": "2", "Legend_J": "実在断層", "Legend_E": "confirmed fault", "styleidx": 3, "name": "confirmed fault", "source": "GSJ Seamless Geological Map V2 · 2025-07-18", "url": "https://gsj-seamless.jp/seamless/use.html"}, "geometry": {"type": "LineString", "coordinates": [[135.1157605356035, 34.675859574155815], [135.11618444307936, 34.67597858973134], [135.11975052126874, 34.67707240193571], [135.12533027108222, 34.678443330233435], [135.13540430247798, 34.68016021854851], [135.1406565585936, 34.68017399069469], [135.1431740325658, 34.68014599178315], [135.14473722838395, 34.6799028092906]]}}, {"type": "Feature", "id": "5235-85", "properties": {"Major_Code": "2", "Legend_J": "実在断層", "Legend_E": "confirmed fault", "styleidx": 3, "name": "confirmed fault", "source": "GSJ Seamless Geological Map V2 · 2025-07-18", "url": "https://gsj-seamless.jp/seamless/use.html"}, "geometry": {"type": "LineString", "coordinates": [[135.07122376358518, 34.70105209977485], [135.07122271252675, 34.701004762716394], [135.0711952608482, 34.70022719098024]]}}, {"type": "Feature", "id": "5235-86", "properties": {"Major_Code": "2", "Legend_J": "実在断層", "Legend_E": "confirmed fault", "styleidx": 3, "name": "confirmed fault", "source": "GSJ Seamless Geological Map V2 · 2025-07-18", "url": "https://gsj-seamless.jp/seamless/use.html"}, "geometry": {"type": "LineString", "coordinates": [[135.14751837972284, 34.6827864324482], [135.14660265612955, 34.683707225366284], [135.1454386794386, 34.68550961714611], [135.14434359663426, 34.68757560887785], [135.14328177021235, 34.69047098832178], [135.14282355833947, 34.692096637066115], [135.14245708692616, 34.69351705812102], [135.1423492761971, 34.694384950828145]]}}, {"type": "Feature", "id": "5235-87", "properties": {"Major_Code": "2", "Legend_J": "実在断層", "Legend_E": "confirmed fault", "styleidx": 3, "name": "confirmed fault", "source": "GSJ Seamless Geological Map V2 · 2025-07-18", "url": "https://gsj-seamless.jp/seamless/use.html"}, "geometry": {"type": "LineString", "coordinates": [[135.18805933836092, 34.714866821127586], [135.1881389211333, 34.714923033764975], [135.19031758857466, 34.71647009587575]]}}, {"type": "Feature", "id": "5235-88", "properties": {"Major_Code": "2", "Legend_J": "実在断層", "Legend_E": "confirmed fault", "styleidx": 3, "name": "confirmed fault", "source": "GSJ Seamless Geological Map V2 · 2025-07-18", "url": "https://gsj-seamless.jp/seamless/use.html"}, "geometry": {"type": "LineString", "coordinates": [[135.15331047071464, 34.67631446238015], [135.1543281023728, 34.676912605411964], [135.15521303233356, 34.67745006723625], [135.15586859461297, 34.67783006973639]]}}, {"type": "Feature", "id": "5235-89", "properties": {"Major_Code": "2", "Legend_J": "実在断層", "Legend_E": "confirmed fault", "styleidx": 3, "name": "confirmed fault", "source": "GSJ Seamless Geological Map V2 · 2025-07-18", "url": "https://gsj-seamless.jp/seamless/use.html"}, "geometry": {"type": "LineString", "coordinates": [[135.15555813054695, 34.686302924492324], [135.15601608368627, 34.68673053672666]]}}, {"type": "Feature", "id": "5235-90", "properties": {"Major_Code": "4", "Legend_J": "伏在断層", "Legend_E": "concealed fault", "styleidx": 4, "name": "concealed fault", "source": "GSJ Seamless Geological Map V2 · 2025-07-18", "url": "https://gsj-seamless.jp/seamless/use.html"}, "geometry": {"type": "LineString", "coordinates": [[135.18384574116558, 34.695756171588016], [135.1843030663592, 34.69611155135914], [135.18453531536287, 34.696291486395786], [135.18482124256371, 34.696541204301965], [135.18787261518648, 34.69920256673257]]}}, {"type": "Feature", "id": "5235-91", "properties": {"Major_Code": "2", "Legend_J": "実在断層", "Legend_E": "confirmed fault", "styleidx": 3, "name": "confirmed fault", "source": "GSJ Seamless Geological Map V2 · 2025-07-18", "url": "https://gsj-seamless.jp/seamless/use.html"}, "geometry": {"type": "LineString", "coordinates": [[135.07082519749758, 34.694353781273385], [135.07043000477282, 34.69174629019806]]}}, {"type": "Feature", "id": "5235-92", "properties": {"Major_Code": "2", "Legend_J": "実在断層", "Legend_E": "confirmed fault", "styleidx": 3, "name": "confirmed fault", "source": "GSJ Seamless Geological Map V2 · 2025-07-18", "url": "https://gsj-seamless.jp/seamless/use.html"}, "geometry": {"type": "LineString", "coordinates": [[135.13017850365983, 34.72311674011634], [135.13076088179037, 34.721935018443645]]}}, {"type": "Feature", "id": "5235-93", "properties": {"Major_Code": "2", "Legend_J": "実在断層", "Legend_E": "confirmed fault", "styleidx": 3, "name": "confirmed fault", "source": "GSJ Seamless Geological Map V2 · 2025-07-18", "url": "https://gsj-seamless.jp/seamless/use.html"}, "geometry": {"type": "LineString", "coordinates": [[135.18787261518648, 34.69920256673257], [135.1886580257795, 34.6998864553615], [135.18884721148828, 34.70001010913086], [135.18923826198, 34.7002889421883]]}}, {"type": "Feature", "id": "5235-94", "properties": {"Major_Code": "4", "Legend_J": "伏在断層", "Legend_E": "concealed fault", "styleidx": 4, "name": "concealed fault", "source": "GSJ Seamless Geological Map V2 · 2025-07-18", "url": "https://gsj-seamless.jp/seamless/use.html"}, "geometry": {"type": "LineString", "coordinates": [[135.07043000477282, 34.69174629019806], [135.06968558091478, 34.68737873277141], [135.06929761312108, 34.6847486889954], [135.069120324557, 34.68369172471104], [135.06876824718438, 34.68115406526526], [135.06854591093426, 34.679991199846185]]}}, {"type": "Feature", "id": "5235-95", "properties": {"Major_Code": "2", "Legend_J": "実在断層", "Legend_E": "confirmed fault", "styleidx": 3, "name": "confirmed fault", "source": "GSJ Seamless Geological Map V2 · 2025-07-18", "url": "https://gsj-seamless.jp/seamless/use.html"}, "geometry": {"type": "LineString", "coordinates": [[135.16299183541125, 34.69771292652619], [135.16380862439746, 34.69793938443843], [135.16802394447205, 34.700205122608665], [135.17686592528085, 34.70439967507599], [135.18573381037936, 34.70831632211175], [135.19155966627775, 34.710862586171615], [135.1971343496556, 34.71357804832053], [135.20270939658968, 34.716293252958636], [135.20870557472625, 34.719016453507784], [135.2101719710626, 34.71959978882694], [135.21381254315307, 34.72117077654322]]}}, {"type": "Feature", "id": "5235-96", "properties": {"Major_Code": "2", "Legend_J": "実在断層", "Legend_E": "confirmed fault", "styleidx": 3, "name": "confirmed fault", "source": "GSJ Seamless Geological Map V2 · 2025-07-18", "url": "https://gsj-seamless.jp/seamless/use.html"}, "geometry": {"type": "LineString", "coordinates": [[135.0711879204233, 34.703603538971834], [135.0712427136674, 34.701874759310186], [135.07122376358518, 34.70105209977485]]}}, {"type": "Feature", "id": "5235-97", "properties": {"Major_Code": "2", "Legend_J": "実在断層", "Legend_E": "confirmed fault", "styleidx": 3, "name": "confirmed fault", "source": "GSJ Seamless Geological Map V2 · 2025-07-18", "url": "https://gsj-seamless.jp/seamless/use.html"}, "geometry": {"type": "LineString", "coordinates": [[135.15601608368627, 34.68673053672666], [135.16073658326187, 34.69113477423948]]}}, {"type": "Feature", "id": "5235-98", "properties": {"Major_Code": "2", "Legend_J": "実在断層", "Legend_E": "confirmed fault", "styleidx": 3, "name": "confirmed fault", "source": "GSJ Seamless Geological Map V2 · 2025-07-18", "url": "https://gsj-seamless.jp/seamless/use.html"}, "geometry": {"type": "LineString", "coordinates": [[135.10628196620996, 34.66969433011626], [135.10596129317597, 34.66927646203923], [135.10407061972927, 34.66666666614339]]}}, {"type": "Feature", "id": "5235-99", "properties": {"Major_Code": "2", "Legend_J": "実在断層", "Legend_E": "confirmed fault", "styleidx": 3, "name": "confirmed fault", "source": "GSJ Seamless Geological Map V2 · 2025-07-18", "url": "https://gsj-seamless.jp/seamless/use.html"}, "geometry": {"type": "LineString", "coordinates": [[135.22744431293023, 34.72788599784046], [135.22871215366575, 34.728487529921765]]}}, {"type": "Feature", "id": "5235-100", "properties": {"Major_Code": "2", "Legend_J": "実在断層", "Legend_E": "confirmed fault", "styleidx": 3, "name": "confirmed fault", "source": "GSJ Seamless Geological Map V2 · 2025-07-18", "url": "https://gsj-seamless.jp/seamless/use.html"}, "geometry": {"type": "LineString", "coordinates": [[135.11464858100044, 34.72127005211329], [135.11465263310504, 34.72036849315105], [135.11492868537152, 34.719579336652856], [135.11509777598192, 34.719209522130654], [135.11554031181825, 34.7181655042275]]}}, {"type": "Feature", "id": "5235-101", "properties": {"Major_Code": "2", "Legend_J": "実在断層", "Legend_E": "confirmed fault", "styleidx": 3, "name": "confirmed fault", "source": "GSJ Seamless Geological Map V2 · 2025-07-18", "url": "https://gsj-seamless.jp/seamless/use.html"}, "geometry": {"type": "LineString", "coordinates": [[135.14263531311428, 34.67538418288041], [135.14264148970568, 34.675408963581894], [135.1429494768971, 34.676623425447815]]}}, {"type": "Feature", "id": "5235-102", "properties": {"Major_Code": "2", "Legend_J": "実在断層", "Legend_E": "confirmed fault", "styleidx": 3, "name": "confirmed fault", "source": "GSJ Seamless Geological Map V2 · 2025-07-18", "url": "https://gsj-seamless.jp/seamless/use.html"}, "geometry": {"type": "LineString", "coordinates": [[135.22230641280524, 34.728705176052216], [135.21936499316902, 34.72628564872848], [135.21391737300206, 34.72121566303196]]}}, {"type": "Feature", "id": "5235-103", "properties": {"Major_Code": "2", "Legend_J": "実在断層", "Legend_E": "confirmed fault", "styleidx": 3, "name": "confirmed fault", "source": "GSJ Seamless Geological Map V2 · 2025-07-18", "url": "https://gsj-seamless.jp/seamless/use.html"}, "geometry": {"type": "LineString", "coordinates": [[135.1423492761971, 34.694384950828145], [135.1423054686104, 34.69473435951866], [135.14230596794215, 34.69506568216282]]}}, {"type": "Feature", "id": "5235-104", "properties": {"Major_Code": "2", "Legend_J": "実在断層", "Legend_E": "confirmed fault", "styleidx": 3, "name": "confirmed fault", "source": "GSJ Seamless Geological Map V2 · 2025-07-18", "url": "https://gsj-seamless.jp/seamless/use.html"}, "geometry": {"type": "LineString", "coordinates": [[135.14751837972284, 34.6827864324482], [135.14473722838395, 34.6799028092906]]}}, {"type": "Feature", "id": "5235-105", "properties": {"Major_Code": "2", "Legend_J": "実在断層", "Legend_E": "confirmed fault", "styleidx": 3, "name": "confirmed fault", "source": "GSJ Seamless Geological Map V2 · 2025-07-18", "url": "https://gsj-seamless.jp/seamless/use.html"}, "geometry": {"type": "LineString", "coordinates": [[135.14644622640552, 34.678498657776515], [135.14427425344627, 34.67657439236284], [135.1437531763486, 34.67625951360413], [135.14302375101258, 34.67568795764343]]}}, {"type": "Feature", "id": "5235-106", "properties": {"Major_Code": "2", "Legend_J": "実在断層", "Legend_E": "confirmed fault", "styleidx": 3, "name": "confirmed fault", "source": "GSJ Seamless Geological Map V2 · 2025-07-18", "url": "https://gsj-seamless.jp/seamless/use.html"}, "geometry": {"type": "LineString", "coordinates": [[135.15264333284296, 34.68366760390977], [135.1521199210731, 34.68322429371766], [135.15079080403706, 34.68211717206215]]}}, {"type": "Feature", "id": "5235-107", "properties": {"Major_Code": "2", "Legend_J": "実在断層", "Legend_E": "confirmed fault", "styleidx": 3, "name": "confirmed fault", "source": "GSJ Seamless Geological Map V2 · 2025-07-18", "url": "https://gsj-seamless.jp/seamless/use.html"}, "geometry": {"type": "LineString", "coordinates": [[135.14263531311428, 34.67538418288041], [135.14124750001517, 34.67429956325873], [135.13903305035134, 34.67206631161308], [135.13686562152702, 34.66993043564783]]}}, {"type": "Feature", "id": "5235-108", "properties": {"Major_Code": "2", "Legend_J": "実在断層", "Legend_E": "confirmed fault", "styleidx": 3, "name": "confirmed fault", "source": "GSJ Seamless Geological Map V2 · 2025-07-18", "url": "https://gsj-seamless.jp/seamless/use.html"}, "geometry": {"type": "LineString", "coordinates": [[135.22661235964867, 34.72507930000214], [135.2270621791053, 34.725301542248346], [135.22858385626344, 34.72593413087561], [135.23198621002527, 34.72774621911436], [135.2329079477079, 34.728001300533364]]}}, {"type": "Feature", "id": "5235-109", "properties": {"Major_Code": "2", "Legend_J": "実在断層", "Legend_E": "confirmed fault", "styleidx": 3, "name": "confirmed fault", "source": "GSJ Seamless Geological Map V2 · 2025-07-18", "url": "https://gsj-seamless.jp/seamless/use.html"}, "geometry": {"type": "LineString", "coordinates": [[135.17459670084057, 34.71198980347059], [135.18137984683293, 34.716323537667066], [135.18816369981877, 34.720656888901]]}}, {"type": "Feature", "id": "5235-110", "properties": {"Major_Code": "2", "Legend_J": "実在断層", "Legend_E": "confirmed fault", "styleidx": 3, "name": "confirmed fault", "source": "GSJ Seamless Geological Map V2 · 2025-07-18", "url": "https://gsj-seamless.jp/seamless/use.html"}, "geometry": {"type": "LineString", "coordinates": [[135.15079080403706, 34.68211717206215], [135.15052196952934, 34.68189327874653], [135.14644622640552, 34.678498657776515]]}}, {"type": "Feature", "id": "5235-111", "properties": {"Major_Code": "2", "Legend_J": "実在断層", "Legend_E": "confirmed fault", "styleidx": 3, "name": "confirmed fault", "source": "GSJ Seamless Geological Map V2 · 2025-07-18", "url": "https://gsj-seamless.jp/seamless/use.html"}, "geometry": {"type": "LineString", "coordinates": [[135.12867894356978, 34.726158989854156], [135.13017850365983, 34.72311674011634]]}}, {"type": "Feature", "id": "5235-112", "properties": {"Major_Code": "2", "Legend_J": "実在断層", "Legend_E": "confirmed fault", "styleidx": 3, "name": "confirmed fault", "source": "GSJ Seamless Geological Map V2 · 2025-07-18", "url": "https://gsj-seamless.jp/seamless/use.html"}, "geometry": {"type": "LineString", "coordinates": [[135.1683741542671, 34.69382381142964], [135.16818481230473, 34.69377676372711], [135.16478015254526, 34.69331747580652], [135.1630106008123, 34.692862507881856], [135.1623307465444, 34.69252315044779], [135.161325402273, 34.69168613849045], [135.16073658326187, 34.69113477423948]]}}, {"type": "Feature", "id": "5235-113", "properties": {"Major_Code": "2", "Legend_J": "実在断層", "Legend_E": "confirmed fault", "styleidx": 3, "name": "confirmed fault", "source": "GSJ Seamless Geological Map V2 · 2025-07-18", "url": "https://gsj-seamless.jp/seamless/use.html"}, "geometry": {"type": "LineString", "coordinates": [[135.1941324240247, 34.704019924483774], [135.19553483622565, 34.705155750883634], [135.19770695227854, 34.70703852033056], [135.1989270763333, 34.70805516673869], [135.19933677650602, 34.708403804782904]]}}, {"type": "Feature", "id": "5235-114", "properties": {"Major_Code": "2", "Legend_J": "実在断層", "Legend_E": "confirmed fault", "styleidx": 3, "name": "confirmed fault", "source": "GSJ Seamless Geological Map V2 · 2025-07-18", "url": "https://gsj-seamless.jp/seamless/use.html"}, "geometry": {"type": "LineString", "coordinates": [[135.18923826198, 34.7002889421883], [135.18984926916298, 34.70072517818176], [135.1899613146873, 34.7008196586827], [135.1928605492551, 34.70298979870904], [135.1941324240247, 34.704019924483774]]}}, {"type": "Feature", "id": "5235-115", "properties": {"Major_Code": "2", "Legend_J": "実在断層", "Legend_E": "confirmed fault", "styleidx": 3, "name": "confirmed fault", "source": "GSJ Seamless Geological Map V2 · 2025-07-18", "url": "https://gsj-seamless.jp/seamless/use.html"}, "geometry": {"type": "LineString", "coordinates": [[135.0903289229343, 34.722343439467664], [135.09106100773516, 34.72278007502081], [135.09248915904698, 34.72340542209866]]}}, {"type": "Feature", "id": "5235-116", "properties": {"Major_Code": "2", "Legend_J": "実在断層", "Legend_E": "confirmed fault", "styleidx": 3, "name": "confirmed fault", "source": "GSJ Seamless Geological Map V2 · 2025-07-18", "url": "https://gsj-seamless.jp/seamless/use.html"}, "geometry": {"type": "LineString", "coordinates": [[135.1187657831631, 34.7126242440837], [135.11804079947677, 34.71358969387137], [135.11603077566184, 34.71698845207895], [135.11584643458193, 34.717439424962606], [135.11554031181825, 34.7181655042275]]}}, {"type": "Feature", "id": "5235-117", "properties": {"Major_Code": "2", "Legend_J": "実在断層", "Legend_E": "confirmed fault", "styleidx": 3, "name": "confirmed fault", "source": "GSJ Seamless Geological Map V2 · 2025-07-18", "url": "https://gsj-seamless.jp/seamless/use.html"}, "geometry": {"type": "LineString", "coordinates": [[135.15586859461297, 34.67783006973639], [135.15627060375797, 34.67806392080361], [135.15688385824268, 34.67841917974063], [135.16192504283643, 34.681220415863876], [135.16212709946174, 34.681346340620536]]}}, {"type": "Feature", "id": "5235-118", "properties": {"Major_Code": "2", "Legend_J": "実在断層", "Legend_E": "confirmed fault", "styleidx": 3, "name": "confirmed fault", "source": "GSJ Seamless Geological Map V2 · 2025-07-18", "url": "https://gsj-seamless.jp/seamless/use.html"}, "geometry": {"type": "LineString", "coordinates": [[135.10646743669434, 34.66992973129072], [135.1064433694227, 34.669904652241485], [135.10628196620996, 34.66969433011626]]}}, {"type": "Feature", "id": "5235-119", "properties": {"Major_Code": "4", "Legend_J": "伏在断層", "Legend_E": "concealed fault", "styleidx": 4, "name": "concealed fault", "source": "GSJ Seamless Geological Map V2 · 2025-07-18", "url": "https://gsj-seamless.jp/seamless/use.html"}, "geometry": {"type": "LineString", "coordinates": [[135.16212709946174, 34.681346340620536], [135.1663554578029, 34.68396147848662], [135.16862599107264, 34.68531946790816], [135.170635656344, 34.686537627340144], [135.1724751636683, 34.687631022577875], [135.1744761757885, 34.68870272491435]]}}, {"type": "Feature", "id": "5235-120", "properties": {"Major_Code": "2", "Legend_J": "実在断層", "Legend_E": "confirmed fault", "styleidx": 3, "name": "confirmed fault", "source": "GSJ Seamless Geological Map V2 · 2025-07-18", "url": "https://gsj-seamless.jp/seamless/use.html"}, "geometry": {"type": "LineString", "coordinates": [[135.14908188852502, 34.6837941072494], [135.15002184743793, 34.68439464451269], [135.15145990623327, 34.685165800032394], [135.15601608368627, 34.68673053672666]]}}, {"type": "Feature", "id": "5235-121", "properties": {"Major_Code": "2", "Legend_J": "実在断層", "Legend_E": "confirmed fault", "styleidx": 3, "name": "confirmed fault", "source": "GSJ Seamless Geological Map V2 · 2025-07-18", "url": "https://gsj-seamless.jp/seamless/use.html"}, "geometry": {"type": "LineString", "coordinates": [[135.21381254315307, 34.72117077654322], [135.21391737300206, 34.72121566303196]]}}, {"type": "Feature", "id": "5235-122", "properties": {"Major_Code": "2", "Legend_J": "実在断層", "Legend_E": "confirmed fault", "styleidx": 3, "name": "confirmed fault", "source": "GSJ Seamless Geological Map V2 · 2025-07-18", "url": "https://gsj-seamless.jp/seamless/use.html"}, "geometry": {"type": "LineString", "coordinates": [[135.07102626861368, 34.698881729457156], [135.0709255329258, 34.69815604076278], [135.07082519749758, 34.694353781273385]]}}, {"type": "Feature", "id": "5235-123", "properties": {"Major_Code": "2", "Legend_J": "実在断層", "Legend_E": "confirmed fault", "styleidx": 3, "name": "confirmed fault", "source": "GSJ Seamless Geological Map V2 · 2025-07-18", "url": "https://gsj-seamless.jp/seamless/use.html"}, "geometry": {"type": "LineString", "coordinates": [[135.14302375101258, 34.67568795764343], [135.14263531311428, 34.67538418288041]]}}, {"type": "Feature", "id": "5235-124", "properties": {"Major_Code": "2", "Legend_J": "実在断層", "Legend_E": "confirmed fault", "styleidx": 3, "name": "confirmed fault", "source": "GSJ Seamless Geological Map V2 · 2025-07-18", "url": "https://gsj-seamless.jp/seamless/use.html"}, "geometry": {"type": "LineString", "coordinates": [[135.14908188852502, 34.6837941072494], [135.1482934861149, 34.683288029559066], [135.14751837972284, 34.6827864324482]]}}, {"type": "Feature", "id": "5235-125", "properties": {"Major_Code": "2", "Legend_J": "実在断層", "Legend_E": "confirmed fault", "styleidx": 3, "name": "confirmed fault", "source": "GSJ Seamless Geological Map V2 · 2025-07-18", "url": "https://gsj-seamless.jp/seamless/use.html"}, "geometry": {"type": "LineString", "coordinates": [[135.16566997879679, 34.710761328107196], [135.162153408611, 34.70813389589415], [135.15454766858565, 34.7031995517947], [135.1469428308702, 34.698264726655154]]}}, {"type": "Feature", "id": "5235-126", "properties": {"Major_Code": "2", "Legend_J": "実在断層", "Legend_E": "confirmed fault", "styleidx": 3, "name": "confirmed fault", "source": "GSJ Seamless Geological Map V2 · 2025-07-18", "url": "https://gsj-seamless.jp/seamless/use.html"}, "geometry": {"type": "LineString", "coordinates": [[135.21391737300206, 34.72121566303196], [135.21439712269057, 34.721422122836415], [135.21783194177615, 34.722900970984], [135.22673628233235, 34.727549313975054], [135.22744431293023, 34.72788599784046]]}}, {"type": "Feature", "id": "5235-127", "properties": {"Major_Code": "2", "Legend_J": "実在断層", "Legend_E": "confirmed fault", "styleidx": 3, "name": "confirmed fault", "source": "GSJ Seamless Geological Map V2 · 2025-07-18", "url": "https://gsj-seamless.jp/seamless/use.html"}, "geometry": {"type": "LineString", "coordinates": [[135.15331047071464, 34.67631446238015], [135.15214611403408, 34.67563085695455], [135.14898526220534, 34.673822956041576]]}}, {"type": "Feature", "id": "5235-128", "properties": {"Major_Code": "4", "Legend_J": "伏在断層", "Legend_E": "concealed fault", "styleidx": 4, "name": "concealed fault", "source": "GSJ Seamless Geological Map V2 · 2025-07-18", "url": "https://gsj-seamless.jp/seamless/use.html"}, "geometry": {"type": "LineString", "coordinates": [[135.18384574116558, 34.695756171588016], [135.1787911911758, 34.691826681139965], [135.1767154952828, 34.690360386083654], [135.1749613871911, 34.689060353099904], [135.1744761757885, 34.68870272491435]]}}, {"type": "Feature", "id": "5235-129", "properties": {"Major_Code": "2", "Legend_J": "実在断層", "Legend_E": "confirmed fault", "styleidx": 3, "name": "confirmed fault", "source": "GSJ Seamless Geological Map V2 · 2025-07-18", "url": "https://gsj-seamless.jp/seamless/use.html"}, "geometry": {"type": "LineString", "coordinates": [[135.18805933836092, 34.714866821127586], [135.18816369981877, 34.720656888901]]}}, {"type": "Feature", "id": "5235-130", "properties": {"Major_Code": "2", "Legend_J": "実在断層", "Legend_E": "confirmed fault", "styleidx": 3, "name": "confirmed fault", "source": "GSJ Seamless Geological Map V2 · 2025-07-18", "url": "https://gsj-seamless.jp/seamless/use.html"}, "geometry": {"type": "LineString", "coordinates": [[135.11012720888942, 34.67353711392609], [135.10930323600235, 34.672724966596164], [135.1079946367072, 34.6714703895969], [135.10695338315625, 34.67043610672919], [135.10646743669434, 34.66992973129072]]}}, {"type": "Feature", "id": "5235-131", "properties": {"Major_Code": "2", "Legend_J": "実在断層", "Legend_E": "confirmed fault", "styleidx": 3, "name": "confirmed fault", "source": "GSJ Seamless Geological Map V2 · 2025-07-18", "url": "https://gsj-seamless.jp/seamless/use.html"}, "geometry": {"type": "LineString", "coordinates": [[135.18164444798813, 34.72290559535769], [135.18056527649856, 34.72210267649385], [135.17351653169, 34.716699841813664], [135.1684128288491, 34.71281057308028], [135.16566997879679, 34.710761328107196]]}}, {"type": "Feature", "id": "5235-132", "properties": {"Major_Code": "2", "Legend_J": "実在断層", "Legend_E": "confirmed fault", "styleidx": 3, "name": "confirmed fault", "source": "GSJ Seamless Geological Map V2 · 2025-07-18", "url": "https://gsj-seamless.jp/seamless/use.html"}, "geometry": {"type": "LineString", "coordinates": [[135.22745764616226, 34.724126488120746], [135.22749892024143, 34.72412866235132], [135.22926865023564, 34.72492077775304], [135.2329113734565, 34.72682927618602]]}}, {"type": "Feature", "id": "5235-133", "properties": {"Major_Code": "2", "Legend_J": "実在断層", "Legend_E": "confirmed fault", "styleidx": 3, "name": "confirmed fault", "source": "GSJ Seamless Geological Map V2 · 2025-07-18", "url": "https://gsj-seamless.jp/seamless/use.html"}, "geometry": {"type": "LineString", "coordinates": [[135.11012720888942, 34.67353711392609], [135.11148497587038, 34.674430447841374], [135.11381286275196, 34.67530716302271], [135.1157605356035, 34.675859574155815]]}}, {"type": "Feature", "id": "5235-134", "properties": {"Major_Code": "2", "Legend_J": "実在断層", "Legend_E": "confirmed fault", "styleidx": 3, "name": "confirmed fault", "source": "GSJ Seamless Geological Map V2 · 2025-07-18", "url": "https://gsj-seamless.jp/seamless/use.html"}, "geometry": {"type": "LineString", "coordinates": [[135.1827988997625, 34.69731755910996], [135.1810848156849, 34.69707237645702], [135.17853009824196, 34.6966211305435], [135.1747188637981, 34.695484339546255], [135.17185595043964, 34.694846357556614], [135.1683741542671, 34.69382381142964]]}}, {"type": "Feature", "id": "5235-135", "properties": {"Major_Code": "2", "Legend_J": "実在断層", "Legend_E": "confirmed fault", "styleidx": 3, "name": "confirmed fault", "source": "GSJ Seamless Geological Map V2 · 2025-07-18", "url": "https://gsj-seamless.jp/seamless/use.html"}, "geometry": {"type": "LineString", "coordinates": [[135.15264333284296, 34.68366760390977], [135.15315616577453, 34.684101911476034], [135.15444281620404, 34.68526316216497], [135.15555813054695, 34.686302924492324]]}}, {"type": "Feature", "id": "5235-136", "properties": {"Major_Code": "2", "Legend_J": "実在断層", "Legend_E": "confirmed fault", "styleidx": 3, "name": "confirmed fault", "source": "GSJ Seamless Geological Map V2 · 2025-07-18", "url": "https://gsj-seamless.jp/seamless/use.html"}, "geometry": {"type": "LineString", "coordinates": [[135.19933677650602, 34.708403804782904], [135.20103537774906, 34.70985233445387], [135.2024628114712, 34.71110974688129], [135.2069479694721, 34.71472823237298], [135.21143734750189, 34.71721735661757], [135.2121256646641, 34.71750458164595], [135.21267792811827, 34.71780558117534], [135.2130543012081, 34.71800998221774], [135.21428418897966, 34.71868160654047], [135.21443081391325, 34.71880304375534], [135.21987343908498, 34.721745350325634], [135.22436439567326, 34.724010854426574], [135.22490973729418, 34.72423742992538], [135.22661235964867, 34.72507930000214]]}}, {"type": "Feature", "id": "5235-137", "properties": {"Major_Code": "2", "Legend_J": "実在断層", "Legend_E": "confirmed fault", "styleidx": 3, "name": "confirmed fault", "source": "GSJ Seamless Geological Map V2 · 2025-07-18", "url": "https://gsj-seamless.jp/seamless/use.html"}, "geometry": {"type": "LineString", "coordinates": [[135.19615992714574, 34.72079442692632], [135.19329536587193, 34.718581488111816], [135.19031758857466, 34.71647009587575]]}}, {"type": "Feature", "id": "5235-138", "properties": {"Major_Code": "2", "Legend_J": "実在断層", "Legend_E": "confirmed fault", "styleidx": 3, "name": "confirmed fault", "source": "GSJ Seamless Geological Map V2 · 2025-07-18", "url": "https://gsj-seamless.jp/seamless/use.html"}, "geometry": {"type": "LineString", "coordinates": [[135.51026034791656, 34.669939087586016], [135.51025971350998, 34.66992871509781], [135.5102585852709, 34.669926227297005], [135.5102579589534, 34.66991813467408], [135.5100063268751, 34.66666666614339]]}}, {"type": "Feature", "id": "5235-139", "properties": {"Major_Code": "2", "Legend_J": "実在断層", "Legend_E": "confirmed fault", "styleidx": 3, "name": "confirmed fault", "source": "GSJ Seamless Geological Map V2 · 2025-07-18", "url": "https://gsj-seamless.jp/seamless/use.html"}, "geometry": {"type": "LineString", "coordinates": [[135.5090200503281, 34.68228998099171], [135.50985577122069, 34.67878832381692], [135.51036318014755, 34.67501895082336], [135.5102808932244, 34.67031163986962], [135.51026313384023, 34.669984637180605], [135.51026034791656, 34.669939087586016]]}}, {"type": "Feature", "id": "5235-171", "properties": {"Major_Code": "2", "Legend_J": "実在断層", "Legend_E": "confirmed fault", "styleidx": 3, "name": "confirmed fault", "source": "GSJ Seamless Geological Map V2 · 2025-07-18", "url": "https://gsj-seamless.jp/seamless/use.html"}, "geometry": {"type": "LineString", "coordinates": [[135.10155874487864, 34.80592284317007], [135.10062668501303, 34.80570509515002], [135.09653923511536, 34.80445118985495], [135.09602562383589, 34.80438629354627]]}}, {"type": "Feature", "id": "5235-172", "properties": {"Major_Code": "2", "Legend_J": "実在断層", "Legend_E": "confirmed fault", "styleidx": 3, "name": "confirmed fault", "source": "GSJ Seamless Geological Map V2 · 2025-07-18", "url": "https://gsj-seamless.jp/seamless/use.html"}, "geometry": {"type": "LineString", "coordinates": [[135.2685194528738, 34.75312703246999], [135.26469858700983, 34.7493605704971], [135.26294127511517, 34.747520891841646]]}}, {"type": "Feature", "id": "5235-173", "properties": {"Major_Code": "2", "Legend_J": "実在断層", "Legend_E": "confirmed fault", "styleidx": 3, "name": "confirmed fault", "source": "GSJ Seamless Geological Map V2 · 2025-07-18", "url": "https://gsj-seamless.jp/seamless/use.html"}, "geometry": {"type": "LineString", "coordinates": [[135.12262204139967, 34.76092526291059], [135.1234821178213, 34.76124209482684], [135.12619370274456, 34.762129301187485], [135.12690498266647, 34.762426002185215], [135.12985032341297, 34.763493167510035]]}}, {"type": "Feature", "id": "5235-174", "properties": {"Major_Code": "2", "Legend_J": "実在断層", "Legend_E": "confirmed fault", "styleidx": 3, "name": "confirmed fault", "source": "GSJ Seamless Geological Map V2 · 2025-07-18", "url": "https://gsj-seamless.jp/seamless/use.html"}, "geometry": {"type": "LineString", "coordinates": [[135.06045982138832, 34.93674244373683], [135.0599295901716, 34.93651061980877], [135.05929506235154, 34.9362878783721], [135.05315912801342, 34.933674696077546], [135.04606721004996, 34.93100082636835], [135.03897575190985, 34.92832654122968]]}}, {"type": "Feature", "id": "5235-175", "properties": {"Major_Code": "2", "Legend_J": "実在断層", "Legend_E": "confirmed fault", "styleidx": 3, "name": "confirmed fault", "source": "GSJ Seamless Geological Map V2 · 2025-07-18", "url": "https://gsj-seamless.jp/seamless/use.html"}, "geometry": {"type": "LineString", "coordinates": [[135.29472100721605, 34.87372110975397], [135.29435418828882, 34.873782891502756], [135.293715612526, 34.873924240799994], [135.2934396031073, 34.87396099468784]]}}, {"type": "Feature", "id": "5235-176", "properties": {"Major_Code": "2", "Legend_J": "実在断層", "Legend_E": "confirmed fault", "styleidx": 3, "name": "confirmed fault", "source": "GSJ Seamless Geological Map V2 · 2025-07-18", "url": "https://gsj-seamless.jp/seamless/use.html"}, "geometry": {"type": "LineString", "coordinates": [[135.27960186357484, 34.76549266715705], [135.2792286211368, 34.76510364615115]]}}, {"type": "Feature", "id": "5235-177", "properties": {"Major_Code": "2", "Legend_J": "実在断層", "Legend_E": "confirmed fault", "styleidx": 3, "name": "confirmed fault", "source": "GSJ Seamless Geological Map V2 · 2025-07-18", "url": "https://gsj-seamless.jp/seamless/use.html"}, "geometry": {"type": "LineString", "coordinates": [[135.08306566673454, 34.806441471434226], [135.08315939014977, 34.80578777714433], [135.08316260680587, 34.80553985252785], [135.08318079917694, 34.80181646134652], [135.08346443522743, 34.79956237073085], [135.08390422613255, 34.79748395981032], [135.0843296717987, 34.79541232523914], [135.08488579262846, 34.793277464529424]]}}, {"type": "Feature", "id": "5235-178", "properties": {"Major_Code": "2", "Legend_J": "実在断層", "Legend_E": "confirmed fault", "styleidx": 3, "name": "confirmed fault", "source": "GSJ Seamless Geological Map V2 · 2025-07-18", "url": "https://gsj-seamless.jp/seamless/use.html"}, "geometry": {"type": "LineString", "coordinates": [[135.23885320849132, 34.81278900181172], [135.2393675897624, 34.81268390967149], [135.23977782097424, 34.81234498285732], [135.24647352003603, 34.80908759199707], [135.25090970084386, 34.807193831129666]]}}, {"type": "Feature", "id": "5235-179", "properties": {"Major_Code": "2", "Legend_J": "実在断層", "Legend_E": "confirmed fault", "styleidx": 3, "name": "confirmed fault", "source": "GSJ Seamless Geological Map V2 · 2025-07-18", "url": "https://gsj-seamless.jp/seamless/use.html"}, "geometry": {"type": "LineString", "coordinates": [[135.17644105174065, 34.76091874068783], [135.1770474781018, 34.76108683443199], [135.18155108937486, 34.76167474335949]]}}, {"type": "Feature", "id": "5235-180", "properties": {"Major_Code": "2", "Legend_J": "実在断層", "Legend_E": "confirmed fault", "styleidx": 3, "name": "confirmed fault", "source": "GSJ Seamless Geological Map V2 · 2025-07-18", "url": "https://gsj-seamless.jp/seamless/use.html"}, "geometry": {"type": "LineString", "coordinates": [[135.18146237310623, 34.80828706194363], [135.18179176016687, 34.80821891316572], [135.1831842621819, 34.807876343858666], [135.1849675301503, 34.807429451468195]]}}, {"type": "Feature", "id": "5235-181", "properties": {"Major_Code": "2", "Legend_J": "実在断層", "Legend_E": "confirmed fault", "styleidx": 3, "name": "confirmed fault", "source": "GSJ Seamless Geological Map V2 · 2025-07-18", "url": "https://gsj-seamless.jp/seamless/use.html"}, "geometry": {"type": "LineString", "coordinates": [[135.22147651731913, 34.79310665658173], [135.22060079488145, 34.792686869365895], [135.21329866825587, 34.78959484619594]]}}, {"type": "Feature", "id": "5235-182", "properties": {"Major_Code": "2", "Legend_J": "実在断層", "Legend_E": "confirmed fault", "styleidx": 3, "name": "confirmed fault", "source": "GSJ Seamless Geological Map V2 · 2025-07-18", "url": "https://gsj-seamless.jp/seamless/use.html"}, "geometry": {"type": "LineString", "coordinates": [[135.17228813363562, 34.77989595977297], [135.17321112571562, 34.780063597694024]]}}, {"type": "Feature", "id": "5235-183", "properties": {"Major_Code": "2", "Legend_J": "実在断層", "Legend_E": "confirmed fault", "styleidx": 3, "name": "confirmed fault", "source": "GSJ Seamless Geological Map V2 · 2025-07-18", "url": "https://gsj-seamless.jp/seamless/use.html"}, "geometry": {"type": "LineString", "coordinates": [[135.21329866825587, 34.78959484619594], [135.21311036862798, 34.789511809107715], [135.21133737254308, 34.78872173136378], [135.2004397536901, 34.78418627186683], [135.20003176029235, 34.78384890988093], [135.19703481003125, 34.78271366766647], [135.196422372364, 34.78238565254243]]}}, {"type": "Feature", "id": "5235-184", "properties": {"Major_Code": "2", "Legend_J": "実在断層", "Legend_E": "confirmed fault", "styleidx": 3, "name": "confirmed fault", "source": "GSJ Seamless Geological Map V2 · 2025-07-18", "url": "https://gsj-seamless.jp/seamless/use.html"}, "geometry": {"type": "LineString", "coordinates": [[135.1190413818676, 34.759815787387225], [135.11825104346548, 34.75956871036518], [135.115696353054, 34.75874877487057]]}}, {"type": "Feature", "id": "5235-185", "properties": {"Major_Code": "2", "Legend_J": "実在断層", "Legend_E": "confirmed fault", "styleidx": 3, "name": "confirmed fault", "source": "GSJ Seamless Geological Map V2 · 2025-07-18", "url": "https://gsj-seamless.jp/seamless/use.html"}, "geometry": {"type": "LineString", "coordinates": [[135.14556079773382, 34.75034036964364], [135.14918046701544, 34.75112671805198]]}}, {"type": "Feature", "id": "5235-186", "properties": {"Major_Code": "2", "Legend_J": "実在断層", "Legend_E": "confirmed fault", "styleidx": 3, "name": "confirmed fault", "source": "GSJ Seamless Geological Map V2 · 2025-07-18", "url": "https://gsj-seamless.jp/seamless/use.html"}, "geometry": {"type": "LineString", "coordinates": [[135.28128321216346, 34.83036807009729], [135.28218198881194, 34.830090920182094]]}}, {"type": "Feature", "id": "5235-187", "properties": {"Major_Code": "2", "Legend_J": "実在断層", "Legend_E": "confirmed fault", "styleidx": 3, "name": "confirmed fault", "source": "GSJ Seamless Geological Map V2 · 2025-07-18", "url": "https://gsj-seamless.jp/seamless/use.html"}, "geometry": {"type": "LineString", "coordinates": [[135.30515440954224, 34.87120828659313], [135.30552861509128, 34.87111489819168]]}}, {"type": "Feature", "id": "5235-188", "properties": {"Major_Code": "2", "Legend_J": "実在断層", "Legend_E": "confirmed fault", "styleidx": 3, "name": "confirmed fault", "source": "GSJ Seamless Geological Map V2 · 2025-07-18", "url": "https://gsj-seamless.jp/seamless/use.html"}, "geometry": {"type": "LineString", "coordinates": [[135.20511744414748, 34.76594419570581], [135.20404824879387, 34.765675643162055], [135.19860779283988, 34.7644771461391], [135.1947235424786, 34.763663430537534], [135.19410143921405, 34.76353376596512], [135.1888010949383, 34.76262083749124], [135.18155108937486, 34.76167474335949]]}}, {"type": "Feature", "id": "5235-189", "properties": {"Major_Code": "2", "Legend_J": "実在断層", "Legend_E": "confirmed fault", "styleidx": 3, "name": "confirmed fault", "source": "GSJ Seamless Geological Map V2 · 2025-07-18", "url": "https://gsj-seamless.jp/seamless/use.html"}, "geometry": {"type": "LineString", "coordinates": [[135.30372349211655, 34.79088288679945], [135.29947202007156, 34.78676030257967], [135.29522097149928, 34.782637564918545], [135.29510937404072, 34.782545445836845], [135.29363763806657, 34.780973715507855], [135.29193175954384, 34.779188434218916], [135.29124734567588, 34.77846440142644], [135.29054819163767, 34.77761418872113]]}}, {"type": "Feature", "id": "5235-190", "properties": {"Major_Code": "2", "Legend_J": "実在断層", "Legend_E": "confirmed fault", "styleidx": 3, "name": "confirmed fault", "source": "GSJ Seamless Geological Map V2 · 2025-07-18", "url": "https://gsj-seamless.jp/seamless/use.html"}, "geometry": {"type": "LineString", "coordinates": [[135.11825185819475, 34.80883148377862], [135.11966372048306, 34.80900350123072], [135.12817024866297, 34.80984136993243], [135.12926089763232, 34.81006999164582], [135.1370363344715, 34.81054071797777], [135.13717240406194, 34.8106555004517], [135.13971848747715, 34.810661344587984], [135.1432555502982, 34.81089575886469], [135.14727568461183, 34.811039280591274], [135.15258219706536, 34.811185436449534], [135.1586939111671, 34.811111604748604], [135.1621253176561, 34.811032331932296], [135.16400215138117, 34.81086959191626], [135.1726526428247, 34.809840205051884], [135.17337485252028, 34.80966269162659]]}}, {"type": "Feature", "id": "5235-191", "properties": {"Major_Code": "2", "Legend_J": "実在断層", "Legend_E": "confirmed fault", "styleidx": 3, "name": "confirmed fault", "source": "GSJ Seamless Geological Map V2 · 2025-07-18", "url": "https://gsj-seamless.jp/seamless/use.html"}, "geometry": {"type": "LineString", "coordinates": [[135.2716248887481, 34.87481864364814], [135.2747072921766, 34.874121719246574], [135.2753178796977, 34.87398053607839], [135.27541145672586, 34.873960029498576]]}}, {"type": "Feature", "id": "5235-192", "properties": {"Major_Code": "2", "Legend_J": "実在断層", "Legend_E": "confirmed fault", "styleidx": 3, "name": "confirmed fault", "source": "GSJ Seamless Geological Map V2 · 2025-07-18", "url": "https://gsj-seamless.jp/seamless/use.html"}, "geometry": {"type": "LineString", "coordinates": [[135.2402822591549, 34.734188866864315], [135.23558249072278, 34.73189509023]]}}, {"type": "Feature", "id": "5235-193", "properties": {"Major_Code": "2", "Legend_J": "実在断層", "Legend_E": "confirmed fault", "styleidx": 3, "name": "confirmed fault", "source": "GSJ Seamless Geological Map V2 · 2025-07-18", "url": "https://gsj-seamless.jp/seamless/use.html"}, "geometry": {"type": "LineString", "coordinates": [[135.2394373620157, 34.806246759634305], [135.2402057102634, 34.80614373862489], [135.24675908181683, 34.80468971454037], [135.24861535498658, 34.804248484769076]]}}, {"type": "Feature", "id": "5235-194", "properties": {"Major_Code": "2", "Legend_J": "実在断層", "Legend_E": "confirmed fault", "styleidx": 3, "name": "confirmed fault", "source": "GSJ Seamless Geological Map V2 · 2025-07-18", "url": "https://gsj-seamless.jp/seamless/use.html"}, "geometry": {"type": "LineString", "coordinates": [[135.1643255053888, 34.778614105937535], [135.16632604006867, 34.778935733646534], [135.16758580909732, 34.779039798546165], [135.17228813363562, 34.77989595977297]]}}, {"type": "Feature", "id": "5235-195", "properties": {"Major_Code": "2", "Legend_J": "実在断層", "Legend_E": "confirmed fault", "styleidx": 3, "name": "confirmed fault", "source": "GSJ Seamless Geological Map V2 · 2025-07-18", "url": "https://gsj-seamless.jp/seamless/use.html"}, "geometry": {"type": "LineString", "coordinates": [[135.24444152924448, 34.734238751657685], [135.24820079885973, 34.73741547108439]]}}, {"type": "Feature", "id": "5235-196", "properties": {"Major_Code": "2", "Legend_J": "実在断層", "Legend_E": "confirmed fault", "styleidx": 3, "name": "confirmed fault", "source": "GSJ Seamless Geological Map V2 · 2025-07-18", "url": "https://gsj-seamless.jp/seamless/use.html"}, "geometry": {"type": "LineString", "coordinates": [[135.30640114756503, 34.85387982865293], [135.30532106218317, 34.85394802624113], [135.3052609631598, 34.85395719803911]]}}, {"type": "Feature", "id": "5235-197", "properties": {"Major_Code": "2", "Legend_J": "実在断層", "Legend_E": "confirmed fault", "styleidx": 3, "name": "confirmed fault", "source": "GSJ Seamless Geological Map V2 · 2025-07-18", "url": "https://gsj-seamless.jp/seamless/use.html"}, "geometry": {"type": "LineString", "coordinates": [[135.08488579262846, 34.793277464529424], [135.08512878982032, 34.79234642488315], [135.08692044083668, 34.78704387324875]]}}, {"type": "Feature", "id": "5235-198", "properties": {"Major_Code": "2", "Legend_J": "実在断層", "Legend_E": "confirmed fault", "styleidx": 3, "name": "confirmed fault", "source": "GSJ Seamless Geological Map V2 · 2025-07-18", "url": "https://gsj-seamless.jp/seamless/use.html"}, "geometry": {"type": "LineString", "coordinates": [[135.28201419902507, 34.80393994377472], [135.27692522463633, 34.803289544114286]]}}, {"type": "Feature", "id": "5235-199", "properties": {"Major_Code": "2", "Legend_J": "実在断層", "Legend_E": "confirmed fault", "styleidx": 3, "name": "confirmed fault", "source": "GSJ Seamless Geological Map V2 · 2025-07-18", "url": "https://gsj-seamless.jp/seamless/use.html"}, "geometry": {"type": "LineString", "coordinates": [[135.22261028699984, 34.80298988490271], [135.22193281840893, 34.802840186319315], [135.2166146308917, 34.80192625830755], [135.21429727359936, 34.80135813003157], [135.2130699307645, 34.80113052428239], [135.21223749172742, 34.80098105949686]]}}, {"type": "Feature", "id": "5235-200", "properties": {"Major_Code": "2", "Legend_J": "実在断層", "Legend_E": "confirmed fault", "styleidx": 3, "name": "confirmed fault", "source": "GSJ Seamless Geological Map V2 · 2025-07-18", "url": "https://gsj-seamless.jp/seamless/use.html"}, "geometry": {"type": "LineString", "coordinates": [[135.21953426823657, 34.78501451003332], [135.21532817617936, 34.77801521044469], [135.2151964389021, 34.77788022997425]]}}, {"type": "Feature", "id": "5235-201", "properties": {"Major_Code": "2", "Legend_J": "実在断層", "Legend_E": "confirmed fault", "styleidx": 3, "name": "confirmed fault", "source": "GSJ Seamless Geological Map V2 · 2025-07-18", "url": "https://gsj-seamless.jp/seamless/use.html"}, "geometry": {"type": "LineString", "coordinates": [[135.28126697022705, 34.80668018149785], [135.28004518303544, 34.80688372310658], [135.271308550032, 34.80845059537043], [135.26926109412176, 34.80867172891071], [135.2688533692161, 34.80822190470403], [135.26871779418533, 34.80765649904298], [135.2666816726125, 34.80370569362878], [135.2652553245531, 34.80150469031477]]}}, {"type": "Feature", "id": "5235-202", "properties": {"Major_Code": "2", "Legend_J": "実在断層", "Legend_E": "confirmed fault", "styleidx": 3, "name": "confirmed fault", "source": "GSJ Seamless Geological Map V2 · 2025-07-18", "url": "https://gsj-seamless.jp/seamless/use.html"}, "geometry": {"type": "LineString", "coordinates": [[135.29917271593683, 34.85498044643997], [135.2984924175759, 34.85506557711501], [135.29152698285756, 34.85641073014797], [135.2870185933226, 34.8575330743269], [135.2859458079014, 34.857761103539836]]}}, {"type": "Feature", "id": "5235-203", "properties": {"Major_Code": "2", "Legend_J": "実在断層", "Legend_E": "confirmed fault", "styleidx": 3, "name": "confirmed fault", "source": "GSJ Seamless Geological Map V2 · 2025-07-18", "url": "https://gsj-seamless.jp/seamless/use.html"}, "geometry": {"type": "LineString", "coordinates": [[135.29384635054774, 34.86990759194967], [135.29401504805463, 34.86987335561075], [135.29798559856087, 34.86899103386735]]}}, {"type": "Feature", "id": "5235-204", "properties": {"Major_Code": "2", "Legend_J": "実在断層", "Legend_E": "confirmed fault", "styleidx": 3, "name": "confirmed fault", "source": "GSJ Seamless Geological Map V2 · 2025-07-18", "url": "https://gsj-seamless.jp/seamless/use.html"}, "geometry": {"type": "LineString", "coordinates": [[135.16244404012053, 34.73309755417628], [135.16271148532198, 34.7330836422675], [135.16935308428265, 34.73302654562995], [135.17397888018905, 34.73321336541359], [135.17902003216605, 34.73364727981844], [135.18343920672373, 34.73420369315003], [135.18602385606272, 34.7345330718809]]}}, {"type": "Feature", "id": "5235-205", "properties": {"Major_Code": "2", "Legend_J": "実在断層", "Legend_E": "confirmed fault", "styleidx": 3, "name": "confirmed fault", "source": "GSJ Seamless Geological Map V2 · 2025-07-18", "url": "https://gsj-seamless.jp/seamless/use.html"}, "geometry": {"type": "LineString", "coordinates": [[135.11825185819475, 34.80883148377862], [135.11822590449734, 34.80882700036116], [135.11667402888548, 34.80864385355606], [135.11425912850706, 34.80833761979531], [135.11194083318009, 34.807992933055274], [135.11096943793362, 34.807768545889715]]}}, {"type": "Feature", "id": "5235-206", "properties": {"Major_Code": "2", "Legend_J": "実在断層", "Legend_E": "confirmed fault", "styleidx": 3, "name": "confirmed fault", "source": "GSJ Seamless Geological Map V2 · 2025-07-18", "url": "https://gsj-seamless.jp/seamless/use.html"}, "geometry": {"type": "LineString", "coordinates": [[135.24619112134084, 34.802919392357666], [135.24499197999774, 34.802430601159216], [135.24349210759146, 34.802088937945584], [135.23735958909532, 34.79971036894311], [135.23569293055837, 34.79875815021515]]}}, {"type": "Feature", "id": "5235-207", "properties": {"Major_Code": "2", "Legend_J": "実在断層", "Legend_E": "confirmed fault", "styleidx": 3, "name": "confirmed fault", "source": "GSJ Seamless Geological Map V2 · 2025-07-18", "url": "https://gsj-seamless.jp/seamless/use.html"}, "geometry": {"type": "LineString", "coordinates": [[135.27692522463633, 34.803289544114286], [135.27554717883834, 34.80308320448792], [135.27405515031253, 34.80289290816904], [135.27225660710724, 34.802516237484355], [135.26614290717836, 34.80099779142418], [135.26514187038657, 34.80079047647888], [135.26477954822587, 34.80065833302909], [135.2646858994844, 34.80062473594114]]}}, {"type": "Feature", "id": "5235-208", "properties": {"Major_Code": "2", "Legend_J": "実在断層", "Legend_E": "confirmed fault", "styleidx": 3, "name": "confirmed fault", "source": "GSJ Seamless Geological Map V2 · 2025-07-18", "url": "https://gsj-seamless.jp/seamless/use.html"}, "geometry": {"type": "LineString", "coordinates": [[135.27105767687473, 34.87884530311106], [135.2719968608304, 34.87863124441292]]}}, {"type": "Feature", "id": "5235-209", "properties": {"Major_Code": "2", "Legend_J": "実在断層", "Legend_E": "confirmed fault", "styleidx": 3, "name": "confirmed fault", "source": "GSJ Seamless Geological Map V2 · 2025-07-18", "url": "https://gsj-seamless.jp/seamless/use.html"}, "geometry": {"type": "LineString", "coordinates": [[135.26892114349323, 34.83451962692307], [135.2709157882213, 34.83380052600772], [135.27342911371832, 34.832926900263715], [135.27575105908363, 34.83225426889773], [135.27902960207098, 34.83101810252269], [135.27990056707526, 34.83079513165523], [135.28128321216346, 34.83036807009729]]}}, {"type": "Feature", "id": "5235-210", "properties": {"Major_Code": "2", "Legend_J": "実在断層", "Legend_E": "confirmed fault", "styleidx": 3, "name": "confirmed fault", "source": "GSJ Seamless Geological Map V2 · 2025-07-18", "url": "https://gsj-seamless.jp/seamless/use.html"}, "geometry": {"type": "LineString", "coordinates": [[135.17337485252028, 34.80966269162659], [135.17401825336594, 34.809504548792745], [135.17997826292827, 34.80858918716687], [135.18146237310623, 34.80828706194363]]}}, {"type": "Feature", "id": "5235-211", "properties": {"Major_Code": "2", "Legend_J": "実在断層", "Legend_E": "confirmed fault", "styleidx": 3, "name": "confirmed fault", "source": "GSJ Seamless Geological Map V2 · 2025-07-18", "url": "https://gsj-seamless.jp/seamless/use.html"}, "geometry": {"type": "LineString", "coordinates": [[135.2847731322339, 34.77120269089781], [135.2873157168692, 34.77385600244775], [135.28776362850763, 34.77430116505746], [135.2899393044725, 34.77701166949214], [135.29016983764836, 34.77715534565848], [135.29054819163767, 34.77761418872113]]}}, {"type": "Feature", "id": "5235-212", "properties": {"Major_Code": "2", "Legend_J": "実在断層", "Legend_E": "confirmed fault", "styleidx": 3, "name": "confirmed fault", "source": "GSJ Seamless Geological Map V2 · 2025-07-18", "url": "https://gsj-seamless.jp/seamless/use.html"}, "geometry": {"type": "LineString", "coordinates": [[135.2864906470648, 34.80499732813586], [135.285552296935, 34.804776501132864], [135.2833154905287, 34.804265842096655], [135.28201419902507, 34.80393994377472]]}}, {"type": "Feature", "id": "5235-213", "properties": {"Major_Code": "2", "Legend_J": "実在断層", "Legend_E": "confirmed fault", "styleidx": 3, "name": "confirmed fault", "source": "GSJ Seamless Geological Map V2 · 2025-07-18", "url": "https://gsj-seamless.jp/seamless/use.html"}, "geometry": {"type": "LineString", "coordinates": [[135.10945028059945, 34.73803755267428], [135.1097599384636, 34.73852633129417], [135.11034150565953, 34.73930333705053], [135.11060846583544, 34.7400491043349], [135.11102748685323, 34.74098628857045]]}}, {"type": "Feature", "id": "5235-214", "properties": {"Major_Code": "2", "Legend_J": "実在断層", "Legend_E": "confirmed fault", "styleidx": 3, "name": "confirmed fault", "source": "GSJ Seamless Geological Map V2 · 2025-07-18", "url": "https://gsj-seamless.jp/seamless/use.html"}, "geometry": {"type": "LineString", "coordinates": [[135.28880393172417, 34.87095922424656], [135.2889726335438, 34.87092500315038], [135.28928749174207, 34.87086111115558], [135.29009682935046, 34.87069231607589], [135.29036865315447, 34.87063528734872], [135.29075248911064, 34.870555446171494], [135.29076205274072, 34.87055316659435]]}}, {"type": "Feature", "id": "5235-215", "properties": {"Major_Code": "2", "Legend_J": "実在断層", "Legend_E": "confirmed fault", "styleidx": 3, "name": "confirmed fault", "source": "GSJ Seamless Geological Map V2 · 2025-07-18", "url": "https://gsj-seamless.jp/seamless/use.html"}, "geometry": {"type": "LineString", "coordinates": [[135.2934396031073, 34.87396099468784], [135.293124676107, 34.87400686867654]]}}, {"type": "Feature", "id": "5235-216", "properties": {"Major_Code": "2", "Legend_J": "実在断層", "Legend_E": "confirmed fault", "styleidx": 3, "name": "confirmed fault", "source": "GSJ Seamless Geological Map V2 · 2025-07-18", "url": "https://gsj-seamless.jp/seamless/use.html"}, "geometry": {"type": "LineString", "coordinates": [[135.13874028424107, 34.778472906951706], [135.13949012258004, 34.77840434729553], [135.1420826608005, 34.778186958297255], [135.14421881276496, 34.77819097558367], [135.15557611701004, 34.77822085122234], [135.1577723495416, 34.77822680316999], [135.16055810379413, 34.77844148474953], [135.1624418373597, 34.778544711268324]]}}, {"type": "Feature", "id": "5235-217", "properties": {"Major_Code": "2", "Legend_J": "実在断層", "Legend_E": "confirmed fault", "styleidx": 3, "name": "confirmed fault", "source": "GSJ Seamless Geological Map V2 · 2025-07-18", "url": "https://gsj-seamless.jp/seamless/use.html"}, "geometry": {"type": "LineString", "coordinates": [[135.30181075251792, 34.85450484242611], [135.30450905355883, 34.85407636027119], [135.3052609631598, 34.85395719803911]]}}, {"type": "Feature", "id": "5235-218", "properties": {"Major_Code": "2", "Legend_J": "実在断層", "Legend_E": "confirmed fault", "styleidx": 3, "name": "confirmed fault", "source": "GSJ Seamless Geological Map V2 · 2025-07-18", "url": "https://gsj-seamless.jp/seamless/use.html"}, "geometry": {"type": "LineString", "coordinates": [[135.29046062468868, 34.874671661265964], [135.29107472619256, 34.87456645637059], [135.293124676107, 34.87400686867654]]}}, {"type": "Feature", "id": "5235-219", "properties": {"Major_Code": "2", "Legend_J": "実在断層", "Legend_E": "confirmed fault", "styleidx": 3, "name": "confirmed fault", "source": "GSJ Seamless Geological Map V2 · 2025-07-18", "url": "https://gsj-seamless.jp/seamless/use.html"}, "geometry": {"type": "LineString", "coordinates": [[135.26156499022545, 34.746081526147016], [135.26063916574614, 34.745112192216205], [135.2604288041581, 34.74493685831272], [135.25954641505427, 34.74352565852565]]}}, {"type": "Feature", "id": "5235-220", "properties": {"Major_Code": "2", "Legend_J": "実在断層", "Legend_E": "confirmed fault", "styleidx": 3, "name": "confirmed fault", "source": "GSJ Seamless Geological Map V2 · 2025-07-18", "url": "https://gsj-seamless.jp/seamless/use.html"}, "geometry": {"type": "LineString", "coordinates": [[135.25954641505427, 34.74352565852565], [135.25893417715727, 34.743017653620925], [135.25540170799582, 34.73861465102712], [135.25466693890314, 34.73794686928939], [135.25337498262544, 34.736660480426494]]}}, {"type": "Feature", "id": "5235-221", "properties": {"Major_Code": "2", "Legend_J": "実在断層", "Legend_E": "confirmed fault", "styleidx": 3, "name": "confirmed fault", "source": "GSJ Seamless Geological Map V2 · 2025-07-18", "url": "https://gsj-seamless.jp/seamless/use.html"}, "geometry": {"type": "LineString", "coordinates": [[135.10763283437518, 34.770531276826986], [135.10761404801826, 34.770524536534836], [135.10665267080682, 34.77030686212842], [135.10448010535467, 34.769885249856664]]}}, {"type": "Feature", "id": "5235-222", "properties": {"Major_Code": "2", "Legend_J": "実在断層", "Legend_E": "confirmed fault", "styleidx": 3, "name": "confirmed fault", "source": "GSJ Seamless Geological Map V2 · 2025-07-18", "url": "https://gsj-seamless.jp/seamless/use.html"}, "geometry": {"type": "LineString", "coordinates": [[135.11554526794478, 34.73987494151784], [135.11756251768438, 34.73943328852704], [135.11990322470157, 34.73901153444179]]}}, {"type": "Feature", "id": "5235-223", "properties": {"Major_Code": "2", "Legend_J": "実在断層", "Legend_E": "confirmed fault", "styleidx": 3, "name": "confirmed fault", "source": "GSJ Seamless Geological Map V2 · 2025-07-18", "url": "https://gsj-seamless.jp/seamless/use.html"}, "geometry": {"type": "LineString", "coordinates": [[135.10922555048546, 34.94198833873194], [135.10419385648652, 34.93729410528021], [135.09916273595175, 34.93259965881087], [135.09894407292566, 34.93246462794173], [135.09821256410913, 34.93176436583475]]}}, {"type": "Feature", "id": "5235-224", "properties": {"Major_Code": "2", "Legend_J": "実在断層", "Legend_E": "confirmed fault", "styleidx": 3, "name": "confirmed fault", "source": "GSJ Seamless Geological Map V2 · 2025-07-18", "url": "https://gsj-seamless.jp/seamless/use.html"}, "geometry": {"type": "LineString", "coordinates": [[135.1125156045679, 34.7405452573358], [135.1126117832221, 34.74051585828417], [135.11554526794478, 34.73987494151784]]}}, {"type": "Feature", "id": "5235-225", "properties": {"Major_Code": "2", "Legend_J": "実在断層", "Legend_E": "confirmed fault", "styleidx": 3, "name": "confirmed fault", "source": "GSJ Seamless Geological Map V2 · 2025-07-18", "url": "https://gsj-seamless.jp/seamless/use.html"}, "geometry": {"type": "LineString", "coordinates": [[135.11079212509392, 34.821846304422394], [135.1083281840944, 34.822304069299776], [135.0994497742679, 34.823971442688645], [135.09193557684085, 34.82575419578144], [135.0908740207913, 34.82608416804891], [135.08852756458364, 34.826811884868775]]}}, {"type": "Feature", "id": "5235-226", "properties": {"Major_Code": "2", "Legend_J": "実在断層", "Legend_E": "confirmed fault", "styleidx": 3, "name": "confirmed fault", "source": "GSJ Seamless Geological Map V2 · 2025-07-18", "url": "https://gsj-seamless.jp/seamless/use.html"}, "geometry": {"type": "LineString", "coordinates": [[135.06692942196224, 34.93948800519608], [135.06243189301884, 34.937539087571466], [135.06174981427478, 34.93731186893742], [135.0615322413313, 34.93721058861285], [135.06045982138832, 34.93674244373683]]}}, {"type": "Feature", "id": "5235-227", "properties": {"Major_Code": "2", "Legend_J": "実在断層", "Legend_E": "confirmed fault", "styleidx": 3, "name": "confirmed fault", "source": "GSJ Seamless Geological Map V2 · 2025-07-18", "url": "https://gsj-seamless.jp/seamless/use.html"}, "geometry": {"type": "LineString", "coordinates": [[135.30236707535317, 34.867988065340015], [135.30095683100282, 34.868289217414755]]}}, {"type": "Feature", "id": "5235-228", "properties": {"Major_Code": "2", "Legend_J": "実在断層", "Legend_E": "confirmed fault", "styleidx": 3, "name": "confirmed fault", "source": "GSJ Seamless Geological Map V2 · 2025-07-18", "url": "https://gsj-seamless.jp/seamless/use.html"}, "geometry": {"type": "LineString", "coordinates": [[135.13072084834775, 34.779097945143484], [135.13034819236356, 34.77917051013341], [135.127482857421, 34.7793879728718], [135.1246167688222, 34.779830751359455], [135.11904277981682, 34.775644735357545], [135.11713812815393, 34.77451083575053], [135.11579516685416, 34.77379778648441]]}}, {"type": "Feature", "id": "5235-229", "properties": {"Major_Code": "2", "Legend_J": "実在断層", "Legend_E": "confirmed fault", "styleidx": 3, "name": "confirmed fault", "source": "GSJ Seamless Geological Map V2 · 2025-07-18", "url": "https://gsj-seamless.jp/seamless/use.html"}, "geometry": {"type": "LineString", "coordinates": [[135.20064278105158, 34.81200755384468], [135.20350450593105, 34.811743302383874], [135.20617660541797, 34.811438755753386], [135.2065544927404, 34.81138172288588], [135.2074707089155, 34.811242583203445], [135.2108547594829, 34.81093664144885], [135.21399430397537, 34.81049357129895], [135.21483675417156, 34.81036127266805]]}}, {"type": "Feature", "id": "5235-230", "properties": {"Major_Code": "2", "Legend_J": "実在断層", "Legend_E": "confirmed fault", "styleidx": 3, "name": "confirmed fault", "source": "GSJ Seamless Geological Map V2 · 2025-07-18", "url": "https://gsj-seamless.jp/seamless/use.html"}, "geometry": {"type": "LineString", "coordinates": [[135.21223749172742, 34.80098105949686], [135.21184294509376, 34.80090290547592], [135.20917313110067, 34.80026771675786]]}}, {"type": "Feature", "id": "5235-231", "properties": {"Major_Code": "2", "Legend_J": "実在断層", "Legend_E": "confirmed fault", "styleidx": 3, "name": "confirmed fault", "source": "GSJ Seamless Geological Map V2 · 2025-07-18", "url": "https://gsj-seamless.jp/seamless/use.html"}, "geometry": {"type": "LineString", "coordinates": [[135.19425001773882, 34.776998132176516], [135.19444652210797, 34.77710598112087], [135.19611455333302, 34.77800692697478], [135.19915672836197, 34.77991970171925]]}}, {"type": "Feature", "id": "5235-232", "properties": {"Major_Code": "2", "Legend_J": "実在断層", "Legend_E": "confirmed fault", "styleidx": 3, "name": "confirmed fault", "source": "GSJ Seamless Geological Map V2 · 2025-07-18", "url": "https://gsj-seamless.jp/seamless/use.html"}, "geometry": {"type": "LineString", "coordinates": [[135.29896887546974, 34.744826176667985], [135.29789425096595, 34.74346758907818], [135.2958605981114, 34.74079966758573], [135.29552557575443, 34.740401583241315]]}}, {"type": "Feature", "id": "5235-233", "properties": {"Major_Code": "2", "Legend_J": "実在断層", "Legend_E": "confirmed fault", "styleidx": 3, "name": "confirmed fault", "source": "GSJ Seamless Geological Map V2 · 2025-07-18", "url": "https://gsj-seamless.jp/seamless/use.html"}, "geometry": {"type": "LineString", "coordinates": [[135.28025235364376, 34.8728282918032], [135.28033498367208, 34.87280780784245], [135.28671402888753, 34.871408400248114], [135.2869353001477, 34.87135601517237]]}}, {"type": "Feature", "id": "5235-234", "properties": {"Major_Code": "2", "Legend_J": "実在断層", "Legend_E": "confirmed fault", "styleidx": 3, "name": "confirmed fault", "source": "GSJ Seamless Geological Map V2 · 2025-07-18", "url": "https://gsj-seamless.jp/seamless/use.html"}, "geometry": {"type": "LineString", "coordinates": [[135.10922555048546, 34.94198833873194], [135.11078229093783, 34.94366359545337], [135.11091743463587, 34.944001526106966], [135.11127563921653, 34.944379797398945], [135.115298826311, 34.948547414324466]]}}, {"type": "Feature", "id": "5235-235", "properties": {"Major_Code": "2", "Legend_J": "実在断層", "Legend_E": "confirmed fault", "styleidx": 3, "name": "confirmed fault", "source": "GSJ Seamless Geological Map V2 · 2025-07-18", "url": "https://gsj-seamless.jp/seamless/use.html"}, "geometry": {"type": "LineString", "coordinates": [[135.10258256147432, 34.95855354740044], [135.09718701923458, 34.95532998996116], [135.0917918991813, 34.952106190467575], [135.08762613247913, 34.94960799671962], [135.08520288749622, 34.948212619255465], [135.08116441417258, 34.94615132575851], [135.08092283158183, 34.94602755884917]]}}, {"type": "Feature", "id": "5235-236", "properties": {"Major_Code": "2", "Legend_J": "実在断層", "Legend_E": "confirmed fault", "styleidx": 3, "name": "confirmed fault", "source": "GSJ Seamless Geological Map V2 · 2025-07-18", "url": "https://gsj-seamless.jp/seamless/use.html"}, "geometry": {"type": "LineString", "coordinates": [[135.282200129082, 34.768163984231165], [135.28136644874598, 34.76723967040604], [135.28041866320444, 34.76605868011319], [135.27960186357484, 34.76549266715705]]}}, {"type": "Feature", "id": "5235-237", "properties": {"Major_Code": "2", "Legend_J": "実在断層", "Legend_E": "confirmed fault", "styleidx": 3, "name": "confirmed fault", "source": "GSJ Seamless Geological Map V2 · 2025-07-18", "url": "https://gsj-seamless.jp/seamless/use.html"}, "geometry": {"type": "LineString", "coordinates": [[135.14918046701544, 34.75112671805198], [135.14948461050167, 34.7511939265471], [135.15018842786233, 34.75131243959102], [135.15115178221143, 34.75155005350276]]}}, {"type": "Feature", "id": "5235-238", "properties": {"Major_Code": "2", "Legend_J": "実在断層", "Legend_E": "confirmed fault", "styleidx": 3, "name": "confirmed fault", "source": "GSJ Seamless Geological Map V2 · 2025-07-18", "url": "https://gsj-seamless.jp/seamless/use.html"}, "geometry": {"type": "LineString", "coordinates": [[135.28983186300712, 34.73709366452539], [135.29051294848767, 34.737538231785734], [135.292686198151, 34.7389617555295], [135.293330648932, 34.73925539703714], [135.2938554189184, 34.73946818831712], [135.29430555897574, 34.739604545225546], [135.29499326515023, 34.7397718469542]]}}, {"type": "Feature", "id": "5235-239", "properties": {"Major_Code": "2", "Legend_J": "実在断層", "Legend_E": "confirmed fault", "styleidx": 3, "name": "confirmed fault", "source": "GSJ Seamless Geological Map V2 · 2025-07-18", "url": "https://gsj-seamless.jp/seamless/use.html"}, "geometry": {"type": "LineString", "coordinates": [[135.25583988864028, 34.744104128481226], [135.25949014822342, 34.74738892549331], [135.26650174172124, 34.75393856272517], [135.2669779475401, 34.75433415413404], [135.2729601059553, 34.760119454507205], [135.27511013813444, 34.762102297124144], [135.27643296150111, 34.76320129870207], [135.2792286211368, 34.76510364615115]]}}, {"type": "Feature", "id": "5235-240", "properties": {"Major_Code": "2", "Legend_J": "実在断層", "Legend_E": "confirmed fault", "styleidx": 3, "name": "confirmed fault", "source": "GSJ Seamless Geological Map V2 · 2025-07-18", "url": "https://gsj-seamless.jp/seamless/use.html"}, "geometry": {"type": "LineString", "coordinates": [[135.11102748685323, 34.74098628857045], [135.1125156045679, 34.7405452573358]]}}, {"type": "Feature", "id": "5235-241", "properties": {"Major_Code": "2", "Legend_J": "実在断層", "Legend_E": "confirmed fault", "styleidx": 3, "name": "confirmed fault", "source": "GSJ Seamless Geological Map V2 · 2025-07-18", "url": "https://gsj-seamless.jp/seamless/use.html"}, "geometry": {"type": "LineString", "coordinates": [[135.19679503976715, 34.81237486689825], [135.1982029613177, 34.81220564849354], [135.19983122829504, 34.81208110133873], [135.20064278105158, 34.81200755384468]]}}, {"type": "Feature", "id": "5235-242", "properties": {"Major_Code": "2", "Legend_J": "実在断層", "Legend_E": "confirmed fault", "styleidx": 3, "name": "confirmed fault", "source": "GSJ Seamless Geological Map V2 · 2025-07-18", "url": "https://gsj-seamless.jp/seamless/use.html"}, "geometry": {"type": "LineString", "coordinates": [[135.1624418373597, 34.778544711268324], [135.1643255053888, 34.778614105937535]]}}, {"type": "Feature", "id": "5235-243", "properties": {"Major_Code": "2", "Legend_J": "実在断層", "Legend_E": "confirmed fault", "styleidx": 3, "name": "confirmed fault", "source": "GSJ Seamless Geological Map V2 · 2025-07-18", "url": "https://gsj-seamless.jp/seamless/use.html"}, "geometry": {"type": "LineString", "coordinates": [[135.2358394397675, 34.78352401650712], [135.23277670925927, 34.7814318940713], [135.23253828681044, 34.78124305199128]]}}, {"type": "Feature", "id": "5235-244", "properties": {"Major_Code": "2", "Legend_J": "実在断層", "Legend_E": "confirmed fault", "styleidx": 3, "name": "confirmed fault", "source": "GSJ Seamless Geological Map V2 · 2025-07-18", "url": "https://gsj-seamless.jp/seamless/use.html"}, "geometry": {"type": "LineString", "coordinates": [[135.22089103439566, 34.78729282023356], [135.22116520188987, 34.787587552241774], [135.22194323368922, 34.788419981895785], [135.22308393113371, 34.78956723918202], [135.22413424936656, 34.79073945802162], [135.22579578880467, 34.792212487428245], [135.22878078805556, 34.79439283431218], [135.23105643681475, 34.795767655780224], [135.23246363912713, 34.79663932284062], [135.23384159051417, 34.797544835434685], [135.23569293055837, 34.79875815021515]]}}, {"type": "Feature", "id": "5235-245", "properties": {"Major_Code": "2", "Legend_J": "実在断層", "Legend_E": "confirmed fault", "styleidx": 3, "name": "confirmed fault", "source": "GSJ Seamless Geological Map V2 · 2025-07-18", "url": "https://gsj-seamless.jp/seamless/use.html"}, "geometry": {"type": "LineString", "coordinates": [[135.16046696047766, 34.75418093447904], [135.16004537104186, 34.75409588291893], [135.152317571257, 34.7518369697886], [135.15115178221143, 34.75155005350276]]}}, {"type": "Feature", "id": "5235-246", "properties": {"Major_Code": "2", "Legend_J": "実在断層", "Legend_E": "confirmed fault", "styleidx": 3, "name": "confirmed fault", "source": "GSJ Seamless Geological Map V2 · 2025-07-18", "url": "https://gsj-seamless.jp/seamless/use.html"}, "geometry": {"type": "LineString", "coordinates": [[135.19425001773882, 34.776998132176516], [135.19358978933445, 34.7766408841879], [135.1926935464348, 34.77604963491605], [135.1917402598304, 34.77559821409612], [135.19082485074284, 34.77513094878887]]}}, {"type": "Feature", "id": "5235-248", "properties": {"Major_Code": "2", "Legend_J": "実在断層", "Legend_E": "confirmed fault", "styleidx": 3, "name": "confirmed fault", "source": "GSJ Seamless Geological Map V2 · 2025-07-18", "url": "https://gsj-seamless.jp/seamless/use.html"}, "geometry": {"type": "LineString", "coordinates": [[135.14529148107178, 34.75028212071449], [135.13555588857514, 34.7481825139972]]}}, {"type": "Feature", "id": "5235-249", "properties": {"Major_Code": "2", "Legend_J": "実在断層", "Legend_E": "confirmed fault", "styleidx": 3, "name": "confirmed fault", "source": "GSJ Seamless Geological Map V2 · 2025-07-18", "url": "https://gsj-seamless.jp/seamless/use.html"}, "geometry": {"type": "LineString", "coordinates": [[135.2652553245531, 34.80150469031477], [135.2646858994844, 34.80062473594114]]}}, {"type": "Feature", "id": "5235-250", "properties": {"Major_Code": "2", "Legend_J": "実在断層", "Legend_E": "confirmed fault", "styleidx": 3, "name": "confirmed fault", "source": "GSJ Seamless Geological Map V2 · 2025-07-18", "url": "https://gsj-seamless.jp/seamless/use.html"}, "geometry": {"type": "LineString", "coordinates": [[135.19082485074284, 34.77513094878887], [135.1906512388818, 34.77503207026946], [135.18874507262575, 34.77412468505085], [135.1880419409041, 34.77379903319684]]}}, {"type": "Feature", "id": "5235-251", "properties": {"Major_Code": "2", "Legend_J": "実在断層", "Legend_E": "confirmed fault", "styleidx": 3, "name": "confirmed fault", "source": "GSJ Seamless Geological Map V2 · 2025-07-18", "url": "https://gsj-seamless.jp/seamless/use.html"}, "geometry": {"type": "LineString", "coordinates": [[135.27126563099816, 34.76666414459281], [135.27107585999943, 34.766439205481916]]}}, {"type": "Feature", "id": "5235-252", "properties": {"Major_Code": "2", "Legend_J": "実在断層", "Legend_E": "confirmed fault", "styleidx": 3, "name": "confirmed fault", "source": "GSJ Seamless Geological Map V2 · 2025-07-18", "url": "https://gsj-seamless.jp/seamless/use.html"}, "geometry": {"type": "LineString", "coordinates": [[135.07423737583647, 34.942676623498365], [135.07311791278445, 34.942156793936036]]}}, {"type": "Feature", "id": "5235-253", "properties": {"Major_Code": "2", "Legend_J": "実在断層", "Legend_E": "confirmed fault", "styleidx": 3, "name": "confirmed fault", "source": "GSJ Seamless Geological Map V2 · 2025-07-18", "url": "https://gsj-seamless.jp/seamless/use.html"}, "geometry": {"type": "LineString", "coordinates": [[135.2478987461979, 34.73185805308039], [135.2484628357824, 34.73228283023765], [135.25159654362236, 34.734886054311204], [135.25279505379177, 34.73608250328061], [135.25337498262544, 34.736660480426494]]}}, {"type": "Feature", "id": "5235-254", "properties": {"Major_Code": "2", "Legend_J": "実在断層", "Legend_E": "confirmed fault", "styleidx": 3, "name": "confirmed fault", "source": "GSJ Seamless Geological Map V2 · 2025-07-18", "url": "https://gsj-seamless.jp/seamless/use.html"}, "geometry": {"type": "LineString", "coordinates": [[135.1182167394004, 34.94678632674869], [135.117193544242, 34.946388506431205], [135.11656951956732, 34.94598348523685], [135.1137779625361, 34.944388480907705], [135.11282149983336, 34.94397702816755]]}}, {"type": "Feature", "id": "5235-255", "properties": {"Major_Code": "2", "Legend_J": "実在断層", "Legend_E": "confirmed fault", "styleidx": 3, "name": "confirmed fault", "source": "GSJ Seamless Geological Map V2 · 2025-07-18", "url": "https://gsj-seamless.jp/seamless/use.html"}, "geometry": {"type": "LineString", "coordinates": [[135.11079212509392, 34.821846304422394], [135.1115573318009, 34.82170578471106]]}}, {"type": "Feature", "id": "5235-257", "properties": {"Major_Code": "2", "Legend_J": "実在断層", "Legend_E": "confirmed fault", "styleidx": 3, "name": "confirmed fault", "source": "GSJ Seamless Geological Map V2 · 2025-07-18", "url": "https://gsj-seamless.jp/seamless/use.html"}, "geometry": {"type": "LineString", "coordinates": [[135.13072084834775, 34.779097945143484], [135.13130348677024, 34.77906119691662], [135.1362160746067, 34.778509831829965], [135.13785284313175, 34.77851458052625], [135.13874028424107, 34.778472906951706]]}}, {"type": "Feature", "id": "5235-258", "properties": {"Major_Code": "2", "Legend_J": "実在断層", "Legend_E": "confirmed fault", "styleidx": 3, "name": "confirmed fault", "source": "GSJ Seamless Geological Map V2 · 2025-07-18", "url": "https://gsj-seamless.jp/seamless/use.html"}, "geometry": {"type": "LineString", "coordinates": [[135.24444152924448, 34.734238751657685], [135.24149383222237, 34.7329647396831], [135.24137644108583, 34.73295145882997], [135.24028768238344, 34.73227305797927], [135.2356138846354, 34.73008515636659]]}}, {"type": "Feature", "id": "5235-259", "properties": {"Major_Code": "2", "Legend_J": "実在断層", "Legend_E": "confirmed fault", "styleidx": 3, "name": "confirmed fault", "source": "GSJ Seamless Geological Map V2 · 2025-07-18", "url": "https://gsj-seamless.jp/seamless/use.html"}, "geometry": {"type": "LineString", "coordinates": [[135.12832505893726, 34.95178068236524], [135.12798140257567, 34.95161204783348], [135.12541574386324, 34.9504362560625], [135.12279781515193, 34.94924695082928], [135.1193754696834, 34.9475220589984], [135.1182167394004, 34.94678632674869]]}}, {"type": "Feature", "id": "5235-260", "properties": {"Major_Code": "2", "Legend_J": "実在断層", "Legend_E": "confirmed fault", "styleidx": 3, "name": "confirmed fault", "source": "GSJ Seamless Geological Map V2 · 2025-07-18", "url": "https://gsj-seamless.jp/seamless/use.html"}, "geometry": {"type": "LineString", "coordinates": [[135.28911567882272, 34.73301817808489], [135.29368063761876, 34.73821321943417], [135.29499326515023, 34.7397718469542]]}}, {"type": "Feature", "id": "5235-261", "properties": {"Major_Code": "2", "Legend_J": "実在断層", "Legend_E": "confirmed fault", "styleidx": 3, "name": "confirmed fault", "source": "GSJ Seamless Geological Map V2 · 2025-07-18", "url": "https://gsj-seamless.jp/seamless/use.html"}, "geometry": {"type": "LineString", "coordinates": [[135.0797943483691, 34.94544920046567], [135.07895328491324, 34.9450148526968], [135.07784118040084, 34.94435532588], [135.07423737583647, 34.942676623498365]]}}, {"type": "Feature", "id": "5235-262", "properties": {"Major_Code": "2", "Legend_J": "実在断層", "Legend_E": "confirmed fault", "styleidx": 3, "name": "confirmed fault", "source": "GSJ Seamless Geological Map V2 · 2025-07-18", "url": "https://gsj-seamless.jp/seamless/use.html"}, "geometry": {"type": "LineString", "coordinates": [[135.1849675301503, 34.807429451468195], [135.18509517140154, 34.807397688503315], [135.18580782404973, 34.80723875002262], [135.18590508987464, 34.807211547270924], [135.19013168749623, 34.806043829937344], [135.1932738113748, 34.80492288241774], [135.19384113418496, 34.8048407795948], [135.197176452933, 34.80373292862224], [135.19832733771108, 34.803354536609675], [135.20678903199382, 34.800932425727765], [135.20917313110067, 34.80026771675786]]}}, {"type": "Feature", "id": "5235-263", "properties": {"Major_Code": "2", "Legend_J": "実在断層", "Legend_E": "confirmed fault", "styleidx": 3, "name": "confirmed fault", "source": "GSJ Seamless Geological Map V2 · 2025-07-18", "url": "https://gsj-seamless.jp/seamless/use.html"}, "geometry": {"type": "LineString", "coordinates": [[135.2550388938958, 34.79562477763997], [135.25401802390274, 34.79477732100186], [135.25371747461702, 34.794620204243856], [135.24942881825612, 34.79188433461594], [135.2471747685901, 34.790613490198155], [135.2457539517801, 34.789775832331266], [135.24202837375634, 34.78765379824344], [135.23931049442942, 34.78595329148137], [135.2358394397675, 34.78352401650712]]}}, {"type": "Feature", "id": "5235-264", "properties": {"Major_Code": "2", "Legend_J": "実在断層", "Legend_E": "confirmed fault", "styleidx": 3, "name": "confirmed fault", "source": "GSJ Seamless Geological Map V2 · 2025-07-18", "url": "https://gsj-seamless.jp/seamless/use.html"}, "geometry": {"type": "LineString", "coordinates": [[135.20917313110067, 34.80026771675786], [135.20898010833997, 34.80022074044284], [135.2081039033659, 34.800039771988125], [135.20584502101778, 34.79931135268308]]}}, {"type": "Feature", "id": "5235-265", "properties": {"Major_Code": "2", "Legend_J": "実在断層", "Legend_E": "confirmed fault", "styleidx": 3, "name": "confirmed fault", "source": "GSJ Seamless Geological Map V2 · 2025-07-18", "url": "https://gsj-seamless.jp/seamless/use.html"}, "geometry": {"type": "LineString", "coordinates": [[135.0362043843117, 34.92805272775014], [135.03378951246947, 34.92846387586259], [135.03118346520162, 34.92897646821346], [135.03052758628502, 34.929093909158965]]}}, {"type": "Feature", "id": "5235-266", "properties": {"Major_Code": "2", "Legend_J": "実在断層", "Legend_E": "confirmed fault", "styleidx": 3, "name": "confirmed fault", "source": "GSJ Seamless Geological Map V2 · 2025-07-18", "url": "https://gsj-seamless.jp/seamless/use.html"}, "geometry": {"type": "LineString", "coordinates": [[135.12332956316706, 34.737008548087495], [135.1243446282872, 34.734949610078345]]}}, {"type": "Feature", "id": "5235-267", "properties": {"Major_Code": "2", "Legend_J": "実在断層", "Legend_E": "confirmed fault", "styleidx": 3, "name": "confirmed fault", "source": "GSJ Seamless Geological Map V2 · 2025-07-18", "url": "https://gsj-seamless.jp/seamless/use.html"}, "geometry": {"type": "LineString", "coordinates": [[135.196422372364, 34.78238565254243], [135.19608546997063, 34.78113308423637], [135.19425001773882, 34.776998132176516]]}}, {"type": "Feature", "id": "5235-268", "properties": {"Major_Code": "2", "Legend_J": "実在断層", "Legend_E": "confirmed fault", "styleidx": 3, "name": "confirmed fault", "source": "GSJ Seamless Geological Map V2 · 2025-07-18", "url": "https://gsj-seamless.jp/seamless/use.html"}, "geometry": {"type": "LineString", "coordinates": [[135.1597503090649, 34.75971746825749], [135.15767485896325, 34.75960319784481], [135.1526013855837, 34.75950202327857], [135.15222902292183, 34.75947998863655], [135.15063206847734, 34.75937846542094], [135.14416133719072, 34.75941629384515]]}}, {"type": "Feature", "id": "5235-269", "properties": {"Major_Code": "2", "Legend_J": "実在断層", "Legend_E": "confirmed fault", "styleidx": 3, "name": "confirmed fault", "source": "GSJ Seamless Geological Map V2 · 2025-07-18", "url": "https://gsj-seamless.jp/seamless/use.html"}, "geometry": {"type": "LineString", "coordinates": [[135.23579494525498, 34.775723483516735], [135.23511362998178, 34.77545891422599], [135.23219958062717, 34.774245483201085], [135.23090558550874, 34.773709403889484], [135.230754555603, 34.77364660411024], [135.2295130342864, 34.773200559312606], [135.2253548532264, 34.77164233610099], [135.2245170977345, 34.771387595945356]]}}, {"type": "Feature", "id": "5235-270", "properties": {"Major_Code": "2", "Legend_J": "実在断層", "Legend_E": "confirmed fault", "styleidx": 3, "name": "confirmed fault", "source": "GSJ Seamless Geological Map V2 · 2025-07-18", "url": "https://gsj-seamless.jp/seamless/use.html"}, "geometry": {"type": "LineString", "coordinates": [[135.1597503090649, 34.75971746825749], [135.1602445194407, 34.75974381796125]]}}, {"type": "Feature", "id": "5235-271", "properties": {"Major_Code": "2", "Legend_J": "実在断層", "Legend_E": "confirmed fault", "styleidx": 3, "name": "confirmed fault", "source": "GSJ Seamless Geological Map V2 · 2025-07-18", "url": "https://gsj-seamless.jp/seamless/use.html"}, "geometry": {"type": "LineString", "coordinates": [[135.30181075251792, 34.85450484242611], [135.30040457126339, 34.854729350404625], [135.29944868784474, 34.85495494159702], [135.29917271593683, 34.85498044643997]]}}, {"type": "Feature", "id": "5235-272", "properties": {"Major_Code": "2", "Legend_J": "実在断層", "Legend_E": "confirmed fault", "styleidx": 3, "name": "confirmed fault", "source": "GSJ Seamless Geological Map V2 · 2025-07-18", "url": "https://gsj-seamless.jp/seamless/use.html"}, "geometry": {"type": "LineString", "coordinates": [[135.28983186300712, 34.73709366452539], [135.28877127675895, 34.73640435802818], [135.28540675216146, 34.73369672275486], [135.28336102951187, 34.731747608840585]]}}, {"type": "Feature", "id": "5235-273", "properties": {"Major_Code": "2", "Legend_J": "実在断層", "Legend_E": "confirmed fault", "styleidx": 3, "name": "confirmed fault", "source": "GSJ Seamless Geological Map V2 · 2025-07-18", "url": "https://gsj-seamless.jp/seamless/use.html"}, "geometry": {"type": "LineString", "coordinates": [[135.28323136368294, 34.78170719817437], [135.27818497220386, 34.775074992895625], [135.27709497397439, 34.77384022257701], [135.27606985811127, 34.77238216190676], [135.27581701762495, 34.7720807436056]]}}, {"type": "Feature", "id": "5235-274", "properties": {"Major_Code": "2", "Legend_J": "実在断層", "Legend_E": "confirmed fault", "styleidx": 3, "name": "confirmed fault", "source": "GSJ Seamless Geological Map V2 · 2025-07-18", "url": "https://gsj-seamless.jp/seamless/use.html"}, "geometry": {"type": "LineString", "coordinates": [[135.2719968608304, 34.87863124441292], [135.2750896355549, 34.87792752734528], [135.27590468292618, 34.87780613286903], [135.28595079700796, 34.87566550215421], [135.28998189170193, 34.874790059842326], [135.29046062468868, 34.874671661265964]]}}, {"type": "Feature", "id": "5235-275", "properties": {"Major_Code": "2", "Legend_J": "実在断層", "Legend_E": "confirmed fault", "styleidx": 3, "name": "confirmed fault", "source": "GSJ Seamless Geological Map V2 · 2025-07-18", "url": "https://gsj-seamless.jp/seamless/use.html"}, "geometry": {"type": "LineString", "coordinates": [[135.27079495984836, 34.75561678098775], [135.26993006900818, 34.754669918370546], [135.26940312031763, 34.75420008340788], [135.2685194528738, 34.75312703246999]]}}, {"type": "Feature", "id": "5235-276", "properties": {"Major_Code": "2", "Legend_J": "実在断層", "Legend_E": "confirmed fault", "styleidx": 3, "name": "confirmed fault", "source": "GSJ Seamless Geological Map V2 · 2025-07-18", "url": "https://gsj-seamless.jp/seamless/use.html"}, "geometry": {"type": "LineString", "coordinates": [[135.2082168353303, 34.76672294965399], [135.20881957768356, 34.76687510971969], [135.21442866042895, 34.76838386833427], [135.21876633878873, 34.76966039041156]]}}, {"type": "Feature", "id": "5235-277", "properties": {"Major_Code": "2", "Legend_J": "実在断層", "Legend_E": "confirmed fault", "styleidx": 3, "name": "confirmed fault", "source": "GSJ Seamless Geological Map V2 · 2025-07-18", "url": "https://gsj-seamless.jp/seamless/use.html"}, "geometry": {"type": "LineString", "coordinates": [[135.24949779887964, 34.88421054300174], [135.25158518643215, 34.88352987522032], [135.25595807525218, 34.882521829938135], [135.26033189592147, 34.881288247402196], [135.27105767687473, 34.87884530311106]]}}, {"type": "Feature", "id": "5235-278", "properties": {"Major_Code": "2", "Legend_J": "実在断層", "Legend_E": "confirmed fault", "styleidx": 3, "name": "confirmed fault", "source": "GSJ Seamless Geological Map V2 · 2025-07-18", "url": "https://gsj-seamless.jp/seamless/use.html"}, "geometry": {"type": "LineString", "coordinates": [[135.24191658972904, 34.7321051303791], [135.24444152924448, 34.734238751657685]]}}, {"type": "Feature", "id": "5235-279", "properties": {"Major_Code": "2", "Legend_J": "実在断層", "Legend_E": "confirmed fault", "styleidx": 3, "name": "confirmed fault", "source": "GSJ Seamless Geological Map V2 · 2025-07-18", "url": "https://gsj-seamless.jp/seamless/use.html"}, "geometry": {"type": "LineString", "coordinates": [[135.2817226336756, 34.82764887346756], [135.28305862081217, 34.82717907947985], [135.28764085186367, 34.82572988591203], [135.2970640136484, 34.822922739635445], [135.298147193059, 34.82267655659865], [135.3007507289092, 34.821799888160626], [135.3032229857879, 34.82109930120187]]}}, {"type": "Feature", "id": "5235-280", "properties": {"Major_Code": "2", "Legend_J": "実在断層", "Legend_E": "confirmed fault", "styleidx": 3, "name": "confirmed fault", "source": "GSJ Seamless Geological Map V2 · 2025-07-18", "url": "https://gsj-seamless.jp/seamless/use.html"}, "geometry": {"type": "LineString", "coordinates": [[135.20511744414748, 34.76594419570581], [135.2082168353303, 34.76672294965399]]}}, {"type": "Feature", "id": "5235-281", "properties": {"Major_Code": "2", "Legend_J": "実在断層", "Legend_E": "confirmed fault", "styleidx": 3, "name": "confirmed fault", "source": "GSJ Seamless Geological Map V2 · 2025-07-18", "url": "https://gsj-seamless.jp/seamless/use.html"}, "geometry": {"type": "LineString", "coordinates": [[135.18379647293784, 34.7827696014829], [135.18217358844723, 34.78240483872858]]}}, {"type": "Feature", "id": "5235-282", "properties": {"Major_Code": "2", "Legend_J": "実在断層", "Legend_E": "confirmed fault", "styleidx": 3, "name": "confirmed fault", "source": "GSJ Seamless Geological Map V2 · 2025-07-18", "url": "https://gsj-seamless.jp/seamless/use.html"}, "geometry": {"type": "LineString", "coordinates": [[135.27562133769695, 34.82965815306618], [135.27990655105435, 34.82816488251425], [135.28147493889136, 34.827735115567954], [135.2817226336756, 34.82764887346756]]}}, {"type": "Feature", "id": "5235-283", "properties": {"Major_Code": "2", "Legend_J": "実在断層", "Legend_E": "confirmed fault", "styleidx": 3, "name": "confirmed fault", "source": "GSJ Seamless Geological Map V2 · 2025-07-18", "url": "https://gsj-seamless.jp/seamless/use.html"}, "geometry": {"type": "LineString", "coordinates": [[135.28126697022705, 34.80668018149785], [135.2812737352731, 34.806659880303], [135.28414021888614, 34.806100719656946], [135.2852327951587, 34.80565178005927], [135.2864906470648, 34.80499732813586]]}}, {"type": "Feature", "id": "5235-284", "properties": {"Major_Code": "2", "Legend_J": "実在断層", "Legend_E": "confirmed fault", "styleidx": 3, "name": "confirmed fault", "source": "GSJ Seamless Geological Map V2 · 2025-07-18", "url": "https://gsj-seamless.jp/seamless/use.html"}, "geometry": {"type": "LineString", "coordinates": [[135.08692044083668, 34.78704387324875], [135.0872728927367, 34.786000043188054], [135.08996281715653, 34.77926323831481]]}}, {"type": "Feature", "id": "5235-285", "properties": {"Major_Code": "2", "Legend_J": "実在断層", "Legend_E": "confirmed fault", "styleidx": 3, "name": "confirmed fault", "source": "GSJ Seamless Geological Map V2 · 2025-07-18", "url": "https://gsj-seamless.jp/seamless/use.html"}, "geometry": {"type": "LineString", "coordinates": [[135.30727170816525, 34.86691594943338], [135.30665810153957, 34.86714294244746], [135.30552694649455, 34.86731269123297], [135.3038387757843, 34.867673210951054]]}}, {"type": "Feature", "id": "5235-286", "properties": {"Major_Code": "2", "Legend_J": "実在断層", "Legend_E": "confirmed fault", "styleidx": 3, "name": "confirmed fault", "source": "GSJ Seamless Geological Map V2 · 2025-07-18", "url": "https://gsj-seamless.jp/seamless/use.html"}, "geometry": {"type": "LineString", "coordinates": [[135.29798559856087, 34.86899103386735], [135.2987347660341, 34.868824590912645], [135.2988822729995, 34.86879040215868]]}}, {"type": "Feature", "id": "5235-287", "properties": {"Major_Code": "2", "Legend_J": "実在断層", "Legend_E": "confirmed fault", "styleidx": 3, "name": "confirmed fault", "source": "GSJ Seamless Geological Map V2 · 2025-07-18", "url": "https://gsj-seamless.jp/seamless/use.html"}, "geometry": {"type": "LineString", "coordinates": [[135.24805172710487, 34.7821348378559], [135.24560081908461, 34.78055110334587], [135.2419742810876, 34.77854380380383], [135.23647567961896, 34.776024108642595], [135.23579494525498, 34.775723483516735]]}}, {"type": "Feature", "id": "5235-288", "properties": {"Major_Code": "2", "Legend_J": "実在断層", "Legend_E": "confirmed fault", "styleidx": 3, "name": "confirmed fault", "source": "GSJ Seamless Geological Map V2 · 2025-07-18", "url": "https://gsj-seamless.jp/seamless/use.html"}, "geometry": {"type": "LineString", "coordinates": [[135.1257845399882, 34.73795240725174], [135.13552707853927, 34.73613329246601], [135.14322061920134, 34.7350756017255]]}}, {"type": "Feature", "id": "5235-289", "properties": {"Major_Code": "2", "Legend_J": "実在断層", "Legend_E": "confirmed fault", "styleidx": 3, "name": "confirmed fault", "source": "GSJ Seamless Geological Map V2 · 2025-07-18", "url": "https://gsj-seamless.jp/seamless/use.html"}, "geometry": {"type": "LineString", "coordinates": [[135.12257852236294, 34.73853076345565], [135.12332956316706, 34.737008548087495]]}}, {"type": "Feature", "id": "5235-290", "properties": {"Major_Code": "2", "Legend_J": "実在断層", "Legend_E": "confirmed fault", "styleidx": 3, "name": "confirmed fault", "source": "GSJ Seamless Geological Map V2 · 2025-07-18", "url": "https://gsj-seamless.jp/seamless/use.html"}, "geometry": {"type": "LineString", "coordinates": [[135.10759132497873, 34.735348269691045], [135.10843459737802, 34.736499164281426], [135.1091457570309, 34.737555527027766], [135.10945028059945, 34.73803755267428]]}}, {"type": "Feature", "id": "5235-291", "properties": {"Major_Code": "2", "Legend_J": "実在断層", "Legend_E": "confirmed fault", "styleidx": 3, "name": "confirmed fault", "source": "GSJ Seamless Geological Map V2 · 2025-07-18", "url": "https://gsj-seamless.jp/seamless/use.html"}, "geometry": {"type": "LineString", "coordinates": [[135.11102748685323, 34.74098628857045], [135.11148585612858, 34.742013594386684], [135.11236375435638, 34.744383779114635], [135.11344842369107, 34.749061714911676], [135.11410436009788, 34.75176568243462], [135.1150424062723, 34.75521989634979], [135.11504100860685, 34.75547683655313], [135.11548006400884, 34.75737413893313]]}}, {"type": "Feature", "id": "5235-292", "properties": {"Major_Code": "2", "Legend_J": "実在断層", "Legend_E": "confirmed fault", "styleidx": 3, "name": "confirmed fault", "source": "GSJ Seamless Geological Map V2 · 2025-07-18", "url": "https://gsj-seamless.jp/seamless/use.html"}, "geometry": {"type": "LineString", "coordinates": [[135.0880622574503, 34.823093420478955], [135.08541926674718, 34.82365905331579], [135.07747038808105, 34.82548408993051], [135.07056964305838, 34.82721097382807], [135.0636686093615, 34.82893746618463], [135.06204177846016, 34.82954476265098]]}}, {"type": "Feature", "id": "5235-293", "properties": {"Major_Code": "2", "Legend_J": "実在断層", "Legend_E": "confirmed fault", "styleidx": 3, "name": "confirmed fault", "source": "GSJ Seamless Geological Map V2 · 2025-07-18", "url": "https://gsj-seamless.jp/seamless/use.html"}, "geometry": {"type": "LineString", "coordinates": [[135.29499326515023, 34.7397718469542], [135.29552557575443, 34.740401583241315]]}}, {"type": "Feature", "id": "5235-294", "properties": {"Major_Code": "2", "Legend_J": "実在断層", "Legend_E": "confirmed fault", "styleidx": 3, "name": "confirmed fault", "source": "GSJ Seamless Geological Map V2 · 2025-07-18", "url": "https://gsj-seamless.jp/seamless/use.html"}, "geometry": {"type": "LineString", "coordinates": [[135.3038387757843, 34.867673210951054], [135.30236707535317, 34.867988065340015]]}}, {"type": "Feature", "id": "5235-295", "properties": {"Major_Code": "2", "Legend_J": "実在断層", "Legend_E": "confirmed fault", "styleidx": 3, "name": "confirmed fault", "source": "GSJ Seamless Geological Map V2 · 2025-07-18", "url": "https://gsj-seamless.jp/seamless/use.html"}, "geometry": {"type": "LineString", "coordinates": [[135.265477030428, 34.876444372735136], [135.26551527046712, 34.87643526240309], [135.27104793245016, 34.8749854184787], [135.2716248887481, 34.87481864364814]]}}, {"type": "Feature", "id": "5235-296", "properties": {"Major_Code": "2", "Legend_J": "実在断層", "Legend_E": "confirmed fault", "styleidx": 3, "name": "confirmed fault", "source": "GSJ Seamless Geological Map V2 · 2025-07-18", "url": "https://gsj-seamless.jp/seamless/use.html"}, "geometry": {"type": "LineString", "coordinates": [[135.196422372364, 34.78238565254243], [135.19526448969586, 34.78192109409605], [135.19308458396338, 34.78112693327868], [135.19267662071525, 34.78078729062699], [135.19213845074586, 34.77875521584565], [135.19119202631245, 34.776385737991376], [135.19082485074284, 34.77513094878887]]}}, {"type": "Feature", "id": "5235-297", "properties": {"Major_Code": "2", "Legend_J": "実在断層", "Legend_E": "confirmed fault", "styleidx": 3, "name": "confirmed fault", "source": "GSJ Seamless Geological Map V2 · 2025-07-18", "url": "https://gsj-seamless.jp/seamless/use.html"}, "geometry": {"type": "LineString", "coordinates": [[135.23569293055837, 34.79875815021515], [135.23392202992414, 34.79814194852477], [135.23250172076914, 34.79762868593376], [135.23069051634369, 34.79698997773063], [135.22237192661171, 34.79347907067391], [135.2215667481168, 34.79314930819588], [135.22147651731913, 34.79310665658173]]}}, {"type": "Feature", "id": "5235-298", "properties": {"Major_Code": "2", "Legend_J": "実在断層", "Legend_E": "confirmed fault", "styleidx": 3, "name": "confirmed fault", "source": "GSJ Seamless Geological Map V2 · 2025-07-18", "url": "https://gsj-seamless.jp/seamless/use.html"}, "geometry": {"type": "LineString", "coordinates": [[135.11579516685416, 34.77379778648441], [135.11387267448424, 34.772810360802566], [135.11046882209985, 34.771445760639395], [135.10848576142817, 34.770825688725935], [135.10763283437518, 34.770531276826986]]}}, {"type": "Feature", "id": "5235-299", "properties": {"Major_Code": "2", "Legend_J": "実在断層", "Legend_E": "confirmed fault", "styleidx": 3, "name": "confirmed fault", "source": "GSJ Seamless Geological Map V2 · 2025-07-18", "url": "https://gsj-seamless.jp/seamless/use.html"}, "geometry": {"type": "LineString", "coordinates": [[135.20300661006422, 34.79152257497033], [135.19837818894842, 34.78869309448531], [135.19388443999654, 34.786428921712215], [135.18979832682666, 34.784727370282596], [135.18434829813023, 34.78302565328745], [135.18379647293784, 34.7827696014829]]}}, {"type": "Feature", "id": "5235-300", "properties": {"Major_Code": "2", "Legend_J": "実在断層", "Legend_E": "confirmed fault", "styleidx": 3, "name": "confirmed fault", "source": "GSJ Seamless Geological Map V2 · 2025-07-18", "url": "https://gsj-seamless.jp/seamless/use.html"}, "geometry": {"type": "LineString", "coordinates": [[135.0674550312554, 34.781806797564435], [135.06922351184946, 34.78271392753513], [135.07106052626898, 34.78342940480421], [135.07315309733997, 34.78441738457944], [135.07925928297612, 34.78769003147834], [135.08265853229247, 34.789948025901246]]}}, {"type": "Feature", "id": "5235-301", "properties": {"Major_Code": "2", "Legend_J": "実在断層", "Legend_E": "confirmed fault", "styleidx": 3, "name": "confirmed fault", "source": "GSJ Seamless Geological Map V2 · 2025-07-18", "url": "https://gsj-seamless.jp/seamless/use.html"}, "geometry": {"type": "LineString", "coordinates": [[135.12257852236294, 34.73853076345565], [135.12300899317117, 34.73845364585881], [135.12550756683407, 34.73800456346211], [135.1257845399882, 34.73795240725174]]}}, {"type": "Feature", "id": "5235-302", "properties": {"Major_Code": "2", "Legend_J": "実在断層", "Legend_E": "confirmed fault", "styleidx": 3, "name": "confirmed fault", "source": "GSJ Seamless Geological Map V2 · 2025-07-18", "url": "https://gsj-seamless.jp/seamless/use.html"}, "geometry": {"type": "LineString", "coordinates": [[135.14322061920134, 34.7350756017255], [135.1463177639929, 34.73465011113545], [135.14723567689964, 34.734542977401304]]}}, {"type": "Feature", "id": "5235-303", "properties": {"Major_Code": "2", "Legend_J": "実在断層", "Legend_E": "confirmed fault", "styleidx": 3, "name": "confirmed fault", "source": "GSJ Seamless Geological Map V2 · 2025-07-18", "url": "https://gsj-seamless.jp/seamless/use.html"}, "geometry": {"type": "LineString", "coordinates": [[135.2740307873187, 34.75916580388296], [135.27502452599023, 34.76025432659803], [135.27726554659594, 34.762502876165286], [135.2792286211368, 34.76510364615115]]}}, {"type": "Feature", "id": "5235-304", "properties": {"Major_Code": "2", "Legend_J": "実在断層", "Legend_E": "confirmed fault", "styleidx": 3, "name": "confirmed fault", "source": "GSJ Seamless Geological Map V2 · 2025-07-18", "url": "https://gsj-seamless.jp/seamless/use.html"}, "geometry": {"type": "LineString", "coordinates": [[135.30095683100282, 34.868289217414755], [135.2988822729995, 34.86879040215868]]}}, {"type": "Feature", "id": "5235-305", "properties": {"Major_Code": "2", "Legend_J": "実在断層", "Legend_E": "confirmed fault", "styleidx": 3, "name": "confirmed fault", "source": "GSJ Seamless Geological Map V2 · 2025-07-18", "url": "https://gsj-seamless.jp/seamless/use.html"}, "geometry": {"type": "LineString", "coordinates": [[135.29076205274072, 34.87055316659435], [135.2911629606435, 34.87046877836417], [135.29384635054774, 34.86990759194967]]}}, {"type": "Feature", "id": "5235-306", "properties": {"Major_Code": "2", "Legend_J": "実在断層", "Legend_E": "confirmed fault", "styleidx": 3, "name": "confirmed fault", "source": "GSJ Seamless Geological Map V2 · 2025-07-18", "url": "https://gsj-seamless.jp/seamless/use.html"}, "geometry": {"type": "LineString", "coordinates": [[135.2978094846448, 34.87287032244829], [135.29899906797417, 34.872772611115224], [135.302551379878, 34.8718754398861], [135.30294667700528, 34.87175270561775], [135.30390748611072, 34.87151580410592]]}}, {"type": "Feature", "id": "5235-307", "properties": {"Major_Code": "2", "Legend_J": "実在断層", "Legend_E": "confirmed fault", "styleidx": 3, "name": "confirmed fault", "source": "GSJ Seamless Geological Map V2 · 2025-07-18", "url": "https://gsj-seamless.jp/seamless/use.html"}, "geometry": {"type": "LineString", "coordinates": [[135.07311791278445, 34.942156793936036], [135.07294787497608, 34.94207803227715], [135.0726594729762, 34.94197005509574], [135.06740289199922, 34.9396927928534]]}}, {"type": "Feature", "id": "5235-308", "properties": {"Major_Code": "2", "Legend_J": "実在断層", "Legend_E": "confirmed fault", "styleidx": 3, "name": "confirmed fault", "source": "GSJ Seamless Geological Map V2 · 2025-07-18", "url": "https://gsj-seamless.jp/seamless/use.html"}, "geometry": {"type": "LineString", "coordinates": [[135.27079495984836, 34.75561678098775], [135.2740307873187, 34.75916580388296]]}}, {"type": "Feature", "id": "5235-309", "properties": {"Major_Code": "2", "Legend_J": "実在断層", "Legend_E": "confirmed fault", "styleidx": 3, "name": "confirmed fault", "source": "GSJ Seamless Geological Map V2 · 2025-07-18", "url": "https://gsj-seamless.jp/seamless/use.html"}, "geometry": {"type": "LineString", "coordinates": [[135.2747316337476, 34.77076705628898], [135.2748221156309, 34.77088629637301], [135.27581701762495, 34.7720807436056]]}}, {"type": "Feature", "id": "5235-310", "properties": {"Major_Code": "2", "Legend_J": "実在断層", "Legend_E": "confirmed fault", "styleidx": 3, "name": "confirmed fault", "source": "GSJ Seamless Geological Map V2 · 2025-07-18", "url": "https://gsj-seamless.jp/seamless/use.html"}, "geometry": {"type": "LineString", "coordinates": [[135.28845970001578, 34.87102995487582], [135.28880393172417, 34.87095922424656]]}}, {"type": "Feature", "id": "5235-311", "properties": {"Major_Code": "2", "Legend_J": "実在断層", "Legend_E": "confirmed fault", "styleidx": 3, "name": "confirmed fault", "source": "GSJ Seamless Geological Map V2 · 2025-07-18", "url": "https://gsj-seamless.jp/seamless/use.html"}, "geometry": {"type": "LineString", "coordinates": [[135.26156499022545, 34.746081526147016], [135.26294127511517, 34.747520891841646]]}}, {"type": "Feature", "id": "5235-312", "properties": {"Major_Code": "2", "Legend_J": "実在断層", "Legend_E": "confirmed fault", "styleidx": 3, "name": "confirmed fault", "source": "GSJ Seamless Geological Map V2 · 2025-07-18", "url": "https://gsj-seamless.jp/seamless/use.html"}, "geometry": {"type": "LineString", "coordinates": [[135.2976331968829, 34.872884290577176], [135.29755265401303, 34.872916051090854]]}}, {"type": "Feature", "id": "5235-313", "properties": {"Major_Code": "2", "Legend_J": "実在断層", "Legend_E": "confirmed fault", "styleidx": 3, "name": "confirmed fault", "source": "GSJ Seamless Geological Map V2 · 2025-07-18", "url": "https://gsj-seamless.jp/seamless/use.html"}, "geometry": {"type": "LineString", "coordinates": [[135.02884411355615, 34.92939425748091], [135.03008920005993, 34.92919773551359], [135.03052758628502, 34.929093909158965]]}}, {"type": "Feature", "id": "5235-314", "properties": {"Major_Code": "2", "Legend_J": "実在断層", "Legend_E": "confirmed fault", "styleidx": 3, "name": "confirmed fault", "source": "GSJ Seamless Geological Map V2 · 2025-07-18", "url": "https://gsj-seamless.jp/seamless/use.html"}, "geometry": {"type": "LineString", "coordinates": [[135.14723567689964, 34.734542977401304], [135.15334343340163, 34.73383157182454], [135.15335468977446, 34.73383155644227]]}}, {"type": "Feature", "id": "5235-315", "properties": {"Major_Code": "2", "Legend_J": "実在断層", "Legend_E": "confirmed fault", "styleidx": 3, "name": "confirmed fault", "source": "GSJ Seamless Geological Map V2 · 2025-07-18", "url": "https://gsj-seamless.jp/seamless/use.html"}, "geometry": {"type": "LineString", "coordinates": [[135.2877350837297, 34.87118951505458], [135.28823978142367, 34.87107557232626], [135.28845970001578, 34.87102995487582]]}}, {"type": "Feature", "id": "5235-316", "properties": {"Major_Code": "2", "Legend_J": "実在断層", "Legend_E": "confirmed fault", "styleidx": 3, "name": "confirmed fault", "source": "GSJ Seamless Geological Map V2 · 2025-07-18", "url": "https://gsj-seamless.jp/seamless/use.html"}, "geometry": {"type": "LineString", "coordinates": [[135.1602445194407, 34.75974381796125], [135.16383808848332, 34.759939244009836], [135.16604135552092, 34.760141120474536]]}}, {"type": "Feature", "id": "5235-317", "properties": {"Major_Code": "2", "Legend_J": "実在断層", "Legend_E": "confirmed fault", "styleidx": 3, "name": "confirmed fault", "source": "GSJ Seamless Geological Map V2 · 2025-07-18", "url": "https://gsj-seamless.jp/seamless/use.html"}, "geometry": {"type": "LineString", "coordinates": [[135.27541145672586, 34.873960029498576], [135.28025235364376, 34.8728282918032]]}}, {"type": "Feature", "id": "5235-318", "properties": {"Major_Code": "2", "Legend_J": "実在断層", "Legend_E": "confirmed fault", "styleidx": 3, "name": "confirmed fault", "source": "GSJ Seamless Geological Map V2 · 2025-07-18", "url": "https://gsj-seamless.jp/seamless/use.html"}, "geometry": {"type": "LineString", "coordinates": [[135.23301228019545, 34.81599881961323], [135.23882150013733, 34.81279548007791], [135.23885320849132, 34.81278900181172]]}}, {"type": "Feature", "id": "5235-319", "properties": {"Major_Code": "2", "Legend_J": "実在断層", "Legend_E": "confirmed fault", "styleidx": 3, "name": "confirmed fault", "source": "GSJ Seamless Geological Map V2 · 2025-07-18", "url": "https://gsj-seamless.jp/seamless/use.html"}, "geometry": {"type": "LineString", "coordinates": [[135.282200129082, 34.768163984231165], [135.28224466082477, 34.768213469025916], [135.2823495062389, 34.76833942760513]]}}, {"type": "Feature", "id": "5235-320", "properties": {"Major_Code": "2", "Legend_J": "実在断層", "Legend_E": "confirmed fault", "styleidx": 3, "name": "confirmed fault", "source": "GSJ Seamless Geological Map V2 · 2025-07-18", "url": "https://gsj-seamless.jp/seamless/use.html"}, "geometry": {"type": "LineString", "coordinates": [[135.0797943483691, 34.94544920046567], [135.08092283158183, 34.94602755884917]]}}, {"type": "Feature", "id": "5235-321", "properties": {"Major_Code": "2", "Legend_J": "実在断層", "Legend_E": "confirmed fault", "styleidx": 3, "name": "confirmed fault", "source": "GSJ Seamless Geological Map V2 · 2025-07-18", "url": "https://gsj-seamless.jp/seamless/use.html"}, "geometry": {"type": "LineString", "coordinates": [[135.14556079773382, 34.75034036964364], [135.14529148107178, 34.75028212071449]]}}, {"type": "Feature", "id": "5235-322", "properties": {"Major_Code": "2", "Legend_J": "実在断層", "Legend_E": "confirmed fault", "styleidx": 3, "name": "confirmed fault", "source": "GSJ Seamless Geological Map V2 · 2025-07-18", "url": "https://gsj-seamless.jp/seamless/use.html"}, "geometry": {"type": "LineString", "coordinates": [[135.24820079885973, 34.73741547108439], [135.24945053747624, 34.738514936916815], [135.2511986300359, 34.739924336054656], [135.25583988864028, 34.744104128481226]]}}, {"type": "Feature", "id": "5235-323", "properties": {"Major_Code": "2", "Legend_J": "実在断層", "Legend_E": "confirmed fault", "styleidx": 3, "name": "confirmed fault", "source": "GSJ Seamless Geological Map V2 · 2025-07-18", "url": "https://gsj-seamless.jp/seamless/use.html"}, "geometry": {"type": "LineString", "coordinates": [[135.11096943793362, 34.807768545889715], [135.11071401767356, 34.80776203886279], [135.10716895831646, 34.80718861022942], [135.10198946088232, 34.80604640177866], [135.10155874487864, 34.80592284317007]]}}, {"type": "Feature", "id": "5235-324", "properties": {"Major_Code": "2", "Legend_J": "実在断層", "Legend_E": "confirmed fault", "styleidx": 3, "name": "confirmed fault", "source": "GSJ Seamless Geological Map V2 · 2025-07-18", "url": "https://gsj-seamless.jp/seamless/use.html"}, "geometry": {"type": "LineString", "coordinates": [[135.17644105174065, 34.76091874068783], [135.17638265507895, 34.76090080226632], [135.168513256019, 34.7603673531934], [135.16604135552092, 34.760141120474536]]}}, {"type": "Feature", "id": "5235-325", "properties": {"Major_Code": "2", "Legend_J": "実在断層", "Legend_E": "confirmed fault", "styleidx": 3, "name": "confirmed fault", "source": "GSJ Seamless Geological Map V2 · 2025-07-18", "url": "https://gsj-seamless.jp/seamless/use.html"}, "geometry": {"type": "LineString", "coordinates": [[135.30390748611072, 34.87151580410592], [135.30515440954224, 34.87120828659313]]}}, {"type": "Feature", "id": "5235-326", "properties": {"Major_Code": "2", "Legend_J": "実在断層", "Legend_E": "confirmed fault", "styleidx": 3, "name": "confirmed fault", "source": "GSJ Seamless Geological Map V2 · 2025-07-18", "url": "https://gsj-seamless.jp/seamless/use.html"}, "geometry": {"type": "LineString", "coordinates": [[135.23253828681044, 34.78124305199128], [135.2318802956353, 34.780771065229075], [135.22370306998377, 34.77445838772168], [135.223523835672, 34.77430772677849], [135.2201242996421, 34.77114535142135], [135.21985246264785, 34.77080553854911], [135.21876633878873, 34.76966039041156]]}}, {"type": "Feature", "id": "5235-327", "properties": {"Major_Code": "2", "Legend_J": "実在断層", "Legend_E": "confirmed fault", "styleidx": 3, "name": "confirmed fault", "source": "GSJ Seamless Geological Map V2 · 2025-07-18", "url": "https://gsj-seamless.jp/seamless/use.html"}, "geometry": {"type": "LineString", "coordinates": [[135.2823495062389, 34.76833942760513], [135.28474026005773, 34.771168968574386], [135.2847731322339, 34.77120269089781]]}}, {"type": "Feature", "id": "5235-328", "properties": {"Major_Code": "2", "Legend_J": "実在断層", "Legend_E": "confirmed fault", "styleidx": 3, "name": "confirmed fault", "source": "GSJ Seamless Geological Map V2 · 2025-07-18", "url": "https://gsj-seamless.jp/seamless/use.html"}, "geometry": {"type": "LineString", "coordinates": [[135.1115573318009, 34.82170578471106], [135.12001052439132, 34.820146184954694]]}}, {"type": "Feature", "id": "5235-329", "properties": {"Major_Code": "2", "Legend_J": "実在断層", "Legend_E": "confirmed fault", "styleidx": 3, "name": "confirmed fault", "source": "GSJ Seamless Geological Map V2 · 2025-07-18", "url": "https://gsj-seamless.jp/seamless/use.html"}, "geometry": {"type": "LineString", "coordinates": [[135.25782830848792, 34.79728420019916], [135.25588744269317, 34.79602634735967], [135.2553797904516, 34.79568037769218], [135.2550388938958, 34.79562477763997]]}}, {"type": "Feature", "id": "5235-330", "properties": {"Major_Code": "2", "Legend_J": "実在断層", "Legend_E": "confirmed fault", "styleidx": 3, "name": "confirmed fault", "source": "GSJ Seamless Geological Map V2 · 2025-07-18", "url": "https://gsj-seamless.jp/seamless/use.html"}, "geometry": {"type": "LineString", "coordinates": [[135.15335468977446, 34.73383155644227], [135.157968080912, 34.733336073819785], [135.16244404012053, 34.73309755417628]]}}, {"type": "Feature", "id": "5235-331", "properties": {"Major_Code": "2", "Legend_J": "実在断層", "Legend_E": "confirmed fault", "styleidx": 3, "name": "confirmed fault", "source": "GSJ Seamless Geological Map V2 · 2025-07-18", "url": "https://gsj-seamless.jp/seamless/use.html"}, "geometry": {"type": "LineString", "coordinates": [[135.1190413818676, 34.759815787387225], [135.11957669935882, 34.75998198892242], [135.12136761632502, 34.76046235419069], [135.12262204139967, 34.76092526291059]]}}, {"type": "Feature", "id": "5235-332", "properties": {"Major_Code": "2", "Legend_J": "実在断層", "Legend_E": "confirmed fault", "styleidx": 3, "name": "confirmed fault", "source": "GSJ Seamless Geological Map V2 · 2025-07-18", "url": "https://gsj-seamless.jp/seamless/use.html"}, "geometry": {"type": "LineString", "coordinates": [[135.11990322470157, 34.73901153444179], [135.12257852236294, 34.73853076345565]]}}, {"type": "Feature", "id": "5235-333", "properties": {"Major_Code": "2", "Legend_J": "実在断層", "Legend_E": "confirmed fault", "styleidx": 3, "name": "confirmed fault", "source": "GSJ Seamless Geological Map V2 · 2025-07-18", "url": "https://gsj-seamless.jp/seamless/use.html"}, "geometry": {"type": "LineString", "coordinates": [[135.2179553594565, 34.80989560728171], [135.2190459982024, 34.809600529238026], [135.22600784775187, 34.80859986796595], [135.226826701194, 34.80860050386937], [135.23501820751116, 34.807035688183106], [135.23624650403457, 34.80692498647308], [135.23720234543325, 34.806702146716475], [135.2394373620157, 34.806246759634305]]}}, {"type": "Feature", "id": "5235-334", "properties": {"Major_Code": "2", "Legend_J": "実在断層", "Legend_E": "confirmed fault", "styleidx": 3, "name": "confirmed fault", "source": "GSJ Seamless Geological Map V2 · 2025-07-18", "url": "https://gsj-seamless.jp/seamless/use.html"}, "geometry": {"type": "LineString", "coordinates": [[135.27107585999943, 34.766439205481916], [135.2685616693539, 34.76322201601127], [135.266857434397, 34.76145215402701], [135.2628769906724, 34.75714507950926], [135.26266180636586, 34.75696525762965], [135.25906166447777, 34.753617339290386], [135.2556900577232, 34.75049194324024], [135.2473417442267, 34.743944543081135], [135.24209267383236, 34.74029986346231], [135.23662711605542, 34.73692811939463], [135.23550441921458, 34.73632412726819]]}}, {"type": "Feature", "id": "5235-335", "properties": {"Major_Code": "2", "Legend_J": "実在断層", "Legend_E": "confirmed fault", "styleidx": 3, "name": "confirmed fault", "source": "GSJ Seamless Geological Map V2 · 2025-07-18", "url": "https://gsj-seamless.jp/seamless/use.html"}, "geometry": {"type": "LineString", "coordinates": [[135.17295063950675, 34.76698478552102], [135.16766365471236, 34.76402665760338], [135.1623438732085, 34.76122611428089], [135.1618190635994, 34.76087751217051], [135.1602445194407, 34.75974381796125]]}}, {"type": "Feature", "id": "5235-336", "properties": {"Major_Code": "2", "Legend_J": "実在断層", "Legend_E": "confirmed fault", "styleidx": 3, "name": "confirmed fault", "source": "GSJ Seamless Geological Map V2 · 2025-07-18", "url": "https://gsj-seamless.jp/seamless/use.html"}, "geometry": {"type": "LineString", "coordinates": [[135.2394373620157, 34.806246759634305], [135.2384634444825, 34.8060910091561], [135.23617280335526, 34.80552775449026], [135.23093270088242, 34.804436232570296], [135.22343302137904, 34.803067172567594], [135.22261028699984, 34.80298988490271]]}}, {"type": "Feature", "id": "5235-337", "properties": {"Major_Code": "2", "Legend_J": "実在断層", "Legend_E": "confirmed fault", "styleidx": 3, "name": "confirmed fault", "source": "GSJ Seamless Geological Map V2 · 2025-07-18", "url": "https://gsj-seamless.jp/seamless/use.html"}, "geometry": {"type": "LineString", "coordinates": [[135.26892114349323, 34.83451962692307], [135.2688474382594, 34.83454459388899], [135.26777736001304, 34.834909938704726], [135.26482208036083, 34.83607069189473], [135.26168011441644, 34.837080787331715], [135.25840036646554, 34.83842918265245]]}}, {"type": "Feature", "id": "5235-338", "properties": {"Major_Code": "2", "Legend_J": "実在断層", "Legend_E": "confirmed fault", "styleidx": 3, "name": "confirmed fault", "source": "GSJ Seamless Geological Map V2 · 2025-07-18", "url": "https://gsj-seamless.jp/seamless/use.html"}, "geometry": {"type": "LineString", "coordinates": [[135.2869353001477, 34.87135601517237], [135.28700222695647, 34.87134007678833], [135.2877350837297, 34.87118951505458]]}}, {"type": "Feature", "id": "5235-339", "properties": {"Major_Code": "2", "Legend_J": "実在断層", "Legend_E": "confirmed fault", "styleidx": 3, "name": "confirmed fault", "source": "GSJ Seamless Geological Map V2 · 2025-07-18", "url": "https://gsj-seamless.jp/seamless/use.html"}, "geometry": {"type": "LineString", "coordinates": [[135.2368495616917, 34.741306952155824], [135.23024498241705, 34.735027495629154]]}}, {"type": "Feature", "id": "5235-340", "properties": {"Major_Code": "2", "Legend_J": "実在断層", "Legend_E": "confirmed fault", "styleidx": 3, "name": "confirmed fault", "source": "GSJ Seamless Geological Map V2 · 2025-07-18", "url": "https://gsj-seamless.jp/seamless/use.html"}, "geometry": {"type": "LineString", "coordinates": [[135.11599730958855, 34.76129308627622], [135.11584769803534, 34.75946535068712], [135.115696353054, 34.75874877487057]]}}, {"type": "Feature", "id": "5235-341", "properties": {"Major_Code": "2", "Legend_J": "実在断層", "Legend_E": "confirmed fault", "styleidx": 3, "name": "confirmed fault", "source": "GSJ Seamless Geological Map V2 · 2025-07-18", "url": "https://gsj-seamless.jp/seamless/use.html"}, "geometry": {"type": "LineString", "coordinates": [[135.25782830848792, 34.79728420019916], [135.25785465573682, 34.7973021707165], [135.25966668095498, 34.798379980717925], [135.26314442491133, 34.80009182323349], [135.2646858994844, 34.80062473594114]]}}, {"type": "Feature", "id": "5235-342", "properties": {"Major_Code": "2", "Legend_J": "実在断層", "Legend_E": "confirmed fault", "styleidx": 3, "name": "confirmed fault", "source": "GSJ Seamless Geological Map V2 · 2025-07-18", "url": "https://gsj-seamless.jp/seamless/use.html"}, "geometry": {"type": "LineString", "coordinates": [[135.115696353054, 34.75874877487057], [135.1156918823803, 34.75872624707023], [135.11548006400884, 34.75737413893313]]}}, {"type": "Feature", "id": "5235-343", "properties": {"Major_Code": "2", "Legend_J": "実在断層", "Legend_E": "confirmed fault", "styleidx": 3, "name": "confirmed fault", "source": "GSJ Seamless Geological Map V2 · 2025-07-18", "url": "https://gsj-seamless.jp/seamless/use.html"}, "geometry": {"type": "LineString", "coordinates": [[135.1880419409041, 34.77379903319684], [135.18711120646452, 34.77333176508267], [135.17929232650823, 34.7701258488986], [135.1759164319877, 34.7685376438656], [135.17295063950675, 34.76698478552102]]}}, {"type": "Feature", "id": "5235-344", "properties": {"Major_Code": "2", "Legend_J": "実在断層", "Legend_E": "confirmed fault", "styleidx": 3, "name": "confirmed fault", "source": "GSJ Seamless Geological Map V2 · 2025-07-18", "url": "https://gsj-seamless.jp/seamless/use.html"}, "geometry": {"type": "LineString", "coordinates": [[135.16244404012053, 34.73309755417628], [135.168075124498, 34.73153863196638], [135.1726781640211, 34.730733827495136], [135.1772812353995, 34.72999195196533], [135.18227155667205, 34.72931239321339], [135.18524573502037, 34.72901683578952]]}}, {"type": "Feature", "id": "5235-345", "properties": {"Major_Code": "2", "Legend_J": "実在断層", "Legend_E": "confirmed fault", "styleidx": 3, "name": "confirmed fault", "source": "GSJ Seamless Geological Map V2 · 2025-07-18", "url": "https://gsj-seamless.jp/seamless/use.html"}, "geometry": {"type": "LineString", "coordinates": [[135.09602562383589, 34.80438629354627], [135.09395060808805, 34.80365337631208]]}}, {"type": "Feature", "id": "5235-346", "properties": {"Major_Code": "2", "Legend_J": "実在断層", "Legend_E": "confirmed fault", "styleidx": 3, "name": "confirmed fault", "source": "GSJ Seamless Geological Map V2 · 2025-07-18", "url": "https://gsj-seamless.jp/seamless/use.html"}, "geometry": {"type": "LineString", "coordinates": [[135.26164685388628, 34.8774244838244], [135.26360624710819, 34.876888138265855], [135.26456104300715, 34.876640290982714]]}}, {"type": "Feature", "id": "5235-347", "properties": {"Major_Code": "2", "Legend_J": "実在断層", "Legend_E": "confirmed fault", "styleidx": 3, "name": "confirmed fault", "source": "GSJ Seamless Geological Map V2 · 2025-07-18", "url": "https://gsj-seamless.jp/seamless/use.html"}, "geometry": {"type": "LineString", "coordinates": [[135.29755265401303, 34.872916051090854], [135.29708649131285, 34.873108816870015], [135.29613038874274, 34.87333212673138], [135.29531029337087, 34.873557339912104], [135.29472100721605, 34.87372110975397]]}}, {"type": "Feature", "id": "5235-348", "properties": {"Major_Code": "2", "Legend_J": "実在断層", "Legend_E": "confirmed fault", "styleidx": 3, "name": "confirmed fault", "source": "GSJ Seamless Geological Map V2 · 2025-07-18", "url": "https://gsj-seamless.jp/seamless/use.html"}, "geometry": {"type": "LineString", "coordinates": [[135.22147651731913, 34.79310665658173], [135.22089103439566, 34.78729282023356]]}}, {"type": "Feature", "id": "5235-349", "properties": {"Major_Code": "2", "Legend_J": "実在断層", "Legend_E": "confirmed fault", "styleidx": 3, "name": "confirmed fault", "source": "GSJ Seamless Geological Map V2 · 2025-07-18", "url": "https://gsj-seamless.jp/seamless/use.html"}, "geometry": {"type": "LineString", "coordinates": [[135.11282149983336, 34.94397702816755], [135.11255769436806, 34.94389391604966], [135.11146755229404, 34.94321438168825], [135.10922555048546, 34.94198833873194]]}}, {"type": "Feature", "id": "5235-350", "properties": {"Major_Code": "2", "Legend_J": "実在断層", "Legend_E": "confirmed fault", "styleidx": 3, "name": "confirmed fault", "source": "GSJ Seamless Geological Map V2 · 2025-07-18", "url": "https://gsj-seamless.jp/seamless/use.html"}, "geometry": {"type": "LineString", "coordinates": [[135.17321112571562, 34.780063597694024], [135.1738558249262, 34.78018206346287], [135.17889813748204, 34.78132142771106], [135.1816234233542, 34.78211722732766], [135.18217358844723, 34.78240483872858]]}}, {"type": "Feature", "id": "5235-351", "properties": {"Major_Code": "2", "Legend_J": "実在断層", "Legend_E": "confirmed fault", "styleidx": 3, "name": "confirmed fault", "source": "GSJ Seamless Geological Map V2 · 2025-07-18", "url": "https://gsj-seamless.jp/seamless/use.html"}, "geometry": {"type": "LineString", "coordinates": [[135.27126563099816, 34.76666414459281], [135.27155182501411, 34.766947465474324], [135.2730481857339, 34.768528424784456], [135.2735403724426, 34.76919891834851], [135.2747316337476, 34.77076705628898]]}}, {"type": "Feature", "id": "5235-352", "properties": {"Major_Code": "2", "Legend_J": "実在断層", "Legend_E": "confirmed fault", "styleidx": 3, "name": "confirmed fault", "source": "GSJ Seamless Geological Map V2 · 2025-07-18", "url": "https://gsj-seamless.jp/seamless/use.html"}, "geometry": {"type": "LineString", "coordinates": [[135.21953426823657, 34.78501451003332], [135.22032462654926, 34.78615795979185], [135.22089103439566, 34.78729282023356]]}}, {"type": "Feature", "id": "5235-353", "properties": {"Major_Code": "2", "Legend_J": "実在断層", "Legend_E": "confirmed fault", "styleidx": 3, "name": "confirmed fault", "source": "GSJ Seamless Geological Map V2 · 2025-07-18", "url": "https://gsj-seamless.jp/seamless/use.html"}, "geometry": {"type": "LineString", "coordinates": [[135.2976331968829, 34.872884290577176], [135.2978094846448, 34.87287032244829]]}}, {"type": "Feature", "id": "5235-354", "properties": {"Major_Code": "2", "Legend_J": "実在断層", "Legend_E": "confirmed fault", "styleidx": 3, "name": "confirmed fault", "source": "GSJ Seamless Geological Map V2 · 2025-07-18", "url": "https://gsj-seamless.jp/seamless/use.html"}, "geometry": {"type": "LineString", "coordinates": [[135.2245170977345, 34.771387595945356], [135.2242132994955, 34.77129521862116], [135.22380643777277, 34.771151768628386], [135.2220353071679, 34.770584966686656], [135.22040032276965, 34.77013058141449], [135.21876633878873, 34.76966039041156]]}}, {"type": "Feature", "id": "5235-355", "properties": {"Major_Code": "2", "Legend_J": "実在断層", "Legend_E": "confirmed fault", "styleidx": 3, "name": "confirmed fault", "source": "GSJ Seamless Geological Map V2 · 2025-07-18", "url": "https://gsj-seamless.jp/seamless/use.html"}, "geometry": {"type": "LineString", "coordinates": [[135.2478987461979, 34.73185805308039], [135.24738218766453, 34.73146923863388], [135.2471062874408, 34.731381928944884]]}}, {"type": "Feature", "id": "5235-356", "properties": {"Major_Code": "2", "Legend_J": "実在断層", "Legend_E": "confirmed fault", "styleidx": 3, "name": "confirmed fault", "source": "GSJ Seamless Geological Map V2 · 2025-07-18", "url": "https://gsj-seamless.jp/seamless/use.html"}, "geometry": {"type": "LineString", "coordinates": [[135.26456104300715, 34.876640290982714], [135.265477030428, 34.876444372735136]]}}, {"type": "Feature", "id": "5235-357", "properties": {"Major_Code": "2", "Legend_J": "実在断層", "Legend_E": "confirmed fault", "styleidx": 3, "name": "confirmed fault", "source": "GSJ Seamless Geological Map V2 · 2025-07-18", "url": "https://gsj-seamless.jp/seamless/use.html"}, "geometry": {"type": "LineString", "coordinates": [[135.2151964389021, 34.77788022997425], [135.2147852658132, 34.777225122560694], [135.2143789646711, 34.776322081778986], [135.20908805986858, 34.76785280330827], [135.20876874008195, 34.76732147240011]]}}, {"type": "Feature", "id": "5235-358", "properties": {"Major_Code": "2", "Legend_J": "実在断層", "Legend_E": "confirmed fault", "styleidx": 3, "name": "confirmed fault", "source": "GSJ Seamless Geological Map V2 · 2025-07-18", "url": "https://gsj-seamless.jp/seamless/use.html"}, "geometry": {"type": "LineString", "coordinates": [[135.19330178203245, 34.73975897656518], [135.20390964114222, 34.74188172688959], [135.21451803829174, 34.74400355071005], [135.22404243105643, 34.74564648173745], [135.22946246320336, 34.74640438434169]]}}, {"type": "Feature", "id": "5235-359", "properties": {"Major_Code": "2", "Legend_J": "実在断層", "Legend_E": "confirmed fault", "styleidx": 3, "name": "confirmed fault", "source": "GSJ Seamless Geological Map V2 · 2025-07-18", "url": "https://gsj-seamless.jp/seamless/use.html"}, "geometry": {"type": "LineString", "coordinates": [[135.58239724111885, 34.89221330585272], [135.58243466578756, 34.89178940842791], [135.5823615119483, 34.89068992106134]]}}, {"type": "Feature", "id": "5235-360", "properties": {"Major_Code": "2", "Legend_J": "実在断層", "Legend_E": "confirmed fault", "styleidx": 3, "name": "confirmed fault", "source": "GSJ Seamless Geological Map V2 · 2025-07-18", "url": "https://gsj-seamless.jp/seamless/use.html"}, "geometry": {"type": "LineString", "coordinates": [[135.46818161430082, 34.8368065030741], [135.45932113247792, 34.83441612006736], [135.4533165349212, 34.833174891773], [135.44649256830954, 34.83210324413534], [135.43966877441383, 34.83103121221424], [135.43543866722095, 34.83058034205508], [135.43120813574717, 34.829901683723236], [135.42564056688977, 34.8295838158171]]}}, {"type": "Feature", "id": "5235-361", "properties": {"Major_Code": "2", "Legend_J": "実在断層", "Legend_E": "confirmed fault", "styleidx": 3, "name": "confirmed fault", "source": "GSJ Seamless Geological Map V2 · 2025-07-18", "url": "https://gsj-seamless.jp/seamless/use.html"}, "geometry": {"type": "LineString", "coordinates": [[135.48702897867554, 34.865426077206365], [135.47842720699686, 34.86350934151247], [135.47242004675712, 34.86260940728987], [135.4685971416371, 34.86272151973364], [135.46136018993155, 34.86463866527009], [135.45686625779632, 34.86516998543138]]}}, {"type": "Feature", "id": "5235-362", "properties": {"Major_Code": "2", "Legend_J": "実在断層", "Legend_E": "confirmed fault", "styleidx": 3, "name": "confirmed fault", "source": "GSJ Seamless Geological Map V2 · 2025-07-18", "url": "https://gsj-seamless.jp/seamless/use.html"}, "geometry": {"type": "LineString", "coordinates": [[135.50484766859546, 34.85865316870975], [135.50267321695713, 34.85690217917558]]}}, {"type": "Feature", "id": "5235-363", "properties": {"Major_Code": "2", "Legend_J": "実在断層", "Legend_E": "confirmed fault", "styleidx": 3, "name": "confirmed fault", "source": "GSJ Seamless Geological Map V2 · 2025-07-18", "url": "https://gsj-seamless.jp/seamless/use.html"}, "geometry": {"type": "LineString", "coordinates": [[135.34279574384846, 34.885059603530024], [135.3430915832714, 34.88415721172714]]}}, {"type": "Feature", "id": "5235-364", "properties": {"Major_Code": "2", "Legend_J": "実在断層", "Legend_E": "confirmed fault", "styleidx": 3, "name": "confirmed fault", "source": "GSJ Seamless Geological Map V2 · 2025-07-18", "url": "https://gsj-seamless.jp/seamless/use.html"}, "geometry": {"type": "LineString", "coordinates": [[135.55153321789354, 34.95039204812973], [135.551393761194, 34.949625083005074], [135.55038864723065, 34.94455869604915], [135.5503782979247, 34.94448631460094]]}}, {"type": "Feature", "id": "5235-365", "properties": {"Major_Code": "2", "Legend_J": "実在断層", "Legend_E": "confirmed fault", "styleidx": 3, "name": "confirmed fault", "source": "GSJ Seamless Geological Map V2 · 2025-07-18", "url": "https://gsj-seamless.jp/seamless/use.html"}, "geometry": {"type": "LineString", "coordinates": [[135.36994340951557, 34.94807459702031], [135.36997914721994, 34.94779501545841], [135.3700811512185, 34.94733492184835]]}}, {"type": "Feature", "id": "5235-366", "properties": {"Major_Code": "2", "Legend_J": "実在断層", "Legend_E": "confirmed fault", "styleidx": 3, "name": "confirmed fault", "source": "GSJ Seamless Geological Map V2 · 2025-07-18", "url": "https://gsj-seamless.jp/seamless/use.html"}, "geometry": {"type": "LineString", "coordinates": [[135.3721287962961, 34.91818008666043], [135.37212900272323, 34.91806739399358], [135.37207780249696, 34.91713673783789], [135.37203911422836, 34.91609109415967], [135.37201275454166, 34.9153699617338]]}}, {"type": "Feature", "id": "5235-367", "properties": {"Major_Code": "2", "Legend_J": "実在断層", "Legend_E": "confirmed fault", "styleidx": 3, "name": "confirmed fault", "source": "GSJ Seamless Geological Map V2 · 2025-07-18", "url": "https://gsj-seamless.jp/seamless/use.html"}, "geometry": {"type": "LineString", "coordinates": [[135.37201275454166, 34.9153699617338], [135.3718122907671, 34.91264574345538], [135.3713945054899, 34.91121590293633]]}}, {"type": "Feature", "id": "5235-368", "properties": {"Major_Code": "2", "Legend_J": "実在断層", "Legend_E": "confirmed fault", "styleidx": 3, "name": "confirmed fault", "source": "GSJ Seamless Geological Map V2 · 2025-07-18", "url": "https://gsj-seamless.jp/seamless/use.html"}, "geometry": {"type": "LineString", "coordinates": [[135.34251070081936, 34.88592816088567], [135.34279574384846, 34.885059603530024]]}}, {"type": "Feature", "id": "5235-369", "properties": {"Major_Code": "2", "Legend_J": "実在断層", "Legend_E": "confirmed fault", "styleidx": 3, "name": "confirmed fault", "source": "GSJ Seamless Geological Map V2 · 2025-07-18", "url": "https://gsj-seamless.jp/seamless/use.html"}, "geometry": {"type": "LineString", "coordinates": [[135.56807400805098, 34.94285297202464], [135.5747708085726, 34.94295824020885], [135.57859706918688, 34.942617376591514], [135.58310691198173, 34.94261335868027], [135.58652413722123, 34.94317350282094], [135.59015443514022, 34.94416748121111]]}}, {"type": "Feature", "id": "5235-370", "properties": {"Major_Code": "4", "Legend_J": "伏在断層", "Legend_E": "concealed fault", "styleidx": 4, "name": "concealed fault", "source": "GSJ Seamless Geological Map V2 · 2025-07-18", "url": "https://gsj-seamless.jp/seamless/use.html"}, "geometry": {"type": "LineString", "coordinates": [[135.3898552653736, 34.79184982068095], [135.39328045169847, 34.79236132737147], [135.39771441026437, 34.79321642606341], [135.40280978599426, 34.794147996334104]]}}, {"type": "Feature", "id": "5235-371", "properties": {"Major_Code": "2", "Legend_J": "実在断層", "Legend_E": "confirmed fault", "styleidx": 3, "name": "confirmed fault", "source": "GSJ Seamless Geological Map V2 · 2025-07-18", "url": "https://gsj-seamless.jp/seamless/use.html"}, "geometry": {"type": "LineString", "coordinates": [[135.41968677112067, 34.78455313622128], [135.41344115530174, 34.783129672240726], [135.40719575099496, 34.78170588599582]]}}, {"type": "Feature", "id": "5235-372", "properties": {"Major_Code": "2", "Legend_J": "実在断層", "Legend_E": "confirmed fault", "styleidx": 3, "name": "confirmed fault", "source": "GSJ Seamless Geological Map V2 · 2025-07-18", "url": "https://gsj-seamless.jp/seamless/use.html"}, "geometry": {"type": "LineString", "coordinates": [[135.5823615119483, 34.89068992106134], [135.58235761123007, 34.887627038172866], [135.58239330989596, 34.88605146383281]]}}, {"type": "Feature", "id": "5235-373", "properties": {"Major_Code": "2", "Legend_J": "実在断層", "Legend_E": "confirmed fault", "styleidx": 3, "name": "confirmed fault", "source": "GSJ Seamless Geological Map V2 · 2025-07-18", "url": "https://gsj-seamless.jp/seamless/use.html"}, "geometry": {"type": "LineString", "coordinates": [[135.54083307318547, 34.89997577188525], [135.54016449351445, 34.89923281709814], [135.53838691790358, 34.896527324973945], [135.53524231277981, 34.89122935385213], [135.53305480353754, 34.887959929086904], [135.52902292226275, 34.88249222796233], [135.52499157802643, 34.8770243834108], [135.5233524200672, 34.875109136156055], [135.5223194665634, 34.874205002401695]]}}, {"type": "Feature", "id": "5235-374", "properties": {"Major_Code": "2", "Legend_J": "実在断層", "Legend_E": "confirmed fault", "styleidx": 3, "name": "confirmed fault", "source": "GSJ Seamless Geological Map V2 · 2025-07-18", "url": "https://gsj-seamless.jp/seamless/use.html"}, "geometry": {"type": "LineString", "coordinates": [[135.41916289117128, 34.872181722501544], [135.41875490195474, 34.872189939054934], [135.41342936697117, 34.87218845002959], [135.41090804246394, 34.871991903323746], [135.40892373343192, 34.87184806272938], [135.40741809952894, 34.871706057567614], [135.4063490098897, 34.87153017085513]]}}, {"type": "Feature", "id": "5235-375", "properties": {"Major_Code": "2", "Legend_J": "実在断層", "Legend_E": "confirmed fault", "styleidx": 3, "name": "confirmed fault", "source": "GSJ Seamless Geological Map V2 · 2025-07-18", "url": "https://gsj-seamless.jp/seamless/use.html"}, "geometry": {"type": "LineString", "coordinates": [[135.54970491253806, 34.93977676115584], [135.54941873096476, 34.93777525140999]]}}, {"type": "Feature", "id": "5235-376", "properties": {"Major_Code": "2", "Legend_J": "実在断層", "Legend_E": "confirmed fault", "styleidx": 3, "name": "confirmed fault", "source": "GSJ Seamless Geological Map V2 · 2025-07-18", "url": "https://gsj-seamless.jp/seamless/use.html"}, "geometry": {"type": "LineString", "coordinates": [[135.37057835036134, 34.853196232029], [135.3704424664915, 34.85321920086979], [135.36934994359072, 34.853558456631134], [135.36825352500102, 34.85378954120385]]}}, {"type": "Feature", "id": "5235-377", "properties": {"Major_Code": "2", "Legend_J": "実在断層", "Legend_E": "confirmed fault", "styleidx": 3, "name": "confirmed fault", "source": "GSJ Seamless Geological Map V2 · 2025-07-18", "url": "https://gsj-seamless.jp/seamless/use.html"}, "geometry": {"type": "LineString", "coordinates": [[135.33426664682747, 34.757830100420904], [135.3353910097798, 34.75896283741284], [135.3376503632564, 34.761304877092456], [135.33875428136318, 34.762419611775414]]}}, {"type": "Feature", "id": "5235-378", "properties": {"Major_Code": "2", "Legend_J": "実在断層", "Legend_E": "confirmed fault", "styleidx": 3, "name": "confirmed fault", "source": "GSJ Seamless Geological Map V2 · 2025-07-18", "url": "https://gsj-seamless.jp/seamless/use.html"}, "geometry": {"type": "LineString", "coordinates": [[135.5503782979247, 34.94448631460094], [135.54990636699605, 34.94118570253745]]}}, {"type": "Feature", "id": "5235-379", "properties": {"Major_Code": "2", "Legend_J": "実在断層", "Legend_E": "confirmed fault", "styleidx": 3, "name": "confirmed fault", "source": "GSJ Seamless Geological Map V2 · 2025-07-18", "url": "https://gsj-seamless.jp/seamless/use.html"}, "geometry": {"type": "LineString", "coordinates": [[135.3464176221174, 34.875206524335795], [135.3467896666929, 34.87406498530076], [135.34699431610633, 34.87379617705834]]}}, {"type": "Feature", "id": "5235-380", "properties": {"Major_Code": "2", "Legend_J": "実在断層", "Legend_E": "confirmed fault", "styleidx": 3, "name": "confirmed fault", "source": "GSJ Seamless Geological Map V2 · 2025-07-18", "url": "https://gsj-seamless.jp/seamless/use.html"}, "geometry": {"type": "LineString", "coordinates": [[135.32554096390726, 34.851743257641346], [135.3261708821569, 34.85172121768598], [135.3267824127841, 34.851715007391036], [135.32826106752125, 34.85171762558328], [135.33044540067817, 34.85149510365377], [135.33220284082367, 34.85149689451163], [135.3323332706833, 34.85147623953719]]}}, {"type": "Feature", "id": "5235-381", "properties": {"Major_Code": "2", "Legend_J": "実在断層", "Legend_E": "confirmed fault", "styleidx": 3, "name": "confirmed fault", "source": "GSJ Seamless Geological Map V2 · 2025-07-18", "url": "https://gsj-seamless.jp/seamless/use.html"}, "geometry": {"type": "LineString", "coordinates": [[135.528283627284, 34.86206253891075], [135.5285342025248, 34.862248486223585], [135.53379535557545, 34.86451706552471], [135.5342591973975, 34.86470655297116], [135.5353053119435, 34.865224723792515]]}}, {"type": "Feature", "id": "5235-382", "properties": {"Major_Code": "2", "Legend_J": "実在断層", "Legend_E": "confirmed fault", "styleidx": 3, "name": "confirmed fault", "source": "GSJ Seamless Geological Map V2 · 2025-07-18", "url": "https://gsj-seamless.jp/seamless/use.html"}, "geometry": {"type": "LineString", "coordinates": [[135.45686625779632, 34.86516998543138], [135.4563861970388, 34.86446864901551], [135.45405420282214, 34.861063097046284], [135.45166850485344, 34.85832483673232]]}}, {"type": "Feature", "id": "5235-383", "properties": {"Major_Code": "2", "Legend_J": "実在断層", "Legend_E": "confirmed fault", "styleidx": 3, "name": "confirmed fault", "source": "GSJ Seamless Geological Map V2 · 2025-07-18", "url": "https://gsj-seamless.jp/seamless/use.html"}, "geometry": {"type": "LineString", "coordinates": [[135.31331311007148, 34.86576169917738], [135.31430747947198, 34.86557420913736], [135.31446451212295, 34.86553096964821], [135.31910999006953, 34.86450639410354], [135.32072794667067, 34.86422700201354], [135.32268014234387, 34.863784380912975]]}}, {"type": "Feature", "id": "5235-384", "properties": {"Major_Code": "2", "Legend_J": "実在断層", "Legend_E": "confirmed fault", "styleidx": 3, "name": "confirmed fault", "source": "GSJ Seamless Geological Map V2 · 2025-07-18", "url": "https://gsj-seamless.jp/seamless/use.html"}, "geometry": {"type": "LineString", "coordinates": [[135.37197948685005, 34.927653283138625], [135.3723413796679, 34.92577246489214]]}}, {"type": "Feature", "id": "5235-385", "properties": {"Major_Code": "2", "Legend_J": "実在断層", "Legend_E": "confirmed fault", "styleidx": 3, "name": "confirmed fault", "source": "GSJ Seamless Geological Map V2 · 2025-07-18", "url": "https://gsj-seamless.jp/seamless/use.html"}, "geometry": {"type": "LineString", "coordinates": [[135.5891219041078, 34.90934951874389], [135.58775804359288, 34.906124344424185], [135.5858783948968, 34.902845345513484], [135.58389811409464, 34.90002208524276], [135.58215851741193, 34.89798192321172]]}}, {"type": "Feature", "id": "5235-386", "properties": {"Major_Code": "2", "Legend_J": "実在断層", "Legend_E": "confirmed fault", "styleidx": 3, "name": "confirmed fault", "source": "GSJ Seamless Geological Map V2 · 2025-07-18", "url": "https://gsj-seamless.jp/seamless/use.html"}, "geometry": {"type": "LineString", "coordinates": [[135.4002826167149, 34.8423549150484], [135.39810207282085, 34.84271165523451], [135.39297842962526, 34.84387381165796], [135.39225981075327, 34.84405425865006]]}}, {"type": "Feature", "id": "5235-387", "properties": {"Major_Code": "2", "Legend_J": "実在断層", "Legend_E": "confirmed fault", "styleidx": 3, "name": "confirmed fault", "source": "GSJ Seamless Geological Map V2 · 2025-07-18", "url": "https://gsj-seamless.jp/seamless/use.html"}, "geometry": {"type": "LineString", "coordinates": [[135.33032942598442, 34.8623566331581], [135.33105528068842, 34.86220132721853], [135.33266229366123, 34.861944339480594], [135.3377123648675, 34.860861560575216], [135.33866378816597, 34.86073034615233]]}}, {"type": "Feature", "id": "5235-388", "properties": {"Major_Code": "2", "Legend_J": "実在断層", "Legend_E": "confirmed fault", "styleidx": 3, "name": "confirmed fault", "source": "GSJ Seamless Geological Map V2 · 2025-07-18", "url": "https://gsj-seamless.jp/seamless/use.html"}, "geometry": {"type": "LineString", "coordinates": [[135.47826147370222, 34.84043092461512], [135.4780218685568, 34.84034399513587], [135.47788280950007, 34.840276943990695], [135.4756990316601, 34.83948788106716], [135.4744188205721, 34.83900844412004]]}}, {"type": "Feature", "id": "5235-389", "properties": {"Major_Code": "2", "Legend_J": "実在断層", "Legend_E": "confirmed fault", "styleidx": 3, "name": "confirmed fault", "source": "GSJ Seamless Geological Map V2 · 2025-07-18", "url": "https://gsj-seamless.jp/seamless/use.html"}, "geometry": {"type": "LineString", "coordinates": [[135.34822998726523, 34.771927948534696], [135.34805121529538, 34.77177521429708]]}}, {"type": "Feature", "id": "5235-390", "properties": {"Major_Code": "2", "Legend_J": "実在断層", "Legend_E": "confirmed fault", "styleidx": 3, "name": "confirmed fault", "source": "GSJ Seamless Geological Map V2 · 2025-07-18", "url": "https://gsj-seamless.jp/seamless/use.html"}, "geometry": {"type": "LineString", "coordinates": [[135.58239724111885, 34.89221330585272], [135.5822608395401, 34.893757817593354]]}}, {"type": "Feature", "id": "5235-391", "properties": {"Major_Code": "2", "Legend_J": "実在断層", "Legend_E": "confirmed fault", "styleidx": 3, "name": "confirmed fault", "source": "GSJ Seamless Geological Map V2 · 2025-07-18", "url": "https://gsj-seamless.jp/seamless/use.html"}, "geometry": {"type": "LineString", "coordinates": [[135.33154268591116, 34.91228203061358], [135.33121194600085, 34.91449169999332], [135.33059315001273, 34.91882300840578], [135.33004250601698, 34.92130375015229], [135.33004036060015, 34.922180489134774], [135.32996848171882, 34.92288162386309]]}}, {"type": "Feature", "id": "5235-392", "properties": {"Major_Code": "2", "Legend_J": "実在断層", "Legend_E": "confirmed fault", "styleidx": 3, "name": "confirmed fault", "source": "GSJ Seamless Geological Map V2 · 2025-07-18", "url": "https://gsj-seamless.jp/seamless/use.html"}, "geometry": {"type": "LineString", "coordinates": [[135.37988120563537, 34.85093749712651], [135.38655600338438, 34.8495093608967], [135.38764804888072, 34.849395330516444], [135.38787790096688, 34.84930442012745]]}}, {"type": "Feature", "id": "5235-393", "properties": {"Major_Code": "2", "Legend_J": "実在断層", "Legend_E": "confirmed fault", "styleidx": 3, "name": "confirmed fault", "source": "GSJ Seamless Geological Map V2 · 2025-07-18", "url": "https://gsj-seamless.jp/seamless/use.html"}, "geometry": {"type": "LineString", "coordinates": [[135.58592857996385, 34.95588093282386], [135.58617465949766, 34.95496017792514], [135.5862109371764, 34.95486308990236]]}}, {"type": "Feature", "id": "5235-394", "properties": {"Major_Code": "2", "Legend_J": "実在断層", "Legend_E": "confirmed fault", "styleidx": 3, "name": "confirmed fault", "source": "GSJ Seamless Geological Map V2 · 2025-07-18", "url": "https://gsj-seamless.jp/seamless/use.html"}, "geometry": {"type": "LineString", "coordinates": [[135.31810644292744, 34.85241959571347], [135.3180531636047, 34.85242424388519], [135.3170878809675, 34.852485474511624], [135.3157642800843, 34.85266259938]]}}, {"type": "Feature", "id": "5235-395", "properties": {"Major_Code": "2", "Legend_J": "実在断層", "Legend_E": "confirmed fault", "styleidx": 3, "name": "confirmed fault", "source": "GSJ Seamless Geological Map V2 · 2025-07-18", "url": "https://gsj-seamless.jp/seamless/use.html"}, "geometry": {"type": "LineString", "coordinates": [[135.4964710907123, 34.82824172377543], [135.4954893357222, 34.82797987622085], [135.49460692241098, 34.827721869128986]]}}, {"type": "Feature", "id": "5235-396", "properties": {"Major_Code": "2", "Legend_J": "実在断層", "Legend_E": "confirmed fault", "styleidx": 3, "name": "confirmed fault", "source": "GSJ Seamless Geological Map V2 · 2025-07-18", "url": "https://gsj-seamless.jp/seamless/use.html"}, "geometry": {"type": "LineString", "coordinates": [[135.54549797531902, 34.907461806585474], [135.54522423492006, 34.90678466911609], [135.5415317662994, 34.901261758319485], [135.54083307318547, 34.89997577188525]]}}, {"type": "Feature", "id": "5235-397", "properties": {"Major_Code": "2", "Legend_J": "実在断層", "Legend_E": "confirmed fault", "styleidx": 3, "name": "confirmed fault", "source": "GSJ Seamless Geological Map V2 · 2025-07-18", "url": "https://gsj-seamless.jp/seamless/use.html"}, "geometry": {"type": "LineString", "coordinates": [[135.5714564716173, 34.88772276332796], [135.56787804087784, 34.884773919746905], [135.56672346674253, 34.88404920403271]]}}, {"type": "Feature", "id": "5235-398", "properties": {"Major_Code": "2", "Legend_J": "実在断層", "Legend_E": "confirmed fault", "styleidx": 3, "name": "confirmed fault", "source": "GSJ Seamless Geological Map V2 · 2025-07-18", "url": "https://gsj-seamless.jp/seamless/use.html"}, "geometry": {"type": "LineString", "coordinates": [[135.34934478184047, 34.820434247029695], [135.35138322884623, 34.82016220926191], [135.3572465230554, 34.82002955606264], [135.3577677545651, 34.820048253322824]]}}, {"type": "Feature", "id": "5235-399", "properties": {"Major_Code": "2", "Legend_J": "実在断層", "Legend_E": "confirmed fault", "styleidx": 3, "name": "confirmed fault", "source": "GSJ Seamless Geological Map V2 · 2025-07-18", "url": "https://gsj-seamless.jp/seamless/use.html"}, "geometry": {"type": "LineString", "coordinates": [[135.34080778961862, 34.85086137625103], [135.34238220040214, 34.850717048559105], [135.34409862237334, 34.85071877918337], [135.34596562860884, 34.8506141148555]]}}, {"type": "Feature", "id": "5235-400", "properties": {"Major_Code": "4", "Legend_J": "伏在断層", "Legend_E": "concealed fault", "styleidx": 4, "name": "concealed fault", "source": "GSJ Seamless Geological Map V2 · 2025-07-18", "url": "https://gsj-seamless.jp/seamless/use.html"}, "geometry": {"type": "LineString", "coordinates": [[135.32673040667606, 34.81631186098454], [135.3266374217825, 34.816285077008615]]}}, {"type": "Feature", "id": "5235-401", "properties": {"Major_Code": "2", "Legend_J": "実在断層", "Legend_E": "confirmed fault", "styleidx": 3, "name": "confirmed fault", "source": "GSJ Seamless Geological Map V2 · 2025-07-18", "url": "https://gsj-seamless.jp/seamless/use.html"}, "geometry": {"type": "LineString", "coordinates": [[135.49460692241098, 34.827721869128986], [135.48893846902465, 34.826064289333345], [135.48416213303864, 34.82505165220621], [135.4817074236316, 34.82460863907923]]}}, {"type": "Feature", "id": "5235-402", "properties": {"Major_Code": "2", "Legend_J": "実在断層", "Legend_E": "confirmed fault", "styleidx": 3, "name": "confirmed fault", "source": "GSJ Seamless Geological Map V2 · 2025-07-18", "url": "https://gsj-seamless.jp/seamless/use.html"}, "geometry": {"type": "LineString", "coordinates": [[135.5820635410393, 34.897590228727665], [135.58195944195705, 34.897164768945686], [135.5822608395401, 34.893757817593354]]}}, {"type": "Feature", "id": "5235-403", "properties": {"Major_Code": "2", "Legend_J": "実在断層", "Legend_E": "confirmed fault", "styleidx": 3, "name": "confirmed fault", "source": "GSJ Seamless Geological Map V2 · 2025-07-18", "url": "https://gsj-seamless.jp/seamless/use.html"}, "geometry": {"type": "LineString", "coordinates": [[135.32268014234387, 34.863784380912975], [135.32345945937175, 34.863667286206685], [135.3268741638753, 34.86288021484455], [135.33032942598442, 34.8623566331581]]}}, {"type": "Feature", "id": "5235-404", "properties": {"Major_Code": "2", "Legend_J": "実在断層", "Legend_E": "confirmed fault", "styleidx": 3, "name": "confirmed fault", "source": "GSJ Seamless Geological Map V2 · 2025-07-18", "url": "https://gsj-seamless.jp/seamless/use.html"}, "geometry": {"type": "LineString", "coordinates": [[135.41857122321133, 34.95184143448244], [135.4236664117194, 34.95393773892438], [135.42907257624043, 34.95555372006547], [135.42908164489933, 34.95555223527006]]}}, {"type": "Feature", "id": "5235-405", "properties": {"Major_Code": "4", "Legend_J": "伏在断層", "Legend_E": "concealed fault", "styleidx": 4, "name": "concealed fault", "source": "GSJ Seamless Geological Map V2 · 2025-07-18", "url": "https://gsj-seamless.jp/seamless/use.html"}, "geometry": {"type": "LineString", "coordinates": [[135.396975528357, 34.79051880827852], [135.39377131399888, 34.789792556761995], [135.39364487695138, 34.78976593564602]]}}, {"type": "Feature", "id": "5235-406", "properties": {"Major_Code": "2", "Legend_J": "実在断層", "Legend_E": "confirmed fault", "styleidx": 3, "name": "confirmed fault", "source": "GSJ Seamless Geological Map V2 · 2025-07-18", "url": "https://gsj-seamless.jp/seamless/use.html"}, "geometry": {"type": "LineString", "coordinates": [[135.35315305917962, 34.7771196477606], [135.35125163764874, 34.77488051398256]]}}, {"type": "Feature", "id": "5235-407", "properties": {"Major_Code": "2", "Legend_J": "実在断層", "Legend_E": "confirmed fault", "styleidx": 3, "name": "confirmed fault", "source": "GSJ Seamless Geological Map V2 · 2025-07-18", "url": "https://gsj-seamless.jp/seamless/use.html"}, "geometry": {"type": "LineString", "coordinates": [[135.3700811512185, 34.94733492184835], [135.37013686579468, 34.947084575833685], [135.37031479648627, 34.94598641471768], [135.37031593602035, 34.94513447851219], [135.37100523571695, 34.94062245785811], [135.37148103128771, 34.93435765498546], [135.37174219987224, 34.932107537858975], [135.3718097071585, 34.93078885766016]]}}, {"type": "Feature", "id": "5235-408", "properties": {"Major_Code": "2", "Legend_J": "実在断層", "Legend_E": "confirmed fault", "styleidx": 3, "name": "confirmed fault", "source": "GSJ Seamless Geological Map V2 · 2025-07-18", "url": "https://gsj-seamless.jp/seamless/use.html"}, "geometry": {"type": "LineString", "coordinates": [[135.55219480354558, 34.84633261006222], [135.5481816328175, 34.84498088075284], [135.54781334880556, 34.84487214272964]]}}, {"type": "Feature", "id": "5235-409", "properties": {"Major_Code": "2", "Legend_J": "実在断層", "Legend_E": "confirmed fault", "styleidx": 3, "name": "confirmed fault", "source": "GSJ Seamless Geological Map V2 · 2025-07-18", "url": "https://gsj-seamless.jp/seamless/use.html"}, "geometry": {"type": "LineString", "coordinates": [[135.37809544400258, 34.846796208517404], [135.38355679944007, 34.8458972777387], [135.3851959563424, 34.845447915699296]]}}, {"type": "Feature", "id": "5235-410", "properties": {"Major_Code": "2", "Legend_J": "実在断層", "Legend_E": "confirmed fault", "styleidx": 3, "name": "confirmed fault", "source": "GSJ Seamless Geological Map V2 · 2025-07-18", "url": "https://gsj-seamless.jp/seamless/use.html"}, "geometry": {"type": "LineString", "coordinates": [[135.5346336467189, 34.94247138143484], [135.53466938111922, 34.94248604520415], [135.53687236207296, 34.94182310976623], [135.53688338559638, 34.941826152859385]]}}, {"type": "Feature", "id": "5235-411", "properties": {"Major_Code": "2", "Legend_J": "実在断層", "Legend_E": "confirmed fault", "styleidx": 3, "name": "confirmed fault", "source": "GSJ Seamless Geological Map V2 · 2025-07-18", "url": "https://gsj-seamless.jp/seamless/use.html"}, "geometry": {"type": "LineString", "coordinates": [[135.34934478184047, 34.820434247029695], [135.3488162453967, 34.82046737511992]]}}, {"type": "Feature", "id": "5235-412", "properties": {"Major_Code": "2", "Legend_J": "実在断層", "Legend_E": "confirmed fault", "styleidx": 3, "name": "confirmed fault", "source": "GSJ Seamless Geological Map V2 · 2025-07-18", "url": "https://gsj-seamless.jp/seamless/use.html"}, "geometry": {"type": "LineString", "coordinates": [[135.43517680264665, 34.87320782992955], [135.4351399120996, 34.87321022158274], [135.432135937335, 34.87332267963379], [135.43063390781495, 34.873096025853414], [135.4261284747564, 34.87185475969272], [135.42435378674617, 34.87162901261222], [135.42305021632444, 34.871723847332746]]}}, {"type": "Feature", "id": "5235-413", "properties": {"Major_Code": "2", "Legend_J": "実在断層", "Legend_E": "confirmed fault", "styleidx": 3, "name": "confirmed fault", "source": "GSJ Seamless Geological Map V2 · 2025-07-18", "url": "https://gsj-seamless.jp/seamless/use.html"}, "geometry": {"type": "LineString", "coordinates": [[135.54476799429017, 34.92288555322491], [135.54537158664635, 34.92167024753238], [135.5471457826665, 34.91862398442324], [135.54864628101427, 34.91546626868893], [135.5494639511655, 34.91332138831055], [135.54945506958907, 34.91321775256648]]}}, {"type": "Feature", "id": "5235-414", "properties": {"Major_Code": "2", "Legend_J": "実在断層", "Legend_E": "confirmed fault", "styleidx": 3, "name": "confirmed fault", "source": "GSJ Seamless Geological Map V2 · 2025-07-18", "url": "https://gsj-seamless.jp/seamless/use.html"}, "geometry": {"type": "LineString", "coordinates": [[135.31883122378915, 34.78645437053349], [135.3180000846029, 34.785827810999635], [135.3145462749733, 34.78285079089737]]}}, {"type": "Feature", "id": "5235-415", "properties": {"Major_Code": "2", "Legend_J": "実在断層", "Legend_E": "confirmed fault", "styleidx": 3, "name": "confirmed fault", "source": "GSJ Seamless Geological Map V2 · 2025-07-18", "url": "https://gsj-seamless.jp/seamless/use.html"}, "geometry": {"type": "LineString", "coordinates": [[135.3323332706833, 34.85147623953719], [135.33374621812564, 34.85127162803851], [135.33969033278566, 34.85096378985202], [135.3405714550324, 34.85088234827169]]}}, {"type": "Feature", "id": "5235-416", "properties": {"Major_Code": "2", "Legend_J": "実在断層", "Legend_E": "confirmed fault", "styleidx": 3, "name": "confirmed fault", "source": "GSJ Seamless Geological Map V2 · 2025-07-18", "url": "https://gsj-seamless.jp/seamless/use.html"}, "geometry": {"type": "LineString", "coordinates": [[135.39418318114423, 34.84826474668047], [135.39461179357556, 34.848159632107425], [135.39816149088145, 34.84759775087886], [135.4010287123212, 34.84692088694037]]}}, {"type": "Feature", "id": "5235-417", "properties": {"Major_Code": "2", "Legend_J": "実在断層", "Legend_E": "confirmed fault", "styleidx": 3, "name": "confirmed fault", "source": "GSJ Seamless Geological Map V2 · 2025-07-18", "url": "https://gsj-seamless.jp/seamless/use.html"}, "geometry": {"type": "LineString", "coordinates": [[135.36825352500102, 34.85378954120385], [135.36625645307862, 34.854332192268295]]}}, {"type": "Feature", "id": "5235-418", "properties": {"Major_Code": "4", "Legend_J": "伏在断層", "Legend_E": "concealed fault", "styleidx": 4, "name": "concealed fault", "source": "GSJ Seamless Geological Map V2 · 2025-07-18", "url": "https://gsj-seamless.jp/seamless/use.html"}, "geometry": {"type": "LineString", "coordinates": [[135.56937177266215, 34.84964130480032], [135.56868340338937, 34.849595007651544], [135.56494795348237, 34.849180092995574], [135.5644119613603, 34.84913305568064]]}}, {"type": "Feature", "id": "5235-419", "properties": {"Major_Code": "2", "Legend_J": "実在断層", "Legend_E": "confirmed fault", "styleidx": 3, "name": "confirmed fault", "source": "GSJ Seamless Geological Map V2 · 2025-07-18", "url": "https://gsj-seamless.jp/seamless/use.html"}, "geometry": {"type": "LineString", "coordinates": [[135.32132048262218, 34.86720267558367], [135.32249703294113, 34.86693573479864], [135.322878008857, 34.86683551558286], [135.3264616000322, 34.86603672728789], [135.3305884805869, 34.86506951119827], [135.33396539501047, 34.86441082239095], [135.33861587569652, 34.86334492715559], [135.34189326496164, 34.86278321783395], [135.34295630684844, 34.86253443945543]]}}, {"type": "Feature", "id": "5235-420", "properties": {"Major_Code": "2", "Legend_J": "実在断層", "Legend_E": "confirmed fault", "styleidx": 3, "name": "confirmed fault", "source": "GSJ Seamless Geological Map V2 · 2025-07-18", "url": "https://gsj-seamless.jp/seamless/use.html"}, "geometry": {"type": "LineString", "coordinates": [[135.58517584910516, 34.85382428263501], [135.58436481298813, 34.85363219221793], [135.58135960902234, 34.85262593798599]]}}, {"type": "Feature", "id": "5235-421", "properties": {"Major_Code": "2", "Legend_J": "実在断層", "Legend_E": "confirmed fault", "styleidx": 3, "name": "confirmed fault", "source": "GSJ Seamless Geological Map V2 · 2025-07-18", "url": "https://gsj-seamless.jp/seamless/use.html"}, "geometry": {"type": "LineString", "coordinates": [[135.5353053119435, 34.865224723792515], [135.53538415233496, 34.865264937085215], [135.53610427171196, 34.86556144215238], [135.53636328208805, 34.86567070866084], [135.54014268613048, 34.867316879318935], [135.54424036318423, 34.86922968158041], [135.54512744299518, 34.86965608812871]]}}, {"type": "Feature", "id": "5235-422", "properties": {"Major_Code": "2", "Legend_J": "実在断層", "Legend_E": "confirmed fault", "styleidx": 3, "name": "confirmed fault", "source": "GSJ Seamless Geological Map V2 · 2025-07-18", "url": "https://gsj-seamless.jp/seamless/use.html"}, "geometry": {"type": "LineString", "coordinates": [[135.48374775583915, 34.80159997987004], [135.4868905331064, 34.79741976694072], [135.48757247776945, 34.79617961365595], [135.4881386042052, 34.79571073554574]]}}, {"type": "Feature", "id": "5235-423", "properties": {"Major_Code": "2", "Legend_J": "実在断層", "Legend_E": "confirmed fault", "styleidx": 3, "name": "confirmed fault", "source": "GSJ Seamless Geological Map V2 · 2025-07-18", "url": "https://gsj-seamless.jp/seamless/use.html"}, "geometry": {"type": "LineString", "coordinates": [[135.5246703783069, 34.83888459312054], [135.52388142438224, 34.83868072157112], [135.51978574874946, 34.837781432344926], [135.51773828131155, 34.837217913608804], [135.5163659744928, 34.83679566290507]]}}, {"type": "Feature", "id": "5235-424", "properties": {"Major_Code": "2", "Legend_J": "実在断層", "Legend_E": "confirmed fault", "styleidx": 3, "name": "confirmed fault", "source": "GSJ Seamless Geological Map V2 · 2025-07-18", "url": "https://gsj-seamless.jp/seamless/use.html"}, "geometry": {"type": "LineString", "coordinates": [[135.3231472827942, 34.789320696327536], [135.3235203131925, 34.78956984258254], [135.32354359003384, 34.78958555991842]]}}, {"type": "Feature", "id": "5235-425", "properties": {"Major_Code": "2", "Legend_J": "実在断層", "Legend_E": "confirmed fault", "styleidx": 3, "name": "confirmed fault", "source": "GSJ Seamless Geological Map V2 · 2025-07-18", "url": "https://gsj-seamless.jp/seamless/use.html"}, "geometry": {"type": "LineString", "coordinates": [[135.39108930773673, 34.84432635665206], [135.39038401066017, 34.84443463253126], [135.38895031695668, 34.8448292904139]]}}, {"type": "Feature", "id": "5235-426", "properties": {"Major_Code": "2", "Legend_J": "実在断層", "Legend_E": "confirmed fault", "styleidx": 3, "name": "confirmed fault", "source": "GSJ Seamless Geological Map V2 · 2025-07-18", "url": "https://gsj-seamless.jp/seamless/use.html"}, "geometry": {"type": "LineString", "coordinates": [[135.39334957120167, 34.848407271511874], [135.39270018851278, 34.848497336819534], [135.39051525918626, 34.848833663049156], [135.38928638712312, 34.849058609377124], [135.38869028780576, 34.8491462296081]]}}, {"type": "Feature", "id": "5235-427", "properties": {"Major_Code": "2", "Legend_J": "実在断層", "Legend_E": "confirmed fault", "styleidx": 3, "name": "confirmed fault", "source": "GSJ Seamless Geological Map V2 · 2025-07-18", "url": "https://gsj-seamless.jp/seamless/use.html"}, "geometry": {"type": "LineString", "coordinates": [[135.34671741174404, 34.7704178352735], [135.34396716394272, 34.76748689094528], [135.33979446943368, 34.76346464318287]]}}, {"type": "Feature", "id": "5235-428", "properties": {"Major_Code": "2", "Legend_J": "実在断層", "Legend_E": "confirmed fault", "styleidx": 3, "name": "confirmed fault", "source": "GSJ Seamless Geological Map V2 · 2025-07-18", "url": "https://gsj-seamless.jp/seamless/use.html"}, "geometry": {"type": "LineString", "coordinates": [[135.3470492040677, 34.82063264009851], [135.34728817590806, 34.8206093921402], [135.34851651452865, 34.82049756547982], [135.3488162453967, 34.82046737511992]]}}, {"type": "Feature", "id": "5235-429", "properties": {"Major_Code": "2", "Legend_J": "実在断層", "Legend_E": "confirmed fault", "styleidx": 3, "name": "confirmed fault", "source": "GSJ Seamless Geological Map V2 · 2025-07-18", "url": "https://gsj-seamless.jp/seamless/use.html"}, "geometry": {"type": "LineString", "coordinates": [[135.3419267370544, 34.82071305887921], [135.3430510664669, 34.820725546686354], [135.34530828832652, 34.82066933519853], [135.3470492040677, 34.82063264009851]]}}, {"type": "Feature", "id": "5235-430", "properties": {"Major_Code": "2", "Legend_J": "実在断層", "Legend_E": "confirmed fault", "styleidx": 3, "name": "confirmed fault", "source": "GSJ Seamless Geological Map V2 · 2025-07-18", "url": "https://gsj-seamless.jp/seamless/use.html"}, "geometry": {"type": "LineString", "coordinates": [[135.35125163764874, 34.77488051398256], [135.35022970717455, 34.774033858064826], [135.35017067027943, 34.77395289464246], [135.3488523755623, 34.77256619393451]]}}, {"type": "Feature", "id": "5235-431", "properties": {"Major_Code": "4", "Legend_J": "伏在断層", "Legend_E": "concealed fault", "styleidx": 4, "name": "concealed fault", "source": "GSJ Seamless Geological Map V2 · 2025-07-18", "url": "https://gsj-seamless.jp/seamless/use.html"}, "geometry": {"type": "LineString", "coordinates": [[135.55219480354558, 34.84633261006222], [135.55308102849978, 34.84665754283775], [135.5542626954764, 34.84702391604286], [135.55475662238075, 34.84733038943743]]}}, {"type": "Feature", "id": "5235-432", "properties": {"Major_Code": "2", "Legend_J": "実在断層", "Legend_E": "confirmed fault", "styleidx": 3, "name": "confirmed fault", "source": "GSJ Seamless Geological Map V2 · 2025-07-18", "url": "https://gsj-seamless.jp/seamless/use.html"}, "geometry": {"type": "LineString", "coordinates": [[135.5223194665634, 34.874205002401695], [135.5214399508873, 34.873192803651904], [135.51706853004032, 34.86890942950755], [135.51481499103238, 34.867050826208285]]}}, {"type": "Feature", "id": "5235-433", "properties": {"Major_Code": "2", "Legend_J": "実在断層", "Legend_E": "confirmed fault", "styleidx": 3, "name": "confirmed fault", "source": "GSJ Seamless Geological Map V2 · 2025-07-18", "url": "https://gsj-seamless.jp/seamless/use.html"}, "geometry": {"type": "LineString", "coordinates": [[135.56392752651155, 34.881955207448144], [135.56405133697325, 34.882071814493756], [135.5621387529277, 34.88071958846492], [135.5575033783437, 34.8781563199108]]}}, {"type": "Feature", "id": "5235-434", "properties": {"Major_Code": "2", "Legend_J": "実在断層", "Legend_E": "confirmed fault", "styleidx": 3, "name": "confirmed fault", "source": "GSJ Seamless Geological Map V2 · 2025-07-18", "url": "https://gsj-seamless.jp/seamless/use.html"}, "geometry": {"type": "LineString", "coordinates": [[135.3639246757714, 34.82006539902218], [135.36164159700525, 34.81997102775537], [135.35793375616964, 34.82005451436225], [135.3577677545651, 34.820048253322824]]}}, {"type": "Feature", "id": "5235-435", "properties": {"Major_Code": "2", "Legend_J": "実在断層", "Legend_E": "confirmed fault", "styleidx": 3, "name": "confirmed fault", "source": "GSJ Seamless Geological Map V2 · 2025-07-18", "url": "https://gsj-seamless.jp/seamless/use.html"}, "geometry": {"type": "LineString", "coordinates": [[135.58701158025215, 34.952718057538185], [135.58711230604126, 34.95244485284483], [135.5876606966278, 34.95072702709945]]}}, {"type": "Feature", "id": "5235-436", "properties": {"Major_Code": "2", "Legend_J": "実在断層", "Legend_E": "confirmed fault", "styleidx": 3, "name": "confirmed fault", "source": "GSJ Seamless Geological Map V2 · 2025-07-18", "url": "https://gsj-seamless.jp/seamless/use.html"}, "geometry": {"type": "LineString", "coordinates": [[135.48307684751532, 34.89811342547386], [135.4808833377004, 34.897455229946004], [135.4778786854412, 34.8958762228348], [135.47514720389245, 34.89373483969919], [135.4745386984465, 34.89298225649686], [135.47320471649965, 34.89145952799623], [135.47309830640503, 34.891254853951764], [135.4727343088785, 34.8908258336237], [135.47214254507895, 34.8901272654841], [135.4715075639901, 34.88915164364212], [135.47146017698032, 34.88911126369828], [135.4696789965599, 34.88617037566217], [135.46954861367647, 34.88595453167824], [135.46777341125213, 34.882456895884445], [135.464521413484, 34.87702902059131], [135.46126984634196, 34.87160105008783], [135.45903111136892, 34.86833045974484]]}}, {"type": "Feature", "id": "5235-437", "properties": {"Major_Code": "2", "Legend_J": "実在断層", "Legend_E": "confirmed fault", "styleidx": 3, "name": "confirmed fault", "source": "GSJ Seamless Geological Map V2 · 2025-07-18", "url": "https://gsj-seamless.jp/seamless/use.html"}, "geometry": {"type": "LineString", "coordinates": [[135.50477516746537, 34.85030760462062], [135.5032734236645, 34.84974377551206], [135.50270619625945, 34.84949149798253]]}}, {"type": "Feature", "id": "5235-438", "properties": {"Major_Code": "2", "Legend_J": "実在断層", "Legend_E": "confirmed fault", "styleidx": 3, "name": "confirmed fault", "source": "GSJ Seamless Geological Map V2 · 2025-07-18", "url": "https://gsj-seamless.jp/seamless/use.html"}, "geometry": {"type": "LineString", "coordinates": [[135.38869028780576, 34.8491462296081], [135.38787790096688, 34.84930442012745]]}}, {"type": "Feature", "id": "5235-439", "properties": {"Major_Code": "2", "Legend_J": "実在断層", "Legend_E": "confirmed fault", "styleidx": 3, "name": "confirmed fault", "source": "GSJ Seamless Geological Map V2 · 2025-07-18", "url": "https://gsj-seamless.jp/seamless/use.html"}, "geometry": {"type": "LineString", "coordinates": [[135.52570410351038, 34.95675796493098], [135.52489542317454, 34.95675704599121], [135.521478044026, 34.95653323399934], [135.51778702260336, 34.95597245025341], [135.51464268332916, 34.95518380750399], [135.5127291759557, 34.954283838012884], [135.50972175562472, 34.95360715684561], [135.50712423361702, 34.95248015580245], [135.50165602628644, 34.94876217143043], [135.4989225872353, 34.9478609421427], [135.49454881422454, 34.94684706635893], [135.4920889420631, 34.94662293178163], [135.48976571073018, 34.946961619808235], [135.48730545174396, 34.94786427411322], [135.48427811247547, 34.949627888031145]]}}, {"type": "Feature", "id": "5235-440", "properties": {"Major_Code": "2", "Legend_J": "実在断層", "Legend_E": "confirmed fault", "styleidx": 3, "name": "confirmed fault", "source": "GSJ Seamless Geological Map V2 · 2025-07-18", "url": "https://gsj-seamless.jp/seamless/use.html"}, "geometry": {"type": "LineString", "coordinates": [[135.5346336467189, 34.94247138143484], [135.53486440991517, 34.94209000357728], [135.53909532561173, 34.93391104293892], [135.54332541043397, 34.925731931625265], [135.54334891661657, 34.925664212724115]]}}, {"type": "Feature", "id": "5235-441", "properties": {"Major_Code": "2", "Legend_J": "実在断層", "Legend_E": "confirmed fault", "styleidx": 3, "name": "confirmed fault", "source": "GSJ Seamless Geological Map V2 · 2025-07-18", "url": "https://gsj-seamless.jp/seamless/use.html"}, "geometry": {"type": "LineString", "coordinates": [[135.54941873096476, 34.93777525140999], [135.54893744878888, 34.937908069949], [135.54401847062294, 34.93892689470281], [135.5416957897926, 34.93960463575871], [135.53732334099243, 34.94141176741316], [135.53691370699013, 34.94175168627777], [135.53688338559638, 34.941826152859385]]}}, {"type": "Feature", "id": "5235-442", "properties": {"Major_Code": "2", "Legend_J": "実在断層", "Legend_E": "confirmed fault", "styleidx": 3, "name": "confirmed fault", "source": "GSJ Seamless Geological Map V2 · 2025-07-18", "url": "https://gsj-seamless.jp/seamless/use.html"}, "geometry": {"type": "LineString", "coordinates": [[135.4892213571018, 34.79351779616872], [135.4893456915152, 34.79257066876244], [135.48961867990124, 34.79099186193619], [135.48998990245013, 34.789918032789515]]}}, {"type": "Feature", "id": "5235-443", "properties": {"Major_Code": "2", "Legend_J": "実在断層", "Legend_E": "confirmed fault", "styleidx": 3, "name": "confirmed fault", "source": "GSJ Seamless Geological Map V2 · 2025-07-18", "url": "https://gsj-seamless.jp/seamless/use.html"}, "geometry": {"type": "LineString", "coordinates": [[135.3723413796679, 34.92577246489214], [135.37212851147459, 34.919701400608666]]}}, {"type": "Feature", "id": "5235-444", "properties": {"Major_Code": "2", "Legend_J": "実在断層", "Legend_E": "confirmed fault", "styleidx": 3, "name": "confirmed fault", "source": "GSJ Seamless Geological Map V2 · 2025-07-18", "url": "https://gsj-seamless.jp/seamless/use.html"}, "geometry": {"type": "LineString", "coordinates": [[135.30829551377204, 34.76000877916827], [135.30888034875906, 34.761337019286245], [135.30947412322928, 34.76248717109018], [135.31164451801183, 34.76801689712289], [135.3129969816601, 34.773431565732466], [135.312990230953, 34.77670193405493], [135.3127137530726, 34.77861845385992], [135.31258653005574, 34.778932082455455], [135.31242128892822, 34.77930892299165], [135.31233698296901, 34.77959764020437], [135.31225364627085, 34.77996749436642], [135.31226940359386, 34.78036638314807], [135.31231108410827, 34.78056686503933]]}}, {"type": "Feature", "id": "5235-445", "properties": {"Major_Code": "2", "Legend_J": "実在断層", "Legend_E": "confirmed fault", "styleidx": 3, "name": "confirmed fault", "source": "GSJ Seamless Geological Map V2 · 2025-07-18", "url": "https://gsj-seamless.jp/seamless/use.html"}, "geometry": {"type": "LineString", "coordinates": [[135.34973653644718, 34.85040909332206], [135.34793929975828, 34.85052938998083], [135.347852610053, 34.850552179315514]]}}, {"type": "Feature", "id": "5235-446", "properties": {"Major_Code": "2", "Legend_J": "実在断層", "Legend_E": "confirmed fault", "styleidx": 3, "name": "confirmed fault", "source": "GSJ Seamless Geological Map V2 · 2025-07-18", "url": "https://gsj-seamless.jp/seamless/use.html"}, "geometry": {"type": "LineString", "coordinates": [[135.47826147370222, 34.84043092461512], [135.48487114774267, 34.8427998563094], [135.49453604833556, 34.84625107955454], [135.50218095992014, 34.84929313468545], [135.50270619625945, 34.84949149798253]]}}, {"type": "Feature", "id": "5235-447", "properties": {"Major_Code": "2", "Legend_J": "実在断層", "Legend_E": "confirmed fault", "styleidx": 3, "name": "confirmed fault", "source": "GSJ Seamless Geological Map V2 · 2025-07-18", "url": "https://gsj-seamless.jp/seamless/use.html"}, "geometry": {"type": "LineString", "coordinates": [[135.42564056688977, 34.8295838158171], [135.42538214519337, 34.82967940359329], [135.424080499434, 34.829753956018855]]}}, {"type": "Feature", "id": "5235-448", "properties": {"Major_Code": "2", "Legend_J": "実在断層", "Legend_E": "confirmed fault", "styleidx": 3, "name": "confirmed fault", "source": "GSJ Seamless Geological Map V2 · 2025-07-18", "url": "https://gsj-seamless.jp/seamless/use.html"}, "geometry": {"type": "LineString", "coordinates": [[135.3149474482231, 34.852770739695984], [135.31541527909786, 34.85270862313148], [135.3157642800843, 34.85266259938]]}}, {"type": "Feature", "id": "5235-449", "properties": {"Major_Code": "4", "Legend_J": "伏在断層", "Legend_E": "concealed fault", "styleidx": 4, "name": "concealed fault", "source": "GSJ Seamless Geological Map V2 · 2025-07-18", "url": "https://gsj-seamless.jp/seamless/use.html"}, "geometry": {"type": "LineString", "coordinates": [[135.42402979186014, 34.82958284652952], [135.4177354042165, 34.828832233468574], [135.41238038887832, 34.82794053167643], [135.40712348841086, 34.827115867649326], [135.4027302691329, 34.82617758950899], [135.4014232813477, 34.82583045077523]]}}, {"type": "Feature", "id": "5235-450", "properties": {"Major_Code": "2", "Legend_J": "実在断層", "Legend_E": "confirmed fault", "styleidx": 3, "name": "confirmed fault", "source": "GSJ Seamless Geological Map V2 · 2025-07-18", "url": "https://gsj-seamless.jp/seamless/use.html"}, "geometry": {"type": "LineString", "coordinates": [[135.51481499103238, 34.867050826208285], [135.513927553307, 34.867557274841445], [135.5111966132039, 34.86767275701647], [135.50546212090802, 34.86711135123541], [135.49658673877028, 34.86654936124522], [135.49481130319492, 34.86632464572054], [135.4938643309058, 34.86612800803432]]}}, {"type": "Feature", "id": "5235-451", "properties": {"Major_Code": "2", "Legend_J": "実在断層", "Legend_E": "confirmed fault", "styleidx": 3, "name": "confirmed fault", "source": "GSJ Seamless Geological Map V2 · 2025-07-18", "url": "https://gsj-seamless.jp/seamless/use.html"}, "geometry": {"type": "LineString", "coordinates": [[135.30912022921447, 34.85354585417596], [135.31378022855534, 34.85292488906144]]}}, {"type": "Feature", "id": "5235-452", "properties": {"Major_Code": "2", "Legend_J": "実在断層", "Legend_E": "confirmed fault", "styleidx": 3, "name": "confirmed fault", "source": "GSJ Seamless Geological Map V2 · 2025-07-18", "url": "https://gsj-seamless.jp/seamless/use.html"}, "geometry": {"type": "LineString", "coordinates": [[135.353219590151, 34.7771983314185], [135.35315305917962, 34.7771196477606]]}}, {"type": "Feature", "id": "5235-453", "properties": {"Major_Code": "2", "Legend_J": "実在断層", "Legend_E": "confirmed fault", "styleidx": 3, "name": "confirmed fault", "source": "GSJ Seamless Geological Map V2 · 2025-07-18", "url": "https://gsj-seamless.jp/seamless/use.html"}, "geometry": {"type": "LineString", "coordinates": [[135.32996848171882, 34.92288162386309], [135.3299618819866, 34.92294475138684], [135.3298573752898, 34.92369781691153]]}}, {"type": "Feature", "id": "5235-454", "properties": {"Major_Code": "4", "Legend_J": "伏在断層", "Legend_E": "concealed fault", "styleidx": 4, "name": "concealed fault", "source": "GSJ Seamless Geological Map V2 · 2025-07-18", "url": "https://gsj-seamless.jp/seamless/use.html"}, "geometry": {"type": "LineString", "coordinates": [[135.38999374001858, 34.82274278594057], [135.38858891490767, 34.82248598616704], [135.38202542854074, 34.82139408112599], [135.3787386636062, 34.821089168499284], [135.37636076261924, 34.82087818195167], [135.36961745729926, 34.82031583209681], [135.36953264734206, 34.820289055260595], [135.36571194870388, 34.82017253386664], [135.3639246757714, 34.82006539902218]]}}, {"type": "Feature", "id": "5235-455", "properties": {"Major_Code": "2", "Legend_J": "実在断層", "Legend_E": "confirmed fault", "styleidx": 3, "name": "confirmed fault", "source": "GSJ Seamless Geological Map V2 · 2025-07-18", "url": "https://gsj-seamless.jp/seamless/use.html"}, "geometry": {"type": "LineString", "coordinates": [[135.37057835036134, 34.853196232029], [135.37221781069098, 34.85276958407594], [135.37846571550085, 34.85131394379368], [135.37936177036974, 34.85106313753578], [135.37938293212147, 34.85105855789236]]}}, {"type": "Feature", "id": "5235-456", "properties": {"Major_Code": "4", "Legend_J": "伏在断層", "Legend_E": "concealed fault", "styleidx": 4, "name": "concealed fault", "source": "GSJ Seamless Geological Map V2 · 2025-07-18", "url": "https://gsj-seamless.jp/seamless/use.html"}, "geometry": {"type": "LineString", "coordinates": [[135.53639205034747, 34.84165398955503], [135.5353477542583, 34.84126878534534], [135.53317774125276, 34.840586628752796], [135.5320619088078, 34.8403392058056], [135.53112145002558, 34.84005718615903], [135.52938115921972, 34.839695334762894], [135.52742993277388, 34.839356927707094], [135.5260612207612, 34.83908804090831]]}}, {"type": "Feature", "id": "5235-457", "properties": {"Major_Code": "2", "Legend_J": "実在断層", "Legend_E": "confirmed fault", "styleidx": 3, "name": "confirmed fault", "source": "GSJ Seamless Geological Map V2 · 2025-07-18", "url": "https://gsj-seamless.jp/seamless/use.html"}, "geometry": {"type": "LineString", "coordinates": [[135.36625645307862, 34.854332192268295], [135.35446368171563, 34.857149623711024]]}}, {"type": "Feature", "id": "5235-458", "properties": {"Major_Code": "2", "Legend_J": "実在断層", "Legend_E": "confirmed fault", "styleidx": 3, "name": "confirmed fault", "source": "GSJ Seamless Geological Map V2 · 2025-07-18", "url": "https://gsj-seamless.jp/seamless/use.html"}, "geometry": {"type": "LineString", "coordinates": [[135.54357930472798, 34.84357536525437], [135.5425841452275, 34.84340636927219], [135.53753278754948, 34.841944076252624], [135.53639205034747, 34.84165398955503]]}}, {"type": "Feature", "id": "5235-459", "properties": {"Major_Code": "2", "Legend_J": "実在断層", "Legend_E": "confirmed fault", "styleidx": 3, "name": "confirmed fault", "source": "GSJ Seamless Geological Map V2 · 2025-07-18", "url": "https://gsj-seamless.jp/seamless/use.html"}, "geometry": {"type": "LineString", "coordinates": [[135.34830176356942, 34.85862180572634], [135.3476345560998, 34.85872746515092], [135.34654209707736, 34.85895383108404], [135.3424445808551, 34.85996431893769], [135.34039580889547, 34.860301603326555], [135.33866378816597, 34.86073034615233]]}}, {"type": "Feature", "id": "5235-460", "properties": {"Major_Code": "2", "Legend_J": "実在断層", "Legend_E": "confirmed fault", "styleidx": 3, "name": "confirmed fault", "source": "GSJ Seamless Geological Map V2 · 2025-07-18", "url": "https://gsj-seamless.jp/seamless/use.html"}, "geometry": {"type": "LineString", "coordinates": [[135.55074207332348, 34.90604925816742], [135.55096024155648, 34.90521208804921], [135.55095984437676, 34.904411997363866], [135.55177563342002, 34.8997879383599], [135.55286461062425, 34.89566294806167], [135.55368195086749, 34.89256693689477], [135.55463506118258, 34.88986019003905], [135.55492704661754, 34.888824334369275]]}}, {"type": "Feature", "id": "5235-461", "properties": {"Major_Code": "4", "Legend_J": "伏在断層", "Legend_E": "concealed fault", "styleidx": 4, "name": "concealed fault", "source": "GSJ Seamless Geological Map V2 · 2025-07-18", "url": "https://gsj-seamless.jp/seamless/use.html"}, "geometry": {"type": "LineString", "coordinates": [[135.40954119548852, 34.79346893798056], [135.40735914581467, 34.79279132347623], [135.4055233367318, 34.79240999241857]]}}, {"type": "Feature", "id": "5235-462", "properties": {"Major_Code": "2", "Legend_J": "実在断層", "Legend_E": "confirmed fault", "styleidx": 3, "name": "confirmed fault", "source": "GSJ Seamless Geological Map V2 · 2025-07-18", "url": "https://gsj-seamless.jp/seamless/use.html"}, "geometry": {"type": "LineString", "coordinates": [[135.55492704661754, 34.888824334369275], [135.55490808587683, 34.88895739883921], [135.55558858686135, 34.88670267472166], [135.5563387793017, 34.88518010299643]]}}, {"type": "Feature", "id": "5235-463", "properties": {"Major_Code": "4", "Legend_J": "伏在断層", "Legend_E": "concealed fault", "styleidx": 4, "name": "concealed fault", "source": "GSJ Seamless Geological Map V2 · 2025-07-18", "url": "https://gsj-seamless.jp/seamless/use.html"}, "geometry": {"type": "LineString", "coordinates": [[135.3340083169013, 34.81822962544032], [135.33152563973275, 34.8175357379214], [135.33032463301743, 34.817282198421346], [135.3284931219037, 34.81682531516914], [135.32673040667606, 34.81631186098454]]}}, {"type": "Feature", "id": "5235-464", "properties": {"Major_Code": "2", "Legend_J": "実在断層", "Legend_E": "confirmed fault", "styleidx": 3, "name": "confirmed fault", "source": "GSJ Seamless Geological Map V2 · 2025-07-18", "url": "https://gsj-seamless.jp/seamless/use.html"}, "geometry": {"type": "LineString", "coordinates": [[135.55224007614208, 34.954017724447745], [135.55193497640505, 34.95260158534177], [135.55153321789354, 34.95039204812973]]}}, {"type": "Feature", "id": "5235-465", "properties": {"Major_Code": "2", "Legend_J": "実在断層", "Legend_E": "confirmed fault", "styleidx": 3, "name": "confirmed fault", "source": "GSJ Seamless Geological Map V2 · 2025-07-18", "url": "https://gsj-seamless.jp/seamless/use.html"}, "geometry": {"type": "LineString", "coordinates": [[135.31574258279383, 34.868581449014656], [135.31607651991374, 34.86850842991908], [135.31839909942718, 34.867834985021545], [135.3211314306147, 34.86727306356054], [135.32132048262218, 34.86720267558367]]}}, {"type": "Feature", "id": "5235-466", "properties": {"Major_Code": "2", "Legend_J": "実在断層", "Legend_E": "confirmed fault", "styleidx": 3, "name": "confirmed fault", "source": "GSJ Seamless Geological Map V2 · 2025-07-18", "url": "https://gsj-seamless.jp/seamless/use.html"}, "geometry": {"type": "LineString", "coordinates": [[135.58215851741193, 34.89798192321172], [135.5820635410393, 34.897590228727665]]}}, {"type": "Feature", "id": "5235-467", "properties": {"Major_Code": "2", "Legend_J": "実在断層", "Legend_E": "confirmed fault", "styleidx": 3, "name": "confirmed fault", "source": "GSJ Seamless Geological Map V2 · 2025-07-18", "url": "https://gsj-seamless.jp/seamless/use.html"}, "geometry": {"type": "LineString", "coordinates": [[135.35446368171563, 34.857149623711024], [135.34830176356942, 34.85862180572634]]}}, {"type": "Feature", "id": "5235-468", "properties": {"Major_Code": "2", "Legend_J": "実在断層", "Legend_E": "confirmed fault", "styleidx": 3, "name": "confirmed fault", "source": "GSJ Seamless Geological Map V2 · 2025-07-18", "url": "https://gsj-seamless.jp/seamless/use.html"}, "geometry": {"type": "LineString", "coordinates": [[135.39225981075327, 34.84405425865006], [135.39161281102093, 34.84420967542045], [135.39108930773673, 34.84432635665206]]}}, {"type": "Feature", "id": "5235-469", "properties": {"Major_Code": "2", "Legend_J": "実在断層", "Legend_E": "confirmed fault", "styleidx": 3, "name": "confirmed fault", "source": "GSJ Seamless Geological Map V2 · 2025-07-18", "url": "https://gsj-seamless.jp/seamless/use.html"}, "geometry": {"type": "LineString", "coordinates": [[135.54781334880556, 34.84487214272964], [135.54708902428004, 34.8446433368665], [135.54422195937047, 34.8438564053763], [135.54357930472798, 34.84357536525437]]}}, {"type": "Feature", "id": "5235-470", "properties": {"Major_Code": "2", "Legend_J": "実在断層", "Legend_E": "confirmed fault", "styleidx": 3, "name": "confirmed fault", "source": "GSJ Seamless Geological Map V2 · 2025-07-18", "url": "https://gsj-seamless.jp/seamless/use.html"}, "geometry": {"type": "LineString", "coordinates": [[135.51481499103238, 34.867050826208285], [135.5122882176732, 34.864625404627816], [135.5070838826064, 34.86043315318281]]}}, {"type": "Feature", "id": "5235-471", "properties": {"Major_Code": "4", "Legend_J": "伏在断層", "Legend_E": "concealed fault", "styleidx": 4, "name": "concealed fault", "source": "GSJ Seamless Geological Map V2 · 2025-07-18", "url": "https://gsj-seamless.jp/seamless/use.html"}, "geometry": {"type": "LineString", "coordinates": [[135.39198823650912, 34.78941760352242], [135.38980331302957, 34.78895604840936], [135.38833796196704, 34.78877607882515], [135.3793622574108, 34.78738091489961]]}}, {"type": "Feature", "id": "5235-472", "properties": {"Major_Code": "2", "Legend_J": "実在断層", "Legend_E": "confirmed fault", "styleidx": 3, "name": "confirmed fault", "source": "GSJ Seamless Geological Map V2 · 2025-07-18", "url": "https://gsj-seamless.jp/seamless/use.html"}, "geometry": {"type": "LineString", "coordinates": [[135.40614142014698, 34.845886904149424], [135.40676342516923, 34.84579685339767], [135.41003978417262, 34.8451206284349], [135.4131857033386, 34.84432755967508]]}}, {"type": "Feature", "id": "5235-473", "properties": {"Major_Code": "2", "Legend_J": "実在断層", "Legend_E": "confirmed fault", "styleidx": 3, "name": "confirmed fault", "source": "GSJ Seamless Geological Map V2 · 2025-07-18", "url": "https://gsj-seamless.jp/seamless/use.html"}, "geometry": {"type": "LineString", "coordinates": [[135.54990636699605, 34.94118570253745], [135.54970491253806, 34.93977676115584]]}}, {"type": "Feature", "id": "5235-474", "properties": {"Major_Code": "2", "Legend_J": "実在断層", "Legend_E": "confirmed fault", "styleidx": 3, "name": "confirmed fault", "source": "GSJ Seamless Geological Map V2 · 2025-07-18", "url": "https://gsj-seamless.jp/seamless/use.html"}, "geometry": {"type": "LineString", "coordinates": [[135.39751147119918, 34.82468073684619], [135.39729818588222, 34.824645398410276], [135.39272819161263, 34.82323404714447], [135.39128714129686, 34.822977399414725], [135.38999374001858, 34.82274278594057]]}}, {"type": "Feature", "id": "5235-475", "properties": {"Major_Code": "2", "Legend_J": "実在断層", "Legend_E": "confirmed fault", "styleidx": 3, "name": "confirmed fault", "source": "GSJ Seamless Geological Map V2 · 2025-07-18", "url": "https://gsj-seamless.jp/seamless/use.html"}, "geometry": {"type": "LineString", "coordinates": [[135.5862109371764, 34.95486308990236], [135.58701158025215, 34.952718057538185]]}}, {"type": "Feature", "id": "5235-476", "properties": {"Major_Code": "2", "Legend_J": "実在断層", "Legend_E": "confirmed fault", "styleidx": 3, "name": "confirmed fault", "source": "GSJ Seamless Geological Map V2 · 2025-07-18", "url": "https://gsj-seamless.jp/seamless/use.html"}, "geometry": {"type": "LineString", "coordinates": [[135.43264571747392, 34.95665726196839], [135.43268459426469, 34.95662000944821], [135.43615751305677, 34.95661743528342], [135.43994777510864, 34.95583471910585], [135.44721392510604, 34.953489406234745], [135.45530495062238, 34.95015410146415]]}}, {"type": "Feature", "id": "5235-477", "properties": {"Major_Code": "2", "Legend_J": "実在断層", "Legend_E": "confirmed fault", "styleidx": 3, "name": "confirmed fault", "source": "GSJ Seamless Geological Map V2 · 2025-07-18", "url": "https://gsj-seamless.jp/seamless/use.html"}, "geometry": {"type": "LineString", "coordinates": [[135.31265971582334, 34.86937407835477], [135.31326677642298, 34.869230458537665], [135.31482013221606, 34.86882285191508], [135.31574258279383, 34.868581449014656]]}}, {"type": "Feature", "id": "5235-478", "properties": {"Major_Code": "4", "Legend_J": "伏在断層", "Legend_E": "concealed fault", "styleidx": 4, "name": "concealed fault", "source": "GSJ Seamless Geological Map V2 · 2025-07-18", "url": "https://gsj-seamless.jp/seamless/use.html"}, "geometry": {"type": "LineString", "coordinates": [[135.58135960902234, 34.85262593798599], [135.58051635754978, 34.852314528416215], [135.5763002862436, 34.850978239400504], [135.57464829801862, 34.85049941526123], [135.57034110155342, 34.84970877430266], [135.56937177266215, 34.84964130480032]]}}, {"type": "Feature", "id": "5235-479", "properties": {"Major_Code": "4", "Legend_J": "伏在断層", "Legend_E": "concealed fault", "styleidx": 4, "name": "concealed fault", "source": "GSJ Seamless Geological Map V2 · 2025-07-18", "url": "https://gsj-seamless.jp/seamless/use.html"}, "geometry": {"type": "LineString", "coordinates": [[135.37865188965577, 34.79012838845583], [135.38798134798895, 34.79147510963893], [135.38911734086346, 34.79173956694538], [135.3898552653736, 34.79184982068095]]}}, {"type": "Feature", "id": "5235-480", "properties": {"Major_Code": "2", "Legend_J": "実在断層", "Legend_E": "confirmed fault", "styleidx": 3, "name": "confirmed fault", "source": "GSJ Seamless Geological Map V2 · 2025-07-18", "url": "https://gsj-seamless.jp/seamless/use.html"}, "geometry": {"type": "LineString", "coordinates": [[135.347852610053, 34.850552179315514], [135.34751118738677, 34.850607287093055], [135.34596562860884, 34.8506141148555]]}}, {"type": "Feature", "id": "5235-481", "properties": {"Major_Code": "2", "Legend_J": "実在断層", "Legend_E": "confirmed fault", "styleidx": 3, "name": "confirmed fault", "source": "GSJ Seamless Geological Map V2 · 2025-07-18", "url": "https://gsj-seamless.jp/seamless/use.html"}, "geometry": {"type": "LineString", "coordinates": [[135.47947846810203, 34.813467993032035], [135.47965880893568, 34.811519952668704], [135.48047785202, 34.80813588680651], [135.48156974849854, 34.8053164121326], [135.48266117429353, 34.803398469121966], [135.48374775583915, 34.80159997987004]]}}, {"type": "Feature", "id": "5235-482", "properties": {"Major_Code": "4", "Legend_J": "伏在断層", "Legend_E": "concealed fault", "styleidx": 4, "name": "concealed fault", "source": "GSJ Seamless Geological Map V2 · 2025-07-18", "url": "https://gsj-seamless.jp/seamless/use.html"}, "geometry": {"type": "LineString", "coordinates": [[135.4817074236316, 34.82460863907923], [135.47488216188313, 34.823362791667776], [135.47119771140703, 34.82223482238917], [135.46983317256456, 34.821895406978015], [135.46601246704256, 34.820429748719704], [135.4597360355889, 34.81761221738968], [135.4563251508619, 34.81569388529526], [135.4552334741134, 34.81513012913901], [135.45141397241716, 34.81287515715112]]}}, {"type": "Feature", "id": "5235-483", "properties": {"Major_Code": "2", "Legend_J": "実在断層", "Legend_E": "confirmed fault", "styleidx": 3, "name": "confirmed fault", "source": "GSJ Seamless Geological Map V2 · 2025-07-18", "url": "https://gsj-seamless.jp/seamless/use.html"}, "geometry": {"type": "LineString", "coordinates": [[135.3110823039804, 34.869750175045006], [135.3119781498641, 34.869517894320666], [135.31265971582334, 34.86937407835477]]}}, {"type": "Feature", "id": "5235-484", "properties": {"Major_Code": "2", "Legend_J": "実在断層", "Legend_E": "confirmed fault", "styleidx": 3, "name": "confirmed fault", "source": "GSJ Seamless Geological Map V2 · 2025-07-18", "url": "https://gsj-seamless.jp/seamless/use.html"}, "geometry": {"type": "LineString", "coordinates": [[135.4002826167149, 34.8423549150484], [135.4018530114273, 34.84184696426306]]}}, {"type": "Feature", "id": "5235-485", "properties": {"Major_Code": "2", "Legend_J": "実在断層", "Legend_E": "confirmed fault", "styleidx": 3, "name": "confirmed fault", "source": "GSJ Seamless Geological Map V2 · 2025-07-18", "url": "https://gsj-seamless.jp/seamless/use.html"}, "geometry": {"type": "LineString", "coordinates": [[135.3488523755623, 34.77256619393451], [135.3487659982111, 34.77247404077083], [135.3487324730448, 34.77245385550404], [135.34851561816708, 34.772170519386094], [135.34822998726523, 34.771927948534696]]}}, {"type": "Feature", "id": "5235-486", "properties": {"Major_Code": "2", "Legend_J": "実在断層", "Legend_E": "confirmed fault", "styleidx": 3, "name": "confirmed fault", "source": "GSJ Seamless Geological Map V2 · 2025-07-18", "url": "https://gsj-seamless.jp/seamless/use.html"}, "geometry": {"type": "LineString", "coordinates": [[135.43517680264665, 34.87320782992955], [135.4365058051911, 34.8728716129107], [135.4373248177353, 34.87264546091038], [135.44278813053762, 34.870729646669616], [135.4482507953146, 34.869264343498635], [135.45343928129972, 34.8685864396264], [135.45903111136892, 34.86833045974484]]}}, {"type": "Feature", "id": "5235-487", "properties": {"Major_Code": "2", "Legend_J": "実在断層", "Legend_E": "confirmed fault", "styleidx": 3, "name": "confirmed fault", "source": "GSJ Seamless Geological Map V2 · 2025-07-18", "url": "https://gsj-seamless.jp/seamless/use.html"}, "geometry": {"type": "LineString", "coordinates": [[135.58239330989596, 34.88605146383281], [135.582394845228, 34.8859770778152], [135.58247495340552, 34.884299864021834], [135.58248996989755, 34.88419612158213], [135.58248807538405, 34.88232322458819], [135.5827550138058, 34.87698944725283], [135.58256384780066, 34.874626148411494]]}}, {"type": "Feature", "id": "5235-488", "properties": {"Major_Code": "2", "Legend_J": "実在断層", "Legend_E": "confirmed fault", "styleidx": 3, "name": "confirmed fault", "source": "GSJ Seamless Geological Map V2 · 2025-07-18", "url": "https://gsj-seamless.jp/seamless/use.html"}, "geometry": {"type": "LineString", "coordinates": [[135.58862138459043, 34.94829271146584], [135.58863076658028, 34.948265622314025], [135.58900068226396, 34.94715718768302], [135.58959811380234, 34.945813236815624], [135.59013501233295, 34.94422617429484], [135.59015443514022, 34.94416748121111]]}}, {"type": "Feature", "id": "5235-489", "properties": {"Major_Code": "2", "Legend_J": "実在断層", "Legend_E": "confirmed fault", "styleidx": 3, "name": "confirmed fault", "source": "GSJ Seamless Geological Map V2 · 2025-07-18", "url": "https://gsj-seamless.jp/seamless/use.html"}, "geometry": {"type": "LineString", "coordinates": [[135.31022078703862, 34.86637173069282], [135.31061945563792, 34.86624670682343], [135.31321482825766, 34.8657980207784], [135.31331311007148, 34.86576169917738]]}}, {"type": "Feature", "id": "5235-490", "properties": {"Major_Code": "2", "Legend_J": "実在断層", "Legend_E": "confirmed fault", "styleidx": 3, "name": "confirmed fault", "source": "GSJ Seamless Geological Map V2 · 2025-07-18", "url": "https://gsj-seamless.jp/seamless/use.html"}, "geometry": {"type": "LineString", "coordinates": [[135.49757861776175, 34.85308092579475], [135.4942635447319, 34.85064941267936], [135.49112722876185, 34.8486137343142], [135.48705703566515, 34.84597328108951], [135.47826147370222, 34.84043092461512]]}}, {"type": "Feature", "id": "5235-491", "properties": {"Major_Code": "2", "Legend_J": "実在断層", "Legend_E": "confirmed fault", "styleidx": 3, "name": "confirmed fault", "source": "GSJ Seamless Geological Map V2 · 2025-07-18", "url": "https://gsj-seamless.jp/seamless/use.html"}, "geometry": {"type": "LineString", "coordinates": [[135.5820635410393, 34.897590228727665], [135.58113948081098, 34.89682845870753], [135.5778574135671, 34.8933353121334], [135.5769879953479, 34.892552959690846], [135.57381519858953, 34.889701499848556], [135.5726724906575, 34.88862518455335], [135.57238858539822, 34.88849132893911], [135.5714564716173, 34.88772276332796]]}}, {"type": "Feature", "id": "5235-492", "properties": {"Major_Code": "2", "Legend_J": "実在断層", "Legend_E": "confirmed fault", "styleidx": 3, "name": "confirmed fault", "source": "GSJ Seamless Geological Map V2 · 2025-07-18", "url": "https://gsj-seamless.jp/seamless/use.html"}, "geometry": {"type": "LineString", "coordinates": [[135.52570410351038, 34.95675796493098], [135.5265699717442, 34.955606957105395], [135.5275937550896, 34.95399996688033], [135.5277636891099, 34.95382342013795], [135.53119890269937, 34.94814744988237], [135.5346336467189, 34.94247138143484]]}}, {"type": "Feature", "id": "5235-493", "properties": {"Major_Code": "2", "Legend_J": "実在断層", "Legend_E": "confirmed fault", "styleidx": 3, "name": "confirmed fault", "source": "GSJ Seamless Geological Map V2 · 2025-07-18", "url": "https://gsj-seamless.jp/seamless/use.html"}, "geometry": {"type": "LineString", "coordinates": [[135.44044988876036, 34.846699155190066], [135.43952430337984, 34.845805586335956], [135.43856941340084, 34.84479040326413], [135.43515912936584, 34.841631886915394], [135.43147491968887, 34.83869966009334], [135.42997424251098, 34.83779683848617], [135.4282307154747, 34.836687529989646]]}}, {"type": "Feature", "id": "5235-494", "properties": {"Major_Code": "2", "Legend_J": "実在断層", "Legend_E": "confirmed fault", "styleidx": 3, "name": "confirmed fault", "source": "GSJ Seamless Geological Map V2 · 2025-07-18", "url": "https://gsj-seamless.jp/seamless/use.html"}, "geometry": {"type": "LineString", "coordinates": [[135.33179933846068, 34.91126708852126], [135.33182562159305, 34.91116783909568], [135.33218320518222, 34.909548595555364], [135.33225266774946, 34.908223158044336], [135.33307875652852, 34.90450201723978]]}}, {"type": "Feature", "id": "5235-495", "properties": {"Major_Code": "4", "Legend_J": "伏在断層", "Legend_E": "concealed fault", "styleidx": 4, "name": "concealed fault", "source": "GSJ Seamless Geological Map V2 · 2025-07-18", "url": "https://gsj-seamless.jp/seamless/use.html"}, "geometry": {"type": "LineString", "coordinates": [[135.58517584910516, 34.85382428263501], [135.5873640241653, 34.85445357778869]]}}, {"type": "Feature", "id": "5235-496", "properties": {"Major_Code": "2", "Legend_J": "実在断層", "Legend_E": "confirmed fault", "styleidx": 3, "name": "confirmed fault", "source": "GSJ Seamless Geological Map V2 · 2025-07-18", "url": "https://gsj-seamless.jp/seamless/use.html"}, "geometry": {"type": "LineString", "coordinates": [[135.3718097071585, 34.93078885766016], [135.37181852778565, 34.930615284876815], [135.37183577056408, 34.929060109918666], [135.37197948685005, 34.927653283138625]]}}, {"type": "Feature", "id": "5235-497", "properties": {"Major_Code": "2", "Legend_J": "実在断層", "Legend_E": "confirmed fault", "styleidx": 3, "name": "confirmed fault", "source": "GSJ Seamless Geological Map V2 · 2025-07-18", "url": "https://gsj-seamless.jp/seamless/use.html"}, "geometry": {"type": "LineString", "coordinates": [[135.5093982443847, 34.82874359449117], [135.51231998192569, 34.82876255874951], [135.5128332828193, 34.82876236579364]]}}, {"type": "Feature", "id": "5235-498", "properties": {"Major_Code": "2", "Legend_J": "実在断層", "Legend_E": "confirmed fault", "styleidx": 3, "name": "confirmed fault", "source": "GSJ Seamless Geological Map V2 · 2025-07-18", "url": "https://gsj-seamless.jp/seamless/use.html"}, "geometry": {"type": "LineString", "coordinates": [[135.31022078703862, 34.86637173069282], [135.30952678529383, 34.86647048540327], [135.30843410895875, 34.8666942541882], [135.30747734902505, 34.86689737035839]]}}, {"type": "Feature", "id": "5235-499", "properties": {"Major_Code": "2", "Legend_J": "実在断層", "Legend_E": "confirmed fault", "styleidx": 3, "name": "confirmed fault", "source": "GSJ Seamless Geological Map V2 · 2025-07-18", "url": "https://gsj-seamless.jp/seamless/use.html"}, "geometry": {"type": "LineString", "coordinates": [[135.48998990245013, 34.789918032789515], [135.4909824449734, 34.78614046221193], [135.4935301651279, 34.779321038406906]]}}, {"type": "Feature", "id": "5235-500", "properties": {"Major_Code": "2", "Legend_J": "実在断層", "Legend_E": "confirmed fault", "styleidx": 3, "name": "confirmed fault", "source": "GSJ Seamless Geological Map V2 · 2025-07-18", "url": "https://gsj-seamless.jp/seamless/use.html"}, "geometry": {"type": "LineString", "coordinates": [[135.5093982443847, 34.82874359449117], [135.50901161390587, 34.82874299854219], [135.50713526311796, 34.82876455343349], [135.499310375682, 34.828768460361154], [135.49910580510277, 34.82871297935053]]}}, {"type": "Feature", "id": "5235-501", "properties": {"Major_Code": "2", "Legend_J": "実在断層", "Legend_E": "confirmed fault", "styleidx": 3, "name": "confirmed fault", "source": "GSJ Seamless Geological Map V2 · 2025-07-18", "url": "https://gsj-seamless.jp/seamless/use.html"}, "geometry": {"type": "LineString", "coordinates": [[135.30735291038317, 34.75805490757344], [135.30765962454677, 34.7587122339799], [135.3079707676812, 34.75927262616216], [135.30829551377204, 34.76000877916827]]}}, {"type": "Feature", "id": "5235-502", "properties": {"Major_Code": "2", "Legend_J": "実在断層", "Legend_E": "confirmed fault", "styleidx": 3, "name": "confirmed fault", "source": "GSJ Seamless Geological Map V2 · 2025-07-18", "url": "https://gsj-seamless.jp/seamless/use.html"}, "geometry": {"type": "LineString", "coordinates": [[135.3267603076145, 34.75052395820896], [135.32096366498718, 34.74535834721597], [135.31663577271328, 34.74176619928974], [135.31560083973025, 34.74088998974322]]}}, {"type": "Feature", "id": "5235-503", "properties": {"Major_Code": "2", "Legend_J": "実在断層", "Legend_E": "confirmed fault", "styleidx": 3, "name": "confirmed fault", "source": "GSJ Seamless Geological Map V2 · 2025-07-18", "url": "https://gsj-seamless.jp/seamless/use.html"}, "geometry": {"type": "LineString", "coordinates": [[135.4014232813477, 34.82583045077523], [135.39930928447583, 34.82526741573015], [135.39927650047827, 34.82526752684322], [135.39763930440844, 34.82470284577483], [135.39751147119918, 34.82468073684619]]}}, {"type": "Feature", "id": "5235-504", "properties": {"Major_Code": "2", "Legend_J": "実在断層", "Legend_E": "confirmed fault", "styleidx": 3, "name": "confirmed fault", "source": "GSJ Seamless Geological Map V2 · 2025-07-18", "url": "https://gsj-seamless.jp/seamless/use.html"}, "geometry": {"type": "LineString", "coordinates": [[135.4018530114273, 34.84184696426306], [135.40195804734452, 34.841808292370445], [135.40198464455392, 34.841799187150045], [135.4048565019985, 34.841284494340336], [135.41079466723446, 34.83979445706757]]}}, {"type": "Feature", "id": "5235-505", "properties": {"Major_Code": "2", "Legend_J": "実在断層", "Legend_E": "confirmed fault", "styleidx": 3, "name": "confirmed fault", "source": "GSJ Seamless Geological Map V2 · 2025-07-18", "url": "https://gsj-seamless.jp/seamless/use.html"}, "geometry": {"type": "LineString", "coordinates": [[135.34516001639838, 34.87830472538839], [135.34610428404966, 34.87564468789856], [135.3464176221174, 34.875206524335795]]}}, {"type": "Feature", "id": "5235-506", "properties": {"Major_Code": "2", "Legend_J": "実在断層", "Legend_E": "confirmed fault", "styleidx": 3, "name": "confirmed fault", "source": "GSJ Seamless Geological Map V2 · 2025-07-18", "url": "https://gsj-seamless.jp/seamless/use.html"}, "geometry": {"type": "LineString", "coordinates": [[135.31810644292744, 34.85241959571347], [135.31874240560657, 34.85236602292798], [135.32026575014783, 34.85225367549289]]}}, {"type": "Feature", "id": "5235-507", "properties": {"Major_Code": "2", "Legend_J": "実在断層", "Legend_E": "confirmed fault", "styleidx": 3, "name": "confirmed fault", "source": "GSJ Seamless Geological Map V2 · 2025-07-18", "url": "https://gsj-seamless.jp/seamless/use.html"}, "geometry": {"type": "LineString", "coordinates": [[135.54945506958907, 34.91321775256648], [135.54987286624393, 34.911629152281115], [135.55068777847958, 34.90621628714784], [135.55070138114613, 34.906204954101966], [135.55074207332348, 34.90604925816742]]}}, {"type": "Feature", "id": "5235-508", "properties": {"Major_Code": "2", "Legend_J": "実在断層", "Legend_E": "confirmed fault", "styleidx": 3, "name": "confirmed fault", "source": "GSJ Seamless Geological Map V2 · 2025-07-18", "url": "https://gsj-seamless.jp/seamless/use.html"}, "geometry": {"type": "LineString", "coordinates": [[135.4594286225543, 34.948327985566365], [135.45953610746045, 34.948279733884696], [135.46427141278483, 34.94827515591967], [135.4677444224376, 34.94801175006414], [135.47405857030338, 34.94774524740215], [135.47595267747246, 34.947743212032776], [135.4760982733647, 34.94774315832134]]}}, {"type": "Feature", "id": "5235-509", "properties": {"Major_Code": "2", "Legend_J": "実在断層", "Legend_E": "confirmed fault", "styleidx": 3, "name": "confirmed fault", "source": "GSJ Seamless Geological Map V2 · 2025-07-18", "url": "https://gsj-seamless.jp/seamless/use.html"}, "geometry": {"type": "LineString", "coordinates": [[135.34021671262042, 34.80767503714088], [135.33956786780004, 34.80730954538393], [135.33939880790518, 34.80721311433936], [135.33053732064485, 34.80221012263115], [135.31977007284198, 34.796558087204716], [135.31945879329635, 34.79639665933311]]}}, {"type": "Feature", "id": "5235-510", "properties": {"Major_Code": "2", "Legend_J": "実在断層", "Legend_E": "confirmed fault", "styleidx": 3, "name": "confirmed fault", "source": "GSJ Seamless Geological Map V2 · 2025-07-18", "url": "https://gsj-seamless.jp/seamless/use.html"}, "geometry": {"type": "LineString", "coordinates": [[135.50267321695713, 34.85690217917558], [135.50259226667157, 34.85684843597973], [135.4993148850359, 34.85436956753536], [135.4984957514997, 34.853692365455785], [135.49757861776175, 34.85308092579475]]}}, {"type": "Feature", "id": "5235-511", "properties": {"Major_Code": "2", "Legend_J": "実在断層", "Legend_E": "confirmed fault", "styleidx": 3, "name": "confirmed fault", "source": "GSJ Seamless Geological Map V2 · 2025-07-18", "url": "https://gsj-seamless.jp/seamless/use.html"}, "geometry": {"type": "LineString", "coordinates": [[135.4938643309058, 34.86612800803432], [135.48702897867554, 34.865426077206365]]}}, {"type": "Feature", "id": "5235-512", "properties": {"Major_Code": "2", "Legend_J": "実在断層", "Legend_E": "confirmed fault", "styleidx": 3, "name": "confirmed fault", "source": "GSJ Seamless Geological Map V2 · 2025-07-18", "url": "https://gsj-seamless.jp/seamless/use.html"}, "geometry": {"type": "LineString", "coordinates": [[135.55820207056556, 34.84813689612642], [135.55733015005032, 34.8480192814097], [135.55528149960804, 34.84745640349058], [135.55475662238075, 34.84733038943743]]}}, {"type": "Feature", "id": "5235-513", "properties": {"Major_Code": "2", "Legend_J": "実在断層", "Legend_E": "confirmed fault", "styleidx": 3, "name": "confirmed fault", "source": "GSJ Seamless Geological Map V2 · 2025-07-18", "url": "https://gsj-seamless.jp/seamless/use.html"}, "geometry": {"type": "LineString", "coordinates": [[135.55320916150072, 34.873774729982586], [135.5535144604686, 34.873951355812544], [135.55516891514398, 34.87486093496214], [135.55602473997988, 34.8752964214714]]}}, {"type": "Feature", "id": "5235-514", "properties": {"Major_Code": "2", "Legend_J": "実在断層", "Legend_E": "confirmed fault", "styleidx": 3, "name": "confirmed fault", "source": "GSJ Seamless Geological Map V2 · 2025-07-18", "url": "https://gsj-seamless.jp/seamless/use.html"}, "geometry": {"type": "LineString", "coordinates": [[135.39418318114423, 34.84826474668047], [135.3936555683586, 34.84838370839429], [135.39334957120167, 34.848407271511874]]}}, {"type": "Feature", "id": "5235-515", "properties": {"Major_Code": "2", "Legend_J": "実在断層", "Legend_E": "confirmed fault", "styleidx": 3, "name": "confirmed fault", "source": "GSJ Seamless Geological Map V2 · 2025-07-18", "url": "https://gsj-seamless.jp/seamless/use.html"}, "geometry": {"type": "LineString", "coordinates": [[135.56672346674253, 34.88404920403271], [135.56392752651155, 34.881955207448144]]}}, {"type": "Feature", "id": "5235-516", "properties": {"Major_Code": "2", "Legend_J": "実在断層", "Legend_E": "confirmed fault", "styleidx": 3, "name": "confirmed fault", "source": "GSJ Seamless Geological Map V2 · 2025-07-18", "url": "https://gsj-seamless.jp/seamless/use.html"}, "geometry": {"type": "LineString", "coordinates": [[135.38844306579455, 34.94756636414586], [135.38617157641013, 34.94764822842566], [135.385177429335, 34.947764174470066], [135.38381198657595, 34.94776413972178], [135.382477700133, 34.9478473727324], [135.37618885221556, 34.94784514527071], [135.3700811512185, 34.94733492184835]]}}, {"type": "Feature", "id": "5235-517", "properties": {"Major_Code": "4", "Legend_J": "伏在断層", "Legend_E": "concealed fault", "styleidx": 4, "name": "concealed fault", "source": "GSJ Seamless Geological Map V2 · 2025-07-18", "url": "https://gsj-seamless.jp/seamless/use.html"}, "geometry": {"type": "LineString", "coordinates": [[135.39364487695138, 34.78976593564602], [135.39198823650912, 34.78941760352242]]}}, {"type": "Feature", "id": "5235-518", "properties": {"Major_Code": "2", "Legend_J": "実在断層", "Legend_E": "confirmed fault", "styleidx": 3, "name": "confirmed fault", "source": "GSJ Seamless Geological Map V2 · 2025-07-18", "url": "https://gsj-seamless.jp/seamless/use.html"}, "geometry": {"type": "LineString", "coordinates": [[135.3430915832714, 34.88415721172714], [135.34322357393467, 34.88330938593376], [135.3447329134015, 34.879363026930434], [135.34514174325687, 34.8783498596743], [135.34516001639838, 34.87830472538839]]}}, {"type": "Feature", "id": "5235-519", "properties": {"Major_Code": "4", "Legend_J": "伏在断層", "Legend_E": "concealed fault", "styleidx": 4, "name": "concealed fault", "source": "GSJ Seamless Geological Map V2 · 2025-07-18", "url": "https://gsj-seamless.jp/seamless/use.html"}, "geometry": {"type": "LineString", "coordinates": [[135.46818161430082, 34.8368065030741], [135.4744188205721, 34.83900844412004]]}}, {"type": "Feature", "id": "5235-520", "properties": {"Major_Code": "4", "Legend_J": "伏在断層", "Legend_E": "concealed fault", "styleidx": 4, "name": "concealed fault", "source": "GSJ Seamless Geological Map V2 · 2025-07-18", "url": "https://gsj-seamless.jp/seamless/use.html"}, "geometry": {"type": "LineString", "coordinates": [[135.44044988876036, 34.846699155190066], [135.44605880147705, 34.852512131095494], [135.45166850485344, 34.85832483673232]]}}, {"type": "Feature", "id": "5235-521", "properties": {"Major_Code": "2", "Legend_J": "実在断層", "Legend_E": "confirmed fault", "styleidx": 3, "name": "confirmed fault", "source": "GSJ Seamless Geological Map V2 · 2025-07-18", "url": "https://gsj-seamless.jp/seamless/use.html"}, "geometry": {"type": "LineString", "coordinates": [[135.49910580510277, 34.82871297935053], [135.49808224879357, 34.82843104418544], [135.4964710907123, 34.82824172377543]]}}, {"type": "Feature", "id": "5235-522", "properties": {"Major_Code": "2", "Legend_J": "実在断層", "Legend_E": "confirmed fault", "styleidx": 3, "name": "confirmed fault", "source": "GSJ Seamless Geological Map V2 · 2025-07-18", "url": "https://gsj-seamless.jp/seamless/use.html"}, "geometry": {"type": "LineString", "coordinates": [[135.40719575099496, 34.78170588599582], [135.4043689175281, 34.78106132128195], [135.39495990895742, 34.77868836570387], [135.39324944958577, 34.778166680687804], [135.39224846937424, 34.77782968649569], [135.39075192635133, 34.777352334916]]}}, {"type": "Feature", "id": "5235-523", "properties": {"Major_Code": "2", "Legend_J": "実在断層", "Legend_E": "confirmed fault", "styleidx": 3, "name": "confirmed fault", "source": "GSJ Seamless Geological Map V2 · 2025-07-18", "url": "https://gsj-seamless.jp/seamless/use.html"}, "geometry": {"type": "LineString", "coordinates": [[135.33916250718084, 34.8201936889525], [135.34014413576364, 34.82057174212535], [135.34141444154835, 34.82070778538672], [135.3419267370544, 34.82071305887921]]}}, {"type": "Feature", "id": "5235-524", "properties": {"Major_Code": "4", "Legend_J": "伏在断層", "Legend_E": "concealed fault", "styleidx": 4, "name": "concealed fault", "source": "GSJ Seamless Geological Map V2 · 2025-07-18", "url": "https://gsj-seamless.jp/seamless/use.html"}, "geometry": {"type": "LineString", "coordinates": [[135.33117102542886, 34.75484350793896], [135.3267603076145, 34.75052395820896]]}}, {"type": "Feature", "id": "5235-525", "properties": {"Major_Code": "2", "Legend_J": "実在断層", "Legend_E": "confirmed fault", "styleidx": 3, "name": "confirmed fault", "source": "GSJ Seamless Geological Map V2 · 2025-07-18", "url": "https://gsj-seamless.jp/seamless/use.html"}, "geometry": {"type": "LineString", "coordinates": [[135.56807400805098, 34.94285297202464], [135.564846825011, 34.94246881142983], [135.5626819641669, 34.9417088533864], [135.56144490082738, 34.941455534038596], [135.56028515394664, 34.941518863875615], [135.55750176143275, 34.9424054815929], [135.5551049512125, 34.94322876947317], [135.5503782979247, 34.94448631460094]]}}, {"type": "Feature", "id": "5235-526", "properties": {"Major_Code": "2", "Legend_J": "実在断層", "Legend_E": "confirmed fault", "styleidx": 3, "name": "confirmed fault", "source": "GSJ Seamless Geological Map V2 · 2025-07-18", "url": "https://gsj-seamless.jp/seamless/use.html"}, "geometry": {"type": "LineString", "coordinates": [[135.3779989599134, 34.87162915305579], [135.37724432472353, 34.871606790000556], [135.3762650783059, 34.87164148391798], [135.37295056515723, 34.87185939963235], [135.37074188843013, 34.871922733353905], [135.3627841474301, 34.872526828132465], [135.35880855676373, 34.87272161245518], [135.35498411323238, 34.87328317895648], [135.35211647926485, 34.87350593240798]]}}, {"type": "Feature", "id": "5235-527", "properties": {"Major_Code": "2", "Legend_J": "実在断層", "Legend_E": "confirmed fault", "styleidx": 3, "name": "confirmed fault", "source": "GSJ Seamless Geological Map V2 · 2025-07-18", "url": "https://gsj-seamless.jp/seamless/use.html"}, "geometry": {"type": "LineString", "coordinates": [[135.55320916150072, 34.873774729982586], [135.55202695462432, 34.87317170695436], [135.54656237254386, 34.87035718253319], [135.54512744299518, 34.86965608812871]]}}, {"type": "Feature", "id": "5235-528", "properties": {"Major_Code": "2", "Legend_J": "実在断層", "Legend_E": "confirmed fault", "styleidx": 3, "name": "confirmed fault", "source": "GSJ Seamless Geological Map V2 · 2025-07-18", "url": "https://gsj-seamless.jp/seamless/use.html"}, "geometry": {"type": "LineString", "coordinates": [[135.58239330989596, 34.88605146383281], [135.5794872077595, 34.885213730389125], [135.57456828008537, 34.88318890635935], [135.57156283805801, 34.88229060933058], [135.5686944358228, 34.881840084446964], [135.56555361052946, 34.88184380239611], [135.56392752651155, 34.881955207448144]]}}, {"type": "Feature", "id": "5235-529", "properties": {"Major_Code": "2", "Legend_J": "実在断層", "Legend_E": "confirmed fault", "styleidx": 3, "name": "confirmed fault", "source": "GSJ Seamless Geological Map V2 · 2025-07-18", "url": "https://gsj-seamless.jp/seamless/use.html"}, "geometry": {"type": "LineString", "coordinates": [[135.32354359003384, 34.78958555991842], [135.32356480599074, 34.789599018977086], [135.32459769441647, 34.79029260209238], [135.32850875165107, 34.79284657875223], [135.33586703228485, 34.797364956547966], [135.33640642259212, 34.79770599527429]]}}, {"type": "Feature", "id": "5235-530", "properties": {"Major_Code": "4", "Legend_J": "伏在断層", "Legend_E": "concealed fault", "styleidx": 4, "name": "concealed fault", "source": "GSJ Seamless Geological Map V2 · 2025-07-18", "url": "https://gsj-seamless.jp/seamless/use.html"}, "geometry": {"type": "LineString", "coordinates": [[135.5644119613603, 34.84913305568064], [135.56320052820715, 34.84902836466408], [135.55965064891822, 34.84835546034515], [135.55820207056556, 34.84813689612642]]}}, {"type": "Feature", "id": "5235-531", "properties": {"Major_Code": "2", "Legend_J": "実在断層", "Legend_E": "confirmed fault", "styleidx": 3, "name": "confirmed fault", "source": "GSJ Seamless Geological Map V2 · 2025-07-18", "url": "https://gsj-seamless.jp/seamless/use.html"}, "geometry": {"type": "LineString", "coordinates": [[135.37938293212147, 34.85105855789236], [135.37972829426408, 34.85096954580631], [135.37988120563537, 34.85093749712651]]}}, {"type": "Feature", "id": "5235-532", "properties": {"Major_Code": "2", "Legend_J": "実在断層", "Legend_E": "confirmed fault", "styleidx": 3, "name": "confirmed fault", "source": "GSJ Seamless Geological Map V2 · 2025-07-18", "url": "https://gsj-seamless.jp/seamless/use.html"}, "geometry": {"type": "LineString", "coordinates": [[135.34805121529538, 34.77177521429708], [135.3478236594064, 34.771545996217895], [135.34682640565003, 34.77053471115802], [135.34671741174404, 34.7704178352735]]}}, {"type": "Feature", "id": "5235-533", "properties": {"Major_Code": "2", "Legend_J": "実在断層", "Legend_E": "confirmed fault", "styleidx": 3, "name": "confirmed fault", "source": "GSJ Seamless Geological Map V2 · 2025-07-18", "url": "https://gsj-seamless.jp/seamless/use.html"}, "geometry": {"type": "LineString", "coordinates": [[135.34103462002363, 34.807088912389474], [135.34103796773803, 34.80515284908203], [135.3414524059255, 34.80199400502042], [135.34214140762478, 34.79816044649175], [135.3428334882223, 34.79252154716809], [135.3432337953803, 34.79048739683672]]}}, {"type": "Feature", "id": "5235-534", "properties": {"Major_Code": "2", "Legend_J": "実在断層", "Legend_E": "confirmed fault", "styleidx": 3, "name": "confirmed fault", "source": "GSJ Seamless Geological Map V2 · 2025-07-18", "url": "https://gsj-seamless.jp/seamless/use.html"}, "geometry": {"type": "LineString", "coordinates": [[135.31378022855534, 34.85292488906144], [135.3149474482231, 34.852770739695984]]}}, {"type": "Feature", "id": "5235-535", "properties": {"Major_Code": "2", "Legend_J": "実在断層", "Legend_E": "confirmed fault", "styleidx": 3, "name": "confirmed fault", "source": "GSJ Seamless Geological Map V2 · 2025-07-18", "url": "https://gsj-seamless.jp/seamless/use.html"}, "geometry": {"type": "LineString", "coordinates": [[135.32026575014783, 34.85225367549289], [135.32050278376047, 34.852234996676444], [135.32228080638623, 34.85207007753712], [135.3237624829951, 34.85196456826789], [135.3253373770121, 34.85175058304705], [135.32554096390726, 34.851743257641346]]}}, {"type": "Feature", "id": "5235-536", "properties": {"Major_Code": "2", "Legend_J": "実在断層", "Legend_E": "confirmed fault", "styleidx": 3, "name": "confirmed fault", "source": "GSJ Seamless Geological Map V2 · 2025-07-18", "url": "https://gsj-seamless.jp/seamless/use.html"}, "geometry": {"type": "LineString", "coordinates": [[135.33426664682747, 34.757830100420904], [135.33362877140343, 34.757187310917146], [135.33117102542886, 34.75484350793896]]}}, {"type": "Feature", "id": "5235-537", "properties": {"Major_Code": "2", "Legend_J": "実在断層", "Legend_E": "confirmed fault", "styleidx": 3, "name": "confirmed fault", "source": "GSJ Seamless Geological Map V2 · 2025-07-18", "url": "https://gsj-seamless.jp/seamless/use.html"}, "geometry": {"type": "LineString", "coordinates": [[135.54334891661657, 34.925664212724115], [135.54400749949394, 34.924378795447666], [135.54468954194155, 34.923023399820295], [135.54476799429017, 34.92288555322491]]}}, {"type": "Feature", "id": "5235-538", "properties": {"Major_Code": "2", "Legend_J": "実在断層", "Legend_E": "confirmed fault", "styleidx": 3, "name": "confirmed fault", "source": "GSJ Seamless Geological Map V2 · 2025-07-18", "url": "https://gsj-seamless.jp/seamless/use.html"}, "geometry": {"type": "LineString", "coordinates": [[135.31883122378915, 34.78645437053349], [135.31888736634235, 34.78649704290108], [135.31967112442052, 34.78704484201799], [135.32037274983472, 34.787534262127856], [135.32108635399663, 34.78793800260952], [135.32183309962952, 34.78844080804717], [135.32232180472724, 34.788766276016005], [135.3231472827942, 34.789320696327536]]}}, {"type": "Feature", "id": "5235-539", "properties": {"Major_Code": "2", "Legend_J": "実在断層", "Legend_E": "confirmed fault", "styleidx": 3, "name": "confirmed fault", "source": "GSJ Seamless Geological Map V2 · 2025-07-18", "url": "https://gsj-seamless.jp/seamless/use.html"}, "geometry": {"type": "LineString", "coordinates": [[135.5876606966278, 34.95072702709945], [135.58773769165276, 34.950485493087896], [135.58826428159045, 34.94927712128865]]}}, {"type": "Feature", "id": "5235-540", "properties": {"Major_Code": "2", "Legend_J": "実在断層", "Legend_E": "confirmed fault", "styleidx": 3, "name": "confirmed fault", "source": "GSJ Seamless Geological Map V2 · 2025-07-18", "url": "https://gsj-seamless.jp/seamless/use.html"}, "geometry": {"type": "LineString", "coordinates": [[135.34206016895894, 34.88730205012165], [135.34251070081936, 34.88592816088567]]}}, {"type": "Feature", "id": "5235-541", "properties": {"Major_Code": "2", "Legend_J": "実在断層", "Legend_E": "confirmed fault", "styleidx": 3, "name": "confirmed fault", "source": "GSJ Seamless Geological Map V2 · 2025-07-18", "url": "https://gsj-seamless.jp/seamless/use.html"}, "geometry": {"type": "LineString", "coordinates": [[135.5526308245335, 34.95583140702618], [135.55224007614208, 34.954017724447745]]}}, {"type": "Feature", "id": "5235-542", "properties": {"Major_Code": "2", "Legend_J": "実在断層", "Legend_E": "confirmed fault", "styleidx": 3, "name": "confirmed fault", "source": "GSJ Seamless Geological Map V2 · 2025-07-18", "url": "https://gsj-seamless.jp/seamless/use.html"}, "geometry": {"type": "LineString", "coordinates": [[135.58826428159045, 34.94927712128865], [135.58831814214815, 34.949152902854976], [135.58862138459043, 34.94829271146584]]}}, {"type": "Feature", "id": "5235-543", "properties": {"Major_Code": "2", "Legend_J": "実在断層", "Legend_E": "confirmed fault", "styleidx": 3, "name": "confirmed fault", "source": "GSJ Seamless Geological Map V2 · 2025-07-18", "url": "https://gsj-seamless.jp/seamless/use.html"}, "geometry": {"type": "LineString", "coordinates": [[135.3851959563424, 34.845447915699296], [135.38860895648097, 34.844886760658284], [135.38895031695668, 34.8448292904139]]}}, {"type": "Feature", "id": "5235-544", "properties": {"Major_Code": "2", "Legend_J": "実在断層", "Legend_E": "confirmed fault", "styleidx": 3, "name": "confirmed fault", "source": "GSJ Seamless Geological Map V2 · 2025-07-18", "url": "https://gsj-seamless.jp/seamless/use.html"}, "geometry": {"type": "LineString", "coordinates": [[135.5246703783069, 34.83888459312054], [135.5260612207612, 34.83908804090831]]}}, {"type": "Feature", "id": "5235-545", "properties": {"Major_Code": "2", "Legend_J": "実在断層", "Legend_E": "confirmed fault", "styleidx": 3, "name": "confirmed fault", "source": "GSJ Seamless Geological Map V2 · 2025-07-18", "url": "https://gsj-seamless.jp/seamless/use.html"}, "geometry": {"type": "LineString", "coordinates": [[135.3145462749733, 34.78285079089737], [135.3130466620139, 34.781606185347016], [135.3125664492377, 34.781149932846795], [135.31241757147325, 34.78094523457379], [135.3123347077532, 34.78068400812852], [135.31231108410827, 34.78056686503933]]}}, {"type": "Feature", "id": "5235-546", "properties": {"Major_Code": "2", "Legend_J": "実在断層", "Legend_E": "confirmed fault", "styleidx": 3, "name": "confirmed fault", "source": "GSJ Seamless Geological Map V2 · 2025-07-18", "url": "https://gsj-seamless.jp/seamless/use.html"}, "geometry": {"type": "LineString", "coordinates": [[135.5128332828193, 34.82876236579364], [135.51746233677926, 34.82876052785113], [135.51759826496493, 34.82887262795215], [135.52196601064776, 34.82898422009097], [135.5256506794327, 34.82943224916801], [135.52974599816545, 34.830220908203245], [135.53343086331196, 34.831232155854366], [135.5356789443659, 34.832094263080954], [135.5360170519395, 34.832196415858036]]}}, {"type": "Feature", "id": "5235-547", "properties": {"Major_Code": "2", "Legend_J": "実在断層", "Legend_E": "confirmed fault", "styleidx": 3, "name": "confirmed fault", "source": "GSJ Seamless Geological Map V2 · 2025-07-18", "url": "https://gsj-seamless.jp/seamless/use.html"}, "geometry": {"type": "LineString", "coordinates": [[135.49480124148505, 34.77693568384787], [135.495619206561, 34.77553939576573], [135.4967100174857, 34.77328324081026], [135.49780087810547, 34.77057630712238], [135.49848240660995, 34.76944877650401], [135.49902381010907, 34.76817307907969]]}}, {"type": "Feature", "id": "5235-548", "properties": {"Major_Code": "2", "Legend_J": "実在断層", "Legend_E": "confirmed fault", "styleidx": 3, "name": "confirmed fault", "source": "GSJ Seamless Geological Map V2 · 2025-07-18", "url": "https://gsj-seamless.jp/seamless/use.html"}, "geometry": {"type": "LineString", "coordinates": [[135.42022766132752, 34.87216891862154], [135.41916289117128, 34.872181722501544]]}}, {"type": "Feature", "id": "5235-549", "properties": {"Major_Code": "2", "Legend_J": "実在断層", "Legend_E": "confirmed fault", "styleidx": 3, "name": "confirmed fault", "source": "GSJ Seamless Geological Map V2 · 2025-07-18", "url": "https://gsj-seamless.jp/seamless/use.html"}, "geometry": {"type": "LineString", "coordinates": [[135.54945506958907, 34.91321775256648], [135.54877959405516, 34.911857337863545], [135.54836971511762, 34.9110681544817], [135.54549797531902, 34.907461806585474]]}}, {"type": "Feature", "id": "5235-550", "properties": {"Major_Code": "2", "Legend_J": "実在断層", "Legend_E": "confirmed fault", "styleidx": 3, "name": "confirmed fault", "source": "GSJ Seamless Geological Map V2 · 2025-07-18", "url": "https://gsj-seamless.jp/seamless/use.html"}, "geometry": {"type": "LineString", "coordinates": [[135.45903111136892, 34.86833045974484], [135.45686625779632, 34.86516998543138]]}}, {"type": "Feature", "id": "5235-551", "properties": {"Major_Code": "2", "Legend_J": "実在断層", "Legend_E": "confirmed fault", "styleidx": 3, "name": "confirmed fault", "source": "GSJ Seamless Geological Map V2 · 2025-07-18", "url": "https://gsj-seamless.jp/seamless/use.html"}, "geometry": {"type": "LineString", "coordinates": [[135.37809544400258, 34.846796208517404], [135.37160970557022, 34.84792014145381], [135.36512378772716, 34.849043729468264], [135.35870701123213, 34.84982756106203], [135.3565612115484, 34.8499197508508], [135.3508429410052, 34.850281824530995], [135.34973653644718, 34.85040909332206]]}}, {"type": "Feature", "id": "5235-552", "properties": {"Major_Code": "2", "Legend_J": "実在断層", "Legend_E": "confirmed fault", "styleidx": 3, "name": "confirmed fault", "source": "GSJ Seamless Geological Map V2 · 2025-07-18", "url": "https://gsj-seamless.jp/seamless/use.html"}, "geometry": {"type": "LineString", "coordinates": [[135.4010287123212, 34.84692088694037], [135.40526118305843, 34.84613334168176], [135.40614142014698, 34.845886904149424]]}}, {"type": "Feature", "id": "5235-553", "properties": {"Major_Code": "2", "Legend_J": "実在断層", "Legend_E": "confirmed fault", "styleidx": 3, "name": "confirmed fault", "source": "GSJ Seamless Geological Map V2 · 2025-07-18", "url": "https://gsj-seamless.jp/seamless/use.html"}, "geometry": {"type": "LineString", "coordinates": [[135.37212851147459, 34.919701400608666], [135.3721287962961, 34.91818008666043]]}}, {"type": "Feature", "id": "5235-554", "properties": {"Major_Code": "2", "Legend_J": "実在断層", "Legend_E": "confirmed fault", "styleidx": 3, "name": "confirmed fault", "source": "GSJ Seamless Geological Map V2 · 2025-07-18", "url": "https://gsj-seamless.jp/seamless/use.html"}, "geometry": {"type": "LineString", "coordinates": [[135.3405714550324, 34.85088234827169], [135.34080778961862, 34.85086137625103]]}}, {"type": "Feature", "id": "5235-555", "properties": {"Major_Code": "2", "Legend_J": "実在断層", "Legend_E": "confirmed fault", "styleidx": 3, "name": "confirmed fault", "source": "GSJ Seamless Geological Map V2 · 2025-07-18", "url": "https://gsj-seamless.jp/seamless/use.html"}, "geometry": {"type": "LineString", "coordinates": [[135.5070838826064, 34.86043315318281], [135.50684067561568, 34.86021331967852], [135.50507264679553, 34.85879644914091], [135.50484766859546, 34.85865316870975]]}}, {"type": "Feature", "id": "5235-556", "properties": {"Major_Code": "2", "Legend_J": "実在断層", "Legend_E": "confirmed fault", "styleidx": 3, "name": "confirmed fault", "source": "GSJ Seamless Geological Map V2 · 2025-07-18", "url": "https://gsj-seamless.jp/seamless/use.html"}, "geometry": {"type": "LineString", "coordinates": [[135.33154268591116, 34.91228203061358], [135.33154802170856, 34.91224820532008], [135.33179933846068, 34.91126708852126]]}}, {"type": "Feature", "id": "5235-557", "properties": {"Major_Code": "2", "Legend_J": "実在断層", "Legend_E": "confirmed fault", "styleidx": 3, "name": "confirmed fault", "source": "GSJ Seamless Geological Map V2 · 2025-07-18", "url": "https://gsj-seamless.jp/seamless/use.html"}, "geometry": {"type": "LineString", "coordinates": [[135.33979446943368, 34.76346464318287], [135.33972801368293, 34.76340173348737], [135.33875428136318, 34.762419611775414]]}}, {"type": "Feature", "id": "5235-558", "properties": {"Major_Code": "4", "Legend_J": "伏在断層", "Legend_E": "concealed fault", "styleidx": 4, "name": "concealed fault", "source": "GSJ Seamless Geological Map V2 · 2025-07-18", "url": "https://gsj-seamless.jp/seamless/use.html"}, "geometry": {"type": "LineString", "coordinates": [[135.40531078000143, 34.79236565051259], [135.4051768260121, 34.792339058988325], [135.40407775694808, 34.79209942144776], [135.39905746619894, 34.79098959754973], [135.396975528357, 34.79051880827852]]}}, {"type": "Feature", "id": "5235-559", "properties": {"Major_Code": "2", "Legend_J": "実在断層", "Legend_E": "confirmed fault", "styleidx": 3, "name": "confirmed fault", "source": "GSJ Seamless Geological Map V2 · 2025-07-18", "url": "https://gsj-seamless.jp/seamless/use.html"}, "geometry": {"type": "LineString", "coordinates": [[135.3930828366554, 34.872970317602324], [135.39386505473033, 34.873042073487994], [135.39538305231315, 34.87304375096651], [135.39608685156003, 34.87285882407822], [135.39704490893712, 34.87252428539089], [135.4001852834897, 34.87116812391079], [135.4035311068581, 34.87021235700553]]}}, {"type": "Feature", "id": "5235-570", "properties": {"Major_Code": "2", "Legend_J": "実在断層", "Legend_E": "confirmed fault", "styleidx": 3, "name": "confirmed fault", "source": "GSJ Seamless Geological Map V2 · 2025-07-18", "url": "https://gsj-seamless.jp/seamless/use.html"}, "geometry": {"type": "LineString", "coordinates": [[135.59109551082736, 34.94149208796719], [135.59113587932134, 34.94139496971269], [135.59183861072242, 34.93956592039171]]}}, {"type": "Feature", "id": "5235-585", "properties": {"Major_Code": "2", "Legend_J": "実在断層", "Legend_E": "confirmed fault", "styleidx": 3, "name": "confirmed fault", "source": "GSJ Seamless Geological Map V2 · 2025-07-18", "url": "https://gsj-seamless.jp/seamless/use.html"}, "geometry": {"type": "LineString", "coordinates": [[135.59079075696195, 34.94222607792409], [135.59109551082736, 34.94149208796719]]}}, {"type": "Feature", "id": "5235-593", "properties": {"Major_Code": "2", "Legend_J": "実在断層", "Legend_E": "confirmed fault", "styleidx": 3, "name": "confirmed fault", "source": "GSJ Seamless Geological Map V2 · 2025-07-18", "url": "https://gsj-seamless.jp/seamless/use.html"}, "geometry": {"type": "LineString", "coordinates": [[135.59443934268694, 34.93324013216008], [135.59444944469686, 34.93321754190268], [135.59497141241897, 34.932160164890064], [135.59512028297902, 34.931931791470774], [135.59617728216577, 34.93031955554157]]}}, {"type": "Feature", "id": "5235-596", "properties": {"Major_Code": "2", "Legend_J": "実在断層", "Legend_E": "confirmed fault", "styleidx": 3, "name": "confirmed fault", "source": "GSJ Seamless Geological Map V2 · 2025-07-18", "url": "https://gsj-seamless.jp/seamless/use.html"}, "geometry": {"type": "LineString", "coordinates": [[135.5979380730826, 34.927941998798715], [135.59903219884652, 34.92695384784973], [135.59975698961267, 34.92635294881032], [135.6, 34.92623302368949]]}}, {"type": "Feature", "id": "5235-620", "properties": {"Major_Code": "4", "Legend_J": "伏在断層", "Legend_E": "concealed fault", "styleidx": 4, "name": "concealed fault", "source": "GSJ Seamless Geological Map V2 · 2025-07-18", "url": "https://gsj-seamless.jp/seamless/use.html"}, "geometry": {"type": "LineString", "coordinates": [[135.59485938530702, 34.85642899213625], [135.59632726098695, 34.85683183655754], [135.59665093096862, 34.85689782615355], [135.59668309262454, 34.85690443187876]]}}, {"type": "Feature", "id": "5235-635", "properties": {"Major_Code": "2", "Legend_J": "実在断層", "Legend_E": "confirmed fault", "styleidx": 3, "name": "confirmed fault", "source": "GSJ Seamless Geological Map V2 · 2025-07-18", "url": "https://gsj-seamless.jp/seamless/use.html"}, "geometry": {"type": "LineString", "coordinates": [[135.5936467524552, 34.93491864352811], [135.59443934268694, 34.93324013216008]]}}, {"type": "Feature", "id": "5235-649", "properties": {"Major_Code": "4", "Legend_J": "伏在断層", "Legend_E": "concealed fault", "styleidx": 4, "name": "concealed fault", "source": "GSJ Seamless Geological Map V2 · 2025-07-18", "url": "https://gsj-seamless.jp/seamless/use.html"}, "geometry": {"type": "LineString", "coordinates": [[135.6, 34.85760449019057], [135.59996043446841, 34.8575956454622], [135.59761183443715, 34.857111630085356], [135.59668309262454, 34.85690443187876]]}}, {"type": "Feature", "id": "5235-666", "properties": {"Major_Code": "2", "Legend_J": "実在断層", "Legend_E": "confirmed fault", "styleidx": 3, "name": "confirmed fault", "source": "GSJ Seamless Geological Map V2 · 2025-07-18", "url": "https://gsj-seamless.jp/seamless/use.html"}, "geometry": {"type": "LineString", "coordinates": [[135.59617728216577, 34.93031955554157], [135.59624975044542, 34.93021777152427], [135.59773215337196, 34.92812784688363], [135.5979380730826, 34.927941998798715]]}}, {"type": "Feature", "id": "5235-673", "properties": {"Major_Code": "2", "Legend_J": "実在断層", "Legend_E": "confirmed fault", "styleidx": 3, "name": "confirmed fault", "source": "GSJ Seamless Geological Map V2 · 2025-07-18", "url": "https://gsj-seamless.jp/seamless/use.html"}, "geometry": {"type": "LineString", "coordinates": [[135.6, 34.94130941474161], [135.5973691996495, 34.94126464613258], [135.59411560503392, 34.94140941306871], [135.59109551082736, 34.94149208796719]]}}, {"type": "Feature", "id": "5235-678", "properties": {"Major_Code": "2", "Legend_J": "実在断層", "Legend_E": "confirmed fault", "styleidx": 3, "name": "confirmed fault", "source": "GSJ Seamless Geological Map V2 · 2025-07-18", "url": "https://gsj-seamless.jp/seamless/use.html"}, "geometry": {"type": "LineString", "coordinates": [[135.59183861072242, 34.93956592039171], [135.59186078521302, 34.939509468927405], [135.59358610039192, 34.9350474096902], [135.5936467524552, 34.93491864352811]]}}, {"type": "Feature", "id": "5235-771", "properties": {"Major_Code": "2", "Legend_J": "実在断層", "Legend_E": "confirmed fault", "styleidx": 3, "name": "confirmed fault", "source": "GSJ Seamless Geological Map V2 · 2025-07-18", "url": "https://gsj-seamless.jp/seamless/use.html"}, "geometry": {"type": "LineString", "coordinates": [[135.0905542235064, 34.992522347686474], [135.08445764257277, 34.98914896778688], [135.08322938896347, 34.98869242339819], [135.0828205178472, 34.98835468081913], [135.08159228517067, 34.98789812804328], [135.07668174378995, 34.98540240020991], [135.07572581186727, 34.98517320846538]]}}, {"type": "Feature", "id": "5235-791", "properties": {"Major_Code": "4", "Legend_J": "伏在断層", "Legend_E": "concealed fault", "styleidx": 4, "name": "concealed fault", "source": "GSJ Seamless Geological Map V2 · 2025-07-18", "url": "https://gsj-seamless.jp/seamless/use.html"}, "geometry": {"type": "LineString", "coordinates": [[135.0905542235064, 34.992522347686474], [135.09780846931966, 34.99626625156966]]}}, {"type": "Feature", "id": "5235-796", "properties": {"Major_Code": "2", "Legend_J": "実在断層", "Legend_E": "confirmed fault", "styleidx": 3, "name": "confirmed fault", "source": "GSJ Seamless Geological Map V2 · 2025-07-18", "url": "https://gsj-seamless.jp/seamless/use.html"}, "geometry": {"type": "LineString", "coordinates": [[135.06082074202473, 34.97797781065768], [135.06003905701556, 34.97768078554668], [135.0586214496604, 34.977016758638555]]}}, {"type": "Feature", "id": "5235-807", "properties": {"Major_Code": "2", "Legend_J": "実在断層", "Legend_E": "confirmed fault", "styleidx": 3, "name": "confirmed fault", "source": "GSJ Seamless Geological Map V2 · 2025-07-18", "url": "https://gsj-seamless.jp/seamless/use.html"}, "geometry": {"type": "LineString", "coordinates": [[135.07512944750465, 34.98482656234851], [135.07511472975196, 34.98481981435257], [135.07408944449287, 34.984266119345925], [135.07245191061094, 34.983584383663086], [135.06945093168133, 34.982110223971524], [135.06781280615826, 34.98145998015087], [135.0645683509662, 34.97997910237828], [135.062630676516, 34.978930051581386], [135.061613129252, 34.978457383118794]]}}, {"type": "Feature", "id": "5235-831", "properties": {"Major_Code": "2", "Legend_J": "実在断層", "Legend_E": "confirmed fault", "styleidx": 3, "name": "confirmed fault", "source": "GSJ Seamless Geological Map V2 · 2025-07-18", "url": "https://gsj-seamless.jp/seamless/use.html"}, "geometry": {"type": "LineString", "coordinates": [[135.07572581186727, 34.98517320846538], [135.07512944750465, 34.98482656234851]]}}, {"type": "Feature", "id": "5235-855", "properties": {"Major_Code": "2", "Legend_J": "実在断層", "Legend_E": "confirmed fault", "styleidx": 3, "name": "confirmed fault", "source": "GSJ Seamless Geological Map V2 · 2025-07-18", "url": "https://gsj-seamless.jp/seamless/use.html"}, "geometry": {"type": "LineString", "coordinates": [[135.5050177430354, 34.9960702762623], [135.5054175332225, 34.995732755638755]]}}, {"type": "Feature", "id": "5235-857", "properties": {"Major_Code": "2", "Legend_J": "実在断層", "Legend_E": "confirmed fault", "styleidx": 3, "name": "confirmed fault", "source": "GSJ Seamless Geological Map V2 · 2025-07-18", "url": "https://gsj-seamless.jp/seamless/use.html"}, "geometry": {"type": "LineString", "coordinates": [[135.36362365151226, 34.98978712299653], [135.3636276804364, 34.989769081966884], [135.36365577878564, 34.989615735754896]]}}, {"type": "Feature", "id": "5235-859", "properties": {"Major_Code": "2", "Legend_J": "実在断層", "Legend_E": "confirmed fault", "styleidx": 3, "name": "confirmed fault", "source": "GSJ Seamless Geological Map V2 · 2025-07-18", "url": "https://gsj-seamless.jp/seamless/use.html"}, "geometry": {"type": "LineString", "coordinates": [[135.3630016298483, 34.99339734238815], [135.3632896471577, 34.991575403898295], [135.36362365151226, 34.98978712299653]]}}, {"type": "Feature", "id": "5235-864", "properties": {"Major_Code": "2", "Legend_J": "実在断層", "Legend_E": "confirmed fault", "styleidx": 3, "name": "confirmed fault", "source": "GSJ Seamless Geological Map V2 · 2025-07-18", "url": "https://gsj-seamless.jp/seamless/use.html"}, "geometry": {"type": "LineString", "coordinates": [[135.51806080292258, 34.97048779421168], [135.51820331282929, 34.970406034571994], [135.51847631070478, 34.9695033342654], [135.52093459863835, 34.96465370765897], [135.52134439694208, 34.963975771277006], [135.52139754239377, 34.96393948047793]]}}, {"type": "Feature", "id": "5235-865", "properties": {"Major_Code": "2", "Legend_J": "実在断層", "Legend_E": "confirmed fault", "styleidx": 3, "name": "confirmed fault", "source": "GSJ Seamless Geological Map V2 · 2025-07-18", "url": "https://gsj-seamless.jp/seamless/use.html"}, "geometry": {"type": "LineString", "coordinates": [[135.52641004868462, 34.978070978757664], [135.5268161329765, 34.978335114169425]]}}, {"type": "Feature", "id": "5235-867", "properties": {"Major_Code": "2", "Legend_J": "実在断層", "Legend_E": "confirmed fault", "styleidx": 3, "name": "confirmed fault", "source": "GSJ Seamless Geological Map V2 · 2025-07-18", "url": "https://gsj-seamless.jp/seamless/use.html"}, "geometry": {"type": "LineString", "coordinates": [[135.5054175332225, 34.995732755638755], [135.50590603343656, 34.99466013521774], [135.50645302839894, 34.993756293185946], [135.50648594605155, 34.99376742215489]]}}, {"type": "Feature", "id": "5235-868", "properties": {"Major_Code": "2", "Legend_J": "実在断層", "Legend_E": "confirmed fault", "styleidx": 3, "name": "confirmed fault", "source": "GSJ Seamless Geological Map V2 · 2025-07-18", "url": "https://gsj-seamless.jp/seamless/use.html"}, "geometry": {"type": "LineString", "coordinates": [[135.58384639778464, 34.96288912100502], [135.58389875221664, 34.96254403508456], [135.5841093693076, 34.96163248192156]]}}, {"type": "Feature", "id": "5235-869", "properties": {"Major_Code": "2", "Legend_J": "実在断層", "Legend_E": "confirmed fault", "styleidx": 3, "name": "confirmed fault", "source": "GSJ Seamless Geological Map V2 · 2025-07-18", "url": "https://gsj-seamless.jp/seamless/use.html"}, "geometry": {"type": "LineString", "coordinates": [[135.58182614415458, 34.97976391053021], [135.58192100653358, 34.97942764053019], [135.58191959692783, 34.97802581334332], [135.58310738303925, 34.968349104447896], [135.58354106909326, 34.96485138895075]]}}, {"type": "Feature", "id": "5235-871", "properties": {"Major_Code": "2", "Legend_J": "実在断層", "Legend_E": "confirmed fault", "styleidx": 3, "name": "confirmed fault", "source": "GSJ Seamless Geological Map V2 · 2025-07-18", "url": "https://gsj-seamless.jp/seamless/use.html"}, "geometry": {"type": "LineString", "coordinates": [[135.40199246671543, 34.97616417307525], [135.40609394424493, 34.97695467842239], [135.4095115006477, 34.97695636051098], [135.41238366874884, 34.97639415716924], [135.41293231004292, 34.97635392124043], [135.41327090491905, 34.97632343464673], [135.41394013638103, 34.97631657221709], [135.41437691700472, 34.97635334841952], [135.41481325548438, 34.976439715470725], [135.41518197038351, 34.97655335396241], [135.41536989746746, 34.976640586442045], [135.4160296956639, 34.97680278598189], [135.4162112549633, 34.97684722395128], [135.42181552273104, 34.9789909064246], [135.42577951733213, 34.98000661882767], [135.42824034165784, 34.98011940621945], [135.42933474843514, 34.98000724497622], [135.43029172508915, 34.97978288508965], [135.43063384435453, 34.97949991324129]]}}, {"type": "Feature", "id": "5235-876", "properties": {"Major_Code": "2", "Legend_J": "実在断層", "Legend_E": "confirmed fault", "styleidx": 3, "name": "confirmed fault", "source": "GSJ Seamless Geological Map V2 · 2025-07-18", "url": "https://gsj-seamless.jp/seamless/use.html"}, "geometry": {"type": "LineString", "coordinates": [[135.36561639228742, 34.97905294029908], [135.36561904591727, 34.979032647826756], [135.3657577746382, 34.9785025703666], [135.3662008141685, 34.97550366142214], [135.36620479400764, 34.97547435049832]]}}, {"type": "Feature", "id": "5235-877", "properties": {"Major_Code": "2", "Legend_J": "実在断層", "Legend_E": "confirmed fault", "styleidx": 3, "name": "confirmed fault", "source": "GSJ Seamless Geological Map V2 · 2025-07-18", "url": "https://gsj-seamless.jp/seamless/use.html"}, "geometry": {"type": "LineString", "coordinates": [[135.58366715703724, 34.96408449586616], [135.58384639778464, 34.96288912100502]]}}, {"type": "Feature", "id": "5235-878", "properties": {"Major_Code": "2", "Legend_J": "実在断層", "Legend_E": "confirmed fault", "styleidx": 3, "name": "confirmed fault", "source": "GSJ Seamless Geological Map V2 · 2025-07-18", "url": "https://gsj-seamless.jp/seamless/use.html"}, "geometry": {"type": "LineString", "coordinates": [[135.58141930922127, 34.98270705482125], [135.58159445360212, 34.9818024408703], [135.58160986011234, 34.981653619021586]]}}, {"type": "Feature", "id": "5235-883", "properties": {"Major_Code": "2", "Legend_J": "実在断層", "Legend_E": "confirmed fault", "styleidx": 3, "name": "confirmed fault", "source": "GSJ Seamless Geological Map V2 · 2025-07-18", "url": "https://gsj-seamless.jp/seamless/use.html"}, "geometry": {"type": "LineString", "coordinates": [[135.58120665842128, 34.98512863005189], [135.58113885879084, 34.98701760939693], [135.58115619844037, 34.98774999436711], [135.5809990920737, 34.988791995096186]]}}, {"type": "Feature", "id": "5235-892", "properties": {"Major_Code": "2", "Legend_J": "実在断層", "Legend_E": "confirmed fault", "styleidx": 3, "name": "confirmed fault", "source": "GSJ Seamless Geological Map V2 · 2025-07-18", "url": "https://gsj-seamless.jp/seamless/use.html"}, "geometry": {"type": "LineString", "coordinates": [[135.48317751649273, 34.974532105367246], [135.48455377865298, 34.97419065847701], [135.48881020088774, 34.97312514532224], [135.4935956954313, 34.972334479605344], [135.49824340910888, 34.972220347986166], [135.49920070781772, 34.97233350733322], [135.50248176858986, 34.97289433714158], [135.50535363527325, 34.973797143714734], [135.5112329633983, 34.97649896061463], [135.51438414936905, 34.97828832530962]]}}, {"type": "Feature", "id": "5235-893", "properties": {"Major_Code": "2", "Legend_J": "実在断層", "Legend_E": "confirmed fault", "styleidx": 3, "name": "confirmed fault", "source": "GSJ Seamless Geological Map V2 · 2025-07-18", "url": "https://gsj-seamless.jp/seamless/use.html"}, "geometry": {"type": "LineString", "coordinates": [[135.51493528066158, 34.977197365949166], [135.5156022216995, 34.97568443736169]]}}, {"type": "Feature", "id": "5235-894", "properties": {"Major_Code": "2", "Legend_J": "実在断層", "Legend_E": "confirmed fault", "styleidx": 3, "name": "confirmed fault", "source": "GSJ Seamless Geological Map V2 · 2025-07-18", "url": "https://gsj-seamless.jp/seamless/use.html"}, "geometry": {"type": "LineString", "coordinates": [[135.5156022216995, 34.97568443736169], [135.51755528408512, 34.971752111830895], [135.51806080292258, 34.97048779421168]]}}, {"type": "Feature", "id": "5235-899", "properties": {"Major_Code": "2", "Legend_J": "実在断層", "Legend_E": "confirmed fault", "styleidx": 3, "name": "confirmed fault", "source": "GSJ Seamless Geological Map V2 · 2025-07-18", "url": "https://gsj-seamless.jp/seamless/use.html"}, "geometry": {"type": "LineString", "coordinates": [[135.58354106909326, 34.96485138895075], [135.5835430072752, 34.96483560663494], [135.5836318190083, 34.964319055388366], [135.58366715703724, 34.96408449586616]]}}, {"type": "Feature", "id": "5235-909", "properties": {"Major_Code": "2", "Legend_J": "実在断層", "Legend_E": "confirmed fault", "styleidx": 3, "name": "confirmed fault", "source": "GSJ Seamless Geological Map V2 · 2025-07-18", "url": "https://gsj-seamless.jp/seamless/use.html"}, "geometry": {"type": "LineString", "coordinates": [[135.58354106909326, 34.96485138895075], [135.57944355608916, 34.96539657593378], [135.5742489221625, 34.96540152156888], [135.5728816922128, 34.965178242046804], [135.56754861589383, 34.963716366847336], [135.56399342706322, 34.96248021722671], [135.56248942836785, 34.96225521430446], [135.5600291640467, 34.96248320515822], [135.55688655046143, 34.96372629771511], [135.55429075090586, 34.96541976413927], [135.5503278157165, 34.96734038521301], [135.54349559387552, 34.971293434708215], [135.5406254202858, 34.97253485859564], [135.53789122495368, 34.97332709317215], [135.5342002511147, 34.97378101643584], [135.53203702989947, 34.97364875661115], [135.529531947314, 34.97367124432657], [135.52517706981973, 34.973672594220815], [135.52380987550413, 34.973899514892395], [135.5225795331262, 34.974351188805514], [135.52206136975514, 34.9747791336314]]}}, {"type": "Feature", "id": "5235-912", "properties": {"Major_Code": "2", "Legend_J": "実在断層", "Legend_E": "confirmed fault", "styleidx": 3, "name": "confirmed fault", "source": "GSJ Seamless Geological Map V2 · 2025-07-18", "url": "https://gsj-seamless.jp/seamless/use.html"}, "geometry": {"type": "LineString", "coordinates": [[135.36918957049878, 34.97941586752859], [135.36808111652005, 34.97930215753233], [135.36561639228742, 34.97905294029908]]}}, {"type": "Feature", "id": "5235-918", "properties": {"Major_Code": "2", "Legend_J": "実在断層", "Legend_E": "confirmed fault", "styleidx": 3, "name": "confirmed fault", "source": "GSJ Seamless Geological Map V2 · 2025-07-18", "url": "https://gsj-seamless.jp/seamless/use.html"}, "geometry": {"type": "LineString", "coordinates": [[135.36620479400764, 34.97547435049832], [135.36659869347386, 34.97267392305505], [135.36686759502686, 34.971219393458455], [135.36718063066883, 34.96872121478475]]}}, {"type": "Feature", "id": "5235-919", "properties": {"Major_Code": "2", "Legend_J": "実在断層", "Legend_E": "confirmed fault", "styleidx": 3, "name": "confirmed fault", "source": "GSJ Seamless Geological Map V2 · 2025-07-18", "url": "https://gsj-seamless.jp/seamless/use.html"}, "geometry": {"type": "LineString", "coordinates": [[135.50293729648763, 35.0], [135.5033091048077, 34.999397341211704], [135.50467569327373, 34.99714002117966], [135.5050177430354, 34.9960702762623]]}}, {"type": "Feature", "id": "5235-925", "properties": {"Major_Code": "2", "Legend_J": "実在断層", "Legend_E": "confirmed fault", "styleidx": 3, "name": "confirmed fault", "source": "GSJ Seamless Geological Map V2 · 2025-07-18", "url": "https://gsj-seamless.jp/seamless/use.html"}, "geometry": {"type": "LineString", "coordinates": [[135.39688772983058, 34.97475261272824], [135.3944735844826, 34.97582226582331], [135.39214861418276, 34.976499415284884], [135.38900323811828, 34.97705979792846], [135.38326008044794, 34.97762183765549], [135.3807991996522, 34.9776208210041], [135.38022827803766, 34.97757985547891]]}}, {"type": "Feature", "id": "5235-926", "properties": {"Major_Code": "2", "Legend_J": "実在断層", "Legend_E": "confirmed fault", "styleidx": 3, "name": "confirmed fault", "source": "GSJ Seamless Geological Map V2 · 2025-07-18", "url": "https://gsj-seamless.jp/seamless/use.html"}, "geometry": {"type": "LineString", "coordinates": [[135.45904401435274, 34.98039346263408], [135.45558572820357, 34.98124976814964], [135.45121014197983, 34.981814246549845], [135.4450575596077, 34.98192776364876], [135.44040901777518, 34.98147417332062], [135.43986211444846, 34.98158890484073]]}}, {"type": "Feature", "id": "5235-927", "properties": {"Major_Code": "2", "Legend_J": "実在断層", "Legend_E": "confirmed fault", "styleidx": 3, "name": "confirmed fault", "source": "GSJ Seamless Geological Map V2 · 2025-07-18", "url": "https://gsj-seamless.jp/seamless/use.html"}, "geometry": {"type": "LineString", "coordinates": [[135.580611262014, 34.99202127050948], [135.5806092972601, 34.992034805498704], [135.5805929111998, 34.99214080828205]]}}, {"type": "Feature", "id": "5235-928", "properties": {"Major_Code": "2", "Legend_J": "実在断層", "Legend_E": "confirmed fault", "styleidx": 3, "name": "confirmed fault", "source": "GSJ Seamless Geological Map V2 · 2025-07-18", "url": "https://gsj-seamless.jp/seamless/use.html"}, "geometry": {"type": "LineString", "coordinates": [[135.36365577878564, 34.989615735754896], [135.3638766097881, 34.988422804201534], [135.36506895451816, 34.98245785434046], [135.3651138150492, 34.982223318677214], [135.36531202127875, 34.980868180100394]]}}, {"type": "Feature", "id": "5235-931", "properties": {"Major_Code": "2", "Legend_J": "実在断層", "Legend_E": "confirmed fault", "styleidx": 3, "name": "confirmed fault", "source": "GSJ Seamless Geological Map V2 · 2025-07-18", "url": "https://gsj-seamless.jp/seamless/use.html"}, "geometry": {"type": "LineString", "coordinates": [[135.52206136975514, 34.9747791336314], [135.52412038038122, 34.97616978416249], [135.52570536778495, 34.977468045819954], [135.52641004868462, 34.978070978757664]]}}, {"type": "Feature", "id": "5235-936", "properties": {"Major_Code": "2", "Legend_J": "実在断層", "Legend_E": "confirmed fault", "styleidx": 3, "name": "confirmed fault", "source": "GSJ Seamless Geological Map V2 · 2025-07-18", "url": "https://gsj-seamless.jp/seamless/use.html"}, "geometry": {"type": "LineString", "coordinates": [[135.5805929111998, 34.99214080828205], [135.58016720909822, 34.99494204762662]]}}, {"type": "Feature", "id": "5235-937", "properties": {"Major_Code": "2", "Legend_J": "実在断層", "Legend_E": "confirmed fault", "styleidx": 3, "name": "confirmed fault", "source": "GSJ Seamless Geological Map V2 · 2025-07-18", "url": "https://gsj-seamless.jp/seamless/use.html"}, "geometry": {"type": "LineString", "coordinates": [[135.50648594605155, 34.99376742215489], [135.50686243051763, 34.99296797515429], [135.51041586943276, 34.98687657027273], [135.51296537007926, 34.98132804922761], [135.5134976722703, 34.98028676066424]]}}, {"type": "Feature", "id": "5235-949", "properties": {"Major_Code": "2", "Legend_J": "実在断層", "Legend_E": "confirmed fault", "styleidx": 3, "name": "confirmed fault", "source": "GSJ Seamless Geological Map V2 · 2025-07-18", "url": "https://gsj-seamless.jp/seamless/use.html"}, "geometry": {"type": "LineString", "coordinates": [[135.5809990920737, 34.988791995096186], [135.58099582437762, 34.98881455064482], [135.580611262014, 34.99202127050948]]}}, {"type": "Feature", "id": "5235-950", "properties": {"Major_Code": "2", "Legend_J": "実在断層", "Legend_E": "confirmed fault", "styleidx": 3, "name": "confirmed fault", "source": "GSJ Seamless Geological Map V2 · 2025-07-18", "url": "https://gsj-seamless.jp/seamless/use.html"}, "geometry": {"type": "LineString", "coordinates": [[135.36531202127875, 34.980868180100394], [135.36531601123102, 34.98084112483366], [135.36561639228742, 34.97905294029908]]}}, {"type": "Feature", "id": "5235-952", "properties": {"Major_Code": "2", "Legend_J": "実在断層", "Legend_E": "confirmed fault", "styleidx": 3, "name": "confirmed fault", "source": "GSJ Seamless Geological Map V2 · 2025-07-18", "url": "https://gsj-seamless.jp/seamless/use.html"}, "geometry": {"type": "LineString", "coordinates": [[135.47040524641412, 34.976954591598684], [135.47066413808258, 34.97699412890296], [135.47143751471722, 34.97713302650544], [135.4718742108919, 34.977149320265916], [135.4725846778941, 34.977173523946576], [135.47472813313433, 34.97707478276948], [135.47664242954943, 34.97662533958618], [135.4806073599662, 34.97515786192226], [135.4827422266864, 34.97463980674458], [135.48317751649273, 34.974532105367246]]}}, {"type": "Feature", "id": "5235-956", "properties": {"Major_Code": "2", "Legend_J": "実在断層", "Legend_E": "confirmed fault", "styleidx": 3, "name": "confirmed fault", "source": "GSJ Seamless Geological Map V2 · 2025-07-18", "url": "https://gsj-seamless.jp/seamless/use.html"}, "geometry": {"type": "LineString", "coordinates": [[135.52139754239377, 34.96393948047793], [135.52189103558578, 34.96307411395193], [135.523666295243, 34.960140883983684], [135.52393250650485, 34.959706982341785], [135.52412395856874, 34.959464982036124]]}}, {"type": "Feature", "id": "5235-958", "properties": {"Major_Code": "2", "Legend_J": "実在断層", "Legend_E": "confirmed fault", "styleidx": 3, "name": "confirmed fault", "source": "GSJ Seamless Geological Map V2 · 2025-07-18", "url": "https://gsj-seamless.jp/seamless/use.html"}, "geometry": {"type": "LineString", "coordinates": [[135.58160986011234, 34.981653619021586], [135.5818074416624, 34.97983162092936], [135.58182614415458, 34.97976391053021]]}}, {"type": "Feature", "id": "5235-961", "properties": {"Major_Code": "2", "Legend_J": "実在断層", "Legend_E": "confirmed fault", "styleidx": 3, "name": "confirmed fault", "source": "GSJ Seamless Geological Map V2 · 2025-07-18", "url": "https://gsj-seamless.jp/seamless/use.html"}, "geometry": {"type": "LineString", "coordinates": [[135.58016720909822, 34.99494204762662], [135.5801443265772, 34.99509767233815], [135.5798938350994, 34.99760055300149]]}}, {"type": "Feature", "id": "5235-963", "properties": {"Major_Code": "2", "Legend_J": "実在断層", "Legend_E": "confirmed fault", "styleidx": 3, "name": "confirmed fault", "source": "GSJ Seamless Geological Map V2 · 2025-07-18", "url": "https://gsj-seamless.jp/seamless/use.html"}, "geometry": {"type": "LineString", "coordinates": [[135.5268161329765, 34.978335114169425], [135.5287593679043, 34.980127898971816], [135.53104020343648, 34.982312778346575], [135.53359164657414, 34.98478264198765], [135.53545069722472, 34.986422522940636]]}}, {"type": "Feature", "id": "5235-964", "properties": {"Major_Code": "2", "Legend_J": "実在断層", "Legend_E": "confirmed fault", "styleidx": 3, "name": "confirmed fault", "source": "GSJ Seamless Geological Map V2 · 2025-07-18", "url": "https://gsj-seamless.jp/seamless/use.html"}, "geometry": {"type": "LineString", "coordinates": [[135.51438414936905, 34.97828832530962], [135.5143935864367, 34.978265752898835], [135.51493528066158, 34.977197365949166]]}}, {"type": "Feature", "id": "5235-968", "properties": {"Major_Code": "2", "Legend_J": "実在断層", "Legend_E": "confirmed fault", "styleidx": 3, "name": "confirmed fault", "source": "GSJ Seamless Geological Map V2 · 2025-07-18", "url": "https://gsj-seamless.jp/seamless/use.html"}, "geometry": {"type": "LineString", "coordinates": [[135.36718063066883, 34.96872121478475], [135.36727715222204, 34.96776756189317], [135.36727790422105, 34.967461048637674], [135.36810667171054, 34.96092021438932], [135.3681410856982, 34.960807415159806]]}}, {"type": "Feature", "id": "5235-969", "properties": {"Major_Code": "2", "Legend_J": "実在断層", "Legend_E": "confirmed fault", "styleidx": 3, "name": "confirmed fault", "source": "GSJ Seamless Geological Map V2 · 2025-07-18", "url": "https://gsj-seamless.jp/seamless/use.html"}, "geometry": {"type": "LineString", "coordinates": [[135.52206136975514, 34.9747791336314], [135.51752329589976, 34.9785270736334], [135.5161041100225, 34.97922742694101], [135.51501966058657, 34.979606274828654], [135.5141020371471, 34.9798469035377], [135.5134976722703, 34.98028676066424]]}}, {"type": "Feature", "id": "5235-970", "properties": {"Major_Code": "2", "Legend_J": "実在断層", "Legend_E": "confirmed fault", "styleidx": 3, "name": "confirmed fault", "source": "GSJ Seamless Geological Map V2 · 2025-07-18", "url": "https://gsj-seamless.jp/seamless/use.html"}, "geometry": {"type": "LineString", "coordinates": [[135.5134976722703, 34.98028676066424], [135.5138101510281, 34.97967463620379], [135.51438414936905, 34.97828832530962]]}}, {"type": "Feature", "id": "5235-976", "properties": {"Major_Code": "2", "Legend_J": "実在断層", "Legend_E": "confirmed fault", "styleidx": 3, "name": "confirmed fault", "source": "GSJ Seamless Geological Map V2 · 2025-07-18", "url": "https://gsj-seamless.jp/seamless/use.html"}, "geometry": {"type": "LineString", "coordinates": [[135.58120665842128, 34.98512863005189], [135.58141930922127, 34.98270705482125]]}}, {"type": "Feature", "id": "5235-987", "properties": {"Major_Code": "2", "Legend_J": "実在断層", "Legend_E": "confirmed fault", "styleidx": 3, "name": "confirmed fault", "source": "GSJ Seamless Geological Map V2 · 2025-07-18", "url": "https://gsj-seamless.jp/seamless/use.html"}, "geometry": {"type": "LineString", "coordinates": [[135.52432224541514, 35.0], [135.53134378174468, 34.99836661031294], [135.5357196316289, 34.99768656147819], [135.53722415942502, 34.997686510273454], [135.53821699965843, 34.9975197344897]]}}]}