{"type": "FeatureCollection", "features": [{"type": "Feature", "id": "176-02-0-0", "properties": {"name": "176-02 高槻活動セグメント", "source": "AIST active-fault download · internal snapshot label 150219-2; retrieved 2026-10-09", "url": "https://gbank.gsj.jp/activefault/cgi-bin/segment_param.cgi?SearchTYPE=&fval_type1=176-02&segment_id=176-02&topic_list=2&search_mode=0"}, "geometry": {"type": "LineString", "coordinates": [[135.4524146788, 34.8274877467], [135.4579971584, 34.828343778], [135.4610028649, 34.8291987499], [135.4685172037, 34.8291989238], [135.4768904379, 34.83005402], [135.4846206923, 34.831978979], [135.4964295661, 34.8345449593], [135.5045888193, 34.8354000508], [135.5131770347, 34.8362561521], [135.5200464452, 34.8358273604], [135.5247690299, 34.8358264701], [135.5307804721, 34.8366825117], [135.5348600915, 34.8373235331], [135.5423744235, 34.8375366832]]}}, {"type": "Feature", "id": "176-02-1-0", "properties": {"name": "176-02 高槻活動セグメント", "source": "AIST active-fault download · internal snapshot label 150219-2; retrieved 2026-10-09", "url": "https://gbank.gsj.jp/activefault/cgi-bin/segment_param.cgi?SearchTYPE=&fval_type1=176-02&segment_id=176-02&topic_list=2&search_mode=0"}, "geometry": {"type": "LineString", "coordinates": [[135.6, 34.84823824680761], [135.5855873698545, 34.84854724307265], [135.5788822588356, 34.84659577320159], [135.5634831768722, 34.84264133809882], [135.5512903069945, 34.83639379491723], [135.5449811474352, 34.83529467765521], [135.5362706215371, 34.83290350609228], [135.5271250418, 34.8294072584], [135.5189677372, 34.8300499957], [135.512529245, 34.8317626506]]}}, {"type": "Feature", "id": "176-02-2-0", "properties": {"name": "176-02 高槻活動セグメント", "source": "AIST active-fault download · internal snapshot label 150219-2; retrieved 2026-10-09", "url": "https://gbank.gsj.jp/activefault/cgi-bin/segment_param.cgi?SearchTYPE=&fval_type1=176-02&segment_id=176-02&topic_list=2&search_mode=0"}, "geometry": {"type": "LineString", "coordinates": [[135.6, 34.85450797769935], [135.5924049754784, 34.85368498995795], [135.5893691154233, 34.85243807708973], [135.5871867619321, 34.85214252386572], [135.5842279602614, 34.85176274794215], [135.5797158503043, 34.85123553956917], [135.5783866332212, 34.84936244943998], [135.5758940987, 34.8485941981], [135.5699556307, 34.8483030933], [135.5592447348, 34.8435503876], [135.5552521521, 34.8416105166], [135.5514555091, 34.840931506], [135.5357829136, 34.8401572307], [135.5322782516, 34.8392842491], [135.5301364499, 34.8389932326]]}}, {"type": "Feature", "id": "176-03-0-0", "properties": {"name": "176-03 馬場活動セグメント", "source": "AIST active-fault download · internal snapshot label 150219-2; retrieved 2026-10-09", "url": "https://gbank.gsj.jp/activefault/cgi-bin/segment_param.cgi?SearchTYPE=&fval_type1=176-03&segment_id=176-03&topic_list=2&search_mode=0"}, "geometry": {"type": "LineString", "coordinates": [[135.5284388815, 34.8600057912], [135.5325194494, 34.8621456413], [135.5381038486, 34.8653544041], [135.54798376, 34.8717728998], [135.5516353803, 34.8734847889], [135.5604404594, 34.8777635044], [135.5666697723, 34.8818281845], [135.5795573457, 34.8903855058], [135.5832089365, 34.8929532972], [135.5920159712, 34.8985158661]]}}, {"type": "Feature", "id": "176-04-0-0", "properties": {"name": "176-04 箕面活動セグメント", "source": "AIST active-fault download · internal snapshot label 150219-2; retrieved 2026-10-09", "url": "https://gbank.gsj.jp/activefault/cgi-bin/segment_param.cgi?SearchTYPE=&fval_type1=176-04&segment_id=176-04&topic_list=2&search_mode=0"}, "geometry": {"type": "LineString", "coordinates": [[135.4723135108, 34.8397358071], [135.4800166406, 34.8453803402], [135.4883406946, 34.8516418172], [135.4932101548, 34.8549055569], [135.4965747806, 34.8571983728]]}}, {"type": "Feature", "id": "176-04-1-0", "properties": {"name": "176-04 箕面活動セグメント", "source": "AIST active-fault download · internal snapshot label 150219-2; retrieved 2026-10-09", "url": "https://gbank.gsj.jp/activefault/cgi-bin/segment_param.cgi?SearchTYPE=&fval_type1=176-04&segment_id=176-04&topic_list=2&search_mode=0"}, "geometry": {"type": "LineString", "coordinates": [[135.546081832, 34.9037661968], [135.5432471872, 34.900678484], [135.537665938, 34.8930942218], [135.5302258855, 34.8845390273], [135.5266842725, 34.8823341972], [135.5251774684, 34.8804813741], [135.5218118912, 34.8767777195], [135.5154356512, 34.8709562372], [135.5095913101, 34.8667235856], [135.5023301507, 34.8608140928], [135.4947140526, 34.8540236926], [135.4911705389, 34.8489071955], [135.4852343409, 34.84070499570001]]}}, {"type": "Feature", "id": "176-05-0-0", "properties": {"name": "176-05 五月山活動セグメント", "source": "AIST active-fault download · internal snapshot label 150219-2; retrieved 2026-10-09", "url": "https://gbank.gsj.jp/activefault/cgi-bin/segment_param.cgi?SearchTYPE=&fval_type1=176-05&segment_id=176-05&topic_list=2&search_mode=0"}, "geometry": {"type": "LineString", "coordinates": [[135.4287566359, 34.8311577797], [135.4359898098, 34.8367253104], [135.4387304386, 34.84054593690001], [135.4401572052, 34.8437116079]]}}, {"type": "Feature", "id": "176-05-1-0", "properties": {"name": "176-05 五月山活動セグメント", "source": "AIST active-fault download · internal snapshot label 150219-2; retrieved 2026-10-09", "url": "https://gbank.gsj.jp/activefault/cgi-bin/segment_param.cgi?SearchTYPE=&fval_type1=176-05&segment_id=176-05&topic_list=2&search_mode=0"}, "geometry": {"type": "LineString", "coordinates": [[135.4293083868, 34.8370531183], [135.4339128217, 34.8417466881], [135.4384053297, 34.8445844675], [135.4445416557, 34.8485141602], [135.4488171195, 34.8532077224], [135.4547402484, 34.863468686], [135.4601154401, 34.8732936867], [135.4639519496, 34.8777682638], [135.4706400515, 34.8868283824], [135.4809457152, 34.89938218510001], [135.4855520707, 34.9063684927], [135.4889496633, 34.9095332094], [135.4976086469, 34.916956561]]}}, {"type": "Feature", "id": "176-06-0-0", "properties": {"name": "176-06 伊丹活動セグメント", "source": "AIST active-fault download · internal snapshot label 150219-2; retrieved 2026-10-09", "url": "https://gbank.gsj.jp/activefault/cgi-bin/segment_param.cgi?SearchTYPE=&fval_type1=176-06&segment_id=176-06&topic_list=2&search_mode=0"}, "geometry": {"type": "LineString", "coordinates": [[135.3791409536, 34.773668206], [135.3851904186, 34.7737473365], [135.3907578906, 34.7748723363], [135.3945504834, 34.7770431757], [135.4033466004, 34.7802590112], [135.4137555347, 34.7846797462], [135.4202108877, 34.7870106289], [135.4270711669, 34.7904673923], [135.4353022954, 34.7948080865], [135.4423244892, 34.8003556148], [135.4463627142748, 34.80534056325646], [135.4486420203251, 34.8088491688526], [135.4501464505758, 34.80963756796164], [135.4550287641379, 34.81077807552597], [135.4592136877473, 34.81136158515474], [135.461083811138, 34.81209593072267], [135.4670390881413, 34.81639846182657], [135.4719445883214, 34.82030068175486], [135.4749104404912, 34.8211577687124], [135.4781499478915, 34.82219681144022], [135.4818206531197, 34.82437844300239], [135.4913281120698, 34.82771099339287], [135.4959348561799, 34.82962448922979], [135.5027710941, 34.8320293939], [135.5055138282, 34.8327523749]]}}, {"type": "Feature", "id": "176-06-1-0", "properties": {"name": "176-06 伊丹活動セグメント", "source": "AIST active-fault download · internal snapshot label 150219-2; retrieved 2026-10-09", "url": "https://gbank.gsj.jp/activefault/cgi-bin/segment_param.cgi?SearchTYPE=&fval_type1=176-06&segment_id=176-06&topic_list=2&search_mode=0"}, "geometry": {"type": "LineString", "coordinates": [[135.4326453379, 34.8004373817], [135.4367599377, 34.8015623482], [135.4412794636, 34.8038131954], [135.4443451584, 34.8048581469]]}}, {"type": "Feature", "id": "176-06-2-0", "properties": {"name": "176-06 伊丹活動セグメント", "source": "AIST active-fault download · internal snapshot label 150219-2; retrieved 2026-10-09", "url": "https://gbank.gsj.jp/activefault/cgi-bin/segment_param.cgi?SearchTYPE=&fval_type1=176-06&segment_id=176-06&topic_list=2&search_mode=0"}, "geometry": {"type": "LineString", "coordinates": [[135.4247165324774, 34.79784880531875], [135.426139962125, 34.79807638606821], [135.4277635044052, 34.79833510017051]]}}, {"type": "Feature", "id": "176-06-3-0", "properties": {"name": "176-06 伊丹活動セグメント", "source": "AIST active-fault download · internal snapshot label 150219-2; retrieved 2026-10-09", "url": "https://gbank.gsj.jp/activefault/cgi-bin/segment_param.cgi?SearchTYPE=&fval_type1=176-06&segment_id=176-06&topic_list=2&search_mode=0"}, "geometry": {"type": "LineString", "coordinates": [[135.3988807054306, 34.7875493754559], [135.4042374995591, 34.79128823760655], [135.4080152951302, 34.79315754979694], [135.411354517695, 34.79445279929678], [135.4126384126125, 34.79479819143597]]}}, {"type": "Feature", "id": "176-06-4-0", "properties": {"name": "176-06 伊丹活動セグメント", "source": "AIST active-fault download · internal snapshot label 150219-2; retrieved 2026-10-09", "url": "https://gbank.gsj.jp/activefault/cgi-bin/segment_param.cgi?SearchTYPE=&fval_type1=176-06&segment_id=176-06&topic_list=2&search_mode=0"}, "geometry": {"type": "LineString", "coordinates": [[135.3820172694508, 34.7839877475735], [135.3849370742875, 34.78547694323575], [135.3889622725982, 34.78715512532923], [135.3919180885378, 34.78774817544205], [135.3938053676065, 34.78735486955589]]}}, {"type": "Feature", "id": "176-06-5-0", "properties": {"name": "176-06 伊丹活動セグメント", "source": "AIST active-fault download · internal snapshot label 150219-2; retrieved 2026-10-09", "url": "https://gbank.gsj.jp/activefault/cgi-bin/segment_param.cgi?SearchTYPE=&fval_type1=176-06&segment_id=176-06&topic_list=2&search_mode=0"}, "geometry": {"type": "LineString", "coordinates": [[135.3764887676, 34.7860497296], [135.3792614967276, 34.78660894829339], [135.3826573484652, 34.78776857853628], [135.3853776196198, 34.78906197334543], [135.3886106584553, 34.78931420042841], [135.3905812530732, 34.79001288665207]]}}, {"type": "Feature", "id": "176-06-6-0", "properties": {"name": "176-06 伊丹活動セグメント", "source": "AIST active-fault download · internal snapshot label 150219-2; retrieved 2026-10-09", "url": "https://gbank.gsj.jp/activefault/cgi-bin/segment_param.cgi?SearchTYPE=&fval_type1=176-06&segment_id=176-06&topic_list=2&search_mode=0"}, "geometry": {"type": "LineString", "coordinates": [[135.3687415883, 34.7819500196], [135.3709193721, 34.7826739871], [135.3739050822, 34.7834769641]]}}, {"type": "Feature", "id": "176-06-7-0", "properties": {"name": "176-06 伊丹活動セグメント", "source": "AIST active-fault download · internal snapshot label 150219-2; retrieved 2026-10-09", "url": "https://gbank.gsj.jp/activefault/cgi-bin/segment_param.cgi?SearchTYPE=&fval_type1=176-06&segment_id=176-06&topic_list=2&search_mode=0"}, "geometry": {"type": "LineString", "coordinates": [[135.3668086196, 34.7860505063], [135.3692293684, 34.7871764334], [135.3707622253, 34.7874174412], [135.3719721188, 34.7874174691]]}}, {"type": "Feature", "id": "176-07-0-0", "properties": {"name": "176-07 六甲山活動セグメント", "source": "AIST active-fault download · internal snapshot label 150219-2; retrieved 2026-10-09", "url": "https://gbank.gsj.jp/activefault/cgi-bin/segment_param.cgi?SearchTYPE=&fval_type1=176-07&segment_id=176-07&topic_list=2&search_mode=0"}, "geometry": {"type": "LineString", "coordinates": [[135.1491852640875, 34.68893168909496], [135.1518704413724, 34.69112053554721], [135.1582242435223, 34.6954489217942], [135.1630802207956, 34.69873676170907], [135.1677062114801, 34.70160948389522], [135.1775023489256, 34.70654885745095], [135.1853623821361, 34.70970158157149], [135.1945443935371, 34.71395423784361], [135.1992989616532, 34.71590038773068], [135.2113201754971, 34.72181147098805], [135.2166035600557, 34.7248752061946], [135.2246855979445, 34.73283852917373], [135.2313620813651, 34.73624088544419], [135.2374516313838, 34.7374455396018], [135.2432100783, 34.7393789989], [135.2490474215, 34.7436176483], [135.2564665395, 34.7504010431], [135.2642525516, 34.7593641971], [135.2726464608, 34.7697811988], [135.2799465111, 34.7788663278], [135.2879745257, 34.7871025705]]}}, {"type": "Feature", "id": "176-07-1-0", "properties": {"name": "176-07 六甲山活動セグメント", "source": "AIST active-fault download · internal snapshot label 150219-2; retrieved 2026-10-09", "url": "https://gbank.gsj.jp/activefault/cgi-bin/segment_param.cgi?SearchTYPE=&fval_type1=176-07&segment_id=176-07&topic_list=2&search_mode=0"}, "geometry": {"type": "LineString", "coordinates": [[135.1805151167, 34.6942437219], [135.1898181753023, 34.70216249689401], [135.1982294565842, 34.70796009295255], [135.2072640093075, 34.71488971783571], [135.2146117159131, 34.71948402896867], [135.2226754141, 34.7237103192], [135.2257633142701, 34.72524393915332], [135.2277661547626, 34.72726477256313], [135.2310115048, 34.728917915]]}}, {"type": "Feature", "id": "176-07-2-0", "properties": {"name": "176-07 六甲山活動セグメント", "source": "AIST active-fault download · internal snapshot label 150219-2; retrieved 2026-10-09", "url": "https://gbank.gsj.jp/activefault/cgi-bin/segment_param.cgi?SearchTYPE=&fval_type1=176-07&segment_id=176-07&topic_list=2&search_mode=0"}, "geometry": {"type": "LineString", "coordinates": [[135.1446066889, 34.6820332968], [135.1486683131, 34.6825723279], [135.1525959038, 34.6844612018], [135.1557115435, 34.6870249799], [135.1601810504, 34.6899927429], [135.1655984873, 34.6925555738], [135.1726388129, 34.6941745497], [135.1782893079, 34.69439065420001], [135.1805151167, 34.6942437219]]}}, {"type": "Feature", "id": "176-07-3-0", "properties": {"name": "176-07 六甲山活動セグメント", "source": "AIST active-fault download · internal snapshot label 150219-2; retrieved 2026-10-09", "url": "https://gbank.gsj.jp/activefault/cgi-bin/segment_param.cgi?SearchTYPE=&fval_type1=176-07&segment_id=176-07&topic_list=2&search_mode=0"}, "geometry": {"type": "LineString", "coordinates": [[135.1278861706, 34.6518593632], [135.1316356491, 34.6575837947], [135.1338223383, 34.6611214404], [135.1359071129, 34.6623713451], [135.1389308325, 34.6627903662], [135.1405996924, 34.662583428], [135.1427894821, 34.6631054183], [135.1467500358, 34.6660211755], [135.1544523848858, 34.67337171493515], [135.1569175096139, 34.67918000464522], [135.165424168757, 34.68526706560438], [135.1805151167, 34.6942437219]]}}, {"type": "Feature", "id": "176-07-4-0", "properties": {"name": "176-07 六甲山活動セグメント", "source": "AIST active-fault download · internal snapshot label 150219-2; retrieved 2026-10-09", "url": "https://gbank.gsj.jp/activefault/cgi-bin/segment_param.cgi?SearchTYPE=&fval_type1=176-07&segment_id=176-07&topic_list=2&search_mode=0"}, "geometry": {"type": "LineString", "coordinates": [[135.0822237947, 34.6338243833], [135.08368159, 34.6361141549], [135.0893068758, 34.6426715337], [135.0944112039, 34.6493328888], [135.0999293809, 34.6594258612], [135.1022200436, 34.6634834497], [135.1052385587, 34.6700387693], [135.1060164229, 34.672051557], [135.1084551494, 34.6738054121], [135.1122448109, 34.6739404831], [135.1167133856, 34.6748844772], [135.1241616346, 34.6777173233], [135.1301190646, 34.6790663051], [135.1353985859, 34.6794703794], [135.1397311817, 34.6801444013]]}}, {"type": "Feature", "id": "176-07-5-0", "properties": {"name": "176-07 六甲山活動セグメント", "source": "AIST active-fault download · internal snapshot label 150219-2; retrieved 2026-10-09", "url": "https://gbank.gsj.jp/activefault/cgi-bin/segment_param.cgi?SearchTYPE=&fval_type1=176-07&segment_id=176-07&topic_list=2&search_mode=0"}, "geometry": {"type": "LineString", "coordinates": [[135.2585056225, 34.7426069809], [135.2673115924, 34.7501623194], [135.275168673, 34.7569077287], [135.2800460751, 34.76190027000001], [135.2850594605, 34.7670267991]]}}, {"type": "Feature", "id": "176-07-6-0", "properties": {"name": "176-07 六甲山活動セグメント", "source": "AIST active-fault download · internal snapshot label 150219-2; retrieved 2026-10-09", "url": "https://gbank.gsj.jp/activefault/cgi-bin/segment_param.cgi?SearchTYPE=&fval_type1=176-07&segment_id=176-07&topic_list=2&search_mode=0"}, "geometry": {"type": "LineString", "coordinates": [[135.2192935915139, 34.71808953441886], [135.2226566087761, 34.72103262496628], [135.2270586370346, 34.72333980319492], [135.2318339482779, 34.72592250583563], [135.2363323336249, 34.72948403007098], [135.2429230798397, 34.73221113951828], [135.2479417755, 34.7359964941], [135.2539030324, 34.7424718907], [135.2666394788, 34.7552897178], [135.273141715, 34.7609562193], [135.2791020262, 34.765812801], [135.2845223393, 34.7720192159], [135.2917024745, 34.7788995943], [135.2995605453, 34.7859159727], [135.3070116335, 34.7934712802]]}}, {"type": "Feature", "id": "176-07-7-0", "properties": {"name": "176-07 六甲山活動セグメント", "source": "AIST active-fault download · internal snapshot label 150219-2; retrieved 2026-10-09", "url": "https://gbank.gsj.jp/activefault/cgi-bin/segment_param.cgi?SearchTYPE=&fval_type1=176-07&segment_id=176-07&topic_list=2&search_mode=0"}, "geometry": {"type": "LineString", "coordinates": [[135.1195512244, 34.6422842671], [135.1248666242, 34.6462409363], [135.1290351388, 34.6497806269], [135.1301809788, 34.651549451]]}}, {"type": "Feature", "id": "176-07-8-0", "properties": {"name": "176-07 六甲山活動セグメント", "source": "AIST active-fault download · internal snapshot label 150219-2; retrieved 2026-10-09", "url": "https://gbank.gsj.jp/activefault/cgi-bin/segment_param.cgi?SearchTYPE=&fval_type1=176-07&segment_id=176-07&topic_list=2&search_mode=0"}, "geometry": {"type": "LineString", "coordinates": [[135.1112100149, 34.640612268], [135.116211425, 34.6450888706], [135.1185041605, 34.6469627087], [135.1229856614, 34.6500874539]]}}, {"type": "Feature", "id": "176-07-9-0", "properties": {"name": "176-07 六甲山活動セグメント", "source": "AIST active-fault download · internal snapshot label 150219-2; retrieved 2026-10-09", "url": "https://gbank.gsj.jp/activefault/cgi-bin/segment_param.cgi?SearchTYPE=&fval_type1=176-07&segment_id=176-07&topic_list=2&search_mode=0"}, "geometry": {"type": "LineString", "coordinates": [[135.0795203655, 34.62383846270001], [135.0890052941, 34.6309188697], [135.0983842249, 34.6382082505], [135.0997390535, 34.639769103], [135.1048454648, 34.6439337435], [135.1131733726461, 34.65017439035994], [135.1186818733226, 34.65167268867686], [135.1216746972873, 34.65284673501659], [135.1283681271241, 34.66259363487817], [135.1361933663433, 34.66970890107613], [135.1433849049, 34.678794639]]}}, {"type": "Feature", "id": "176-08-0-0", "properties": {"name": "176-08 東浦活動セグメント", "source": "AIST active-fault download · internal snapshot label 150219-2; retrieved 2026-10-09", "url": "https://gbank.gsj.jp/activefault/cgi-bin/segment_param.cgi?SearchTYPE=&fval_type1=176-08&segment_id=176-08&topic_list=2&search_mode=0"}, "geometry": {"type": "LineString", "coordinates": [[135.0372363599, 34.5856528633], [135.0452773694, 34.5941510753], [135.0528554503, 34.60172138280001], [135.0587327425, 34.6074388633], [135.0641471216, 34.6117654921], [135.0721912278, 34.61733103930001], [135.0766767246, 34.6205767706]]}}, {"type": "Feature", "id": "176-08-1-0", "properties": {"name": "176-08 東浦活動セグメント", "source": "AIST active-fault download · internal snapshot label 150219-2; retrieved 2026-10-09", "url": "https://gbank.gsj.jp/activefault/cgi-bin/segment_param.cgi?SearchTYPE=&fval_type1=176-08&segment_id=176-08&topic_list=2&search_mode=0"}, "geometry": {"type": "LineString", "coordinates": [[135.0158981154, 34.5592363958], [135.0210004612, 34.5654158059], [135.0245569943, 34.5700503573], [135.0281135479, 34.5740669794], [135.0312051218, 34.5787005204], [135.0339887639, 34.5820991954], [135.035998515, 34.5842629939]]}}, {"type": "Feature", "id": "176-08-2-0", "properties": {"name": "176-08 東浦活動セグメント", "source": "AIST active-fault download · internal snapshot label 150219-2; retrieved 2026-10-09", "url": "https://gbank.gsj.jp/activefault/cgi-bin/segment_param.cgi?SearchTYPE=&fval_type1=176-08&segment_id=176-08&topic_list=2&search_mode=0"}, "geometry": {"type": "LineString", "coordinates": [[135.0008979787, 34.5428599256], [135.0056903521, 34.5490393287], [135.0103297696, 34.5542918341], [135.0128044646, 34.5569185903]]}}, {"type": "Feature", "id": "176-08-3-0", "properties": {"name": "176-08 東浦活動セグメント", "source": "AIST active-fault download · internal snapshot label 150219-2; retrieved 2026-10-09", "url": "https://gbank.gsj.jp/activefault/cgi-bin/segment_param.cgi?SearchTYPE=&fval_type1=176-08&segment_id=176-08&topic_list=2&search_mode=0"}, "geometry": {"type": "LineString", "coordinates": [[135.0039822727, 34.5559834971], [135.0084656885, 34.5616989461], [135.0138759406, 34.5698861338], [135.016504576, 34.5739017348], [135.0188211824, 34.5796151349]]}}, {"type": "Feature", "id": "176-08-4-0", "properties": {"name": "176-08 東浦活動セグメント", "source": "AIST active-fault download · internal snapshot label 150219-2; retrieved 2026-10-09", "url": "https://gbank.gsj.jp/activefault/cgi-bin/segment_param.cgi?SearchTYPE=&fval_type1=176-08&segment_id=176-08&topic_list=2&search_mode=0"}, "geometry": {"type": "LineString", "coordinates": [[134.9751513153, 34.54078058], [134.9830504461, 34.54602516], [134.9876959399, 34.5489559305], [134.9926533654, 34.5531215672], [135.0031861668, 34.5612988721], [135.007688624, 34.5657124701]]}}, {"type": "Feature", "id": "176-08-5-0", "properties": {"name": "176-08 東浦活動セグメント", "source": "AIST active-fault download · internal snapshot label 150219-2; retrieved 2026-10-09", "url": "https://gbank.gsj.jp/activefault/cgi-bin/segment_param.cgi?SearchTYPE=&fval_type1=176-08&segment_id=176-08&topic_list=2&search_mode=0"}, "geometry": {"type": "LineString", "coordinates": [[134.9831727205, 34.5071246034], [134.9862770904, 34.5179294404], [134.9898435622, 34.5244107814], [134.9907753322, 34.5288872915], [134.9931038771, 34.5364504808], [134.9968262328, 34.5460194726]]}}, {"type": "Feature", "id": "176-08-6-0", "properties": {"name": "176-08 東浦活動セグメント", "source": "AIST active-fault download · internal snapshot label 150219-2; retrieved 2026-10-09", "url": "https://gbank.gsj.jp/activefault/cgi-bin/segment_param.cgi?SearchTYPE=&fval_type1=176-08&segment_id=176-08&topic_list=2&search_mode=0"}, "geometry": {"type": "LineString", "coordinates": [[134.9573393227, 34.5275126918], [134.9649265423, 34.5309054761], [134.9720498078, 34.5341442675], [134.9739085983, 34.5355321511], [134.9768522421, 34.538463883], [134.9780911125, 34.5390808406]]}}, {"type": "Feature", "id": "176-08-7-0", "properties": {"name": "176-08 東浦活動セグメント", "source": "AIST active-fault download · internal snapshot label 150219-2; retrieved 2026-10-09", "url": "https://gbank.gsj.jp/activefault/cgi-bin/segment_param.cgi?SearchTYPE=&fval_type1=176-08&segment_id=176-08&topic_list=2&search_mode=0"}, "geometry": {"type": "LineString", "coordinates": [[134.9379380862, 34.4651573701], [134.9433604514, 34.4699399468], [134.9461491145, 34.4727176929], [134.9504875344, 34.4787361041], [134.9537440138, 34.4858353676], [134.9574635185, 34.4909278705], [134.9604071678, 34.4937046202], [134.9627337848, 34.4991070562], [134.9656774238, 34.5021927706], [134.9704779197, 34.5046605975], [134.974040494, 34.5080552906], [134.9759031517, 34.5134567162], [134.9765278418, 34.5211748494], [134.9766895726, 34.52889297200001]]}}, {"type": "Feature", "id": "176-08-8-0", "properties": {"name": "176-08 東浦活動セグメント", "source": "AIST active-fault download · internal snapshot label 150219-2; retrieved 2026-10-09", "url": "https://gbank.gsj.jp/activefault/cgi-bin/segment_param.cgi?SearchTYPE=&fval_type1=176-08&segment_id=176-08&topic_list=2&search_mode=0"}, "geometry": {"type": "LineString", "coordinates": [[134.9198190162, 34.4549771228], [134.9226076895, 34.4574459041], [134.9269442012, 34.4606856323], [134.9317456618, 34.4642333358], [134.9374779794, 34.469633849]]}}, {"type": "Feature", "id": "176-08-9-0", "properties": {"name": "176-08 東浦活動セグメント", "source": "AIST active-fault download · internal snapshot label 150219-2; retrieved 2026-10-09", "url": "https://gbank.gsj.jp/activefault/cgi-bin/segment_param.cgi?SearchTYPE=&fval_type1=176-08&segment_id=176-08&topic_list=2&search_mode=0"}, "geometry": {"type": "LineString", "coordinates": [[134.9280463832, 34.482605156], [134.9330047535, 34.4884685988], [134.9402877766, 34.4986536008], [134.9423034922, 34.5018942765], [134.9457149373, 34.5096114727], [134.9478846394, 34.5128521518], [134.9523771113, 34.5168637954], [134.9588814264, 34.5202565551], [134.9673985031, 34.525501149], [134.9757625829, 34.5310547042], [134.9796351092, 34.5350663339], [134.9864522588, 34.5426276249]]}}, {"type": "Feature", "id": "176-08-10-0", "properties": {"name": "176-08 東浦活動セグメント", "source": "AIST active-fault download · internal snapshot label 150219-2; retrieved 2026-10-09", "url": "https://gbank.gsj.jp/activefault/cgi-bin/segment_param.cgi?SearchTYPE=&fval_type1=176-08&segment_id=176-08&topic_list=2&search_mode=0"}, "geometry": {"type": "LineString", "coordinates": [[134.8972180618, 34.4532888061], [134.9018655208, 34.4573004531], [134.9075987675, 34.4648617196], [134.9127121194, 34.4708801481], [134.917514529, 34.4759716754], [134.9210780882, 34.4798293156], [134.9252625369, 34.485384776], [134.9308398221, 34.492174127], [134.9351782926, 34.4966487143], [134.9368830459, 34.499581418]]}}, {"type": "Feature", "id": "176-09-0-0", "properties": {"name": "176-09 北淡活動セグメント", "source": "AIST active-fault download · internal snapshot label 150219-2; retrieved 2026-10-09", "url": "https://gbank.gsj.jp/activefault/cgi-bin/segment_param.cgi?SearchTYPE=&fval_type1=176-09&segment_id=176-09&topic_list=2&search_mode=0"}, "geometry": {"type": "LineString", "coordinates": [[135.0044184766107, 34.60986623700563], [135.0111093573036, 34.61129855570319], [135.0135565754, 34.6118863289], [135.0210518897, 34.6126404129], [135.0236216596, 34.6127504587], [135.0288681864, 34.6130755407], [135.0331517982, 34.613399601], [135.0362630992361, 34.61398523092996], [135.0388262589, 34.6145795951], [135.0414980384125, 34.61534228077647], [135.0439647492, 34.616293516], [135.0473904153, 34.6172574838], [135.0496391922, 34.6180074492], [135.0521009397, 34.6190773829], [135.053813771, 34.6196123607], [135.0583103568, 34.6201514014], [135.06163005, 34.6205814278], [135.0661276501, 34.6206925174], [135.069874295, 34.6214435168], [135.0713741557, 34.6216585264]]}}, {"type": "Feature", "id": "176-09-1-0", "properties": {"name": "176-09 北淡活動セグメント", "source": "AIST active-fault download · internal snapshot label 150219-2; retrieved 2026-10-09", "url": "https://gbank.gsj.jp/activefault/cgi-bin/segment_param.cgi?SearchTYPE=&fval_type1=176-09&segment_id=176-09&topic_list=2&search_mode=0"}, "geometry": {"type": "LineString", "coordinates": [[134.9459134195, 34.5550652871], [134.9512129559391, 34.56190955126631], [134.9557568711936, 34.56819468592972], [134.9657568757348, 34.58091455925469], [134.9730862132328, 34.59032035761246], [134.9770833607383, 34.59413835664792], [134.9829891325815, 34.59880833357539], [134.9893779778, 34.6037127142], [134.9945648359066, 34.60751903069947], [135.0008364999653, 34.60891088653835]]}}, {"type": "Feature", "id": "176-09-2-0", "properties": {"name": "176-09 北淡活動セグメント", "source": "AIST active-fault download · internal snapshot label 150219-2; retrieved 2026-10-09", "url": "https://gbank.gsj.jp/activefault/cgi-bin/segment_param.cgi?SearchTYPE=&fval_type1=176-09&segment_id=176-09&topic_list=2&search_mode=0"}, "geometry": {"type": "LineString", "coordinates": [[134.9332103558, 34.5303248253], [134.9366608613, 34.536098244], [134.9390075547, 34.5391209519], [134.9405243802, 34.5403578449]]}}, {"type": "Feature", "id": "176-09-3-0", "properties": {"name": "176-09 北淡活動セグメント", "source": "AIST active-fault download · internal snapshot label 150219-2; retrieved 2026-10-09", "url": "https://gbank.gsj.jp/activefault/cgi-bin/segment_param.cgi?SearchTYPE=&fval_type1=176-09&segment_id=176-09&topic_list=2&search_mode=0"}, "geometry": {"type": "LineString", "coordinates": [[134.8957107464, 34.5277292748], [134.8990399635749, 34.52908091762023], [134.9055246418876, 34.53143529658448], [134.9120829027877, 34.53395905613399], [134.9275216064128, 34.54366813365477], [134.9334124665357, 34.54681969058535], [134.9459134195, 34.5550652871]]}}, {"type": "Feature", "id": "176-09-4-0", "properties": {"name": "176-09 北淡活動セグメント", "source": "AIST active-fault download · internal snapshot label 150219-2; retrieved 2026-10-09", "url": "https://gbank.gsj.jp/activefault/cgi-bin/segment_param.cgi?SearchTYPE=&fval_type1=176-09&segment_id=176-09&topic_list=2&search_mode=0"}, "geometry": {"type": "LineString", "coordinates": [[134.9096133454, 34.5027024462], [134.909894117, 34.5088887463], [134.9108629139, 34.51246336], [134.9158293223, 34.5171349387], [134.9205216778, 34.5241442444], [134.9270078343, 34.5323904493], [134.9293535414, 34.5350012041], [134.9337680345, 34.5385738959], [134.9388724577, 34.542420572], [134.9431479901, 34.54516835490001], [134.9443907989, 34.5476421005], [134.9459134195, 34.5550652871]]}}, {"type": "Feature", "id": "176-10-0-0", "properties": {"name": "176-10 西宮活動セグメント", "source": "AIST active-fault download · internal snapshot label 150219-2; retrieved 2026-10-09", "url": "https://gbank.gsj.jp/activefault/cgi-bin/segment_param.cgi?SearchTYPE=&fval_type1=176-10&segment_id=176-10&topic_list=2&search_mode=0"}, "geometry": {"type": "LineString", "coordinates": [[135.3046982288, 34.7226353242], [135.3125903698, 34.727514948], [135.3165378944, 34.7313106051], [135.321302347, 34.7351062809], [135.3258394038772, 34.73746227266068], [135.3296010669648, 34.73891060401995], [135.3366396094211, 34.74297949166775], [135.3402826832435, 34.74929238818365], [135.3444439290196, 34.75197443441468], [135.3482214066718, 34.75239536776949], [135.35256722886, 34.75522034971055], [135.3544546693296, 34.7602323057178], [135.3541103044401, 34.76305055609296], [135.3552768990678, 34.76461855933396], [135.3577815580926, 34.76618569594549], [135.3605829775879, 34.77029846498788], [135.3612770313398, 34.77170855707974]]}}, {"type": "Feature", "id": "176-10-1-0", "properties": {"name": "176-10 西宮活動セグメント", "source": "AIST active-fault download · internal snapshot label 150219-2; retrieved 2026-10-09", "url": "https://gbank.gsj.jp/activefault/cgi-bin/segment_param.cgi?SearchTYPE=&fval_type1=176-10&segment_id=176-10&topic_list=2&search_mode=0"}, "geometry": {"type": "LineString", "coordinates": [[135.3325837032793, 34.75077268220381], [135.3372402542522, 34.752715302533], [135.3454165977956, 34.75737291606873], [135.3485768815022, 34.7593096548005]]}}, {"type": "Feature", "id": "176-10-2-0", "properties": {"name": "176-10 西宮活動セグメント", "source": "AIST active-fault download · internal snapshot label 150219-2; retrieved 2026-10-09", "url": "https://gbank.gsj.jp/activefault/cgi-bin/segment_param.cgi?SearchTYPE=&fval_type1=176-10&segment_id=176-10&topic_list=2&search_mode=0"}, "geometry": {"type": "LineString", "coordinates": [[135.3458380056, 34.7996344697], [135.3511513666709, 34.79643376467925], [135.3516506883519, 34.79451485459045], [135.3506862780636, 34.79127887740287], [135.3524935304594, 34.78918981128118], [135.3527644532831, 34.78751257427096], [135.3523846161577, 34.7845124654245], [135.3542782202395, 34.78024989968827]]}}, {"type": "Feature", "id": "176-10-3-0", "properties": {"name": "176-10 西宮活動セグメント", "source": "AIST active-fault download · internal snapshot label 150219-2; retrieved 2026-10-09", "url": "https://gbank.gsj.jp/activefault/cgi-bin/segment_param.cgi?SearchTYPE=&fval_type1=176-10&segment_id=176-10&topic_list=2&search_mode=0"}, "geometry": {"type": "LineString", "coordinates": [[135.339589216, 34.8096661785], [135.3406752168, 34.8068195291], [135.3403993835, 34.8026170033], [135.3399856495, 34.7958387689], [135.3403917239, 34.7925851503], [135.3409318141, 34.7885176278]]}}, {"type": "Feature", "id": "176-10-4-0", "properties": {"name": "176-10 西宮活動セグメント", "source": "AIST active-fault download · internal snapshot label 150219-2; retrieved 2026-10-09", "url": "https://gbank.gsj.jp/activefault/cgi-bin/segment_param.cgi?SearchTYPE=&fval_type1=176-10&segment_id=176-10&topic_list=2&search_mode=0"}, "geometry": {"type": "LineString", "coordinates": [[135.3139367780098, 34.76242391511834], [135.3164631299943, 34.76554849590455], [135.3188625215464, 34.76853124449978], [135.3224023452965, 34.77247438200677]]}}, {"type": "Feature", "id": "176-10-5-0", "properties": {"name": "176-10 西宮活動セグメント", "source": "AIST active-fault download · internal snapshot label 150219-2; retrieved 2026-10-09", "url": "https://gbank.gsj.jp/activefault/cgi-bin/segment_param.cgi?SearchTYPE=&fval_type1=176-10&segment_id=176-10&topic_list=2&search_mode=0"}, "geometry": {"type": "LineString", "coordinates": [[135.3251371627553, 34.7606628555945], [135.3285086534213, 34.7611152264461], [135.33192929168, 34.76424988282713], [135.3359597245239, 34.76827923342484]]}}, {"type": "Feature", "id": "176-10-6-0", "properties": {"name": "176-10 西宮活動セグメント", "source": "AIST active-fault download · internal snapshot label 150219-2; retrieved 2026-10-09", "url": "https://gbank.gsj.jp/activefault/cgi-bin/segment_param.cgi?SearchTYPE=&fval_type1=176-10&segment_id=176-10&topic_list=2&search_mode=0"}, "geometry": {"type": "LineString", "coordinates": [[135.312335697, 34.7481215873], [135.3176411751, 34.7497475235], [135.3211788271, 34.750831481], [135.3266410103187, 34.75258074641694], [135.3286697455456, 34.75509104549928], [135.3336282312379, 34.75784475318209], [135.3366063401751, 34.76059556393222], [135.3390713414336, 34.7631126298847], [135.3417574499032, 34.76619251865166], [135.3451199706474, 34.7695846199071], [135.3466299088, 34.7708937738], [135.3506527675675, 34.7737833912412], [135.3539790785, 34.7763153234], [135.3557356575595, 34.7829346460664], [135.3576626928871, 34.78712411374968]]}}, {"type": "Feature", "id": "176-10-7-0", "properties": {"name": "176-10 西宮活動セグメント", "source": "AIST active-fault download · internal snapshot label 150219-2; retrieved 2026-10-09", "url": "https://gbank.gsj.jp/activefault/cgi-bin/segment_param.cgi?SearchTYPE=&fval_type1=176-10&segment_id=176-10&topic_list=2&search_mode=0"}, "geometry": {"type": "LineString", "coordinates": [[135.2792868367559, 34.72999627856071], [135.2828526803929, 34.72997386467467], [135.2875550584384, 34.73182741193095], [135.2914374746074, 34.73232354536162], [135.2951886088, 34.7361925565], [135.2970933909, 34.7376834299], [135.2999501211, 34.7382254336], [135.3048466855, 34.7383615306], [135.3079763826, 34.7391745096], [135.3127379041, 34.7409364178], [135.3160035572, 34.7426982915], [135.3241696188, 34.7492047357]]}}, {"type": "Feature", "id": "176-10-8-0", "properties": {"name": "176-10 西宮活動セグメント", "source": "AIST active-fault download · internal snapshot label 150219-2; retrieved 2026-10-09", "url": "https://gbank.gsj.jp/activefault/cgi-bin/segment_param.cgi?SearchTYPE=&fval_type1=176-10&segment_id=176-10&topic_list=2&search_mode=0"}, "geometry": {"type": "LineString", "coordinates": [[135.232789876886, 34.72324600628129], [135.2359968957409, 34.72329652310363], [135.2397733365001, 34.72454873290854], [135.2456918906836, 34.72352329064777], [135.2509746368926, 34.72469846278842], [135.2575061684, 34.729011512], [135.2596839401, 34.7300954381], [135.265804383, 34.7306375166], [135.2768223947, 34.7311787077], [135.2840317372, 34.7318557958], [135.2882492974, 34.73388866040001], [135.2931487381, 34.7376843392], [135.2995489049, 34.74568257210001], [135.3062209882, 34.7554426099], [135.3089455835, 34.7603231147], [135.3105822471, 34.7660165015], [135.3115409016, 34.7737436402], [135.3118186297, 34.7810648095], [135.3120925231, 34.7835045369], [135.3135893638, 34.7843174784], [135.3190318249, 34.7860794022], [135.3255641121, 34.7901460876], [135.3284217871, 34.7923149054], [135.330328532, 34.7948906548], [135.3311502118, 34.8022108366]]}}, {"type": "Feature", "id": "176-10-9-0", "properties": {"name": "176-10 西宮活動セグメント", "source": "AIST active-fault download · internal snapshot label 150219-2; retrieved 2026-10-09", "url": "https://gbank.gsj.jp/activefault/cgi-bin/segment_param.cgi?SearchTYPE=&fval_type1=176-10&segment_id=176-10&topic_list=2&search_mode=0"}, "geometry": {"type": "LineString", "coordinates": [[135.254907981, 34.7116584355], [135.2615723852, 34.7119295574], [135.265246039, 34.7126065643], [135.2674228246, 34.7132845368]]}}, {"type": "Feature", "id": "176-10-10-0", "properties": {"name": "176-10 西宮活動セグメント", "source": "AIST active-fault download · internal snapshot label 150219-2; retrieved 2026-10-09", "url": "https://gbank.gsj.jp/activefault/cgi-bin/segment_param.cgi?SearchTYPE=&fval_type1=176-10&segment_id=176-10&topic_list=2&search_mode=0"}, "geometry": {"type": "LineString", "coordinates": [[135.2215673674214, 34.70217670021005], [135.2269282980403, 34.70396526069423], [135.230973570815, 34.70582378172928], [135.2336860089, 34.706915491], [135.2378756915338, 34.70857318517969], [135.244297947, 34.7107103006], [135.2466107252, 34.7112522917], [135.2520512416, 34.711387401]]}}, {"type": "Feature", "id": "176-10-11-0", "properties": {"name": "176-10 西宮活動セグメント", "source": "AIST active-fault download · internal snapshot label 150219-2; retrieved 2026-10-09", "url": "https://gbank.gsj.jp/activefault/cgi-bin/segment_param.cgi?SearchTYPE=&fval_type1=176-10&segment_id=176-10&topic_list=2&search_mode=0"}, "geometry": {"type": "LineString", "coordinates": [[135.2217195091263, 34.70805731563681], [135.2243981836564, 34.70970296963137], [135.2257782079191, 34.7117681708087], [135.2276659735477, 34.71402169594507], [135.2312589531672, 34.71547875469725], [135.2343924065553, 34.71707176745573], [135.240274269746, 34.7183211325494], [135.2441049277529, 34.7191226896792], [135.2476438887719, 34.72082319341841], [135.2503329624266, 34.72309540145916]]}}, {"type": "Feature", "id": "176-10-12-0", "properties": {"name": "176-10 西宮活動セグメント", "source": "AIST active-fault download · internal snapshot label 150219-2; retrieved 2026-10-09", "url": "https://gbank.gsj.jp/activefault/cgi-bin/segment_param.cgi?SearchTYPE=&fval_type1=176-10&segment_id=176-10&topic_list=2&search_mode=0"}, "geometry": {"type": "LineString", "coordinates": [[135.2015826195284, 34.69921073608779], [135.2048099047061, 34.70013037777427], [135.2082474082, 34.7021734502], [135.2112401083, 34.7032573949], [135.213810464978, 34.70432131557035], [135.215820030862, 34.70491922527717], [135.2172209493781, 34.7052832892017], [135.217700404698, 34.7054483163056]]}}, {"type": "Feature", "id": "176-10-13-0", "properties": {"name": "176-10 西宮活動セグメント", "source": "AIST active-fault download · internal snapshot label 150219-2; retrieved 2026-10-09", "url": "https://gbank.gsj.jp/activefault/cgi-bin/segment_param.cgi?SearchTYPE=&fval_type1=176-10&segment_id=176-10&topic_list=2&search_mode=0"}, "geometry": {"type": "LineString", "coordinates": [[135.1784873557027, 34.68492681764408], [135.1833479075361, 34.688139350599], [135.1862305091296, 34.68956616769531], [135.1887856112733, 34.69105339269822], [135.191729626501, 34.69375431299566], [135.1960155768513, 34.69656108560202], [135.1985134519298, 34.69765828452167]]}}, {"type": "Feature", "id": "176-10-14-0", "properties": {"name": "176-10 西宮活動セグメント", "source": "AIST active-fault download · internal snapshot label 150219-2; retrieved 2026-10-09", "url": "https://gbank.gsj.jp/activefault/cgi-bin/segment_param.cgi?SearchTYPE=&fval_type1=176-10&segment_id=176-10&topic_list=2&search_mode=0"}, "geometry": {"type": "LineString", "coordinates": [[135.1719077186636, 34.68022703363614], [135.1770809244383, 34.68323350384816]]}}, {"type": "Feature", "id": "176-11-0-0", "properties": {"name": "176-11 川西活動セグメント", "source": "AIST active-fault download · internal snapshot label 150219-2; retrieved 2026-10-09", "url": "https://gbank.gsj.jp/activefault/cgi-bin/segment_param.cgi?SearchTYPE=&fval_type1=176-11&segment_id=176-11&topic_list=2&search_mode=0"}, "geometry": {"type": "LineString", "coordinates": [[135.3412329316, 34.81378674510001], [135.3477403778, 34.8132169603], [135.3523089562, 34.8137860006], [135.358133397, 34.8151509789], [135.3617880289, 34.816516907], [135.3668135632, 34.8171989449], [135.374921803, 34.818563976]]}}, {"type": "Feature", "id": "176-11-1-0", "properties": {"name": "176-11 川西活動セグメント", "source": "AIST active-fault download · internal snapshot label 150219-2; retrieved 2026-10-09", "url": "https://gbank.gsj.jp/activefault/cgi-bin/segment_param.cgi?SearchTYPE=&fval_type1=176-11&segment_id=176-11&topic_list=2&search_mode=0"}, "geometry": {"type": "LineString", "coordinates": [[135.3912983667626, 34.81471154665051], [135.3940747723171, 34.8156816436219], [135.3976794888191, 34.81852238844842], [135.4014067437814, 34.82081964427254], [135.404982893195, 34.82186907436936], [135.4086432231512, 34.82326940211816]]}}, {"type": "Feature", "id": "176-11-2-0", "properties": {"name": "176-11 川西活動セグメント", "source": "AIST active-fault download · internal snapshot label 150219-2; retrieved 2026-10-09", "url": "https://gbank.gsj.jp/activefault/cgi-bin/segment_param.cgi?SearchTYPE=&fval_type1=176-11&segment_id=176-11&topic_list=2&search_mode=0"}, "geometry": {"type": "LineString", "coordinates": [[135.4479008376, 34.8344908415], [135.4531562627, 34.8377915857], [135.4596675928, 34.84063641120001], [135.4626363161, 34.8410914279]]}}, {"type": "Feature", "id": "176-11-3-0", "properties": {"name": "176-11 川西活動セグメント", "source": "AIST active-fault download · internal snapshot label 150219-2; retrieved 2026-10-09", "url": "https://gbank.gsj.jp/activefault/cgi-bin/segment_param.cgi?SearchTYPE=&fval_type1=176-11&segment_id=176-11&topic_list=2&search_mode=0"}, "geometry": {"type": "LineString", "coordinates": [[135.502379575, 34.8482575297], [135.5051213027, 34.8491684891], [135.5110587727, 34.8493956009], [135.515398391, 34.8493947017]]}}, {"type": "Feature", "id": "176-11-4-0", "properties": {"name": "176-11 川西活動セグメント", "source": "AIST active-fault download · internal snapshot label 150219-2; retrieved 2026-10-09", "url": "https://gbank.gsj.jp/activefault/cgi-bin/segment_param.cgi?SearchTYPE=&fval_type1=176-11&segment_id=176-11&topic_list=2&search_mode=0"}, "geometry": {"type": "LineString", "coordinates": [[135.2733392823, 34.8028674307], [135.2801336664, 34.8033785285], [135.2883558938, 34.804800555], [135.2953802114, 34.806677502], [135.3079439871, 34.8101483942], [135.3193069129, 34.8123094088], [135.3279870693, 34.8146413421], [135.332212674, 34.8153243613], [135.3384370756, 34.8168033357], [135.3434616235, 34.817087419], [135.3505989737, 34.8177125121], [135.3637317651, 34.8192476395], [135.3705271358, 34.8201576923], [135.3761226316, 34.8204987824], [135.3834342907969, 34.82063203778015], [135.3864567024, 34.82106695600001], [135.3899537973939, 34.82229974596185], [135.3950959692212, 34.82369038602542], [135.4037687456182, 34.82519366368452], [135.4080857117887, 34.82553325941542], [135.4113683135716, 34.82480260605281], [135.41957836001, 34.82564017010128], [135.4251711012, 34.8267542003], [135.4296246822, 34.8275502123], [135.434623047399, 34.82908041083155], [135.4424754021833, 34.83064932357046], [135.4477053638251, 34.83134209193152], [135.4521869676375, 34.83227945865594], [135.4586339144, 34.8338641616], [135.4634304536, 34.8350021426], [135.4727946026, 34.8357982684], [135.4809028563, 34.8367643458], [135.4833016239, 34.8373903298], [135.4912968061, 34.8407471313], [135.4939245323, 34.8419990491], [135.4992350225, 34.8432500292], [135.5095700823, 34.8441601649], [135.5204760842, 34.84529728790001], [135.5236727992, 34.8454103491], [135.5265275637, 34.8449554674]]}}, {"type": "Feature", "id": "176-11-5-0", "properties": {"name": "176-11 川西活動セグメント", "source": "AIST active-fault download · internal snapshot label 150219-2; retrieved 2026-10-09", "url": "https://gbank.gsj.jp/activefault/cgi-bin/segment_param.cgi?SearchTYPE=&fval_type1=176-11&segment_id=176-11&topic_list=2&search_mode=0"}, "geometry": {"type": "LineString", "coordinates": [[135.2563769713, 34.7971206981], [135.2647731218, 34.8003635201], [135.2669998929, 34.8013314606], [135.2733392823, 34.8028674307]]}}, {"type": "Feature", "id": "176-11-6-0", "properties": {"name": "176-11 川西活動セグメント", "source": "AIST active-fault download · internal snapshot label 150219-2; retrieved 2026-10-09", "url": "https://gbank.gsj.jp/activefault/cgi-bin/segment_param.cgi?SearchTYPE=&fval_type1=176-11&segment_id=176-11&topic_list=2&search_mode=0"}, "geometry": {"type": "LineString", "coordinates": [[135.2522131941, 34.8013891141], [135.2586646043, 34.8020151908], [135.2675147975, 34.8028103033], [135.2733392823, 34.8028674307]]}}, {"type": "Feature", "id": "178-01-0-0", "properties": {"name": "178-01 上町活動セグメント", "source": "AIST active-fault download · internal snapshot label 150219-2; retrieved 2026-10-09", "url": "https://gbank.gsj.jp/activefault/cgi-bin/segment_param.cgi?SearchTYPE=&fval_type1=178-01&segment_id=178-01&topic_list=2&search_mode=0"}, "geometry": {"type": "LineString", "coordinates": [[135.5239227108723, 34.64559402287638], [135.524152018044, 34.64607824141154], [135.5244340256878, 34.64680357017315], [135.5247499511801, 34.64785419424002], [135.5251186110396, 34.64906760460195], [135.5255395296653, 34.65052804581006], [135.5260488540566, 34.65217062495499], [135.5265581981803, 34.65381320169483], [135.5271561524081, 34.65560392117923], [135.5277008920662, 34.65732053043406], [135.5282810922431, 34.65909639466533], [135.5288070994221, 34.66067252453777]]}}, {"type": "Feature", "id": "178-01-1-0", "properties": {"name": "178-01 上町活動セグメント", "source": "AIST active-fault download · internal snapshot label 150219-2; retrieved 2026-10-09", "url": "https://gbank.gsj.jp/activefault/cgi-bin/segment_param.cgi?SearchTYPE=&fval_type1=178-01&segment_id=178-01&topic_list=2&search_mode=0"}, "geometry": {"type": "LineString", "coordinates": [[135.5198152801969, 34.63518302403314], [135.51993781144, 34.63564169258984], [135.5201673793006, 34.63614512274679], [135.5205025400817, 34.63694457157298], [135.5209274578064, 34.63768525122865], [135.5214407756328, 34.63860363857977], [135.5217769763746, 34.63922572545496], [135.5220235147762, 34.63989180056044], [135.5223384524094, 34.64110501001571], [135.5226712092647, 34.64226619399208]]}}, {"type": "Feature", "id": "178-01-2-0", "properties": {"name": "178-01 上町活動セグメント", "source": "AIST active-fault download · internal snapshot label 150219-2; retrieved 2026-10-09", "url": "https://gbank.gsj.jp/activefault/cgi-bin/segment_param.cgi?SearchTYPE=&fval_type1=178-01&segment_id=178-01&topic_list=2&search_mode=0"}, "geometry": {"type": "LineString", "coordinates": [[135.4915989363726, 34.60786196746254], [135.4916881357705, 34.60859768476356], [135.4919542256006, 34.60980268864653]]}}, {"type": "Feature", "id": "178-01-3-0", "properties": {"name": "178-01 上町活動セグメント", "source": "AIST active-fault download · internal snapshot label 150219-2; retrieved 2026-10-09", "url": "https://gbank.gsj.jp/activefault/cgi-bin/segment_param.cgi?SearchTYPE=&fval_type1=178-01&segment_id=178-01&topic_list=2&search_mode=0"}, "geometry": {"type": "LineString", "coordinates": [[135.4925686967641, 34.59608247174766], [135.492762426084, 34.59655624591574], [135.4929206803803, 34.59698553152394], [135.4930963607423, 34.59748879064638], [135.4931293242937, 34.59794711593271], [135.4931242962469, 34.59877479005484], [135.4930662749769, 34.5994987820611], [135.4930278330181, 34.59994203028827], [135.4929000204054, 34.60038490708768], [135.4926119683744, 34.60072365566843], [135.4923422378542, 34.60098857846288], [135.492036307217, 34.60132725124566], [135.4917649522083, 34.60185821061574], [135.491564100736, 34.60255204595042], [135.4914168698077, 34.60324610437358], [135.4913770653897, 34.60391104988466], [135.491353242576, 34.60467384011485]]}}, {"type": "Feature", "id": "178-01-4-0", "properties": {"name": "178-01 上町活動セグメント", "source": "AIST active-fault download · internal snapshot label 150219-2; retrieved 2026-10-09", "url": "https://gbank.gsj.jp/activefault/cgi-bin/segment_param.cgi?SearchTYPE=&fval_type1=178-01&segment_id=178-01&topic_list=2&search_mode=0"}, "geometry": {"type": "LineString", "coordinates": [[135.4761088679125, 34.55662969682409], [135.476550256957, 34.55676718231522], [135.4767993443533, 34.55693083390172], [135.477065742527, 34.55718324125045], [135.4775982665043, 34.55773239408922], [135.4781124709326, 34.55835536803942], [135.4786448247853, 34.55893407625126], [135.4793725066571, 34.55970575979521], [135.4796909160683, 34.56021556124271], [135.4798308029683, 34.56070390883559], [135.4798807193392, 34.56129533538496], [135.4799668278572, 34.56181301430954], [135.4801602245344, 34.5623163696889], [135.4803896312034, 34.56277553697776], [135.4806903208571, 34.56326456774729], [135.4808306777139, 34.56367901429724], [135.4808804189907, 34.5643000001286], [135.4810559603577, 34.56480327800924], [135.4813027862754, 34.56533641918872], [135.4816567233384, 34.56588479502671], [135.4821532324914, 34.56649289603838], [135.4825423643959, 34.56713010055706], [135.4829140926121, 34.56769332841152], [135.4831430716044, 34.56822639011574], [135.4833178117792, 34.5688626841127], [135.4834757290824, 34.56933041086433], [135.4835975111244, 34.56986301796889], [135.483647001953, 34.57052834208471], [135.4837138131007, 34.57128242132356], [135.4837095190321, 34.57197707841605], [135.483758554994, 34.57271630195422], [135.4838265561772, 34.57327824174277], [135.4839654836108, 34.57392916323347], [135.4840873664114, 34.5744469896048], [135.484209433256, 34.57493525596158], [135.484241975555, 34.57545270454637], [135.484364409748, 34.57588185097239], [135.4845404882607, 34.57630531168109], [135.484698207067, 34.57680850829578], [135.4849280422286, 34.5772085468384], [135.4852812325719, 34.5778899311037], [135.4857586038392, 34.57871964065556], [135.4861641424351, 34.5796081671125], [135.4865863778222, 34.58068890634057], [135.4868497012964, 34.58145858956958], [135.4871475895325, 34.58242056132571], [135.4873391697882, 34.58323428273837], [135.4874953029747, 34.58400055795959], [135.4876698357236, 34.58468118442081], [135.4881117083826, 34.58548117452813], [135.4884473596901, 34.58611813455136], [135.4886752461796, 34.58684332390084], [135.4888674844836, 34.58755358316938], [135.4892203880252, 34.58829407519697], [135.4896445130523, 34.58907920487166], [135.4899790161277, 34.58990829934677], [135.4901180176186, 34.59055921273445], [135.4903628998536, 34.59143227236796], [135.4908041119374, 34.59235049161995], [135.4911201358991, 34.59328296748191], [135.4914015023015, 34.59403793465308]]}}, {"type": "Feature", "id": "178-01-5-0", "properties": {"name": "178-01 上町活動セグメント", "source": "AIST active-fault download · internal snapshot label 150219-2; retrieved 2026-10-09", "url": "https://gbank.gsj.jp/activefault/cgi-bin/segment_param.cgi?SearchTYPE=&fval_type1=178-01&segment_id=178-01&topic_list=2&search_mode=0"}, "geometry": {"type": "LineString", "coordinates": [[135.4572767956825, 34.53074572790423], [135.4572805453311, 34.53095929033561], [135.4572076703415, 34.53118067246616], [135.4570442518258, 34.53159379722316], [135.4568628763829, 34.53202162226518], [135.4566448201138, 34.53259708776353], [135.4563553225427, 34.53317223480688], [135.456262950073, 34.53364479615312], [135.4561524284434, 34.53416161774116], [135.4561673090105, 34.53461987611036], [135.4562532452198, 34.53513757238871], [135.45623265613, 34.53555724374149], [135.4562629951228, 34.53638508048311], [135.4562932385118, 34.53722769706688], [135.4562512711412, 34.53818823507925], [135.4562466581417, 34.53889767280599], [135.4563491145123, 34.53962236753584], [135.4563623631878, 34.54033188462285], [135.4563226048749, 34.54095248339385], [135.4561930585004, 34.54164658413379], [135.4561000982333, 34.54220782426721], [135.4561144024803, 34.54275476170466], [135.4563066513465, 34.5434059540953], [135.4565341465502, 34.54413120484012], [135.4567621257999, 34.54478255541901], [135.457053273485, 34.54546639297052]]}}, {"type": "Feature", "id": "178-01-6-0", "properties": {"name": "178-01 上町活動セグメント", "source": "AIST active-fault download · internal snapshot label 150219-2; retrieved 2026-10-09", "url": "https://gbank.gsj.jp/activefault/cgi-bin/segment_param.cgi?SearchTYPE=&fval_type1=178-01&segment_id=178-01&topic_list=2&search_mode=0"}, "geometry": {"type": "LineString", "coordinates": [[135.4356013022601, 34.49318663442291], [135.4355660841512, 34.49347082442576], [135.4355815450316, 34.49382562711678], [135.43561326382, 34.49441699237272], [135.4356447838289, 34.49503791758091], [135.4356937574271, 34.49571804518862], [135.4357795302674, 34.49623575753987], [135.4359011668587, 34.4967299866307], [135.4360226456051, 34.49724786357815], [135.436340198833, 34.4978109864358], [135.4368529365707, 34.49855237371745], [135.43733117039, 34.49911623441731], [135.4379523287108, 34.49966597032102], [135.4387686838202, 34.50039396532419], [135.4393701508057, 34.50102214590621], [135.4397067584579, 34.50161026812129], [135.4399540284672, 34.50201047408032], [135.4404314138535, 34.50270734272208], [135.4409788383588, 34.5036114562632], [135.4414908635361, 34.50447106411133], [135.4417894444869, 34.50521145111787], [135.4419821987883, 34.5057577301685], [135.4422998237748, 34.50632083745848], [135.4426530624258, 34.50689888681461], [135.4427918607031, 34.507505518139], [135.4430728060858, 34.50821626043801], [135.4433904475418, 34.50877936482797], [135.4437439003161, 34.50932785098726], [135.4440443829574, 34.5097874124188], [135.4444156007677, 34.51035075787156], [135.4447336513548, 34.510854738775], [135.4448917959726, 34.51123974883179], [135.4452461503637, 34.51165521070896], [135.4458317429816, 34.51220474465902], [135.4465056418343, 34.51290248026558], [135.4470728102832, 34.51354060735654], [135.4474970459232, 34.51419286584258], [135.4478689497302, 34.51465865287769], [135.4481879142348, 34.51502960488695], [135.4483817939214, 34.51541477170503], [135.4485935312039, 34.51580001881032], [135.4489652924796, 34.51628945049365], [135.4493722839625, 34.5168529419726], [135.449691360598, 34.51720911007921], [135.4502246174063, 34.51758102192506], [135.4509365389135, 34.51793895423322], [135.4516139159986, 34.51811936221943], [135.452254906139, 34.5184030662781], [135.4527887618956, 34.51868628708805], [135.4532334352405, 34.51895432598115], [135.4536782079335, 34.5192075832776], [135.4543365882751, 34.51956525633885], [135.455226053378, 34.52008654136259]]}}, {"type": "Feature", "id": "178-01-7-0", "properties": {"name": "178-01 上町活動セグメント", "source": "AIST active-fault download · internal snapshot label 150219-2; retrieved 2026-10-09", "url": "https://gbank.gsj.jp/activefault/cgi-bin/segment_param.cgi?SearchTYPE=&fval_type1=178-01&segment_id=178-01&topic_list=2&search_mode=0"}, "geometry": {"type": "LineString", "coordinates": [[135.4407189681666, 34.49337045920248], [135.4405626217703, 34.49388137178703], [135.4403986254301, 34.49469639588589], [135.4402896842099, 34.49574608990942], [135.4401938826653, 34.49652391893622], [135.4401768543352, 34.49737712248464], [135.4402376301696, 34.49845103526365], [135.4403452445934, 34.49929543282384], [135.440544405433, 34.49999959866295], [135.4407314298104, 34.50082560585629], [135.441054117051, 34.50168974023778], [135.4412526010567, 34.50249704545257], [135.4413843211233, 34.5031258874949]]}}, {"type": "Feature", "id": "178-01-8-0", "properties": {"name": "178-01 上町活動セグメント", "source": "AIST active-fault download · internal snapshot label 150219-2; retrieved 2026-10-09", "url": "https://gbank.gsj.jp/activefault/cgi-bin/segment_param.cgi?SearchTYPE=&fval_type1=178-01&segment_id=178-01&topic_list=2&search_mode=0"}, "geometry": {"type": "LineString", "coordinates": [[135.4409107381351, 34.48244616226705], [135.4406824591198, 34.48271704325084], [135.4405211792624, 34.48312888166129], [135.4404055042859, 34.48349404495295], [135.4401528199185, 34.48402736185241], [135.4398765451468, 34.48470122113006], [135.4397024290536, 34.48533804116582], [135.4395965658912, 34.48592829020355], [135.4395027148975, 34.48641545008418], [135.4393743267021, 34.48698684202501], [135.43917870256, 34.48745196812178], [135.4388576148222, 34.48805060508482], [135.4385817557735, 34.488658825656], [135.4383393621468, 34.48934221319404], [135.4379835964413, 34.49004383223928], [135.4377417601624, 34.49064283039768], [135.4375550943845, 34.49145774668756], [135.4374816071748, 34.4922825603623], [135.4375337597622, 34.49294854795176], [135.4375521278539, 34.49358624977323]]}}, {"type": "Feature", "id": "178-01-9-0", "properties": {"name": "178-01 上町活動セグメント", "source": "AIST active-fault download · internal snapshot label 150219-2; retrieved 2026-10-09", "url": "https://gbank.gsj.jp/activefault/cgi-bin/segment_param.cgi?SearchTYPE=&fval_type1=178-01&segment_id=178-01&topic_list=2&search_mode=0"}, "geometry": {"type": "LineString", "coordinates": [[135.4326312403557, 34.47270307266059], [135.4327204828857, 34.47290039870265], [135.4328539985563, 34.47324795815844], [135.4330109203439, 34.47348310501276], [135.4333816302779, 34.47391615473926], [135.4336397565588, 34.47425491417596], [135.433784980279, 34.47454626631733], [135.4340321677874, 34.47482871372947], [135.4342347642991, 34.47500780997869], [135.4345953034375, 34.47527202740103], [135.435114419697, 34.47552760003264], [135.4356783864376, 34.4758490148097], [135.4361744865013, 34.47616073717542], [135.436761169394, 34.47647287500917], [135.4372007909549, 34.47676557942671], [135.4376401010424, 34.47710516457813], [135.4379097025861, 34.47742521426444], [135.4382242193626, 34.47780173030436], [135.4385046454457, 34.47819684240556], [135.4387741281964, 34.47853564311321]]}}, {"type": "Feature", "id": "178-01-10-0", "properties": {"name": "178-01 上町活動セグメント", "source": "AIST active-fault download · internal snapshot label 150219-2; retrieved 2026-10-09", "url": "https://gbank.gsj.jp/activefault/cgi-bin/segment_param.cgi?SearchTYPE=&fval_type1=178-01&segment_id=178-01&topic_list=2&search_mode=0"}, "geometry": {"type": "LineString", "coordinates": [[135.4350573128087, 34.47728078810741], [135.4352935059083, 34.47751629834986], [135.4355971937169, 34.47781775707454], [135.4358668527594, 34.47812843472082]]}}, {"type": "Feature", "id": "178-01-11-0", "properties": {"name": "178-01 上町活動セグメント", "source": "AIST active-fault download · internal snapshot label 150219-2; retrieved 2026-10-09", "url": "https://gbank.gsj.jp/activefault/cgi-bin/segment_param.cgi?SearchTYPE=&fval_type1=178-01&segment_id=178-01&topic_list=2&search_mode=0"}, "geometry": {"type": "LineString", "coordinates": [[135.4291818371347, 34.47213378354373], [135.4293168688302, 34.47225631186561], [135.4298354399481, 34.47258691833082], [135.4304540648219, 34.47318991465799], [135.4308930740682, 34.47356702962013], [135.4312079265726, 34.47388730477376], [135.4314326500656, 34.47414152262436], [135.431521700479, 34.47436697884483], [135.431576467069, 34.47463915930175], [135.4315743688175, 34.47494858226754], [135.4316403309891, 34.4752395682381], [135.4317292559516, 34.47548377718939], [135.4319200819502, 34.47572845974744], [135.4321785888684, 34.47601096345215], [135.4325618973724, 34.47625653910644], [135.4330352798363, 34.47657754541911], [135.4337007039999, 34.47696507710731], [135.4342986423067, 34.47728665560231]]}}, {"type": "Feature", "id": "178-01-12-0", "properties": {"name": "178-01 上町活動セグメント", "source": "AIST active-fault download · internal snapshot label 150219-2; retrieved 2026-10-09", "url": "https://gbank.gsj.jp/activefault/cgi-bin/segment_param.cgi?SearchTYPE=&fval_type1=178-01&segment_id=178-01&topic_list=2&search_mode=0"}, "geometry": {"type": "LineString", "coordinates": [[135.4232391987735, 34.45874963102524], [135.4234301558022, 34.45896619748281], [135.4237337987361, 34.45925830903279], [135.4240264456556, 34.45950348417807], [135.4244998299904, 34.45980577022272], [135.4249505774324, 34.46010794795451], [135.4254913116645, 34.46049493787248], [135.4259304894219, 34.46083456469008], [135.4263023261756, 34.46108948301138], [135.4269005717683, 34.46134546185633], [135.4274875006798, 34.46160138478214], [135.4279725240187, 34.46186057878671], [135.4282431269108, 34.4620212497916], [135.4286822599823, 34.46237024329695], [135.4290874989872, 34.46270970016504], [135.4293909837965, 34.4630299272201], [135.4296721485517, 34.46330316555459], [135.4300547547742, 34.4636425136109], [135.4305726393658, 34.46406688159381], [135.4309783395914, 34.46434069697865], [135.4313163085636, 34.46458606564094], [135.4317339699735, 34.46476616652159], [135.4321741478573, 34.46496512410512], [135.4327613086887, 34.46519289255885], [135.4332465213427, 34.46542956232361], [135.4336862630743, 34.46569414980545], [135.4340467608308, 34.46595836883486], [135.4343168193595, 34.46620341477242], [135.4345415321015, 34.46645762711528]]}}, {"type": "Feature", "id": "178-01-13-0", "properties": {"name": "178-01 上町活動セグメント", "source": "AIST active-fault download · internal snapshot label 150219-2; retrieved 2026-10-09", "url": "https://gbank.gsj.jp/activefault/cgi-bin/segment_param.cgi?SearchTYPE=&fval_type1=178-01&segment_id=178-01&topic_list=2&search_mode=0"}, "geometry": {"type": "LineString", "coordinates": [[135.41906437211634, 34.45], [135.4193233861989, 34.45042514840828], [135.419815190509, 34.45132765397443], [135.4202284844635, 34.45212664065626], [135.4204288723755, 34.45261330779948], [135.4207754281934, 34.45324319417478], [135.4209877753759, 34.4536380246097], [135.4212335650074, 34.45410802718156], [135.421536019044, 34.45456892059239], [135.4218153850529, 34.4550953414626], [135.4219592430314, 34.45557423716583], [135.4220691437994, 34.45605297214795], [135.4223029163881, 34.45662606013193], [135.4224907029488, 34.4573020748796], [135.4227364469499, 34.45778145080728], [135.4228471936276, 34.45813829095136], [135.4230263768481, 34.45842043984571]]}}, {"type": "Feature", "id": "178-01-14-0", "properties": {"name": "178-01 上町活動セグメント", "source": "AIST active-fault download · internal snapshot label 150219-2; retrieved 2026-10-09", "url": "https://gbank.gsj.jp/activefault/cgi-bin/segment_param.cgi?SearchTYPE=&fval_type1=178-01&segment_id=178-01&topic_list=2&search_mode=0"}, "geometry": {"type": "LineString", "coordinates": [[135.4229170689522, 34.4750644178807], [135.4232773147873, 34.47533733362563], [135.4236113973559, 34.4756257407098], [135.4239623036183, 34.47603875879588], [135.4241222116955, 34.47643841904863], [135.4241542497844, 34.47690560822871], [135.4243260745515, 34.47740418663754], [135.424640083006, 34.47774827317058], [135.4249184675387, 34.47804386581499], [135.4253659304443, 34.47829993626377], [135.4258623351276, 34.47850871563902], [135.4261218607499, 34.47873514356978], [135.4262678625796, 34.47905176296284], [135.4264398739632, 34.47946479129917]]}}, {"type": "Feature", "id": "178-01-15-0", "properties": {"name": "178-01 上町活動セグメント", "source": "AIST active-fault download · internal snapshot label 150219-2; retrieved 2026-10-09", "url": "https://gbank.gsj.jp/activefault/cgi-bin/segment_param.cgi?SearchTYPE=&fval_type1=178-01&segment_id=178-01&topic_list=2&search_mode=0"}, "geometry": {"type": "LineString", "coordinates": [[135.3997119992707, 34.45767050279333], [135.3997375047091, 34.45771579571147], [135.3998736647972, 34.45810000221712], [135.4000092774067, 34.45856091346303], [135.4001453486262, 34.45895790379036], [135.4003239695019, 34.45942838311675], [135.4004746552899, 34.45994050610067], [135.400614119102, 34.46031537043866], [135.4007737665694, 34.46067444745854], [135.4010183421274, 34.46100804557134], [135.4012700354005, 34.46140527535833], [135.4015913316308, 34.46180317102215], [135.4017641629643, 34.4621153901947], [135.4019718168012, 34.46255932401296], [135.4021842244026, 34.46291362971824], [135.4024791976402, 34.46329208181358], [135.4028903432271, 34.46362493532995], [135.4032967025053, 34.46400150813734], [135.4040633629102, 34.46472118522178], [135.4043386519028, 34.46508049552004], [135.4045197286735, 34.4655290478221], [135.4046406383465, 34.46602802628556], [135.4047299831291, 34.46648870655605], [135.4048663612867, 34.46684733904876], [135.4051149094154, 34.46724929661228], [135.4054471989202, 34.46765559455195], [135.4059070071449, 34.46811807529201], [135.4064002150284, 34.46859895503409], [135.4068841758107, 34.46898894939113], [135.4072569459491, 34.46931359536385], [135.4076864430512, 34.46969921489935], [135.4082547787165, 34.47009828974016], [135.4086855467785, 34.4703049277676], [135.4091939483103, 34.47044801664551], [135.409764186377, 34.47057861745397]]}}, {"type": "Feature", "id": "178-01-16-0", "properties": {"name": "178-01 上町活動セグメント", "source": "AIST active-fault download · internal snapshot label 150219-2; retrieved 2026-10-09", "url": "https://gbank.gsj.jp/activefault/cgi-bin/segment_param.cgi?SearchTYPE=&fval_type1=178-01&segment_id=178-01&topic_list=2&search_mode=0"}, "geometry": {"type": "LineString", "coordinates": [[135.4415896621239, 34.54030468792637], [135.4416769597501, 34.54417482308354], [135.4417270981786, 34.54961822530267], [135.4417373772571, 34.55207060152694], [135.4417986396838, 34.55419299116809], [135.4418578202047, 34.55662744530974], [135.4418905377297, 34.55737657424939], [135.4420713494487, 34.55819094334435], [135.4424428015104, 34.55940758301141], [135.4429944673567, 34.56153220837306], [135.4436184885832, 34.56412527207152]]}}, {"type": "Feature", "id": "178-01-17-0", "properties": {"name": "178-01 上町活動セグメント", "source": "AIST active-fault download · internal snapshot label 150219-2; retrieved 2026-10-09", "url": "https://gbank.gsj.jp/activefault/cgi-bin/segment_param.cgi?SearchTYPE=&fval_type1=178-01&segment_id=178-01&topic_list=2&search_mode=0"}, "geometry": {"type": "LineString", "coordinates": [[135.3926820248019, 34.45029496304125], [135.3927935153665, 34.45068438665094], [135.3929811958681, 34.45097197150698], [135.3931452252967, 34.4512246756168], [135.3934194928246, 34.45152372463618], [135.3937631986634, 34.4517773192306], [135.3941757641643, 34.45206560270658], [135.3945748418225, 34.45230801985728], [135.3949740043655, 34.45253898659279], [135.3953726740236, 34.4528386468052], [135.3956469547567, 34.45313769088835], [135.3959074160803, 34.45343666606885], [135.3960670191499, 34.45373415181123], [135.3961797228545, 34.45401048801934], [135.3963157128365, 34.45432029701529], [135.396533562428, 34.4547793538794], [135.3967933733177, 34.45516992018798], [135.397204649513, 34.45564137958536], [135.3975482191821, 34.45591786191879]]}}, {"type": "Feature", "id": "178-01-18-0", "properties": {"name": "178-01 上町活動セグメント", "source": "AIST active-fault download · internal snapshot label 150219-2; retrieved 2026-10-09", "url": "https://gbank.gsj.jp/activefault/cgi-bin/segment_param.cgi?SearchTYPE=&fval_type1=178-01&segment_id=178-01&topic_list=2&search_mode=0"}, "geometry": {"type": "LineString", "coordinates": [[135.5065212414601, 34.7173375385895], [135.5065708084531, 34.71771062643182], [135.5066086469053, 34.71821665996879], [135.5067043454768, 34.71929626004426], [135.5068202693876, 34.72040966557809], [135.5068925485486, 34.72199504977447], [135.5070208696588, 34.72361197742261]]}}, {"type": "Feature", "id": "178-01-19-0", "properties": {"name": "178-01 上町活動セグメント", "source": "AIST active-fault download · internal snapshot label 150219-2; retrieved 2026-10-09", "url": "https://gbank.gsj.jp/activefault/cgi-bin/segment_param.cgi?SearchTYPE=&fval_type1=178-01&segment_id=178-01&topic_list=2&search_mode=0"}, "geometry": {"type": "LineString", "coordinates": [[135.5036884997282, 34.71730544755587], [135.5035479189988, 34.71778265898809], [135.5033184417901, 34.71859113330401], [135.5030885578445, 34.71946705472205], [135.5029607785033, 34.72034339327136], [135.5028129786617, 34.72115219834508], [135.5027069284955, 34.72180940975416], [135.5024977543047, 34.72263482614027], [135.5023074255705, 34.72374348128533]]}}, {"type": "Feature", "id": "178-01-20-0", "properties": {"name": "178-01 上町活動セグメント", "source": "AIST active-fault download · internal snapshot label 150219-2; retrieved 2026-10-09", "url": "https://gbank.gsj.jp/activefault/cgi-bin/segment_param.cgi?SearchTYPE=&fval_type1=178-01&segment_id=178-01&topic_list=2&search_mode=0"}, "geometry": {"type": "LineString", "coordinates": [[135.51000443328, 34.69022231291675], [135.509977635802, 34.69062597491131], [135.5099124150371, 34.691300222447], [135.5097452164088, 34.69195719824201], [135.5097265697009, 34.69263356914472]]}}, {"type": "Feature", "id": "178-01-21-0", "properties": {"name": "178-01 上町活動セグメント", "source": "AIST active-fault download · internal snapshot label 150219-2; retrieved 2026-10-09", "url": "https://gbank.gsj.jp/activefault/cgi-bin/segment_param.cgi?SearchTYPE=&fval_type1=178-01&segment_id=178-01&topic_list=2&search_mode=0"}, "geometry": {"type": "LineString", "coordinates": [[135.5059983978847, 34.69211494334324], [135.5061849574038, 34.69255894430208], [135.5062826483958, 34.69295302280173], [135.5063582085098, 34.69327322854097], [135.5064188920764, 34.69386307571564]]}}, {"type": "Feature", "id": "178-01-22-0", "properties": {"name": "178-01 上町活動セグメント", "source": "AIST active-fault download · internal snapshot label 150219-2; retrieved 2026-10-09", "url": "https://gbank.gsj.jp/activefault/cgi-bin/segment_param.cgi?SearchTYPE=&fval_type1=178-01&segment_id=178-01&topic_list=2&search_mode=0"}, "geometry": {"type": "LineString", "coordinates": [[135.4919542256006, 34.60980268864653], [135.4919721565086, 34.61020747556238], [135.4919082995571, 34.61064564627773], [135.4919923755573, 34.61114063704333]]}}, {"type": "Feature", "id": "178-01-23-0", "properties": {"name": "178-01 上町活動セグメント", "source": "AIST active-fault download · internal snapshot label 150219-2; retrieved 2026-10-09", "url": "https://gbank.gsj.jp/activefault/cgi-bin/segment_param.cgi?SearchTYPE=&fval_type1=178-01&segment_id=178-01&topic_list=2&search_mode=0"}, "geometry": {"type": "LineString", "coordinates": [[135.491353242576, 34.60467384011485], [135.4913912529637, 34.60512929945531], [135.4914091791044, 34.60553408507422], [135.491527225621, 34.60624282218782], [135.4914823250638, 34.60691715454921], [135.4915198243652, 34.60745692593584], [135.4915989363726, 34.60786196746254]]}}, {"type": "Feature", "id": "178-01-24-0", "properties": {"name": "178-01 上町活動セグメント", "source": "AIST active-fault download · internal snapshot label 150219-2; retrieved 2026-10-09", "url": "https://gbank.gsj.jp/activefault/cgi-bin/segment_param.cgi?SearchTYPE=&fval_type1=178-01&segment_id=178-01&topic_list=2&search_mode=0"}, "geometry": {"type": "LineString", "coordinates": [[135.4532479168195, 34.54442017850251], [135.4534866751394, 34.54462948923508], [135.4539527482077, 34.54503628831871], [135.454438984664, 34.54547690260644], [135.4550271235146, 34.54591797034353], [135.4557372155666, 34.54641016758219]]}}, {"type": "Feature", "id": "178-01-25-0", "properties": {"name": "178-01 上町活動セグメント", "source": "AIST active-fault download · internal snapshot label 150219-2; retrieved 2026-10-09", "url": "https://gbank.gsj.jp/activefault/cgi-bin/segment_param.cgi?SearchTYPE=&fval_type1=178-01&segment_id=178-01&topic_list=2&search_mode=0"}, "geometry": {"type": "LineString", "coordinates": [[135.4368518710363, 34.521712453758], [135.4370702283887, 34.52202577529636], [135.437271127697, 34.52244828014066], [135.4375308827204, 34.52320831839133], [135.4379127723147, 34.52398578217527], [135.4385388189268, 34.52481495501483], [135.4391845737274, 34.5257453960176], [135.4396479884619, 34.52652322685172], [135.4400708878447, 34.52726714537214], [135.4404927803341, 34.52816282470501], [135.4408948690144, 34.52897409773961], [135.4416422215294, 34.52995557816075], [135.4421668086086, 34.53073368044447], [135.4426103143504, 34.53151668343985]]}}, {"type": "Feature", "id": "178-01-27-0", "properties": {"name": "178-01 上町活動セグメント", "source": "AIST active-fault download · internal snapshot label 150219-2; retrieved 2026-10-09", "url": "https://gbank.gsj.jp/activefault/cgi-bin/segment_param.cgi?SearchTYPE=&fval_type1=178-01&segment_id=178-01&topic_list=2&search_mode=0"}, "geometry": {"type": "LineString", "coordinates": [[135.3975482191821, 34.45591786191879], [135.3978121038911, 34.45611238645235], [135.3980782300199, 34.45626635746655], [135.3984546582927, 34.45645903580587], [135.3988862664907, 34.45666725036606], [135.3992618238042, 34.4569820502759], [135.3995446908455, 34.45737272400253], [135.3997119992707, 34.45767050279333]]}}, {"type": "Feature", "id": "178-01-28-0", "properties": {"name": "178-01 上町活動セグメント", "source": "AIST active-fault download · internal snapshot label 150219-2; retrieved 2026-10-09", "url": "https://gbank.gsj.jp/activefault/cgi-bin/segment_param.cgi?SearchTYPE=&fval_type1=178-01&segment_id=178-01&topic_list=2&search_mode=0"}, "geometry": {"type": "LineString", "coordinates": [[135.4651804661498, 34.58407794092642], [135.4650152748517, 34.58429014172597], [135.4643777811486, 34.58515840150568], [135.4637329908694, 34.58614620713814], [135.4631683817633, 34.58716741435178], [135.4625796271425, 34.58817015574453], [135.4620587298928, 34.58909698634052], [135.4615840076029, 34.59012080213539], [135.4612374790459, 34.59107568172937], [135.4609394318609, 34.59207299074382], [135.4606049914239, 34.59311677845248], [135.4603632951034, 34.59405450820854], [135.4600527438768, 34.5952629368786], [135.4598123716473, 34.59623551796047], [135.4597051994139, 34.59712020466699], [135.4596373650032, 34.59795749416094], [135.4596777877137, 34.59894486736761], [135.4597396140262, 34.60024204308145], [135.4598821876425, 34.60096411130814], [135.4601416865722, 34.60215342378231], [135.4606320166265, 34.60342049636523], [135.4611640527581, 34.60441004050209], [135.4619376280287, 34.60570067693949], [135.4625093154566, 34.60653847902096], [135.4632006988366, 34.60752347590772], [135.4636564712843, 34.60821284740408], [135.4642309336631, 34.60891501283416], [135.4650268253417, 34.60981453721557], [135.4657615546015, 34.61053089986583], [135.466661475932, 34.61141859459008], [135.4676967048162, 34.61250940077867], [135.4683512590864, 34.61318113108307], [135.4691982038529, 34.6140563806605], [135.4701720409645, 34.61500574293479], [135.4709246012581, 34.61571836894471], [135.4719253420355, 34.61667118356803], [135.4726941763921, 34.61727456708338], [135.473626426512, 34.61795607778393], [135.4745114987697, 34.61869544824757], [135.4754898765655, 34.61949328359459], [135.4763986752916, 34.62018822194235], [135.4771997806144, 34.62079643866452], [135.4780758802903, 34.62156973502683], [135.4787980115413, 34.62216707317331], [135.479403889336, 34.62263422109416], [135.4801494179902, 34.62323745808576], [135.4815251171126, 34.62417243441355], [135.482527642569, 34.62487353240067], [135.4845323850513, 34.62633377241517], [135.4863442130782, 34.62769817766478]]}}, {"type": "Feature", "id": "178-01-29-0", "properties": {"name": "178-01 上町活動セグメント", "source": "AIST active-fault download · internal snapshot label 150219-2; retrieved 2026-10-09", "url": "https://gbank.gsj.jp/activefault/cgi-bin/segment_param.cgi?SearchTYPE=&fval_type1=178-01&segment_id=178-01&topic_list=2&search_mode=0"}, "geometry": {"type": "LineString", "coordinates": [[135.5023074254931, 34.72374348072821], [135.5022709296045, 34.72404864107948], [135.502129176018, 34.72456327150525], [135.5019284984233, 34.72526847918222], [135.5017628278358, 34.72591658411209], [135.5015852552511, 34.72662188553641], [135.5014303903067, 34.7273940659488], [135.501356018907, 34.72823240787578], [135.5012800114239, 34.72894809160391], [135.5011375550851, 34.72957720845611], [135.5010101733345, 34.73001514218473], [135.5009617692874, 34.73037749847568], [135.500923774121, 34.7309307155506], [135.5009090059892, 34.73146494591482], [135.5008141451646, 34.73186527533001], [135.5007179637172, 34.73248504007731], [135.5006343704382, 34.73293311998862], [135.5004227912854, 34.73352378852811], [135.500235471417, 34.73392373809246], [135.5001180652318, 34.73422856524125], [135.5000348288504, 34.7346165383695], [135.499983716622, 34.7354273052329], [135.4999177124548, 34.73679138300168], [135.4998663675295, 34.73764031215302], [135.4997682167931, 34.73858445790219], [135.4997844892586, 34.73971989129159], [135.499858843909, 34.74080690443785], [135.4998175007025, 34.74191347813628], [135.4997306717118, 34.74289583322592], [135.4997467137093, 34.74406942842727], [135.4997752345203, 34.74509042048116], [135.4998731642272, 34.74610215652679], [135.4999492438816, 34.74690390319086]]}}, {"type": "Feature", "id": "178-01-30-0", "properties": {"name": "178-01 上町活動セグメント", "source": "AIST active-fault download · internal snapshot label 150219-2; retrieved 2026-10-09", "url": "https://gbank.gsj.jp/activefault/cgi-bin/segment_param.cgi?SearchTYPE=&fval_type1=178-01&segment_id=178-01&topic_list=2&search_mode=0"}, "geometry": {"type": "LineString", "coordinates": [[135.5070208698157, 34.72361197741756], [135.5070197776617, 34.72379596050842], [135.507043591465, 34.72478958933516], [135.5070676969261, 34.72573415585898], [135.5070471615647, 34.72669080742698], [135.5069517977886, 34.72773914969412], [135.5068894588274, 34.72822953037929], [135.5067515250181, 34.72894038974359], [135.5065993152092, 34.72955306445991], [135.5063277384815, 34.73025111595879], [135.5062508286737, 34.73069237376088], [135.5061870970194, 34.73141579872421], [135.5061092367367, 34.7320165081121], [135.5060144015548, 34.73297285718737], [135.5058763788731, 34.73369598039511], [135.5057836053842, 34.73430521490204], [135.5055128094756, 34.73486834319534], [135.505182067244, 34.73551708797314], [135.5048360961227, 34.73622709889066], [135.5044013373589, 34.7368754184542], [135.5040118789063, 34.73740126279787], [135.5036524251714, 34.7378781648907], [135.5033214359842, 34.7385637005787], [135.5031093817539, 34.73923745473125], [135.5027927266868, 34.74000890785434], [135.5024911448855, 34.74074362421166], [135.5021585157257, 34.7416989971179]]}}, {"type": "Feature", "id": "178-01-31-0", "properties": {"name": "178-01 上町活動セグメント", "source": "AIST active-fault download · internal snapshot label 150219-2; retrieved 2026-10-09", "url": "https://gbank.gsj.jp/activefault/cgi-bin/segment_param.cgi?SearchTYPE=&fval_type1=178-01&segment_id=178-01&topic_list=2&search_mode=0"}, "geometry": {"type": "LineString", "coordinates": [[135.5064175867102, 34.69386324644698], [135.5064173742044, 34.6944075122845], [135.5063939249168, 34.69505499565304], [135.5063878652402, 34.69607557386118], [135.5063729426279, 34.69719201153441], [135.5062499619991, 34.69834910931255], [135.5062459748228, 34.69902036173505], [135.5061994621952, 34.6998695334026], [135.5061031870736, 34.7007185032536], [135.5060230901086, 34.70163603524478], [135.5058851955773, 34.70250949477006], [135.5057546710449, 34.70314322209784], [135.505668259175, 34.70392681174009], [135.5055945272719, 34.70489755397133], [135.5054842591911, 34.70590851825287], [135.505360824459, 34.70667202305594], [135.5052162780669, 34.70759608675245], [135.5050348363281, 34.70881459080152], [135.5048832307807, 34.7098733574089], [135.5047492258358, 34.71085094121942], [135.5046313457672, 34.71161771825636], [135.5045131286301, 34.71244063439181], [135.5042618419076, 34.71336756532552], [135.5041172709931, 34.71421681210804], [135.5039078368816, 34.71513292374726], [135.5037429406038, 34.71618021114365], [135.5035778163404, 34.71726492428492]]}}, {"type": "Feature", "id": "178-01-32-0", "properties": {"name": "178-01 上町活動セグメント", "source": "AIST active-fault download · internal snapshot label 150219-2; retrieved 2026-10-09", "url": "https://gbank.gsj.jp/activefault/cgi-bin/segment_param.cgi?SearchTYPE=&fval_type1=178-01&segment_id=178-01&topic_list=2&search_mode=0"}, "geometry": {"type": "LineString", "coordinates": [[135.5097265694578, 34.69263356886954], [135.5097022579822, 34.69291417548782], [135.5096542966996, 34.69336310957475], [135.5096274461461, 34.69407411929549], [135.5096679031786, 34.6948976814823], [135.5097531232112, 34.69581499172347], [135.5097945752494, 34.69647013509622], [135.5098581336162, 34.69721893537534], [135.5099873494686, 34.69836098541024], [135.5099379519989, 34.69905319035184], [135.5098657851611, 34.69976401722079], [135.5098159442672, 34.70053107458141], [135.5097889816551, 34.70126079665345], [135.5098290014575, 34.70215921048315], [135.50986780807, 34.70326346885423], [135.5098835147047, 34.70444248847994], [135.5098322578397, 34.70544907350526], [135.5097603046576, 34.70612247322606], [135.5097323455022, 34.70702061286413], [135.5096148485333, 34.70773125622418], [135.5095884332509, 34.70836741167781], [135.5094481618562, 34.70909667661983], [135.5092631187757, 34.70973219311254], [135.509054195503, 34.7105734623358], [135.5087788328877, 34.7111524732388], [135.5084799193514, 34.7118810969943], [135.5081142343117, 34.71240360113178], [135.5076801159315, 34.71300068186562], [135.5073819626692, 34.71359831077363], [135.5071285740931, 34.71428968776888], [135.5068304121385, 34.7148873151282], [135.5066453356354, 34.71552282676365], [135.5065503508274, 34.71625227072357], [135.5065239085685, 34.7168884244032], [135.5065212405169, 34.7173375388113]]}}, {"type": "Feature", "id": "178-01-33-0", "properties": {"name": "178-01 上町活動セグメント", "source": "AIST active-fault download · internal snapshot label 150219-2; retrieved 2026-10-09", "url": "https://gbank.gsj.jp/activefault/cgi-bin/segment_param.cgi?SearchTYPE=&fval_type1=178-01&segment_id=178-01&topic_list=2&search_mode=0"}, "geometry": {"type": "LineString", "coordinates": [[135.49199237489, 34.61114063673079], [135.4920215296532, 34.6113027449199], [135.4920943790965, 34.61171424545063], [135.4921963087835, 34.61230031424849], [135.4923585391138, 34.61288414173441], [135.4925366617103, 34.61333346146495], [135.4926838857801, 34.613907257605], [135.4927711297523, 34.61443096209121], [135.4928879113555, 34.61505447338512], [135.4929600862078, 34.61557811500921], [135.4930158266086, 34.61632597749075], [135.4930423334821, 34.61692419224033], [135.4930237008575, 34.61750975883417], [135.4930347572646, 34.6181702118079], [135.4930914846244, 34.61875609144848], [135.4931332920433, 34.61931698800485], [135.4931758574578, 34.61975328258738], [135.4933980799769, 34.62038969143722], [135.4936647816747, 34.62114839739859], [135.4939173080762, 34.62176000996818], [135.4940945500415, 34.62235884926597], [135.4942115031095, 34.62295743829431], [135.4943286089762, 34.62353110679481], [135.4945054041378, 34.62420470648988], [135.4947421172348, 34.62494085655374], [135.4950386748849, 34.62575201681623], [135.4953055439027, 34.62648829047787], [135.4956323350423, 34.62728711374158], [135.4959892045678, 34.62809852083529], [135.4963637093359, 34.62871856330653], [135.496688964981, 34.62939792755874], [135.496925243411, 34.62999524334401], [135.4971195271471, 34.63063640365043], [135.4972077473942, 34.63100559774366], [135.4973836791356, 34.63182871488137], [135.4976051385677, 34.63260217727888], [135.4978866006594, 34.63342572815588], [135.4982126175963, 34.63436160593294], [135.4984781913778, 34.63532215515472], [135.4987292206292, 34.63619542056258], [135.4991460845611, 34.63706936649498], [135.4994568757673, 34.63805671771662], [135.4997938542946, 34.63886168865298], [135.5000779702216, 34.63961621763566], [135.50040855475, 34.6402227746858], [135.500640450303, 34.6408201375025], [135.5009327781013, 34.6414742494384], [135.5013144960074, 34.64242379363785], [135.5015915184582, 34.64309855878442], [135.5017627362371, 34.6436831151985], [135.5019501247474, 34.6441045086139], [135.5021666992915, 34.64472691779005], [135.5024264920342, 34.64574501863643], [135.5027860114199, 34.64660155235723], [135.5030477277643, 34.64729948013992], [135.5033255026108, 34.64785307811614], [135.5036180626593, 34.64847579389035], [135.5039639156726, 34.64907989164196], [135.5041664457548, 34.6495138990265], [135.5043917680694, 34.64994799869102], [135.5046828384438, 34.65082371005359], [135.5048531972753, 34.65155893061448], [135.5051528560782, 34.65226956357241], [135.5055516163475, 34.65292409543841], [135.5061087664838, 34.6537738862573], [135.5064548712925, 34.65434219290537], [135.5068835941138, 34.65507217779543], [135.5071457422746, 34.65570731764673], [135.5073027209964, 34.65614113536767], [135.5074973908487, 34.6566253292581], [135.5077821550276, 34.65729194906105], [135.5080896529993, 34.657969332496], [135.5084111980327, 34.65884201804855], [135.508680225954, 34.65960274236588], [135.5089415499427, 34.6603822690337], [135.5091431148194, 34.66098890909867], [135.5094488132374, 34.66197578763121], [135.5095883302128, 34.66258468115711], [135.5096839410803, 34.6631454973932], [135.5097792093669, 34.6637646904242], [135.5098469741286, 34.6642553405206], [135.5099288703208, 34.66474604734871], [135.5099819560213, 34.66533004353828], [135.5100874973357, 34.66587502629823], [135.5101144315565, 34.66642339315523], [135.5101371127403, 34.66677078119376], [135.5102366925354, 34.6673516706787], [135.5103084276425, 34.6677958341716], [135.5104345537723, 34.66840588600574], [135.5105065879444, 34.66897935450246], [135.5106121646987, 34.66958313283171], [135.5106555940469, 34.67027568831821], [135.5107060393554, 34.67096759151586], [135.5107174576065, 34.67159065800834], [135.5107265313838, 34.67261244817887], [135.510719204252, 34.67385845970098], [135.5107096196846, 34.67548824238472], [135.5107199389683, 34.67629821005812], [135.5107129771542, 34.67748192029205], [135.5106919580303, 34.67849112829035], [135.5106710115415, 34.67948787601164], [135.5105746478941, 34.68048432077034], [135.5104649582815, 34.68118166233752], [135.5103710104405, 34.68176692342944], [135.5102626378731, 34.68223998291578], [135.5100929751293, 34.68287478099804], [135.5100438557494, 34.68353124604064], [135.5100082559009, 34.68445317156818], [135.5099870785911, 34.68548729838342], [135.5099952618024, 34.68665860725849], [135.5099723946902, 34.68797931562206], [135.510010820672, 34.68913828523485], [135.5100044328376, 34.69022231221307]]}}, {"type": "Feature", "id": "178-01-34-0", "properties": {"name": "178-01 上町活動セグメント", "source": "AIST active-fault download · internal snapshot label 150219-2; retrieved 2026-10-09", "url": "https://gbank.gsj.jp/activefault/cgi-bin/segment_param.cgi?SearchTYPE=&fval_type1=178-01&segment_id=178-01&topic_list=2&search_mode=0"}, "geometry": {"type": "LineString", "coordinates": [[135.5349870283173, 34.68937940686141], [135.5350082939587, 34.68941494698762], [135.5351773295764, 34.68989428814421], [135.5353464661853, 34.6903558999289], [135.5354506174508, 34.69092364071755], [135.5354263795168, 34.69141997407199], [135.5354875043345, 34.69200528020591], [135.535526769045, 34.69266142089409], [135.5354149871853, 34.69345882166957], [135.5352184326117, 34.69406087465612], [135.5350216768297, 34.69469838544753], [135.5348042461629, 34.69519398109649]]}}, {"type": "Feature", "id": "178-01-35-0", "properties": {"name": "178-01 上町活動セグメント", "source": "AIST active-fault download · internal snapshot label 150219-2; retrieved 2026-10-09", "url": "https://gbank.gsj.jp/activefault/cgi-bin/segment_param.cgi?SearchTYPE=&fval_type1=178-01&segment_id=178-01&topic_list=2&search_mode=0"}, "geometry": {"type": "LineString", "coordinates": [[135.5288070994221, 34.66067252453777], [135.5289177440723, 34.66101853666125], [135.5290117772991, 34.66145752649124], [135.5290092955092, 34.66189614341658], [135.5289253301592, 34.66252052945536], [135.5288091157771, 34.6631580824459], [135.5287734066238, 34.66378265473039], [135.5288186559946, 34.66431449790385], [135.5288954771719, 34.66495279666227], [135.5289571154605, 34.66543153620025], [135.5290991130859, 34.66592387779236], [135.5292730605694, 34.66645621766023]]}}, {"type": "Feature", "id": "178-01-36-0", "properties": {"name": "178-01 上町活動セグメント", "source": "AIST active-fault download · internal snapshot label 150219-2; retrieved 2026-10-09", "url": "https://gbank.gsj.jp/activefault/cgi-bin/segment_param.cgi?SearchTYPE=&fval_type1=178-01&segment_id=178-01&topic_list=2&search_mode=0"}, "geometry": {"type": "LineString", "coordinates": [[135.5226712092647, 34.64226619399208], [135.5228295947557, 34.64269214981359], [135.5231143578413, 34.64351735211422], [135.5233992025314, 34.64432926223576], [135.5236846607611, 34.64503484004599], [135.5239227108723, 34.64559402287638]]}}, {"type": "Feature", "id": "178-01-37-0", "properties": {"name": "178-01 上町活動セグメント", "source": "AIST active-fault download · internal snapshot label 150219-2; retrieved 2026-10-09", "url": "https://gbank.gsj.jp/activefault/cgi-bin/segment_param.cgi?SearchTYPE=&fval_type1=178-01&segment_id=178-01&topic_list=2&search_mode=0"}, "geometry": {"type": "LineString", "coordinates": [[135.5120090100254, 34.60680136978001], [135.5127078568289, 34.60761592082656], [135.5134716162414, 34.60852543176842], [135.5142182411895, 34.6095701625944], [135.515095948391, 34.61058835122759], [135.5157930501758, 34.61171405113986], [135.5163119822593, 34.61252651410869], [135.5166527964031, 34.61301491925752], [135.5170412957291, 34.61374703939475], [135.5174945534848, 34.61460117795226], [135.5178511995118, 34.61518434726607], [135.5183720406049, 34.61567345885467], [135.5188610958176, 34.61600009144566], [135.5194801346521, 34.61648958553378], [135.5201644053958, 34.61701992091449], [135.5207829151508, 34.61760411126784], [135.521465262082, 34.61847266378922], [135.5219524065287, 34.61913750845397], [135.5225196021411, 34.62011383787933], [135.5230060678124, 34.62090043906442], [135.523361788898, 34.62165676305298], [135.5237994836165, 34.62238905328093], [135.5245447403112, 34.62371782900168], [135.5252265595027, 34.62469459209989], [135.5259087793332, 34.62560370651935], [135.5268982134877, 34.62717694300704], [135.527595918208, 34.62824845900462], [135.5282120355401, 34.62927906756888], [135.528551839123, 34.62997037372787], [135.5288422558524, 34.63071289930442], [135.529051589881, 34.63132252435513], [135.5292283447623, 34.63190496474406], [135.5294704961552, 34.63250118639046], [135.5296804500024, 34.63300257858345], [135.5299884606455, 34.63353140680131], [135.5303617943866, 34.6340875442645], [135.5308162876976, 34.63476575605102], [135.5311080199275, 34.63528098947532], [135.531416200095, 34.63578275611896], [135.5315446361362, 34.63622971470613], [135.5316564008868, 34.63673072610185], [135.5317519504596, 34.63720461661356], [135.5319451809257, 34.63777358664882], [135.5321228809639, 34.63819367507347], [135.5323821231757, 34.63866819286965], [135.5327876265179, 34.63933267988606], [135.533013834521, 34.63986118668954], [135.5333698772484, 34.64059042263568], [135.5336443671316, 34.64126793454445], [135.5338207202072, 34.64193154144444], [135.5339652450838, 34.64243267557337], [135.5341262170138, 34.64292034309344], [135.5343190227264, 34.64357048274185], [135.5345602608169, 34.64434256997932], [135.5348024855977, 34.64493878042332], [135.5350772276401, 34.64557570200797], [135.5354993068058, 34.64621318422758], [135.5359052480976, 34.64681001584844], [135.5363108938816, 34.64746096186698], [135.536520549234, 34.6480299863857], [135.536663971512, 34.64873405110252], [135.5367917099583, 34.64931494007808], [135.5370812730725, 34.65023602676232], [135.5373546966663, 34.65111646375635], [135.5375456674978, 34.65210482109472], [135.5377373186921, 34.65297141763575], [135.5379115508046, 34.65402735674578], [135.5380050528173, 34.65488005142244], [135.5380658122285, 34.65573262187681], [135.5380944285013, 34.65647683676269], [135.5380735523865, 34.6572885100934]]}}, {"type": "Feature", "id": "178-01-38-0", "properties": {"name": "178-01 上町活動セグメント", "source": "AIST active-fault download · internal snapshot label 150219-2; retrieved 2026-10-09", "url": "https://gbank.gsj.jp/activefault/cgi-bin/segment_param.cgi?SearchTYPE=&fval_type1=178-01&segment_id=178-01&topic_list=2&search_mode=0"}, "geometry": {"type": "LineString", "coordinates": [[135.4557372155666, 34.54641016758219], [135.456017206795, 34.54666597331669], [135.4563955118813, 34.54707176646659], [135.4569498999816, 34.54743793084392], [135.457544307516, 34.54765879149613], [135.4579021629219, 34.54782423436826], [135.4582094130113, 34.54806653720087], [135.458456940727, 34.54842849084684], [135.458825744872, 34.54903795168524], [135.459145996744, 34.54948789136047], [135.4596800449508, 34.55046683466804], [135.4599890503818, 34.55106238516964], [135.4602837258197, 34.55167552052192], [135.4606069224524, 34.55227701511937], [135.4607895117403, 34.55263080181604], [135.4612069182846, 34.55321348678637], [135.4615453598995, 34.55383613433281], [135.4617786482823, 34.55442562506453], [135.4619698142163, 34.55514629172609], [135.4620053503571, 34.55569603513491], [135.4620599559687, 34.55631860193114], [135.4621748510575, 34.55680371587602], [135.4625000087011, 34.55776724617864], [135.4626019300311, 34.55827706072717], [135.4627829520867, 34.55887792321926], [135.4629783496494, 34.55945531664273], [135.4633161947797, 34.55999803801571], [135.4636815063091, 34.56069383700059], [135.4641462273179, 34.56141360320501], [135.464554233434, 34.56210723367751], [135.4649906004454, 34.56281510622264], [135.4653143249199, 34.56334599402621], [135.465609984806, 34.56381792815682], [135.4658206136189, 34.56424242555667], [135.4660746643471, 34.5645494526258], [135.4664282003309, 34.56486868001761], [135.4669805566286, 34.56523583859827], [135.4675751362098, 34.56567377475958], [135.4678292726694, 34.56596903254635], [135.4682819323061, 34.56635928254888], [135.4687059257254, 34.56678470406334], [135.4693420734199, 34.56739930227492], [135.4700920160188, 34.56801439118814], [135.4712673281763, 34.56884310634971], [135.4719184032844, 34.56935186191514], [135.4724276301857, 34.56979999452188], [135.4731056825922, 34.57054417995023], [135.4738403456084, 34.57133566952793], [135.4747460053583, 34.57208082666586], [135.4753689745404, 34.57254237892224], [135.4758784535019, 34.57295637682986], [135.476302814123, 34.57333470951413], [135.4768980161492, 34.57369024103029], [135.4775649332798, 34.57395194880095], [135.4781465825334, 34.5742015224406], [135.4787848388061, 34.57449839895342], [135.4795364546544, 34.5748663514105], [135.4799752125889, 34.57522120077106], [135.4803572226552, 34.5755522750208], [135.4808096270387, 34.57600130727429], [135.4811343067905, 34.57640273105488], [135.4815436074591, 34.57692217316944]]}}, {"type": "Feature", "id": "178-01-39-0", "properties": {"name": "178-01 上町活動セグメント", "source": "AIST active-fault download · internal snapshot label 150219-2; retrieved 2026-10-09", "url": "https://gbank.gsj.jp/activefault/cgi-bin/segment_param.cgi?SearchTYPE=&fval_type1=178-01&segment_id=178-01&topic_list=2&search_mode=0"}, "geometry": {"type": "LineString", "coordinates": [[135.4718992381278, 34.5341219750264], [135.4719126383875, 34.53425145951287], [135.4720101551421, 34.53456956446767], [135.4721360334922, 34.53489955797126], [135.4724182324486, 34.5352419927909], [135.4729122900782, 34.53580889641247], [135.4734631515847, 34.53638780898717], [135.4740986623291, 34.53707297802773], [135.4747909817952, 34.53777015411253], [135.4753271342603, 34.53843135726208], [135.47579109738, 34.53926873880028], [135.4762393773154, 34.54034137205376], [135.4765046893562, 34.54111553851524], [135.4766442245599, 34.54153971400595], [135.4767837611529, 34.54196388932067], [135.4769514424264, 34.54243524915708], [135.4771345953187, 34.54270665236775], [135.4774023276954, 34.54309607765853], [135.4778122529368, 34.54348611049672], [135.4781225748134, 34.54388748234128], [135.4784470454344, 34.54430067985217], [135.4786154743732, 34.54465438014877], [135.4787688785285, 34.54513744242914], [135.4790080407794, 34.54555027422502], [135.4791901809243, 34.54598639440233], [135.4792871522621, 34.54639861905839], [135.4793129532093, 34.54682230617802]]}}, {"type": "Feature", "id": "178-01-40-0", "properties": {"name": "178-01 上町活動セグメント", "source": "AIST active-fault download · internal snapshot label 150219-2; retrieved 2026-10-09", "url": "https://gbank.gsj.jp/activefault/cgi-bin/segment_param.cgi?SearchTYPE=&fval_type1=178-01&segment_id=178-01&topic_list=2&search_mode=0"}, "geometry": {"type": "LineString", "coordinates": [[135.4623511421243, 34.52208482126825], [135.4621362477863, 34.52234272861539], [135.4618337891855, 34.52295323171576], [135.4616312139505, 34.52350534396793], [135.4614990329664, 34.52416366074786], [135.4613245811055, 34.52476296058558], [135.4611790131704, 34.52529179117551], [135.4611182088521, 34.52590335794982], [135.4610291608482, 34.52648538485727], [135.460940983385, 34.52693210584353], [135.4608389678217, 34.52731993536952], [135.460750409201, 34.52782548473437], [135.4606196553632, 34.52826025133445], [135.460446174798, 34.52870659506275], [135.4603291790808, 34.52921201835857], [135.4602968745757, 34.52981194416901], [135.460292471712, 34.53049435555059], [135.4603297325935, 34.53132990957555], [135.4602953773161, 34.53224750933408], [135.4603039006342, 34.5331300003059]]}}, {"type": "Feature", "id": "178-01-41-0", "properties": {"name": "178-01 上町活動セグメント", "source": "AIST active-fault download · internal snapshot label 150219-2; retrieved 2026-10-09", "url": "https://gbank.gsj.jp/activefault/cgi-bin/segment_param.cgi?SearchTYPE=&fval_type1=178-01&segment_id=178-01&topic_list=2&search_mode=0"}, "geometry": {"type": "LineString", "coordinates": [[135.4582062131879, 34.52553749374963], [135.4579197598312, 34.52586567231169], [135.4577040031598, 34.52625299436009], [135.4574453671799, 34.52667542368531], [135.4571293293093, 34.52717995966405], [135.4569686741032, 34.52783814437699], [135.4569789191004, 34.5284500245506], [135.4570316610673, 34.52908562569576], [135.4570987731396, 34.52969775853968], [135.457194548679, 34.53027472054689], [135.4572767956825, 34.53074572790423]]}}, {"type": "Feature", "id": "178-01-42-0", "properties": {"name": "178-01 上町活動セグメント", "source": "AIST active-fault download · internal snapshot label 150219-2; retrieved 2026-10-09", "url": "https://gbank.gsj.jp/activefault/cgi-bin/segment_param.cgi?SearchTYPE=&fval_type1=178-01&segment_id=178-01&topic_list=2&search_mode=0"}, "geometry": {"type": "LineString", "coordinates": [[135.4426103144403, 34.53151668329383], [135.4427608906919, 34.53175780832036], [135.4430488211755, 34.53214840211989], [135.4432123197588, 34.53252697858024], [135.4434313867261, 34.53287145979236], [135.4436923401664, 34.53315888429914], [135.443967053965, 34.53345782031598], [135.4442276306733, 34.53380248906007], [135.4445573074875, 34.53415892095568], [135.4447899150559, 34.53454925895329], [135.4450507264228, 34.53485957872271], [135.4453524372077, 34.53526167904086], [135.4456127975016, 34.53564069205856], [135.4457208980103, 34.53603046295992], [135.4459532885755, 34.53645514594374], [135.4464353375392, 34.53678707518377], [135.4469301504442, 34.53728164204384], [135.4472321816169, 34.53763794143711], [135.4476713598977, 34.53817805109519], [135.4481110727475, 34.53863801566882], [135.4484963540077, 34.53896033986886], [135.4488389993187, 34.53945421163416], [135.4491474374995, 34.53987637668287], [135.4494846034864, 34.54016698741633], [135.4499793790099, 34.54067299108451], [135.4503499377491, 34.54113263604032], [135.4508032912261, 34.54162700048151], [135.4512153670743, 34.54208682949778], [135.4515993244635, 34.54261522729463], [135.4519968978604, 34.54317803319574], [135.4522579126679, 34.54346543950327], [135.4526838419429, 34.54392532565272], [135.4532479164198, 34.54442017716014]]}}, {"type": "Feature", "id": "178-01-43-0", "properties": {"name": "178-01 上町活動セグメント", "source": "AIST active-fault download · internal snapshot label 150219-2; retrieved 2026-10-09", "url": "https://gbank.gsj.jp/activefault/cgi-bin/segment_param.cgi?SearchTYPE=&fval_type1=178-01&segment_id=178-01&topic_list=2&search_mode=0"}, "geometry": {"type": "LineString", "coordinates": [[135.4346326415869, 34.51235144012897], [135.4346844867493, 34.51286690547451], [135.4348452052785, 34.51364621189419], [135.4350327628289, 34.51454815126963], [135.4350942704051, 34.51568193120026], [135.4351993613129, 34.51650677736853], [135.4354695114099, 34.51746977962473], [135.4356577553785, 34.51827211057184], [135.4358607613088, 34.51893711600971], [135.4361187141622, 34.51965962192892], [135.4363078944791, 34.52032456268513], [135.4364697980346, 34.52093213005558], [135.4366472323435, 34.52128788114371], [135.4368518712565, 34.52171245401998]]}}, {"type": "Feature", "id": "178-01-44-0", "properties": {"name": "178-01 上町活動セグメント", "source": "AIST active-fault download · internal snapshot label 150219-2; retrieved 2026-10-09", "url": "https://gbank.gsj.jp/activefault/cgi-bin/segment_param.cgi?SearchTYPE=&fval_type1=178-01&segment_id=178-01&topic_list=2&search_mode=0"}, "geometry": {"type": "LineString", "coordinates": [[135.4371039144889, 34.48687418827919], [135.4370361954029, 34.48718631345296], [135.4368666671555, 34.4880005856316], [135.4367135225799, 34.48881764981692], [135.4365608499618, 34.48956407793541], [135.436292969476, 34.4903643112054], [135.4360240778276, 34.49131396543002], [135.4357549054468, 34.49230437021883], [135.4356013022601, 34.49318663442291]]}}, {"type": "Feature", "id": "178-01-45-0", "properties": {"name": "178-01 上町活動セグメント", "source": "AIST active-fault download · internal snapshot label 150219-2; retrieved 2026-10-09", "url": "https://gbank.gsj.jp/activefault/cgi-bin/segment_param.cgi?SearchTYPE=&fval_type1=178-01&segment_id=178-01&topic_list=2&search_mode=0"}, "geometry": {"type": "LineString", "coordinates": [[135.4475027417704, 34.47228461843551], [135.4474023590325, 34.47258301843626], [135.4472834238053, 34.47320735673475], [135.4471809787644, 34.47381818517116], [135.4470296829357, 34.47437445541215], [135.4469444437857, 34.47486310304134], [135.4468247845155, 34.4755961114027], [135.4467388255383, 34.47619342956065], [135.4466207767051, 34.47668192827425], [135.4464702791095, 34.47711594286084], [135.4463358421107, 34.47760165013702], [135.4462178785878, 34.47807656446376], [135.4460830614516, 34.47861932349405], [135.4458666741915, 34.47909379126164], [135.4457490651306, 34.47951436961708], [135.4457131136475, 34.47998965518366], [135.4455626950527, 34.48041008447868], [135.4453631534093, 34.48081670638288], [135.4450806009819, 34.48137237769416], [135.4448635708495, 34.48194193017364], [135.4445811912916, 34.48247043249914], [135.4443809193292, 34.48298572319865], [135.444246532429, 34.48346056044139], [135.444128638489, 34.48392188827733], [135.4440106530851, 34.48439679977664], [135.4437118550828, 34.48492522511352], [135.443544832169, 34.48537274436902], [135.4433113129165, 34.48595172749176], [135.4431931393284, 34.48645380560796], [135.442943543684, 34.48698245300307], [135.4427104403071, 34.48749759081306], [135.442394855987, 34.48808027291015], [135.4420959439282, 34.48862227756263], [135.4418950080644, 34.48923265004262], [135.4417764590545, 34.4897890616221], [135.4415758801369, 34.49034509818883], [135.4413423963938, 34.49091456814954], [135.4411089094277, 34.49148403758032], [135.4409404992633, 34.49213530954111], [135.440821486162, 34.49275963882169], [135.4407189681666, 34.49337045920248]]}}, {"type": "Feature", "id": "178-01-46-0", "properties": {"name": "178-01 上町活動セグメント", "source": "AIST active-fault download · internal snapshot label 150219-2; retrieved 2026-10-09", "url": "https://gbank.gsj.jp/activefault/cgi-bin/segment_param.cgi?SearchTYPE=&fval_type1=178-01&segment_id=178-01&topic_list=2&search_mode=0"}, "geometry": {"type": "LineString", "coordinates": [[135.4244258146286, 34.46502786734109], [135.4246985662932, 34.46547612541777], [135.4250913792689, 34.46590508209389], [135.425507432251, 34.46644340704494], [135.4258162393298, 34.46688189927632], [135.4261490344648, 34.4673205033324], [135.4265659842636, 34.4677297030302], [135.4268994655582, 34.4680689806973], [135.4273995568829, 34.46859776037954], [135.427661156836, 34.46892676644936], [135.4277424615015, 34.46931452450056], [135.4277405632604, 34.46959263268834], [135.4277381904226, 34.46994026790511], [135.4278201064442, 34.47023863394777], [135.4279850244942, 34.47067644690501], [135.4282102478072, 34.47106487799302], [135.4283877719979, 34.47141335459083]]}}, {"type": "Feature", "id": "178-01-48-0", "properties": {"name": "178-01 上町活動セグメント", "source": "AIST active-fault download · internal snapshot label 150219-2; retrieved 2026-10-09", "url": "https://gbank.gsj.jp/activefault/cgi-bin/segment_param.cgi?SearchTYPE=&fval_type1=178-01&segment_id=178-01&topic_list=2&search_mode=0"}, "geometry": {"type": "LineString", "coordinates": [[135.4650864201125, 34.55475944120202], [135.4651699624235, 34.55479148185138], [135.4657803344457, 34.55497064415818], [135.4663485570142, 34.55506961036083], [135.466902725076, 34.55514262734506], [135.4676276961684, 34.55519285469798], [135.4683240764512, 34.55526648526087], [135.4691344505123, 34.55530530954388], [135.4701578425974, 34.55539211710185], [135.4711247249597, 34.55541984127473], [135.4719065112361, 34.55548205534666], [135.4726595596154, 34.55559120433038], [135.4733983147762, 34.55571205303716], [135.4739944905465, 34.55589111313488], [135.4745904469885, 34.55610546741176], [135.4749733839579, 34.55627183888578], [135.4755126822262, 34.55645064698372], [135.4761088679125, 34.55662969682409]]}}, {"type": "Feature", "id": "178-01-49-0", "properties": {"name": "178-01 上町活動セグメント", "source": "AIST active-fault download · internal snapshot label 150219-2; retrieved 2026-10-09", "url": "https://gbank.gsj.jp/activefault/cgi-bin/segment_param.cgi?SearchTYPE=&fval_type1=178-01&segment_id=178-01&topic_list=2&search_mode=0"}, "geometry": {"type": "LineString", "coordinates": [[135.4304962930802, 34.48050734264473], [135.430810233493, 34.48067404799606], [135.4312029989655, 34.48097308270151], [135.4314521080902, 34.48128630821807], [135.4318621183869, 34.48168944314443], [135.4323266721621, 34.48198880794644], [135.4326840621773, 34.482213372053], [135.433077444738, 34.48242324178722], [135.4336679239979, 34.48267860469265], [135.4342043707524, 34.48296343521072], [135.4347581649907, 34.48333750542393], [135.4354012903303, 34.48377142707584], [135.435900958907, 34.48418982294248], [135.4366329251917, 34.48475789086755]]}}, {"type": "Feature", "id": "178-01-50-0", "properties": {"name": "178-01 上町活動セグメント", "source": "AIST active-fault download · internal snapshot label 150219-2; retrieved 2026-10-09", "url": "https://gbank.gsj.jp/activefault/cgi-bin/segment_param.cgi?SearchTYPE=&fval_type1=178-01&segment_id=178-01&topic_list=2&search_mode=0"}, "geometry": {"type": "LineString", "coordinates": [[135.415132250802, 34.4731819906073], [135.4156716383506, 34.4734835330226], [135.4161477732436, 34.47383099210407], [135.4164690984105, 34.47424163322054], [135.4169439959963, 34.47476806741053], [135.4174042621376, 34.47517936878604], [135.4179263701077, 34.47557817838305], [135.4183877987026, 34.47582328206442], [135.4189564043846, 34.47619673937158], [135.4194010738191, 34.4766335282327]]}}, {"type": "Feature", "id": "178-01-51-0", "properties": {"name": "178-01 上町活動セグメント", "source": "AIST active-fault download · internal snapshot label 150219-2; retrieved 2026-10-09", "url": "https://gbank.gsj.jp/activefault/cgi-bin/segment_param.cgi?SearchTYPE=&fval_type1=178-01&segment_id=178-01&topic_list=2&search_mode=0"}, "geometry": {"type": "LineString", "coordinates": [[135.4107031880683, 34.47095390115237], [135.411028859153, 34.47129273976769], [135.4113333308449, 34.47154363604765], [135.4116545841438, 34.47176391311195], [135.4120696638388, 34.47200881747436], [135.4126699840401, 34.47225461070545], [135.413285923295, 34.47247490681068], [135.4139173024157, 34.4726952738582], [135.4147028727124, 34.47294194529004]]}}, {"type": "Feature", "id": "178-01-52-0", "properties": {"name": "178-01 上町活動セグメント", "source": "AIST active-fault download · internal snapshot label 150219-2; retrieved 2026-10-09", "url": "https://gbank.gsj.jp/activefault/cgi-bin/segment_param.cgi?SearchTYPE=&fval_type1=178-01&segment_id=178-01&topic_list=2&search_mode=0"}, "geometry": {"type": "LineString", "coordinates": [[135.4863442130782, 34.62769817766478], [135.4865239458484, 34.62788584168845], [135.4867485170311, 34.62813599654979], [135.4870032371829, 34.62838627779691], [135.4872878766193, 34.62867406572864], [135.4876025892465, 34.62897443981294], [135.4878723119153, 34.62923724274096], [135.4883076209607, 34.62953812128686], [135.4887880789621, 34.62985164799866], [135.489192788025, 34.63022715802319], [135.4896422655486, 34.6306776169188], [135.4899864564816, 34.63109025249899], [135.4902558886289, 34.63140289083889], [135.4907652191487, 34.63192835857259], [135.4912299409984, 34.63235395426158], [135.4916792889375, 34.6328293260142], [135.4921724233416, 34.63354162749345], [135.4925151208027, 34.63420345917049], [135.4928432036958, 34.63479046621649], [135.4930654016469, 34.63543684256279], [135.4932278174532, 34.63599823884587], [135.4933303888111, 34.63648462343912], [135.4934325825403, 34.63703330870092], [135.4934603091796, 34.6374321589277], [135.4934868240181, 34.63803037160169], [135.493512581673, 34.63875318574786], [135.4935242486276, 34.63931395522467], [135.4934461421306, 34.63976220761288], [135.4933535650279, 34.6401107160809], [135.493275684187, 34.64052158783952], [135.4932420454705, 34.64109462938363], [135.4932544687085, 34.64153079718962], [135.4932502239682, 34.64222856538187], [135.4932473435256, 34.64270205089505], [135.4932290226431, 34.64323528241039], [135.4932996300375, 34.64402058463837], [135.4933549344948, 34.64484320452068], [135.4934103915129, 34.645640903999], [135.4934363015809, 34.64633879700094], [135.4934628182637, 34.64693700883154], [135.4935349460143, 34.64747310779246], [135.4936060897246, 34.64817118841725], [135.4936323807579, 34.64880678044592], [135.4935983615768, 34.64944212196138], [135.4934749363363, 34.64990264582054], [135.4933516764773, 34.65033575722402], [135.4933484925019, 34.65085908262662], [135.493331064408, 34.65124528393531], [135.4932814328551, 34.65196778330786], [135.4932022506049, 34.65259047623942], [135.4930475237884, 34.65323777586946], [135.4928630929682, 34.65381018906522], [135.492739960529, 34.65422087127877], [135.4925565884871, 34.65461884221802], [135.4923283586082, 34.65495432391777], [135.4920392039559, 34.65538923483432], [135.4917048098936, 34.65582395643866], [135.491385110594, 34.65632104053054], [135.4910957938772, 34.65678086925134], [135.4907464626342, 34.65719060487793], [135.4902454213377, 34.65774923041363], [135.4898188531573, 34.6584576905548], [135.4896200956368, 34.65890169588596], [135.4893436993542, 34.65971046608929], [135.4891302160613, 34.66009584484816], [135.4888099491232, 34.66068014225698], [135.4883834300326, 34.66137613669915], [135.4881831024458, 34.66207307928551], [135.4880591678859, 34.6626083568456], [135.4879317821685, 34.66370433835289], [135.4878958720012, 34.66463871844299], [135.4878448036701, 34.66558549510872], [135.4878694520048, 34.66648150202163], [135.487850767442, 34.66706706265837], [135.4879526532855, 34.66766559011216], [135.4880693916261, 34.6683015610111], [135.4881995269386, 34.66921171683995], [135.4882871026173, 34.66968557973824], [135.4883940921355, 34.67025776514517], [135.4885082930405, 34.67062875108655], [135.488825890386, 34.67107276657661], [135.4889990434475, 34.67132851660243], [135.4892130837678, 34.67156519060131], [135.4894585434774, 34.67188979396604], [135.4899506870377, 34.67228845026541], [135.4903991959594, 34.67268692217362], [135.490932541183, 34.67306839555616], [135.4913408950434, 34.67331579456345], [135.4917464369709, 34.67360591962915], [135.4921230351139, 34.67387188663237], [135.4925836251694, 34.67414963359167], [135.4931088403269, 34.67442882073229], [135.4936835724401, 34.67484141166962], [135.4940954257575, 34.67511739271232], [135.4945864778959, 34.67544447345852], [135.4950791776586, 34.67575898489832], [135.4955515157034, 34.67605008925448], [135.4958557217257, 34.67628618648482], [135.4962756227835, 34.67661241004935], [135.4967933158743, 34.67698091541647], [135.4972609074608, 34.67726545293188], [135.4975941882343, 34.67748315212318], [135.4981355929373, 34.67780128091722], [135.4985360686863, 34.6780999516152], [135.4989882563894, 34.67840600015877], [135.4991734056822, 34.67855925816298], [135.499593403549, 34.67887345262607], [135.5000300707671, 34.67931871828323], [135.5003018300878, 34.67960946043836], [135.5006200033372, 34.6799232338814], [135.5008650794404, 34.68029679747311], [135.5010960423419, 34.68059819445317], [135.501399026095, 34.68102006617823], [135.5016004648882, 34.68139344974543], [135.5018391978176, 34.68185591899842], [135.5021277855813, 34.68225369391676], [135.502344210229, 34.68255502909571], [135.5025308211282, 34.68297642273885], [135.5026888401949, 34.68331357305376], [135.5028755981641, 34.68371093062846], [135.5030483120743, 34.68402410427991], [135.5032502678677, 34.68431336075425], [135.5035532759127, 34.68473522707691], [135.5039149834624, 34.68507320521011], [135.5041898315785, 34.68533872066361], [135.5044363000741, 34.68548393961491], [135.5046971034593, 34.68566527047031], [135.5049867909583, 34.68588277222716], [135.5052908858268, 34.6861243678709], [135.5054497795526, 34.68631730147896], [135.5056372002976, 34.68660649497343], [135.5056933958666, 34.6869432282323], [135.5056625833997, 34.68723153639664], [135.5056748464469, 34.6876161636223], [135.5056830014495, 34.68823855159059], [135.505693408147, 34.68881963931557], [135.5057048221738, 34.68923128333527], [135.5057027464447, 34.68958047463651], [135.5057273714643, 34.69010151175604], [135.505766538182, 34.69050811610826], [135.5058325766589, 34.69105794398573], [135.5058783686432, 34.69151609635937], [135.5059983978847, 34.69211494334323]]}}, {"type": "Feature", "id": "178-01-53-0", "properties": {"name": "178-01 上町活動セグメント", "source": "AIST active-fault download · internal snapshot label 150219-2; retrieved 2026-10-09", "url": "https://gbank.gsj.jp/activefault/cgi-bin/segment_param.cgi?SearchTYPE=&fval_type1=178-01&segment_id=178-01&topic_list=2&search_mode=0"}, "geometry": {"type": "LineString", "coordinates": [[135.5292730605694, 34.66645621766023], [135.5295050198355, 34.66724498111667], [135.5298210004868, 34.66831036948434], [135.5302259332017, 34.66946478044238], [135.5303840980256, 34.6699679140805], [135.5305770425755, 34.67064854288951], [135.5308043521922, 34.67158056566379], [135.5310151433583, 34.67227013039003], [135.5312966309699, 34.67311367975334], [135.5317208277663, 34.67403167724404], [135.5322324902545, 34.67530473154798], [135.5326025388153, 34.67631119860223], [135.5328830598998, 34.6773321014728], [135.5331276400624, 34.67838242611744], [135.5333011924682, 34.67933788552534], [135.5334928555498, 34.68025498560289], [135.5338089348391, 34.68132036217169], [135.5340539518278, 34.68229678555493], [135.5342270755824, 34.68333205398923], [135.5343809874114, 34.68460373011228], [135.5345543678579, 34.68559465843946], [135.5346199827977, 34.68665907538534], [135.5346522946115, 34.68727996240295], [135.5347379549184, 34.68796017335166], [135.5348413443147, 34.68867001200157], [135.5349870283173, 34.68937940686141]]}}, {"type": "Feature", "id": "178-02-0-0", "properties": {"name": "178-02 泉南活動セグメント", "source": "AIST active-fault download · internal snapshot label 150219-2; retrieved 2026-10-09", "url": "https://gbank.gsj.jp/activefault/cgi-bin/segment_param.cgi?SearchTYPE=&fval_type1=178-02&segment_id=178-02&topic_list=2&search_mode=0"}, "geometry": {"type": "LineString", "coordinates": [[135.389080485843, 34.48456415197119], [135.3896254203751, 34.48483386394799], [135.3902537659868, 34.48524171756578], [135.3909639427303, 34.4855993868316], [135.3914701138423, 34.48600662470735]]}}, {"type": "Feature", "id": "178-02-1-0", "properties": {"name": "178-02 泉南活動セグメント", "source": "AIST active-fault download · internal snapshot label 150219-2; retrieved 2026-10-09", "url": "https://gbank.gsj.jp/activefault/cgi-bin/segment_param.cgi?SearchTYPE=&fval_type1=178-02&segment_id=178-02&topic_list=2&search_mode=0"}, "geometry": {"type": "LineString", "coordinates": [[135.3728003684975, 34.46316275111588], [135.3733224731084, 34.46358906032237], [135.3737746983185, 34.46411805481117], [135.3740752164075, 34.46460047289406], [135.3745538172804, 34.46530134197599], [135.3750061703315, 34.46581544816989], [135.3755682381541, 34.46644804300141], [135.3759373811435, 34.46699950394886], [135.3763336652514, 34.46761979920574], [135.3767847395559, 34.46830906947235], [135.3772366716323, 34.46888384749349], [135.3775647042982, 34.46938929600426], [135.3780448900876, 34.46988406844233], [135.3784417124865, 34.47043566254294], [135.3787832432438, 34.47098697432997], [135.3789599894637, 34.47138860462063], [135.3792742177978, 34.47189397831217], [135.3795325589443, 34.47247921389006], [135.3798193997663, 34.47295009863993], [135.3800929271638, 34.47335221826112], [135.3803530895075, 34.47369244228091], [135.3806531716056, 34.47424353855424], [135.3808303562933, 34.47458792082082], [135.381034346722, 34.4750469334099], [135.3813624259796, 34.47555237172832], [135.3817324065627, 34.47600077370972], [135.3820325902194, 34.47654041752134], [135.3822091102098, 34.47697639020613], [135.3824946315472, 34.47763045351569], [135.382876429409, 34.47835369917026], [135.3831629126869, 34.47887838658748], [135.3834363066882, 34.47930339682279], [135.383695204226, 34.4798199291432], [135.3840228129697, 34.48039405460875], [135.3842554116238, 34.48072726153219], [135.3845704629409, 34.48112958009747], [135.3848716072652, 34.48154327731754], [135.3851596845156, 34.48185386277995], [135.3855998506395, 34.48216521227333], [135.385985135007, 34.48241903708572], [135.3863433562964, 34.48259257848083], [135.3866593463839, 34.48286895214556], [135.3870025722573, 34.4832027089758], [135.3874146812608, 34.48357115856603], [135.3878551993653, 34.48383670382237], [135.3885573357149, 34.48425239988845], [135.389080485951, 34.48456415204068]]}}, {"type": "Feature", "id": "178-02-2-0", "properties": {"name": "178-02 泉南活動セグメント", "source": "AIST active-fault download · internal snapshot label 150219-2; retrieved 2026-10-09", "url": "https://gbank.gsj.jp/activefault/cgi-bin/segment_param.cgi?SearchTYPE=&fval_type1=178-02&segment_id=178-02&topic_list=2&search_mode=0"}, "geometry": {"type": "LineString", "coordinates": [[135.3914701138423, 34.48600662470735], [135.3916990443934, 34.48629279992312], [135.3919004878983, 34.48662198726161], [135.3922145579818, 34.48703612483523], [135.3924713323329, 34.48754374381629], [135.3928635884704, 34.48810829566862], [135.3931540022107, 34.48866296382182], [135.3933545947626, 34.48911122861939], [135.3937014998635, 34.48968492926337], [135.3940478671085, 34.49033363985134], [135.3943390419011, 34.49078516512443], [135.3945180611181, 34.49108610677195], [135.3948079539839, 34.49171578187405], [135.3951632929222, 34.49269271812113], [135.3954185455375, 34.49341598718754], [135.3955503134137, 34.4939886176984], [135.3957052737023, 34.49448634914617], [135.3959279141635, 34.49502192176919], [135.396139435336, 34.49552930891541]]}}, {"type": "Feature", "id": "178-02-3-0", "properties": {"name": "178-02 泉南活動セグメント", "source": "AIST active-fault download · internal snapshot label 150219-2; retrieved 2026-10-09", "url": "https://gbank.gsj.jp/activefault/cgi-bin/segment_param.cgi?SearchTYPE=&fval_type1=178-02&segment_id=178-02&topic_list=2&search_mode=0"}, "geometry": {"type": "LineString", "coordinates": [[135.3968321250001, 34.49684546766743], [135.3970677913737, 34.49714668503183], [135.3973602875662, 34.49742005216406], [135.3977437242324, 34.49764698341233], [135.3982061699282, 34.49791180940593], [135.3986113863611, 34.49826074222671], [135.3989593740119, 34.49869378243498], [135.3994314064745, 34.49920244497242], [135.3998359622798, 34.49964513739725], [135.4001952874675, 34.50007822974561], [135.4006109757443, 34.50054910431206], [135.4009702417104, 34.50099157076154], [135.4013187220348, 34.50135896976976], [135.4015963259576, 34.50164685486115]]}}, {"type": "Feature", "id": "178-02-4-0", "properties": {"name": "178-02 泉南活動セグメント", "source": "AIST active-fault download · internal snapshot label 150219-2; retrieved 2026-10-09", "url": "https://gbank.gsj.jp/activefault/cgi-bin/segment_param.cgi?SearchTYPE=&fval_type1=178-02&segment_id=178-02&topic_list=2&search_mode=0"}, "geometry": {"type": "LineString", "coordinates": [[135.3636272428803, 34.45695551103036], [135.3638602173108, 34.45722006212777], [135.3642588829569, 34.45750837355281], [135.3647678671836, 34.4578316054786], [135.3653465720384, 34.4580750507514], [135.3658699053894, 34.45832965558321], [135.3665718920482, 34.45872257803829], [135.3672468455005, 34.459035210039], [135.3679901388597, 34.45945123717984], [135.3686367693923, 34.45985531111515], [135.3692275137746, 34.46033923979371], [135.3698040123147, 34.46088033968307], [135.3702711409844, 34.4612605804798], [135.3709179682745, 34.46164174438737], [135.3714403112748, 34.46203371435522], [135.3719492651017, 34.462368365806], [135.3724306630331, 34.46269142417781]]}}, {"type": "Feature", "id": "178-02-5-0", "properties": {"name": "178-02 泉南活動セグメント", "source": "AIST active-fault download · internal snapshot label 150219-2; retrieved 2026-10-09", "url": "https://gbank.gsj.jp/activefault/cgi-bin/segment_param.cgi?SearchTYPE=&fval_type1=178-02&segment_id=178-02&topic_list=2&search_mode=0"}, "geometry": {"type": "LineString", "coordinates": [[135.35660477399384, 34.45], [135.3568500771955, 34.45029078188841], [135.3573023903065, 34.45078548935923], [135.3578367578161, 34.45139512125316], [135.358371745994, 34.45192460749826], [135.3590172222269, 34.45246612023293], [135.3595386656886, 34.45296118182791], [135.3600476041, 34.45328443313559]]}}, {"type": "Feature", "id": "178-02-11-0", "properties": {"name": "178-02 泉南活動セグメント", "source": "AIST active-fault download · internal snapshot label 150219-2; retrieved 2026-10-09", "url": "https://gbank.gsj.jp/activefault/cgi-bin/segment_param.cgi?SearchTYPE=&fval_type1=178-02&segment_id=178-02&topic_list=2&search_mode=0"}, "geometry": {"type": "LineString", "coordinates": [[135.4015963259576, 34.50164685486115], [135.4021042506656, 34.50217601620981], [135.4026258479209, 34.50272814118577], [135.4031744583931, 34.50337199146837], [135.4036543363646, 34.50395825655922], [135.4042163852206, 34.50465941494709], [135.404888838881, 34.50539545689996], [135.4056162995073, 34.50617756053789], [135.4063724082485, 34.50682240570188], [135.4069499107003, 34.50730036236666], [135.4080646583504, 34.5080843308134], [135.4089446311371, 34.50882135568833], [135.4096321206564, 34.50939715201048], [135.4104302654082, 34.50997347853744], [135.4114751221549, 34.51087157297325], [135.4123554757666, 34.51156277734275], [135.4134160735332, 34.51219415896074], [135.4138977569767, 34.51253995409899], [135.4143927950233, 34.51295450798983], [135.4148467442838, 34.51331161587085], [135.415479945235, 34.51374972596801], [135.4161271439945, 34.51416500081821], [135.4167191827731, 34.51455711000364], [135.417475851225, 34.51514464192429], [135.4182057423715, 34.51560609783103], [135.4189631461266, 34.51609057912508], [135.4195136370128, 34.51649392658896], [135.4200092817115, 34.51682831456218], [135.4204775043503, 34.51712822212835], [135.4209036798589, 34.5175080746172]]}}, {"type": "Feature", "id": "178-02-12-0", "properties": {"name": "178-02 泉南活動セグメント", "source": "AIST active-fault download · internal snapshot label 150219-2; retrieved 2026-10-09", "url": "https://gbank.gsj.jp/activefault/cgi-bin/segment_param.cgi?SearchTYPE=&fval_type1=178-02&segment_id=178-02&topic_list=2&search_mode=0"}, "geometry": {"type": "LineString", "coordinates": [[135.4235791902796, 34.52149645896078], [135.4246504921708, 34.524715893926], [135.4264203246491, 34.53056003783281]]}}, {"type": "Feature", "id": "178-03-0-0", "properties": {"name": "178-03 佛念寺山活動セグメント", "source": "AIST active-fault download · internal snapshot label 150219-2; retrieved 2026-10-09", "url": "https://gbank.gsj.jp/activefault/cgi-bin/segment_param.cgi?SearchTYPE=&fval_type1=178-03&segment_id=178-03&topic_list=2&search_mode=0"}, "geometry": {"type": "LineString", "coordinates": [[135.4804824919, 34.8191933446], [135.4800687999, 34.8112122473], [135.4800639937, 34.8055308964], [135.48209499, 34.8003905309], [135.4854858023, 34.7971439803], [135.4894185577, 34.7941674115], [135.4909105048, 34.7918677088], [135.4918546564, 34.7849685188], [135.4929319021, 34.7749576874], [135.493877989, 34.7699532809], [135.4960469087, 34.7667067019]]}}, {"type": "Feature", "id": "181-01-0-0", "properties": {"name": "181-01 十万辻活動セグメント", "source": "AIST active-fault download · internal snapshot label 150219-2; retrieved 2026-10-09", "url": "https://gbank.gsj.jp/activefault/cgi-bin/segment_param.cgi?SearchTYPE=&fval_type1=181-01&segment_id=181-01&topic_list=2&search_mode=0"}, "geometry": {"type": "LineString", "coordinates": [[135.3063152675, 34.8651120674], [135.3112958659, 34.8640083086], [135.3219949791, 34.8623527449], [135.331220166, 34.86235195780001], [135.338230567, 34.8617991829], [135.3542792778, 34.8581199744], [135.3741997355, 34.85186615], [135.3828690657, 34.849106666], [135.3896954895, 34.8483709079], [135.3920932971, 34.8478190265], [135.4070341379, 34.8432198979], [135.4186551961, 34.8408284402], [135.4203150687, 34.8402765417]]}}, {"type": "Feature", "id": "181-01-1-0", "properties": {"name": "181-01 十万辻活動セグメント", "source": "AIST active-fault download · internal snapshot label 150219-2; retrieved 2026-10-09", "url": "https://gbank.gsj.jp/activefault/cgi-bin/segment_param.cgi?SearchTYPE=&fval_type1=181-01&segment_id=181-01&topic_list=2&search_mode=0"}, "geometry": {"type": "LineString", "coordinates": [[135.2784653424, 34.8763321409], [135.2825230095, 34.8755963187], [135.3007845741, 34.8704463293], [135.3066880849, 34.8695255708], [135.3168332779, 34.8669500996], [135.3240267376, 34.8641915813]]}}, {"type": "Feature", "id": "182-01-0-0", "properties": {"name": "182-01 富田林活動セグメント", "source": "AIST active-fault download · internal snapshot label 150219-2; retrieved 2026-10-09", "url": "https://gbank.gsj.jp/activefault/cgi-bin/segment_param.cgi?SearchTYPE=&fval_type1=182-01&segment_id=182-01&topic_list=2&search_mode=0"}, "geometry": {"type": "LineString", "coordinates": [[135.5665787445, 34.4699241549], [135.5593695659, 34.46424463500001], [135.5470330448, 34.4523347056], [135.5445286386697, 34.45]]}}, {"type": "Feature", "id": "182-01-1-0", "properties": {"name": "182-01 富田林活動セグメント", "source": "AIST active-fault download · internal snapshot label 150219-2; retrieved 2026-10-09", "url": "https://gbank.gsj.jp/activefault/cgi-bin/segment_param.cgi?SearchTYPE=&fval_type1=182-01&segment_id=182-01&topic_list=2&search_mode=0"}, "geometry": {"type": "LineString", "coordinates": [[135.6, 34.50895437961945], [135.5983167476, 34.5062027595], [135.5922174678, 34.5006622492], [135.5881979593, 34.496508629], [135.5829347318, 34.4872335628], [135.5785013662, 34.4798962953], [135.5776704994, 34.4780974807], [135.5748988489, 34.4749127791]]}}, {"type": "Feature", "id": "182-01-2-0", "properties": {"name": "182-01 富田林活動セグメント", "source": "AIST active-fault download · internal snapshot label 150219-2; retrieved 2026-10-09", "url": "https://gbank.gsj.jp/activefault/cgi-bin/segment_param.cgi?SearchTYPE=&fval_type1=182-01&segment_id=182-01&topic_list=2&search_mode=0"}, "geometry": {"type": "LineString", "coordinates": [[135.597282455, 34.5768996888], [135.5982575051, 34.5728881682], [135.5982606075, 34.5698445148], [135.597434946, 34.5619573937], [135.5970241734, 34.55628503], [135.5975832924, 34.5513046099], [135.5989743058, 34.5472940985], [135.6, 34.54627259353678]]}}, {"type": "Feature", "id": "182-02-2-0", "properties": {"name": "182-02 河内長野活動セグメント", "source": "AIST active-fault download · internal snapshot label 150219-2; retrieved 2026-10-09", "url": "https://gbank.gsj.jp/activefault/cgi-bin/segment_param.cgi?SearchTYPE=&fval_type1=182-02&segment_id=182-02&topic_list=2&search_mode=0"}, "geometry": {"type": "LineString", "coordinates": [[135.6, 34.46464410345851], [135.5984042002, 34.4627627022], [135.5951356323, 34.4584091219], [135.5864176726, 34.450133862], [135.58623215259504, 34.45]]}}, {"type": "Feature", "id": "184-01-0-0", "properties": {"name": "184-01 摩耶活動セグメント", "source": "AIST active-fault download · internal snapshot label 150219-2; retrieved 2026-10-09", "url": "https://gbank.gsj.jp/activefault/cgi-bin/segment_param.cgi?SearchTYPE=&fval_type1=184-01&segment_id=184-01&topic_list=2&search_mode=0"}, "geometry": {"type": "LineString", "coordinates": [[135.212751779, 34.6195699883], [135.218032138, 34.6248455068], [135.2247082496, 34.6338436321], [135.2304545207, 34.6405150018], [135.2338711005, 34.6440836725], [135.241017295, 34.6493602335], [135.2455207271, 34.6544807519], [135.249245155, 34.6617700048], [135.2495498785, 34.6692111619]]}}, {"type": "Feature", "id": "184-01-1-0", "properties": {"name": "184-01 摩耶活動セグメント", "source": "AIST active-fault download · internal snapshot label 150219-2; retrieved 2026-10-09", "url": "https://gbank.gsj.jp/activefault/cgi-bin/segment_param.cgi?SearchTYPE=&fval_type1=184-01&segment_id=184-01&topic_list=2&search_mode=0"}, "geometry": {"type": "LineString", "coordinates": [[135.212751779, 34.6195699883], [135.21601029, 34.6256193722], [135.2195787011, 34.6338385154], [135.2246988923, 34.6445394106], [135.2267165849, 34.648417014], [135.2324566328, 34.6617546222], [135.2386626497, 34.6747822763]]}}, {"type": "Feature", "id": "184-01-2-0", "properties": {"name": "184-01 摩耶活動セグメント", "source": "AIST active-fault download · internal snapshot label 150219-2; retrieved 2026-10-09", "url": "https://gbank.gsj.jp/activefault/cgi-bin/segment_param.cgi?SearchTYPE=&fval_type1=184-01&segment_id=184-01&topic_list=2&search_mode=0"}, "geometry": {"type": "LineString", "coordinates": [[135.1650487333, 34.5968924882], [135.1765465402, 34.6023291298], [135.1833848659, 34.6045050375], [135.1997022383, 34.6102567534], [135.2087142846, 34.6150704098], [135.212751779, 34.6195699883]]}}, {"type": "Feature", "id": "184-02-0-0", "properties": {"name": "184-02 和田岬活動セグメント", "source": "AIST active-fault download · internal snapshot label 150219-2; retrieved 2026-10-09", "url": "https://gbank.gsj.jp/activefault/cgi-bin/segment_param.cgi?SearchTYPE=&fval_type1=184-02&segment_id=184-02&topic_list=2&search_mode=0"}, "geometry": {"type": "LineString", "coordinates": [[135.1622479126, 34.5989051946], [135.1642666264, 34.6021618688], [135.1675230552, 34.6106919692], [135.1700056452, 34.61642937080001], [135.1782293567, 34.6333346281], [135.1804009997, 34.638297111], [135.1819527438, 34.641864739], [135.1839704573, 34.6451214131], [135.1850542011, 34.6499288888], [135.1870687851, 34.6570611202], [135.1895492968, 34.6651252557], [135.1915649479, 34.6702427171], [135.1926507744, 34.6725684762]]}}, {"type": "Feature", "id": "184-03-0-0", "properties": {"name": "184-03 大阪湾活動セグメント", "source": "AIST active-fault download · internal snapshot label 150219-2; retrieved 2026-10-09", "url": "https://gbank.gsj.jp/activefault/cgi-bin/segment_param.cgi?SearchTYPE=&fval_type1=184-03&segment_id=184-03&topic_list=2&search_mode=0"}, "geometry": {"type": "LineString", "coordinates": [[135.06906425691608, 34.45], [135.0694129687, 34.4514989001], [135.0738681692, 34.46384659340001], [135.076665591, 34.47390151040001], [135.0820095318, 34.4917205996], [135.083536229, 34.4968120536], [135.0840430791, 34.4999937022], [135.0858237034, 34.5066119877], [135.0892631858, 34.5131053251], [135.0967811193, 34.5253281014], [135.0999677249, 34.5287667815], [135.1067238855, 34.5361530923], [135.1148818422, 34.5459591588], [135.1181943689, 34.5514336095], [135.1364251763, 34.5691380039], [135.1467509032, 34.580090989], [135.1510864029, 34.5836576806], [135.1543999756, 34.5877332909], [135.1575875975, 34.5906620293], [135.1606472263, 34.59371975]]}}, {"type": "Feature", "id": "185-01-0-0", "properties": {"name": "185-01 仮屋沖活動セグメント", "source": "AIST active-fault download · internal snapshot label 150219-2; retrieved 2026-10-09", "url": "https://gbank.gsj.jp/activefault/cgi-bin/segment_param.cgi?SearchTYPE=&fval_type1=185-01&segment_id=185-01&topic_list=2&search_mode=0"}, "geometry": {"type": "LineString", "coordinates": [[135.0605211405, 34.5907248129], [135.0655864809, 34.5971481945], [135.073186559, 34.6047415], [135.0805906089, 34.6136956457], [135.0883846501, 34.6218718891]]}}, {"type": "Feature", "id": "185-01-1-0", "properties": {"name": "185-01 仮屋沖活動セグメント", "source": "AIST active-fault download · internal snapshot label 150219-2; retrieved 2026-10-09", "url": "https://gbank.gsj.jp/activefault/cgi-bin/segment_param.cgi?SearchTYPE=&fval_type1=185-01&segment_id=185-01&topic_list=2&search_mode=0"}, "geometry": {"type": "LineString", "coordinates": [[135.0344156086, 34.555494243], [135.0353884326, 34.558218954], [135.0447381251, 34.5728154996], [135.0494124809, 34.5798218057], [135.05194409, 34.5848812854], [135.0548646582, 34.5901357517]]}}, {"type": "Feature", "id": "185-01-2-0", "properties": {"name": "185-01 仮屋沖活動セグメント", "source": "AIST active-fault download · internal snapshot label 150219-2; retrieved 2026-10-09", "url": "https://gbank.gsj.jp/activefault/cgi-bin/segment_param.cgi?SearchTYPE=&fval_type1=185-01&segment_id=185-01&topic_list=2&search_mode=0"}, "geometry": {"type": "LineString", "coordinates": [[135.0229356437, 34.5245565142], [135.0280020044, 34.5303969624], [135.0305326013, 34.53584539790001], [135.0330611016, 34.5442115003], [135.0342247801, 34.5508257716]]}}, {"type": "Feature", "id": "185-01-3-0", "properties": {"name": "185-01 仮屋沖活動セグメント", "source": "AIST active-fault download · internal snapshot label 150219-2; retrieved 2026-10-09", "url": "https://gbank.gsj.jp/activefault/cgi-bin/segment_param.cgi?SearchTYPE=&fval_type1=185-01&segment_id=185-01&topic_list=2&search_mode=0"}, "geometry": {"type": "LineString", "coordinates": [[135.0190318909, 34.5274710931], [135.0194145676, 34.5362241027], [135.0197972635, 34.5443941787], [135.0199901693, 34.5467279167]]}}, {"type": "Feature", "id": "185-01-4-0", "properties": {"name": "185-01 仮屋沖活動セグメント", "source": "AIST active-fault download · internal snapshot label 150219-2; retrieved 2026-10-09", "url": "https://gbank.gsj.jp/activefault/cgi-bin/segment_param.cgi?SearchTYPE=&fval_type1=185-01&segment_id=185-01&topic_list=2&search_mode=0"}, "geometry": {"type": "LineString", "coordinates": [[134.9974254252, 34.4780452436], [135.0013198129, 34.4862183993], [135.0038504232, 34.4912778794], [135.005408164, 34.4949754928], [135.0106674441, 34.5027607235], [135.0128080692, 34.5084031282], [135.01650648, 34.5163813015], [135.0188410686, 34.5226076438]]}}, {"type": "Feature", "id": "189-05-0-0", "properties": {"name": "189-05 琵琶甲活動セグメント", "source": "AIST active-fault download · internal snapshot label 150219-2; retrieved 2026-10-09", "url": "https://gbank.gsj.jp/activefault/cgi-bin/segment_param.cgi?SearchTYPE=&fval_type1=189-05&segment_id=189-05&topic_list=2&search_mode=0"}, "geometry": {"type": "LineString", "coordinates": [[134.8832650216, 34.8835202652], [134.8908855477, 34.8775311258], [134.8942573663, 34.8740376034], [134.8980012147, 34.8686733039], [134.9034968956, 34.8636830014], [134.9091155948, 34.8578188019], [134.9151092861, 34.8512066966], [134.9224768892, 34.8435967369], [134.9340951416, 34.8352349601], [134.9449654102, 34.8283709945], [134.9522109577, 34.8227558031], [134.9653281283, 34.8128972317], [134.9739466089, 34.8056602572], [134.9786923316, 34.8014178514], [134.9845678793, 34.7994202141], [134.9893155476, 34.7967986226], [134.995440086, 34.794426034], [135.0039384565, 34.7908056424], [135.0104389326, 34.7893049624]]}}, {"type": "Feature", "id": "189-05-1-0", "properties": {"name": "189-05 琵琶甲活動セグメント", "source": "AIST active-fault download · internal snapshot label 150219-2; retrieved 2026-10-09", "url": "https://gbank.gsj.jp/activefault/cgi-bin/segment_param.cgi?SearchTYPE=&fval_type1=189-05&segment_id=189-05&topic_list=2&search_mode=0"}, "geometry": {"type": "LineString", "coordinates": [[134.8582659799, 34.8911408219], [134.8680142421, 34.8873944736], [134.8743868116, 34.8834010768], [134.882009279, 34.8791567373], [134.8840081313, 34.878282883]]}}, {"type": "Feature", "id": "189-05-2-0", "properties": {"name": "189-05 琵琶甲活動セグメント", "source": "AIST active-fault download · internal snapshot label 150219-2; retrieved 2026-10-09", "url": "https://gbank.gsj.jp/activefault/cgi-bin/segment_param.cgi?SearchTYPE=&fval_type1=189-05&segment_id=189-05&topic_list=2&search_mode=0"}, "geometry": {"type": "LineString", "coordinates": [[134.8136668316, 34.9239600401], [134.8192865259, 34.9182208269], [134.8261561219, 34.912107685], [134.8328997501, 34.9053696118], [134.8367725032, 34.9025000293], [134.8445199548, 34.8983806783], [134.8520164622, 34.893264436], [134.8598869449, 34.8878982309], [134.864384647, 34.884902677], [134.8673814945, 34.8815341317], [134.8692543872, 34.8797873747]]}}, {"type": "Feature", "id": "189-05-3-0", "properties": {"name": "189-05 琵琶甲活動セグメント", "source": "AIST active-fault download · internal snapshot label 150219-2; retrieved 2026-10-09", "url": "https://gbank.gsj.jp/activefault/cgi-bin/segment_param.cgi?SearchTYPE=&fval_type1=189-05&segment_id=189-05&topic_list=2&search_mode=0"}, "geometry": {"type": "LineString", "coordinates": [[134.8, 34.94772650858133], [134.8061937624, 34.9457863634], [134.8104424485, 34.9439136751], [134.816189073, 34.9399202645], [134.8211857765, 34.9355528798], [134.8260555206, 34.9303125923], [134.8273034727, 34.9284418355]]}}, {"type": "Feature", "id": "191-01-0-0", "properties": {"name": "191-01 志筑活動セグメント", "source": "AIST active-fault download · internal snapshot label 150219-2; retrieved 2026-10-09", "url": "https://gbank.gsj.jp/activefault/cgi-bin/segment_param.cgi?SearchTYPE=&fval_type1=191-01&segment_id=191-01&topic_list=2&search_mode=0"}, "geometry": {"type": "LineString", "coordinates": [[134.8878208807, 34.453555564], [134.8884309173, 34.4508038917], [134.8889263662525, 34.45]]}}, {"type": "Feature", "id": "191-01-1-0", "properties": {"name": "191-01 志筑活動セグメント", "source": "AIST active-fault download · internal snapshot label 150219-2; retrieved 2026-10-09", "url": "https://gbank.gsj.jp/activefault/cgi-bin/segment_param.cgi?SearchTYPE=&fval_type1=191-01&segment_id=191-01&topic_list=2&search_mode=0"}, "geometry": {"type": "LineString", "coordinates": [[134.8648637154, 34.489731918], [134.8654738055, 34.4853514318], [134.8671038225, 34.4804600269], [134.8695517808, 34.4751616869], [134.8722037044, 34.4703722932], [134.8748566145, 34.4659898531]]}}, {"type": "Feature", "id": "191-01-2-0", "properties": {"name": "191-01 志筑活動セグメント", "source": "AIST active-fault download · internal snapshot label 150219-2; retrieved 2026-10-09", "url": "https://gbank.gsj.jp/activefault/cgi-bin/segment_param.cgi?SearchTYPE=&fval_type1=191-01&segment_id=191-01&topic_list=2&search_mode=0"}, "geometry": {"type": "LineString", "coordinates": [[134.8624205858, 34.5002266647], [134.8648685476, 34.4948263365], [134.8668055175, 34.4905468687], [134.8676205427, 34.4875922244], [134.8675166389, 34.4849425245]]}}, {"type": "Feature", "id": "191-01-3-0", "properties": {"name": "191-01 志筑活動セグメント", "source": "AIST active-fault download · internal snapshot label 150219-2; retrieved 2026-10-09", "url": "https://gbank.gsj.jp/activefault/cgi-bin/segment_param.cgi?SearchTYPE=&fval_type1=191-01&segment_id=191-01&topic_list=2&search_mode=0"}, "geometry": {"type": "LineString", "coordinates": [[134.8693795135, 34.5141812281], [134.8695757978, 34.5050122795], [134.8703879373, 34.4985930308], [134.8716100037, 34.4932956631], [134.872730039, 34.4892191538], [134.8747690434, 34.4836158394], [134.8774209537, 34.4792333994], [134.8794618843, 34.4758708291], [134.8803798737, 34.473731094], [134.883030851, 34.4673108865], [134.8859887611, 34.4621135462], [134.8905825037, 34.4576291614], [134.8930314085, 34.4539606351], [134.8941514336, 34.4501900906], [134.8941644345467, 34.45]]}}, {"type": "Feature", "id": "191-01-4-0", "properties": {"name": "191-01 志筑活動セグメント", "source": "AIST active-fault download · internal snapshot label 150219-2; retrieved 2026-10-09", "url": "https://gbank.gsj.jp/activefault/cgi-bin/segment_param.cgi?SearchTYPE=&fval_type1=191-01&segment_id=191-01&topic_list=2&search_mode=0"}, "geometry": {"type": "LineString", "coordinates": [[134.8610349241, 34.5544274425], [134.8626649852, 34.5482121894], [134.8645990831, 34.5400611643], [134.866330172, 34.5327250414]]}}, {"type": "Feature", "id": "232-01-0-0", "properties": {"name": "232-01 草谷活動セグメント", "source": "AIST active-fault download · internal snapshot label 150219-2; retrieved 2026-10-09", "url": "https://gbank.gsj.jp/activefault/cgi-bin/segment_param.cgi?SearchTYPE=&fval_type1=232-01&segment_id=232-01&topic_list=2&search_mode=0"}, "geometry": {"type": "LineString", "coordinates": [[134.9160747478, 34.7450478835], [134.9172445766, 34.7470846768], [134.9190022709, 34.7515952002], [134.9216319609, 34.7539219935], [134.9284952527, 34.7569737999], [134.9343366638, 34.759153683], [134.9384242542, 34.7606066095]]}}, {"type": "Feature", "id": "232-01-1-0", "properties": {"name": "232-01 草谷活動セグメント", "source": "AIST active-fault download · internal snapshot label 150219-2; retrieved 2026-10-09", "url": "https://gbank.gsj.jp/activefault/cgi-bin/segment_param.cgi?SearchTYPE=&fval_type1=232-01&segment_id=232-01&topic_list=2&search_mode=0"}, "geometry": {"type": "LineString", "coordinates": [[134.9119793278, 34.7385005402], [134.9192825421, 34.7427172232], [134.9230801144, 34.7454799931], [134.924396935, 34.7473718064], [134.9287823632, 34.752899273], [134.9309731163, 34.7544991396], [134.9390052805, 34.7582778894], [134.9562364912, 34.7662723657], [134.9765363577, 34.7764486623], [134.9893880133, 34.7826992392], [134.9934765937, 34.7844431326], [135.0004839164, 34.7861860927], [135.009096112, 34.7874911395]]}}, {"type": "Feature", "id": "232-01-2-0", "properties": {"name": "232-01 草谷活動セグメント", "source": "AIST active-fault download · internal snapshot label 150219-2; retrieved 2026-10-09", "url": "https://gbank.gsj.jp/activefault/cgi-bin/segment_param.cgi?SearchTYPE=&fval_type1=232-01&segment_id=232-01&topic_list=2&search_mode=0"}, "geometry": {"type": "LineString", "coordinates": [[134.8884687585, 34.7278902217], [134.8962099293, 34.7322518979], [134.9027802665, 34.734722764], [134.9064318615, 34.7371945639], [134.9084756616, 34.7377755437]]}}, {"type": "Feature", "id": "258-01-0-0", "properties": {"name": "258-01 淡河活動セグメント", "source": "AIST active-fault download · internal snapshot label 150219-2; retrieved 2026-10-09", "url": "https://gbank.gsj.jp/activefault/cgi-bin/segment_param.cgi?SearchTYPE=&fval_type1=258-01&segment_id=258-01&topic_list=2&search_mode=0"}, "geometry": {"type": "LineString", "coordinates": [[135.2070830135, 34.8061005384], [135.2171110605, 34.8081395353], [135.2248863543, 34.8087506439], [135.2355254371, 34.8081379584], [135.2428898224, 34.8071172445], [135.2512771795, 34.8042617639]]}}, {"type": "Feature", "id": "258-01-1-0", "properties": {"name": "258-01 淡河活動セグメント", "source": "AIST active-fault download · internal snapshot label 150219-2; retrieved 2026-10-09", "url": "https://gbank.gsj.jp/activefault/cgi-bin/segment_param.cgi?SearchTYPE=&fval_type1=258-01&segment_id=258-01&topic_list=2&search_mode=0"}, "geometry": {"type": "LineString", "coordinates": [[135.1741438428, 34.8083475255], [135.1813032663, 34.8067148766], [135.1894866065, 34.8048792744], [135.1937822552, 34.8040624664], [135.199306768, 34.8040625932]]}}, {"type": "Feature", "id": "258-01-2-0", "properties": {"name": "258-01 淡河活動セグメント", "source": "AIST active-fault download · internal snapshot label 150219-2; retrieved 2026-10-09", "url": "https://gbank.gsj.jp/activefault/cgi-bin/segment_param.cgi?SearchTYPE=&fval_type1=258-01&segment_id=258-01&topic_list=2&search_mode=0"}, "geometry": {"type": "LineString", "coordinates": [[135.0886126233, 34.8014213599], [135.0922962639, 34.8024403275], [135.096183907, 34.8028483697], [135.105802962, 34.805702263], [135.114603103, 34.8081481843], [135.1254490703, 34.8103911758], [135.1307686009, 34.8103902977], [135.13731603, 34.8101854711], [135.1471371428, 34.81079662620001], [135.1536855239, 34.8120196362], [135.1592100364, 34.8120197628], [135.1663714116, 34.8118149504], [135.1704620919, 34.8105911843], [135.1751686699, 34.810794269], [135.1796693004, 34.8099784656], [135.1862157574, 34.80895773260001]]}}, {"type": "Feature", "id": "259-01-0-0", "properties": {"name": "259-01 湯槽谷活動セグメント", "source": "AIST active-fault download · internal snapshot label 150219-2; retrieved 2026-10-09", "url": "https://gbank.gsj.jp/activefault/cgi-bin/segment_param.cgi?SearchTYPE=&fval_type1=259-01&segment_id=259-01&topic_list=2&search_mode=0"}, "geometry": {"type": "LineString", "coordinates": [[135.111495919, 34.7622633652], [135.1258167175, 34.7604269028], [135.1446400986, 34.7592014736], [135.1612136236, 34.7596078064], [135.1743084349, 34.7606259898], [135.1867903209, 34.7610332292], [135.195793493, 34.7620523189], [135.2068444298, 34.7647022692], [135.2162594765, 34.7683720654], [135.2332467939, 34.7738768256], [135.2471653268, 34.7810133289], [135.2590390259, 34.7885577388]]}}, {"type": "Feature", "id": "259-01-1-0", "properties": {"name": "259-01 湯槽谷活動セグメント", "source": "AIST active-fault download · internal snapshot label 150219-2; retrieved 2026-10-09", "url": "https://gbank.gsj.jp/activefault/cgi-bin/segment_param.cgi?SearchTYPE=&fval_type1=259-01&segment_id=259-01&topic_list=2&search_mode=0"}, "geometry": {"type": "LineString", "coordinates": [[135.2203549712, 34.7726546695], [135.2262913519, 34.7755084793], [135.2361182452, 34.7826458885], [135.2416456136, 34.7869275256], [135.2463541023, 34.7897823072]]}}, {"type": "Feature", "id": "259-01-2-0", "properties": {"name": "259-01 湯槽谷活動セグメント", "source": "AIST active-fault download · internal snapshot label 150219-2; retrieved 2026-10-09", "url": "https://gbank.gsj.jp/activefault/cgi-bin/segment_param.cgi?SearchTYPE=&fval_type1=259-01&segment_id=259-01&topic_list=2&search_mode=0"}, "geometry": {"type": "LineString", "coordinates": [[135.2230281857, 34.7889688646], [135.2303955019, 34.7899879172], [135.2391946851, 34.7912109794], [135.2451291139, 34.79263795240001]]}}, {"type": "Feature", "id": "259-01-3-0", "properties": {"name": "259-01 湯槽谷活動セグメント", "source": "AIST active-fault download · internal snapshot label 150219-2; retrieved 2026-10-09", "url": "https://gbank.gsj.jp/activefault/cgi-bin/segment_param.cgi?SearchTYPE=&fval_type1=259-01&segment_id=259-01&topic_list=2&search_mode=0"}, "geometry": {"type": "LineString", "coordinates": [[135.209508044, 34.7691888171], [135.2115577328, 34.773062421], [135.214632242, 34.779588745], [135.2166809376, 34.7832593721], [135.219548568, 34.7867260414]]}}, {"type": "Feature", "id": "259-01-4-0", "properties": {"name": "259-01 湯槽谷活動セグメント", "source": "AIST active-fault download · internal snapshot label 150219-2; retrieved 2026-10-09", "url": "https://gbank.gsj.jp/activefault/cgi-bin/segment_param.cgi?SearchTYPE=&fval_type1=259-01&segment_id=259-01&topic_list=2&search_mode=0"}, "geometry": {"type": "LineString", "coordinates": [[135.2242637672, 34.7981458431], [135.2338818574, 34.799980854], [135.2383834331, 34.8007958642], [135.2449308491, 34.8009989914]]}}, {"type": "Feature", "id": "259-01-5-0", "properties": {"name": "259-01 湯槽谷活動セグメント", "source": "AIST active-fault download · internal snapshot label 150219-2; retrieved 2026-10-09", "url": "https://gbank.gsj.jp/activefault/cgi-bin/segment_param.cgi?SearchTYPE=&fval_type1=259-01&segment_id=259-01&topic_list=2&search_mode=0"}, "geometry": {"type": "LineString", "coordinates": [[135.1935599964, 34.7826499115], [135.200313353, 34.7840769031], [135.2054308056, 34.786930694], [135.2093193941, 34.7889705498], [135.211162211, 34.78958152220001], [135.2154617013, 34.7934561776], [135.2199652149, 34.7961069777]]}}, {"type": "Feature", "id": "259-01-6-0", "properties": {"name": "259-01 湯槽谷活動セグメント", "source": "AIST active-fault download · internal snapshot label 150219-2; retrieved 2026-10-09", "url": "https://gbank.gsj.jp/activefault/cgi-bin/segment_param.cgi?SearchTYPE=&fval_type1=259-01&segment_id=259-01&topic_list=2&search_mode=0"}, "geometry": {"type": "LineString", "coordinates": [[135.1626464424, 34.7612386527], [135.1759510637, 34.7673562575], [135.1841382116, 34.771230002], [135.1913034152, 34.77612360640001], [135.1958088531, 34.7810181497]]}}, {"type": "Feature", "id": "259-01-7-0", "properties": {"name": "259-01 湯槽谷活動セグメント", "source": "AIST active-fault download · internal snapshot label 150219-2; retrieved 2026-10-09", "url": "https://gbank.gsj.jp/activefault/cgi-bin/segment_param.cgi?SearchTYPE=&fval_type1=259-01&segment_id=259-01&topic_list=2&search_mode=0"}, "geometry": {"type": "LineString", "coordinates": [[135.1045462446, 34.7708292261], [135.1135513543, 34.7736841053], [135.1184638524, 34.7757229843], [135.1225583816, 34.7789847047], [135.1258330653, 34.7798006862], [135.1364702092, 34.77735220980001], [135.1448584968, 34.7765354953], [135.1567264158, 34.7775546504], [135.1667534836, 34.7789807169], [135.1845577558, 34.7836695884], [135.1882423691, 34.7855054628], [135.1931539017, 34.7865244589], [135.201136088, 34.7897862687], [135.2101421428, 34.7942719621]]}}, {"type": "Feature", "id": "260-01-0-0", "properties": {"name": "260-01 高塚山活動セグメント", "source": "AIST active-fault download · internal snapshot label 150219-2; retrieved 2026-10-09", "url": "https://gbank.gsj.jp/activefault/cgi-bin/segment_param.cgi?SearchTYPE=&fval_type1=260-01&segment_id=260-01&topic_list=2&search_mode=0"}, "geometry": {"type": "LineString", "coordinates": [[135.0744066005, 34.7201863322], [135.0789429273, 34.7283465023], [135.0829543933, 34.7337289781]]}}, {"type": "Feature", "id": "260-01-1-0", "properties": {"name": "260-01 高塚山活動セグメント", "source": "AIST active-fault download · internal snapshot label 150219-2; retrieved 2026-10-09", "url": "https://gbank.gsj.jp/activefault/cgi-bin/segment_param.cgi?SearchTYPE=&fval_type1=260-01&segment_id=260-01&topic_list=2&search_mode=0"}, "geometry": {"type": "LineString", "coordinates": [[135.0710430717, 34.6550737005], [135.0689474705, 34.6486493871]]}}, {"type": "Feature", "id": "260-01-2-0", "properties": {"name": "260-01 高塚山活動セグメント", "source": "AIST active-fault download · internal snapshot label 150219-2; retrieved 2026-10-09", "url": "https://gbank.gsj.jp/activefault/cgi-bin/segment_param.cgi?SearchTYPE=&fval_type1=260-01&segment_id=260-01&topic_list=2&search_mode=0"}, "geometry": {"type": "LineString", "coordinates": [[135.0638132038, 34.759948541], [135.0662481518, 34.7550871529], [135.0702499965, 34.7491829199], [135.07129298, 34.746926202], [135.0723331267, 34.7398070403], [135.0735443337, 34.7304301407], [135.0731905799, 34.7240058676], [135.0726618879, 34.7161927493], [135.0702154114, 34.7069897461], [135.0693339185, 34.6941411953], [135.0684533788, 34.6826814856], [135.0689705593, 34.6759092717], [135.0696617127, 34.6694850218], [135.0700039201, 34.6623658434], [135.0710469497, 34.6587202838]]}}, {"type": "Feature", "id": "261-01-0-0", "properties": {"name": "261-01 御所谷活動セグメント", "source": "AIST active-fault download · internal snapshot label 150219-2; retrieved 2026-10-09", "url": "https://gbank.gsj.jp/activefault/cgi-bin/segment_param.cgi?SearchTYPE=&fval_type1=261-01&segment_id=261-01&topic_list=2&search_mode=0"}, "geometry": {"type": "LineString", "coordinates": [[134.9971111482, 34.936936734], [135.005827262, 34.9403415427], [135.01078372, 34.9434063045], [135.0191578697, 34.946641125], [135.0261651519, 34.9495349534], [135.0307816053, 34.9536215902], [135.0432621095, 34.9651995475], [135.0504432494, 34.9718399501], [135.0554007127, 34.9747347316], [135.0612120774, 34.9783104545], [135.0824048791, 34.9878438468], [135.0983002013, 34.9958462935], [135.10559835183534, 35.0]]}}, {"type": "Feature", "id": "316-01-0-0", "properties": {"name": "316-01 淡路島西沖活動セグメント", "source": "AIST active-fault download · internal snapshot label 150219-2; retrieved 2026-10-09", "url": "https://gbank.gsj.jp/activefault/cgi-bin/segment_param.cgi?SearchTYPE=&fval_type1=316-01&segment_id=316-01&topic_list=2&search_mode=0"}, "geometry": {"type": "LineString", "coordinates": [[134.8, 34.485296213317866], [134.805379025, 34.4877308079], [134.8085536523, 34.4905605561], [134.8127330871, 34.4965539656], [134.8142378889, 34.49855177130001], [134.8167446078, 34.5003816187], [134.822426899, 34.5067070241], [134.8242656658, 34.5088718183]]}}]}