{"type":"FeatureCollection","features":[{"type":"Feature","properties":{"N06_001":2014,"N06_002":2014,"N06_003":9999,"N06_004":"EA02_209004","N06_005":null,"N06_006":null,"N06_007":"阪神高速12号守口線","N06_008":"5","N06_009":"1","N06_010":4,"N06_011":null},"geometry":{"type":"LineString","coordinates":[[135.57565724,34.75485441],[135.57530815,34.75438453],[135.57480308,34.75371326],[135.57414946,34.75284059],[135.57365925,34.75220593],[135.57332501,34.75185198],[135.573181,34.751721]]}},{"type":"Feature","properties":{"N06_001":1964,"N06_002":1964,"N06_003":9999,"N06_004":"EA02_018017","N06_005":null,"N06_006":null,"N06_007":"中央自動車道西宮線","N06_008":"1","N06_009":"1","N06_010":4,"N06_011":null},"geometry":{"type":"LineString","coordinates":[[135.354987,34.726531],[135.35563,34.726866],[135.356038,34.727224],[135.356625,34.727722],[135.357051,34.728134],[135.35738,34.728581],[135.357647,34.729163],[135.358009,34.730169],[135.35837,34.731194],[135.358743,34.73219],[135.358985,34.732793],[135.359221,34.733432],[135.359359,34.734006],[135.359491,34.734867],[135.359517,34.737095],[135.359557,34.738698],[135.359618,34.739646],[135.359754,34.740517],[135.35988,34.740926],[135.360049,34.741288],[135.360425,34.741936],[135.360964,34.742637],[135.361297,34.74298],[135.361774,34.743395],[135.362235,34.743724],[135.362733,34.744024],[135.363239,34.744302],[135.363692,34.744483],[135.364802,34.744803],[135.365543,34.74495],[135.366355,34.745062],[135.367007,34.745116],[135.368297,34.74515],[135.369423,34.745154],[135.370516,34.745108],[135.372242,34.745015],[135.374672,34.744873],[135.376385,34.744769],[135.378167,34.744638],[135.380011,34.744464],[135.381813,34.744291],[135.384303,34.744068],[135.38656,34.743874],[135.387137,34.743828],[135.388231,34.743747],[135.389314,34.743647],[135.390407,34.743558],[135.391533,34.743466],[135.392622,34.743373],[135.393499,34.743289],[135.394775,34.743185],[135.395802,34.7431],[135.397046,34.742988],[135.398134,34.742888],[135.399204,34.742803],[135.401184,34.742633],[135.40245,34.74251],[135.403567,34.742425],[135.405063,34.74229],[135.405842,34.742217],[135.406898,34.742132],[135.407766,34.742036],[135.408526,34.741974],[135.409515,34.741917],[135.410867,34.74192],[135.411814,34.741936],[135.412541,34.741978],[135.413264,34.742036],[135.414179,34.742117],[135.414868,34.742179],[135.4153,34.742226]]}},{"type":"Feature","properties":{"N06_001":1963,"N06_002":1963,"N06_003":9999,"N06_004":"EA02_018020","N06_005":null,"N06_006":null,"N06_007":"中央自動車道西宮線","N06_008":"1","N06_009":"1","N06_010":6,"N06_011":null},"geometry":{"type":"LineString","coordinates":[[135.541821,34.803963],[135.542175,34.804688],[135.542618,34.805623],[135.543062,34.806558],[135.543432,34.807292],[135.543755,34.807893],[135.544034,34.80832],[135.544722,34.809353],[135.545047,34.809842],[135.545603,34.810587],[135.546006,34.811201],[135.546575,34.812005],[135.547091,34.812794],[135.54778,34.813729],[135.548216,34.814381],[135.548388,34.814631],[135.548911,34.815392],[135.549606,34.816371],[135.550162,34.817192],[135.550671,34.817936],[135.551174,34.818687],[135.551915,34.819801],[135.552312,34.820377],[135.552756,34.821013],[135.5531,34.821519],[135.55355,34.822155],[135.554126,34.822965],[135.554655,34.823737],[135.555078,34.824351],[135.555753,34.825286],[135.556283,34.826037],[135.556746,34.826749],[135.557308,34.827542],[135.55799,34.828537],[135.558433,34.829238],[135.558705,34.829586],[135.559049,34.83013],[135.559466,34.830728],[135.559949,34.83131],[135.560306,34.831712],[135.560842,34.832294],[135.56159,34.833049],[135.562596,34.83405],[135.563363,34.834811],[135.564031,34.835425],[135.564667,34.835979],[135.56515,34.836409],[135.565884,34.836996],[135.566831,34.837757],[135.567525,34.838344],[135.568101,34.838828],[135.568816,34.839448],[135.57004,34.840475],[135.570827,34.841106],[135.571926,34.84203],[135.573348,34.843226],[135.574136,34.843878],[135.574897,34.844525],[135.575638,34.845134],[135.576432,34.845797],[135.577206,34.846455],[135.577928,34.847059],[135.578755,34.84776],[135.579516,34.848391],[135.580283,34.849016],[135.581018,34.849652],[135.581752,34.850239],[135.582513,34.850804],[135.583407,34.851397],[135.584022,34.851799],[135.584651,34.852207],[135.585259,34.852609],[135.586093,34.853109],[135.586927,34.853566],[135.5878,34.854012],[135.588972,34.854555],[135.590494,34.855295],[135.591678,34.855817],[135.59279,34.856338],[135.593703,34.856762],[135.594609,34.857186],[135.595609,34.857627],[135.596548,34.858067],[135.597309,34.858415],[135.598381,34.858948],[135.599387,34.859415],[135.600221,34.859801],[135.60124,34.860274],[135.602199,34.86072],[135.603212,34.861198],[135.604185,34.861633],[135.605118,34.862068],[135.605852,34.862411],[135.606937,34.862916],[135.607937,34.863384],[135.609637,34.864178],[135.61057,34.864612],[135.611596,34.865075],[135.612714,34.865607],[135.613852,34.866102],[135.614878,34.866499],[135.616195,34.866917],[135.617207,34.8672],[135.618107,34.867396],[135.618967,34.867532],[135.619656,34.86763],[135.620681,34.867706],[135.62131,34.867744],[135.62215665770321,34.86771611409893],[135.62285730032687,34.86764617114839],[135.6235581291785,34.867553699673124],[135.62418814098925,34.86743905704946],[135.62472546386223,34.867319416306934],[135.6252596727828,34.86718321311829],[135.62625436713688,34.86688405830349],[135.62700887082153,34.866606813772044],[135.62750744384803,34.86640519842216],[135.62812960065375,34.866139927870975],[135.62861124327742,34.86591117114839],[135.630045,34.865232],[135.63107,34.864732],[135.632188,34.86427],[135.633102,34.86396],[135.63416,34.863661],[135.635385,34.863422],[135.636424,34.863292],[135.637443,34.863205],[135.638606,34.86317],[135.639702,34.863194],[135.640644,34.863331],[135.641453,34.863465],[135.642099,34.863587],[135.642807,34.863756],[135.643448,34.863893],[135.643867,34.864045],[135.644432,34.864257],[135.645638,34.864792],[135.646451,34.865208],[135.647274,34.865719],[135.64826,34.866458],[135.648958,34.867119],[135.649619,34.867881],[135.65,34.86832505749129]]}},{"type":"Feature","properties":{"N06_001":1963,"N06_002":1963,"N06_003":9999,"N06_004":"EA02_018021","N06_005":null,"N06_006":null,"N06_007":"中央自動車道西宮線","N06_008":"1","N06_009":"1","N06_010":4,"N06_011":null},"geometry":{"type":"LineString","coordinates":[[135.4153,34.742226],[135.416708,34.742347],[135.417566,34.742416],[135.418373,34.742492],[135.419429,34.742575],[135.420354,34.742647],[135.42204,34.742796],[135.423083,34.742889],[135.423933,34.742948],[135.424774,34.743034],[135.425455,34.743089],[135.426519,34.743179],[135.427617,34.743276],[135.428744,34.743373],[135.429879,34.743469],[135.4308,34.743545],[135.431469,34.743604],[135.432264,34.743677],[135.433332,34.743774],[135.434404,34.74385],[135.43567,34.743964],[135.437079,34.744081],[135.437962,34.744157],[135.439102,34.744254],[135.440502,34.744378],[135.441524,34.744458],[135.442437,34.744537],[135.443472,34.744627],[135.444384,34.744703],[135.445234,34.744779],[135.445806,34.744824],[135.446642,34.744921],[135.447307,34.745007],[135.448114,34.745107],[135.448678,34.745194],[135.449254,34.745297],[135.449847,34.745446],[135.450461,34.745601],[135.451134,34.745819],[135.451601,34.745999],[135.45224,34.746265],[135.452715,34.746475],[135.453304,34.746745],[135.453813,34.747025],[135.454524,34.747429],[135.455466,34.747989],[135.456416,34.748531],[135.457038,34.748894],[135.45748,34.749156],[135.458266,34.749626],[135.459036,34.750065],[135.46019,34.750734],[135.460799,34.751077],[135.461316,34.751382],[135.461887,34.751716],[135.462226,34.751918],[135.462843,34.752287],[135.463055,34.752412],[135.463698,34.752791],[135.464645,34.753377],[135.465406,34.753834],[135.466024,34.754169],[135.466454,34.754392],[135.467229,34.754729],[135.467956,34.754962],[135.46881,34.75518],[135.469988,34.755479],[135.471239,34.7558],[135.472463,34.756099],[135.473343,34.756338],[135.474501,34.756631],[135.475527,34.756903],[135.476599,34.75717],[135.477624,34.757414],[135.47859,34.757653],[135.479464,34.75786],[135.480701,34.758186],[135.481687,34.758431],[135.482891,34.758735],[135.483917,34.758996],[135.485254,34.759333],[135.486107,34.759567],[135.487603,34.759947],[135.488238,34.760132],[135.488979,34.760393],[135.489621,34.760671],[135.49023,34.760953],[135.491189,34.761426],[135.491739,34.761741],[135.492579,34.762231],[135.493327,34.762736],[135.493929,34.76316],[135.494465,34.76359],[135.495147,34.764133],[135.496013,34.764933],[135.497165,34.766069],[135.497628,34.766487],[135.498204,34.767096],[135.498726,34.767629],[135.499196,34.768118],[135.499785,34.768727],[135.500262,34.769205],[135.500765,34.769597],[135.501261,34.769929],[135.501923,34.770331],[135.502584,34.770684],[135.503325,34.770989],[135.504086,34.771217],[135.504708,34.771396],[135.505297,34.771549],[135.505906,34.771668],[135.506561,34.771739],[135.507382,34.771793],[135.508533,34.771864],[135.509962,34.772005],[135.510995,34.772103],[135.512133,34.772282],[135.513225,34.772581],[135.513774,34.772728],[135.514733,34.773027],[135.51566,34.773397],[135.516222,34.773636],[135.516732,34.773897],[135.517585,34.774321],[135.518485,34.774865],[135.519187,34.775365],[135.519829,34.77587],[135.520464,34.776398],[135.521086,34.776985],[135.521873,34.777708],[135.522727,34.77855],[135.5236,34.779431],[135.524229,34.780056],[135.524957,34.780807],[135.526168,34.782008],[135.527088,34.782938],[135.528034,34.783883],[135.529,34.784862],[135.530006,34.785895],[135.530998,34.78689],[135.532011,34.787928],[135.532752,34.788716],[135.533539,34.789526],[135.534221,34.790244],[135.534843,34.790896],[135.535544,34.791733],[135.536233,34.79262],[135.536808,34.793517],[135.537278,34.794294],[135.537602,34.794941],[135.537794,34.795267],[135.538198,34.796099],[135.538635,34.797088],[135.539045,34.798007],[135.539687,34.799382],[135.540362,34.800785],[135.54111,34.80241],[135.541493,34.803248],[135.541821,34.803963]]}},{"type":"Feature","properties":{"N06_001":1973,"N06_002":1973,"N06_003":9999,"N06_004":"EA02_026012","N06_005":null,"N06_006":null,"N06_007":"近畿自動車道名古屋・大阪線","N06_008":"1","N06_009":"3","N06_010":4,"N06_011":null},"geometry":{"type":"LineString","coordinates":[[135.65,34.55673464493997],[135.649977,34.556735],[135.649426,34.556711],[135.648585,34.556587],[135.64782,34.556476],[135.646915,34.55637]]}},{"type":"Feature","properties":{"N06_001":1973,"N06_002":1973,"N06_003":9999,"N06_004":"EA02_026013","N06_005":null,"N06_006":null,"N06_007":"近畿自動車道名古屋・大阪線","N06_008":"1","N06_009":"3","N06_010":6,"N06_011":null},"geometry":{"type":"LineString","coordinates":[[135.646915,34.55637],[135.64618,34.556255],[135.645078,34.556103],[135.643909,34.555951],[135.642791,34.55582],[135.642084,34.555751],[135.641529,34.555682],[135.640604,34.555578],[135.638939,34.555412],[135.637106,34.555295],[135.635424,34.55524],[135.634179,34.55526],[135.633153,34.555288],[135.63195,34.555371],[135.630622,34.555578],[135.629116,34.555875],[135.628073,34.556159],[135.626955,34.556456],[135.626013,34.556767],[135.625021,34.55714],[135.624264,34.557464],[135.623103,34.557934],[135.622044,34.558438],[135.62132,34.558867],[135.620378,34.559447],[135.619361,34.56009],[135.618125,34.560995],[135.61757,34.561465],[135.61688,34.562045],[135.615904,34.56286],[135.615005,34.563648],[135.614088,34.564422],[135.613163,34.565078],[135.612423,34.565562],[135.611624,34.566052],[135.610926,34.56646],[135.610186,34.566854],[135.609303,34.567289],[135.608529,34.567634],[135.608041,34.56789],[135.607368,34.568229],[135.606662,34.568657],[135.606082,34.569065],[135.605619,34.569472],[135.605106,34.570025],[135.604644,34.570626],[135.604223,34.571303],[135.603761,34.572111],[135.603458,34.572643],[135.603121,34.573327],[135.602726,34.574101],[135.602365,34.574903],[135.601995,34.575709],[135.601709,34.576423],[135.601145,34.577639],[135.600725,34.578495],[135.600363,34.579179],[135.600144,34.579539],[135.599732,34.580119],[135.599043,34.580858],[135.598437,34.581383],[135.597764,34.581895],[135.597007,34.582378],[135.596579,34.582655],[135.595872,34.582993],[135.59509,34.583339],[135.594468,34.583546],[135.593601,34.583781],[135.5925,34.584016],[135.591272,34.584209],[135.589734,34.584426],[135.586877,34.584842],[135.585806,34.584976],[135.584805,34.58508],[135.583728,34.585287],[135.582744,34.585543],[135.581828,34.585867],[135.581062,34.586192],[135.58039,34.586544],[135.579624,34.587],[135.578699,34.587615],[135.577825,34.588265],[135.576925,34.588907],[135.575628,34.589894]]}},{"type":"Feature","properties":{"N06_001":1988,"N06_002":1988,"N06_003":9999,"N06_004":"EA02_026014","N06_005":null,"N06_006":null,"N06_007":"近畿自動車道名古屋・大阪線","N06_008":"1","N06_009":"1","N06_010":6,"N06_011":null},"geometry":{"type":"LineString","coordinates":[[135.568586,34.583003],[135.569549,34.583864],[135.570247,34.584437],[135.571004,34.58508],[135.571652,34.585674],[135.572518,34.586468],[135.573039,34.586959],[135.573594,34.58747],[135.574015,34.587885],[135.574578,34.58841],[135.575049,34.58888],[135.57547,34.589515],[135.575628,34.589894],[135.575756,34.590241],[135.575865,34.5908],[135.575907,34.591291],[135.575874,34.591851],[135.575714,34.592721],[135.57547,34.593903],[135.575243,34.594953],[135.575007,34.59592],[135.574772,34.596977],[135.574276,34.598925],[135.574116,34.599582],[135.573847,34.600687],[135.573552,34.601945],[135.573426,34.602615],[135.573275,34.603389],[135.573233,34.604211],[135.573182,34.605372],[135.573199,34.606125],[135.573258,34.606774],[135.573367,34.607748],[135.573468,34.608439],[135.573679,34.609724],[135.573922,34.61074],[135.574192,34.611997],[135.57441,34.613137],[135.574477,34.613752],[135.574486,34.614505],[135.574545,34.615217],[135.57457,34.616654],[135.574612,34.618146],[135.574654,34.619397],[135.574713,34.620433],[135.574772,34.621262],[135.574898,34.621767],[135.575125,34.622395],[135.575394,34.623142],[135.575798,34.62395],[135.576059,34.624482],[135.576437,34.625173],[135.5769,34.625967],[135.577194,34.626423],[135.577589,34.627004],[135.577858,34.627377],[135.578413,34.628033],[135.579019,34.628766],[135.579717,34.629436],[135.580541,34.630051],[135.581315,34.630596],[135.581962,34.631011],[135.583257,34.631647],[135.584225,34.632096],[135.5852,34.632531],[135.585781,34.632846]]}},{"type":"Feature","properties":{"N06_001":1987,"N06_002":1987,"N06_003":9999,"N06_004":"EA02_026015","N06_005":null,"N06_006":null,"N06_007":"近畿自動車道名古屋・大阪線","N06_008":"1","N06_009":"1","N06_010":6,"N06_011":null},"geometry":{"type":"LineString","coordinates":[[135.585781,34.632846],[135.586117,34.633028],[135.586991,34.633553],[135.58733,34.633745],[135.587902,34.634104],[135.588497,34.634521],[135.589102,34.63497],[135.589809,34.635585],[135.590507,34.636193],[135.591087,34.63669],[135.591701,34.637271],[135.592416,34.6381],[135.592988,34.638839],[135.593349,34.639405],[135.593618,34.639944],[135.593854,34.640539],[135.594131,34.641409],[135.594316,34.641955],[135.594468,34.642411],[135.59472,34.643171],[135.595023,34.644076],[135.595292,34.644946],[135.595519,34.645651],[135.596318,34.648014],[135.596554,34.648672],[135.596705,34.649147],[135.596974,34.650032],[135.597235,34.650771],[135.597529,34.651593],[135.597823,34.652567],[135.598168,34.653721],[135.598378,34.654536],[135.598488,34.655082],[135.598546,34.655718],[135.59853,34.657058],[135.598479,34.658067],[135.598454,34.659172],[135.598403,34.660146],[135.59837,34.661017],[135.598319,34.662834],[135.598277,34.663725],[135.598235,34.66499],[135.598202,34.665667],[135.598168,34.666689],[135.598151,34.66738],[135.598126,34.668313],[135.598084,34.669418],[135.59805,34.6708],[135.598042,34.671982],[135.598008,34.672914],[135.597958,34.673667],[135.597832,34.674662],[135.597798,34.675602],[135.597731,34.676486],[135.597495,34.677612],[135.597218,34.678656]]}},{"type":"Feature","properties":{"N06_001":1983,"N06_002":1983,"N06_003":9999,"N06_004":"EA02_026016","N06_005":null,"N06_006":null,"N06_007":"近畿自動車道名古屋・大阪線","N06_008":"1","N06_009":"1","N06_010":6,"N06_011":null},"geometry":{"type":"LineString","coordinates":[[135.597218,34.678656],[135.596991,34.67945],[135.596738,34.680141],[135.596427,34.681122],[135.596141,34.682041],[135.595771,34.683319],[135.595376,34.684653],[135.595031,34.68582],[135.594812,34.686587],[135.594485,34.687706],[135.594173,34.688694],[135.593845,34.689814],[135.593543,34.690767],[135.593307,34.691589],[135.59303,34.69246],[135.592735,34.693538],[135.592449,34.69447],[135.592256,34.695272],[135.592147,34.69597],[135.592076,34.696682]]}},{"type":"Feature","properties":{"N06_001":1976,"N06_002":1976,"N06_003":9999,"N06_004":"EA02_026017","N06_005":null,"N06_006":null,"N06_007":"近畿自動車道名古屋・大阪線","N06_008":"1","N06_009":"1","N06_010":6,"N06_011":null},"geometry":{"type":"LineString","coordinates":[[135.592076,34.696682],[135.592088,34.697828],[135.592105,34.698934],[135.592121,34.699811],[135.592163,34.700778],[135.592189,34.702091],[135.592222,34.703735],[135.592239,34.704979],[135.592273,34.706278],[135.59229,34.707066],[135.592306,34.707618],[135.592276,34.708513]]}},{"type":"Feature","properties":{"N06_001":1976,"N06_002":1976,"N06_003":9999,"N06_004":"EA02_026018","N06_005":null,"N06_006":null,"N06_007":"近畿自動車道名古屋・大阪線","N06_008":"1","N06_009":"1","N06_010":4,"N06_011":null},"geometry":{"type":"LineString","coordinates":[[135.592276,34.708513],[135.592281,34.709442],[135.592231,34.710016],[135.592205,34.710354],[135.592029,34.710907],[135.591777,34.711529],[135.591482,34.712178],[135.590978,34.713152],[135.590271,34.714362],[135.589573,34.715613],[135.588934,34.716683],[135.588051,34.718196],[135.587588,34.719011],[135.586899,34.720165],[135.586285,34.721195],[135.585831,34.721982],[135.584721,34.723903],[135.584006,34.725112],[135.583532,34.725907]]}},{"type":"Feature","properties":{"N06_001":1970,"N06_002":1970,"N06_003":9999,"N06_004":"EA02_026019","N06_005":null,"N06_006":null,"N06_007":"近畿自動車道名古屋・大阪線","N06_008":"1","N06_009":"1","N06_010":4,"N06_011":null},"geometry":{"type":"LineString","coordinates":[[135.583532,34.725907],[135.583232,34.726508],[135.582805,34.727333],[135.582633,34.727728],[135.582544,34.727989],[135.582487,34.728294],[135.582441,34.72861],[135.582374,34.729465],[135.582366,34.730549],[135.582383,34.732214],[135.582341,34.73381],[135.582282,34.734605],[135.582282,34.73542],[135.58229,34.736339],[135.582273,34.737486],[135.582248,34.738813],[135.582248,34.739953],[135.582231,34.740754],[135.582122,34.741694],[135.581954,34.742454],[135.581744,34.742999],[135.581491,34.743538],[135.580861,34.744665],[135.580028,34.746261],[135.579137,34.747877],[135.578388,34.749245],[135.578101,34.749788],[135.577724,34.750544],[135.577354,34.751311],[135.576984,34.752071],[135.576378,34.753356],[135.575764,34.754662],[135.575327,34.75545],[135.574763,34.756292],[135.574284,34.756963],[135.573813,34.757619],[135.57325,34.758372],[135.57272,34.759118],[135.572182,34.759858],[135.571467,34.760832],[135.570264,34.762456],[135.569928,34.762932],[135.569364,34.76372],[135.56875,34.764563],[135.568263,34.76526],[135.567674,34.766027],[135.566984,34.766981],[135.566505,34.767699],[135.566017,34.768418],[135.565504,34.769219],[135.565042,34.769959],[135.564461,34.770912],[135.563974,34.771679],[135.563578,34.772342],[135.563158,34.772985],[135.562737,34.773662],[135.562233,34.774449],[135.561829,34.775078],[135.561526,34.775652],[135.561308,34.776094],[135.561131,34.776508],[135.560971,34.777026],[135.560879,34.777476],[135.560841,34.777846],[135.560824,34.778311],[135.560845,34.778816],[135.560912,34.779272],[135.561089,34.780115],[135.561367,34.780999],[135.561669,34.78187],[135.561972,34.782768],[135.562258,34.783652],[135.562569,34.784509],[135.562847,34.7854],[135.563091,34.786098],[135.563435,34.787162],[135.56373,34.788012],[135.564217,34.789532],[135.564588,34.790693],[135.564882,34.791598],[135.565143,34.792461],[135.565462,34.793325],[135.56574,34.794195],[135.566034,34.795045],[135.56632,34.795978],[135.566539,34.796406],[135.566799,34.797304],[135.566984,34.798216],[135.567035,34.798873],[135.56701,34.799654],[135.566875,34.800455],[135.566698,34.801022],[135.566404,34.801567],[135.565925,34.802244],[135.565403,34.802894],[135.564697,34.80373],[135.564133,34.804365],[135.563562,34.805063],[135.56304,34.805706],[135.562308,34.806535],[135.561762,34.807191],[135.561409,34.807509],[135.560921,34.807848],[135.560265,34.808103],[135.559743,34.808221],[135.558978,34.808269],[135.557406,34.808262],[135.556052,34.808262],[135.55495,34.808276],[135.553722,34.808262],[135.552519,34.808262],[135.551376,34.808248],[135.550106,34.808207],[135.548222,34.808159],[135.54659,34.808083],[135.545564,34.808007],[135.543755,34.807893]]}},{"type":"Feature","properties":{"N06_001":1989,"N06_002":1989,"N06_003":9999,"N06_004":"EA02_028001","N06_005":null,"N06_006":null,"N06_007":"近畿自動車道紀勢線","N06_008":"1","N06_009":"1","N06_010":6,"N06_011":null},"geometry":{"type":"LineString","coordinates":[[135.568586,34.583003],[135.567096,34.581717],[135.565326,34.580211],[135.564367,34.579354],[135.563777,34.578635],[135.563412,34.577974],[135.563292,34.577683],[135.563226,34.577344],[135.563198,34.576934],[135.563223,34.576597],[135.563366,34.574957],[135.563439,34.574446],[135.563587,34.573615],[135.563787,34.572438],[135.56404,34.571062],[135.56423,34.569807],[135.564651,34.567271],[135.56482,34.566171],[135.565083,34.56457],[135.565315,34.563341],[135.565494,34.562146],[135.565768,34.560346],[135.565903,34.559606],[135.565958,34.559039],[135.566149,34.557898],[135.566351,34.556731],[135.566375,34.555871],[135.566397,34.555388]]}},{"type":"Feature","properties":{"N06_001":1991,"N06_002":1991,"N06_003":9999,"N06_004":"EA02_028002","N06_005":null,"N06_006":null,"N06_007":"近畿自動車道紀勢線","N06_008":"1","N06_009":"1","N06_010":6,"N06_011":null},"geometry":{"type":"LineString","coordinates":[[135.566397,34.555388],[135.566295,34.55469],[135.566121,34.554149],[135.5659,34.553474],[135.565689,34.552876],[135.565502,34.552537],[135.564772,34.551474],[135.564098,34.550678],[135.562918,34.549449],[135.561622,34.548073],[135.56101,34.547441],[135.559999,34.546385],[135.559008,34.545415],[135.55837,34.544898],[135.557744,34.544506],[135.55722,34.544193],[135.556328,34.543759],[135.554193,34.542845],[135.553768,34.542663],[135.55276,34.542256],[135.551548,34.541745],[135.549874,34.541036],[135.548376,34.54043],[135.54685,34.539764],[135.545394,34.539166],[135.543371,34.538292],[135.541748,34.537634],[135.540262,34.536993],[135.538513,34.536284],[135.537523,34.535868],[135.536248,34.53534],[135.535247,34.534916],[135.533824,34.534388],[135.532496,34.533973],[135.531379,34.533722],[135.530199,34.533523],[135.527544,34.533072],[135.525784,34.532795],[135.524267,34.532579],[135.522876,34.532354],[135.521474,34.531999],[135.519624,34.531333],[135.51884,34.531021],[135.518197,34.530779],[135.517006,34.530355],[135.515911,34.529956],[135.514773,34.529515],[135.513945,34.529184],[135.513449,34.528936],[135.512664,34.528632],[135.511976,34.52842],[135.511124,34.528163],[135.509976,34.527717],[135.507991,34.526947],[135.506777,34.52649],[135.506201,34.526263],[135.504593,34.525672],[135.50378,34.525387],[135.502539,34.524928],[135.501453,34.524477],[135.499715,34.523854],[135.498376,34.523344],[135.497291,34.522937],[135.496638,34.52266],[135.496005,34.522366],[135.495226,34.521985],[135.494456,34.521526],[135.493951,34.521188],[135.49335,34.520756],[135.49257,34.520089],[135.491991,34.519475],[135.491369,34.518661],[135.491042,34.518168],[135.490838,34.517727],[135.490494,34.516956],[135.490231,34.516064],[135.490105,34.515259],[135.489957,34.514532],[135.489936,34.51403],[135.489931,34.51271],[135.489914,34.510851]]}},{"type":"Feature","properties":{"N06_001":1993,"N06_002":1993,"N06_003":9999,"N06_004":"EA02_028003","N06_005":null,"N06_006":null,"N06_007":"近畿自動車道紀勢線","N06_008":"1","N06_009":"1","N06_010":4,"N06_011":null},"geometry":{"type":"LineString","coordinates":[[135.489914,34.510851],[135.489936,34.509529],[135.489915,34.508006],[135.489873,34.506976],[135.489778,34.505963],[135.489642,34.505132],[135.489556,34.5048],[135.48942,34.504509],[135.489019,34.503825],[135.488819,34.50344],[135.488502,34.502968],[135.48767,34.501904],[135.487397,34.501553],[135.486996,34.501151],[135.486398,34.500681],[135.486164,34.500536],[135.485568,34.500116],[135.485284,34.499925],[135.484815,34.499671],[135.483898,34.499238],[135.482855,34.49877],[135.481548,34.498225],[135.480083,34.497619],[135.478745,34.497091],[135.478026,34.496808],[135.476098,34.496053],[135.474912,34.49559],[135.473881,34.495173],[135.472525,34.494666],[135.471224,34.494165],[135.470363,34.493775],[135.469725,34.493413],[135.468851,34.492767],[135.467983,34.492049],[135.466986,34.49082],[135.466635,34.490367],[135.466329,34.489869],[135.466065,34.489418],[135.465836,34.488932],[135.465626,34.488267],[135.46552,34.487476],[135.465451,34.486934],[135.465407,34.485773],[135.465397,34.48425],[135.465395,34.483536],[135.465289,34.482652],[135.465122,34.481886],[135.464817,34.481084],[135.464295,34.479987],[135.463699,34.478734],[135.463434,34.478127],[135.463292,34.477765],[135.46317,34.477153],[135.463078,34.476512],[135.463082,34.475621],[135.463095,34.47502],[135.463244,34.474329],[135.463435,34.473629],[135.463909,34.472559],[135.464383,34.471551],[135.464749,34.470587],[135.464878,34.46998],[135.464865,34.469073],[135.464702,34.468276],[135.464366,34.467377],[135.463909,34.466572],[135.463326,34.465836],[135.462444,34.464907],[135.461604,34.464206],[135.460415,34.463317],[135.459116,34.462463],[135.457977,34.4618],[135.456526,34.460987],[135.454438,34.459862],[135.452635,34.458865],[135.450906,34.457941],[135.449381,34.457106],[135.44814,34.456415],[135.447548,34.456048],[135.446858,34.45555],[135.446384,34.455118],[135.44607,34.45472],[135.445765,34.454145],[135.445553,34.453587],[135.44543,34.453166],[135.445361,34.452695],[135.445367,34.452027],[135.445434,34.451085],[135.445513,34.450197],[135.445516,34.44902],[135.445449,34.448541],[135.445008,34.447422],[135.444628,34.446575],[135.444208,34.44569],[135.443842,34.444804],[135.443618,34.444225],[135.443456,34.443401],[135.443449,34.442928],[135.443449,34.442577],[135.443489,34.442109],[135.443625,34.441257],[135.443788,34.440478],[135.443982,34.439782],[135.444289,34.438863],[135.444456,34.438348]]}},{"type":"Feature","properties":{"N06_001":1990,"N06_002":1990,"N06_003":9999,"N06_004":"EA02_028004","N06_005":null,"N06_006":null,"N06_007":"近畿自動車道紀勢線","N06_008":"1","N06_009":"1","N06_010":4,"N06_011":null},"geometry":{"type":"LineString","coordinates":[[135.444456,34.438348],[135.444669,34.437688],[135.445102,34.436232],[135.445533,34.434814],[135.445774,34.434101],[135.446295,34.432346],[135.446666,34.431218],[135.447122,34.429759],[135.447394,34.42885],[135.447564,34.428236],[135.447659,34.427968],[135.447806,34.427655],[135.448168,34.426711],[135.448393,34.426084],[135.448506,34.425632],[135.448593,34.424965],[135.448624,34.424445],[135.448594,34.423632],[135.448554,34.423031],[135.448533,34.42268],[135.448192,34.421399],[135.448033,34.420414],[135.44798,34.419987],[135.447976,34.419448],[135.448006,34.418868],[135.448072,34.418429],[135.448167,34.417991],[135.448356,34.417212],[135.448542,34.416537],[135.448764,34.415563],[135.44896,34.414775],[135.449069,34.413878],[135.449065,34.413264],[135.449035,34.412767],[135.448941,34.412158],[135.44877,34.411591],[135.448513,34.410819],[135.448337,34.410314],[135.447964,34.409533],[135.44763,34.408988],[135.447163,34.408337],[135.446608,34.407712],[135.445923,34.407055],[135.445399,34.406606],[135.444633,34.406065],[135.443795,34.405551],[135.442771,34.405055],[135.442259,34.404785],[135.440913,34.404348],[135.439788,34.404064],[135.439069,34.403964],[135.438059,34.403886],[135.437158,34.403864],[135.436168,34.403903],[135.434806,34.404085],[135.433388,34.404443],[135.431931,34.404994],[135.431212,34.405211],[135.430602,34.405367],[135.430053,34.40544],[135.429504,34.405479],[135.428405,34.405484],[135.427341,34.405406],[135.426182,34.405145],[135.425009,34.404677],[135.423551,34.403997],[135.42225,34.403196],[135.421884,34.402951],[135.420541,34.402193],[135.419206,34.401625],[135.417809,34.401124],[135.416291,34.400695],[135.414375,34.400303],[135.413111,34.400077],[135.411538,34.399668],[135.410339,34.399225],[135.409288,34.39878],[135.408135,34.398111],[135.407247,34.397593],[135.406298,34.396897],[135.405315,34.396045],[135.404406,34.395211],[135.403071,34.39418],[135.402115,34.393578],[135.401112,34.393044],[135.399797,34.392392],[135.398644,34.391886],[135.397465,34.391518],[135.396319,34.391117],[135.394692,34.390622],[135.393206,34.390187],[135.391648,34.389703],[135.389411,34.389051],[135.387506,34.388333],[135.386841,34.388043],[135.386116,34.387637],[135.385418,34.387191],[135.384508,34.386466],[135.383879,34.385888],[135.383526,34.385456],[135.383133,34.384975],[135.381962,34.383304],[135.380909,34.381773],[135.380177,34.380977],[135.379547,34.380442],[135.378943,34.380013],[135.378306,34.379646],[135.377601,34.379312],[135.376964,34.379044],[135.375459,34.378521],[135.373879,34.377925],[135.372734,34.377346],[135.371537,34.376517],[135.370924,34.376112],[135.370259,34.375714],[135.369758,34.375424],[135.369086,34.37513],[135.36828,34.374807],[135.367636,34.37464],[135.367134,34.3745],[135.366537,34.374389],[135.36567,34.374239],[135.364585,34.374044],[135.363704,34.373849],[135.362944,34.373587],[135.362063,34.373125],[135.361175,34.372557],[135.360449,34.371933],[135.359921,34.371354],[135.359439,34.370714],[135.358775,34.369873],[135.358192,34.369171],[135.357365,34.368575],[135.35661,34.368167],[135.355807,34.36786],[135.355073,34.367673],[135.354304,34.367556],[135.353609,34.367526],[135.352687,34.367534],[135.351175,34.367634],[135.350226,34.367656],[135.349087,34.367601],[135.347921,34.367462],[135.346816,34.367144],[135.34582,34.366761],[135.34525,34.366571],[135.344566,34.366409],[135.343833,34.366298],[135.342681,34.36632],[135.340993,34.366404],[135.339583,34.366443],[135.338837,34.366331],[135.338322,34.366159],[135.337339,34.365746],[135.336356,34.365407],[135.335705,34.365178],[135.335207,34.365082],[135.334671,34.365013],[135.333417,34.364969],[135.332366,34.365002],[135.331526,34.365058],[135.330454,34.365047],[135.329207,34.364924],[135.328543,34.36474],[135.328007,34.364579],[135.32735,34.364289],[135.326556,34.363727],[135.32617,34.363398],[135.325722,34.362947],[135.324719,34.361995],[135.324001,34.361344],[135.323207,34.360686],[135.322299,34.360157],[135.321235,34.359679],[135.320428,34.359389],[135.319228,34.359005],[135.318028,34.358632],[135.317275,34.358414],[135.315472,34.357891],[135.312713,34.3571],[135.310293,34.356421],[135.309384,34.35631],[135.308191,34.356193],[135.307208,34.356209],[135.305961,34.356365],[135.304537,34.35656],[135.30371,34.356644],[135.302985,34.356666],[135.301852,34.356677],[135.300558,34.356477],[135.29971,34.356265],[135.299249,34.356137],[135.297758,34.355547],[135.29628,34.354834],[135.294551,34.353971],[135.293419,34.353464],[135.291778,34.352629],[135.29009,34.35176],[135.288653,34.351058],[135.287196,34.350212],[135.285955,34.349326],[135.284979,34.34863],[135.283948,34.348051],[135.282816,34.347561],[135.281535,34.347066],[135.280179,34.346592],[135.279406,34.346347],[135.277849,34.345869],[135.27724,34.345721],[135.275135,34.345239],[135.273162,34.34481],[135.272464,34.344643],[135.271549,34.344354],[135.270726,34.343995],[135.269974,34.343534],[135.269346,34.343023],[135.268919,34.342583],[135.268546,34.342098],[135.268204,34.341638],[135.267883,34.341111],[135.26764,34.340519],[135.267481,34.339832],[135.2674,34.338997],[135.267373,34.338243],[135.267467,34.337496],[135.267746,34.336613],[135.268214,34.335568]]}},{"type":"Feature","properties":{"N06_001":1974,"N06_002":1974,"N06_003":9999,"N06_004":"EA02_028005","N06_005":null,"N06_006":null,"N06_007":"近畿自動車道紀勢線","N06_008":"1","N06_009":"1","N06_010":4,"N06_011":null},"geometry":{"type":"LineString","coordinates":[[135.268214,34.335568],[135.268655,34.334693],[135.269337,34.333587],[135.270011,34.332663],[135.270463,34.331906],[135.270657,34.331287],[135.270711,34.330559],[135.270675,34.329627],[135.270507,34.328666],[135.270128,34.327597],[135.26969,34.326878],[135.269062,34.326148],[135.267981,34.325165],[135.267281,34.324343],[135.267004,34.32384],[135.266909,34.323316],[135.266971,34.322603],[135.267184,34.322137],[135.267609,34.321569],[135.268283,34.320871],[135.269036,34.320281],[135.269984,34.319451],[135.270631,34.318723],[135.271012,34.318024],[135.271163,34.317595],[135.271313,34.316882],[135.271331,34.31603],[135.271251,34.315178],[135.27111,34.314551],[135.270923,34.314094],[135.270604,34.313169],[135.270436,34.312296],[135.270403,34.311186],[135.270693,34.308875],[135.270914,34.307237],[135.270844,34.305039],[135.270897,34.304223],[135.271242,34.303117],[135.271632,34.301639],[135.271677,34.300417],[135.2717324806867,34.3]]}},{"type":"Feature","properties":{"N06_001":1988,"N06_002":1988,"N06_003":9999,"N06_004":"EA02_029001","N06_005":null,"N06_006":null,"N06_007":"近畿自動車道敦賀線","N06_008":"1","N06_009":"1","N06_010":4,"N06_011":null},"geometry":{"type":"LineString","coordinates":[[135.151564,34.893507],[135.151609,34.894526],[135.151649,34.894803],[135.151742,34.895178],[135.151867,34.895588],[135.152095,34.896072],[135.152421,34.896653],[135.152741,34.897232],[135.15316,34.897966],[135.153601,34.898822],[135.153784,34.899353],[135.153934,34.900188],[135.154048,34.900746],[135.154212,34.901577],[135.154404,34.90221],[135.154677,34.902824],[135.155124,34.903606],[135.155534,34.904392],[135.155803,34.905013],[135.156045,34.905781],[135.156145,34.906327],[135.15619,34.90672],[135.15614,34.907907],[135.155903,34.909023],[135.155356,34.910483],[135.154842,34.911856],[135.15444,34.913305],[135.154325,34.913774],[135.154268,34.914319],[135.154239,34.914892],[135.154268,34.915507],[135.154349,34.916314],[135.154534,34.917407],[135.154708,34.91797],[135.15493,34.918593],[135.155485,34.91976],[135.156001,34.920652],[135.156541,34.921526],[135.156945,34.922254],[135.157347,34.923013],[135.157711,34.923841],[135.158014,34.924771],[135.158281,34.925563],[135.158506,34.926542],[135.158659,34.92733],[135.158832,34.928966],[135.158889,34.929746],[135.158904,34.930982],[135.15891,34.932783],[135.158853,34.934311],[135.158796,34.934848],[135.158689,34.935524],[135.158411,34.93674],[135.158039,34.937798],[135.157693,34.938546],[135.157041,34.939561],[135.156382,34.940237],[135.155954,34.940641],[135.154777,34.941442],[135.152991,34.942355],[135.150727,34.943293],[135.148794,34.944087],[135.146657,34.944974],[135.144831,34.94596],[135.143896,34.946518],[135.143153,34.947076],[135.141904,34.948173],[135.14102,34.949153],[135.140591,34.949681],[135.139689,34.950879],[135.138465,34.952704],[135.137469,34.953885],[135.136512,34.954802],[135.135965,34.955266],[135.134396,34.956637],[135.133854,34.957277],[135.133567,34.957763],[135.133155,34.958709],[135.133089,34.959428],[135.133089,34.95987],[135.133222,34.960518],[135.133421,34.96093],[135.133854,34.961675],[135.134506,34.962499],[135.135044,34.96303],[135.135823,34.96364],[135.136881,34.964333],[135.137651,34.964782],[135.138285,34.965078],[135.139288,34.96549],[135.140436,34.965879],[135.142059,34.96634],[135.142884,34.966557],[135.143509,34.966759],[135.144206,34.96704],[135.1451,34.967549],[135.145565,34.967901],[135.146144,34.968455],[135.146641,34.969068],[135.147001,34.96984],[135.14716,34.970356],[135.147229,34.970708],[135.14727,34.971648],[135.147183,34.972606],[135.147081,34.973767],[135.147044,34.974457],[135.147094,34.975308],[135.147193,34.976263],[135.147243,34.976814],[135.147359,34.977265],[135.1477,34.978161],[135.148489,34.979765],[135.149579,34.981716],[135.150745,34.98358],[135.151292,34.984853],[135.151712,34.985893],[135.152186,34.986709],[135.152863,34.987633],[135.154218,34.989246],[135.154757,34.989974],[135.15547,34.991299],[135.155778,34.992047],[135.156097,34.992864],[135.156207,34.99329],[135.156279,34.994039],[135.156233,34.994565],[135.156124,34.99514],[135.155411,34.997298],[135.155297,34.997796],[135.155224,34.998406],[135.155283,34.999188],[135.155388,34.999772],[135.1554862153846,35.0]]}},{"type":"Feature","properties":{"N06_001":1970,"N06_002":1970,"N06_003":9999,"N06_004":"EA02_030001","N06_005":null,"N06_006":null,"N06_007":"中国縦貫自動車道","N06_008":"1","N06_009":"1","N06_010":4,"N06_011":null},"geometry":{"type":"LineString","coordinates":[[135.543755,34.807893],[135.539442,34.807646],[135.535391,34.807406],[135.533038,34.807263],[135.531348,34.80718],[135.528186,34.807089],[135.525821,34.807119],[135.524107,34.807067],[135.522768,34.806999],[135.52187,34.806863],[135.520312,34.806502],[135.518891,34.806171],[135.517525,34.80593],[135.516416,34.805839],[135.51516,34.805854],[135.513987,34.805967],[135.512135,34.806193],[135.510421,34.806374],[135.509797,34.806427],[135.508267,34.806607],[135.506232,34.806833],[135.504609,34.807014],[135.502675,34.807225],[135.501346,34.8073],[135.499567,34.80727],[135.497826,34.807119],[135.495177,34.806886],[135.493398,34.806728],[135.491822,34.806585],[135.489447,34.806359],[135.487403,34.806193],[135.484873,34.80599],[135.483067,34.805824],[135.481087,34.805621],[135.479602,34.805403],[135.478741,34.805169],[135.477476,34.80477],[135.476073,34.804303],[135.474817,34.803693],[135.473433,34.803023],[135.471417,34.802014],[135.469886,34.801254],[135.468639,34.800674],[135.466879,34.800019],[135.465898,34.799793],[135.464963,34.79959],[135.463625,34.799477],[135.462204,34.799439],[135.460838,34.79959],[135.459262,34.799944],[135.457254,34.800493],[135.455595,34.800795],[135.454926,34.8009],[135.454496,34.800906]]}},{"type":"Feature","properties":{"N06_001":1970,"N06_002":1970,"N06_003":9999,"N06_004":"EA02_030002","N06_005":null,"N06_006":null,"N06_007":"中国縦貫自動車道","N06_008":"1","N06_009":"1","N06_010":4,"N06_011":null},"geometry":{"type":"LineString","coordinates":[[135.454496,34.800906],[135.453102,34.80099],[135.452203,34.800953],[135.451177,34.800779],[135.45004,34.800569],[135.448564,34.800313],[135.447382,34.800207],[135.445383,34.800102],[135.443917,34.800102],[135.441744,34.800275],[135.439654,34.800667],[135.437683,34.801224],[135.436583,34.801736],[135.435547,34.802383],[135.434502,34.803174],[135.43253,34.804991]]}},{"type":"Feature","properties":{"N06_001":1975,"N06_002":1975,"N06_003":9999,"N06_004":"EA02_030003","N06_005":null,"N06_006":null,"N06_007":"中国縦貫自動車道","N06_008":"1","N06_009":"1","N06_010":6,"N06_011":null},"geometry":{"type":"LineString","coordinates":[[135.368906,34.806475],[135.368356,34.806747],[135.36748,34.807229],[135.366715,34.807722],[135.365872,34.808351],[135.364698,34.809299],[135.363617,34.810176],[135.362008,34.811505],[135.360101,34.813041],[135.358607,34.814224],[135.357076,34.815368],[135.355894,34.816046],[135.354647,34.816648],[135.353859,34.816964],[135.352805,34.817235],[135.351815,34.817454],[135.35022,34.817717],[135.348826,34.817868],[135.34736,34.817981],[135.345416,34.818109],[135.343574,34.818275],[135.341566,34.818553],[135.33954,34.818945],[135.337615,34.819479],[135.33603,34.820149],[135.334682,34.820782],[135.332656,34.821701],[135.331465,34.822085],[135.330319,34.82228],[135.329145,34.822348],[135.328366,34.822326],[135.326634,34.822213],[135.324791,34.821926],[135.323068,34.821655],[135.321995,34.821482],[135.320813,34.821452],[135.319539,34.82161],[135.318329,34.821836],[135.317201,34.822235],[135.31535,34.823199],[135.31436,34.823688],[135.313452,34.824072],[135.312499,34.824351],[135.311536,34.824509],[135.310216,34.824652],[135.308915,34.824871],[135.307778,34.825179],[135.306834,34.825556],[135.305569,34.826203],[135.304588,34.82673],[135.303763,34.827144],[135.303149,34.827348],[135.302415,34.827506],[135.30127,34.827604],[135.299482,34.827634],[135.29797,34.827679],[135.29741,34.827754],[135.296741,34.827935],[135.295531,34.828364],[135.294257,34.828891],[135.293368,34.829253],[135.292763,34.829456],[135.29191,34.829637],[135.291067,34.829825],[135.290169,34.82987],[135.288775,34.829983],[135.287565,34.830134],[135.287034,34.830254],[135.286392,34.830533],[135.285503,34.831015],[135.284641,34.831549],[135.28268,34.832875],[135.28201,34.833319],[135.281167,34.833733],[135.28026,34.834147],[135.279297,34.834478],[135.27827,34.834817],[135.276703,34.835179],[135.275086,34.835488],[135.27387,34.835668],[135.272825,34.835751],[135.271093,34.835751],[135.269782,34.835691],[135.268095,34.83548],[135.265556,34.835058],[135.263127,34.834689],[135.262255,34.834723],[135.26153,34.834942],[135.261183,34.835103],[135.260019,34.835811],[135.258837,34.836429],[135.257673,34.83688],[135.257196,34.836993],[135.256472,34.837166],[135.255812,34.837212],[135.254712,34.837212],[135.253392,34.837219],[135.251843,34.837219],[135.25055,34.83737],[135.249624,34.837566],[135.24824,34.837867],[135.246902,34.838168],[135.245545,34.838326],[135.244188,34.838349],[135.241741,34.838243],[135.23988,34.83816],[135.237973,34.838085],[135.236287,34.838296],[135.235563,34.838423]]}},{"type":"Feature","properties":{"N06_001":1974,"N06_002":1990,"N06_003":9999,"N06_004":"EA02_030004","N06_005":null,"N06_006":null,"N06_007":"中国縦貫自動車道","N06_008":"1","N06_009":"1","N06_010":6,"N06_011":null},"geometry":{"type":"LineString","coordinates":[[135.235563,34.838423],[135.234032,34.838733],[135.232574,34.839162],[135.231007,34.839862],[135.229568,34.840743],[135.228853,34.84133],[135.228211,34.841888],[135.227258,34.842874],[135.226451,34.843958],[135.225773,34.845035],[135.224526,34.846993],[135.223499,34.848612],[135.22261799731083,34.849833003841646],[135.222399,34.850035],[135.220905,34.851669],[135.219988,34.852519],[135.218687,34.853897],[135.217431,34.855494],[135.216899,34.85648],[135.216157,34.857978],[135.215258,34.859929],[135.214694,34.860906],[135.214319,34.861476],[135.213773,34.862233],[135.21304,34.863211],[135.211894,34.864386],[135.211069,34.865079],[135.210143,34.865651],[135.209144,34.866133],[135.208154,34.86657],[135.20699,34.866961],[135.205569,34.867285],[135.204057,34.867526],[135.202893,34.867729],[135.202049,34.867872],[135.201133,34.86797],[135.200198,34.868234],[135.199409,34.868663],[135.198529,34.869265],[135.197814,34.86995],[135.197218,34.870681],[135.197053,34.870929],[135.196606,34.871885],[135.196063,34.87312],[135.195559,34.874152],[135.194982,34.875206],[135.194543,34.875876],[135.193964,34.876434],[135.193057,34.877337],[135.192241,34.878113],[135.191058,34.879122],[135.189885,34.880085],[135.188822,34.880786],[135.187621,34.881546],[135.186699,34.882084]]}},{"type":"Feature","properties":{"N06_001":1974,"N06_002":1988,"N06_003":9999,"N06_004":"EA02_030005","N06_005":null,"N06_006":null,"N06_007":"中国縦貫自動車道","N06_008":"1","N06_009":"1","N06_010":6,"N06_011":null},"geometry":{"type":"LineString","coordinates":[[135.186699,34.882084],[135.185824,34.882525],[135.184843,34.882992],[135.184403,34.883195],[135.183175,34.883639],[135.181708,34.883971],[135.180388,34.884114],[135.178546,34.884166],[135.177409,34.884159],[135.175869,34.884249],[135.174723,34.884453],[135.173376,34.884754],[135.1719,34.885115],[135.171359,34.88516],[135.169783,34.88513],[135.16783,34.885047],[135.166941,34.88504],[135.166024,34.88519],[135.164933,34.885499],[135.163678,34.886049],[135.162706,34.886794],[135.161789,34.887758],[135.160863,34.888805],[135.160139,34.889784],[135.159287,34.890695],[135.158462,34.89135],[135.157426,34.891967],[135.156408,34.892464],[135.155638,34.89275],[135.154309,34.893127],[135.153163,34.89336],[135.152613,34.893435],[135.151564,34.893507]]}},{"type":"Feature","properties":{"N06_001":1974,"N06_002":1974,"N06_003":9999,"N06_004":"EA02_030006","N06_005":null,"N06_006":null,"N06_007":"中国縦貫自動車道","N06_008":"1","N06_009":"1","N06_010":4,"N06_011":null},"geometry":{"type":"LineString","coordinates":[[135.151564,34.893507],[135.15045,34.893481],[135.14935,34.89327],[135.147462,34.89275],[135.145949,34.892186],[135.144739,34.891952],[135.143291,34.891839],[135.141778,34.891764],[135.140431,34.891545],[135.139285,34.891094],[135.13692,34.890077],[135.136104,34.889716],[135.135435,34.889505],[135.134409,34.889324],[135.133145,34.889289],[135.132025,34.889354],[135.131063,34.889505],[135.129642,34.889927],[135.127634,34.890687],[135.126681,34.890966],[135.12537,34.891169],[135.123748,34.89138],[135.122744,34.891432],[135.121914,34.891395],[135.120833,34.891229],[135.119293,34.890883],[135.117982,34.890431],[135.116877,34.889914],[135.116075,34.88946],[135.115122,34.88894],[135.113224,34.887841],[135.111703,34.887013],[135.110117,34.886199],[135.107935,34.885439],[135.106487,34.885123],[135.104938,34.885002],[135.103343,34.884995],[135.102105,34.885221],[135.100354,34.885642],[135.09886,34.886358],[135.098237,34.886764],[135.09699,34.887615],[135.095799,34.888571],[135.094607,34.889528],[135.093809,34.890153],[135.092627,34.890883],[135.091151,34.891538],[135.089739,34.892058],[135.088878,34.892268],[135.087182,34.892554],[135.085569,34.892803],[135.084157,34.89324],[135.082709,34.893835],[135.081755,34.894309],[135.080866,34.894987],[135.079835,34.895755],[135.079115,34.896244],[135.078455,34.89656],[135.077421,34.896951],[135.075494,34.897562],[135.073551,34.898194],[135.072057,34.898932],[135.071021,34.899595],[135.069884,34.900483],[135.068949,34.901259],[135.06762,34.902539],[135.066163,34.90415],[135.065164,34.905234],[135.063844,34.906394],[135.06311,34.906959],[135.062276,34.907561],[135.061194,34.908148],[135.059911,34.908864],[135.058564,34.909526],[135.057537,34.909963],[135.056538,34.910264],[135.055548,34.910475],[135.054439,34.91055],[135.053238,34.910543],[135.05244,34.91052],[135.051175,34.910377],[135.049754,34.910159],[135.048114,34.909873],[135.047179,34.909835],[135.045923,34.90985],[135.044997,34.910046],[135.043741,34.91037],[135.042632,34.910814],[135.041486,34.911627],[135.040615,34.912327],[135.039873,34.912884],[135.039066,34.913389],[135.038085,34.913901],[135.037059,34.914323],[135.035986,34.914586],[135.03506,34.914684],[135.034217,34.914729],[135.032044,34.914692],[135.030156,34.914639],[135.028149,34.914646],[135.026801,34.914774],[135.025619,34.915015],[135.024179,34.915512],[135.022814,34.916122],[135.021558,34.916717],[135.020522,34.917094],[135.019248,34.917432],[135.017818,34.917688],[135.016617,34.917764],[135.015196,34.917831],[135.013335,34.917914],[135.012052,34.91805],[135.010209,34.918592],[135.008908,34.918991],[135.007029,34.919526],[135.00591,34.919706],[135.005379,34.919774],[135.004288,34.919789],[135.001758,34.919684],[134.999127,34.919608],[134.998137,34.919684],[134.99678,34.919992],[134.995387,34.920392],[134.994516,34.92073],[134.99304,34.921483],[134.992325,34.921875],[134.991619,34.922417],[134.989951,34.923622],[134.987843,34.925143],[134.986413,34.926152],[134.98578,34.926558],[134.984689,34.927191],[134.983745,34.927748],[134.982636,34.928215],[134.981105,34.928877],[134.979666,34.92942],[134.978126,34.929947],[134.977292,34.930218],[134.976238,34.930564],[134.97478,34.93091],[134.973827,34.931076],[134.972599,34.931219],[134.970573,34.9314],[134.969042,34.93143],[134.967603,34.93143],[134.966338,34.93134],[134.964715,34.931166],[134.963772,34.93099],[134.959701,34.930067],[134.958234,34.929728],[134.956621,34.929374],[134.955054,34.929141],[134.952725,34.928915],[134.951295,34.928795],[134.950296,34.928787],[134.948509,34.92881],[134.94772,34.928825],[134.944759,34.92899],[134.943394,34.929141],[134.94156,34.929292],[134.939809,34.929555],[134.938095,34.929932],[134.936821,34.930263],[134.93485,34.930858],[134.933805,34.931204],[134.932632,34.931739],[134.931147,34.932409],[134.929534,34.933109],[134.928269,34.933599],[134.927004,34.934035],[134.92594,34.934344],[134.925124,34.934555],[134.924189,34.934735],[134.923401,34.934833],[134.922769,34.934803],[134.922026,34.934751],[134.921384,34.934638],[134.920734,34.934479],[134.919927,34.934208],[134.919019,34.933764],[134.918332,34.933418],[134.917424,34.932921],[134.916664,34.932462],[134.915087,34.93155],[134.914079,34.931076],[134.912969,34.930564],[134.911897,34.930075],[134.909587,34.929314],[134.908918,34.929156],[134.907396,34.928795],[134.906369,34.928599],[134.905389,34.928546],[134.90383,34.928516],[134.902199,34.928531],[134.900888,34.928636],[134.899797,34.92887],[134.898669,34.929164],[134.897569,34.92948],[134.896827,34.929721],[134.896112,34.929984],[134.895067,34.930406],[134.893261,34.931159],[134.892051,34.931648],[134.890777,34.932251],[134.888229,34.933478],[134.887,34.934141],[134.885653,34.934969],[134.883453,34.936324],[134.881885,34.937393],[134.880474,34.938342],[134.879649,34.938884],[134.87864,34.939306],[134.877577,34.939607],[134.87666,34.939713],[134.875634,34.939758],[134.875038,34.939743],[134.874121,34.939562],[134.873113,34.939268],[134.872297,34.938839],[134.87171,34.938448],[134.871215,34.938041],[134.870629,34.937514],[134.870088,34.937009],[134.869538,34.9364],[134.869208,34.936098],[134.868566,34.935647],[134.867796,34.935225],[134.867219,34.934999],[134.866432,34.934737],[134.86566,34.934547],[134.864913,34.934457],[134.864217,34.934419],[134.863107,34.934464],[134.862062,34.934607],[134.860825,34.934976],[134.859459,34.935624],[134.858781,34.935985],[134.857947,34.936369],[134.85736,34.936565],[134.85648,34.936799],[134.855682,34.936927],[134.854463,34.936927],[134.853822,34.936829],[134.852905,34.93661],[134.852071,34.936302],[134.851411,34.936038],[134.850668,34.935609],[134.850109,34.935225],[134.849394,34.934766],[134.848771,34.934329],[134.848028,34.933952],[134.847277,34.933651],[134.846387,34.933365],[134.845407,34.933184],[134.844527,34.933109],[134.843812,34.933109],[134.84306,34.933109],[134.842391,34.933222],[134.841199,34.933471],[134.839622,34.933915],[134.838706,34.934276],[134.83778,34.934615],[134.836616,34.935142],[134.835442,34.935775],[134.834003,34.936497],[134.832857,34.937137],[134.831822,34.937589],[134.830722,34.938064],[134.828219,34.938929],[134.826826,34.939321],[134.825414,34.93963],[134.822765,34.940247],[134.820812,34.940609],[134.819272,34.94091],[134.817311,34.941399],[134.81556,34.941866],[134.814313,34.94219],[134.812837,34.942634],[134.811334,34.943108],[134.809996,34.943598],[134.808703,34.944117],[134.807411,34.944667],[134.806256,34.945179],[134.804157,34.946068],[134.802947,34.946519],[134.801663,34.946918],[134.800307,34.947318],[134.8,34.947389170096024]]}},{"type":"Feature","properties":{"N06_001":1970,"N06_002":1970,"N06_003":9999,"N06_004":"EA02_030026","N06_005":null,"N06_006":null,"N06_007":"中国縦貫自動車道","N06_008":"1","N06_009":"1","N06_010":6,"N06_011":null},"geometry":{"type":"LineString","coordinates":[[135.43253,34.804991],[135.431459,34.80602],[135.429754,34.807511],[135.428544,34.808369],[135.426821,34.809273],[135.425996,34.809544],[135.424923,34.80983],[135.423851,34.810048],[135.422485,34.810297],[135.420725,34.810508],[135.419643,34.81056],[135.417095,34.810779],[135.415491,34.810884],[135.413392,34.810952],[135.411063,34.81102],[135.409248,34.811065],[135.407177,34.811103],[135.404463,34.81111],[135.402052,34.811042],[135.399477,34.810914],[135.398092,34.810854],[135.396039,34.810704],[135.393958,34.8105],[135.391291,34.810252],[135.389118,34.810056],[135.387899,34.80983],[135.385919,34.809348],[135.384526,34.808904],[135.382967,34.808204],[135.381345,34.807488],[135.37898,34.806389],[135.377953,34.805997],[135.376917,34.805704],[135.375836,34.805508],[135.374516,34.805357],[135.373627,34.80535],[135.372096,34.805455],[135.370748,34.805711],[135.369291,34.806314],[135.368906,34.806475]]}},{"type":"Feature","properties":{"N06_001":1996,"N06_002":1996,"N06_003":9999,"N06_004":"EA02_031001","N06_005":null,"N06_006":null,"N06_007":"山陽自動車道","N06_008":"1","N06_009":"1","N06_010":4,"N06_011":null},"geometry":{"type":"LineString","coordinates":[[135.22261799731083,34.849833003841646],[135.2217119844741,34.84973032651788],[135.220646,34.849674],[135.217805,34.849662],[135.216448,34.849631],[135.215325,34.849525],[135.21436,34.849364],[135.213079,34.849055],[135.212182,34.848789],[135.211571,34.848559],[135.210795,34.848275],[135.210207,34.848015],[135.209212,34.847507],[135.208556,34.847117],[135.207644,34.846522],[135.206672,34.845829],[135.20579,34.845166],[135.204885,34.844466],[135.203725,34.843606],[135.202745,34.842875],[135.202074,34.842392],[135.201365,34.841878],[135.200559,34.841352],[135.199896,34.840956],[135.198938,34.840429],[135.198202,34.840082],[135.197672,34.839853],[135.196963,34.839569],[135.195938,34.839154],[135.194529,34.838541],[135.193036,34.837866],[135.192102,34.837395],[135.19119,34.836819],[135.190398,34.836281],[135.189825,34.835847],[135.189147,34.835234],[135.188536,34.83459],[135.188175,34.834113],[135.187526,34.833327],[135.186886,34.832497],[135.185996,34.831383],[135.185175,34.83046],[135.184655,34.829927],[135.184097,34.829438],[135.183336,34.828807],[135.182597,34.828317],[135.181798,34.827847],[135.180969,34.827482],[135.180328,34.82724],[135.17971,34.827036],[135.178986,34.826881],[135.177939,34.826732],[135.177094,34.826726],[135.176341,34.826763],[135.175677,34.826831],[135.175112,34.826918],[135.174411,34.827067],[135.173431,34.827364],[135.17264,34.827673],[135.171848,34.82802],[135.170733,34.82859],[135.169783,34.829091],[135.168743,34.829624],[135.167763,34.830113],[135.167009,34.830448],[135.166278,34.830714],[135.165539,34.830937],[135.16462,34.831172],[135.163745,34.831364],[135.162841,34.831531],[135.16211,34.831655],[135.161205,34.831742],[135.159786,34.831796],[135.158641,34.831756],[135.15748,34.831626],[135.156487,34.831435],[135.155778,34.831206],[135.15504,34.830965],[135.153796,34.83042],[135.152801,34.829918],[135.151994,34.829435],[135.151429,34.829039],[135.150766,34.828537],[135.15002,34.827924],[135.149401,34.827423],[135.14904,34.827064],[135.148602,34.826618],[135.147954,34.825862],[135.147442,34.82528],[135.146831,34.824692],[135.146206,34.824085],[135.145633,34.823602],[135.145165,34.823231],[135.14454,34.822791],[135.143748,34.822314],[135.14313,34.821967],[135.142557,34.821738],[135.141721,34.821435],[135.140846,34.821181],[135.140266,34.82102],[135.139572,34.820896],[135.139,34.820803],[135.138336,34.820729],[135.137681,34.82071],[135.137062,34.82071],[135.136407,34.820766],[135.135593,34.820841],[135.134356,34.821008],[135.133271,34.821206],[135.132721,34.821336],[135.131982,34.821522],[135.131228,34.821676],[135.130037,34.821887],[135.12905,34.82206],[135.128409,34.822122],[135.12749,34.822153],[135.126487,34.822141],[135.125357,34.822042],[135.123955,34.82185],[135.122523,34.82154],[135.120578,34.82115],[135.118724,34.820779],[135.11745,34.820568],[135.116734,34.820488],[135.115724,34.820432],[135.114985,34.820432],[135.114005,34.820519],[135.112686,34.820692],[135.111427,34.820859],[135.110206,34.821063],[135.109068,34.821224],[135.108239,34.821299],[135.106973,34.821342],[135.105819,34.821305],[135.104493,34.821243],[135.103483,34.821138],[135.102827,34.82102],[135.102088,34.820834],[135.100943,34.820556],[135.100044,34.820316],[135.099071,34.820049],[135.097843,34.819731],[135.096682,34.819455],[135.095894,34.819316],[135.095388,34.819257],[135.094599,34.819209],[135.093688,34.819187],[135.092582,34.81927],[135.091375,34.819357],[135.090226,34.819435],[135.089257,34.819439],[135.088245,34.819335],[135.087451,34.819183],[135.086371,34.818926],[135.085662,34.818695],[135.084995,34.818443],[135.084232,34.81813],[135.083671,34.817843],[135.08312,34.817586],[135.082326,34.817143],[135.081447,34.81659],[135.080563,34.816007],[135.079652,34.815342],[135.078842,34.814737],[135.078032,34.814055],[135.077296,34.813437],[135.076497,34.812737],[135.075697,34.811997],[135.075194,34.811503],[135.074666,34.810982],[135.074345,34.810648],[135.073824,34.81012],[135.073318,34.809546],[135.072861,34.809042],[135.072262,34.808345],[135.071478,34.807443],[135.070971,34.806827],[135.069894,34.805474],[135.069231,34.8047],[135.06861,34.803986],[135.067968,34.803241],[135.067334,34.80262],[135.066742,34.802046],[135.066178,34.801531],[135.065715,34.801132],[135.06498,34.80054],[135.06416,34.799949],[135.063582,34.799568],[135.062997,34.799269],[135.062277,34.798941],[135.061464,34.798654],[135.060729,34.798437],[135.06018,34.798308],[135.05941,34.798173],[135.058789,34.798079],[135.058083,34.798033],[135.057099,34.798033],[135.056221,34.79805],[135.055558,34.798167],[135.054773,34.798314],[135.054189,34.798437],[135.052805,34.798753],[135.051764,34.799029],[135.050587,34.799363],[135.048354,34.79999],[135.046108,34.800658],[135.045045,34.800968],[135.043989,34.801255],[135.043019,34.801484],[135.041835,34.801706],[135.040423,34.801947],[135.039253,34.802187],[135.037741,34.802486],[135.036643,34.802767],[135.03568,34.803054],[135.03461,34.803411],[135.033048,34.804038],[135.032599,34.80422],[135.031771,34.804577],[135.031208,34.804812],[135.030224,34.805322],[135.029118,34.80596],[135.028184,34.806523],[135.02665,34.807736],[135.025431,34.808691],[135.024204,34.809587],[135.022956,34.810495],[135.021865,34.81121],[135.021301,34.811503],[135.020559,34.811878],[135.019325,34.812487],[135.018412,34.81295],[135.017621,34.813325],[135.016743,34.813753],[135.015417,34.814392],[135.014233,34.814948],[135.013163,34.815482],[135.012657,34.815763],[135.011872,34.816214],[135.011116,34.816636],[135.010053,34.817239],[135.008948,34.817843],[135.007985,34.818376],[135.006765,34.819026],[135.006195,34.819296],[135.005396,34.819653],[135.004818,34.819911],[135.00419,34.820146],[135.003606,34.820339],[135.002778,34.82052],[135.001979,34.820673],[135.001366,34.820737],[135.000974,34.820772],[134.99994,34.820772],[134.99929,34.820702],[134.998278,34.820474],[134.997671,34.820315],[134.996894,34.820093],[134.995981,34.819741],[134.995396,34.819524],[134.994669,34.819161],[134.993791,34.818646],[134.99285,34.818101],[134.992044,34.81769],[134.991587,34.817521],[134.990846,34.817321],[134.98999,34.817151],[134.988927,34.817005],[134.988328,34.816964],[134.987672,34.81694],[134.986752,34.816976],[134.985653,34.817023],[134.984541,34.817046],[134.984027,34.816999],[134.983428,34.816923],[134.982394,34.816776],[134.981345,34.816618],[134.980226,34.81646],[134.979163,34.816331],[134.978136,34.816249],[134.977052,34.81619],[134.975889,34.816214],[134.974855,34.816319],[134.973828,34.816442],[134.972694,34.816548],[134.971674,34.816618],[134.97059,34.816636],[134.969527,34.816612],[134.969056,34.81663],[134.968421,34.816554],[134.967815,34.816419],[134.967145,34.816273],[134.966595,34.816091],[134.966289,34.815991],[134.964798,34.815423],[134.963258,34.814872],[134.961909,34.814327],[134.960305,34.813677],[134.959363,34.813296],[134.957558,34.812443]]}},{"type":"Feature","properties":{"N06_001":1997,"N06_002":1997,"N06_003":9999,"N06_004":"EA02_031002","N06_005":null,"N06_006":null,"N06_007":"山陽自動車道","N06_008":"1","N06_009":"1","N06_010":4,"N06_011":null},"geometry":{"type":"LineString","coordinates":[[134.957558,34.812443],[134.956261,34.811802],[134.955248,34.811234],[134.954428,34.810759],[134.953529,34.810161],[134.952416,34.809423],[134.951375,34.808708],[134.950426,34.808105],[134.949421,34.807554],[134.948436,34.807132],[134.947438,34.806851],[134.947003,34.806751],[134.946339,34.806675],[134.945605,34.806616],[134.944407,34.806611],[134.943116,34.806734],[134.942188,34.806904],[134.941254,34.807191],[134.940462,34.807519],[134.939992,34.80773],[134.938779,34.808275],[134.937795,34.808749],[134.936761,34.80923],[134.936219,34.80947],[134.935191,34.809915],[134.934164,34.810331],[134.933045,34.810794],[134.931782,34.811357],[134.930684,34.811872],[134.929849,34.812312],[134.929065,34.812763],[134.928387,34.813173],[134.927638,34.81363],[134.926497,34.814345],[134.925014,34.815271],[134.923765,34.816026],[134.922239,34.816894],[134.920898,34.817649],[134.919814,34.818206],[134.918972,34.81864],[134.917967,34.819144],[134.916911,34.819606],[134.915642,34.820157],[134.914771,34.820468],[134.913873,34.820755],[134.912846,34.82103],[134.91179,34.821288],[134.910777,34.821487],[134.9096,34.821681],[134.908609,34.821792],[134.907568,34.821856],[134.906462,34.821927],[134.904458,34.822003],[134.903067,34.822085],[134.902069,34.822179],[134.901041,34.822302],[134.899936,34.822472],[134.898659,34.82277],[134.897661,34.823063],[134.896876,34.82338],[134.895664,34.823849],[134.894858,34.824206],[134.893638,34.824751],[134.892461,34.825278],[134.891078,34.825999],[134.889972,34.82662],[134.888831,34.827282],[134.887918,34.827845],[134.887283,34.828266],[134.88647,34.828841],[134.885628,34.829567],[134.884994,34.830182],[134.884587,34.830739],[134.884323,34.831126],[134.883852,34.831835],[134.883275,34.832766],[134.882604,34.833844],[134.882198,34.834436],[134.881506,34.835198],[134.880707,34.835913],[134.879716,34.836645],[134.878995,34.837044],[134.878089,34.837466],[134.876841,34.837923],[134.875572,34.838227],[134.874701,34.838374],[134.873974,34.838467],[134.873004,34.838526],[134.871663,34.83852],[134.870529,34.838497],[134.86953,34.838473],[134.868332,34.838462],[134.867198,34.838503],[134.866606,34.838573],[134.865929,34.838661],[134.865073,34.838848],[134.86406,34.839124],[134.862904,34.839505],[134.86222,34.839774],[134.861378,34.840096],[134.860059,34.840553],[134.859238,34.840741],[134.857869,34.84104],[134.855893,34.841426],[134.854688,34.84176],[134.853768,34.842083],[134.853005,34.842405],[134.852448,34.842715],[134.851928,34.843003],[134.851143,34.843553],[134.850366,34.844128],[134.84971,34.844749],[134.849217,34.845311],[134.848369,34.846424],[134.847591,34.847485],[134.847063,34.848159],[134.846671,34.848563],[134.846179,34.84902],[134.84563,34.849448],[134.845016,34.849829],[134.844246,34.85025],[134.84354,34.850549],[134.84267,34.850831],[134.841999,34.850989],[134.840965,34.851135],[134.839952,34.851206],[134.838783,34.851188],[134.838012,34.851123],[134.837485,34.851024],[134.836657,34.850872],[134.835395,34.850526],[134.834332,34.85011],[134.833141,34.849588],[134.832385,34.849272],[134.831672,34.848997],[134.830899,34.848756],[134.830267,34.848551],[134.829061,34.848247],[134.828155,34.848094],[134.826936,34.847918],[134.825566,34.847754],[134.823783,34.847602],[134.822029,34.847485],[134.820459,34.84742],[134.81842,34.847438],[134.816423,34.847497],[134.81541,34.847561],[134.81444,34.84769],[134.813741,34.847801],[134.81312,34.847989],[134.811758,34.848428],[134.810674,34.84885],[134.809818,34.849213],[134.80924,34.84943],[134.808498,34.849606],[134.80775,34.849711],[134.807058,34.849799],[134.806537,34.849793],[134.805546,34.849758],[134.804697,34.849647],[134.803862,34.849506],[134.803092,34.849301],[134.802008,34.848973],[134.801159,34.848727],[134.800553,34.848586],[134.8,34.84848018348624]]}},{"type":"Feature","properties":{"N06_001":1998,"N06_002":1998,"N06_003":9999,"N06_004":"EA02_031027","N06_005":null,"N06_006":null,"N06_007":"山陽自動車道","N06_008":"1","N06_009":"1","N06_010":4,"N06_011":null},"geometry":{"type":"LineString","coordinates":[[135.085687,34.728003],[135.085477,34.728566],[135.085318,34.729295],[135.085147,34.730492],[135.085102,34.731633],[135.085147,34.732437],[135.085261,34.733288],[135.0855,34.734457],[135.085785,34.735476],[135.086217,34.736579],[135.086695,34.737495],[135.087276,34.738421],[135.088129,34.739665],[135.088903,34.740731],[135.089472,34.741507],[135.090087,34.742376],[135.090622,34.743227],[135.091043,34.743984],[135.091316,34.744536],[135.091578,34.745237],[135.091749,34.745864],[135.091885,34.746444],[135.091954,34.747192],[135.091965,34.748136],[135.091862,34.748753],[135.091703,34.749604],[135.09135,34.750969],[135.09102,34.751773],[135.090576,34.752615],[135.090098,34.753409],[135.08962,34.754176],[135.088824,34.75527],[135.087947,34.75642],[135.087389,34.757093],[135.086741,34.757897],[135.086046,34.758823],[135.085443,34.759674],[135.084897,34.760497],[135.08451,34.761207],[135.084112,34.761993],[135.083542,34.763255],[135.083269,34.764087],[135.083053,34.764798],[135.082814,34.765695],[135.082632,34.766499],[135.082495,34.767621],[135.082427,34.768902],[135.082438,34.770071],[135.082529,34.77182],[135.082598,34.773437],[135.082712,34.775092],[135.082905,34.777009],[135.08311,34.779253],[135.083224,34.780805],[135.08336,34.78246],[135.083474,34.784134],[135.083554,34.785901],[135.083588,34.787331],[135.083622,34.788481],[135.083656,34.79008],[135.083622,34.792016],[135.083577,34.793493],[135.083486,34.794578],[135.083445,34.795396],[135.083398,34.796024],[135.083247,34.796792],[135.083048,34.79763],[135.082888,34.798219],[135.082595,34.798917],[135.082236,34.799794],[135.081736,34.800763],[135.081273,34.801493],[135.080811,34.80209],[135.080414,34.802656],[135.079621,34.803633],[135.078913,34.804603],[135.078393,34.805324],[135.07794,34.805984],[135.077666,34.806434],[135.077534,34.806659],[135.077213,34.807341],[135.076732,34.808326],[135.076467,34.80935],[135.076297,34.810304],[135.075891,34.810948],[135.075194,34.811503]]}},{"type":"Feature","properties":{"N06_001":1994,"N06_002":1994,"N06_003":9999,"N06_004":"EA02_045001","N06_005":null,"N06_006":null,"N06_007":"関西国際空港線","N06_008":"1","N06_009":"1","N06_010":4,"N06_011":null},"geometry":{"type":"LineString","coordinates":[[135.335207,34.365082],[135.335173,34.365324],[135.335046,34.366314],[135.334864,34.367366],[135.334735,34.368259],[135.334588,34.369358],[135.334546,34.36968],[135.334426,34.370319],[135.334162,34.371315],[135.333793,34.372775],[135.33361,34.373393],[135.333382,34.373913],[135.333241,34.374261],[135.332967,34.374688],[135.332749,34.375081],[135.332516,34.375414],[135.332215,34.375893],[135.331728,34.376724],[135.331249,34.377522],[135.330775,34.378345],[135.330269,34.379158],[135.330032,34.379551],[135.329767,34.379978],[135.329508,34.38043],[135.329243,34.380767],[135.328856,34.381262],[135.328436,34.381655],[135.327857,34.382175],[135.327,34.382736],[135.326093,34.383272],[135.325478,34.383631],[135.324903,34.384073],[135.324343,34.384522],[135.323846,34.384979],[135.323404,34.385443],[135.323012,34.38587],[135.322588,34.386469],[135.322196,34.387049],[135.321776,34.387622],[135.321366,34.388265],[135.320942,34.388849],[135.320514,34.38946],[135.319857,34.390381],[135.319424,34.391021],[135.318772,34.391953],[135.318034,34.392978],[135.317523,34.393721],[135.316958,34.394517],[135.316397,34.395307],[135.31596,34.395906],[135.315412,34.396632],[135.315239,34.396853],[135.314651,34.397613],[135.314399,34.397964],[135.314018,34.398388],[135.313461,34.399099],[135.312837,34.39984],[135.312173,34.40056],[135.311752,34.400982],[135.311274,34.401486],[135.310501,34.40221],[135.309509,34.403135],[135.308958,34.403595],[135.308201,34.404235],[135.307654,34.404635],[135.306842,34.405253],[135.305986,34.40586],[135.304385,34.406911],[135.303592,34.407394],[135.302566,34.408092],[135.301723,34.408705],[135.300932,34.409302],[135.300144,34.409911],[135.299321,34.410547],[135.298696,34.411014],[135.297851,34.411637],[135.296892,34.412393]]}},{"type":"Feature","properties":{"N06_001":2006,"N06_002":2006,"N06_003":9999,"N06_004":"EA02_145001","N06_005":null,"N06_006":null,"N06_007":"橋本道路","N06_008":"3","N06_009":"2","N06_010":2,"N06_011":null},"geometry":{"type":"LineString","coordinates":[[135.65,34.334713063741724],[135.648721,34.33482],[135.648233,34.33487],[135.647783,34.334903],[135.647383,34.334903],[135.646971,34.334903],[135.646508,34.33487],[135.646071,34.334828],[135.645634,34.334778],[135.645346,34.334737],[135.644909,34.334653],[135.644371,34.334528],[135.643921,34.334395],[135.643471,34.33427],[135.642846,34.334095],[135.642309,34.333945],[135.641821,34.333804],[135.641184,34.333645],[135.640622,34.33352],[135.640284,34.33347],[135.639834,34.333404],[135.639497,34.333362],[135.639009,34.333337],[135.638322,34.333345],[135.637922,34.333362],[135.637122,34.333437],[135.636947,34.333454],[135.636547,34.333479],[135.63606,34.333495],[135.63561,34.333487],[135.635072,34.333429],[135.634585,34.333354],[135.63416,34.333262],[135.63376,34.333145],[135.633397,34.33302],[135.633022,34.332862],[135.632372,34.332579],[135.631847,34.33237],[135.631198,34.332162],[135.630785,34.332062],[135.630223,34.331962],[135.629985,34.331929],[135.62966,34.331895],[135.629323,34.331862],[135.62911,34.331845],[135.628873,34.33182],[135.628385,34.331779],[135.627835,34.331704],[135.62741,34.331629],[135.626873,34.331504],[135.626311,34.331329],[135.626011,34.331229],[135.625611,34.331079],[135.625261,34.330912],[135.624836,34.33072],[135.623636,34.330179],[135.622923,34.329862],[135.622186,34.329554],[135.621536,34.329271],[135.621186,34.329121],[135.620736,34.328912],[135.620074,34.328621],[135.619461,34.328354],[135.618999,34.328146],[135.618474,34.327929],[135.617999,34.327737],[135.617636,34.327621],[135.617311,34.327529],[135.617024,34.327446],[135.616336,34.327262],[135.615761,34.327162],[135.615074,34.327062],[135.614274,34.326962],[135.613274,34.326821],[135.612649,34.326737],[135.612212,34.326654],[135.611724,34.326554],[135.611124,34.326404],[135.610724,34.326271],[135.610249,34.326096],[135.609712,34.325879],[135.609212,34.325637],[135.608537,34.325271],[135.608112,34.325012],[135.607725,34.324754],[135.607362,34.324471],[135.606937,34.324146],[135.606387,34.323721],[135.605275,34.322971],[135.6047,34.322638],[135.604062,34.322321],[135.603713,34.322154],[135.603138,34.321921],[135.602251,34.32159],[135.601563,34.321385],[135.600513,34.321154],[135.597573,34.32076],[135.595637,34.320653],[135.593432,34.320571],[135.592784,34.320473],[135.590569,34.320284],[135.589262,34.320104],[135.586764,34.319863],[135.585314,34.319713],[135.585002,34.319679],[135.584339,34.319588],[135.583752,34.319479],[135.583352,34.319421],[135.58309,34.319354],[135.58289,34.319304],[135.582765,34.319279],[135.582515,34.319213],[135.58214,34.319104],[135.581777,34.318971],[135.581315,34.318796],[135.58064,34.318554],[135.580027,34.318313],[135.579353,34.318054],[135.578365,34.317746],[135.577578,34.317546],[135.576865,34.317363],[135.576303,34.317279],[135.575478,34.317113],[135.574591,34.316938],[135.573128,34.316663],[135.571666,34.316388],[135.570279,34.31613],[135.569441,34.315988],[135.568791,34.315846],[135.568479,34.31578],[135.567929,34.315646],[135.567416,34.315513],[135.566929,34.315363],[135.566779,34.315321],[135.566292,34.315146],[135.565767,34.314963],[135.565267,34.314763],[135.564679,34.314513],[135.564204,34.314296],[135.563554,34.313963],[135.562954,34.313671],[135.562204,34.313305],[135.56188,34.313163],[135.56138,34.312946],[135.56093,34.312771],[135.560455,34.312621],[135.560017,34.312496],[135.559592,34.31238],[135.559205,34.312313],[135.558567,34.312221],[135.558505,34.312213],[135.55828,34.312188],[135.557817,34.312138],[135.55713,34.31213],[135.555768,34.312171],[135.554305,34.312213],[135.553443,34.312263],[135.551918,34.312346],[135.550543,34.312338],[135.549443,34.312263],[135.548731,34.312188],[135.547456,34.31203]]}},{"type":"Feature","properties":{"N06_001":1998,"N06_002":1998,"N06_003":9999,"N06_004":"EA02_146001","N06_005":null,"N06_006":null,"N06_007":"西神道路","N06_008":"3","N06_009":"1","N06_010":4,"N06_011":null},"geometry":{"type":"LineString","coordinates":[[135.067724,34.659703],[135.067874,34.660166],[135.068023,34.660839],[135.068202,34.661689],[135.068316,34.662416],[135.068373,34.662972],[135.068373,34.663353],[135.068351,34.664167],[135.068266,34.665122],[135.068159,34.665603],[135.068016,34.666165],[135.067852,34.66657],[135.067631,34.667097],[135.067367,34.66763],[135.067096,34.668169],[135.066654,34.669007],[135.06634,34.669517],[135.065734,34.670542],[135.065128,34.671826],[135.064885,34.672382],[135.0647,34.672868],[135.06455,34.673396],[135.064407,34.673982],[135.064322,34.674497],[135.064272,34.675142],[135.064307,34.67588],[135.064386,34.676484],[135.064486,34.677029],[135.0646,34.677532],[135.064821,34.678189],[135.065085,34.678827],[135.065449,34.67953],[135.065869,34.680134],[135.066226,34.680667],[135.06654,34.681095],[135.06711,34.681909],[135.067631,34.682618],[135.068016,34.68314],[135.068573,34.683942],[135.069264,34.68488],[135.069735,34.685489],[135.07012,34.686052],[135.070563,34.686679],[135.07104,34.687376],[135.07149,34.688038],[135.071996,34.688823],[135.072338,34.689421],[135.072667,34.690036],[135.072988,34.690704],[135.073223,34.691196],[135.07348,34.691776],[135.073687,34.692315],[135.073893,34.692761],[135.074172,34.693329],[135.074435,34.693745],[135.07487,34.694501],[135.07526,34.695187],[135.075491,34.695526],[135.075969,34.696276],[135.076375,34.696833],[135.076739,34.697331],[135.07721,34.698011],[135.077674,34.698591],[135.07803,34.699018],[135.078494,34.699563],[135.078979,34.700114],[135.079713,34.700905],[135.080912,34.702165],[135.082138,34.703425],[135.083629,34.704942],[135.085004,34.706257],[135.085758,34.706988],[135.086376,34.707558],[135.087025,34.708136],[135.087557,34.708644],[135.088065,34.709106],[135.088834,34.709788],[135.089276,34.710213],[135.089774,34.710671],[135.090091,34.710911],[135.090428,34.711241],[135.090719,34.711502],[135.090981,34.711778],[135.091287,34.712158],[135.091473,34.712435],[135.091709,34.712761],[135.09188,34.713108],[135.092051,34.713471],[135.092177,34.713826],[135.092272,34.714082],[135.092363,34.714508],[135.092423,34.714842],[135.092458,34.715342],[135.092474,34.715883],[135.092428,34.71623],[135.092368,34.716597],[135.092242,34.717105],[135.092061,34.717547],[135.091825,34.718047],[135.091629,34.718394],[135.091378,34.718786],[135.091081,34.719232],[135.09083,34.719575],[135.090588,34.71993],[135.090247,34.720405],[135.08994,34.720859],[135.089734,34.721156],[135.089558,34.721404],[135.089256,34.721825],[135.089045,34.722127],[135.088754,34.722564],[135.088603,34.722742],[135.088256,34.723258],[135.087919,34.723733],[135.087532,34.724286],[135.087306,34.724621],[135.086999,34.725116],[135.086803,34.725451],[135.086477,34.726095],[135.086306,34.726417],[135.08611,34.726834],[135.085939,34.727326],[135.085687,34.728003]]}},{"type":"Feature","properties":{"N06_001":1988,"N06_002":1988,"N06_003":9999,"N06_004":"EA02_151001","N06_005":null,"N06_006":null,"N06_007":"老ノ坂亀岡道路","N06_008":"3","N06_009":"1","N06_010":4,"N06_011":null},"geometry":{"type":"LineString","coordinates":[[135.65,34.983999685069],[135.649364,34.984113],[135.648513,34.984304],[135.647789,34.9845],[135.647018,34.984708],[135.645988,34.985068],[135.644905,34.985559],[135.643509,34.986247],[135.642113,34.98682],[135.640671,34.987355],[135.639541,34.987699],[135.638558,34.987945],[135.637209,34.988273],[135.635587,34.988617],[135.633341,34.989015],[135.631719,34.989332],[135.630496,34.989545],[135.629167,34.989719],[135.628024,34.989861],[135.627466,34.989905],[135.626881,34.989954],[135.625585,34.99002],[135.623864,34.990052],[135.622721,34.990069],[135.621152,34.990052],[135.61971,34.990025],[135.618866,34.990031],[135.618301,34.990047],[135.617344,34.990151],[135.6166,34.990233],[135.615935,34.990309],[135.615091,34.990391],[135.614254,34.990467],[135.613457,34.990533],[135.612726,34.990598],[135.611642,34.990669],[135.610679,34.990675],[135.610213,34.990648],[135.609376,34.990593],[135.60853,34.990459],[135.607562,34.990265],[135.605754,34.9899],[135.604658,34.989648],[135.603521,34.989392],[135.602431,34.989195],[135.6018,34.98913],[135.601242,34.989086],[135.600511,34.989059],[135.600079,34.989086],[135.599354,34.989108],[135.598743,34.989173],[135.597912,34.989288],[135.597121,34.989392],[135.596337,34.989517],[135.595513,34.989648],[135.594423,34.989856],[135.59336,34.990052],[135.59219,34.990265],[135.59108,34.990484],[135.589884,34.990713],[135.588894,34.990904],[135.58787,34.991084],[135.586807,34.991297],[135.58591,34.991439],[135.585132,34.991592],[135.584062,34.99181],[135.582833,34.992034],[135.58173,34.99222],[135.580161,34.992504],[135.57937,34.992678],[135.578912,34.992788],[135.578354,34.992984],[135.577596,34.99329],[135.577011,34.993568],[135.576386,34.993923],[135.576027,34.994185],[135.575582,34.994578],[135.575137,34.994966],[135.574818,34.995343],[135.574446,34.995856],[135.574133,34.996309],[135.573854,34.996904],[135.573522,34.997718],[135.573303,34.998356],[135.572977,34.999061],[135.572718,34.999557],[135.572452,34.999978],[135.57243611461317,35.0]]}},{"type":"Feature","properties":{"N06_001":1964,"N06_002":1964,"N06_003":9999,"N06_004":"EA02_205001","N06_005":null,"N06_006":null,"N06_007":"阪神高速1号環状線","N06_008":"5","N06_009":"1","N06_010":4,"N06_011":null},"geometry":{"type":"LineString","coordinates":[[135.498044,34.667187],[135.497878,34.667458],[135.497676,34.667833],[135.497507,34.668084],[135.497186,34.668481],[135.497055,34.668746],[135.496979,34.66899],[135.496966,34.669023],[135.496954,34.669107],[135.496979,34.669315],[135.497004,34.669923],[135.497041,34.670273],[135.497129,34.670973],[135.497191,34.671665],[135.497329,34.672448],[135.497416,34.673056],[135.497479,34.673473],[135.497491,34.673565],[135.497554,34.674039],[135.497629,34.674831],[135.497641,34.675048],[135.497666,34.675448],[135.497691,34.675781],[135.497803,34.677639],[135.497803,34.677981],[135.497866,34.679272],[135.497903,34.67973],[135.497928,34.68033],[135.498028,34.68168],[135.498028,34.681739],[135.498028,34.681797],[135.498028,34.681855],[135.498028,34.681924],[135.498028,34.682072],[135.498028,34.682139],[135.498028,34.682189],[135.498028,34.682205],[135.498028,34.682247],[135.498028,34.682305],[135.498041,34.68358],[135.498041,34.683805],[135.498016,34.684855],[135.498028,34.68538],[135.497891,34.687838],[135.497828,34.688338],[135.497716,34.689321],[135.497666,34.689963],[135.497603,34.690513],[135.497586,34.690696],[135.497566,34.690904],[135.497478,34.691612],[135.497553,34.691938]]}},{"type":"Feature","properties":{"N06_001":1965,"N06_002":1965,"N06_003":9999,"N06_004":"EA02_205003","N06_005":null,"N06_006":null,"N06_007":"阪神高速1号環状線","N06_008":"5","N06_009":"1","N06_010":2,"N06_011":null},"geometry":{"type":"LineString","coordinates":[[135.497553,34.691938],[135.497641,34.692321],[135.497728,34.692721],[135.497741,34.692796],[135.497753,34.692912],[135.497766,34.692971],[135.497766,34.693154],[135.497778,34.693287],[135.497728,34.693862],[135.497703,34.694287],[135.497716,34.694404],[135.497766,34.694512],[135.497841,34.694629],[135.497953,34.694737],[135.49804,34.694804],[135.498128,34.694837],[135.498228,34.69487],[135.498428,34.69492],[135.49874,34.69497],[135.498915,34.694995],[135.499065,34.695095],[135.499628,34.695095],[135.500203,34.695087],[135.50119,34.695054],[135.50194,34.695004],[135.50279,34.694962],[135.503528,34.694895],[135.503765,34.694862],[135.503978,34.694829],[135.504303,34.694737],[135.504527,34.694654],[135.50489,34.694529],[135.50504,34.694471],[135.505854,34.694057],[135.506435,34.693817],[135.506965,34.693596],[135.507452,34.693404],[135.508315,34.693121],[135.508652,34.692996],[135.50889,34.692888],[135.509052,34.692788],[135.509227,34.692613],[135.509352,34.692413],[135.50944,34.692271],[135.509515,34.692138],[135.509615,34.691929]]}},{"type":"Feature","properties":{"N06_001":1965,"N06_002":1965,"N06_003":9999,"N06_004":"EA02_205005","N06_005":null,"N06_006":null,"N06_007":"阪神高速1号環状線","N06_008":"5","N06_009":"1","N06_010":3,"N06_011":null},"geometry":{"type":"LineString","coordinates":[[135.509615,34.691929],[135.509665,34.691654],[135.509702,34.691446],[135.50974,34.691188],[135.509752,34.691079],[135.509752,34.690963],[135.509784,34.690378],[135.509802,34.688405],[135.509815,34.687605],[135.509815,34.686555],[135.509827,34.68643],[135.509815,34.686288],[135.509852,34.685488],[135.509852,34.684491],[135.509865,34.684114],[135.509877,34.683589],[135.50989,34.68333],[135.50994,34.683047],[135.510002,34.682797],[135.51014,34.682464],[135.51029,34.682255],[135.510477,34.681972],[135.510552,34.681806]]}},{"type":"Feature","properties":{"N06_001":1965,"N06_002":1965,"N06_003":9999,"N06_004":"EA02_205006","N06_005":null,"N06_006":null,"N06_007":"阪神高速1号環状線","N06_008":"5","N06_009":"1","N06_010":4,"N06_011":null},"geometry":{"type":"LineString","coordinates":[[135.510552,34.681806],[135.510615,34.681647],[135.510652,34.681481],[135.51069,34.681239],[135.510802,34.680664],[135.510802,34.680114],[135.510815,34.679839],[135.510827,34.679189],[135.510845,34.677749],[135.510852,34.677089],[135.51084,34.676773],[135.510865,34.675756],[135.510777,34.673615],[135.51069,34.671965],[135.510665,34.671515],[135.510578,34.670507],[135.510572,34.670418]]}},{"type":"Feature","properties":{"N06_001":1967,"N06_002":1967,"N06_003":9999,"N06_004":"EA02_205008","N06_005":null,"N06_006":null,"N06_007":"阪神高速1号環状線","N06_008":"5","N06_009":"1","N06_010":2,"N06_011":null},"geometry":{"type":"LineString","coordinates":[[135.510572,34.670418],[135.51054,34.669924],[135.51054,34.669299],[135.51054,34.669265],[135.51054,34.669215],[135.510515,34.668765],[135.510503,34.668557],[135.51044,34.667765],[135.510378,34.666907],[135.510378,34.666857],[135.510378,34.666799],[135.510378,34.666749],[135.510303,34.666116],[135.510215,34.665291],[135.510178,34.664857],[135.510103,34.664282],[135.509953,34.662883],[135.509915,34.662616],[135.509865,34.662316],[135.50979,34.661916],[135.509715,34.661474],[135.50959,34.660708],[135.509528,34.6604],[135.509511,34.660321],[135.509428,34.659933],[135.509303,34.659308],[135.509178,34.658691],[135.509128,34.65845],[135.508915,34.65735],[135.50875,34.656488],[135.508579,34.655591],[135.508444,34.654935],[135.507195,34.655128],[135.506582,34.655228],[135.505541,34.655386],[135.504408,34.655517],[135.503358,34.655644],[135.502231,34.655785],[135.501696,34.655849],[135.501404,34.655919],[135.501197,34.656037],[135.50099,34.656277],[135.500855,34.656652],[135.500783,34.657097],[135.500662,34.657724],[135.500546,34.658106],[135.500384,34.658579],[135.500334,34.658843],[135.50037,34.659171],[135.500441,34.659605],[135.500591,34.660501],[135.500698,34.661345],[135.500776,34.661826],[135.50089,34.662212],[135.500997,34.662728],[135.501004,34.662898],[135.500947,34.663074],[135.500405,34.663829],[135.499856,34.664679],[135.499257,34.665529],[135.498765,34.666243],[135.498351,34.666794],[135.498044,34.667187]]}},{"type":"Feature","properties":{"N06_001":1994,"N06_002":1994,"N06_003":9999,"N06_004":"EA02_206001","N06_005":null,"N06_006":null,"N06_007":"阪神高速2号淀川左岸線","N06_008":"5","N06_009":"1","N06_010":4,"N06_011":null},"geometry":{"type":"LineString","coordinates":[[135.421604,34.667403],[135.422434,34.667788],[135.425101,34.668785],[135.4261,34.669183],[135.426799,34.669482],[135.428132,34.670109],[135.429266,34.670648],[135.431813,34.671878],[135.434147,34.67308]]}},{"type":"Feature","properties":{"N06_001":1964,"N06_002":1964,"N06_003":9999,"N06_004":"EA02_208001","N06_005":null,"N06_006":null,"N06_007":"阪神高速11号池田線","N06_008":"5","N06_009":"1","N06_010":5,"N06_011":null},"geometry":{"type":"LineString","coordinates":[[135.49243,34.695001],[135.492741,34.694572],[135.492953,34.694449],[135.493228,34.694377],[135.493641,34.694336],[135.494028,34.694305],[135.494416,34.694162],[135.494778,34.693884],[135.494928,34.693576],[135.495041,34.693104],[135.495178,34.692785],[135.495416,34.69259],[135.495678,34.692488],[135.496278,34.692457],[135.496978,34.692426],[135.497191,34.692334],[135.497553,34.691938]]}},{"type":"Feature","properties":{"N06_001":1967,"N06_002":1967,"N06_003":9999,"N06_004":"EA02_208002","N06_005":null,"N06_006":null,"N06_007":"阪神高速11号池田線","N06_008":"5","N06_009":"1","N06_010":4,"N06_011":null},"geometry":{"type":"LineString","coordinates":[[135.49243,34.695001],[135.49258,34.694538],[135.49268,34.69431],[135.492858,34.694064],[135.493129,34.693747],[135.493215,34.693583],[135.493322,34.693103],[135.493493,34.692411]]}},{"type":"Feature","properties":{"N06_001":1965,"N06_002":1965,"N06_003":9999,"N06_004":"EA02_208003","N06_005":null,"N06_006":null,"N06_007":"阪神高速11号池田線","N06_008":"5","N06_009":"1","N06_010":2,"N06_011":null},"geometry":{"type":"LineString","coordinates":[[135.48992,34.697749],[135.490369,34.697731],[135.490761,34.697667],[135.491154,34.697521],[135.491432,34.697368],[135.491674,34.697146],[135.491867,34.696829],[135.492017,34.696466],[135.492273,34.695499],[135.49243,34.695001]]}},{"type":"Feature","properties":{"N06_001":1967,"N06_002":1967,"N06_003":9999,"N06_004":"EA02_208004","N06_005":null,"N06_006":null,"N06_007":"阪神高速11号池田線","N06_008":"5","N06_009":"1","N06_010":2,"N06_011":null},"geometry":{"type":"LineString","coordinates":[[135.454646,34.780621],[135.455171,34.780021],[135.455947,34.77911],[135.4566,34.778247],[135.456984,34.777768],[135.457215,34.777479],[135.457324,34.777295],[135.457407,34.777079],[135.457548,34.776653],[135.457824,34.775737],[135.458074,34.774795],[135.458291,34.773984],[135.458535,34.773116],[135.458791,34.772263],[135.459067,34.771347],[135.459297,34.770473],[135.45956,34.769584],[135.459791,34.768715],[135.460073,34.76781],[135.460297,34.766931],[135.460502,34.766026],[135.460745,34.765142],[135.460957,34.764257],[135.46113,34.763379],[135.461322,34.762468],[135.461495,34.761463],[135.461674,34.760431],[135.461777,34.759905],[135.461899,34.759326],[135.462059,34.758294],[135.462206,34.757436],[135.462411,34.756336],[135.462584,34.755326],[135.462763,34.754284],[135.462911,34.753389],[135.463055,34.752412],[135.463116,34.752005],[135.463167,34.75161],[135.463289,34.750947],[135.463348,34.750595],[135.463449,34.750062],[135.463616,34.749115],[135.463744,34.748278],[135.463898,34.74731],[135.464064,34.74641],[135.464205,34.745573],[135.464391,34.744546],[135.464449,34.743689],[135.464461,34.742741],[135.464474,34.742131],[135.464442,34.741694],[135.464397,34.74131],[135.464308,34.740867],[135.464147,34.740467],[135.464006,34.740146],[135.463821,34.739825],[135.463539,34.739467],[135.462872,34.738725],[135.462225,34.737988],[135.461501,34.737188],[135.460886,34.736509],[135.460444,34.736009],[135.460085,34.735615],[135.459765,34.735188],[135.459547,34.734846],[135.459413,34.734615],[135.459163,34.734036],[135.458939,34.733525],[135.4584,34.732288],[135.458247,34.73192],[135.458054,34.731346],[135.45792,34.730915],[135.457792,34.730409],[135.4576,34.729541],[135.45735,34.728515],[135.457119,34.727636],[135.45694,34.726962],[135.456651,34.72582],[135.456533,34.725182],[135.456469,34.724708],[135.456511,34.724415],[135.456604,34.724174],[135.456825,34.723899],[135.457096,34.723629],[135.457581,34.723196],[135.458145,34.722657],[135.458851,34.721954],[135.459286,34.721532],[135.45955,34.721256],[135.459714,34.721075],[135.459907,34.720823],[135.460106,34.720489],[135.460263,34.720096],[135.460413,34.719575],[135.460655,34.71876],[135.460919,34.717811],[135.46109,34.717202],[135.461212,34.71695],[135.461362,34.716704],[135.461633,34.716417],[135.461896,34.716235],[135.462118,34.7161],[135.462396,34.715989],[135.462888,34.715842],[135.463958,34.715561],[135.465063,34.715262],[135.465641,34.715098],[135.466026,34.714946],[135.466383,34.714764],[135.466618,34.714594],[135.466882,34.714325],[135.467096,34.714079],[135.46756,34.713575],[135.468209,34.712848],[135.468922,34.712069],[135.469571,34.711378],[135.470206,34.710657],[135.470869,34.709878],[135.47149,34.709163],[135.472167,34.708407],[135.472802,34.70768],[135.473487,34.706895],[135.474178,34.70611],[135.475427,34.704733],[135.476061,34.703966],[135.47676,34.703222],[135.477452,34.702542],[135.477823,34.702173],[135.47818,34.701862],[135.478601,34.701499],[135.478922,34.701224],[135.479278,34.700983],[135.479649,34.700761],[135.480048,34.700573],[135.480762,34.700251],[135.481903,34.699782],[135.482787,34.699436],[135.483829,34.69902],[135.484806,34.698634],[135.485619,34.698329],[135.485933,34.6982],[135.486353,34.698083],[135.486853,34.69796],[135.487331,34.69786],[135.48793,34.697796],[135.489099,34.697808],[135.48992,34.697749]]}},{"type":"Feature","properties":{"N06_001":1968,"N06_002":1968,"N06_003":9999,"N06_004":"EA02_208005","N06_005":null,"N06_006":null,"N06_007":"阪神高速11号池田線","N06_008":"5","N06_009":"1","N06_010":2,"N06_011":null},"geometry":{"type":"LineString","coordinates":[[135.447432,34.789358],[135.448085,34.7885],[135.448713,34.787742],[135.449347,34.787],[135.450007,34.786205],[135.450674,34.785411],[135.451289,34.784669],[135.451923,34.783905],[135.452544,34.783147],[135.453025,34.782563],[135.453711,34.781774],[135.454415,34.780905],[135.454646,34.780621]]}},{"type":"Feature","properties":{"N06_001":1969,"N06_002":1969,"N06_003":9999,"N06_004":"EA02_208006","N06_005":null,"N06_006":null,"N06_007":"阪神高速11号池田線","N06_008":"5","N06_009":"1","N06_010":4,"N06_011":null},"geometry":{"type":"LineString","coordinates":[[135.445054,34.792172],[135.445606,34.791512],[135.446196,34.790812],[135.446845,34.790048],[135.447432,34.789358]]}},{"type":"Feature","properties":{"N06_001":1998,"N06_002":1998,"N06_003":9999,"N06_004":"EA02_208008","N06_005":null,"N06_006":null,"N06_007":"阪神高速11号池田線","N06_008":"5","N06_009":"1","N06_010":2,"N06_011":null},"geometry":{"type":"LineString","coordinates":[[135.426028,34.837515],[135.425948,34.837121],[135.425616,34.836035],[135.424486,34.833042],[135.423608,34.830783],[135.422837,34.829226],[135.421801,34.827515],[135.42103,34.82655],[135.419896,34.825506],[135.419196,34.824938],[135.418706,34.824503],[135.418022,34.823896],[135.417625,34.823545],[135.417135,34.82304],[135.416692,34.822606],[135.416396,34.822293],[135.416256,34.822018],[135.416187,34.821756],[135.416218,34.820875],[135.416381,34.820268],[135.416583,34.819629],[135.41684,34.81883],[135.417081,34.81814],[135.417314,34.817572],[135.41747,34.817099],[135.417773,34.816435],[135.418053,34.815751],[135.418387,34.815055],[135.418698,34.814339],[135.419115,34.813409],[135.419352,34.812876],[135.419771,34.812097],[135.420215,34.811337],[135.420744,34.810506],[135.421075,34.809977],[135.42131,34.809608],[135.421581,34.809186],[135.421959,34.808618],[135.422387,34.807944],[135.422858,34.807212],[135.423186,34.806644],[135.423564,34.805935],[135.423899,34.805284],[135.423999,34.805085],[135.424249,34.80454],[135.424441,34.804077],[135.424548,34.803937],[135.424634,34.80372],[135.424734,34.803439],[135.424848,34.803122],[135.424919,34.802858],[135.425026,34.80256],[135.425226,34.802167],[135.425404,34.801733],[135.425561,34.801382],[135.425654,34.801124],[135.425682,34.800802],[135.425747,34.800292],[135.425818,34.799466],[135.425904,34.799056],[135.425989,34.798827],[135.426139,34.798605],[135.42636,34.79837],[135.426631,34.798171],[135.426995,34.797954],[135.42743,34.797732],[135.427879,34.797526],[135.428357,34.797386],[135.428921,34.797245],[135.429784,34.797157],[135.430304,34.79714],[135.430775,34.797163],[135.431181,34.797257],[135.431495,34.797368],[135.431952,34.797626],[135.43233,34.797843],[135.432722,34.798036],[135.432993,34.798142],[135.433393,34.798253],[135.433828,34.798323],[135.434769,34.798317],[135.435147,34.798206],[135.435461,34.798101],[135.435739,34.797954],[135.436217,34.797614],[135.436866,34.797093],[135.437772,34.796319],[135.438364,34.795833],[135.43882,34.795446],[135.439198,34.795112],[135.439633,34.794778],[135.439983,34.794503],[135.44029,34.794298],[135.44066,34.794052],[135.441031,34.793853],[135.441402,34.793554],[135.441809,34.793214],[135.442151,34.792909],[135.442515,34.792564],[135.442807,34.792376],[135.44305,34.792306],[135.443385,34.792288],[135.443656,34.792323],[135.444056,34.792382],[135.444434,34.7924],[135.444719,34.792306],[135.445054,34.792172]]}},{"type":"Feature","properties":{"N06_001":1971,"N06_002":1971,"N06_003":9999,"N06_004":"EA02_209002","N06_005":null,"N06_006":null,"N06_007":"阪神高速12号守口線","N06_008":"5","N06_009":"1","N06_010":4,"N06_011":null},"geometry":{"type":"LineString","coordinates":[[135.573181,34.751721],[135.572889,34.751551],[135.572482,34.751369],[135.571805,34.751158],[135.570578,34.750859],[135.569244,34.750584],[135.568253,34.750408],[135.567154,34.750186],[135.566042,34.749986],[135.564908,34.749752],[135.564323,34.749529],[135.563966,34.749319],[135.563538,34.748944],[135.563246,34.74868],[135.562632,34.747895],[135.562326,34.747526],[135.562126,34.747227],[135.562012,34.747022],[135.561983,34.746746],[135.561941,34.746283],[135.561876,34.74534],[135.561812,34.744338],[135.561776,34.744045],[135.561705,34.743852],[135.561541,34.743471],[135.561192,34.742692],[135.560799,34.741824],[135.5604,34.740987],[135.560029,34.74016],[135.559801,34.739668],[135.559672,34.739364],[135.559622,34.739141],[135.559594,34.73825],[135.559573,34.737828],[135.559515,34.737623],[135.559409,34.737383],[135.558874,34.736616],[135.558481,34.736094],[135.558253,34.735848],[135.558025,34.735655],[135.557461,34.735215],[135.556627,34.734588],[135.555735,34.733979],[135.554936,34.73344],[135.554066,34.732924],[135.553153,34.732409],[135.552169,34.731893],[135.551228,34.731401],[135.550614,34.731155],[135.550158,34.731055],[135.549623,34.730944],[135.549116,34.730885],[135.548047,34.730786],[135.546884,34.73068],[135.545857,34.730569],[135.544666,34.730434],[135.544366,34.730346],[135.543995,34.730217],[135.543717,34.730036],[135.543339,34.729631],[135.543161,34.729368],[135.543068,34.72918],[135.543025,34.728823],[135.543054,34.728407],[135.543104,34.727481],[135.543168,34.726573],[135.543139,34.726169],[135.543047,34.725665],[135.542847,34.724721],[135.542662,34.723872],[135.542433,34.722969],[135.542305,34.722395],[135.542177,34.721979],[135.541977,34.721698],[135.541813,34.72154],[135.541613,34.721376],[135.541057,34.721103],[135.540423,34.720933],[135.539438,34.72084]]}},{"type":"Feature","properties":{"N06_001":1968,"N06_002":1968,"N06_003":9999,"N06_004":"EA02_209003","N06_005":null,"N06_006":null,"N06_007":"阪神高速12号守口線","N06_008":"5","N06_009":"1","N06_010":2,"N06_011":null},"geometry":{"type":"LineString","coordinates":[[135.554558,34.715271],[135.554551,34.715711],[135.554515,34.715963],[135.554344,34.716209],[135.553838,34.716537],[135.552754,34.717076],[135.552019,34.717433],[135.551035,34.717925],[135.549922,34.718517],[135.549045,34.718968],[135.548096,34.719449],[135.547647,34.719666],[135.547062,34.719877],[135.546506,34.720011],[135.545835,34.720117],[135.544666,34.720252],[135.543432,34.72041],[135.542569,34.720495],[135.541086,34.720664],[135.539438,34.72084],[135.537969,34.72098],[135.537306,34.721086],[135.536031,34.72118],[135.534688,34.721266],[135.533479,34.721383],[135.532188,34.721493],[135.531024,34.72161],[135.529853,34.721695],[135.529315,34.721726],[135.52883,34.721744],[135.528278,34.721726],[135.527696,34.72164],[135.52704,34.721487],[135.526771,34.721389],[135.526234,34.721113],[135.525846,34.720837],[135.525525,34.720586],[135.52507,34.720224],[135.524331,34.71958],[135.523502,34.718851],[135.522756,34.718201],[135.522025,34.717521],[135.521562,34.717043],[135.521219,34.716626],[135.521055,34.716356],[135.520876,34.715976],[135.520824,34.715455],[135.520846,34.715056],[135.520943,34.714192],[135.521062,34.713217],[135.52104,34.712653],[135.520965,34.712328],[135.520824,34.711912],[135.520555,34.711513],[135.519965,34.710802],[135.519264,34.710048],[135.518622,34.709343],[135.518361,34.709006],[135.51807,34.708601],[135.517831,34.70827],[135.517495,34.707731],[135.517212,34.707296],[135.516949,34.706996],[135.516713,34.706761],[135.516421,34.706503],[135.51605,34.706187],[135.515437,34.705665],[135.51473,34.705056],[135.514381,34.704734],[135.513953,34.704318],[135.513233,34.703574],[135.512826,34.703169],[135.512612,34.703023],[135.512377,34.702947],[135.512027,34.7029],[135.511471,34.702847],[135.510836,34.702771],[135.510351,34.70273],[135.510101,34.702689],[135.509895,34.702572],[135.509702,34.70239],[135.509567,34.702209],[135.509495,34.70205],[135.509452,34.701781],[135.509431,34.701242],[135.50941,34.700363],[135.509406,34.699535],[135.509413,34.699406],[135.509413,34.698538],[135.50942,34.697554],[135.509441,34.696535],[135.509448,34.695392],[135.509448,34.694525],[135.509498,34.69391],[135.509506,34.692685],[135.509615,34.691929]]}},{"type":"Feature","properties":{"N06_001":1969,"N06_002":1969,"N06_003":9999,"N06_004":"EA02_210001","N06_005":null,"N06_006":null,"N06_007":"阪神高速13号東大阪線","N06_008":"5","N06_009":"1","N06_010":4,"N06_011":null},"geometry":{"type":"LineString","coordinates":[[135.498028,34.681924],[135.500792,34.681926],[135.501405,34.681943],[135.502532,34.681926],[135.503623,34.68192],[135.504693,34.681926],[135.505849,34.681914],[135.506933,34.681902],[135.510552,34.681806],[135.512154,34.681703],[135.513544,34.681639],[135.516105,34.68151],[135.517389,34.681422],[135.518523,34.681363]]}},{"type":"Feature","properties":{"N06_001":1974,"N06_002":1974,"N06_003":9999,"N06_004":"EA02_210002","N06_005":null,"N06_006":null,"N06_007":"阪神高速13号東大阪線","N06_008":"5","N06_009":"1","N06_010":4,"N06_011":null},"geometry":{"type":"LineString","coordinates":[[135.529079,34.681492],[135.52971,34.681477],[135.530758,34.681477],[135.531899,34.68146],[135.533026,34.68143],[135.534817,34.681401],[135.535865,34.681395],[135.537149,34.681383],[135.538347,34.681372],[135.539424,34.68136],[135.539995,34.681337],[135.540922,34.681237],[135.54212,34.681085],[135.54334,34.680921],[135.544445,34.680774],[135.545351,34.680669],[135.546507,34.680499],[135.547755,34.680335],[135.549673,34.680065],[135.550936,34.679901],[135.552049,34.679766],[135.552954,34.679661],[135.554217,34.679491],[135.555294,34.679338],[135.55677,34.679151],[135.558133,34.678981],[135.559431,34.678829],[135.560401,34.678706],[135.561563,34.678553],[135.562662,34.678424],[135.563717,34.678366],[135.564594,34.678354],[135.565153,34.678334],[135.565736,34.678331],[135.567005,34.678301],[135.568054,34.678278],[135.569209,34.67826],[135.570322,34.67826],[135.571313,34.678307],[135.571698,34.678331],[135.572276,34.678395],[135.573011,34.67853],[135.574088,34.678747],[135.574651,34.67887],[135.575129,34.678922],[135.575614,34.678958],[135.576185,34.678981],[135.577226,34.678964],[135.578431,34.678922],[135.579501,34.678905],[135.580564,34.678881],[135.58162,34.67887],[135.582846,34.67884],[135.583959,34.678829],[135.585,34.678799],[135.586177,34.678758],[135.58729,34.678723],[135.588793,34.678721]]}},{"type":"Feature","properties":{"N06_001":1977,"N06_002":1977,"N06_003":9999,"N06_004":"EA02_210003","N06_005":null,"N06_006":null,"N06_007":"阪神高速13号東大阪線","N06_008":"5","N06_009":"1","N06_010":4,"N06_011":null},"geometry":{"type":"LineString","coordinates":[[135.518523,34.681363],[135.519479,34.681316],[135.520827,34.681264],[135.522011,34.681252],[135.523102,34.681299],[135.524286,34.681334],[135.525313,34.681369],[135.527545,34.681469],[135.528622,34.681504],[135.529079,34.681492]]}},{"type":"Feature","properties":{"N06_001":1983,"N06_002":1983,"N06_003":9999,"N06_004":"EA02_210004","N06_005":null,"N06_006":null,"N06_007":"阪神高速13号東大阪線","N06_008":"5","N06_009":"1","N06_010":4,"N06_011":null},"geometry":{"type":"LineString","coordinates":[[135.588793,34.678721],[135.589458,34.678723],[135.590535,34.678723],[135.592668,34.678706],[135.594215,34.678694],[135.595435,34.678688],[135.597218,34.678656]]}},{"type":"Feature","properties":{"N06_001":1986,"N06_002":1986,"N06_003":9999,"N06_004":"EA02_210005","N06_005":null,"N06_006":null,"N06_007":"阪神高速13号東大阪線","N06_008":"5","N06_009":"1","N06_010":4,"N06_011":null},"geometry":{"type":"LineString","coordinates":[[135.597218,34.678656],[135.600069,34.678639],[135.602582,34.67863],[135.603616,34.678594],[135.604793,34.678589],[135.606674,34.678598],[135.607589,34.678583],[135.610221,34.678594],[135.611212,34.6786],[135.612289,34.67863],[135.612952,34.678688],[135.613466,34.678741],[135.614072,34.678823],[135.614621,34.678917],[135.61572,34.679151],[135.616789,34.679368],[135.617902,34.679585],[135.619072,34.679837],[135.620163,34.680036],[135.621326,34.680247],[135.621996,34.680299],[135.622481,34.680323],[135.62353,34.68034],[135.624664,34.680305],[135.625848,34.680264],[135.626846,34.680258],[135.627567,34.680241],[135.629057,34.680182],[135.630612,34.680182]]}},{"type":"Feature","properties":{"N06_001":1979,"N06_002":1979,"N06_003":9999,"N06_004":"EA02_211002","N06_005":null,"N06_006":null,"N06_007":"阪神高速14号松原線","N06_008":"5","N06_009":"1","N06_010":4,"N06_011":null},"geometry":{"type":"LineString","coordinates":[[135.575628,34.589894],[135.575279,34.590169],[135.574687,34.590602],[135.573988,34.591089],[135.573303,34.591476],[135.572911,34.591663],[135.572533,34.591821],[135.571941,34.592061],[135.571213,34.592278],[135.570757,34.592407],[135.569665,34.59263],[135.568654,34.592811],[135.567775,34.592893],[135.567155,34.59294],[135.566071,34.592981],[135.564808,34.593005],[135.563731,34.592999],[135.562355,34.593011],[135.561349,34.593011],[135.560179,34.593011],[135.559074,34.593011],[135.557897,34.592999],[135.55667,34.593011],[135.555493,34.593005],[135.554345,34.593017],[135.553232,34.593034],[135.55187,34.593081],[135.551357,34.59314],[135.551036,34.593227],[135.5507,34.593421],[135.550387,34.593778],[135.550148,34.59408],[135.550158,34.595149],[135.550165,34.596204],[135.550158,34.597347],[135.550165,34.598085],[135.550187,34.599081],[135.550246,34.600263],[135.55026,34.601106],[135.55026,34.602089],[135.550205,34.603045],[135.550123,34.603629],[135.550027,34.604084],[135.549856,34.605028],[135.54963,34.606006],[135.549398,34.606905],[135.549302,34.60731],[135.549213,34.60786],[135.549158,34.608495],[135.549172,34.608951],[135.549124,34.610715],[135.549117,34.611665],[135.54909,34.612547],[135.549063,34.613525],[135.549056,34.614407],[135.549049,34.615312],[135.549001,34.616177],[135.548967,34.617172],[135.54896,34.618043],[135.548933,34.619015],[135.548909,34.61985],[135.548899,34.620757],[135.548803,34.621173],[135.548645,34.621521],[135.548563,34.621639],[135.548269,34.621954],[135.547996,34.62215],[135.547749,34.62228],[135.547394,34.622431],[135.547072,34.62251],[135.546723,34.622549],[135.546176,34.622532],[135.545601,34.622476],[135.544534,34.622308],[135.543289,34.622139],[135.542236,34.622004],[135.541244,34.621869],[135.539883,34.621673],[135.538871,34.621555],[135.537749,34.621392],[135.536702,34.621279],[135.536162,34.621229],[135.535491,34.621195],[135.534917,34.621184],[135.534335,34.621212],[135.533884,34.621246],[135.533467,34.621302],[135.533132,34.62142],[135.53268,34.621605],[135.532092,34.621886],[135.531551,34.622184],[135.531278,34.622369],[135.531063,34.622516],[135.530696,34.622858],[135.530484,34.623072],[135.52978,34.623814],[135.529082,34.624527],[135.528371,34.625269],[135.527646,34.626],[135.527009,34.626679],[135.526325,34.627388],[135.52493,34.628815],[135.524205,34.629596],[135.523541,34.630321],[135.522892,34.631029],[135.522153,34.631799],[135.521407,34.63254],[135.520798,34.633204],[135.52008,34.633968],[135.51928,34.634783],[135.518733,34.635367],[135.518049,34.636126],[135.517378,34.636794],[135.517166,34.637013],[135.516633,34.637553],[135.515911,34.638287],[135.515238,34.638978],[135.51454,34.639706],[135.514274,34.639961],[135.513996,34.640158],[135.513744,34.640291],[135.51333,34.640472],[135.51265,34.640759],[135.511661,34.641099],[135.511182,34.641248],[135.510515,34.641338],[135.509357,34.641481],[135.508283,34.641588],[135.507119,34.641726],[135.506562,34.641779],[135.506155,34.641864],[135.505786,34.641997],[135.505411,34.642172],[135.505126,34.64239],[135.504848,34.642656],[135.504667,34.642916],[135.504557,34.643209],[135.504473,34.643528],[135.504492,34.643777],[135.504602,34.644128],[135.504803,34.644665],[135.504964,34.645016],[135.50534,34.645909],[135.505734,34.646754],[135.506069,34.647456],[135.506412,34.648428],[135.506611,34.648973],[135.506733,34.64926],[135.507061,34.650169],[135.50736,34.651059],[135.507638,34.65195],[135.507974,34.652864],[135.508081,34.653233],[135.508195,34.653673],[135.508273,34.654036],[135.508387,34.654692],[135.508444,34.654935]]}},{"type":"Feature","properties":{"N06_001":1972,"N06_002":1972,"N06_003":9999,"N06_004":"EA02_212001","N06_005":null,"N06_006":null,"N06_007":"阪神高速15号堺線","N06_008":"5","N06_009":"1","N06_010":3,"N06_011":null},"geometry":{"type":"LineString","coordinates":[[135.510378,34.666749],[135.508921,34.666818],[135.507695,34.666876],[135.506518,34.666935],[135.505484,34.666964],[135.504485,34.666976],[135.503294,34.667017],[135.502081,34.667052],[135.501083,34.66707],[135.500034,34.667105],[135.498986,34.667116],[135.498044,34.667187]]}},{"type":"Feature","properties":{"N06_001":1969,"N06_002":1969,"N06_003":9999,"N06_004":"EA02_212002","N06_005":null,"N06_006":null,"N06_007":"阪神高速15号堺線","N06_008":"5","N06_009":"1","N06_010":4,"N06_011":null},"geometry":{"type":"LineString","coordinates":[[135.498044,34.667187],[135.496807,34.667405],[135.495947,34.667645],[135.495423,34.667743],[135.494876,34.667808],[135.493742,34.667911],[135.492637,34.668033],[135.491469,34.668136],[135.490393,34.668253],[135.489293,34.668356],[135.488211,34.668482],[135.487607,34.668529],[135.487191,34.668534],[135.486997,34.668492],[135.486815,34.668393],[135.486638,34.668216],[135.486553,34.668066],[135.48653,34.667813],[135.486542,34.667434],[135.486593,34.666844],[135.486677,34.666282],[135.486713,34.665918],[135.486792,34.665342],[135.486832,34.665033],[135.486855,34.664519],[135.486855,34.664027],[135.486844,34.663124],[135.486821,34.662235],[135.486792,34.661378],[135.486758,34.66099],[135.486701,34.660368],[135.486582,34.659488],[135.486545,34.659216],[135.486513,34.658823],[135.486433,34.658561],[135.486337,34.658322],[135.485972,34.657742],[135.485699,34.657316],[135.485459,34.656928],[135.485368,34.656666],[135.485311,34.656394],[135.485283,34.65602],[135.485334,34.654934],[135.485397,34.654143],[135.48545,34.653443],[135.485482,34.652959],[135.485539,34.652309],[135.485573,34.651832],[135.485596,34.651382],[135.485613,34.650966],[135.485568,34.650507],[135.485511,34.650105],[135.485459,34.649824],[135.485448,34.649562],[135.485471,34.649244],[135.485493,34.649033],[135.485562,34.648813],[135.485659,34.648616],[135.486006,34.64783],[135.48612,34.647521],[135.4862,34.647236],[135.486234,34.646862],[135.486241,34.646711],[135.486188,34.646],[135.485966,34.645074],[135.485801,34.644166],[135.485619,34.643291],[135.485522,34.642809],[135.485459,34.642378],[135.485436,34.642102],[135.485476,34.641447],[135.485516,34.64053],[135.485562,34.639556],[135.485585,34.638658],[135.485664,34.637769],[135.485784,34.636795],[135.485864,34.635906],[135.485949,34.635008],[135.486046,34.634067],[135.48616,34.633164],[135.486251,34.632275],[135.486325,34.631329],[135.486388,34.630379],[135.486445,34.629471],[135.486473,34.628592],[135.486513,34.627646],[135.486553,34.626701],[135.48657,34.626097],[135.486582,34.62576],[135.486599,34.625503],[135.48665,34.625222],[135.48673,34.624843],[135.486798,34.62452],[135.486837,34.624157],[135.486821,34.623893],[135.486798,34.622999],[135.486764,34.622063],[135.486724,34.6216],[135.486661,34.621141],[135.48657,34.620734],[135.486399,34.620266],[135.485904,34.619433],[135.485687,34.619063],[135.485562,34.618834],[135.485493,34.618586],[135.485459,34.618287],[135.485448,34.618001],[135.485414,34.617664],[135.485345,34.617388],[135.485112,34.616691],[135.484793,34.615816],[135.484479,34.614917],[135.484195,34.614033],[135.483887,34.613139],[135.483591,34.61225],[135.483505,34.611964],[135.483471,34.611632],[135.483454,34.611295],[135.483426,34.610359],[135.483374,34.609437],[135.483352,34.608515],[135.483312,34.607589],[135.483266,34.606657],[135.483239,34.606228],[135.483215,34.60567],[135.483198,34.605193],[135.483169,34.604851],[135.483078,34.604425],[135.482958,34.603915],[135.482719,34.603021],[135.482503,34.602132],[135.48229,34.601209],[135.482035,34.600269],[135.481853,34.599422],[135.481811,34.599142],[135.481797,34.598816],[135.481853,34.598514],[135.481971,34.598211],[135.482103,34.597994],[135.482367,34.597708],[135.48309,34.596977],[135.483765,34.596326],[135.484383,34.595761],[135.485051,34.595121],[135.485788,34.594407],[135.486066,34.594047],[135.486281,34.593716],[135.486379,34.593482],[135.48649,34.593082],[135.486525,34.592723],[135.486525,34.592363],[135.486427,34.591769],[135.4861,34.590889],[135.485815,34.590055],[135.485475,34.58917],[135.485162,34.588245],[135.484543,34.586497],[135.484258,34.585641],[135.483931,34.584773],[135.483598,34.58387],[135.483264,34.582962],[135.482979,34.582089],[135.482374,34.580381],[135.482034,34.579404],[135.481762,34.578605],[135.481436,34.577731],[135.481276,34.577348]]}},{"type":"Feature","properties":{"N06_001":1976,"N06_002":1976,"N06_003":9999,"N06_004":"EA02_212003","N06_005":null,"N06_006":null,"N06_007":"阪神高速15号堺線","N06_008":"5","N06_009":"1","N06_010":4,"N06_011":null},"geometry":{"type":"LineString","coordinates":[[135.481276,34.577348],[135.480497,34.575434],[135.480222,34.575034],[135.479986,34.574796],[135.47941,34.574449],[135.478755,34.574179],[135.478008,34.573995],[135.477092,34.573746],[135.476437,34.573508],[135.475952,34.573216]]}},{"type":"Feature","properties":{"N06_001":1974,"N06_002":1974,"N06_003":9999,"N06_004":"EA02_213001","N06_005":null,"N06_006":null,"N06_007":"阪神高速16号大阪港線","N06_008":"5","N06_009":"1","N06_010":4,"N06_011":null},"geometry":{"type":"LineString","coordinates":[[135.476546,34.677565],[135.47757,34.678414],[135.478131,34.678832],[135.478639,34.679155],[135.479032,34.679359],[135.479344,34.679491],[135.479823,34.679648],[135.480435,34.679814],[135.482133,34.68025],[135.484402,34.680824],[135.485563,34.681081],[135.486367,34.681213],[135.488977,34.68137],[135.490206,34.68146],[135.492013,34.681588],[135.493028,34.681646],[135.494843,34.681768],[135.496633,34.681873],[135.498028,34.681924]]}},{"type":"Feature","properties":{"N06_001":1989,"N06_002":1989,"N06_003":9999,"N06_004":"EA02_213002","N06_005":null,"N06_006":null,"N06_007":"阪神高速16号大阪港線","N06_008":"5","N06_009":"1","N06_010":4,"N06_011":null},"geometry":{"type":"LineString","coordinates":[[135.440738,34.653893],[135.439927,34.655081],[135.439389,34.655856],[135.438969,34.656591],[135.438739,34.657241],[135.438794,34.657477],[135.438877,34.657857],[135.438973,34.658045],[135.439256,34.658609],[135.439625,34.659189],[135.439883,34.65949],[135.440097,34.65969],[135.440347,34.659885],[135.440622,34.660046],[135.440893,34.660162],[135.441301,34.660292],[135.441809,34.660446],[135.442242,34.660583],[135.4425,34.660676],[135.442738,34.660778],[135.44295,34.660949],[135.443119,34.661166],[135.443465,34.661626],[135.443669,34.661864],[135.443868,34.662095],[135.444076,34.662255],[135.444319,34.662387],[135.444523,34.662469],[135.444765,34.662522],[135.445181,34.662505],[135.445489,34.662455],[135.445857,34.66232],[135.446529,34.662049],[135.447018,34.661825],[135.447516,34.661608],[135.447833,34.66154],[135.448084,34.661515],[135.448517,34.661519],[135.448955,34.661622],[135.44928,34.6618],[135.449466,34.661996],[135.449666,34.662215],[135.449901,34.662583],[135.450155,34.662932],[135.450402,34.663327],[135.450679,34.663725],[135.450922,34.664088],[135.451034,34.664252],[135.45124,34.664524],[135.451419,34.664695],[135.451639,34.664832],[135.451954,34.66496],[135.452482,34.665128],[135.453387,34.665427],[135.454466,34.665783],[135.455679,34.666196],[135.456645,34.666534],[135.457746,34.666897],[135.458564,34.667149],[135.45944,34.66747],[135.460904,34.667997],[135.463625,34.668913],[135.464705,34.669326],[135.465277,34.669558],[135.465658,34.6697],[135.466132,34.669961],[135.466784,34.670369],[135.467136,34.670673],[135.467633,34.671081],[135.467979,34.67137],[135.468366,34.671712],[135.468869,34.672143],[135.4694,34.672547],[135.469741,34.672769],[135.470179,34.67305],[135.470711,34.673396],[135.471323,34.67378],[135.472882,34.674786],[135.474401,34.675881],[135.475592,34.676843],[135.476546,34.677565]]}},{"type":"Feature","properties":{"N06_001":1969,"N06_002":1969,"N06_003":9999,"N06_004":"EA02_214001","N06_005":null,"N06_006":null,"N06_007":"阪神高速17号西大阪線","N06_008":"5","N06_009":"1","N06_010":4,"N06_011":null},"geometry":{"type":"LineString","coordinates":[[135.460708,34.671215],[135.461172,34.670459],[135.461664,34.669656],[135.462206,34.668777],[135.462691,34.667945],[135.463148,34.667102],[135.464025,34.665608],[135.464617,34.664576],[135.465109,34.663727],[135.46563,34.662824],[135.466079,34.662045],[135.466578,34.661178],[135.466771,34.660809],[135.467042,34.660358],[135.467341,34.65983],[135.46757,34.659485],[135.467805,34.659115],[135.468105,34.658711],[135.468433,34.658395],[135.468839,34.658032],[135.469075,34.65785],[135.469367,34.657662],[135.469724,34.657487],[135.470252,34.657293],[135.470886,34.657106],[135.471863,34.656842],[135.472962,34.656543],[135.474089,34.65628],[135.475237,34.655998],[135.476314,34.655723],[135.477683,34.655365],[135.478575,34.655137],[135.479745,34.654844],[135.480729,34.654598],[135.481078,34.65451],[135.481699,34.654357],[135.482719,34.654105],[135.484038,34.653789],[135.48545,34.653443]]}},{"type":"Feature","properties":{"N06_001":1974,"N06_002":1974,"N06_003":9999,"N06_004":"EA02_215001","N06_005":null,"N06_006":null,"N06_007":"阪神高速4号湾岸線","N06_008":"5","N06_009":"1","N06_010":4,"N06_011":null},"geometry":{"type":"LineString","coordinates":[[135.434451,34.634544],[135.434309,34.635153],[135.434166,34.635868],[135.434059,34.636483],[135.433945,34.637122],[135.433916,34.63748],[135.433981,34.637878],[135.43413,34.63837],[135.434437,34.638886],[135.434915,34.63963],[135.435899,34.641183],[135.436398,34.64195],[135.437133,34.643116],[135.437532,34.643743],[135.437939,34.644382],[135.438403,34.645102],[135.438966,34.645946],[135.439494,34.646778],[135.440221,34.647903],[135.440621,34.648518],[135.441092,34.649298],[135.441512,34.649966],[135.44184,34.650475],[135.442062,34.650903],[135.442176,34.651184],[135.442233,34.651565],[135.442211,34.651969],[135.442126,34.652368],[135.442012,34.652643],[135.441748,34.653065],[135.44147,34.653358],[135.441184,34.653628],[135.440738,34.653893]]}},{"type":"Feature","properties":{"N06_001":1982,"N06_002":1982,"N06_003":9999,"N06_004":"EA02_215002","N06_005":null,"N06_006":null,"N06_007":"阪神高速4号湾岸線","N06_008":"5","N06_009":"1","N06_010":4,"N06_011":null},"geometry":{"type":"LineString","coordinates":[[135.462295,34.599133],[135.462168,34.5994],[135.462082,34.599652],[135.462047,34.600062],[135.46199,34.600771],[135.461968,34.601375],[135.461904,34.601826],[135.461825,34.60216],[135.461718,34.602377],[135.461562,34.602564],[135.461233,34.602863],[135.460677,34.60332],[135.459807,34.604],[135.458958,34.604714],[135.458309,34.605259],[135.457489,34.605904],[135.456562,34.606683],[135.455856,34.607281],[135.455385,34.60765],[135.454772,34.608001],[135.454429,34.608195],[135.45408,34.60833],[135.453224,34.608634],[135.452304,34.608957],[135.450949,34.609431],[135.449807,34.609847],[135.448837,34.610181],[135.447525,34.61065],[135.446591,34.610966],[135.445478,34.611382],[135.444451,34.611734],[135.443816,34.611933],[135.443402,34.611974],[135.44311,34.611992],[135.442328,34.61199],[135.441448,34.611968],[135.440714,34.611962],[135.439629,34.611945],[135.438973,34.612062],[135.438395,34.612279],[135.43801,34.612455],[135.437704,34.612724],[135.437454,34.61307],[135.437169,34.613574],[135.436955,34.614095],[135.436748,34.614581],[135.436463,34.61539],[135.436106,34.61631],[135.435742,34.617283],[135.4354,34.618144],[135.435072,34.618999],[135.434767,34.619818],[135.434116,34.621507],[135.433717,34.622556],[135.433374,34.623417],[135.433032,34.62432],[135.432711,34.625093],[135.432433,34.625831],[135.43214,34.626581],[135.432055,34.626921],[135.432041,34.627261],[135.432169,34.627771],[135.432347,34.628163],[135.432575,34.62848],[135.432932,34.628814],[135.433367,34.629189],[135.434045,34.629739],[135.434337,34.629974],[135.43453,34.630237],[135.434744,34.630571],[135.434886,34.630911],[135.434958,34.631151],[135.434986,34.631509],[135.434943,34.631896],[135.434801,34.632728],[135.434658,34.633419],[135.434451,34.634544]]}},{"type":"Feature","properties":{"N06_001":1987,"N06_002":1987,"N06_003":9999,"N06_004":"EA02_215003","N06_005":null,"N06_006":null,"N06_007":"阪神高速4号湾岸線","N06_008":"5","N06_009":"1","N06_010":4,"N06_011":null},"geometry":{"type":"LineString","coordinates":[[135.455987,34.568652],[135.456241,34.569383],[135.456505,34.570104],[135.456783,34.57083],[135.457032,34.571416],[135.457204,34.571867],[135.457439,34.572371],[135.457653,34.57274],[135.45791,34.573115],[135.458195,34.573484],[135.458366,34.573766],[135.458466,34.574006],[135.458516,34.574252],[135.458559,34.57485],[135.458652,34.575617],[135.458737,34.576356],[135.458744,34.577135],[135.45868,34.577973],[135.45853,34.578629],[135.458338,34.579572],[135.458274,34.579959],[135.458224,34.580451],[135.458266,34.580902],[135.458366,34.581353],[135.458495,34.581728],[135.458673,34.582074],[135.45888,34.582373],[135.459115,34.582654],[135.459399,34.582932],[135.460085,34.583674],[135.460756,34.584424],[135.461433,34.585133],[135.461904,34.585684],[135.462496,34.586334],[135.462938,34.586879],[135.463252,34.587453],[135.463395,34.587904],[135.463516,34.588555],[135.463523,34.589176],[135.46353,34.590025],[135.463502,34.590945],[135.463437,34.591894],[135.463387,34.592808],[135.463316,34.593605],[135.463266,34.594543],[135.463209,34.595609],[135.463173,34.596734],[135.463138,34.597039],[135.463045,34.59739],[135.462853,34.597894],[135.4627667800753,34.5980546455422],[135.462596,34.598416],[135.462295,34.599133]]}},{"type":"Feature","properties":{"N06_001":1993,"N06_002":1993,"N06_003":9999,"N06_004":"EA02_215004","N06_005":null,"N06_006":null,"N06_007":"阪神高速4号湾岸線","N06_008":"5","N06_009":"1","N06_010":4,"N06_011":null},"geometry":{"type":"LineString","coordinates":[[135.406085,34.510452],[135.406506,34.510732],[135.406977,34.511083],[135.407505,34.511464],[135.408211,34.51195],[135.408625,34.512237],[135.409231,34.512571],[135.409581,34.512736],[135.410016,34.512888],[135.410615,34.513069],[135.411292,34.513275],[135.411934,34.513462],[135.412462,34.513702],[135.41294,34.513966],[135.413346,34.514235],[135.413782,34.514587],[135.414374,34.515091],[135.414887,34.515536],[135.415729,34.516263],[135.416442,34.516855],[135.417013,34.517347],[135.41759,34.51795],[135.417954,34.518384],[135.418464,34.519085],[135.418853,34.519526],[135.419209,34.519925],[135.420008,34.520763],[135.420935,34.521712],[135.421784,34.522538],[135.422776,34.523528],[135.423574,34.524337],[135.424259,34.525017],[135.424901,34.525655],[135.425336,34.526089],[135.4256,34.526388],[135.425857,34.526851],[135.426042,34.527413],[135.426149,34.527958],[135.426213,34.528837],[135.426235,34.529499],[135.42632,34.52988],[135.42647,34.530296],[135.42672,34.530718],[135.427048,34.531151],[135.427347,34.531462],[135.427754,34.531831],[135.428139,34.532153],[135.428617,34.532563],[135.428924,34.532821],[135.429302,34.533249],[135.429658,34.533671],[135.429958,34.534022],[135.430198,34.534344],[135.430471,34.534684],[135.430785,34.535188],[135.431342,34.536009],[135.431791,34.536688],[135.432411,34.537626],[135.432953,34.538446],[135.43351,34.539284],[135.433816,34.539741],[135.435592,34.542495],[135.436113,34.543274],[135.436819,34.544364],[135.437376,34.545202],[135.437779,34.545806],[135.438182,34.54645],[135.438595,34.547129],[135.438916,34.547575],[135.43918,34.54795],[135.439501,34.548301],[135.439822,34.548583],[135.440343,34.548993],[135.44107,34.549526],[135.441933,34.55017],[135.442654,34.550709],[135.443074,34.551038],[135.443338,34.551313],[135.443574,34.551618],[135.443731,34.551864],[135.44393,34.552327],[135.444194,34.552977],[135.444522,34.553856],[135.444758,34.554559],[135.445057,34.555362],[135.445385,34.556288],[135.445613,34.556827],[135.445792,34.557219],[135.446056,34.557618],[135.44632,34.557952],[135.446512,34.558174],[135.447033,34.558614],[135.447889,34.559258],[135.448652,34.559815],[135.449515,34.560471],[135.45016,34.56094],[135.45067,34.56135],[135.451362,34.561871],[135.452197,34.562487],[135.45276,34.562914],[135.453181,34.563242],[135.453516,34.563606],[135.453802,34.563981],[135.454073,34.564338],[135.454393,34.564907],[135.454622,34.56534],[135.45485,34.565774],[135.455071,34.566219],[135.455292,34.566676],[135.455556,34.567479],[135.455749,34.567965],[135.455987,34.568652]]}},{"type":"Feature","properties":{"N06_001":1994,"N06_002":1994,"N06_003":9999,"N06_004":"EA02_215006","N06_005":null,"N06_006":null,"N06_007":"阪神高速4号湾岸線","N06_008":"5","N06_009":"1","N06_010":4,"N06_011":null},"geometry":{"type":"LineString","coordinates":[[135.296892,34.412393],[135.297641,34.413019],[135.298511,34.413863],[135.299367,34.414437],[135.300337,34.414918],[135.301806,34.415351],[135.302566,34.415542],[135.303315,34.4157],[135.304278,34.41587],[135.305262,34.415987],[135.305968,34.416069],[135.306717,34.416122],[135.308079,34.416263],[135.309383,34.416412],[135.309984,34.416503],[135.310961,34.416673],[135.312066,34.416936],[135.313108,34.417264],[135.314142,34.417569],[135.314876,34.417815],[135.315689,34.418114],[135.316674,34.418507],[135.317637,34.418958],[135.318214,34.419274],[135.318835,34.419626],[135.319726,34.420188],[135.320689,34.420874],[135.321866,34.421741],[135.323014,34.422585],[135.323842,34.423229],[135.324562,34.423798],[135.325254,34.424348],[135.325853,34.424887],[135.326417,34.425462],[135.327016,34.426065],[135.327743,34.42678],[135.328066,34.427138],[135.328806,34.427899],[135.329612,34.428731],[135.33004,34.4292],[135.330347,34.429575],[135.330725,34.430131],[135.330939,34.430542],[135.33116,34.430987],[135.331409,34.431338],[135.331794,34.43176],[135.332165,34.432129],[135.332736,34.432739],[135.333207,34.433231],[135.333549,34.4336],[135.333941,34.434092],[135.33417,34.434438],[135.334469,34.434942],[135.334854,34.435627],[135.335311,34.436418],[135.33561,34.437022],[135.335917,34.437672],[135.336274,34.438446],[135.33658,34.439102],[135.336908,34.439729],[135.337179,34.440227],[135.33745,34.440772],[135.337721,34.441182],[135.338042,34.441557],[135.338363,34.441909],[135.338756,34.442225],[135.339184,34.442553],[135.339719,34.442881],[135.340054,34.443051],[135.340546,34.443256],[135.341095,34.443438],[135.341716,34.443549],[135.342144,34.443596],[135.342786,34.443666],[135.343313,34.443725],[135.343784,34.443784],[135.344447,34.443912],[135.344997,34.444082],[135.34576,34.444334],[135.346316,34.444575],[135.34683,34.444838],[135.347607,34.445231],[135.348442,34.445705],[135.349369,34.446297],[135.35026,34.446953],[135.351016,34.447569],[135.351701,34.448207],[135.352229,34.448758],[135.352835,34.449397],[135.353406,34.450106],[135.353933,34.450744],[135.354383,34.451354],[135.354975,34.452145],[135.355538,34.452883],[135.356038,34.45351],[135.356651,34.454295],[135.357236,34.455092],[135.357578,34.455584],[135.358013,34.45624],[135.358463,34.457014],[135.358876,34.457617],[135.359183,34.458051],[135.359647,34.458662],[135.360025,34.459141],[135.360652,34.459943],[135.361387,34.460875],[135.361858,34.461467],[135.362343,34.462059],[135.362977,34.462867],[135.363527,34.463559],[135.364261,34.46449],[135.364796,34.46517],[135.365331,34.465809],[135.365816,34.466453],[135.366137,34.466811],[135.366508,34.467144],[135.367071,34.467607],[135.367457,34.467877],[135.367849,34.468094],[135.368419,34.468369],[135.369389,34.46882],[135.370309,34.469201],[135.37078,34.469394],[135.371572,34.469764],[135.372143,34.470057],[135.37262,34.470373],[135.373141,34.470766],[135.373498,34.471129],[135.37379,34.471457],[135.374268,34.472072],[135.374782,34.472717],[135.375267,34.473355],[135.37568,34.473912],[135.376008,34.474392],[135.376365,34.474885],[135.37675,34.475494],[135.376971,34.475834],[135.377121,34.476103],[135.377299,34.476584],[135.377527,34.477345],[135.377677,34.477914],[135.377727,34.47833],[135.377713,34.479355],[135.377627,34.48014],[135.377513,34.481101],[135.377399,34.482062],[135.377314,34.482736],[135.377335,34.483082],[135.377435,34.483468],[135.377827,34.484757],[135.378127,34.485607],[135.378398,34.486515],[135.378726,34.487529],[135.379061,34.488683],[135.379382,34.489744],[135.379639,34.490623],[135.37996,34.491729],[135.380259,34.492732],[135.380523,34.493576],[135.380808,34.494572],[135.381044,34.495333],[135.381222,34.496037],[135.381465,34.496734],[135.381686,34.497302],[135.381893,34.497871],[135.382064,34.498134],[135.382435,34.49865],[135.382713,34.49899],[135.382991,34.4993],[135.383312,34.499576],[135.383847,34.500038],[135.384232,34.50032],[135.384838,34.500788],[135.38553,34.501281],[135.386386,34.501896],[135.387056,34.50237],[135.387962,34.50288],[135.388904,34.503343],[135.38946,34.503636],[135.390045,34.503952],[135.390566,34.504245],[135.391108,34.504697],[135.391486,34.505089],[135.391857,34.505529],[135.392242,34.506021],[135.392641,34.506419],[135.393069,34.506806],[135.393426,34.507093],[135.394003,34.507415],[135.394702,34.50772],[135.39548,34.508025],[135.39655,34.508429],[135.397291,34.508698],[135.398176,34.509027],[135.39911,34.509343],[135.399552,34.509472],[135.400166,34.509595],[135.400679,34.50963],[135.401335,34.509642],[135.40242,34.509636],[135.403582,34.509659],[135.404046,34.509712],[135.404616,34.509847],[135.405287,34.510081],[135.40575,34.510269],[135.406085,34.510452]]}},{"type":"Feature","properties":{"N06_001":1981,"N06_002":1981,"N06_003":9999,"N06_004":"EA02_216001","N06_005":null,"N06_006":null,"N06_007":"阪神高速3号神戸線","N06_008":"5","N06_009":"1","N06_010":4,"N06_011":null},"geometry":{"type":"LineString","coordinates":[[135.354987,34.726531],[135.355937,34.725869],[135.356772,34.725318],[135.357599,34.724744],[135.358448,34.724211],[135.358933,34.723888],[135.359232,34.723713],[135.360081,34.723308],[135.36098,34.722957],[135.362214,34.722517],[135.363583,34.722008],[135.365794,34.721047],[135.367178,34.720449],[135.368797,34.71964],[135.369617,34.719277],[135.370216,34.719037],[135.370872,34.718861],[135.371536,34.718679],[135.372306,34.718492],[135.373454,34.71824],[135.374467,34.717988],[135.377163,34.717332],[135.378426,34.717041],[135.379817,34.716695],[135.381008,34.716425],[135.382242,34.716144],[135.383326,34.71588],[135.384403,34.715623],[135.385737,34.715289],[135.386821,34.715037],[135.38829,34.714802],[135.389246,34.714732],[135.39058,34.714843],[135.391521,34.715019],[135.392504,34.715224],[135.393039,34.715323],[135.393581,34.71544],[135.394694,34.715663],[135.395692,34.715886],[135.396669,34.71612],[135.397775,34.716354],[135.398859,34.716595],[135.399957,34.716852],[135.400992,34.717063],[135.401598,34.71714],[135.402104,34.717134],[135.402397,34.717134],[135.40316,34.717093],[135.403438,34.717034],[135.404301,34.716882],[135.405307,34.716682],[135.406334,34.716483],[135.407446,34.716249],[135.408552,34.716015],[135.409572,34.715809],[135.410628,34.715599],[135.411498,34.715411],[135.412732,34.715159],[135.413859,34.714942],[135.414971,34.714702],[135.41558,34.714542],[135.415962,34.714402],[135.416996,34.714027],[135.417995,34.713705],[135.42012,34.713254],[135.42124,34.713172],[135.42236,34.713084],[135.42328,34.712944],[135.4244,34.712727],[135.425463,34.712505],[135.426583,34.712259],[135.427581,34.711966],[135.428138,34.711767],[135.428712,34.711535],[135.429639,34.71109],[135.430167,34.710855],[135.430516,34.710668],[135.430844,34.71041],[135.431279,34.710011],[135.432007,34.709273],[135.43272,34.708599],[135.43302,34.708301],[135.433441,34.708025],[135.433911,34.707826],[135.434539,34.707627],[135.43491,34.707545],[135.435523,34.707463],[135.435937,34.70748],[135.436358,34.707515],[135.43665,34.707597],[135.437692,34.707943],[135.43869,34.708353],[135.439781,34.708775],[135.44063,34.709127],[135.441058,34.709267],[135.441614,34.709396],[135.442185,34.70949],[135.442748,34.709549],[135.443362,34.709578],[135.443947,34.709554],[135.444967,34.709502],[135.446015,34.709361],[135.446643,34.70922],[135.447135,34.709056],[135.448069,34.708664],[135.448561,34.70847],[135.449228,34.708207],[135.450046,34.707905],[135.451094,34.707513],[135.452147,34.707093],[135.453131,34.706673],[135.454115,34.70628],[135.455005,34.705912],[135.456083,34.705424],[135.456926,34.704968],[135.45723,34.704751],[135.457561,34.704511],[135.457796,34.704328],[135.45823,34.703979],[135.458644,34.703557],[135.459128,34.703009],[135.459695,34.702324],[135.460303,34.70156],[135.460966,34.700749],[135.461561,34.700007],[135.462434,34.698888],[135.46307,34.698078],[135.46383,34.69713],[135.464418,34.696436],[135.464948,34.695924],[135.465435,34.695566],[135.465771,34.695347],[135.466027,34.695208],[135.466709,34.69496],[135.467248,34.694836],[135.468203,34.69469],[135.469035,34.694639],[135.470254,34.694568],[135.471501,34.694495],[135.472598,34.694422],[135.473677,34.694371],[135.474287,34.694261],[135.474853,34.694049],[135.475234,34.69383],[135.475392,34.693704],[135.475639,34.693476],[135.476135,34.692956],[135.476878,34.69219],[135.477684,34.69132],[135.478392,34.690563],[135.479014,34.689907],[135.479619,34.689293],[135.480258,34.688608],[135.480583,34.688252],[135.480926,34.687924],[135.48139,34.687595],[135.482055,34.687096],[135.482833,34.686582],[135.483558,34.686011],[135.484024,34.68564],[135.484526,34.68528],[135.484733,34.685139],[135.484912,34.684969],[135.485104,34.684629],[135.485511,34.683797],[135.485889,34.682895],[135.486174,34.681957],[135.486367,34.681213]]}},{"type":"Feature","properties":{"N06_001":1969,"N06_002":1969,"N06_003":9999,"N06_004":"EA02_216002","N06_005":null,"N06_006":null,"N06_007":"阪神高速3号神戸線","N06_008":"5","N06_009":"1","N06_010":4,"N06_011":null},"geometry":{"type":"LineString","coordinates":[[135.203764,34.693317],[135.204898,34.694776],[135.205454,34.695339],[135.205725,34.695567],[135.206032,34.695819],[135.206624,34.696206],[135.207473,34.696716],[135.208007,34.697026],[135.208343,34.697278],[135.208635,34.697483],[135.20892,34.697735],[135.209199,34.697964],[135.210083,34.698503],[135.210718,34.698837],[135.211032,34.698971],[135.212979,34.699792],[135.21397,34.700225],[135.214969,34.700612],[135.215382,34.700794],[135.21591,34.70104],[135.216217,34.701198],[135.216787,34.701514],[135.217215,34.701725],[135.217815,34.701965],[135.218399,34.702124],[135.218913,34.702253],[135.219904,34.702463],[135.22091,34.702622],[135.221445,34.702704],[135.222037,34.702751],[135.223178,34.702827],[135.224248,34.702868],[135.225396,34.702885],[135.226503,34.702912],[135.227116,34.702953],[135.227558,34.703012],[135.2281,34.703182],[135.228521,34.703393],[135.229028,34.70375],[135.22932,34.703996],[135.229677,34.704365],[135.230204,34.704775],[135.230611,34.705051],[135.230982,34.705233],[135.231417,34.705391],[135.232002,34.705566],[135.233343,34.7059],[135.234013,34.7061],[135.234627,34.706305],[135.235076,34.706486],[135.236032,34.706902],[135.236987,34.707377],[135.23795,34.707852],[135.23887,34.708309],[135.239826,34.70876],[135.240796,34.709223],[135.241716,34.709627],[135.242765,34.709967],[135.243257,34.710078],[135.243763,34.710178],[135.244355,34.710271],[135.244869,34.71033],[135.245867,34.710365],[135.247066,34.71043],[135.248078,34.710494],[135.249212,34.710582],[135.250318,34.710652],[135.25148,34.710723],[135.252607,34.710793],[135.253692,34.710869],[135.254776,34.710928],[135.25591,34.710998],[135.257015,34.711074],[135.258192,34.711133],[135.259305,34.711139],[135.260432,34.711133],[135.261573,34.71108],[135.262714,34.711033],[135.263791,34.711051],[135.264904,34.711109],[135.266059,34.711115],[135.267122,34.711062],[135.267821,34.711068],[135.268263,34.711104],[135.268755,34.711186],[135.269354,34.711309],[135.270253,34.711496],[135.271038,34.711666],[135.271892,34.711816],[135.272698,34.711968],[135.273718,34.712202],[135.274232,34.712355],[135.274752,34.712542],[135.275794,34.712923],[135.276828,34.713316],[135.277848,34.713708],[135.278868,34.714124],[135.279795,34.714558],[135.280216,34.714751],[135.280808,34.715044],[135.281699,34.71553],[135.282634,34.716093],[135.283582,34.716585],[135.284609,34.717118],[135.286014,34.717856],[135.286849,34.718278],[135.287876,34.718847],[135.288917,34.719392],[135.289901,34.719884],[135.290886,34.720388],[135.291834,34.720839],[135.29279,34.721261],[135.293839,34.721718],[135.294787,34.722116],[135.295693,34.722497],[135.296806,34.722936],[135.297847,34.723358],[135.298838,34.723768],[135.299837,34.724161],[135.3009,34.724606],[135.301891,34.724975],[135.302968,34.725345],[135.303967,34.72569],[135.304994,34.725989],[135.306064,34.726335],[135.307162,34.726675],[135.308246,34.727026],[135.309316,34.727366],[135.310329,34.727718],[135.31137,34.728163],[135.312468,34.728673],[135.313274,34.729083],[135.314194,34.729546],[135.3152,34.730026],[135.31612,34.730454],[135.316662,34.730694],[135.31724,34.730893],[135.318253,34.731233],[135.319166,34.731473],[135.322083,34.732253],[135.322948,34.732486],[135.323525,34.732633],[135.324338,34.732849],[135.325451,34.733131],[135.326507,34.733336],[135.327548,34.733453],[135.328718,34.733541],[135.329923,34.733634],[135.331036,34.733728],[135.332099,34.733787],[135.332755,34.733816],[135.333325,34.733834],[135.334331,34.73381],[135.335379,34.733781],[135.336563,34.733705],[135.337719,34.733646],[135.338767,34.733588],[135.339873,34.733523],[135.340936,34.733459],[135.342013,34.733418],[135.343182,34.733342],[135.343653,34.733271],[135.344331,34.733125],[135.345386,34.732814],[135.34595,34.732586],[135.346356,34.73241],[135.347291,34.731859],[135.348111,34.731303],[135.349002,34.730681],[135.349815,34.730131],[135.350707,34.729492],[135.351584,34.728865],[135.352383,34.728326],[135.353325,34.72767],[135.354131,34.72709],[135.354987,34.726531]]}},{"type":"Feature","properties":{"N06_001":1968,"N06_002":1968,"N06_003":9999,"N06_004":"EA02_216003","N06_005":null,"N06_006":null,"N06_007":"阪神高速3号神戸線","N06_008":"5","N06_009":"1","N06_010":4,"N06_011":null},"geometry":{"type":"LineString","coordinates":[[135.194816,34.685454],[135.195679,34.68556],[135.19652,34.685671],[135.197141,34.685783],[135.197826,34.685952],[135.198275,34.686099],[135.198575,34.686251],[135.198917,34.68648],[135.199245,34.686773],[135.19958,34.687159],[135.199908,34.687534],[135.200964,34.688847],[135.201392,34.689503],[135.201863,34.690341],[135.202462,34.691343],[135.203054,34.692339],[135.203432,34.692861],[135.203764,34.693317]]}},{"type":"Feature","properties":{"N06_001":1966,"N06_002":1966,"N06_003":9999,"N06_004":"EA02_216004","N06_005":null,"N06_006":null,"N06_007":"阪神高速3号神戸線","N06_008":"5","N06_009":"1","N06_010":4,"N06_011":null},"geometry":{"type":"LineString","coordinates":[[135.169227,34.668409],[135.169891,34.668808],[135.170789,34.669306],[135.171688,34.669815],[135.172601,34.670331],[135.173549,34.670835],[135.174498,34.671362],[135.175375,34.671878],[135.17611,34.6723],[135.176545,34.672587],[135.176809,34.672815],[135.177023,34.673097],[135.177187,34.673413],[135.177401,34.673911],[135.177701,34.674766],[135.178029,34.675651],[135.178293,34.676542],[135.178585,34.677415],[135.178742,34.677907],[135.178934,34.6783],[135.17907,34.678475],[135.179562,34.678979],[135.180318,34.679735],[135.181024,34.680421],[135.181609,34.680989],[135.182073,34.681469],[135.182358,34.68188],[135.182579,34.68226],[135.182829,34.682717],[135.182993,34.683104],[135.183235,34.683526],[135.183435,34.683837],[135.18367,34.684124],[135.18397,34.684405],[135.184555,34.684827],[135.185175,34.685132],[135.185675,34.685313],[135.18621,34.685413],[135.186716,34.685465],[135.18775,34.685448],[135.188848,34.685419],[135.189918,34.685383],[135.191038,34.685366],[135.192222,34.685348],[135.193261,34.685355],[135.194424,34.685413],[135.194816,34.685454]]}},{"type":"Feature","properties":{"N06_001":1968,"N06_002":1968,"N06_003":9999,"N06_004":"EA02_216009","N06_005":null,"N06_006":null,"N06_007":"阪神高速3号神戸線","N06_008":"5","N06_009":"1","N06_010":4,"N06_011":null},"geometry":{"type":"LineString","coordinates":[[135.133657,34.646671],[135.134387,34.647104],[135.135429,34.647813],[135.136149,34.648346],[135.137091,34.648926],[135.137854,34.649448],[135.138881,34.650098],[135.139829,34.650737],[135.140614,34.651253],[135.141498,34.651815],[135.142397,34.652407],[135.143331,34.653028],[135.14408,34.653508],[135.14515,34.6542],[135.145885,34.654674],[135.146762,34.655249],[135.147682,34.65584],[135.148552,34.656391],[135.149437,34.656942],[135.149672,34.657094],[135.150114,34.657258],[135.150478,34.657375],[135.151549,34.657761],[135.151938,34.657882],[135.152539,34.658073],[135.153467,34.658389],[135.153902,34.658588],[135.154451,34.658911],[135.155371,34.659508],[135.156234,34.660053],[135.157218,34.660639],[135.158031,34.661166],[135.159565,34.662063],[135.161376,34.663217],[135.163809,34.664799],[135.165627,34.666071],[135.16659,34.666744],[135.167353,34.667254],[135.168181,34.667817],[135.169227,34.668409]]}},{"type":"Feature","properties":{"N06_001":1969,"N06_002":1969,"N06_003":9999,"N06_004":"EA02_216010","N06_005":null,"N06_006":null,"N06_007":"阪神高速3号神戸線","N06_008":"5","N06_009":"1","N06_010":4,"N06_011":null},"geometry":{"type":"LineString","coordinates":[[135.122091,34.652231],[135.122776,34.652055],[135.124174,34.651721],[135.125251,34.65144],[135.126378,34.651124],[135.127519,34.650825],[135.128546,34.650514],[135.129388,34.650221],[135.129887,34.650005],[135.130379,34.649735],[135.130557,34.649577],[135.130721,34.649325],[135.131092,34.648633],[135.131563,34.647626],[135.131813,34.64721],[135.131998,34.646993],[135.132219,34.646835],[135.132526,34.646688],[135.132811,34.646624],[135.133203,34.646624],[135.133657,34.646671]]}},{"type":"Feature","properties":{"N06_001":1991,"N06_002":1991,"N06_003":9999,"N06_004":"EA02_217001","N06_005":null,"N06_006":null,"N06_007":"阪神高速5号湾岸線","N06_008":"5","N06_009":"1","N06_010":3,"N06_011":null},"geometry":{"type":"LineString","coordinates":[[135.409926,34.691616],[135.410712,34.690876],[135.411233,34.69022],[135.411582,34.689734],[135.411946,34.689171],[135.412167,34.688597],[135.41236,34.688052],[135.412716,34.687325],[135.41303,34.686658],[135.413537,34.685556],[135.414114,34.68429],[135.414442,34.683576],[135.41487,34.682656],[135.415063,34.68224],[135.415377,34.681537],[135.415748,34.680681],[135.416111,34.679878],[135.416461,34.679081],[135.416874,34.67815],[135.417281,34.677318],[135.417631,34.676486],[135.418001,34.675642],[135.418265,34.675074],[135.418436,34.674716],[135.418772,34.673949],[135.419157,34.673011],[135.419599,34.67208],[135.419977,34.671242],[135.420305,34.670439],[135.420683,34.669537],[135.42104,34.66864],[135.421604,34.667403],[135.421817,34.666947],[135.421981,34.666578],[135.422252,34.666209],[135.422566,34.665793],[135.422837,34.665552],[135.423365,34.665125],[135.423957,34.664709],[135.424585,34.66434],[135.425533,34.663929],[135.42646,34.663595],[135.427231,34.66332],[135.427958,34.663027],[135.428579,34.662705],[135.428935,34.6625],[135.429299,34.662207],[135.429713,34.661885],[135.430162,34.661504],[135.43064,34.661094],[135.431339,34.660455],[135.432131,34.659758],[135.433001,34.659008],[135.433721,34.658375],[135.434349,34.657847],[135.435462,34.6569],[135.435767,34.656623],[135.436822,34.655937],[135.4373,34.655662],[135.440738,34.653893]]}},{"type":"Feature","properties":{"N06_001":1991,"N06_002":1991,"N06_003":9999,"N06_004":"EA02_217002","N06_005":null,"N06_006":null,"N06_007":"阪神高速5号湾岸線","N06_008":"5","N06_009":"1","N06_010":4,"N06_011":null},"geometry":{"type":"LineString","coordinates":[[135.419792,34.666759],[135.421604,34.667403]]}},{"type":"Feature","properties":{"N06_001":1994,"N06_002":1994,"N06_003":9999,"N06_004":"EA02_217003","N06_005":null,"N06_006":null,"N06_007":"阪神高速5号湾岸線","N06_008":"5","N06_009":"1","N06_010":6,"N06_011":null},"geometry":{"type":"LineString","coordinates":[[135.272798,34.695158],[135.273269,34.697806],[135.273333,34.698808],[135.273411,34.699704],[135.273533,34.700701],[135.273618,34.701515],[135.273747,34.702499],[135.273804,34.703384],[135.273911,34.704257],[135.274008,34.704548],[135.274143,34.7049],[135.274336,34.705263],[135.274507,34.705609],[135.274757,34.70596],[135.275149,34.706376],[135.275534,34.706722],[135.276026,34.707056],[135.276433,34.707267],[135.277032,34.707496],[135.27756,34.707654],[135.278095,34.707742],[135.279236,34.707859],[135.280303,34.707965],[135.281485,34.708097],[135.282602,34.708215],[135.2837,34.708362],[135.284836,34.708494],[135.28581,34.708653],[135.287047,34.708913],[135.288192,34.709144],[135.289281,34.709381],[135.290417,34.709612],[135.291725,34.709869],[135.292559,34.71005],[135.293672,34.710296],[135.294756,34.710513],[135.295861,34.71073],[135.296974,34.710906],[135.297937,34.711046],[135.299349,34.711275],[135.300526,34.711433],[135.301753,34.711626],[135.302494,34.711814],[135.303971,34.712113],[135.305034,34.712324],[135.306917,34.712699],[135.308536,34.713021],[135.310041,34.713325],[135.311075,34.713542],[135.312458,34.713829],[135.313386,34.714005],[135.314705,34.714275],[135.315861,34.714509],[135.317301,34.714796],[135.319092,34.715148],[135.320711,34.715482],[135.323942,34.71612],[135.324733,34.716267],[135.326096,34.716495],[135.327173,34.716654],[135.328178,34.716765],[135.329177,34.716853],[135.329776,34.716864],[135.330917,34.716864],[135.332023,34.716782],[135.332608,34.716695],[135.333242,34.716601],[135.333856,34.716466],[135.334697,34.716279],[135.335403,34.716073],[135.335924,34.715927],[135.336887,34.715646],[135.337964,34.715329],[135.338934,34.715048],[135.339904,34.714767],[135.340696,34.714538],[135.341502,34.714304],[135.342415,34.714034],[135.343235,34.713736],[135.343855,34.71346],[135.344369,34.713208],[135.344754,34.712968],[135.345189,34.712722],[135.345917,34.71223],[135.346666,34.71162],[135.347543,34.710894],[135.34822,34.710343],[135.348948,34.70974],[135.349804,34.709013],[135.350645,34.708316],[135.351551,34.707542],[135.352721,34.706552],[135.353427,34.705978],[135.354033,34.705421],[135.354483,34.70507],[135.355117,34.704525],[135.355902,34.70388],[135.356694,34.703207],[135.357849,34.702205],[135.35899,34.701291],[135.359746,34.700658],[135.36051,34.699996],[135.361002,34.699568],[135.361394,34.699246],[135.362121,34.698636],[135.362713,34.698156],[135.362992,34.697933],[135.36322,34.697787],[135.363498,34.697681],[135.363869,34.697582],[135.365124,34.697412],[135.366715,34.69723],[135.36797,34.697084],[135.369019,34.696961],[135.370438,34.696779],[135.371993,34.696603],[135.373326,34.696533],[135.374703,34.696545],[135.375702,34.696586],[135.376764,34.696656],[135.378169,34.69672],[135.379261,34.696738],[135.380487,34.69672],[135.381586,34.696679],[135.382206,34.696627],[135.38267,34.696574],[135.383248,34.696462],[135.38394,34.696275],[135.38451,34.696076],[135.385152,34.695841],[135.386001,34.695531],[135.386728,34.695314],[135.387185,34.695232],[135.388041,34.695197],[135.38869,34.695232],[135.389296,34.695338],[135.389952,34.695507],[135.390423,34.695683],[135.390944,34.695928],[135.391419,34.696171],[135.392046,34.696552],[135.392574,34.696839],[135.393038,34.697056],[135.393537,34.69722],[135.394115,34.697401],[135.394514,34.697507],[135.395113,34.697606],[135.395748,34.697694],[135.396247,34.697735],[135.397317,34.697724],[135.398344,34.697659],[135.399321,34.697565],[135.400256,34.697489],[135.400912,34.697413],[135.401419,34.69731],[135.401889,34.697169],[135.402538,34.696905],[135.402938,34.696735],[135.403494,34.696396],[135.404036,34.696044],[135.404614,34.695634],[135.405349,34.695124],[135.406047,34.694632],[135.406782,34.694128],[135.407367,34.693712],[135.408009,34.693255],[135.408544,34.692827],[135.408993,34.692417],[135.409598,34.691897],[135.409926,34.691616]]}},{"type":"Feature","properties":{"N06_001":1994,"N06_002":1994,"N06_003":9999,"N06_004":"EA02_217003","N06_005":null,"N06_006":null,"N06_007":"阪神高速5号湾岸線","N06_008":"5","N06_009":"1","N06_010":6,"N06_011":null},"geometry":{"type":"LineString","coordinates":[[135.267203,34.705626],[135.267795,34.705679],[135.268601,34.705732],[135.270092,34.705802],[135.27221,34.705925],[135.273273,34.706001],[135.274001,34.706236],[135.275065,34.70666],[135.275796,34.707019],[135.276433,34.707267]]}},{"type":"Feature","properties":{"N06_001":1985,"N06_002":1985,"N06_003":9999,"N06_004":"EA02_219003","N06_005":null,"N06_006":null,"N06_007":"阪神高速7号北神戸線","N06_008":"5","N06_009":"1","N06_010":4,"N06_011":null},"geometry":{"type":"LineString","coordinates":[[135.057296,34.699176],[135.056435,34.698979],[135.055427,34.698694],[135.05481,34.698509],[135.053872,34.698177],[135.053326,34.697976],[135.052511,34.697639],[135.051765,34.697354],[135.051239,34.697137],[135.050506,34.696773],[135.049915,34.696483],[135.049273,34.696151],[135.048342,34.695639],[135.047417,34.695127],[135.046916,34.694842],[135.046119,34.694372],[135.045085,34.69376],[135.043954,34.693101],[135.042901,34.692462],[135.041925,34.691882],[135.041224,34.691486],[135.040466,34.691006],[135.039875,34.690599],[135.038971,34.68991],[135.038237,34.689328],[135.037426,34.688773],[135.036515,34.68819],[135.035578,34.687636],[135.034885,34.687289],[135.03432,34.68706],[135.033948,34.686984],[135.033425,34.686907],[135.032682,34.686866],[135.032125,34.686831],[135.031314,34.686803],[135.029086,34.686734],[135.028149,34.686679],[135.027532,34.68663],[135.026992,34.686526],[135.026435,34.686387],[135.025852,34.686242],[135.025144,34.686025],[135.02438,34.68574],[135.024067,34.68562],[135.023225,34.685281],[135.022512,34.684973],[135.021777,34.684601],[135.021249,34.684255],[135.020686,34.68381],[135.02003,34.683265],[135.019459,34.68272],[135.019067,34.682251],[135.018525,34.681554],[135.017926,34.680658],[135.017419,34.679849],[135.016991,34.67914],[135.016485,34.678273],[135.016235,34.677822],[135.015964,34.677564],[135.015472,34.677271],[135.014916,34.677113],[135.014502,34.677042]]}},{"type":"Feature","properties":{"N06_001":1990,"N06_002":1990,"N06_003":9999,"N06_004":"EA02_219005","N06_005":null,"N06_006":null,"N06_007":"阪神高速7号北神戸線","N06_008":"5","N06_009":"1","N06_010":4,"N06_011":null},"geometry":{"type":"LineString","coordinates":[[135.158241,34.757277],[135.157712,34.756936],[135.156899,34.756443],[135.156145,34.756016],[135.155406,34.755703],[135.154571,34.755457],[135.153897,34.7553],[135.153231,34.755234],[135.152645,34.75518],[135.151547,34.755204],[135.150471,34.7553],[135.149812,34.755367],[135.148443,34.755469],[135.147828,34.755463],[135.147183,34.755445],[135.146546,34.755385],[135.145968,34.755306],[135.145272,34.755156],[135.144687,34.75497],[135.144306,34.754825],[135.143867,34.754597],[135.143391,34.75432],[135.142702,34.753863],[135.141238,34.75284],[135.140257,34.752149],[135.139671,34.75171],[135.138851,34.75115],[135.138119,34.750645],[135.137226,34.750013],[135.136413,34.749454],[135.135205,34.748612],[135.133887,34.747674],[135.132847,34.746958],[135.131991,34.746326],[135.131207,34.745779],[135.130321,34.745159],[135.129662,34.744714],[135.128967,34.744209],[135.128337,34.743626],[135.127802,34.743042],[135.127261,34.74238],[135.126843,34.741779],[135.126565,34.741262],[135.126258,34.740618],[135.126016,34.739902],[135.125928,34.739439],[135.125913,34.738928],[135.125953,34.738368],[135.126031,34.73781],[135.126124,34.737481],[135.126334,34.736894],[135.12654,34.736421],[135.126706,34.736111],[135.127028,34.735606],[135.127274,34.735284],[135.12784,34.73453],[135.128129,34.734171],[135.128341,34.733817],[135.128533,34.733517],[135.128707,34.733105],[135.128829,34.732762],[135.128901,34.732393],[135.128938,34.732166],[135.128957,34.731897],[135.128932,34.731422],[135.12888,34.730984],[135.128835,34.730588],[135.128745,34.730271],[135.128604,34.729918],[135.128302,34.729406],[135.127981,34.728963],[135.127506,34.728551],[135.127069,34.728187],[135.126234,34.727612],[135.12405,34.726176],[135.120979,34.724229],[135.118737,34.722662],[135.116476,34.7212],[135.11435,34.719812],[135.113476,34.719206],[135.112918,34.718757],[135.112429,34.718251],[135.112038,34.717739],[135.111691,34.717295],[135.111363,34.716789],[135.111061,34.716346],[135.110695,34.715765],[135.110445,34.715464],[135.110226,34.715163],[135.109648,34.714557],[135.109115,34.714013],[135.108807,34.713776],[135.108299,34.713354],[135.107972,34.713132],[135.107406,34.712747],[135.106635,34.712293],[135.105749,34.71176],[135.104882,34.711227],[135.104317,34.710889],[135.103661,34.710515],[135.10289,34.710092],[135.102145,34.70966],[135.101124,34.709063],[135.100128,34.708472],[135.099428,34.708034],[135.098367,34.707357],[135.097957,34.70709],[135.09727,34.706625],[135.096249,34.705929],[135.095458,34.705348],[135.094951,34.704984],[135.094566,34.704689],[135.093788,34.704092],[135.093352,34.703739],[135.092658,34.70318],[135.092227,34.702789],[135.091527,34.702129],[135.09084,34.701401],[135.09023,34.700747],[135.089677,34.700124],[135.08924,34.699655],[135.089118,34.699517],[135.088772,34.69918],[135.088335,34.698715],[135.087891,34.698325],[135.087468,34.698008],[135.08705,34.69775],[135.086453,34.697449],[135.085521,34.696979],[135.084513,34.696483],[135.083556,34.696013],[135.082303,34.695407],[135.081333,34.694926],[135.080614,34.69461],[135.079774,34.694332],[135.079226,34.694214],[135.078751,34.694151],[135.078211,34.694151],[135.077955,34.694173]]}},{"type":"Feature","properties":{"N06_001":2003,"N06_002":2003,"N06_003":9999,"N06_004":"EA02_219006","N06_005":null,"N06_006":null,"N06_007":"阪神高速7号北神戸線","N06_008":"5","N06_009":"1","N06_010":4,"N06_011":null},"geometry":{"type":"LineString","coordinates":[[135.26153,34.834942],[135.261189,34.834926],[135.260882,34.834885],[135.260425,34.834745],[135.260051,34.834511],[135.259539,34.834161],[135.259151,34.833819],[135.258914,34.833562],[135.258393,34.832768],[135.257984,34.832032],[135.257673,34.831461],[135.257493,34.831048],[135.25736,34.83048],[135.257342,34.82978],[135.257379,34.829204],[135.257474,34.828714],[135.257692,34.828309],[135.25827,34.827298],[135.259236,34.826014],[135.260098,34.824932],[135.260647,34.824154],[135.260951,34.823601],[135.261168,34.823173],[135.261225,34.822831],[135.261216,34.822403],[135.261064,34.821843],[135.260903,34.821407],[135.260638,34.820932],[135.260382,34.820636],[135.260089,34.820356],[135.259748,34.820216],[135.259094,34.819967],[135.258118,34.819703],[135.256887,34.819438],[135.255011,34.81908],[135.253799,34.818854],[135.252444,34.818629],[135.251222,34.81838],[135.250445,34.818201],[135.250044,34.818054],[135.249233,34.817664],[135.248788,34.817329],[135.24839,34.816956],[135.248039,34.816574],[135.247717,34.816139],[135.247509,34.815734],[135.247395,34.815399],[135.247244,34.814637],[135.247234,34.813641],[135.247348,34.812139],[135.247329,34.811485],[135.247253,34.810668],[135.24713,34.810045],[135.246874,34.809096],[135.246656,34.808341],[135.246363,34.807563],[135.245946,34.806964],[135.245349,34.806341],[135.244629,34.805695],[135.243938,34.805158],[135.243199,34.80473],[135.242602,34.804411],[135.241844,34.804053],[135.239192,34.802847],[135.237032,34.801929],[135.235308,34.801197],[135.234266,34.800723],[135.233594,34.800373],[135.232485,34.799649],[135.231443,34.798964],[135.230809,34.798505],[135.230089,34.797898],[135.22934,34.797268],[135.228729,34.796659],[135.228207,34.796143],[135.227793,34.795692],[135.227337,34.795194],[135.226857,34.794639]]}},{"type":"Feature","properties":{"N06_001":1998,"N06_002":1998,"N06_003":9999,"N06_004":"EA02_219007","N06_005":null,"N06_006":null,"N06_007":"阪神高速7号北神戸線","N06_008":"5","N06_009":"1","N06_010":4,"N06_011":null},"geometry":{"type":"LineString","coordinates":[[135.200225,34.807158],[135.20066,34.806842],[135.201088,34.806572],[135.201523,34.806367],[135.201979,34.806215],[135.202585,34.806062],[135.203313,34.805922],[135.204154,34.805787],[135.205296,34.805605],[135.206244,34.805512],[135.207393,34.805394],[135.208598,34.805342],[135.209689,34.805312],[135.210937,34.805254],[135.212057,34.805184],[135.213327,34.805119],[135.21419,34.805066],[135.215228,34.804968],[135.216426,34.804857],[135.21741,34.804716],[135.218594,34.80454],[135.219414,34.80437],[135.220634,34.80406],[135.221675,34.803749],[135.222553,34.803439],[135.223259,34.803146],[135.223744,34.802864],[135.224614,34.802273],[135.225013,34.801915],[135.22537,34.801605],[135.225655,34.801312],[135.225955,34.800919],[135.226318,34.800363],[135.226682,34.799566],[135.226967,34.798863],[135.22711,34.798376],[135.227181,34.797902],[135.22728,34.797116],[135.227271,34.796686],[135.227227,34.796274],[135.227059,34.795478],[135.226857,34.794639]]}},{"type":"Feature","properties":{"N06_001":1986,"N06_002":1986,"N06_003":9999,"N06_004":"EA02_219008","N06_005":null,"N06_006":null,"N06_007":"阪神高速7号北神戸線","N06_008":"5","N06_009":"1","N06_010":4,"N06_011":null},"geometry":{"type":"LineString","coordinates":[[135.077955,34.694173],[135.07764,34.694198],[135.077209,34.694288],[135.076843,34.694399],[135.076419,34.694557],[135.075944,34.694768],[135.075545,34.695011],[135.07526,34.695187],[135.074794,34.695634],[135.074563,34.695987],[135.074325,34.696346],[135.074139,34.696747],[135.073843,34.69737],[135.07365,34.697839],[135.073387,34.698356],[135.072783,34.699021],[135.07234,34.699449],[135.071762,34.699887],[135.071229,34.700193],[135.070696,34.700383],[135.07004,34.700541],[135.069398,34.700652],[135.068788,34.70071],[135.068171,34.700715],[135.067484,34.700684],[135.066604,34.70062],[135.065762,34.70052],[135.064677,34.700372],[135.06257,34.70005],[135.061047,34.699834],[135.059949,34.699707],[135.05808,34.699343],[135.057296,34.699176]]}},{"type":"Feature","properties":{"N06_001":1998,"N06_002":1998,"N06_003":9999,"N06_004":"EA02_219009","N06_005":null,"N06_006":null,"N06_007":"阪神高速7号北神戸線","N06_008":"5","N06_009":"1","N06_010":4,"N06_011":null},"geometry":{"type":"LineString","coordinates":[[135.226857,34.794639],[135.22646,34.793749],[135.225967,34.792873],[135.2255,34.792092],[135.225254,34.79168],[135.224814,34.791152],[135.223669,34.790348],[135.223061,34.790023],[135.222365,34.789748],[135.221617,34.789437],[135.220991,34.789169],[135.220472,34.788865],[135.220058,34.788496],[135.219688,34.788091],[135.219406,34.787722],[135.219151,34.787187],[135.21864,34.786065],[135.217921,34.784496],[135.217715,34.784054],[135.217231,34.782875],[135.216368,34.780864],[135.215663,34.779286],[135.214879,34.777499],[135.214404,34.776508],[135.214016,34.775792],[135.213532,34.775148],[135.2131,34.774671],[135.212669,34.774266],[135.212061,34.773788],[135.211594,34.773484],[135.210793,34.773007],[135.20956,34.772486],[135.208468,34.772102],[135.206698,34.771473],[135.205242,34.771],[135.204452,34.770699],[135.203404,34.77025],[135.201898,34.769527],[135.20107,34.769122],[135.200234,34.768651],[135.199723,34.768347],[135.199265,34.768087],[135.198763,34.767747],[135.19834,34.767436],[135.197882,34.767074],[135.197468,34.766647],[135.197072,34.766242],[135.196535,34.765598],[135.196033,34.765041],[135.195557,34.764578],[135.195002,34.764159],[135.194518,34.763884],[135.193954,34.763601],[135.193285,34.76337],[135.192757,34.763225],[135.191964,34.763146],[135.190872,34.763146],[135.190308,34.763153],[135.189683,34.763095],[135.188732,34.762958],[135.18816,34.762806],[135.187543,34.762589],[135.186909,34.762343],[135.186143,34.762024],[135.185253,34.761749],[135.184602,34.761583],[135.184108,34.761496],[135.183351,34.761438],[135.182893,34.761438],[135.18203,34.761438],[135.180639,34.761482],[135.180022,34.761518],[135.179467,34.761496],[135.178701,34.761431],[135.177856,34.761308],[135.177142,34.761113],[135.175953,34.760773],[135.174879,34.760476],[135.174007,34.760259],[135.173373,34.760187],[135.172422,34.760158],[135.17125,34.76015],[135.170194,34.760121],[135.168714,34.760071],[135.167622,34.759984],[135.16675,34.759868],[135.165685,34.759716],[135.164487,34.759499],[135.163324,34.759253],[135.162452,34.759072],[135.161748,34.758877],[135.160964,34.758602],[135.160207,34.758349],[135.159599,34.758045],[135.15885,34.757618],[135.158241,34.757277]]}},{"type":"Feature","properties":{"N06_001":2003,"N06_002":2003,"N06_003":9999,"N06_004":"EA02_220003","N06_005":null,"N06_006":null,"N06_007":"阪神高速31号神戸山手線","N06_008":"5","N06_009":"1","N06_010":4,"N06_011":null},"geometry":{"type":"LineString","coordinates":[[135.098367,34.707357],[135.100072,34.705635],[135.100664,34.705137],[135.101106,34.70468],[135.101527,34.704135],[135.101869,34.703695],[135.102055,34.703449],[135.102233,34.703057],[135.102333,34.702717],[135.102533,34.701902],[135.102654,34.701135],[135.102732,34.700478],[135.102796,34.699775],[135.102761,34.69885],[135.102725,34.698199],[135.102775,34.697186],[135.102811,34.696588],[135.102861,34.696166],[135.102939,34.695768],[135.103089,34.695129],[135.103481,34.693986],[135.10398,34.692422],[135.104858,34.69043],[135.105657,34.688666],[135.106077,34.687594],[135.10642,34.686598],[135.106586,34.686212],[135.107112,34.684887],[135.10729,34.684483],[135.107518,34.683756],[135.107732,34.683088],[135.107868,34.682643],[135.107896,34.682309],[135.107903,34.681617],[135.107846,34.680756],[135.107718,34.679795],[135.107732,34.679344],[135.107768,34.679033],[135.107832,34.678617],[135.107953,34.678178],[135.108103,34.677815],[135.108317,34.677446],[135.108488,34.677264],[135.108669,34.677095],[135.109059,34.676848],[135.109765,34.676438],[135.110556,34.675957],[135.111056,34.675664],[135.111612,34.675243],[135.112054,34.674756],[135.112539,34.674258],[135.113031,34.67383],[135.113417,34.673508],[135.113766,34.673268],[135.114708,34.672752],[135.115735,34.672278],[135.116205,34.672096],[135.116626,34.671979],[135.117068,34.67192],[135.117881,34.671885],[135.119272,34.671844],[135.120956,34.671932],[135.122018,34.671996],[135.12301,34.672055],[135.123759,34.672096],[135.124172,34.672073],[135.12475,34.671967],[135.125192,34.671856],[135.125706,34.67168],[135.126669,34.671293],[135.128673,34.670414],[135.130927,34.669413],[135.133302,34.668411],[135.135356,34.667473],[135.13776,34.666477],[135.140213,34.665481],[135.143501,34.664075],[135.144065,34.663805],[135.144521,34.663583],[135.14492,34.663477],[135.14527,34.663454],[135.145691,34.663612],[135.146232,34.663987],[135.147659,34.66496],[135.148215,34.665306],[135.148938,34.665399],[135.149462,34.665328],[135.150019,34.665111],[135.150532,34.664736],[135.150836,34.664315],[135.151011,34.663783],[135.151004,34.663081],[135.150936,34.662155],[135.150913,34.661805],[135.151061,34.6608],[135.151375,34.659628],[135.151617,34.658714],[135.151938,34.657882]]}},{"type":"Feature","properties":{"N06_001":1998,"N06_002":1998,"N06_003":9999,"N06_004":"EA02_307001","N06_005":null,"N06_006":null,"N06_007":"神戸淡路鳴門自動車道","N06_008":"4","N06_009":"1","N06_010":4,"N06_011":null},"geometry":{"type":"LineString","coordinates":[[135.067724,34.659703],[135.067874,34.660166],[135.068023,34.660839],[135.068202,34.661689],[135.068316,34.662416],[135.068373,34.662972],[135.068373,34.663353],[135.068351,34.664167],[135.068266,34.665122],[135.068159,34.665603],[135.068016,34.666165],[135.067852,34.66657],[135.067631,34.667097],[135.067367,34.66763],[135.067096,34.668169],[135.066654,34.669007],[135.06634,34.669517],[135.065734,34.670542],[135.065128,34.671826],[135.064885,34.672382],[135.0647,34.672868],[135.06455,34.673396],[135.064407,34.673982],[135.064322,34.674497],[135.064272,34.675142],[135.064307,34.67588],[135.064386,34.676484],[135.064486,34.677029],[135.0646,34.677532],[135.064821,34.678189],[135.065085,34.678827],[135.065449,34.67953],[135.065869,34.680134],[135.066226,34.680667],[135.06654,34.681095],[135.06711,34.681909],[135.067631,34.682618],[135.068016,34.68314],[135.068573,34.683942],[135.069264,34.68488],[135.069735,34.685489],[135.07012,34.686052],[135.070563,34.686679],[135.07104,34.687376],[135.07149,34.688038],[135.071996,34.688823],[135.072338,34.689421],[135.072667,34.690036],[135.072988,34.690704],[135.073223,34.691196],[135.07348,34.691776],[135.073687,34.692315],[135.073893,34.692761],[135.074172,34.693329],[135.074435,34.693745],[135.07487,34.694501],[135.07526,34.695187],[135.075491,34.695526],[135.075969,34.696276],[135.076375,34.696833],[135.076739,34.697331],[135.07721,34.698011],[135.077674,34.698591],[135.07803,34.699018],[135.078494,34.699563],[135.078979,34.700114],[135.079713,34.700905],[135.080912,34.702165],[135.082138,34.703425],[135.083629,34.704942],[135.085004,34.706257],[135.085758,34.706988],[135.086376,34.707558],[135.087025,34.708136],[135.087557,34.708644],[135.088065,34.709106],[135.088834,34.709788],[135.089276,34.710213],[135.089774,34.710671],[135.090091,34.710911],[135.090428,34.711241],[135.090719,34.711502],[135.090981,34.711778],[135.091287,34.712158],[135.091473,34.712435],[135.091709,34.712761],[135.09188,34.713108],[135.092051,34.713471],[135.092177,34.713826],[135.092272,34.714082],[135.092363,34.714508],[135.092423,34.714842],[135.092458,34.715342],[135.092474,34.715883],[135.092428,34.71623],[135.092368,34.716597],[135.092242,34.717105],[135.092061,34.717547],[135.091825,34.718047],[135.091629,34.718394],[135.091378,34.718786],[135.091081,34.719232],[135.09083,34.719575],[135.090588,34.71993],[135.090247,34.720405],[135.08994,34.720859],[135.089734,34.721156],[135.089558,34.721404],[135.089256,34.721825],[135.089045,34.722127],[135.088754,34.722564],[135.088603,34.722742],[135.088256,34.723258],[135.087919,34.723733],[135.087532,34.724286],[135.087306,34.724621],[135.086999,34.725116],[135.086803,34.725451],[135.086477,34.726095],[135.086306,34.726417],[135.08611,34.726834],[135.085939,34.727326],[135.085687,34.728003]]}},{"type":"Feature","properties":{"N06_001":1998,"N06_002":1998,"N06_003":9999,"N06_004":"EA02_307002","N06_005":null,"N06_006":null,"N06_007":"神戸淡路鳴門自動車道","N06_008":"4","N06_009":"1","N06_010":6,"N06_011":null},"geometry":{"type":"LineString","coordinates":[[135.067724,34.659703],[135.067546,34.659258],[135.067023,34.658044],[135.066544,34.657204],[135.065753,34.656137],[135.065153,34.655429],[135.064579,34.654911],[135.063986,34.654346],[135.062965,34.653639],[135.061057,34.652714],[135.055034,34.650158],[135.045776,34.646381],[135.045087,34.646022],[135.044487,34.645705],[135.043798,34.645335],[135.04272,34.644601],[135.041903,34.644063],[135.041341,34.643566],[135.040289,34.642578],[135.039395,34.641533],[135.038617,34.640624],[135.037835,34.639401],[135.037041,34.637545],[135.036438,34.63601],[135.035388,34.633737],[135.035143,34.633301],[135.034715,34.63272],[135.03432,34.632202],[135.033854,34.631685],[135.02429,34.620402],[135.013609,34.6078],[135.008134,34.601261],[135.007675,34.600543],[135.007279,34.599761],[135.006999,34.598926],[135.006852,34.598213],[135.006826,34.597337],[135.006954,34.596344],[135.007375,34.595023],[135.00793,34.593972],[135.00876,34.5928],[135.010342,34.590887],[135.013232,34.587407],[135.014579,34.585606],[135.015229,34.584687],[135.015625,34.584053],[135.016161,34.582891]]}},{"type":"Feature","properties":{"N06_001":1998,"N06_002":1998,"N06_003":9999,"N06_004":"EA02_307003","N06_005":null,"N06_006":null,"N06_007":"神戸淡路鳴門自動車道","N06_008":"4","N06_009":"1","N06_010":4,"N06_011":null},"geometry":{"type":"LineString","coordinates":[[135.016161,34.582891],[135.01652500000012,34.581565],[135.016767,34.58063500000014],[135.0168519513536,34.579734320440195],[135.016786,34.578232],[135.01664600000015,34.577102],[135.01625000000013,34.575993],[135.015083,34.572797],[135.014362,34.571271],[135.013787,34.570404],[135.013334,34.569723],[135.012224,34.56844500000011],[135.011229,34.567515],[135.009296,34.565852],[135.005665,34.56292],[135.0038280000001,34.561684],[135.002258,34.560839],[134.998487,34.558848000000125],[134.996803,34.557739],[134.99373400000013,34.555452000000116],[134.99106,34.553207],[134.988929,34.551115],[134.98774200000014,34.549731],[134.985895,34.54778],[134.984559,34.546435],[134.983767,34.5457540000001],[134.98218800000018,34.5445840000001],[134.981512,34.54412500000012],[134.97863100000018,34.542390000000125],[134.976599,34.541051],[134.97562900000014,34.540237],[134.973718,34.538793],[134.97247100000016,34.537818],[134.971673,34.53726300000011],[134.970081,34.536284],[134.96915,34.535782],[134.96773700000017,34.535072],[134.967092,34.534839],[134.966269,34.53455400000013],[134.96509200000014,34.534287],[134.96409000000017,34.534065],[134.961331,34.533582],[134.96009000000015,34.533305],[134.9585330000001,34.532872],[134.95771,34.532576],[134.956692,34.532151],[134.95532,34.531501000000105],[134.953862,34.530701],[134.95280300000013,34.530173],[134.951808,34.529702],[134.950541,34.529166],[134.9493930000001,34.528786],[134.948404,34.528527],[134.947338,34.528316],[134.94639700000016,34.528181],[134.945185,34.528076],[134.94397900000013,34.52805500000011],[134.94231700000012,34.528205],[134.94076,34.528406],[134.93952200000012,34.528675],[134.937095,34.529291],[134.935704,34.529639],[134.9348930000001,34.529771],[134.93384400000014,34.529932000000144],[134.932797,34.530006],[134.931425,34.53008],[134.929406,34.530051],[134.927945,34.529861],[134.924968,34.529219000000126],[134.92329000000018,34.528744],[134.921845,34.528329],[134.92083100000013,34.52807000000013],[134.91965,34.527801],[134.917114,34.527302000000134],[134.91555700000015,34.52705900000012],[134.9133660000001,34.526792],[134.912204,34.526665],[134.91070200000013,34.526541],[134.909592,34.5263460000001],[134.907004,34.525820000000124],[134.905428,34.525408],[134.904002,34.524973],[134.902343,34.524392],[134.89876100000015,34.523127],[134.896914,34.522495],[134.895344,34.522099],[134.893746,34.521695],[134.89251100000013,34.521355],[134.89068,34.520768],[134.889723,34.52039300000013],[134.888527,34.51973600000014],[134.887302,34.51902300000012],[134.88544200000013,34.51793700000013],[134.884453,34.517493],[134.88359100000014,34.517113],[134.882736,34.516839],[134.8814890000001,34.516429],[134.88048700000013,34.516223],[134.878398,34.515766],[134.877492,34.515497],[134.876637,34.515164],[134.87575,34.514784],[134.875105,34.51434],[134.87430800000016,34.513654],[134.873622,34.51301200000012],[134.87292,34.512172],[134.871973,34.511023],[134.871456,34.510247],[134.87098000000015,34.50942],[134.870674,34.508691],[134.87044800000012,34.507954],[134.870205,34.507078],[134.870078,34.506227],[134.869951,34.50453800000014],[134.86990500000013,34.50378400000011],[134.869944,34.502794],[134.87013200000013,34.501735],[134.870604,34.499311],[134.8709480000001,34.497689],[134.871041,34.49665700000014],[134.871242,34.494821000000115],[134.87128,34.494108],[134.871354,34.492452],[134.87152300000014,34.490427],[134.871772,34.489201],[134.87246400000015,34.48715500000014],[134.87330600000018,34.485253],[134.874729,34.48207900000011],[134.87529000000018,34.480462],[134.876037,34.478123],[134.876228,34.476887],[134.876273,34.475888],[134.87635,34.474135],[134.876279,34.471214000000145],[134.87616500000013,34.469925],[134.876005,34.46843],[134.875941,34.466265000000135],[134.875983,34.465147],[134.876088,34.464268],[134.8762160000001,34.463566],[134.8766240000001,34.46221400000013],[134.877319,34.459779],[134.87765100000013,34.458596000000114],[134.877926,34.456953],[134.878066,34.455421000000115],[134.878053,34.45438600000011],[134.8777920000001,34.452659],[134.877434,34.451064],[134.87670000000014,34.44893500000012],[134.875756,34.447097],[134.874537,34.444799],[134.873689,34.443178],[134.873255,34.442195]]}},{"type":"Feature","properties":{"N06_001":1985,"N06_002":1985,"N06_003":9999,"N06_004":"EA02_307004","N06_005":null,"N06_006":null,"N06_007":"神戸淡路鳴門自動車道","N06_008":"4","N06_009":"1","N06_010":4,"N06_011":null},"geometry":{"type":"LineString","coordinates":[[134.873255,34.442195],[134.872464,34.440336],[134.871564,34.438007],[134.870952,34.436232],[134.870409,34.434061],[134.870039,34.43254],[134.869714,34.431056],[134.869484,34.429345],[134.869267,34.42813],[134.869044,34.426445],[134.868853,34.424607],[134.868502,34.422351],[134.868202,34.420762],[134.867793,34.419188],[134.867245,34.417202],[134.866728,34.415612],[134.866026,34.413362],[134.865369,34.411191],[134.864897,34.409374],[134.864354,34.406326],[134.86385,34.4033],[134.863467,34.401842],[134.86311,34.400912],[134.862581,34.399756],[134.861751,34.398308],[134.860724,34.39675],[134.86015,34.395599],[134.85969,34.394363],[134.859435,34.393444],[134.859231,34.392535],[134.859014,34.39131],[134.858918,34.390227],[134.858956,34.38878],[134.85911,34.387333],[134.859563,34.385415],[134.860201,34.383324],[134.860858,34.380857],[134.861139,34.379579],[134.861241,34.378406],[134.86116929500594,34.3765918250099],[134.86107908875346,34.37573861372374],[134.8608419024445,34.374635843883574],[134.86061244376734,34.373778093787145],[134.86050995821296,34.373431089542194],[134.8602858250099,34.37277582249307],[134.85964641250496,34.371051292489106],[134.858899,34.368968],[134.858516,34.3677],[134.858312,34.366591],[134.858204,34.365276],[134.858127,34.363321],[134.858025,34.36235],[134.857751,34.361108],[134.857432,34.360179],[134.856934,34.35926],[134.85634,34.358367],[134.855537,34.357258],[134.853884,34.355066],[134.853233,34.354094],[134.852621,34.352953],[134.85181,34.351226],[134.851236,34.35018],[134.850656,34.34933],[134.85026,34.348812],[134.849635,34.348126],[134.848652,34.34728],[134.847618,34.346541],[134.84677,34.345997],[134.844741,34.344856],[134.843388,34.344148],[134.840855,34.342474]]}},{"type":"Feature","properties":{"N06_001":1987,"N06_002":1987,"N06_003":9999,"N06_004":"EA02_307005","N06_005":null,"N06_006":null,"N06_007":"神戸淡路鳴門自動車道","N06_008":"4","N06_009":"1","N06_010":4,"N06_011":null},"geometry":{"type":"LineString","coordinates":[[134.840855,34.342474],[134.838686,34.340752],[134.83748,34.339648],[134.836083,34.338132],[134.832222,34.333648],[134.830327,34.331498],[134.827871,34.328958],[134.826901,34.328123],[134.826097,34.327574],[134.825178,34.327151],[134.82417,34.32676],[134.822932,34.326422],[134.821408,34.326206],[134.820476,34.326164],[134.81883,34.32628],[134.817464,34.326449],[134.815984,34.326776],[134.810835,34.328303],[134.80917,34.328826],[134.807498,34.329217],[134.805916,34.329533],[134.803951,34.329755],[134.802534,34.329903],[134.800997,34.330014],[134.8,34.330014]]}},{"type":"Feature","properties":{"N06_001":2012,"N06_002":2012,"N06_003":9999,"N06_004":"EA02_318001","N06_005":null,"N06_006":null,"N06_007":"阪神高速32号線","N06_008":"5","N06_009":"1","N06_010":2,"N06_011":null},"geometry":{"type":"LineString","coordinates":[[135.158241,34.757277],[135.157284,34.758547],[135.156389,34.759948],[135.155941,34.760675],[135.155956,34.760968],[135.156157,34.761159],[135.156404,34.761324],[135.156929,34.761375],[135.157701,34.761388],[135.158102,34.761363],[135.158365,34.761273],[135.158596,34.760955]]}},{"type":"Feature","properties":{"N06_001":2012,"N06_002":2012,"N06_003":9999,"N06_004":"EA02_318002","N06_005":null,"N06_006":null,"N06_007":"阪神高速32号線","N06_008":"5","N06_009":"1","N06_010":2,"N06_011":null},"geometry":{"type":"LineString","coordinates":[[135.158596,34.760955],[135.158655,34.760692],[135.159009,34.760116],[135.159493,34.759159],[135.160012,34.758146],[135.160398,34.757363],[135.160575,34.756695],[135.160682,34.755782],[135.160745,34.755276],[135.160701,34.754133],[135.160688,34.75358],[135.160638,34.753089],[135.1606,34.752431],[135.160632,34.751748],[135.160739,34.750819],[135.160828,34.750375],[135.161043,34.749514],[135.161422,34.748549],[135.161846,34.747609],[135.162371,34.746576],[135.163028,34.745318],[135.163503,34.744629],[135.164173,34.743575],[135.1649,34.742489],[135.165406,34.741654],[135.165868,34.740981],[135.166418,34.740089],[135.167107,34.739024],[135.167784,34.737986],[135.168631,34.73667],[135.169067,34.736034],[135.169757,34.734938],[135.170838,34.733231],[135.171559,34.732177],[135.172172,34.731232],[135.172976,34.730115],[135.173418,34.729505],[135.174234,34.728498],[135.1751,34.72747],[135.175929,34.726541],[135.176675,34.725711],[135.177668,34.724709],[135.178812,34.723649],[135.179862,34.722689],[135.18076,34.72187],[135.181513,34.721155],[135.182069,34.720638],[135.182847,34.719918],[135.183599,34.71925],[135.184188,34.718702],[135.184681,34.718258],[135.185326,34.717653],[135.185939,34.71711],[135.186698,34.716343],[135.187508,34.71555],[135.188115,34.714908],[135.188785,34.714214],[135.189443,34.713462],[135.189784,34.713065],[135.190233,34.712559],[135.190682,34.712084],[135.191043,34.711578],[135.191435,34.711119],[135.192276,34.70995],[135.192801,34.709235],[135.1933,34.70853],[135.193774,34.707841],[135.194451,34.70686],[135.194767,34.706411],[135.195223,34.705843],[135.195488,34.70555],[135.195703,34.705446],[135.196019,34.705336],[135.19626,34.705237],[135.19643,34.705112],[135.196747,34.704543],[135.197151,34.703959],[135.1976,34.70327],[135.197891,34.702847],[135.198144,34.702492],[135.198492,34.70173],[135.19872,34.70135],[135.199137,34.700733],[135.199668,34.699898],[135.200686,34.698453],[135.201205,34.697712],[135.201685,34.697127],[135.201995,34.696861],[135.202237,34.696788]]}},{"type":"Feature","properties":{"N06_001":2012,"N06_002":2012,"N06_003":9999,"N06_004":"EA02_318003","N06_005":null,"N06_006":null,"N06_007":"阪神高速32号線","N06_008":"5","N06_009":"1","N06_010":2,"N06_011":null},"geometry":{"type":"LineString","coordinates":[[135.158596,34.760955],[135.15885,34.760791],[135.159097,34.760473],[135.159532,34.759804],[135.160274,34.758547],[135.160857,34.757478],[135.161727,34.756066],[135.162875,34.754132],[135.163646,34.752973],[135.1642,34.7521],[135.164931,34.7509],[135.16592,34.749211],[135.166474,34.748346],[135.16856,34.745025],[135.16945,34.743499],[135.170261,34.742217],[135.170973,34.74105],[135.172269,34.738912],[135.17389,34.736268],[135.175512,34.733657],[135.176708,34.731706],[135.17746,34.730474],[135.17839,34.728973],[135.179378,34.727349],[135.180239,34.725953],[135.18104,34.72468],[135.181821,34.723652],[135.183007,34.722207],[135.183759,34.72135],[135.184471,34.720477],[135.185222,34.719555],[135.185924,34.718772],[135.186597,34.718021],[135.187704,34.716862],[135.188248,34.71625],[135.189099,34.715295],[135.190028,34.714316],[135.19075,34.713524],[135.191363,34.712929],[135.192372,34.71181],[135.193212,34.710954],[135.194567,34.709525],[135.194982,34.709011],[135.19606,34.70782],[135.196505,34.707347],[135.196782,34.706865],[135.196871,34.706375],[135.197017,34.705694],[135.197079,34.705208],[135.197494,34.704254],[135.197899,34.703576],[135.198519,34.702624],[135.19964,34.700932],[135.200253,34.69979],[135.201637,34.697676],[135.201944,34.697219],[135.202171,34.696999],[135.202237,34.696788]]}},{"type":"Feature","properties":{"N06_001":2013,"N06_002":2013,"N06_003":9999,"N06_004":"EA02_326001","N06_005":null,"N06_006":null,"N06_007":"阪神高速6号大和川線","N06_008":"5","N06_009":"1","N06_010":2,"N06_011":null},"geometry":{"type":"LineString","coordinates":[[135.55187,34.593081],[135.550939,34.593042],[135.550216,34.593029],[135.548505,34.592988],[135.54789,34.59296],[135.54611,34.592991]]}},{"type":"Feature","properties":{"N06_001":2013,"N06_002":2013,"N06_003":9999,"N06_004":"EA02_206002","N06_005":null,"N06_006":null,"N06_007":"阪神高速2号淀川左岸線","N06_008":"5","N06_009":"1","N06_010":4,"N06_011":null},"geometry":{"type":"LineString","coordinates":[[135.464418,34.696436],[135.464023,34.695815],[135.463726,34.695228],[135.463571,34.694789],[135.4635,34.694388],[135.463512,34.694085],[135.463547,34.693821],[135.463928,34.692883],[135.464011,34.692522],[135.46407,34.69218],[135.46407,34.691828],[135.46388,34.689278],[135.463916,34.688672],[135.463868,34.688486],[135.463797,34.688349],[135.463512,34.688076],[135.463096,34.687724],[135.462692,34.687489],[135.462264,34.687323],[135.461242,34.686893],[135.460279,34.686502],[135.459756,34.686327],[135.459186,34.686219],[135.458782,34.686209],[135.457986,34.686297],[135.456215,34.686688],[135.455811,34.686747],[135.455252,34.686737],[135.454539,34.686678],[135.453898,34.686542],[135.453315,34.686395],[135.452852,34.686229],[135.452412,34.686033],[135.452079,34.685799],[135.451556,34.685261],[135.451283,34.685007],[135.450927,34.684783],[135.450463,34.684607],[135.450012,34.68445],[135.449227,34.684255],[135.447896,34.683864],[135.446743,34.683532],[135.44565,34.683141],[135.444818,34.68273],[135.443511,34.682017],[135.441859,34.681167],[135.441158,34.680844],[135.440528,34.680493],[135.440219,34.680219],[135.440005,34.679838],[135.439981,34.679183],[135.44016,34.678782],[135.440469,34.678313],[135.440813,34.677942],[135.441015,34.67759],[135.441027,34.677307],[135.440897,34.676837],[135.440659,34.676437],[135.440302,34.676114],[135.437876,34.674877],[135.435656,34.673778],[135.434883,34.673368],[135.434147,34.67308]]}},{"type":"Feature","properties":{"N06_001":2012,"N06_002":2012,"N06_003":9999,"N06_004":"EA02_315001","N06_005":null,"N06_006":null,"N06_007":"紀北東道路","N06_008":"3","N06_009":"2","N06_010":2,"N06_011":null},"geometry":{"type":"LineString","coordinates":[[135.547456,34.31203],[135.545685,34.311785],[135.543734,34.31119],[135.541474,34.310495],[135.539325,34.309782],[135.53743,34.309142],[135.536493,34.308739],[135.535787,34.308291],[135.534751,34.307596],[135.533969,34.307185],[135.532966,34.306819],[135.532073,34.30659],[135.531412,34.306471],[135.530199,34.306416],[135.528612,34.306535],[135.52697,34.306636],[135.524292,34.306709],[135.522264,34.306608],[135.519927,34.306371],[135.517844,34.306032],[135.515706,34.30563],[135.512377,34.304999],[135.509203,34.30445],[135.507186,34.304066],[135.505676,34.303728],[135.504474,34.303426],[135.502852,34.302951],[135.50183695,34.30250934]]}},{"type":"Feature","properties":{"N06_001":2014,"N06_002":2014,"N06_003":9999,"N06_004":"EA02_315002","N06_005":null,"N06_006":null,"N06_007":"京奈和自動車道","N06_008":"3","N06_009":"2","N06_010":2,"N06_011":null},"geometry":{"type":"LineString","coordinates":[[135.50183694999998,34.30250934000014],[135.50052971000002,34.30194486],[135.4991630500001,34.30138037],[135.4977889700001,34.30090178],[135.49677883000015,34.30056431999998],[135.49591725000005,34.30032502000006],[135.49505566000005,34.30012867],[135.49436031024345,34.3]]}},{"type":"Feature","properties":{"N06_001":2017,"N06_002":2017,"N06_003":9999,"N06_004":"EA02_326002","N06_005":null,"N06_006":null,"N06_007":"阪神高速6号大和川線","N06_008":"5","N06_009":"1","N06_010":2,"N06_011":null},"geometry":{"type":"LineString","coordinates":[[135.4627667800753,34.598054645542334],[135.46176229129162,34.597764649821556],[135.46145022928783,34.597707810698125],[135.46119685021665,34.59770480640282],[135.46093639635535,34.59774137141534],[135.46067147930034,34.59783362842569],[135.46039760072483,34.598016582177934],[135.46023607436257,34.59819694910874],[135.4601515869498,34.59840126413218],[135.46010760936576,34.59868801587271],[135.4601109062295,34.599004122872316],[135.4602047251691,34.59968323419827],[135.46038776694218,34.600325143471025],[135.46060067430471,34.60081273968581],[135.4608667354446,34.601177186435564],[135.461152357978,34.60143305532608],[135.4614833815698,34.6016332635167],[135.4617871780316,34.60178911090611],[135.46209029197144,34.601875471201765],[135.4624486631635,34.60194559607851],[135.462844745697,34.60196641637316],[135.4631474592128,34.60193805844966],[135.46361955765633,34.60186625444709],[135.46428610708142,34.60171597724644],[135.46589238042316,34.601285680682395],[135.46818841731988,34.600679736233985],[135.47351066790645,34.59883539871021],[135.47458055847721,34.59841817707127],[135.4778414863796,34.59718021155879],[135.4799753129572,34.59659989334364]]}},{"type":"Feature","properties":{"N06_001":2017,"N06_002":2017,"N06_003":9999,"N06_004":"EA02_027008","N06_005":null,"N06_006":null,"N06_007":"近畿自動車道名古屋・神戸線","N06_008":"1","N06_009":"2","N06_010":4,"N06_011":null},"geometry":{"type":"LineString","coordinates":[[135.62625436713688,34.86688405830349],[135.62748266118572,34.86859318933003],[135.62795854575637,34.869345393973944],[135.62823486582963,34.869790576314216],[135.6283499991935,34.87002084304196],[135.62846513255735,34.870320189788],[135.6285342125757,34.87055045651574],[135.62858794147883,34.870849803261784],[135.6286186437092,34.87114915000783],[135.6286186437092,34.87139476785073],[135.628603292594,34.8716787634816],[135.6285188614605,34.87211627026428],[135.62836535030868,34.87282242156265],[135.62801995021707,34.874219373044205],[135.62760035005292,34.875977650199914],[135.62726774557316,34.87738170277168],[135.62691466992396,34.87887843650192],[135.62668440319624,34.879791827855236],[135.62651554092926,34.88051333026878],[135.62627376086513,34.88153801720718],[135.62585544297644,34.88323431543479],[135.625713445161,34.883817657811704],[135.62564820292147,34.88402489786666],[135.62557912290316,34.88418992235487],[135.62542177397256,34.88440483796743],[135.62525291170556,34.88459288912841],[135.6250686983234,34.88472721138625],[135.6248998360564,34.88483083141373],[135.6246427048771,34.88493445144121],[135.62435487146743,34.88500736923832],[135.6240286602698,34.885053422583866],[135.62351823569003,34.88509180037181],[135.62307305334977,34.8850303959111],[135.62268159991265,34.88489223587447],[135.62175285744414,34.88442402686142],[135.6214228084677,34.88430121793996],[135.6210850839337,34.88423981347923],[135.6206936304966,34.88422446236405],[135.62037125707775,34.884285866824776],[135.6197483762359,34.88451128285969],[135.6192461041817,34.884725371698934],[135.61869798552286,34.88499969368071],[135.61536679352838,34.886903231963274],[135.61372422420393,34.88795478335326],[135.61259591723805,34.888791419130676],[135.6118744148245,34.88939011262277],[135.61101475237436,34.89017301949704],[135.61050049001577,34.890710308528405],[135.60973293425667,34.891562295421004],[135.60915726743733,34.89227612227697],[135.60853554727248,34.89316648695751],[135.60769891149505,34.89448668286315],[135.60612542218894,34.89705799465612],[135.60564953761823,34.897741119281704],[135.60528111085387,34.898201652737164],[135.60482825295603,34.89877731955649],[135.60440609728852,34.8992762307999],[135.60395323939065,34.8997904931585],[135.60343897703206,34.90032010663227],[135.6028863368855,34.90087274677882],[135.60212645668392,34.90155587140441],[135.60119771421543,34.90232342716351],[135.60041480734114,34.9029297962132],[135.598802940247,34.90402740094871],[135.5974366909958,34.90482565893817],[135.59652329964248,34.90530154350881],[135.5949037569908,34.90607677482547],[135.59362961443068,34.906591037184064],[135.59194099176068,34.90717437956098],[135.59027539576343,34.90762723745885],[135.5892084932583,34.90789588197453],[135.58806483517725,34.90811847314467],[135.58684442152028,34.90829501096926],[135.5849562343529,34.908502251024196],[135.58366674067761,34.90859435771529],[135.58235422032956,34.90864808661843],[135.5812366681748,34.90862360910302],[135.58040462870144,34.90859435771527],[135.57945285956018,34.90853295325455],[135.57847038818852,34.90842549544828],[135.5774034856834,34.908295010969226],[135.57625982760234,34.90809544647186],[135.5747707694297,34.907796099725815],[135.57347360019682,34.90747372630699],[135.57216107984877,34.9070438950819],[135.57079483059758,34.90658336162644],[135.56945160801914,34.906061423710256],[135.56739455858477,34.90514803235691],[135.5654065891687,34.904257667676355],[135.5640403399175,34.90362059639631],[135.56162253927636,34.902423209412106],[135.5589514452347,34.90104160904573],[135.5544535684864,34.89853937727108],[135.5514754521411,34.89680470125552],[135.54825171795287,34.894747651821135],[135.54269461425702,34.890909873025656],[135.53996211575463,34.88882212136092],[135.53686119048788,34.88633524070145],[135.53549494123666,34.88516855594762],[135.53398887968373,34.883916760814415],[135.53096636225806,34.88134612826732],[135.52898606839958,34.879642154482134],[135.52728209461438,34.878183798539844],[135.52562417417474,34.876894304864564],[135.52448819165127,34.876065344644736],[135.52279956898127,34.87502146881237],[135.52141796861488,34.874269264168454],[135.5202359327459,34.87370127290673],[135.5179179143534,34.87276485488063],[135.51656701621738,34.87227361919481],[135.51424899782495,34.87167492570272],[135.51305161084073,34.871429307859806],[135.51194633054766,34.87122974336244],[135.51068753910272,34.87106088109544],[135.50936734319708,34.870953423289166],[135.50757126272077,34.870861316598074],[135.50603615120258,34.870861316598074],[135.50431682630222,34.870953423289166],[135.5028891725903,34.87107623221062],[135.50095493207738,34.87139860562944],[135.49866761591525,34.871828436854535],[135.48793718640306,34.87387013517374],[135.47751377919454,34.875850429032226],[135.4722790489175,34.87684825151905],[135.46899391026858,34.8772320293986],[135.46742809652002,34.87733948720487],[135.465908336117,34.87732413608969],[135.46477235359356,34.87730878497452],[135.463037677578,34.87717062493788],[135.45985999673536,34.87683290040388],[135.45832488521717,34.87661798479133],[135.45455400173523,34.876212923636324],[135.44934448283576,34.87566621565007],[135.4473334867469,34.87548200226789],[135.4437259746791,34.875267086655334],[135.43979608919253,34.87500611769724],[135.43262711840256,34.87460698870252],[135.43003277993682,34.87448417978106],[135.42845161507307,34.874468828665876],[135.42725422808888,34.87449953089625],[135.42614894779578,34.874576286472156],[135.4246138362776,34.87472979762398],[135.42294056472278,34.87497541546689],[135.4217124755082,34.87523638442498],[135.42008525729892,34.87562016230453],[135.4179975056342,34.87628026025735],[135.4159404561998,34.877063167131645],[135.41388340676542,34.87803028738811],[135.40960044562965,34.88065532808422],[135.40818814303293,34.88156104387996],[135.40648416924773,34.88251281302124],[135.4051639733421,34.88312685762852],[135.40356745736315,34.88378695558134],[135.40277157929066,34.88405887998048],[135.40204002140257,34.884293542382345],[135.40143442194451,34.88446220308963],[135.40078890551524,34.88463126691635],[135.39949941183997,34.884907586989634],[135.39864322906686,34.88506656854687],[135.39776473582444,34.88519925817809],[135.39729819921723,34.88524757802194],[135.3943147080832,34.88575466225204]]}},{"type":"Feature","properties":{"N06_001":2018,"N06_002":2018,"N06_003":9999,"N06_004":"EA02_027009","N06_005":null,"N06_006":null,"N06_007":"近畿自動車道名古屋・神戸線","N06_008":"1","N06_009":"2","N06_010":4,"N06_011":null},"geometry":{"type":"LineString","coordinates":[[135.22261799731083,34.84983300384164],[135.22330970650697,34.84992464672962],[135.22420289366437,34.85008355218984],[135.2256979973421,34.850369804943604],[135.22769934869262,34.85078083733141],[135.2302404957626,34.85144521374197],[135.23529776216773,34.85266852523609],[135.23821259530467,34.85331623592855],[135.23990383685822,34.85366515346555],[135.24169820941685,34.854073489384334],[135.24337582299862,34.854515419941954],[135.2453505941393,34.85511915727125],[135.24832582768613,34.856295188821065],[135.24922503593842,34.85671456490671],[135.24990463007842,34.85708406539823],[135.2511581597337,34.85782623517884],[135.25232986755202,34.85860663562524],[135.25324432067822,34.859256937219364],[135.2547288559685,34.86033674889626],[135.2560932350229,34.861251307724665],[135.25668503445291,34.86160659635263],[135.25740451612606,34.86201118722153],[135.25841620007967,34.862517403459115],[135.25903346503878,34.86280799481614],[135.25972985652717,34.86308637705891],[135.2606219990798,34.86343964750322],[135.26131292482157,34.86367589274627],[135.26262146601258,34.864047638041214],[135.26352451011542,34.86427766902324],[135.26475469461022,34.86451462919112],[135.26580521682794,34.86467550943339],[135.26655242953845,34.86477721451342],[135.26733628207757,34.86484249034561],[135.26822203911937,34.864892420062134],[135.26978237219438,34.864904003822296],[135.27106976013516,34.86486777262644],[135.27274426085262,34.86479155439197],[135.2758866867556,34.864613538983406],[135.27849900065857,34.86449867961374],[135.28488532618044,34.86415500295716],[135.29107014116443,34.863842036080705],[135.2928349947936,34.86378873452672],[135.29398394176874,34.863796026968835],[135.29521374620765,34.86382173212452],[135.29650907950594,34.86389820708212],[135.297411387857,34.8639683867207],[135.29820113373992,34.864057050880135],[135.29902344876535,34.86416117112087],[135.30006664487706,34.86430932785401],[135.30121956201822,34.864529588157005],[135.302619344199,34.86482132137464],[135.30596850202568,34.86580732541277],[135.30691743931587,34.86612327023396],[135.3077877566151,34.866448590965],[135.30883256046565,34.86687235051444],[135.31027930341,34.867538125242234],[135.3123139282984,34.868571864504034],[135.31355391280644,34.869247162830064],[135.31510662403386,34.870031517540404],[135.3170142938853,34.87090905724829],[135.31848337854444,34.87157851901701],[135.31948756208314,34.87199195957154],[135.32271496925088,34.87316941686791],[135.32514120314278,34.87407307893058],[135.32649981504727,34.87460790249501],[135.32737363921527,34.87498018664152],[135.3281116316788,34.87534220067441],[135.32892621178405,34.87575245133731],[135.3302332634384,34.87645608824907],[135.33143155363354,34.877208430703675],[135.3323041692215,34.87779319832053],[135.3330902976612,34.87836273401486],[135.33392964331136,34.878979812225616],[135.33471015500265,34.879617113260935],[135.33545639362015,34.88017469007115],[135.33806257873877,34.882001346457315],[135.33903239625474,34.882600007525866],[135.34055370596505,34.883416375833995],[135.34211461820897,34.88413238712029],[135.34362901680143,34.88480120271586],[135.34709370427308,34.88620029779261],[135.34921478135837,34.886915400335745],[135.35184242559143,34.88777848929488],[135.35349557062483,34.88817806410572],[135.3552617807796,34.88851693216409],[135.35639630471425,34.88867900182802],[135.35780099380827,34.88877498232985],[135.35954830187652,34.88880618865829],[135.36170683353225,34.88878934835714],[135.36442818352927,34.88875639206808],[135.36659475617887,34.88881228657053],[135.3725784865672,34.88936807125823],[135.37405805507413,34.889454772535075],[135.37537856986845,34.88948238320487],[135.3767079042971,34.88949124649127],[135.37834246191395,34.889383718495246],[135.37985843211925,34.88925008023844],[135.38196147585452,34.888940583610506],[135.38298759154688,34.88873220701047],[135.38980625113194,34.88687583516606],[135.39148627626295,34.88642597361651],[135.39312649433285,34.886011284756755],[135.39379275818388,34.88585180659889],[135.3943147080832,34.88575466225204]]}},{"type":"Feature","properties":{"N06_001":2020,"N06_002":2020,"N06_003":9999,"N06_004":"EA02_326003","N06_005":null,"N06_006":null,"N06_007":"大阪府道高速大和川線","N06_008":"5","N06_009":"1","N06_010":4,"N06_011":null},"geometry":{"type":"LineString","coordinates":[[135.4799753129572,34.59659989334364],[135.48089589890117,34.596170029406665],[135.48196665635373,34.595798833489596],[135.4866851275284,34.594785183101294],[135.49267637239495,34.593653749392956],[135.49384492569493,34.59327327357818],[135.49475150033823,34.59290921604418],[135.49562952144936,34.59229531510471],[135.4963362213682,34.591588615186026],[135.49667172536988,34.59101040616156],[135.49692156877552,34.590524996116415],[135.49722138086236,34.58935430130151],[135.49761399192835,34.588183606486666],[135.49801374137712,34.58745549141889],[135.49887034733933,34.58658460869066],[135.50054786734847,34.58555668153622],[135.50197554395186,34.585071271491074],[135.50304630140454,34.58493564221368],[135.5041527507724,34.58495705736277],[135.5049665264363,34.58502130280982],[135.50625143537945,34.58531397651353],[135.5073650231302,34.58564948051537],[135.50950653803545,34.58657033192475],[135.51177654383503,34.587534013631966],[135.51346477141885,34.588310907650396],[135.51389307439968,34.58853695644592],[135.51457478997793,34.58896644915751],[135.51548727280874,34.58962749227487],[135.51618092615684,34.590130005589344],[135.51720885331122,34.5907010762308],[135.51843665519038,34.59125073172311],[135.52202726184805,34.59280689922093],[135.5229052829592,34.59312098807362],[135.52389751819862,34.59332800118125],[135.5247184322459,34.59337083147932],[135.52575349778317,34.593278032499995],[135.52683853200188,34.5930210507114],[135.52750240162254,34.59295680526424],[135.52881586409785,34.59301391232839],[135.5321137970518,34.59328517088318],[135.53354861203843,34.59329944764909],[135.53524040881348,34.593249478968005],[135.53882387708825,34.59304960424356],[135.54078693241797,34.5929853587964],[135.54304979983476,34.5929853587964],[135.54611,34.592991]]}}]}