{"type": "FeatureCollection", "features": [{"type": "Feature", "id": "lakes-430", "properties": {"W09_001": "知明湖", "W09_002": "27321,28217,28301", "W09_003": "", "W09_004": "", "name": "知明湖", "edition": "2005", "kind": "lakes", "sourceUrl": "https://nlftp.mlit.go.jp/ksj/gml/datalist/KsjTmplt-W09-v2_2.html"}, "geometry": {"type": "Polygon", "coordinates": [[[135.41345778, 34.91851555], [135.41351917, 34.91852111], [135.41357389, 34.91853805], [135.41364222, 34.91853805], [135.41369028, 34.9185325], [135.41371778, 34.91852111], [135.41370389, 34.91850972], [135.413745, 34.91850417], [135.41375861, 34.91844222], [135.413745, 34.91832389], [135.41359472, 34.91825611], [135.41358777, 34.918245], [135.41330055, 34.91812083], [135.413075, 34.91801944], [135.41298611, 34.91796306], [135.41278555, 34.91783194], [135.412745, 34.91771389], [135.41276055, 34.91754611], [135.41276055, 34.91743639], [135.41276333, 34.91715139], [135.41273917, 34.91680611], [135.41276611, 34.91669277], [135.41283639, 34.91666833], [135.41308861, 34.91687555], [135.41319805, 34.91695417], [135.41326639, 34.91699944], [135.41337694, 34.91704889], [135.41347834, 34.91706694], [135.41351917, 34.91708389], [135.41386111, 34.91717972], [135.41393362, 34.91718917], [135.41425083, 34.91727556], [135.41440806, 34.91727556], [135.41444223, 34.91727], [135.41446945, 34.91724166], [135.41449694, 34.91722472], [135.41457889, 34.91714028], [135.41459944, 34.91711778], [135.41466777, 34.9170725], [135.41472222, 34.91706139], [135.41482306, 34.91707889], [135.41489306, 34.91704444], [135.41502972, 34.91696], [135.41508528, 34.91691416], [135.41529055, 34.91668278], [135.41531028, 34.91657695], [135.41530333, 34.91643028], [135.41528972, 34.91633473], [135.41528278, 34.91614277], [135.41534444, 34.91600195], [135.41540583, 34.91582723], [135.41542639, 34.91576528], [135.41548777, 34.91561861], [135.41552194, 34.91551167], [135.41554945, 34.91546084], [135.41557, 34.91542722], [135.41557, 34.91541584], [135.41563139, 34.91523555], [135.41563139, 34.91522417], [135.41565195, 34.91515667], [135.41569305, 34.9150775], [135.41572722, 34.91501], [135.41575445, 34.914965], [135.41575445, 34.91495361], [135.41581611, 34.91482972], [135.41589805, 34.91468306], [135.41599083, 34.91455889], [135.41609583, 34.91436], [135.41616417, 34.91420111], [135.41624, 34.91386584], [135.41626722, 34.91371361], [135.4162875, 34.91361778], [135.41628333, 34.9135225], [135.41624639, 34.91341722], [135.41620583, 34.91335278], [135.4159525, 34.91304861], [135.41593527, 34.91288555], [135.41594389, 34.91273111], [135.41598361, 34.91246416], [135.4160075, 34.91236667], [135.41602806, 34.91220889], [135.41604861, 34.91214111], [135.41607555, 34.91194417], [135.41608945, 34.91192167], [135.41611694, 34.91185389], [135.41616444, 34.91155528], [135.41614417, 34.91154972], [135.41605528, 34.91121695], [135.41593222, 34.91099723], [135.41580916, 34.91086194], [135.41562472, 34.91068139], [135.41558333, 34.91065917], [135.41527584, 34.91044473], [135.41521416, 34.91038278], [135.4152075, 34.91031528], [135.41522139, 34.91030944], [135.41522806, 34.91029833], [135.41533056, 34.91023083], [135.41554945, 34.91021944], [135.41614417, 34.91036028], [135.4166225, 34.91052945], [135.41691, 34.91069277], [135.41699167, 34.91070417], [135.41701917, 34.91067027], [135.41703973, 34.91064222], [135.41705334, 34.91054611], [135.41708056, 34.91048445], [135.41715027, 34.91042695], [135.417215, 34.9104225], [135.4172825, 34.91042695], [135.41732666, 34.91036611], [135.41742916, 34.91028139], [135.41763417, 34.910225], [135.41764166, 34.91019806], [135.41770945, 34.91014056], [135.41775055, 34.91011806], [135.41781194, 34.91003334], [135.41785278, 34.90995444], [135.41785973, 34.90981917], [135.41789306, 34.90973055], [135.41794167, 34.90965583], [135.41799667, 34.90961056], [135.41807861, 34.90959945], [135.41819472, 34.90967833], [135.41827667, 34.90974167], [135.418475, 34.90995444], [135.41864583, 34.91015167], [135.41874306, 34.91021555], [135.4188675, 34.91032916], [135.41887027, 34.91042722], [135.41905944, 34.91054972], [135.41916555, 34.91054611], [135.41943889, 34.91071527], [135.41944584, 34.91073806], [135.41942194, 34.91088417], [135.41938416, 34.91095111], [135.41935972, 34.91101361], [135.41932278, 34.91103666], [135.41930833, 34.91104695], [135.4192625, 34.9110825], [135.41924056, 34.9111775], [135.41924889, 34.91143444], [135.41927473, 34.91151584], [135.41933555, 34.91166611], [135.41940472, 34.91176361], [135.41946639, 34.91185361], [135.41961916, 34.91195972], [135.41970528, 34.91201139], [135.41977056, 34.91201111], [135.41983556, 34.91200028], [135.41995861, 34.91200583], [135.4203, 34.91212417], [135.42060083, 34.912175], [135.42091527, 34.91214111], [135.42126389, 34.91212972], [135.42136639, 34.91216917], [135.42139361, 34.91219195], [135.42137333, 34.91231027], [135.42135277, 34.91245667], [135.42132555, 34.9125525], [135.42130472, 34.91266528], [135.42127778, 34.91274416], [135.42127778, 34.9127725], [135.42125722, 34.91277806], [135.42125722, 34.91293583], [135.42125722, 34.91297528], [135.42127056, 34.91302055], [135.42132555, 34.91311611], [135.42139445, 34.91331111], [135.42148944, 34.91356722], [135.4215375, 34.91371917], [135.42153056, 34.91383195], [135.42149528, 34.91391055], [135.42138472, 34.91401055], [135.42131695, 34.91404639], [135.42127778, 34.91406306], [135.42127056, 34.91408583], [135.42131973, 34.9141175], [135.42144417, 34.91412862], [135.4214825, 34.91415333], [135.42152223, 34.91417944], [135.42156556, 34.91425083], [135.42164694, 34.91445195], [135.42170139, 34.91456472], [135.42175472, 34.91460945], [135.42181972, 34.91462055], [135.42188584, 34.91466056], [135.42204305, 34.91477334], [135.42224695, 34.91500416], [135.42229028, 34.91512666], [135.42227667, 34.9152225], [135.42224833, 34.9152975], [135.42222778, 34.91537084], [135.42221416, 34.91537639], [135.42233, 34.91594722], [135.42235778, 34.9162725], [135.42238528, 34.91638528], [135.42238528, 34.91642473], [135.42241222, 34.91657695], [135.42241944, 34.91668388], [135.42243277, 34.91674612], [135.42244417, 34.91697306], [135.42240361, 34.91704417], [135.4222875, 34.91706638], [135.42225778, 34.91709556], [135.42226222, 34.91714056], [135.42229556, 34.91720472], [135.42233056, 34.91727583], [135.42240556, 34.91733778], [135.422515, 34.91740528], [135.42258334, 34.91747278], [135.42260388, 34.91755167], [135.42260388, 34.9176475], [135.42257667, 34.91781667], [135.4225425, 34.91790111], [135.42249445, 34.91802611], [135.42243223, 34.91812194], [135.42237805, 34.91821778], [135.42238361, 34.91825333], [135.42243277, 34.91831833], [135.42250833, 34.91848722], [135.42249445, 34.91852667], [135.42241944, 34.91871861], [135.42241222, 34.91880861], [135.42239861, 34.91882], [135.42241222, 34.91887639], [135.42241944, 34.91891556], [135.42242611, 34.91893833], [135.42243667, 34.91897112], [135.42245361, 34.91902278], [135.42246028, 34.91915805], [135.42244667, 34.91923139], [135.42243972, 34.91943972], [135.42245361, 34.91951889], [135.42239195, 34.91959194], [135.42241944, 34.91964278], [135.42255583, 34.91977805], [135.42262306, 34.91985167], [135.42263917, 34.91989639], [135.42263917, 34.92025834], [135.42256084, 34.92041972], [135.42250305, 34.92046722], [135.42241639, 34.92051805], [135.42227694, 34.92054445], [135.42212666, 34.92057278], [135.42206528, 34.92057278], [135.42198306, 34.92059528], [135.42194194, 34.92062917], [135.42190083, 34.92069112], [135.42187334, 34.92080389], [135.42185305, 34.92098417], [135.42182639, 34.92108361], [135.42188722, 34.92119278], [135.42187334, 34.92127167], [135.42192139, 34.92145195], [135.42194861, 34.92147445], [135.42200361, 34.92153667], [135.42204445, 34.92158167], [135.42207389, 34.92162861], [135.42210278, 34.92171362], [135.42208638, 34.92183583], [135.42206528, 34.92193666], [135.42204445, 34.92202111], [135.422045, 34.92207333], [135.42204917, 34.92213778], [135.42214695, 34.92224083], [135.42252333, 34.92257334], [135.42266806, 34.92261667], [135.42275055, 34.92263361], [135.42281778, 34.92266361], [135.4228725, 34.92267472], [135.42305167, 34.9227475], [135.42325528, 34.92286639], [135.42365222, 34.92312584], [135.42367833, 34.92319416], [135.42372805, 34.92330611], [135.42378889, 34.92339278], [135.42387139, 34.92344694], [135.42390834, 34.92345722], [135.42398083, 34.92353166], [135.42399805, 34.92359472], [135.42399805, 34.92372723], [135.42395695, 34.92380195], [135.42387861, 34.92391222], [135.42387444, 34.92404139], [135.42391556, 34.92415], [135.424015, 34.92445583], [135.424015, 34.92457444], [135.4239875, 34.92472639], [135.42401888, 34.92508416], [135.42407667, 34.92523694], [135.42409306, 34.9253675], [135.42412445, 34.92544222], [135.42419306, 34.92559444], [135.42428888, 34.92592138], [135.42423389, 34.92614112], [135.42419972, 34.92616944], [135.42418583, 34.92616944], [135.42409, 34.92621444], [135.42405584, 34.92622555], [135.42397889, 34.92623], [135.42395334, 34.92623139], [135.42384389, 34.92627639], [135.42380528, 34.92631306], [135.42379695, 34.926405], [135.42382333, 34.92646777], [135.42390528, 34.92651861], [135.42394666, 34.9265525], [135.42409, 34.92662723], [135.42412305, 34.92669528], [135.42412612, 34.92672722], [135.42413138, 34.92678333], [135.42413111, 34.92687861], [135.42408583, 34.9269975], [135.42406945, 34.92705195], [135.4239875, 34.92720056], [135.42394666, 34.92725139], [135.42384389, 34.92736416], [135.42378916, 34.92742583], [135.42368639, 34.9275725], [135.42361805, 34.92770222], [135.42358389, 34.92775861], [135.423435, 34.92803], [135.42332361, 34.92810806], [135.42319055, 34.92813528], [135.42298945, 34.92817944], [135.42288584, 34.92823195], [135.42283806, 34.92826028], [135.42280389, 34.92828833], [135.42273527, 34.92839555], [135.42272834, 34.92849111], [135.42276944, 34.92862084], [135.42279, 34.92863777], [135.42290638, 34.92880139], [135.42299556, 34.92891973], [135.42305695, 34.92899278], [135.42314611, 34.92902666], [135.42318694, 34.92906055], [135.42322889, 34.92907445], [135.42325528, 34.92908305], [135.42331861, 34.92909806], [135.42340917, 34.92917611], [135.42344694, 34.92919028], [135.42352056, 34.92921361], [135.423665, 34.92918973], [135.42378916, 34.92922972], [135.42437778, 34.92920722], [135.424665, 34.92920722], [135.42481611, 34.92923389], [135.424915, 34.92930194], [135.42494556, 34.92933111], [135.42498916, 34.92939027], [135.42497972, 34.92946639], [135.42493195, 34.92955639], [135.42470861, 34.92969917], [135.42456917, 34.92982138], [135.424535, 34.92991167], [135.42452833, 34.93004667], [135.42452833, 34.93009167], [135.42454361, 34.93019806], [135.42470056, 34.93029666], [135.42475416, 34.93039056], [135.42496027, 34.93055806], [135.42500583, 34.93060917], [135.42504278, 34.93068722], [135.42505111, 34.93073138], [135.42502111, 34.9307625], [135.42502777, 34.93079055], [135.4250825, 34.930875], [135.42512361, 34.93092583], [135.42513028, 34.93101611], [135.42513722, 34.93108944], [135.42509611, 34.93122473], [135.42495639, 34.93139695], [135.42514389, 34.93148083], [135.4253975, 34.93159417], [135.42561611, 34.93141056], [135.42569111, 34.93131473], [135.42577278, 34.93118305], [135.42579389, 34.93108389], [135.4258075, 34.93094861], [135.42581417, 34.93091472], [135.42580083, 34.93081333], [135.42578, 34.93073973], [135.42578, 34.93067805], [135.42572389, 34.93060861], [135.42571166, 34.93059333], [135.42562417, 34.93053111], [135.42558861, 34.93048611], [135.42552695, 34.9304075], [135.42526972, 34.93020833], [135.42513028, 34.93011417], [135.42504695, 34.9300725], [135.42500583, 34.93001833], [135.42502111, 34.929985], [135.42511667, 34.92986667], [135.42520583, 34.92973695], [135.42523278, 34.92969166], [135.42526028, 34.92966361], [135.4253425, 34.92946084], [135.42536306, 34.92943806], [135.42535611, 34.92941528], [135.42534916, 34.92939306], [135.42533584, 34.92922417], [135.42530167, 34.92910555], [135.42528084, 34.9291], [135.42524, 34.92908305], [135.4251625, 34.92907084], [135.42506778, 34.92897583], [135.42500583, 34.92892833], [135.42481611, 34.92889084], [135.42463861, 34.9288875], [135.42396194, 34.92882305], [135.42378056, 34.92881278], [135.42335139, 34.92877889], [135.42327583, 34.92873917], [135.42326917, 34.92865472], [135.42348806, 34.92850805], [135.42359194, 34.92846138], [135.42372056, 34.92836722], [135.42378916, 34.92833889], [135.42450083, 34.927505], [135.42459666, 34.92738083], [135.42468555, 34.92727389], [135.42479945, 34.92714361], [135.42478833, 34.92703139], [135.42478833, 34.92695834], [135.42481556, 34.92688473], [135.42485666, 34.92681167], [135.42488388, 34.92679472], [135.42493889, 34.92673833], [135.42497972, 34.92670472], [135.42507555, 34.92669889], [135.42509611, 34.92668778], [135.42532194, 34.92679472], [135.42537, 34.92681722], [135.42567, 34.92693889], [135.42612222, 34.92720056], [135.42655723, 34.92740945], [135.42667639, 34.92742028], [135.4271075, 34.92745416], [135.42736527, 34.92745305], [135.4275125, 34.92744583], [135.42768027, 34.92745055], [135.42792195, 34.92749361], [135.4282025, 34.92755], [135.428525, 34.92766027], [135.42866416, 34.92772944], [135.4287775, 34.92780917], [135.42888695, 34.92786555], [135.42904334, 34.92796834], [135.4291525, 34.92808472], [135.42931083, 34.92831083], [135.42951639, 34.92863222], [135.42968722, 34.92882389], [135.42981722, 34.92888583], [135.42989805, 34.92890639], [135.42996778, 34.92890833], [135.43003611, 34.92888583], [135.43011833, 34.92884639], [135.43021417, 34.92880139], [135.4302825, 34.92875056], [135.43013889, 34.92876167], [135.43001, 34.928785], [135.42987861, 34.92876167], [135.42976944, 34.92872806], [135.42966666, 34.92864334], [135.42961889, 34.928525], [135.42961889, 34.92846861], [135.4296325, 34.92842361], [135.42964611, 34.92832222], [135.42966666, 34.92826028], [135.42971778, 34.92817111], [135.42972805, 34.92808528], [135.42971473, 34.92806861], [135.42969388, 34.92800084], [135.42967361, 34.92781305], [135.42964611, 34.92781472], [135.4296325, 34.92772472], [135.42958472, 34.92761195], [135.42947612, 34.92747111], [135.42936166, 34.92733778], [135.42922222, 34.92720056], [135.42904417, 34.92704861], [135.42888695, 34.92693584], [135.42886083, 34.926915], [135.42876361, 34.92691973], [135.42864723, 34.92689084], [135.42851722, 34.9268625], [135.42842167, 34.92684027], [135.42820944, 34.9268175], [135.4279425, 34.92680055], [135.42775084, 34.92678361], [135.42765084, 34.92678166], [135.4275125, 34.9267525], [135.42739167, 34.92670389], [135.42729944, 34.92666528], [135.42708028, 34.92658639], [135.42686833, 34.92645694], [135.42681361, 34.92642306], [135.42665611, 34.92630472], [135.4265125, 34.92616389], [135.42643722, 34.92609612], [135.4262525, 34.92591583], [135.42617722, 34.92582556], [135.42615667, 34.92579166], [135.42604417, 34.92551694], [135.42623889, 34.92530139], [135.42625945, 34.9252675], [135.42631445, 34.92509861], [135.42659445, 34.92500833], [135.42660139, 34.92501389], [135.42671778, 34.92495194], [135.42681361, 34.92487306], [135.42689555, 34.92480527], [135.42691611, 34.92475472], [135.42691611, 34.92469277], [135.42685445, 34.92466444], [135.4267, 34.92465278], [135.42657389, 34.92468139], [135.42629583, 34.92471888], [135.42620472, 34.92469834], [135.42615667, 34.92465305], [135.42614334, 34.92461694], [135.42597889, 34.92428111], [135.42587611, 34.92407278], [135.42576695, 34.92387528], [135.42570528, 34.92376278], [135.42565055, 34.92364445], [135.42561639, 34.92354278], [135.42556833, 34.92340194], [135.42540084, 34.92296306], [135.42532889, 34.92272556], [135.42530167, 34.9226075], [135.42530695, 34.92254723], [135.42502111, 34.92238194], [135.42468389, 34.92227917], [135.42438445, 34.92217361], [135.42425444, 34.92211695], [135.42419306, 34.92207778], [135.42406278, 34.92200445], [135.42396027, 34.92193666], [135.42388056, 34.92194111], [135.42379388, 34.92193445], [135.42370695, 34.92182973], [135.42367445, 34.921785], [135.42366612, 34.9217225], [135.42352916, 34.92160972], [135.42348861, 34.92162028], [135.42338556, 34.92161333], [135.42323722, 34.92152834], [135.4231325, 34.92144055], [135.42298889, 34.92131111], [135.42296916, 34.921255], [135.42296833, 34.92121528], [135.42301055, 34.92115139], [135.4231325, 34.92104056], [135.42338528, 34.92082084], [135.42345972, 34.92076945], [135.42351555, 34.92066278], [135.42354306, 34.92060667], [135.42354972, 34.92042611], [135.42351555, 34.92029666], [135.4234675, 34.92011056], [135.42344277, 34.91989639], [135.42331472, 34.9195075], [135.42330111, 34.91934972], [135.42330111, 34.91907361], [135.42332833, 34.91892695], [135.4233625, 34.91882556], [135.4234375, 34.91871278], [135.42362889, 34.91853805], [135.42384777, 34.91841417], [135.42386167, 34.91840833], [135.42395028, 34.91834083], [135.42401861, 34.91825055], [135.42392306, 34.9182], [135.42377944, 34.91809833], [135.42366305, 34.91790694], [135.42357416, 34.91773195], [135.4235675, 34.91761389], [135.42358111, 34.91756334], [135.42361555, 34.91747861], [135.42362222, 34.91747861], [135.42371778, 34.91737722], [135.42379306, 34.91734333], [135.42379306, 34.91731528], [135.42380667, 34.91729278], [135.42377944, 34.91723639], [135.42377944, 34.9171125], [135.42379306, 34.91707861], [135.42381361, 34.91708972], [135.42385445, 34.91706722], [135.42382723, 34.91702778], [135.42384084, 34.91701666], [135.4238, 34.91697139], [135.4236425, 34.91698278], [135.42361555, 34.91694889], [135.42358806, 34.9169375], [135.42349917, 34.91684194], [135.42344444, 34.91675722], [135.42341695, 34.91663333], [135.42342388, 34.91663333], [135.42344444, 34.9165825], [135.42345111, 34.9165825], [135.42345111, 34.91656556], [135.42347167, 34.91653166], [135.42351945, 34.91648111], [135.4235325, 34.91625473], [135.42347556, 34.9162125], [135.42342695, 34.91613889], [135.42342388, 34.91608667], [135.42344306, 34.91599861], [135.42355389, 34.91595639], [135.42351889, 34.915825], [135.42345667, 34.91582723], [135.42339445, 34.915805], [135.42334861, 34.91573694], [135.42332972, 34.91565334], [135.42334861, 34.91557334], [135.42338639, 34.91554667], [135.42337556, 34.91545306], [135.42337278, 34.91531722], [135.42337611, 34.91522417], [135.42337611, 34.91506056], [135.42334194, 34.91498195], [135.42332139, 34.91494222], [135.42326667, 34.91482972], [135.42313695, 34.91459306], [135.42296611, 34.91426583], [135.42289083, 34.9140575], [135.42285, 34.91392222], [135.42283611, 34.91391084], [135.42278861, 34.913725], [135.42277472, 34.91365722], [135.422715, 34.91361556], [135.42246195, 34.91317306], [135.42243778, 34.91303278], [135.42245139, 34.91298834], [135.42247833, 34.91288361], [135.42250806, 34.91283889], [135.4225425, 34.91278361], [135.42265833, 34.91268223], [135.42266556, 34.91269333], [135.42279833, 34.91263472], [135.42306194, 34.91256944], [135.42317417, 34.91254333], [135.42321167, 34.91251444], [135.42322555, 34.91247944], [135.42320611, 34.91244306], [135.42316333, 34.91241861], [135.42304695, 34.91237639], [135.42275528, 34.91231833], [135.42270639, 34.912265], [135.42268583, 34.91221445], [135.42269972, 34.91207361], [135.42273362, 34.91203389], [135.42283333, 34.91201889], [135.42283611, 34.91149305], [135.42283611, 34.91144805], [135.42279, 34.91138666], [135.42267111, 34.91120639], [135.42243277, 34.91107056], [135.42206194, 34.91095278], [135.42172195, 34.91081111], [135.42163972, 34.9108], [135.42137, 34.91080583], [135.42131611, 34.91078778], [135.42128639, 34.91073667], [135.42129694, 34.91062306], [135.42130472, 34.91052945], [135.42129139, 34.91048445], [135.42129139, 34.91045834], [135.42129139, 34.91045055], [135.42125639, 34.91037806], [135.42124305, 34.91030666], [135.42128444, 34.91023639], [135.42137556, 34.91019556], [135.42147556, 34.91018416], [135.42159889, 34.91019111], [135.42168778, 34.91015722], [135.42178083, 34.91011973], [135.42186555, 34.91009556], [135.42200778, 34.91007528], [135.42225639, 34.91012417], [135.4225425, 34.91008417], [135.42272166, 34.91003194], [135.42303445, 34.91004472], [135.42331445, 34.91002194], [135.42348528, 34.91002194], [135.42361027, 34.91003138], [135.42377278, 34.91002777], [135.42385445, 34.91000527], [135.42387889, 34.90998473], [135.42384084, 34.90995444], [135.42371277, 34.90992694], [135.42356139, 34.90987555], [135.42340361, 34.9098475], [135.423305, 34.90984278], [135.42321305, 34.90981139], [135.42309583, 34.90980805], [135.42295917, 34.90981583], [135.42267833, 34.90972694], [135.42258111, 34.90971583], [135.4224675, 34.90967111], [135.422335, 34.90956639], [135.42230973, 34.90946972], [135.42233722, 34.90932334], [135.42231666, 34.90930084], [135.42225417, 34.90930472], [135.42220305, 34.90932695], [135.42214583, 34.90935139], [135.4220975, 34.909385], [135.42203528, 34.90940278], [135.42193806, 34.90939833], [135.42181112, 34.90935361], [135.42174888, 34.90935583], [135.4216975, 34.90939167], [135.42158944, 34.909465], [135.42153, 34.90949862], [135.42148139, 34.90950083], [135.42138944, 34.90950083], [135.42128139, 34.909485], [135.42118166, 34.90944166], [135.42107584, 34.90940278], [135.42097584, 34.90937833], [135.42064333, 34.90933805], [135.42044333, 34.90930917], [135.42025889, 34.90922722], [135.42008166, 34.90910889], [135.41987639, 34.90893445], [135.41982166, 34.90886666], [135.41980139, 34.90878778], [135.41982834, 34.90876528], [135.41982834, 34.90874278], [135.41999277, 34.90865806], [135.42002694, 34.90861861], [135.42008834, 34.90857917], [135.42025889, 34.90845527], [135.4203, 34.9083875], [135.42027945, 34.90827723], [135.420285, 34.9081925], [135.42038888, 34.90804361], [135.42043, 34.90795361], [135.42043, 34.90779584], [135.42040917, 34.90771139], [135.42038888, 34.90750833], [135.4204025, 34.90746333], [135.42038195, 34.90740695], [135.42035473, 34.90740111], [135.42036834, 34.90739], [135.42034778, 34.90738416], [135.42032028, 34.90733361], [135.42027945, 34.90727723], [135.42014889, 34.90709195], [135.42008694, 34.90687388], [135.42010028, 34.90681361], [135.42014083, 34.90676917], [135.42025223, 34.9067475], [135.42046417, 34.90673611], [135.42084, 34.90669111], [135.42148944, 34.90666278], [135.42191333, 34.90670778], [135.4220775, 34.90678695], [135.42211861, 34.90675861], [135.422255, 34.90664028], [135.42237805, 34.90653889], [135.42280167, 34.90652778], [135.42311611, 34.9065725], [135.42321583, 34.90659611], [135.42330777, 34.90661778], [135.42335556, 34.90660639], [135.42348528, 34.90660083], [135.42356055, 34.90658389], [135.42375889, 34.90656694], [135.42386833, 34.9065725], [135.42393667, 34.90656139], [135.42427166, 34.90644861], [135.42438777, 34.90643167], [135.42444945, 34.90640361], [135.42444889, 34.90640305], [135.42442306, 34.90638], [135.42413389, 34.90629528], [135.42402583, 34.90627972], [135.4238825, 34.90627083], [135.42365639, 34.90631334], [135.42330139, 34.90634667], [135.42303666, 34.90631111], [135.4226925, 34.9062175], [135.42254222, 34.90615], [135.42237028, 34.90606667], [135.42231084, 34.90606667], [135.42225417, 34.90610917], [135.4222, 34.90614027], [135.42207584, 34.90619361], [135.42195138, 34.90622722], [135.42183778, 34.906225], [135.42118389, 34.90622278], [135.42092166, 34.90626277], [135.4207375, 34.90626277], [135.42064195, 34.90625139], [135.42029416, 34.90611445], [135.42022639, 34.90610111], [135.42011833, 34.90612111], [135.41992944, 34.90612556], [135.41981584, 34.90609888], [135.41974556, 34.90609], [135.41968611, 34.90611445], [135.41965389, 34.90616778], [135.419635, 34.90623472], [135.41959445, 34.90630361], [135.41954834, 34.90636166], [135.41949445, 34.90640389], [135.41929972, 34.90650639], [135.41917555, 34.90657334], [135.41912472, 34.90664028], [135.41912472, 34.90671917], [135.419145, 34.90677], [135.41915889, 34.90684889], [135.41916555, 34.90695027], [135.41917916, 34.90699527], [135.41917916, 34.90700111], [135.41917916, 34.90701806], [135.41916833, 34.90716112], [135.41908333, 34.90744639], [135.41906972, 34.90746333], [135.41902861, 34.9075025], [135.41894, 34.90759861], [135.41882361, 34.9076775], [135.41869389, 34.90773389], [135.41857139, 34.90776778], [135.41842027, 34.9078], [135.41826945, 34.90785973], [135.41809444, 34.90793917], [135.41791056, 34.90793416], [135.41778445, 34.90788028], [135.41766305, 34.90783723], [135.41743639, 34.90781834], [135.41727917, 34.90777305], [135.41719694, 34.90775639], [135.41704666, 34.90771139], [135.4168825, 34.90761528], [135.41680722, 34.90758167], [135.41681389, 34.90749138], [135.41680056, 34.90744083], [135.41674333, 34.90740944], [135.41665, 34.90741806], [135.4166075, 34.90744417], [135.41652584, 34.90746917], [135.41647166, 34.90748138], [135.41635694, 34.90746166], [135.41624223, 34.90736972], [135.41616388, 34.90720305], [135.41610362, 34.90690222], [135.41607722, 34.90673055], [135.41607555, 34.90671917], [135.41600056, 34.90659528], [135.41583667, 34.90651083], [135.41566556, 34.90640361], [135.41552889, 34.90624584], [135.41550695, 34.90610723], [135.41551889, 34.9060325], [135.4154675, 34.90597528], [135.41534695, 34.90586583], [135.41530167, 34.90589333], [135.41520084, 34.9059075], [135.41503, 34.90587388], [135.41485917, 34.9058175], [135.41449694, 34.90568778], [135.4141825, 34.90549056], [135.41401861, 34.90530472], [135.41400473, 34.90515833], [135.41405944, 34.90504], [135.41402389, 34.90498694], [135.41395445, 34.90495222], [135.41383083, 34.90492472], [135.41368, 34.90483777], [135.41355333, 34.90468472], [135.41339333, 34.90464639], [135.41319805, 34.9045775], [135.41276055, 34.90442], [135.41163139, 34.90469223], [135.41141389, 34.90489056], [135.41122333, 34.90506444], [135.41111083, 34.90599361], [135.41148723, 34.90625611], [135.41156694, 34.90636306], [135.41142944, 34.90644667], [135.41146166, 34.90652194], [135.41150973, 34.90661222], [135.41153027, 34.90665722], [135.41158028, 34.90674972], [135.41165333, 34.90691083], [135.41166028, 34.90693333], [135.41168084, 34.90697277], [135.41172167, 34.90701806], [135.41174917, 34.90702917], [135.41175583, 34.90704056], [135.41184472, 34.90708556], [135.41199972, 34.90711222], [135.41216167, 34.90713111], [135.4124425, 34.90715444], [135.41275362, 34.90720973], [135.41285973, 34.90725028], [135.41293362, 34.90730639], [135.41298611, 34.90736723], [135.41299444, 34.90740695], [135.41303694, 34.90741167], [135.41311362, 34.90743972], [135.41317056, 34.90751945], [135.41323861, 34.90758944], [135.41327306, 34.90763222], [135.41331445, 34.90766612], [135.41338611, 34.90770861], [135.41345139, 34.90776944], [135.41347972, 34.90780473], [135.41349973, 34.9078725], [135.41349389, 34.90792389], [135.41349889, 34.90797056], [135.4135125, 34.90799861], [135.4135125, 34.90802111], [135.41352639, 34.90803806], [135.41353972, 34.90806056], [135.41359472, 34.90815083], [135.41363555, 34.90818472], [135.41376528, 34.90828055], [135.41381473, 34.90835222], [135.41382611, 34.90840583], [135.41382889, 34.90846667], [135.41378083, 34.90850194], [135.41370389, 34.90850611], [135.41359611, 34.90849722], [135.41347694, 34.90849472], [135.41319805, 34.90854527], [135.41312278, 34.90854527], [135.41299972, 34.90853972], [135.41299277, 34.90855111], [135.41274667, 34.90853972], [135.41246667, 34.90851722], [135.41208417, 34.90857361], [135.41208417, 34.90858472], [135.41191972, 34.90873694], [135.41182028, 34.90877417], [135.41177639, 34.90879333], [135.41170778, 34.90881028], [135.41159194, 34.90885528], [135.41143472, 34.90894], [135.41140722, 34.90897361], [135.41138, 34.90899639], [135.41132528, 34.90906945], [135.41131167, 34.90915972], [135.41130028, 34.90933639], [135.41128583, 34.90953306], [135.41127056, 34.90974583], [135.41124056, 34.90989083], [135.41121222, 34.90993528], [135.41123778, 34.91000084], [135.41123472, 34.91004778], [135.41119805, 34.91007805], [135.41115417, 34.91010667], [135.41110417, 34.91013194], [135.411005, 34.91016694], [135.41081194, 34.91021611], [135.41069555, 34.9102675], [135.41052528, 34.91035473], [135.41045694, 34.91041111], [135.41044333, 34.91041667], [135.41038889, 34.91049555], [135.41031416, 34.91061417], [135.41026306, 34.91063972], [135.410195, 34.91065861], [135.41018361, 34.91113806], [135.41019111, 34.91124083], [135.41025945, 34.91128055], [135.4103075, 34.9113225], [135.41036444, 34.91140222], [135.41040222, 34.91148194], [135.410375, 34.91157222], [135.41029972, 34.911685], [135.41027916, 34.91171306], [135.41027916, 34.91172416], [135.41025861, 34.91176944], [135.41030667, 34.91185389], [135.41031333, 34.91186528], [135.4103475, 34.91191028], [135.41053889, 34.9120625], [135.41064166, 34.91215834], [135.41082694, 34.91231806], [135.41087806, 34.91236944], [135.4109425, 34.91242277], [135.41098611, 34.91244667], [135.41102861, 34.91246528], [135.41110805, 34.91247], [135.41122278, 34.91243417], [135.41123639, 34.91241722], [135.41126361, 34.91239472], [135.41131333, 34.91236306], [135.41141278, 34.91229278], [135.41153472, 34.91226944], [135.41166028, 34.91227639], [135.4117625, 34.91232139], [135.41181056, 34.91237222], [135.41182417, 34.91238361], [135.41185833, 34.91244556], [135.41187889, 34.91246806], [135.41187889, 34.91247944], [135.4118925, 34.912485], [135.41188555, 34.91249639], [135.41193362, 34.91254111], [135.41200333, 34.91259], [135.41204861, 34.91260861], [135.412125, 34.91259778], [135.412125, 34.9125525], [135.41213861, 34.91253556], [135.41213861, 34.91252444], [135.41215916, 34.912485], [135.41215916, 34.91246806], [135.41224139, 34.91227639], [135.41232084, 34.91217444], [135.4123775, 34.9120625], [135.41245306, 34.91198917], [135.41261027, 34.91192167], [135.4127125, 34.91194417], [135.41295861, 34.91197805], [135.4130475, 34.91193861], [135.41319139, 34.91191028], [135.41362194, 34.91200055], [135.41371, 34.91206778], [135.41371861, 34.912145], [135.41375833, 34.91216611], [135.41380667, 34.91223388], [135.41383222, 34.91230417], [135.41383222, 34.91241889], [135.41388334, 34.91244444], [135.41393166, 34.91247973], [135.41398555, 34.91248889], [135.4140225, 34.91245166], [135.41403361, 34.91239555], [135.41406778, 34.91236028], [135.41415862, 34.91220361], [135.41423722, 34.91212417], [135.41433194, 34.91209833], [135.41445112, 34.91214278], [135.41451361, 34.91218723], [135.41454473, 34.91224805], [135.414545, 34.91232722], [135.41451083, 34.91249639], [135.41447917, 34.91255333], [135.41437972, 34.912675], [135.41433445, 34.91275194], [135.41431222, 34.91280611], [135.41425778, 34.91297194], [135.41422639, 34.91301167], [135.41422361, 34.91322695], [135.41424389, 34.91332472], [135.41445528, 34.91371667], [135.41457222, 34.91396167], [135.41467667, 34.91419167], [135.41466084, 34.91425473], [135.41459445, 34.91434611], [135.41448333, 34.91445195], [135.41444916, 34.91455333], [135.41444223, 34.9147225], [135.41441472, 34.91485778], [135.41438055, 34.91494222], [135.41434805, 34.91506139], [135.41421667, 34.91533694], [135.41417584, 34.91553417], [135.41411416, 34.91574278], [135.41403889, 34.91588361], [135.41401333, 34.91592722], [135.41392527, 34.91595056], [135.41385139, 34.91593194], [135.41377777, 34.91587111], [135.41369528, 34.91575417], [135.41350528, 34.91541472], [135.41331222, 34.915275], [135.41306833, 34.91511138], [135.41299972, 34.91508333], [135.4129725, 34.9150775], [135.41288361, 34.91504334], [135.41275861, 34.9150575], [135.41266778, 34.91509028], [135.41244916, 34.91513472], [135.41226194, 34.91512528], [135.41204028, 34.9150575], [135.41194972, 34.9150575], [135.41185889, 34.91509723], [135.41178806, 34.91516972], [135.41173972, 34.91523277], [135.41167722, 34.91529611], [135.41143889, 34.91541528], [135.4113025, 34.91548334], [135.41122861, 34.91554166], [135.41116111, 34.91563556], [135.41114084, 34.915675], [135.41108389, 34.91575], [135.41102444, 34.91578778], [135.41103806, 34.91582167], [135.41109972, 34.91588917], [135.41114055, 34.91595139], [135.41120888, 34.91606417], [135.41130527, 34.9161825], [135.41133862, 34.91626111], [135.41135945, 34.91630639], [135.41136611, 34.91634583], [135.41138, 34.91637389], [135.41138, 34.91644723], [135.41138, 34.91648111], [135.41138667, 34.91656], [135.41138778, 34.91661528], [135.41136611, 34.91668388], [135.41134639, 34.91674583], [135.41123278, 34.91687694], [135.41115611, 34.91691889], [135.41080417, 34.91698917], [135.41050889, 34.91701028], [135.41013694, 34.91701722], [135.41007417, 34.91705], [135.41006722, 34.91708944], [135.41010139, 34.91712916], [135.41017695, 34.91716834], [135.41028611, 34.91721916], [135.41039556, 34.91727556], [135.41053889, 34.91734889], [135.4106825, 34.91744444], [135.41080695, 34.91754361], [135.41108584, 34.91768695], [135.41115056, 34.91770972], [135.41117472, 34.91776027], [135.41115889, 34.91784555], [135.41108444, 34.91796417], [135.41107584, 34.91806945], [135.411045, 34.91836889], [135.41103111, 34.91845917], [135.41101083, 34.91852111], [135.41092861, 34.9189325], [135.41089444, 34.91902833], [135.41088083, 34.91905667], [135.41086028, 34.91912444], [135.41082611, 34.91923694], [135.41079806, 34.91931916], [135.41086028, 34.919395], [135.41094917, 34.91950194], [135.41097666, 34.91962028], [135.41098334, 34.91972723], [135.41100389, 34.91982889], [135.41103944, 34.91989639], [135.41106528, 34.92013306], [135.41109917, 34.92025306], [135.41115334, 34.9203425], [135.41117722, 34.92047917], [135.41115, 34.92057695], [135.41109917, 34.92060194], [135.41103472, 34.92061889], [135.41058389, 34.92060667], [135.41047195, 34.92060194], [135.41020028, 34.92058972], [135.40994055, 34.92097834], [135.40996305, 34.92101556], [135.40998833, 34.92105722], [135.41001778, 34.92111611], [135.4099775, 34.92124583], [135.40991056, 34.92132306], [135.40982667, 34.92140306], [135.4096525, 34.92154111], [135.40957778, 34.92162639], [135.40956611, 34.92169694], [135.40955277, 34.9217825], [135.40953667, 34.9218575], [135.40951611, 34.92193639], [135.40959278, 34.92194806], [135.40962306, 34.92203916], [135.40960305, 34.92211361], [135.40950583, 34.922235], [135.40952972, 34.92230862], [135.40955028, 34.92237028], [135.40956417, 34.92239305], [135.40957084, 34.92242112], [135.40960528, 34.9224775], [135.40979, 34.92279889], [135.40987222, 34.92289472], [135.40994723, 34.922985], [135.41001556, 34.92306361], [135.41008389, 34.92315389], [135.41010473, 34.92330027], [135.41010473, 34.92350333], [135.41000194, 34.923695], [135.40994389, 34.92378056], [135.40993362, 34.92387528], [135.40993139, 34.92393778], [135.40985777, 34.92400416], [135.40972694, 34.92410334], [135.40952305, 34.9242925], [135.40944528, 34.92442917], [135.40936834, 34.92458083], [135.40929111, 34.9246525], [135.40918139, 34.92471195], [135.40896695, 34.92478917], [135.40874972, 34.92483917], [135.40860222, 34.92493666], [135.40837112, 34.92503306], [135.40820333, 34.92503584], [135.40800222, 34.92504139], [135.40780722, 34.92502417], [135.40775083, 34.92501917], [135.40756333, 34.92504139], [135.40750472, 34.92510944], [135.40748416, 34.92516583], [135.40747055, 34.92543055], [135.40743611, 34.92560556], [135.40720361, 34.92618028], [135.40723084, 34.92627055], [135.40730611, 34.92642834], [135.40734611, 34.92652333], [135.4073675, 34.92665944], [135.40738139, 34.92693], [135.40742222, 34.92703139], [135.40744667, 34.92741056], [135.40758305, 34.92747083], [135.40760084, 34.92747889], [135.40779528, 34.927565], [135.40793556, 34.92744278], [135.40796973, 34.92741473], [135.40800389, 34.92736416], [135.40803806, 34.92731333], [135.40805861, 34.92727944], [135.40806555, 34.92723444], [135.40807916, 34.92720611], [135.40809972, 34.92717222], [135.40809277, 34.92705444], [135.40805583, 34.92696361], [135.40799722, 34.92685111], [135.40794861, 34.92680333], [135.40790167, 34.92673722], [135.407875, 34.92665167], [135.40782584, 34.92655806], [135.40780528, 34.92652417], [135.40782584, 34.92643417], [135.40786694, 34.9263775], [135.40793556, 34.92629305], [135.40799, 34.92621417], [135.40804472, 34.92612388], [135.40819556, 34.92586472], [135.40826388, 34.92579139], [135.40834611, 34.92575778], [135.40840084, 34.92574083], [135.40859222, 34.92570111], [135.40883861, 34.92562806], [135.40891389, 34.92559417], [135.40896861, 34.92554917], [135.4090775, 34.92548444], [135.409215, 34.92543639], [135.40939944, 34.92542639], [135.40954667, 34.92541528], [135.40963945, 34.92536889], [135.40971444, 34.92529528], [135.40974195, 34.92527278], [135.40987194, 34.92519167], [135.40998139, 34.92514889], [135.41011667, 34.92511445], [135.41033111, 34.92509806], [135.41043305, 34.92507], [135.41048806, 34.92503611], [135.41064889, 34.92500278], [135.41091889, 34.92495194], [135.4110075, 34.924935], [135.41105556, 34.92491806], [135.41107611, 34.92490111], [135.41113055, 34.92487306], [135.41118555, 34.92482806], [135.41122667, 34.92474889], [135.41124027, 34.92468139], [135.41126083, 34.92466444], [135.41124027, 34.92456305], [135.41123861, 34.92451056], [135.41118473, 34.92447445], [135.41114445, 34.92442778], [135.41109638, 34.92432638], [135.41108972, 34.92429806], [135.41110778, 34.92423861], [135.41113111, 34.92420278], [135.41111723, 34.92415166], [135.41109638, 34.92408944], [135.41111723, 34.92405028], [135.41116528, 34.924005], [135.41117194, 34.92389222], [135.41118555, 34.92387528], [135.41140944, 34.92379028], [135.41176389, 34.92371416], [135.41193139, 34.92366695], [135.41205445, 34.92361611], [135.41211611, 34.92358778], [135.41217778, 34.92355416], [135.4122325, 34.92350916], [135.41223917, 34.92346389], [135.41226667, 34.92339417], [135.41240583, 34.92334444], [135.41247888, 34.92333999], [135.41262722, 34.92331972], [135.41261361, 34.92320111], [135.41256778, 34.92313695], [135.41251305, 34.92304111], [135.41234889, 34.92279805], [135.41232889, 34.92279805], [135.41222556, 34.92279889], [135.41215722, 34.92273111], [135.41203416, 34.92253944], [135.41195194, 34.92247194], [135.41178778, 34.92239862], [135.41143194, 34.92229722], [135.4112275, 34.92223916], [135.41116528, 34.92220138], [135.41111611, 34.92216195], [135.41111055, 34.9221], [135.41111055, 34.92177861], [135.41113055, 34.92174806], [135.41121278, 34.92173917], [135.41124695, 34.92169972], [135.41126778, 34.92164333], [135.4113225, 34.92149695], [135.41135, 34.92149111], [135.41135, 34.92147417], [135.41141833, 34.92141223], [135.41156278, 34.92132306], [135.41166472, 34.92129389], [135.41227361, 34.92100694], [135.41239416, 34.92091889], [135.41239694, 34.92085472], [135.41240361, 34.92067972], [135.41238306, 34.92057833], [135.41235555, 34.92051056], [135.41227667, 34.92050361], [135.41221889, 34.92045445], [135.41213, 34.92031361], [135.41212305, 34.92025139], [135.41215305, 34.9201], [135.41217778, 34.92006556], [135.41219834, 34.92004306], [135.41226555, 34.92000722], [135.41233, 34.92000111], [135.41239055, 34.91999222], [135.41242889, 34.91998055], [135.41246028, 34.91995417], [135.4124675, 34.91993611], [135.41246056, 34.91991612], [135.41243945, 34.91989639], [135.41225444, 34.91965305], [135.41214639, 34.91948778], [135.41210083, 34.91940111], [135.41209222, 34.91932389], [135.4120975, 34.9191975], [135.41210417, 34.91913], [135.41211806, 34.91908472], [135.41211806, 34.91905667], [135.41213833, 34.91904528], [135.41213833, 34.91900028], [135.41214528, 34.91900028], [135.41215889, 34.91897222], [135.41216555, 34.91894389], [135.41217945, 34.91893833], [135.41222583, 34.91888166], [135.41230806, 34.91881861], [135.41235639, 34.91877167], [135.41238195, 34.91871556], [135.41239139, 34.91867334], [135.41239833, 34.91865084], [135.41239833, 34.91863944], [135.41241889, 34.91858889], [135.41241889, 34.9185775], [135.41243916, 34.918555], [135.41243916, 34.91854361], [135.41246639, 34.91850972], [135.41250055, 34.91848167], [135.41256222, 34.91844805], [135.41263056, 34.91840278], [135.41276055, 34.91840278], [135.41280167, 34.91841417], [135.4129725, 34.91843667], [135.413075, 34.91845917], [135.41317056, 34.918465], [135.41324583, 34.91848167], [135.41334861, 34.91849305], [135.41345778, 34.91851555]], [[135.41102556, 34.92336528], [135.41086416, 34.92327806], [135.41079555, 34.92325889], [135.41072722, 34.92324417], [135.41062778, 34.92320639], [135.41061778, 34.92316778], [135.41064473, 34.92313194], [135.41070833, 34.92311], [135.41078889, 34.92310445], [135.41088472, 34.92310334], [135.41097944, 34.92307944], [135.41108945, 34.92305889], [135.41117056, 34.92311], [135.41115722, 34.9233225], [135.41111028, 34.92334723], [135.41105138, 34.92335639], [135.41102556, 34.92336528]]]}}, {"type": "Feature", "id": "lakes-431", "properties": {"W09_001": "つくはら湖", "W09_002": "28100,28215", "W09_003": "", "W09_004": "", "name": "つくはら湖", "edition": "2005", "kind": "lakes", "sourceUrl": "https://nlftp.mlit.go.jp/ksj/gml/datalist/KsjTmplt-W09-v2_2.html"}, "geometry": {"type": "Polygon", "coordinates": [[[135.07285389, 34.77357083], [135.07294416, 34.77347417], [135.07297833, 34.77342362], [135.07302583, 34.77333333], [135.0730875, 34.77320916], [135.07311111, 34.77314028], [135.07316778, 34.77309611], [135.07339444, 34.77310778], [135.07347639, 34.77300083], [135.07356528, 34.77285417], [135.07359944, 34.77279778], [135.07366723, 34.77266916], [135.07367723, 34.77255056], [135.073695, 34.77244278], [135.07368472, 34.77208944], [135.07363361, 34.7718], [135.07365473, 34.77176444], [135.07373834, 34.77170084], [135.07383166, 34.77165916], [135.07402972, 34.77157444], [135.0740775, 34.77156334], [135.07412055, 34.77154305], [135.07422445, 34.77158473], [135.07436861, 34.77166472], [135.07452305, 34.77173389], [135.07468722, 34.77179472], [135.07478777, 34.77180583], [135.07497722, 34.7718225], [135.07509111, 34.771875], [135.07513611, 34.77200305], [135.07520195, 34.77214611], [135.07524555, 34.77216639], [135.07526555, 34.77212945], [135.07532583, 34.77193027], [135.07539278, 34.77181973], [135.07543666, 34.771755], [135.07555722, 34.77168417], [135.07561417, 34.77166472], [135.07568806, 34.77165916], [135.07579111, 34.77170028], [135.07588639, 34.77172111], [135.07598972, 34.77169861], [135.07607223, 34.77170028], [135.07617417, 34.77174945], [135.07622195, 34.77180583], [135.07630389, 34.77182806], [135.07646778, 34.77182806], [135.07656333, 34.77185083], [135.076645, 34.77187333], [135.07673389, 34.77192972], [135.07674056, 34.77195222], [135.07680916, 34.77198028], [135.07684333, 34.77198611], [135.0768775, 34.77195778], [135.07690472, 34.77193528], [135.07699361, 34.77189028], [135.077055, 34.77189028], [135.07713167, 34.77189084], [135.07723222, 34.77197778], [135.07731445, 34.77207639], [135.077335, 34.77209305], [135.07739639, 34.77208194], [135.07747834, 34.77201417], [135.07756028, 34.77196917], [135.07762861, 34.77194111], [135.07771722, 34.77190167], [135.07780611, 34.77187889], [135.0778675, 34.77189028], [135.07800417, 34.77189583], [135.07811333, 34.77191862], [135.07816, 34.77193778], [135.07816806, 34.77194111], [135.07828083, 34.772015], [135.07834611, 34.77209361], [135.07848222, 34.77219472], [135.07861194, 34.77225667], [135.07874861, 34.77230167], [135.07900805, 34.77230167], [135.07906944, 34.77229056], [135.07917194, 34.77229056], [135.07921166, 34.77232556], [135.07924194, 34.77244694], [135.07924862, 34.77251611], [135.07929527, 34.77256833], [135.07947611, 34.77266889], [135.07959167, 34.77271028], [135.07973694, 34.77276417], [135.080005, 34.77283167], [135.08019611, 34.77285972], [135.08061278, 34.77275278], [135.08074944, 34.7727075], [135.08116584, 34.77256111], [135.08145972, 34.77243139], [135.08155528, 34.77236944], [135.08185583, 34.77216084], [135.08195806, 34.77211], [135.08200611, 34.77211], [135.08218417, 34.77208445], [135.08257944, 34.772065], [135.08277777, 34.77205389], [135.08296222, 34.77205389], [135.08339889, 34.77204805], [135.08359, 34.77207055], [135.08373222, 34.77209806], [135.08386583, 34.77217528], [135.08398639, 34.77228305], [135.08408861, 34.77236361], [135.08415722, 34.77239194], [135.08428, 34.77243139], [135.08438222, 34.77244278], [135.08442334, 34.77244833], [135.08458472, 34.77242888], [135.08468305, 34.77238056], [135.08471695, 34.77235806], [135.08494222, 34.77224527], [135.0852975, 34.77207667], [135.08544778, 34.77202584], [135.08561167, 34.7719975], [135.08574, 34.77201722], [135.08581667, 34.77207084], [135.0858575, 34.77209917], [135.08602139, 34.77229611], [135.08604611, 34.77245583], [135.08612612, 34.77238945], [135.08618528, 34.77229056], [135.08616444, 34.77227361], [135.08615111, 34.77223444], [135.08610333, 34.77211027], [135.08608277, 34.77204277], [135.08607611, 34.77193555], [135.08616139, 34.77185167], [135.08645722, 34.771715], [135.08662889, 34.771665], [135.0868475, 34.77167638], [135.08707306, 34.77171917], [135.08720278, 34.77174388], [135.08737556, 34.77182278], [135.08738055, 34.77176889], [135.08731194, 34.77163138], [135.08729166, 34.7715975], [135.08729166, 34.77154666], [135.08736667, 34.77143944], [135.08742806, 34.77141139], [135.08766723, 34.77134389], [135.08785139, 34.77129306], [135.08789916, 34.77126472], [135.08789916, 34.7712425], [135.08793361, 34.77118583], [135.08796778, 34.77115778], [135.08809722, 34.77107333], [135.08819972, 34.77098861], [135.08819972, 34.77096055], [135.08824083, 34.77084778], [135.08828861, 34.77076889], [135.08843889, 34.77069556], [135.08851389, 34.77064472], [135.0886025, 34.77056027], [135.08860972, 34.77058834], [135.08871889, 34.77045861], [135.08891, 34.77014361], [135.08906027, 34.77004195], [135.08932, 34.7700025], [135.08945611, 34.76994611], [135.08945611, 34.76993472], [135.08952417, 34.76990111], [135.08959972, 34.76983916], [135.08962694, 34.76985028], [135.08987278, 34.76962472], [135.09000917, 34.76956278], [135.09016639, 34.76956278], [135.09044638, 34.76958555], [135.09061027, 34.76957417], [135.09091778, 34.76957417], [135.09112944, 34.76960222], [135.09127389, 34.76960861], [135.09144945, 34.76966639], [135.09164139, 34.76972861], [135.09186, 34.76979944], [135.0919625, 34.76982778], [135.09229723, 34.76988416], [135.09247889, 34.76993555], [135.09269278, 34.77005889], [135.09295944, 34.77021111], [135.09308889, 34.77027889], [135.09316444, 34.77029], [135.09326, 34.77032361], [135.09366944, 34.77042527], [135.093765, 34.77043667], [135.09388805, 34.77046472], [135.09404056, 34.77049222], [135.09424139, 34.77059166], [135.09444722, 34.77067028], [135.09542639, 34.77089167], [135.09584111, 34.77099445], [135.09610333, 34.77108583], [135.09614861, 34.77110167], [135.09631222, 34.77114667], [135.0964625, 34.77117305], [135.09691416, 34.77117305], [135.09718, 34.77120611], [135.09741194, 34.77125944], [135.09808139, 34.77142278], [135.098245, 34.77142861], [135.09854972, 34.77152917], [135.09867, 34.77155361], [135.09872972, 34.77152445], [135.09882055, 34.77146278], [135.09896611, 34.77139667], [135.09906444, 34.77131584], [135.09913167, 34.77119389], [135.09919195, 34.77116084], [135.09953556, 34.77108472], [135.0995975, 34.77105333], [135.0996325, 34.77100167], [135.09961167, 34.77089195], [135.09959056, 34.77082278], [135.09960083, 34.77071583], [135.09980889, 34.77058861], [135.09994528, 34.77056056], [135.10006805, 34.77060556], [135.10012194, 34.77085722], [135.10021167, 34.77089861], [135.1003825, 34.77090445], [135.10047806, 34.77095528], [135.10061473, 34.77106222], [135.10069, 34.77108472], [135.10086722, 34.77111306], [135.10099028, 34.77111306], [135.10120195, 34.77107361], [135.10167972, 34.77097778], [135.10180277, 34.77094389], [135.10215083, 34.77102833], [135.10247222, 34.77115806], [135.10274528, 34.77131584], [135.103015, 34.77146917], [135.10325056, 34.77151333], [135.10362195, 34.77146917], [135.10381723, 34.77142278], [135.103995, 34.77134972], [135.10414528, 34.77127639], [135.10447305, 34.77102278], [135.10454195, 34.77097639], [135.10447944, 34.77075833], [135.10439944, 34.77047916], [135.10433223, 34.77045389], [135.10411222, 34.77062278], [135.10402222, 34.77072973], [135.103955, 34.77082417], [135.10387861, 34.77084805], [135.10383777, 34.77083111], [135.10374222, 34.77067333], [135.1036875, 34.77062806], [135.10356472, 34.77058861], [135.10342, 34.77054833], [135.10336, 34.77050972], [135.10328611, 34.77038555], [135.10324389, 34.770335], [135.1032025, 34.77025611], [135.10319583, 34.77017167], [135.10317556, 34.77010972], [135.10309362, 34.77003056], [135.10298361, 34.76999389], [135.10284666, 34.76998], [135.10266334, 34.77001945], [135.10250611, 34.7700475], [135.1024175, 34.77000833], [135.10236944, 34.76989528], [135.10230806, 34.76966444], [135.10230111, 34.76955194], [135.10223306, 34.76948972], [135.10219222, 34.76944472], [135.102185, 34.7692925], [135.10219889, 34.76920806], [135.10223472, 34.76914583], [135.102345, 34.76912667], [135.10245195, 34.76911833], [135.10252638, 34.76909528], [135.10253222, 34.76894167], [135.10252638, 34.76892056], [135.10259916, 34.76885639], [135.10266334, 34.76875722], [135.1026225, 34.76857667], [135.10247889, 34.76841889], [135.10124306, 34.76846389], [135.10106555, 34.76857111], [135.10072389, 34.76873445], [135.10037556, 34.76896], [135.10022555, 34.76902194], [135.0999725, 34.76910639], [135.09979528, 34.76912916], [135.09966528, 34.76908389], [135.09956973, 34.76911778], [135.09940334, 34.76926722], [135.09939334, 34.76947111], [135.09939334, 34.7695375], [135.09935111, 34.76959111], [135.09925638, 34.76960639], [135.0989825, 34.76959667], [135.09890028, 34.76967], [135.09868889, 34.7696925], [135.09839556, 34.76970833], [135.09829973, 34.76976], [135.09825834, 34.76985472], [135.098205, 34.76989861], [135.09801445, 34.7701], [135.09795833, 34.77008694], [135.09797861, 34.7700025], [135.09801972, 34.76987861], [135.09799917, 34.76983916], [135.09793111, 34.76980528], [135.09770584, 34.76981639], [135.09732305, 34.76981639], [135.09632611, 34.76983334], [135.09593, 34.76981084], [135.09574556, 34.76976], [135.09539055, 34.76954028], [135.09534306, 34.76952888], [135.09522666, 34.76945028], [135.09504917, 34.76936], [135.09489889, 34.76926416], [135.09479639, 34.76919639], [135.09457139, 34.76905556], [135.09436639, 34.76895972], [135.09423666, 34.76890917], [135.09402472, 34.76885833], [135.09394278, 34.76880195], [135.09393612, 34.76871723], [135.09392222, 34.76866083], [135.09375833, 34.76862167], [135.09370611, 34.76860778], [135.09366583, 34.76864639], [135.09358222, 34.76868778], [135.09336222, 34.76873417], [135.09313695, 34.76872305], [135.09310972, 34.76870028], [135.09272056, 34.76859889], [135.09205833, 34.76836222], [135.09190805, 34.76832277], [135.09175777, 34.76828889], [135.09165527, 34.76824944], [135.09158666, 34.76821], [135.09154583, 34.76813667], [135.091505, 34.76804667], [135.09150778, 34.76795417], [135.091225, 34.76787778], [135.09118834, 34.76793334], [135.09113056, 34.7679875], [135.09102694, 34.76800695], [135.09084556, 34.76802027], [135.09063778, 34.76799028], [135.09010472, 34.76799583], [135.08996167, 34.76801278], [135.08970223, 34.76801278], [135.08947028, 34.76791695], [135.08936889, 34.76787945], [135.08918834, 34.76769195], [135.08912833, 34.76769722], [135.08912472, 34.76774444], [135.08905778, 34.76791806], [135.08895084, 34.76798167], [135.08884167, 34.76800695], [135.08854834, 34.76800695], [135.08837556, 34.76798694], [135.08824528, 34.76795389], [135.08804278, 34.76787166], [135.08787222, 34.76784916], [135.08757833, 34.76786056], [135.08717528, 34.76786611], [135.0869025, 34.76784361], [135.08682028, 34.76782666], [135.08673834, 34.76781333], [135.08667806, 34.76793194], [135.08668138, 34.76805611], [135.08667806, 34.76819111], [135.08670472, 34.76835389], [135.08672166, 34.76841195], [135.0868475, 34.76858194], [135.08695, 34.76871723], [135.08700556, 34.76883666], [135.08698223, 34.768925], [135.08693195, 34.76904083], [135.08683834, 34.76915389], [135.0866175, 34.76926416], [135.08643722, 34.76933333], [135.08605944, 34.76947388], [135.08551278, 34.76989583], [135.08542916, 34.77003361], [135.08530195, 34.77029555], [135.08502694, 34.77069166], [135.08485361, 34.77088723], [135.08482611, 34.77093223], [135.08475778, 34.77101666], [135.08473277, 34.77115778], [135.08469278, 34.77119083], [135.08462833, 34.77120278], [135.08447805, 34.77117472], [135.08425945, 34.77110139], [135.08420472, 34.77109583], [135.08403416, 34.77101666], [135.08397945, 34.77094916], [135.08395445, 34.77090194], [135.08393139, 34.77085889], [135.08392472, 34.77079139], [135.08391112, 34.77074056], [135.08389749, 34.77048139], [135.08387666, 34.77041306], [135.08384278, 34.77041945], [135.0838225, 34.77043639], [135.08379305, 34.77050389], [135.08371639, 34.77069417], [135.08360917, 34.77080472], [135.08340445, 34.770915], [135.08335805, 34.77092111], [135.08322139, 34.77094916], [135.08309195, 34.77093223], [135.08284611, 34.77086473], [135.08279139, 34.77081389], [135.08271639, 34.77081389], [135.08251806, 34.77081389], [135.082375, 34.77081389], [135.08217, 34.77081973], [135.08199889, 34.77080833], [135.08168, 34.77079778], [135.08158305, 34.77080889], [135.08148944, 34.77085555], [135.0813725, 34.77091917], [135.08125472, 34.77094361], [135.08107695, 34.77093223], [135.08102723, 34.77094805], [135.08095361, 34.77101167], [135.08079027, 34.77111278], [135.08072194, 34.77114083], [135.08066055, 34.77116889], [135.08064945, 34.77121277], [135.08066611, 34.77150527], [135.08062916, 34.77164472], [135.0805625, 34.77163361], [135.08014833, 34.77149611], [135.08005278, 34.77147916], [135.07976611, 34.77139444], [135.07962167, 34.77137778], [135.07938389, 34.77128472], [135.07928694, 34.77125416], [135.07924722, 34.77117472], [135.07924722, 34.77111278], [135.07928139, 34.77092111], [135.07928139, 34.77084778], [135.07932917, 34.77059972], [135.07941777, 34.77047555], [135.07956805, 34.77018806], [135.07962278, 34.77009806], [135.07971167, 34.76994028], [135.07971167, 34.76988389], [135.07969084, 34.76986139], [135.07956805, 34.76993444], [135.0792, 34.77025833], [135.07913667, 34.77042667], [135.07910306, 34.77048194], [135.07903944, 34.77063917], [135.07895612, 34.77087361], [135.07886222, 34.77100334], [135.07877528, 34.77107777], [135.07867333, 34.77106195], [135.07861862, 34.7710225], [135.07859833, 34.77098861], [135.07856417, 34.77092111], [135.07854361, 34.77080278], [135.07856417, 34.77059417], [135.07851639, 34.77047], [135.07851639, 34.77039111], [135.07851639, 34.77036305], [135.07853223, 34.77030805], [135.07855805, 34.77021695], [135.07857778, 34.77009806], [135.07852806, 34.76999222], [135.07845778, 34.76991361], [135.07820694, 34.76973445], [135.07817027, 34.76965972], [135.07820694, 34.76954666], [135.07819694, 34.76949444], [135.0781, 34.76938223], [135.07803139, 34.76924694], [135.07802472, 34.76912861], [135.07805861, 34.76908889], [135.07812028, 34.76904417], [135.07818834, 34.76899333], [135.07822973, 34.76894833], [135.07829111, 34.76888639], [135.07836611, 34.76879611], [135.0784275, 34.76871167], [135.07841389, 34.76870028], [135.07838, 34.76871167], [135.07815666, 34.76885056], [135.07796305, 34.768965], [135.0778625, 34.7690625], [135.07785583, 34.76914527], [135.07790833, 34.76939916], [135.07798388, 34.76953445], [135.07797, 34.76954556], [135.07798639, 34.76965305], [135.07796278, 34.76978527], [135.07796305, 34.76988389], [135.07803833, 34.76996278], [135.07811, 34.77003361], [135.07811333, 34.77014667], [135.07804305, 34.77029555], [135.07800638, 34.77040611], [135.07800306, 34.7705675], [135.07799306, 34.77074666], [135.07791277, 34.77098111], [135.07788917, 34.7710475], [135.0778675, 34.7710675], [135.07785166, 34.77108055], [135.07784694, 34.77108445], [135.07775888, 34.77111639], [135.07755834, 34.77111361], [135.07738139, 34.77111695], [135.07727611, 34.77108806], [135.07727389, 34.77107528], [135.07725722, 34.77098389], [135.07713028, 34.77089556], [135.07704111, 34.77083639], [135.07686445, 34.77080612], [135.07679083, 34.770795], [135.07650889, 34.77075749], [135.07646083, 34.77073499], [135.07639472, 34.77070667], [135.07637917, 34.77059972], [135.07635194, 34.77055472], [135.07629444, 34.77054111], [135.07622777, 34.77055222], [135.0761575, 34.77065417], [135.07604722, 34.77070944], [135.07597583, 34.77068444], [135.07594888, 34.77066167], [135.07579167, 34.77054334], [135.07573722, 34.77047555], [135.07554584, 34.77034611], [135.07549139, 34.77025028], [135.07545, 34.77006416], [135.07541612, 34.77001361], [135.07539583, 34.77004722], [135.0753575, 34.77019222], [135.07530055, 34.77029695], [135.07524028, 34.77032195], [135.07515334, 34.77028334], [135.07500972, 34.77020056], [135.07486278, 34.77008111], [135.07479472, 34.77000222], [135.07478777, 34.76995139], [135.07480806, 34.76988944], [135.07479222, 34.76980333], [135.07474556, 34.7697675], [135.07469194, 34.76973722], [135.07457834, 34.769715], [135.07447139, 34.76969834], [135.07442778, 34.76959638], [135.07442583, 34.76941611], [135.07436444, 34.76901583], [135.07435083, 34.76900445], [135.07434361, 34.76897639], [135.07434361, 34.76886917], [135.07433028, 34.76884111], [135.07427555, 34.76868306], [135.07418, 34.76857611], [135.07411278, 34.7685125], [135.07405917, 34.76853195], [135.07401917, 34.76860472], [135.07400555, 34.76867778], [135.07395222, 34.76866139], [135.07392528, 34.76862806], [135.07391389, 34.7685875], [135.07379778, 34.76839611], [135.07377055, 34.76837361], [135.07361361, 34.76830584], [135.07348417, 34.76829472], [135.07328611, 34.76825055], [135.07283139, 34.76811528], [135.07272555, 34.76806362], [135.07265028, 34.76803528], [135.07249333, 34.76797333], [135.07242666, 34.76795805], [135.07239778, 34.76797888], [135.07220527, 34.76810027], [135.072085, 34.76811666], [135.07188528, 34.76804667], [135.071735, 34.76800695], [135.07154388, 34.76795638], [135.0714825, 34.76795638], [135.07136639, 34.76799028], [135.07129805, 34.76800138], [135.07118194, 34.76803528], [135.07101139, 34.76805778], [135.07086111, 34.76806362], [135.07073667, 34.76799111], [135.07066306, 34.76794167], [135.07060639, 34.76791944], [135.0704925, 34.76786166], [135.07039694, 34.76779306], [135.07008972, 34.76770278], [135.06996, 34.76764639], [135.06988472, 34.76760111], [135.06976362, 34.76752917], [135.06971417, 34.76749972], [135.06957722, 34.76740972], [135.06944083, 34.76733055], [135.06931111, 34.76728555], [135.06922694, 34.76729056], [135.06920028, 34.76737889], [135.06921694, 34.76747806], [135.06923333, 34.76749916], [135.06929722, 34.76758028], [135.06937417, 34.76769055], [135.06944083, 34.76778166], [135.06950917, 34.7678775], [135.06959111, 34.76800111], [135.06964555, 34.76806888], [135.06970028, 34.76817028], [135.06972278, 34.76821444], [135.06989334, 34.76829167], [135.06998027, 34.76834667], [135.070035, 34.76842944], [135.07006722, 34.76847083], [135.07004166, 34.76854777], [135.07002834, 34.7685875], [135.07002694, 34.76862528], [135.07006222, 34.76868889], [135.07010306, 34.76873973], [135.07018528, 34.76882973], [135.0702075, 34.7688625], [135.0702175, 34.76903361], [135.0702075, 34.7692075], [135.07010389, 34.76925723], [135.07005028, 34.7692875], [135.07003362, 34.76933166], [135.07004361, 34.76946806], [135.07003028, 34.76970806], [135.06995333, 34.76986528], [135.06982639, 34.76989583], [135.06971417, 34.76990084], [135.06963889, 34.7699175], [135.06967917, 34.77002111], [135.06969361, 34.77010361], [135.06971278, 34.77024195], [135.06974139, 34.77032333], [135.06979639, 34.77037972], [135.06978973, 34.77044612], [135.06972611, 34.77051917], [135.06961917, 34.770585], [135.06948861, 34.7706275], [135.06936555, 34.77068972], [135.06935889, 34.77071777], [135.06937277, 34.77074584], [135.069425, 34.77078639], [135.06950195, 34.7707975], [135.0697275, 34.77086444], [135.06977611, 34.77088306], [135.06980305, 34.77092639], [135.06981972, 34.771025], [135.06975278, 34.77109666], [135.0696925, 34.77117111], [135.06970611, 34.77120722], [135.06979583, 34.77119139], [135.06991194, 34.77117445], [135.07001444, 34.77117445], [135.07015416, 34.77121805], [135.07024416, 34.77124583], [135.07032777, 34.77125111], [135.07044444, 34.77123083], [135.07053916, 34.77122638], [135.07062278, 34.77128445], [135.07066306, 34.77129278], [135.07079973, 34.77126445], [135.07105222, 34.77123639], [135.07112055, 34.77123639], [135.07118889, 34.77122528], [135.07121639, 34.77127583], [135.07124334, 34.7713775], [135.07126388, 34.77142222], [135.07128444, 34.77147305], [135.07130583, 34.77167194], [135.07129805, 34.77182806], [135.07124556, 34.7721975], [135.07117194, 34.77252028], [135.07109833, 34.77272416], [135.07098389, 34.7729725], [135.07143111, 34.773625], [135.07158583, 34.77367889], [135.07173111, 34.77372944], [135.07280056, 34.77359222], [135.07285389, 34.77357083]], [[135.1032025, 34.77096639], [135.1031825, 34.77092916], [135.10321639, 34.7708875], [135.10323, 34.77087055], [135.10329139, 34.77087055], [135.10342833, 34.77091555], [135.10362611, 34.77087611], [135.10366416, 34.77090973], [135.1036775, 34.77096222], [135.10365084, 34.77100361], [135.10361056, 34.77103667], [135.10342833, 34.77103972], [135.1032025, 34.77096639]]]}}, {"type": "Feature", "id": "lakes-432", "properties": {"W09_001": "神戸水道千刈水源池", "W09_002": "28100,28214,28219", "W09_003": "0", "W09_004": "", "name": "神戸水道千刈水源池", "edition": "2005", "kind": "lakes", "sourceUrl": "https://nlftp.mlit.go.jp/ksj/gml/datalist/KsjTmplt-W09-v2_2.html"}, "geometry": {"type": "Polygon", "coordinates": [[[135.27696611, 34.90803583], [135.27694555, 34.90807528], [135.27685, 34.9082275], [135.27675389, 34.90840222], [135.27664472, 34.90859945], [135.27660389, 34.90866722], [135.27658334, 34.90874055], [135.27655583, 34.90881944], [135.27654917, 34.90886444], [135.2765425, 34.90890389], [135.27653527, 34.90893777], [135.27652861, 34.90899417], [135.2765425, 34.90905056], [135.27662723, 34.90914945], [135.27671417, 34.90935361], [135.27685194, 34.90920777], [135.27700028, 34.90905027], [135.27699333, 34.90900527], [135.27699333, 34.90887584], [135.277, 34.90883084], [135.277, 34.90878], [135.2770275, 34.90869555], [135.27706638, 34.90861916], [135.27714361, 34.90856167], [135.27726, 34.90850361], [135.27739, 34.90844166], [135.27743778, 34.90843056], [135.27748555, 34.90840806], [135.27763611, 34.90834584], [135.27769083, 34.90832889], [135.27786139, 34.90823305], [135.27790278, 34.90821056], [135.27809416, 34.90809222], [135.278135, 34.90806389], [135.278395, 34.90797945], [135.27856555, 34.90788945], [135.27885278, 34.90768083], [135.2789825, 34.90761306], [135.27925472, 34.90744611], [135.27931972, 34.90734473], [135.27933778, 34.90726917], [135.27935166, 34.90724695], [135.27935166, 34.90721889], [135.27936528, 34.90719084], [135.27937222, 34.90715111], [135.27948139, 34.90704972], [135.2796525, 34.90693695], [135.27968, 34.90692583], [135.27977555, 34.90686945], [135.27985056, 34.90683556], [135.27993278, 34.90679056], [135.28011056, 34.90671139], [135.28014473, 34.90669444], [135.28029528, 34.90667778], [135.28069972, 34.90667334], [135.28089667, 34.90667194], [135.28097861, 34.90667194], [135.2811125, 34.90670333], [135.28122111, 34.90678083], [135.28132222, 34.90680473], [135.28143667, 34.90680722], [135.28155278, 34.90674528], [135.28165555, 34.90672834], [135.28179222, 34.90673972], [135.28199055, 34.90680166], [135.28203139, 34.90679056], [135.28214778, 34.90676806], [135.28219528, 34.90674528], [135.28226389, 34.90673972], [135.28229111, 34.90672834], [135.28250972, 34.90670028], [135.28265305, 34.90671139], [135.282865, 34.90675666], [135.28298806, 34.90681306], [135.28341222, 34.90694278], [135.28381528, 34.90714555], [135.28402916, 34.90721389], [135.28410889, 34.90726166], [135.28419583, 34.90731528], [135.28421027, 34.90740472], [135.28415222, 34.90752417], [135.28412306, 34.90757389], [135.28410944, 34.90759083], [135.2841025, 34.90760778], [135.28409556, 34.90763028], [135.28409556, 34.90764723], [135.28408222, 34.90768666], [135.28407278, 34.90780611], [135.28408723, 34.90786], [135.28423194, 34.90792556], [135.28432611, 34.90799111], [135.28428695, 34.90807556], [135.28411611, 34.90816], [135.28410889, 34.90818389], [135.2841025, 34.90821639], [135.28412972, 34.90825028], [135.28430444, 34.90832111], [135.28437666, 34.90836888], [135.28446361, 34.90843194], [135.28473139, 34.90862889], [135.28475695, 34.90863917], [135.28481333, 34.90866194], [135.28483278, 34.90866472], [135.28488195, 34.90867889], [135.28491612, 34.90867305], [135.28502528, 34.9086675], [135.28504584, 34.90863362], [135.28504584, 34.90860555], [135.28504584, 34.90846445], [135.28506667, 34.90843083], [135.28510056, 34.90840833], [135.28518973, 34.90839138], [135.28529889, 34.90840833], [135.28538778, 34.90840833], [135.28546973, 34.9084025], [135.28552472, 34.90838556], [135.285545, 34.90838556], [135.28566111, 34.90836306], [135.2857775, 34.90836306], [135.2858525, 34.90838], [135.28591416, 34.90840833], [135.28605083, 34.90847], [135.28616694, 34.90850972], [135.28619417, 34.90849833], [135.28618084, 34.90848138], [135.28611916, 34.90840833], [135.28605778, 34.90834611], [135.28596889, 34.90825028], [135.28596889, 34.90819944], [135.28600973, 34.90815472], [135.28606444, 34.90813194], [135.28615333, 34.90806417], [135.28631667, 34.90799527], [135.28647555, 34.90798945], [135.28660444, 34.9080475], [135.28671361, 34.90814889], [135.28676167, 34.90821084], [135.28683666, 34.90832916], [135.28688472, 34.90838], [135.286905, 34.90841388], [135.28699389, 34.90844778], [135.28715805, 34.90844778], [135.28730139, 34.90840833], [135.28741112, 34.90837445], [135.2875, 34.90837445], [135.28758167, 34.90838556], [135.28765027, 34.90840833], [135.28780084, 34.90844778], [135.28794417, 34.90847583], [135.28801944, 34.90849833], [135.28819028, 34.90849833], [135.28825166, 34.90848695], [135.28843639, 34.90843638], [135.28849778, 34.90840833], [135.28858667, 34.90837445], [135.28860055, 34.90834611], [135.28866889, 34.9083125], [135.28878527, 34.90827306], [135.28885361, 34.90828416], [135.28890111, 34.90832916], [135.28896972, 34.9084025], [135.28912, 34.90859972], [135.28919389, 34.90870389], [135.28934723, 34.90869972], [135.28948223, 34.90869584], [135.28949611, 34.90868444], [135.28950972, 34.90865055], [135.28955778, 34.90859972], [135.28963278, 34.90857722], [135.28994028, 34.90855472], [135.28996778, 34.90855472], [135.29003611, 34.90853778], [135.29009084, 34.90853222], [135.29028889, 34.90849278], [135.29035028, 34.90845362], [135.29039555, 34.90840583], [135.29040528, 34.90836333], [135.29040528, 34.90834083], [135.29040528, 34.90829583], [135.29035028, 34.90823361], [135.29031639, 34.90817166], [135.29029584, 34.908155], [135.29029584, 34.90814361], [135.29028222, 34.90812111], [135.29027528, 34.90807584], [135.29026861, 34.90805334], [135.29026861, 34.90799694], [135.29026861, 34.90794611], [135.29026861, 34.90791806], [135.29028222, 34.90787861], [135.29029584, 34.90780528], [135.29031639, 34.90774889], [135.29031639, 34.90772639], [135.28914222, 34.90736083], [135.28889139, 34.90699778], [135.28875083, 34.90701611], [135.28855695, 34.90707972], [135.28839056, 34.90711556], [135.28820945, 34.90712167], [135.28809361, 34.9071275], [135.2878825, 34.90707834], [135.28782111, 34.90705584], [135.28773222, 34.90698805], [135.28759555, 34.90692611], [135.28724, 34.90683583], [135.28687083, 34.90677389], [135.2863925, 34.90667806], [135.28630361, 34.90665], [135.28624917, 34.90662722], [135.28618084, 34.90661028], [135.2861125, 34.90658778], [135.28607833, 34.90658778], [135.28599611, 34.90655944], [135.28592778, 34.90654278], [135.28588667, 34.90651472], [135.28578417, 34.90648084], [135.28569528, 34.90643], [135.28569528, 34.90641861], [135.28568167, 34.9064075], [135.28566806, 34.9064075], [135.28558611, 34.90631167], [135.28558611, 34.90623278], [135.28565445, 34.906165], [135.28572278, 34.90615361], [135.28575, 34.90613695], [135.28591416, 34.906075], [135.28605611, 34.90600195], [135.28612611, 34.90595666], [135.28617389, 34.9059], [135.28617389, 34.90588889], [135.28619389, 34.90584389], [135.28619389, 34.90559], [135.28619389, 34.90547722], [135.28618055, 34.90540972], [135.28616667, 34.905325], [135.28616, 34.90515611], [135.28613945, 34.90503778], [135.28612584, 34.90496444], [135.28612584, 34.904925], [135.28611222, 34.90489667], [135.28611222, 34.90486862], [135.28609833, 34.90481778], [135.28607111, 34.90475583], [135.28607111, 34.90474472], [135.28600305, 34.90464861], [135.28600305, 34.90463166], [135.28596889, 34.90457556], [135.28596889, 34.90455306], [135.28595528, 34.90454722], [135.28587999, 34.90437806], [135.28583889, 34.90423167], [135.28583889, 34.90413583], [135.28584611, 34.90392723], [135.28581167, 34.90388778], [135.28569528, 34.90375833], [135.28566111, 34.90371306], [135.28565445, 34.90370167], [135.28553806, 34.90359472], [135.28553806, 34.90358334], [135.28552472, 34.90357777], [135.28546973, 34.90351584], [135.28546305, 34.90350444], [135.285415, 34.90345389], [135.28536722, 34.90340334], [135.28534, 34.90338084], [135.28532611, 34.90334139], [135.28529889, 34.90326222], [135.28529889, 34.90320055], [135.28527861, 34.90317222], [135.28527139, 34.90314972], [135.28523056, 34.90314389], [135.28518973, 34.90312695], [135.28506667, 34.90303695], [135.28499111, 34.90291861], [135.28498445, 34.90291306], [135.28497083, 34.90288472], [135.28488861, 34.90282278], [135.28483389, 34.90281166], [135.28475889, 34.90276084], [135.28468361, 34.90269305], [135.28464944, 34.90267055], [135.28453306, 34.90254083], [135.28447167, 34.90248445], [135.28447167, 34.90247333], [135.28445806, 34.9024675], [135.28445806, 34.90245639], [135.28444416, 34.90245055], [135.28437583, 34.9023775], [135.28430083, 34.90230973], [135.2843075, 34.90229861], [135.28426667, 34.90226473], [135.28419806, 34.90219139], [135.284075, 34.90205611], [135.28402056, 34.90198861], [135.28393833, 34.90190945], [135.28393833, 34.90189834], [135.28391777, 34.90188139], [135.28390445, 34.90188139], [135.28390445, 34.90187027], [135.28382222, 34.90180805], [135.28365833, 34.90167278], [135.28357611, 34.90158833], [135.28346695, 34.90149806], [135.28335723, 34.90139111], [135.28331639, 34.90135139], [135.28331056, 34.90134667], [135.28322083, 34.90127278], [135.28305917, 34.90113861], [135.28289917, 34.90105278], [135.28282416, 34.90101917], [135.28276945, 34.90099638], [135.28268056, 34.9009625], [135.28264639, 34.90092888], [135.28262583, 34.90092306], [135.28259834, 34.90090638], [135.28257139, 34.900895], [135.28256417, 34.90088388], [135.28251667, 34.90086695], [135.28239334, 34.90074333], [135.28238666, 34.90071473], [135.28236612, 34.90069778], [135.28235944, 34.90068639], [135.28230639, 34.90061194], [135.2822225, 34.90055111], [135.28215417, 34.90051722], [135.28196972, 34.90039889], [135.28194889, 34.90039889], [135.28183305, 34.90032583], [135.28172361, 34.90022973], [135.28166194, 34.90011694], [135.28166194, 34.89999306], [135.2816825, 34.899965], [135.28171, 34.89994806], [135.28175778, 34.89989167], [135.28177833, 34.89988611], [135.28182583, 34.89985777], [135.2818875, 34.89981834], [135.28196972, 34.89975084], [135.28198306, 34.8997225], [135.28204472, 34.89960972], [135.28209944, 34.89951972], [135.28218333, 34.89941944], [135.28230472, 34.89928278], [135.28253694, 34.89891639], [135.28255084, 34.89890528], [135.28257139, 34.89886583], [135.282585, 34.89884333], [135.28263278, 34.89877], [135.28272139, 34.89865723], [135.28274222, 34.89863473], [135.28284444, 34.89857833], [135.28293334, 34.89856694], [135.28294722, 34.89855583], [135.28295417, 34.89853333], [135.28295805, 34.89848111], [135.28292666, 34.89840917], [135.28293611, 34.89837417], [135.28295695, 34.89829723], [135.28303611, 34.89821222], [135.28308389, 34.89813334], [135.28309055, 34.89809945], [135.28311806, 34.89807111], [135.28314528, 34.89802055], [135.28317278, 34.89795278], [135.28317944, 34.89787972], [135.28319334, 34.89786833], [135.28320027, 34.89784028], [135.28322083, 34.8977725], [135.28322083, 34.89759778], [135.2832275, 34.89750194], [135.28321361, 34.89742305], [135.28319334, 34.89733278], [135.28317944, 34.89723695], [135.28315917, 34.897175], [135.28311722, 34.89697584], [135.28301555, 34.89675222], [135.28297473, 34.89669027], [135.28281028, 34.89636333], [135.28277611, 34.89631833], [135.28272861, 34.89626194], [135.28259611, 34.89607139], [135.2824825, 34.89594639], [135.28235222, 34.89580528], [135.28225, 34.89570388], [135.28216111, 34.89561361], [135.28208583, 34.89555166], [135.28200389, 34.89548389], [135.2818125, 34.89530361], [135.28179861, 34.89528667], [135.28177139, 34.89527556], [135.28158, 34.89508945], [135.28154583, 34.89506695], [135.28129972, 34.89484723], [135.28127222, 34.89481333], [135.28118333, 34.89472306], [135.28116306, 34.89470611], [135.28113555, 34.89463834], [135.28113555, 34.89462167], [135.28113555, 34.89461027], [135.28116306, 34.89455972], [135.28121083, 34.89451444], [135.28132028, 34.89448639], [135.28148417, 34.8944525], [135.28184528, 34.89438333], [135.28196638, 34.89436], [135.28203111, 34.89434528], [135.28203806, 34.89434528], [135.282195, 34.89430028], [135.28226361, 34.89426639], [135.28228472, 34.89426444], [135.2822125, 34.89424056], [135.28201695, 34.89426277], [135.28158695, 34.89435111], [135.28149083, 34.89435667], [135.28145, 34.89436778], [135.28135445, 34.89437361], [135.28131333, 34.89438472], [135.28123139, 34.89439055], [135.28114916, 34.8944075], [135.28106139, 34.89444778], [135.28086223, 34.89438472], [135.28075972, 34.89431722], [135.28058861, 34.89420445], [135.28032194, 34.89398472], [135.28029499, 34.89396778], [135.28023333, 34.89391139], [135.28019222, 34.89386639], [135.28015805, 34.89384944], [135.27997333, 34.89366889], [135.279905, 34.89359583], [135.27980944, 34.89349445], [135.27978889, 34.89344916], [135.27972723, 34.89339833], [135.27963167, 34.89334778], [135.27958361, 34.89334223], [135.279495, 34.89331389], [135.27941306, 34.89328556], [135.27933083, 34.89327444], [135.27926917, 34.89325194], [135.27915306, 34.89324056], [135.27909139, 34.89321806], [135.27883861, 34.89317306], [135.27876388, 34.89316722], [135.27863389, 34.89315027], [135.27850389, 34.89314472], [135.27849027, 34.89313334], [135.27838084, 34.89313334], [135.27826306, 34.89312278], [135.278005, 34.89305472], [135.2779775, 34.89303195], [135.27779277, 34.8929475], [135.27775889, 34.89291945], [135.27756055, 34.89276167], [135.27747861, 34.89269972], [135.27737612, 34.89260944], [135.27734361, 34.89256222], [135.27732805, 34.89253083], [135.27733473, 34.89249694], [135.27734861, 34.89244028], [135.27741028, 34.89236722], [135.27744444, 34.89233334], [135.277465, 34.892305], [135.27775889, 34.89205138], [135.27799139, 34.89191611], [135.27808917, 34.8919], [135.27817611, 34.89195389], [135.27822361, 34.89198388], [135.27844195, 34.89217555], [135.27847611, 34.892215], [135.27865389, 34.89236722], [135.27879834, 34.89245417], [135.27894139, 34.89257], [135.27908472, 34.89264333], [135.27914611, 34.89266028], [135.27920083, 34.89268278], [135.27931056, 34.89270528], [135.27965889, 34.89272778], [135.27969306, 34.89272222], [135.27981611, 34.89269417], [135.27993917, 34.89262639], [135.27998028, 34.89262639], [135.28004167, 34.89260389], [135.28009639, 34.89256444], [135.28010334, 34.892525], [135.28010334, 34.89251389], [135.28006222, 34.89250806], [135.28004167, 34.89249694], [135.27998723, 34.89249111], [135.2799325, 34.89247416], [135.27985027, 34.89246861], [135.27980944, 34.89244611], [135.27965889, 34.89241778], [135.27956334, 34.89240666], [135.27950861, 34.89240111], [135.27944694, 34.89238416], [135.27941972, 34.89238416], [135.27931722, 34.89234472], [135.279235, 34.89232194], [135.2791875, 34.89231639], [135.27909861, 34.89228834], [135.27906638, 34.89228389], [135.27905722, 34.8922825], [135.27904388, 34.89226584], [135.27900278, 34.89226584], [135.27899583, 34.89226584], [135.27900973, 34.89226028], [135.27897556, 34.89225444], [135.27887972, 34.89222639], [135.27876361, 34.89215305], [135.27870889, 34.89210805], [135.27866778, 34.89204028], [135.27866083, 34.89197833], [135.27865389, 34.89191056], [135.27863972, 34.89178111], [135.2785925, 34.89170223], [135.27857222, 34.89165694], [135.27857222, 34.89152167], [135.27860638, 34.89144277], [135.27873612, 34.89134111], [135.27894806, 34.89125667], [135.27908472, 34.89119473], [135.27913278, 34.89118333], [135.27914611, 34.89117223], [135.27916694, 34.89116667], [135.279365, 34.89109333], [135.27950194, 34.8910425], [135.27953583, 34.89102583], [135.27975472, 34.89089611], [135.27991195, 34.89081694], [135.28005555, 34.8907325], [135.28019889, 34.89064805], [135.28032194, 34.89054638], [135.28033583, 34.89052388], [135.28042473, 34.89041111], [135.28046556, 34.89029861], [135.28051361, 34.89012361], [135.28052028, 34.8900675], [135.28054777, 34.88996583], [135.28054777, 34.88992667], [135.28056138, 34.88992083], [135.28056138, 34.8898475], [135.28056138, 34.88967278], [135.28055445, 34.88961639], [135.28052028, 34.88952056], [135.28049306, 34.88944167], [135.280445, 34.88934027], [135.28037666, 34.8892725], [135.28032916, 34.88923889], [135.28027416, 34.88919361], [135.28017195, 34.88914861], [135.28010611, 34.8891025], [135.28008972, 34.88902444], [135.28004889, 34.88895722], [135.280035, 34.88893472], [135.2800075, 34.88887833], [135.27993917, 34.88885583], [135.27989139, 34.88885028], [135.27985027, 34.88883333], [135.27978889, 34.88883333], [135.27968611, 34.88883473], [135.27963167, 34.88885028], [135.27960306, 34.88885028], [135.27954944, 34.88885028], [135.27943361, 34.8887825], [135.27935806, 34.88873722], [135.2792625, 34.88873722], [135.27915999, 34.88874306], [135.27894139, 34.88875416], [135.27877695, 34.88877695], [135.27876361, 34.88877695], [135.27872944, 34.88878806], [135.27846944, 34.88881083], [135.27838056, 34.8888275], [135.27825083, 34.88885556], [135.27824389, 34.88885556], [135.27823, 34.88885556], [135.27803194, 34.88894583], [135.27797722, 34.88896278], [135.27792944, 34.88899083], [135.27775167, 34.88906972], [135.27758778, 34.88913167], [135.27753306, 34.88915417], [135.27749889, 34.88917111], [135.27749167, 34.88917111], [135.27744416, 34.889205], [135.27736195, 34.88923889], [135.27712278, 34.88941361], [135.27699306, 34.88945861], [135.27693167, 34.88947556], [135.27690944, 34.88949917], [135.27675, 34.88970666], [135.27643945, 34.88990972], [135.27639833, 34.88994917], [135.27633694, 34.88996028], [135.27631639, 34.88997139], [135.27624112, 34.88998833], [135.27608416, 34.88997722], [135.27597444, 34.88995472], [135.27584472, 34.88994333], [135.27546889, 34.88993778], [135.27541389, 34.88993778], [135.27511305, 34.88989833], [135.27497667, 34.88988695], [135.27488083, 34.88987583], [135.27477139, 34.8898025], [135.274655, 34.88968973], [135.274655, 34.88959944], [135.2746825, 34.88956556], [135.27472333, 34.88954889], [135.274785, 34.88949806], [135.27477139, 34.88945861], [135.27476472, 34.88941361], [135.27476472, 34.88937972], [135.27477139, 34.8892725], [135.27481222, 34.88919361], [135.27481944, 34.88916555], [135.27483973, 34.88912055], [135.27486027, 34.88909222], [135.27486695, 34.88899639], [135.27483973, 34.88884416], [135.27483973, 34.88883306], [135.27481222, 34.88877084], [135.27477805, 34.88871472], [135.27474389, 34.88864139], [135.27472333, 34.88859612], [135.27464167, 34.88851194], [135.27460028, 34.88845555], [135.27449778, 34.88837667], [135.27447055, 34.88835417], [135.27439555, 34.88829222], [135.2743475, 34.88825833], [135.27430666, 34.88822445], [135.27400556, 34.88803278], [135.27395805, 34.88800473], [135.27391, 34.88798223], [135.27384861, 34.8879425], [135.27370473, 34.887875], [135.27363667, 34.8878525], [135.273575, 34.88784694], [135.27354084, 34.88783], [135.27347944, 34.88781306], [135.27343139, 34.88780722], [135.27340417, 34.88779611], [135.27323361, 34.88777361], [135.27318556, 34.88775111], [135.27313778, 34.88773972], [135.27311055, 34.88771167], [135.27311055, 34.88764389], [135.27325527, 34.88754972], [135.27322639, 34.88747195], [135.27309694, 34.88747472], [135.27292973, 34.88746611], [135.27243028, 34.88759139], [135.27224222, 34.88757055], [135.27216694, 34.887565], [135.27203722, 34.88754805], [135.27178417, 34.88753111], [135.27172278, 34.88751972], [135.27168861, 34.88749167], [135.27170556, 34.88743584], [135.27171583, 34.88740139], [135.27173639, 34.88737889], [135.27177056, 34.88733389], [135.27178417, 34.88731139], [135.27181834, 34.88724361], [135.27190055, 34.88711972], [135.27190723, 34.88708028], [135.27188667, 34.88705778], [135.27183889, 34.88706889], [135.27175, 34.88713667], [135.27142861, 34.88738444], [135.27135362, 34.88744667], [135.27133306, 34.88744667], [135.27123056, 34.88747472], [135.27114833, 34.88740139], [135.27108, 34.887255], [135.27101195, 34.88717056], [135.27098444, 34.88714777], [135.27098444, 34.88713667], [135.27094361, 34.88710278], [135.27092973, 34.88710278], [135.27091611, 34.88708584], [135.27086139, 34.88707444], [135.27078611, 34.88704639], [135.27058778, 34.88697862], [135.27054, 34.88697305], [135.27051277, 34.88696167], [135.27047833, 34.88695612], [135.27045806, 34.886945], [135.27038973, 34.88693917], [135.2703625, 34.88692805], [135.27028694, 34.8869], [135.27012972, 34.88688305], [135.27006167, 34.88686028], [135.2700275, 34.88685472], [135.27000667, 34.88684333], [135.26993861, 34.88683778], [135.26991111, 34.88682638], [135.26984973, 34.88680972], [135.26982889, 34.88679278], [135.26967862, 34.88677028], [135.26961056, 34.88674778], [135.26950139, 34.88671388], [135.26943972, 34.88667445], [135.269385, 34.88666306], [135.2692825, 34.88658972], [135.26922111, 34.88652778], [135.26917972, 34.886415], [135.26920055, 34.88639806], [135.26923472, 34.88634194], [135.26924805, 34.88631917], [135.26934417, 34.88622361], [135.26936445, 34.88617278], [135.26937833, 34.88602611], [135.26945972, 34.88595305], [135.26960361, 34.88590223], [135.26973333, 34.88582889], [135.26982889, 34.8857725], [135.26987027, 34.8857725], [135.2698975, 34.885795], [135.26998583, 34.88586944], [135.27008889, 34.88609945], [135.27010251, 34.88612195], [135.27017083, 34.88620667], [135.27018472, 34.88622361], [135.27019806, 34.88622361], [135.27023223, 34.88624028], [135.27029389, 34.88625167], [135.27056055, 34.88624028], [135.27064944, 34.88623472], [135.27071083, 34.88621222], [135.27086139, 34.88616695], [135.27097778, 34.88609945], [135.27105278, 34.88604861], [135.27120305, 34.88595861], [135.27129194, 34.88587944], [135.27133306, 34.88584], [135.27135362, 34.88580639], [135.27142194, 34.88565417], [135.27149027, 34.88554694], [135.27151805, 34.88551833], [135.271545, 34.88549055], [135.27170889, 34.88536111], [135.27172944, 34.88528778], [135.27171583, 34.88525972], [135.27171583, 34.88524278], [135.27170222, 34.88522583], [135.27164055, 34.88515806], [135.27158584, 34.88509056], [135.27153139, 34.88502278], [135.27153139, 34.88496084], [135.27155167, 34.88492694], [135.27168194, 34.88476917], [135.27168194, 34.88471278], [135.27167472, 34.88462805], [135.27166111, 34.88460555], [135.27166111, 34.88458333], [135.2716475, 34.88454945], [135.27162694, 34.88441973], [135.27162028, 34.88423389], [135.27159306, 34.88401417], [135.27157917, 34.88399167], [135.27156556, 34.88389584], [135.27155167, 34.88385639], [135.27149722, 34.88374917], [135.2714425, 34.88369833], [135.27138084, 34.88363639], [135.27125111, 34.88352916], [135.27121666, 34.88347861], [135.27121666, 34.88343916], [135.27124417, 34.88329834], [135.27123056, 34.8832475], [135.27119639, 34.88321944], [135.27105278, 34.88321389], [135.27097778, 34.88323055], [135.27098444, 34.883225], [135.27095027, 34.883225], [135.27086139, 34.88323055], [135.27079444, 34.88324], [135.27071083, 34.88321389], [135.27067666, 34.8832025], [135.27065612, 34.88318555], [135.27058111, 34.88308972], [135.27051972, 34.883005], [135.27047167, 34.8828925], [135.27047167, 34.88286973], [135.27044417, 34.88275723], [135.27039666, 34.88265], [135.27035527, 34.88247527], [135.270335, 34.88243], [135.270335, 34.88240777], [135.27031444, 34.88235139], [135.27031444, 34.88223305], [135.27032111, 34.8820525], [135.270335, 34.88197361], [135.27034861, 34.88195667], [135.27041083, 34.88185888], [135.27037472, 34.88173361], [135.2704375, 34.88165805], [135.27049222, 34.88159028], [135.27056722, 34.88151695], [135.27055361, 34.8814325], [135.27049222, 34.88132528], [135.27050584, 34.88125222], [135.27051972, 34.88122389], [135.27053306, 34.88119], [135.27056722, 34.88107167], [135.27051972, 34.88099278], [135.27054, 34.88095333], [135.27056055, 34.88090833], [135.27060861, 34.88084639], [135.27068361, 34.88077861], [135.27071778, 34.88077305], [135.27071778, 34.88076166], [135.27075167, 34.88075611], [135.2709225, 34.88075611], [135.27109333, 34.88076166], [135.27116861, 34.88072223], [135.27127111, 34.88076166], [135.271285, 34.88076166], [135.27136694, 34.88077861], [135.27140111, 34.88076166], [135.27144222, 34.88075611], [135.27155139, 34.88075611], [135.27159778, 34.88074056], [135.27158916, 34.88066944], [135.27145362, 34.88062972], [135.27140806, 34.88060389], [135.27139417, 34.88059278], [135.27132584, 34.88058694], [135.27123695, 34.88050806], [135.27118944, 34.88046861], [135.27116861, 34.88046861], [135.27105916, 34.88045167], [135.27101833, 34.88042361], [135.2709775, 34.88038389], [135.2709775, 34.88029945], [135.27103194, 34.88013611], [135.27108667, 34.88004055], [135.27109333, 34.87997278], [135.27111389, 34.87988278], [135.27114139, 34.87978139], [135.271155, 34.87971361], [135.27114139, 34.87967416], [135.27112083, 34.87958944], [135.27112083, 34.87951639], [135.27112083, 34.87947111], [135.27114139, 34.87945417], [135.27121639, 34.87942611], [135.27124389, 34.87940361], [135.27136694, 34.87934722], [135.27144889, 34.879285], [135.27144889, 34.87927389], [135.27153778, 34.8792175], [135.27154472, 34.87918945], [135.27154472, 34.87916666], [135.27157889, 34.87896944], [135.27159945, 34.87889611], [135.27163362, 34.87884556], [135.27178861, 34.87874083], [135.27185916, 34.87869334], [135.27190888, 34.87867556], [135.27190166, 34.87861583], [135.27185916, 34.87845639], [135.27187972, 34.87838333], [135.27199583, 34.87820861], [135.27215306, 34.87794917], [135.27216, 34.87792667], [135.27214639, 34.87790417], [135.27212583, 34.87782528], [135.27210528, 34.87781972], [135.27210445, 34.87777305], [135.27216, 34.87767306], [135.27216, 34.87763916], [135.27218055, 34.87755472], [135.27218723, 34.87746444], [135.27216667, 34.87744778], [135.27142167, 34.87701916], [135.27122027, 34.87697722], [135.27107639, 34.87698445], [135.2708375, 34.8769725], [135.27068334, 34.87696278], [135.27033473, 34.87700223], [135.27029361, 34.87697973], [135.2703075, 34.87694583], [135.27036723, 34.87672361], [135.26992084, 34.87648166], [135.26970555, 34.87636528], [135.26967833, 34.87635417], [135.26965111, 34.87633167], [135.26950083, 34.876275], [135.26936389, 34.87642722], [135.26930305, 34.87649694], [135.26916611, 34.87657944], [135.26915916, 34.87660222], [135.26915222, 34.87662472], [135.26910777, 34.87680722], [135.26908611, 34.87692638], [135.26904305, 34.87699111], [135.26901556, 34.87703611], [135.26900166, 34.87708666], [135.26897473, 34.87714889], [135.26896751, 34.87720528], [135.26906333, 34.87735167], [135.26907722, 34.87740806], [135.26908389, 34.87741944], [135.26910445, 34.87745333], [135.26913862, 34.87752639], [135.26916611, 34.87759972], [135.26918639, 34.87762222], [135.26920695, 34.8777125], [135.26920695, 34.87780833], [135.26920695, 34.87819722], [135.26920028, 34.87821972], [135.2691875, 34.87823777], [135.26906333, 34.87829306], [135.26902111, 34.87832111], [135.26896083, 34.87834389], [135.26884722, 34.87839861], [135.26868083, 34.87847638], [135.26855777, 34.87854194], [135.26840722, 34.87861445], [135.26837972, 34.87862555], [135.26833194, 34.87865945], [135.26822472, 34.87875055], [135.26812334, 34.87881027], [135.26810167, 34.87883417], [135.26812695, 34.87889056], [135.26827723, 34.87889056], [135.26836611, 34.878885], [135.26846861, 34.87886806], [135.26860111, 34.87881027], [135.26873861, 34.87874473], [135.26898473, 34.87866111], [135.26917944, 34.8786425], [135.26923444, 34.8786425], [135.26945527, 34.87864139], [135.26954917, 34.87868084], [135.26965833, 34.87868777], [135.26970584, 34.87868777], [135.26979473, 34.87869889], [135.26989056, 34.87875527], [135.27002722, 34.87880862], [135.27009556, 34.87879472], [135.27015028, 34.87877777], [135.2701775, 34.87877777], [135.27028667, 34.87878361], [135.27039222, 34.87883222], [135.27043945, 34.87889806], [135.27042361, 34.87895278], [135.27038167, 34.87907278], [135.27034528, 34.87921583], [135.27033083, 34.87933111], [135.27039611, 34.87945027], [135.27037556, 34.87954444], [135.270355, 34.87958944], [135.27030944, 34.87968667], [135.27020084, 34.87991916], [135.27014306, 34.88001473], [135.26988972, 34.88018916], [135.26983167, 34.88028473], [135.26982445, 34.88041], [135.26975222, 34.88068445], [135.26965833, 34.88095889], [135.26965833, 34.88099861], [135.26964445, 34.88101556], [135.26964445, 34.88104917], [135.26966528, 34.8811575], [135.26962195, 34.88128277], [135.269535, 34.88133028], [135.26900667, 34.88133028], [135.2689775, 34.88139], [135.26892694, 34.88158084], [135.2688925, 34.88163528], [135.26889083, 34.88166444], [135.26887861, 34.88169194], [135.26885833, 34.88171444], [135.26881028, 34.8817875], [135.26872389, 34.88189639], [135.26869528, 34.88193222], [135.26859167, 34.88200167], [135.26853694, 34.88203], [135.26850722, 34.88205167], [135.26823194, 34.88228139], [135.26827723, 34.8822725], [135.26835222, 34.88226889], [135.26841388, 34.88223861], [135.26846195, 34.88222167], [135.26852333, 34.88223305], [135.26857111, 34.88224417], [135.26867389, 34.88230055], [135.26871473, 34.88233445], [135.26876278, 34.88245277], [135.26883278, 34.88266195], [135.26893416, 34.8827375], [135.26899944, 34.88277333], [135.26904305, 34.88278528], [135.26911806, 34.88280778], [135.26917278, 34.88285278], [135.26921361, 34.88295445], [135.26924778, 34.88303888], [135.26926834, 34.88312917], [135.26933667, 34.88328694], [135.26938472, 34.88337139], [135.26944639, 34.88347306], [135.26952834, 34.88356306], [135.2696375, 34.88363639], [135.26968555, 34.88365889], [135.26971306, 34.88368139], [135.26975389, 34.88368722], [135.26980166, 34.88373222], [135.26980861, 34.88374361], [135.26985639, 34.88380555], [135.26989056, 34.88385055], [135.26994528, 34.88387334], [135.27002055, 34.88389584], [135.27008889, 34.88391834], [135.27011639, 34.88392389], [135.27010917, 34.88392945], [135.27015056, 34.88394639], [135.27017083, 34.88394639], [135.27019139, 34.88396334], [135.27023722, 34.88401361], [135.27030083, 34.88403667], [135.27037583, 34.88405361], [135.27054694, 34.88405917], [135.2706425, 34.88408695], [135.27061361, 34.8842775], [135.27060139, 34.88432389], [135.27061528, 34.88440278], [135.27064278, 34.88445916], [135.27065612, 34.88447028], [135.27066305, 34.88450973], [135.27067, 34.88458333], [135.27067862, 34.8846475], [135.27062889, 34.88474667], [135.27062889, 34.88481417], [135.27062889, 34.8848425], [135.27064278, 34.88487639], [135.27064944, 34.88491], [135.27069028, 34.88501722], [135.27071778, 34.88505084], [135.27072944, 34.88512472], [135.27067139, 34.88518444], [135.27060861, 34.88516945], [135.27054694, 34.8851525], [135.27049889, 34.88513], [135.27046472, 34.88510166], [135.27030778, 34.88500028], [135.27027362, 34.88493834], [135.27020528, 34.88489861], [135.27010917, 34.88485944], [135.27006834, 34.88485389], [135.27, 34.88483111], [135.2698975, 34.88480861], [135.26976056, 34.88482], [135.26974722, 34.88483111], [135.26969916, 34.88483111], [135.26960361, 34.884865], [135.26955556, 34.88487639], [135.26952778, 34.88490805], [135.26949167, 34.88497389], [135.26943361, 34.88505722], [135.26937084, 34.88508472], [135.26935055, 34.8851075], [135.26922083, 34.88516945], [135.26912472, 34.88519195], [135.26902278, 34.88520889], [135.26900917, 34.88522], [135.26895611, 34.88523806], [135.26886361, 34.88529834], [135.26886194, 34.88529944], [135.26881139, 34.88534528], [135.26879028, 34.88534972], [135.26876305, 34.88538361], [135.268715, 34.8854625], [135.2686875, 34.88553027], [135.26848555, 34.88580056], [135.268435, 34.88604694], [135.268305, 34.88624028], [135.268175, 34.88639806], [135.26813389, 34.88644333], [135.26799055, 34.88660666], [135.26791389, 34.88680027], [135.26793583, 34.88683222], [135.2680725, 34.88679833], [135.26821611, 34.88678722], [135.26822945, 34.88679833], [135.26824333, 34.88678722], [135.26829806, 34.88679833], [135.26841417, 34.88688305], [135.26879722, 34.88719861], [135.26884472, 34.88722111], [135.26883806, 34.88722667], [135.26888611, 34.88724361], [135.26893361, 34.8872775], [135.26896778, 34.88728306], [135.26904334, 34.88730583], [135.26921389, 34.88731139], [135.26927556, 34.8873], [135.26936445, 34.8872775], [135.26943277, 34.887255], [135.26952166, 34.88724361], [135.26971333, 34.88732278], [135.26985639, 34.88732278], [135.26994528, 34.88733944], [135.26997945, 34.88735639], [135.27, 34.88736194], [135.27006167, 34.88739028], [135.27018472, 34.88748611], [135.27024611, 34.88758195], [135.27027362, 34.887655], [135.27032111, 34.88771722], [135.27034166, 34.88779611], [135.27037583, 34.88786389], [135.27038973, 34.88790306], [135.27041, 34.88793111], [135.27044417, 34.8879875], [135.27048555, 34.888055], [135.27053306, 34.88810583], [135.27058778, 34.88812278], [135.27062195, 34.88814528], [135.27071083, 34.88817333], [135.27083777, 34.88820306], [135.27085472, 34.88829195], [135.27083389, 34.888365], [135.27078, 34.88848361], [135.27065612, 34.88851722], [135.27051223, 34.88860278], [135.27040334, 34.8886075], [135.27012334, 34.8886075], [135.27007528, 34.88862444], [135.26997277, 34.88863555], [135.26991806, 34.88864139], [135.26985666, 34.88865834], [135.269795, 34.88868639], [135.26969945, 34.88872584], [135.26943277, 34.88883306], [135.26911528, 34.88898056], [135.26924805, 34.88901889], [135.26931666, 34.88905833], [135.26935778, 34.88908111], [135.26937833, 34.88910361], [135.26939167, 34.88911472], [135.26939861, 34.88919945], [135.26935417, 34.88929667], [135.26928944, 34.88941917], [135.26926861, 34.88945306], [135.26925528, 34.88948694], [135.26925528, 34.88952056], [135.26923472, 34.88960528], [135.26924584, 34.88973556], [135.26927556, 34.88969528], [135.2692825, 34.88966166], [135.26934417, 34.88954306], [135.26939167, 34.88946417], [135.26946723, 34.88940222], [135.26953556, 34.88935167], [135.26953556, 34.88932889], [135.26954888, 34.88931777], [135.26956973, 34.88923889], [135.26959695, 34.88919361], [135.26959695, 34.88917667], [135.26977472, 34.88903583], [135.26980195, 34.88901333], [135.26984305, 34.88901333], [135.26992612, 34.88897806], [135.27025306, 34.8890075], [135.2703025, 34.88901972], [135.27033861, 34.8890675], [135.27035028, 34.88920527], [135.27035333, 34.88924056], [135.27038305, 34.88936861], [135.27038305, 34.88943611], [135.27041027, 34.88950389], [135.27041027, 34.88952056], [135.27044444, 34.88955444], [135.27048583, 34.88956556], [135.27055389, 34.88956556], [135.27055389, 34.88955444], [135.27054694, 34.88941361], [135.27053306, 34.88931195], [135.27052638, 34.88921055], [135.27056722, 34.88914305], [135.27058778, 34.88910917], [135.27067666, 34.88905833], [135.27073167, 34.88903583], [135.27082055, 34.8890075], [135.27088194, 34.88900195], [135.27095027, 34.88897389], [135.27099111, 34.88896833], [135.27112111, 34.88893445], [135.2711825, 34.88892889], [135.27129194, 34.888895], [135.27136723, 34.88888361], [135.27166806, 34.88888361], [135.27172278, 34.88890056], [135.27175, 34.88890611], [135.2717775, 34.88892306], [135.27179112, 34.88892306], [135.27181834, 34.88894583], [135.27182528, 34.88894583], [135.27184417, 34.88893861], [135.27185944, 34.88899639], [135.27189361, 34.88910361], [135.27192084, 34.88917111], [135.27193472, 34.88923889], [135.271955, 34.8892725], [135.271955, 34.88928945], [135.27197555, 34.88935722], [135.27202361, 34.8894925], [135.27211194, 34.8896325], [135.27216694, 34.88965028], [135.27219889, 34.88959666], [135.27227111, 34.88931639], [135.2723, 34.88928639], [135.27235805, 34.88932222], [135.27236527, 34.88946417], [135.27247389, 34.88995445], [135.27255667, 34.89023639], [135.27261139, 34.89034916], [135.27266611, 34.89046778], [135.27267972, 34.89050138], [135.27270028, 34.89054638], [135.27271389, 34.89057472], [135.27272055, 34.89059167], [135.27274139, 34.89063667], [135.27280278, 34.89080584], [135.27283028, 34.89087917], [135.27285083, 34.89095222], [135.27286444, 34.89107056], [135.27286444, 34.89114973], [135.2728575, 34.89120583], [135.2728575, 34.89133555], [135.27287778, 34.89136389], [135.27287778, 34.891375], [135.27289166, 34.89140889], [135.27295334, 34.89140889], [135.27297389, 34.89138639], [135.27311055, 34.89134111], [135.27321278, 34.89133555], [135.27333584, 34.89137333], [135.27337722, 34.89144277], [135.27342473, 34.89147639], [135.27345888, 34.89152167], [135.27355472, 34.89156111], [135.27375305, 34.89160056], [135.273965, 34.89162306], [135.27403334, 34.89162306], [135.27423139, 34.89161167], [135.27433417, 34.89161167], [135.27438889, 34.89160611], [135.27451889, 34.89158361], [135.27453917, 34.89157806], [135.27459388, 34.89156111], [135.27464861, 34.89155556], [135.27462805, 34.89155], [135.27466917, 34.89155], [135.27470306, 34.89153861], [135.27475083, 34.89151611], [135.27486695, 34.89149333], [135.27494916, 34.89144833], [135.27506556, 34.89139195], [135.27510639, 34.89136945], [135.27518861, 34.89134111], [135.27542083, 34.89120583], [135.27546889, 34.89119473], [135.27558472, 34.89113278], [135.27568083, 34.89109333], [135.27573528, 34.89107056], [135.27583806, 34.89104806], [135.27593361, 34.89105944], [135.27601167, 34.89107223], [135.27608416, 34.8910425], [135.27626166, 34.89096361], [135.27639833, 34.89088472], [135.27663777, 34.8907775], [135.27670611, 34.89076084], [135.27680166, 34.89072694], [135.27687112, 34.89072694], [135.27696667, 34.89072694], [135.27698639, 34.89072694], [135.27705417, 34.89082111], [135.27701806, 34.89098194], [135.276895, 34.89122055], [135.27672833, 34.89150695], [135.2765475, 34.89194833], [135.276475, 34.89213334], [135.2762725, 34.89231833], [135.27616389, 34.8923475], [135.27608055, 34.89249195], [135.27604805, 34.89254473], [135.27602639, 34.89263417], [135.27601167, 34.89275278], [135.27607694, 34.89288555], [135.27613472, 34.89300583], [135.27614223, 34.89314472], [135.27629611, 34.89343778], [135.27630944, 34.8934775], [135.27631639, 34.89348861], [135.27640528, 34.89362389], [135.27640528, 34.89362972], [135.2764325, 34.89365195], [135.27648722, 34.89371972], [135.27657722, 34.89379223], [135.27667194, 34.89380972], [135.27683583, 34.8938325], [135.27698389, 34.89384806], [135.27712278, 34.89390584], [135.27719139, 34.89393389], [135.27745806, 34.89400306], [135.27769056, 34.89402416], [135.27784083, 34.89404666], [135.27797083, 34.89405806], [135.27809389, 34.89406361], [135.27830111, 34.89407751], [135.27835389, 34.89412722], [135.27840805, 34.89423833], [135.27844222, 34.89423833], [135.2784875, 34.89422222], [135.27859945, 34.89417083], [135.27869555, 34.89417083], [135.27891445, 34.89427528], [135.27909167, 34.89437917], [135.27918777, 34.89442444], [135.27933083, 34.89448639], [135.27946055, 34.89453694], [135.27966583, 34.89463834], [135.2797, 34.89465527], [135.27973416, 34.89466667], [135.27984361, 34.89472861], [135.27989139, 34.89474556], [135.27993917, 34.89479056], [135.27996389, 34.89483416], [135.27993472, 34.89488778], [135.27982917, 34.89494612], [135.27964528, 34.89507889], [135.27961111, 34.89511195], [135.27965222, 34.89514028], [135.27970306, 34.89514445], [135.27976111, 34.89512055], [135.27979556, 34.89510083], [135.27994611, 34.89506111], [135.28001445, 34.89505555], [135.28009639, 34.89503861], [135.28019889, 34.8950275], [135.28032916, 34.89505], [135.28045222, 34.89508389], [135.28065028, 34.89508945], [135.28075278, 34.89513472], [135.28082111, 34.89521333], [135.28082973, 34.89522028], [135.28088778, 34.89530973], [135.28097473, 34.89550056], [135.28101806, 34.89560194], [135.2810325, 34.89573333], [135.28097473, 34.89595389], [135.28094417, 34.89603639], [135.28097834, 34.89606472], [135.28101944, 34.89605334], [135.28104667, 34.89604778], [135.28104722, 34.8960475], [135.28109472, 34.896025], [135.28122805, 34.89597194], [135.28132916, 34.89597778], [135.28140223, 34.89601944], [135.2814775, 34.89608167], [135.28162111, 34.89622806], [135.28171667, 34.89633528], [135.28173695, 34.89634083], [135.28173028, 34.89634639], [135.28175083, 34.89636333], [135.2818125, 34.89643083], [135.28195916, 34.89658556], [135.28197361, 34.89671694], [135.28193722, 34.89681834], [135.28187945, 34.89687806], [135.28181416, 34.89700333], [135.28176361, 34.89718805], [135.28173472, 34.89728362], [135.28165528, 34.89740611], [135.28147417, 34.89757777], [135.28138722, 34.89767305], [135.28132194, 34.89777445], [135.28119889, 34.89815778], [135.28106028, 34.89852194], [135.28099639, 34.89868278], [135.28092389, 34.89876028], [135.28075278, 34.89895028], [135.28075778, 34.89896722], [135.28073917, 34.89902917], [135.28072889, 34.89911639], [135.28066389, 34.89933111], [135.28024028, 34.89985222], [135.28010361, 34.90006083], [135.28010361, 34.90025223], [135.28014473, 34.90037639], [135.28020639, 34.90050056], [135.28026778, 34.9006075], [135.28033834, 34.90071528], [135.28033112, 34.9008525], [135.28031667, 34.90088805], [135.28032222, 34.9009175], [135.28035667, 34.90099638], [135.28037028, 34.90100778], [135.28037028, 34.90101917], [135.2803975, 34.90106972], [135.28049333, 34.9011825], [135.28056167, 34.901295], [135.28063, 34.90139639], [135.28069306, 34.90154417], [135.28075305, 34.90158806], [135.28081445, 34.901605], [135.28093083, 34.90169528], [135.280965, 34.90174028], [135.28106889, 34.90183639], [135.28113417, 34.90195583], [135.28118361, 34.90210667], [135.28118361, 34.90213472], [135.2811975, 34.90219111], [135.28123167, 34.90230389], [135.28126583, 34.90238861], [135.2813, 34.90247861], [135.28133417, 34.90254639], [135.28139555, 34.90267611], [135.28150333, 34.90281834], [135.28157555, 34.90288223], [135.2816075, 34.90299139], [135.2816075, 34.90299722], [135.281635, 34.90300834], [135.28175666, 34.90307056], [135.28191556, 34.90321973], [135.28195611, 34.90325639], [135.28197639, 34.90324528], [135.28199028, 34.90323972], [135.28211833, 34.90319], [135.28222695, 34.90319222], [135.2824325, 34.90326917], [135.2824375, 34.90327111], [135.28263278, 34.90338611], [135.28285167, 34.90348777], [135.28300889, 34.90356639], [135.28307389, 34.90360861], [135.28318973, 34.90391888], [135.28332722, 34.90380555], [135.28340667, 34.90373389], [135.2835225, 34.90371611], [135.28375389, 34.90373556], [135.28403417, 34.9037975], [135.28416389, 34.90381444], [135.2843075, 34.90382583], [135.28448528, 34.90383528], [135.28455777, 34.90386528], [135.28467667, 34.90402305], [135.28475611, 34.90408639], [135.28479972, 34.90414722], [135.28483389, 34.90417528], [135.28484639, 34.90424139], [135.28482389, 34.90434694], [135.28476555, 34.90435], [135.28473139, 34.90435556], [135.28457444, 34.90433306], [135.2844375, 34.9042825], [135.28438278, 34.90427667], [135.28428028, 34.90425417], [135.28419806, 34.90424861], [135.28412306, 34.90422583], [135.28408222, 34.90422583], [135.28403417, 34.90422583], [135.28386333, 34.9042825], [135.28383389, 34.90431862], [135.2837975, 34.90436639], [135.28372639, 34.90442889], [135.28352972, 34.90468417], [135.28346695, 34.90471638], [135.28337055, 34.90476944], [135.28332333, 34.90475583], [135.28318666, 34.90469388], [135.28283778, 34.90452472], [135.28279694, 34.90454166], [135.28264666, 34.904645], [135.28233195, 34.90482444], [135.2820825, 34.904915], [135.28202472, 34.90503778], [135.28196306, 34.90511667], [135.28187417, 34.90519556], [135.28163361, 34.90535638], [135.28125222, 34.90549972], [135.2809375, 34.90557861], [135.28021305, 34.90578139], [135.28000028, 34.9058775], [135.27978917, 34.90593361], [135.27932694, 34.90606861], [135.2790375, 34.90619389], [135.27893611, 34.90624139], [135.2787625, 34.90630722], [135.27863222, 34.90640862], [135.27829944, 34.90659945], [135.27827917, 34.90660945], [135.27799556, 34.90674833], [135.27771306, 34.90687945], [135.27753362, 34.90699861], [135.27747194, 34.90707194], [135.27743083, 34.90719055], [135.27742417, 34.90724111], [135.27741056, 34.90730889], [135.27741056, 34.9073425], [135.27719167, 34.90752277], [135.2771575, 34.90759056], [135.27713027, 34.90773723], [135.27710973, 34.90779916], [135.27698667, 34.90801333], [135.27696611, 34.90803583]], [[135.27716417, 34.89060862], [135.27717389, 34.89058], [135.27721167, 34.89046778], [135.27723916, 34.89042806], [135.27731444, 34.89041111], [135.27733473, 34.89043388], [135.27734444, 34.89045473], [135.27735806, 34.89048333], [135.2773075, 34.89056083], [135.27723223, 34.89063834], [135.27717084, 34.89063112], [135.27716417, 34.89060862]], [[135.27751277, 34.89032666], [135.27758083, 34.89024194], [135.27770361, 34.89016889], [135.27790888, 34.89009], [135.27800944, 34.89007167], [135.27803389, 34.89008861], [135.27805277, 34.89010166], [135.27803111, 34.89015528], [135.27798028, 34.89020306], [135.27781389, 34.89028778], [135.2776425, 34.890355], [135.2775675, 34.89036611], [135.27751945, 34.89036056], [135.27751361, 34.89033167], [135.27751277, 34.89032666]]]}}, {"type": "Feature", "id": "lakes-433", "properties": {"W09_001": "金仙寺湖", "W09_002": "28204", "W09_003": "", "W09_004": "", "name": "金仙寺湖", "edition": "2005", "kind": "lakes", "sourceUrl": "https://nlftp.mlit.go.jp/ksj/gml/datalist/KsjTmplt-W09-v2_2.html"}, "geometry": {"type": "Polygon", "coordinates": [[[135.26237944, 34.82149389], [135.26258194, 34.82149389], [135.26281333, 34.82151778], [135.26298694, 34.8215475], [135.26324, 34.8215475], [135.26344972, 34.82149973], [135.26305916, 34.82146416], [135.26287111, 34.82142833], [135.26251695, 34.82136861], [135.26233611, 34.82135667], [135.26152611, 34.82142223], [135.26147556, 34.82141639], [135.26146833, 34.82136861], [135.26149722, 34.82130889], [135.26149, 34.82127306], [135.26141056, 34.82125528], [135.26123722, 34.82125528], [135.26115749, 34.82123722], [135.26088277, 34.82121361], [135.26075278, 34.82123139], [135.26065861, 34.82126722], [135.26053584, 34.82136861], [135.26041278, 34.82140445], [135.26023194, 34.82142833], [135.26010195, 34.82146416], [135.25996444, 34.82152361], [135.25977639, 34.82169083], [135.259415, 34.82197111], [135.25919084, 34.82217972], [135.258945, 34.82232889], [135.2587425, 34.82244222], [135.25790361, 34.822815], [135.25731806, 34.82302973], [135.25694944, 34.82311333], [135.25668167, 34.82314889], [135.25650833, 34.82313111], [135.25637083, 34.82308333], [135.256255, 34.823], [135.25618278, 34.82292222], [135.25616111, 34.82283889], [135.256125, 34.82267167], [135.25606722, 34.82248695], [135.25600917, 34.82231972], [135.2559875, 34.822135], [135.2559875, 34.82195027], [135.2559875, 34.82179805], [135.25596583, 34.821655], [135.25593694, 34.82142833], [135.25591527, 34.82114194], [135.25591527, 34.82095695], [135.25590972, 34.82070417], [135.25590083, 34.82030084], [135.25587194, 34.81981195], [135.25574166, 34.81981195], [135.25566222, 34.81980584], [135.2555825, 34.81975833], [135.25557528, 34.81971056], [135.25557528, 34.81959722], [135.25554667, 34.81952555], [135.255525, 34.81946583], [135.25553222, 34.81938833], [135.25558278, 34.81932862], [135.25572722, 34.819275], [135.25580667, 34.81925111], [135.25586472, 34.81922138], [135.25590805, 34.81916167], [135.25599473, 34.81906027], [135.25608166, 34.81900362], [135.25611055, 34.81895], [135.25616833, 34.81890222], [135.25626972, 34.81881861], [135.25635638, 34.81877695], [135.25642861, 34.81879472], [135.25653, 34.81880083], [135.25658777, 34.81878278], [135.25661667, 34.81874694], [135.25659501, 34.81869945], [135.25642139, 34.81861584], [135.25637083, 34.81855611], [135.25634916, 34.81847278], [135.25634916, 34.81821612], [135.25637083, 34.81815056], [135.25642861, 34.81809694], [135.25654444, 34.81804917], [135.25663111, 34.81798945], [135.25670333, 34.81791195], [135.25672528, 34.81785833], [135.25668167, 34.81784639], [135.25657333, 34.81789389], [135.2564575, 34.81796555], [135.25630583, 34.81803722], [135.25618278, 34.81807306], [135.25613944, 34.81809083], [135.256125, 34.81814444], [135.25613944, 34.81819834], [135.25616833, 34.81832361], [135.25616833, 34.81845473], [135.25613944, 34.81857416], [135.25604555, 34.81871139], [135.2558575, 34.81889611], [135.2555975, 34.81907805], [135.25545277, 34.81914389], [135.25530084, 34.81923916], [135.25521416, 34.81933472], [135.25512722, 34.81941806], [135.25504778, 34.81962694], [135.25499722, 34.8198], [135.25499, 34.81994278], [135.25499, 34.82013972], [135.25500444, 34.82033056], [135.25496833, 34.82062889], [135.25494666, 34.82079], [135.25491028, 34.82086167], [135.2547875, 34.82101667], [135.25475139, 34.82111222], [135.25474416, 34.82120167], [135.25475139, 34.821315], [135.25477305, 34.82144028], [135.25477305, 34.82157139], [135.25475139, 34.82176833], [135.25470805, 34.82194416], [135.25466445, 34.8220275], [135.25464278, 34.82214695], [135.25465, 34.82225417], [135.25468611, 34.8223675], [135.25470056, 34.82245694], [135.25469334, 34.8225525], [135.25467889, 34.8227075], [135.25465, 34.82283278], [135.25465694, 34.82294028], [135.25466416, 34.82302973], [135.25470027, 34.82310139], [135.25475111, 34.82317889], [135.25475111, 34.82326222], [135.25472222, 34.82334], [135.25467861, 34.82340555], [135.25449833, 34.82350695], [135.25441138, 34.82358445], [135.25437527, 34.82368], [135.25435361, 34.82384111], [135.25423778, 34.8242225], [135.25420889, 34.82435361], [135.25415111, 34.82480112], [135.25415083, 34.82496805], [135.25417972, 34.82506972], [135.25430278, 34.82520666], [135.25443278, 34.82532027], [135.25445444, 34.82537972], [135.25444722, 34.82543361], [135.25448361, 34.82549305], [135.25455583, 34.82555888], [135.25461361, 34.82558862], [135.25470778, 34.82559444], [135.25480889, 34.82560639], [135.25490861, 34.82563694], [135.25500417, 34.82566611], [135.25530777, 34.82577945], [135.25563333, 34.82600611], [135.25584305, 34.82625667], [135.2559875, 34.82640583], [135.25600195, 34.826495], [135.25619694, 34.82650223], [135.2563925, 34.82650695], [135.25647195, 34.82628667], [135.25647195, 34.82609556], [135.25643584, 34.82592861], [135.25637805, 34.8257675], [135.25616111, 34.82555888], [135.25595861, 34.8254275], [135.25580667, 34.82532027], [135.25579223, 34.82528445], [135.25582861, 34.82526056], [135.25590083, 34.82525444], [135.25616833, 34.82526056], [135.25648667, 34.82523056], [135.25668889, 34.825195], [135.25678305, 34.82512917], [135.2569275, 34.82504583], [135.25705778, 34.82500389], [135.25726, 34.82499805], [135.25742639, 34.82501583], [135.25751305, 34.82503973], [135.2575925, 34.82511722], [135.25764333, 34.82512917], [135.25773001, 34.82509944], [135.25777334, 34.82503973], [135.25780945, 34.82495639], [135.2578675, 34.8249025], [135.25796139, 34.82486666], [135.25801195, 34.82486083], [135.25811333, 34.82487278], [135.25819278, 34.82486083], [135.25830139, 34.82477139], [135.2583375, 34.82469972], [135.25839528, 34.82464], [135.258605, 34.82447305], [135.25865556, 34.8244075], [135.25868445, 34.82436556], [135.25867722, 34.82430611], [135.25867, 34.82422278], [135.25868445, 34.82413334], [135.25872805, 34.82406778], [135.25881473, 34.82399], [135.25885806, 34.82389778], [135.25896666, 34.82377833], [135.25903167, 34.82373055], [135.25912556, 34.82369472], [135.25920528, 34.82370083], [135.25935694, 34.82371861], [135.25949445, 34.82373055], [135.25958833, 34.82372473], [135.25963917, 34.82371277], [135.25966084, 34.823665], [135.25968972, 34.82359334], [135.25976194, 34.82353389], [135.25984889, 34.82352194], [135.26000778, 34.82351584], [135.2600875, 34.82349194], [135.26013806, 34.82346222], [135.26019583, 34.8234025], [135.260355, 34.82321167], [135.26045611, 34.82312222], [135.26046333, 34.82308639], [135.26045611, 34.82300888], [135.260485, 34.82296695], [135.26077445, 34.82266889], [135.26097667, 34.82253166], [135.26117917, 34.82234083], [135.26145389, 34.82210833], [135.2616925, 34.82185167], [135.2616925, 34.82173834], [135.26172139, 34.82171473], [135.26193111, 34.82160111], [135.26208306, 34.82155362], [135.26218888, 34.82153222], [135.26237944, 34.82149389]]]}}, {"type": "Feature", "id": "lakes-434", "properties": {"W09_001": "平荘湖", "W09_002": "28210", "W09_003": "0", "W09_004": "30", "name": "平荘湖", "edition": "2005", "kind": "lakes", "sourceUrl": "https://nlftp.mlit.go.jp/ksj/gml/datalist/KsjTmplt-W09-v2_2.html"}, "geometry": {"type": "Polygon", "coordinates": [[[134.84244584, 34.79917778], [134.84265278, 34.79913305], [134.84289056, 34.79902333], [134.8430725, 34.79885888], [134.84324639, 34.79860611], [134.84334389, 34.79849472], [134.8435625, 34.79835945], [134.84383556, 34.79824111], [134.84402, 34.79815084], [134.84412194, 34.79807194], [134.84432695, 34.79793667], [134.84449084, 34.79786333], [134.84487334, 34.7977225], [134.84504389, 34.79755889], [134.84508528, 34.79746889], [134.84502361, 34.79729972], [134.84503722, 34.79720945], [134.84507139, 34.79715889], [134.84513361, 34.7971425], [134.84527527, 34.79713445], [134.84541278, 34.79718139], [134.84550833, 34.79722084], [134.84570667, 34.79723195], [134.84582278, 34.797215], [134.846, 34.79718139], [134.84607528, 34.79713055], [134.84609556, 34.79708], [134.84607528, 34.79702917], [134.84596611, 34.79687695], [134.8457475, 34.79674166], [134.84548416, 34.79616972], [134.845275, 34.79612055], [134.845275, 34.79594195], [134.84524889, 34.79575556], [134.84543528, 34.79567888], [134.84542667, 34.79549055], [134.84544028, 34.7954625], [134.84556306, 34.79530472], [134.84578833, 34.79509056], [134.84610944, 34.79484805], [134.84625972, 34.79478055], [134.84635528, 34.79476917], [134.8464375, 34.7947975], [134.84652584, 34.79480305], [134.8465875, 34.79479194], [134.84662194, 34.794775], [134.84674472, 34.79462833], [134.84689473, 34.7945775], [134.84702472, 34.79454388], [134.84742056, 34.79454388], [134.84752306, 34.7945775], [134.84765944, 34.79465667], [134.84769361, 34.79471278], [134.84769361, 34.79484805], [134.84765944, 34.79491028], [134.84759806, 34.79493834], [134.84748889, 34.79500028], [134.84750222, 34.79502861], [134.84757055, 34.7950625], [134.84778223, 34.79507361], [134.84789167, 34.79505667], [134.84801472, 34.79498334], [134.84818527, 34.79497222], [134.84839028, 34.79501722], [134.84859444, 34.79510972], [134.84867778, 34.79519277], [134.848725, 34.79531611], [134.84874777, 34.79549611], [134.848725, 34.79566527], [134.84871139, 34.79567667], [134.84866333, 34.79575], [134.84860194, 34.795795], [134.84842444, 34.79583444], [134.84838333, 34.79585723], [134.84832889, 34.79590778], [134.84832194, 34.79594723], [134.84828778, 34.79596416], [134.84755694, 34.79624], [134.84732528, 34.79635916], [134.84724417, 34.79642361], [134.84705444, 34.79659], [134.84695639, 34.79665694], [134.84683917, 34.79671334], [134.84652223, 34.79686639], [134.84642167, 34.79695305], [134.84641, 34.79701778], [134.84647528, 34.79705556], [134.84680028, 34.79716334], [134.84712666, 34.79729417], [134.84759806, 34.79753083], [134.84793612, 34.79770222], [134.84819583, 34.79780666], [134.84845166, 34.79793083], [134.84871861, 34.79807472], [134.84878639, 34.79811139], [134.84887639, 34.79814], [134.849045, 34.79814], [134.84959222, 34.7981675], [134.84976361, 34.79820527], [134.85006333, 34.79820139], [134.85011111, 34.79821834], [134.85015889, 34.79824111], [134.85034306, 34.79829139], [134.85058917, 34.79824111], [134.85131305, 34.79807194], [134.85147, 34.79807194], [134.8515725, 34.79804361], [134.85200972, 34.79798167], [134.85250139, 34.79797611], [134.85280195, 34.79795917], [134.85343667, 34.79791389], [134.85383278, 34.79782389], [134.85422027, 34.79774972], [134.85436556, 34.79754778], [134.85640722, 34.79500028], [134.85673528, 34.7945775], [134.85707667, 34.79408722], [134.85717222, 34.79397445], [134.85726111, 34.79385611], [134.85742472, 34.79363667], [134.85745888, 34.79360278], [134.85754111, 34.79349], [134.85768444, 34.79329834], [134.8578075, 34.79312362], [134.85795056, 34.79285861], [134.85797805, 34.79279695], [134.85798139, 34.792705], [134.8579575, 34.79263334], [134.85792333, 34.7925825], [134.85778695, 34.79227833], [134.85778695, 34.79203028], [134.85781416, 34.79186694], [134.85782084, 34.7916525], [134.85776139, 34.79148278], [134.85768916, 34.79139028], [134.85747556, 34.79133361], [134.85712417, 34.79130889], [134.85304083, 34.79104389], [134.85226417, 34.79099278], [134.85226222, 34.79099305], [134.85224417, 34.79099305], [134.85211861, 34.79099305], [134.85209166, 34.79100444], [134.85203695, 34.79106084], [134.85203028, 34.79110584], [134.85184583, 34.79139889], [134.85174305, 34.79151722], [134.85162694, 34.79157945], [134.85157944, 34.791585], [134.85150223, 34.79158667], [134.851395, 34.7915625], [134.85136083, 34.79152861], [134.85133361, 34.79151722], [134.85132666, 34.79149472], [134.85125834, 34.79143833], [134.85120389, 34.79140444], [134.85106028, 34.79139333], [134.85099222, 34.79138778], [134.85085222, 34.79132723], [134.85070555, 34.79130417], [134.85055166, 34.79133861], [134.85046639, 34.79137083], [134.84973583, 34.79182722], [134.84963333, 34.7918725], [134.84945583, 34.79187806], [134.84937362, 34.79186694], [134.84929167, 34.79183306], [134.84912777, 34.79175417], [134.84897083, 34.79162445], [134.84898417, 34.79161889], [134.84892278, 34.7915625], [134.84871139, 34.79111166], [134.84868417, 34.79086361], [134.84876583, 34.79038473], [134.84876583, 34.79030028], [134.84879306, 34.79008027], [134.84884111, 34.78979278], [134.84884111, 34.78972528], [134.84882723, 34.7896575], [134.84877972, 34.78955611], [134.84870444, 34.78944334], [134.84863611, 34.78940944], [134.84858138, 34.78943222], [134.84822639, 34.78968], [134.84790527, 34.789945], [134.84774833, 34.79003527], [134.84774833, 34.79004667], [134.84742778, 34.79022111], [134.84737972, 34.79022694], [134.84733194, 34.79024944], [134.84721583, 34.79031139], [134.84690195, 34.79043], [134.8463075, 34.79070611], [134.84609556, 34.79078472], [134.84587056, 34.79081278], [134.8455425, 34.79079028], [134.84533778, 34.79082972], [134.84525584, 34.79088611], [134.84512612, 34.79105528], [134.84502361, 34.79124666], [134.84475055, 34.79183306], [134.84460695, 34.7921825], [134.84447084, 34.79259944], [134.84436805, 34.79294917], [134.84412917, 34.79334917], [134.84404222, 34.79342084], [134.84404056, 34.79342222], [134.84402667, 34.79344472], [134.84376028, 34.79369833], [134.84369889, 34.79372667], [134.84352833, 34.79383361], [134.84308694, 34.79399555], [134.84277861, 34.79407695], [134.842695, 34.79410417], [134.84255166, 34.79449306], [134.84251083, 34.79465667], [134.84245611, 34.79483112], [134.84238111, 34.79504556], [134.84240138, 34.795085], [134.84241555, 34.79513028], [134.84246278, 34.79528222], [134.84249, 34.79531028], [134.84266111, 34.79546834], [134.84270194, 34.79555277], [134.84276334, 34.79586833], [134.84276472, 34.79621166], [134.84274972, 34.79647111], [134.84266111, 34.79668528], [134.84254, 34.79683638], [134.84242194, 34.79692778], [134.84224194, 34.79707806], [134.84206667, 34.79717584], [134.84190972, 34.79727555], [134.84169111, 34.79736167], [134.84123334, 34.79762666], [134.84094694, 34.79771111], [134.84087167, 34.79777305], [134.84085139, 34.79781833], [134.84107, 34.79829722], [134.8412675, 34.79866917], [134.84144528, 34.79891722], [134.8415475, 34.79901277], [134.84164333, 34.79906361], [134.84172528, 34.79906917], [134.84178, 34.79905806], [134.84186084, 34.79900417], [134.8419575, 34.79897889], [134.84203917, 34.79901277], [134.84216056, 34.79914084], [134.84222583, 34.79918139], [134.84231722, 34.79919889], [134.84239222, 34.79919306], [134.84244584, 34.79917778]]]}}, {"type": "Feature", "id": "lakes-435", "properties": {"W09_001": "千丈寺湖", "W09_002": "28219", "W09_003": "", "W09_004": "", "name": "千丈寺湖", "edition": "2005", "kind": "lakes", "sourceUrl": "https://nlftp.mlit.go.jp/ksj/gml/datalist/KsjTmplt-W09-v2_2.html"}, "geometry": {"type": "Polygon", "coordinates": [[[135.20629111, 34.95333667], [135.20633222, 34.953365], [135.20642139, 34.9533875], [135.20648972, 34.95339306], [135.20651722, 34.95338167], [135.20662639, 34.95322972], [135.206695, 34.95320139], [135.20681833, 34.95318444], [135.20694833, 34.95319], [135.20703, 34.95317305], [135.20708361, 34.95304556], [135.20718973, 34.95273333], [135.20726973, 34.95258139], [135.20733139, 34.95242361], [135.20738611, 34.95230528], [135.20744084, 34.95217027], [135.20754334, 34.95193333], [135.20768722, 34.95168527], [135.20774194, 34.95156694], [135.20780583, 34.95146833], [135.20783555, 34.95141527], [135.20782389, 34.95135305], [135.20765444, 34.95121861], [135.20763917, 34.95120638], [135.20753667, 34.95113861], [135.20748194, 34.9510825], [135.20741361, 34.95103722], [135.20731778, 34.95100916], [135.20723556, 34.95102028], [135.20707611, 34.95103028], [135.20701666, 34.95102584], [135.20687972, 34.95096972], [135.20675667, 34.95095278], [135.20666778, 34.95091334], [135.20662639, 34.95085694], [135.20662639, 34.95063139], [135.20664028, 34.95054139], [135.20672917, 34.95041166], [135.20680445, 34.95033833], [135.206825, 34.95030473], [135.20688667, 34.95022556], [135.20690694, 34.95000584], [135.20691806, 34.9499025], [135.20702223, 34.94980028], [135.20714638, 34.94967889], [135.207215, 34.9495775], [135.20730388, 34.94948166], [135.20748194, 34.94944778], [135.20753, 34.94942528], [135.20761195, 34.94940834], [135.20768056, 34.94930694], [135.20774194, 34.94927862], [135.20787917, 34.94932806], [135.2079425, 34.94926305], [135.20796444, 34.94901861], [135.207925, 34.94890222], [135.20787889, 34.94876583], [135.20778972, 34.94860278], [135.20776916, 34.94850111], [135.20778972, 34.94845611], [135.20784472, 34.94841667], [135.20789944, 34.94838277], [135.20801555, 34.94836584], [135.20805, 34.94837722], [135.20830306, 34.94849556], [135.20848778, 34.94849556], [135.20872028, 34.94849556], [135.20892583, 34.94854056], [135.20914473, 34.94854639], [135.20935, 34.94852361], [135.20946639, 34.94850111], [135.20976056, 34.94843917], [135.21000695, 34.94842806], [135.21010944, 34.94843917], [135.2101575, 34.94846194], [135.21024639, 34.94854639], [135.21050639, 34.94872083], [135.21066528, 34.94879639], [135.21094472, 34.94857361], [135.2114025, 34.94820805], [135.21145722, 34.94788111], [135.21140945, 34.94763889], [135.21138223, 34.94757112], [135.21104722, 34.94746972], [135.21095805, 34.94740778], [135.21085555, 34.94730056], [135.21089667, 34.94721611], [135.21121805, 34.94681583], [135.21138889, 34.9466525], [135.21159444, 34.94664111], [135.21178583, 34.94659611], [135.211875, 34.94647223], [135.21186112, 34.94638194], [135.21186112, 34.94620167], [135.211875, 34.94615084], [135.21188166, 34.94600417], [135.21177917, 34.94585778], [135.21175833, 34.94570556], [135.21171944, 34.94564], [135.21163611, 34.94560889], [135.21155334, 34.94555916], [135.21151917, 34.94553666], [135.21141667, 34.94521528], [135.21133444, 34.94514195], [135.21111555, 34.94506889], [135.21104028, 34.94501278], [135.21101972, 34.94492223], [135.21101305, 34.94471944], [135.21103333, 34.94456167], [135.21108139, 34.94447167], [135.21126445, 34.94438139], [135.21147695, 34.94429223], [135.21142333, 34.94406], [135.21140972, 34.94403194], [135.21118111, 34.9440425], [135.21080084, 34.94404889], [135.21060222, 34.9440375], [135.21047584, 34.94402167], [135.2104175, 34.94398111], [135.21039027, 34.94395306], [135.21032861, 34.94389666], [135.21028056, 34.94381222], [135.21020555, 34.94364862], [135.21013694, 34.94342888], [135.21008222, 34.94336666], [135.210055, 34.94330473], [135.210055, 34.94323723], [135.21025333, 34.94300056], [135.21032861, 34.94292139], [135.21039695, 34.94281445], [135.21008139, 34.94208917], [135.20993861, 34.94204778], [135.20983611, 34.94195778], [135.20979472, 34.94187306], [135.20970583, 34.94169278], [135.20965139, 34.94149556], [135.2095825, 34.94128139], [135.2095825, 34.94115195], [135.20954833, 34.9411125], [135.20945278, 34.94095473], [135.20939139, 34.94075194], [135.20936389, 34.94058277], [135.20941861, 34.94044167], [135.20939805, 34.94043611], [135.20941195, 34.94037972], [135.20941195, 34.94031222], [135.20937778, 34.94026139], [135.20924083, 34.94014306], [135.20921333, 34.94009806], [135.20920666, 34.93997972], [135.20922056, 34.93993444], [135.20932306, 34.939805], [135.20937056, 34.93974278], [135.20935722, 34.93953445], [135.20931611, 34.93945555], [135.2092475, 34.93944416], [135.209145, 34.93939333], [135.20905611, 34.93932583], [135.20900833, 34.93924694], [135.20899445, 34.93912861], [135.20893278, 34.93876222], [135.20894667, 34.93862139], [135.20897416, 34.93851972], [135.2090425, 34.93847472], [135.20925472, 34.93845222], [135.20932972, 34.93844084], [135.20932306, 34.93824362], [135.20930223, 34.93824362], [135.2092475, 34.93822112], [135.20915166, 34.93814778], [135.209015, 34.93800111], [135.20896028, 34.93791666], [135.20893972, 34.93779833], [135.20893278, 34.93770833], [135.20900833, 34.93744889], [135.20906972, 34.937235], [135.20913139, 34.93710528], [135.20916556, 34.93695861], [135.20919305, 34.93666], [135.20921333, 34.936615], [135.20925472, 34.93643445], [135.20931555, 34.93637167], [135.20937611, 34.93634667], [135.20940528, 34.936305], [135.20941861, 34.93625445], [135.20945973, 34.93611334], [135.20952139, 34.93606834], [135.20956945, 34.93605139], [135.20969472, 34.93605944], [135.20982361, 34.93616556], [135.20991472, 34.93620945], [135.2099525, 34.93618084], [135.21001389, 34.93615278], [135.21008944, 34.93610222], [135.21015111, 34.93609639], [135.21020584, 34.93607389], [135.21027416, 34.93609639], [135.2103775, 34.93615306], [135.21047611, 34.93625917], [135.21054806, 34.93641195], [135.21057528, 34.93647972], [135.21062, 34.93664639], [135.21059722, 34.93679], [135.21057528, 34.93694194], [135.21058222, 34.93702083], [135.2106125, 34.93720223], [135.21069583, 34.93736417], [135.21073278, 34.93747139], [135.21079416, 34.93753917], [135.21086945, 34.93759556], [135.21123861, 34.93739805], [135.21123195, 34.93732527], [135.21121111, 34.93720111], [135.21120444, 34.93706583], [135.211225, 34.93693056], [135.2112525, 34.93688556], [135.211355, 34.93674472], [135.21144416, 34.9366825], [135.211485, 34.9366375], [135.21153305, 34.93659805], [135.21156027, 34.93651527], [135.21146445, 34.93641778], [135.2114375, 34.93634445], [135.21145778, 34.9363275], [135.2115125, 34.936305], [135.21160805, 34.93629361], [135.21164917, 34.93627666], [135.21171084, 34.93619222], [135.21171777, 34.93598944], [135.21184083, 34.93591611], [135.21195694, 34.93588778], [135.21206667, 34.93588222], [135.21217639, 34.93590472], [135.21230361, 34.93604694], [135.21233362, 34.93608528], [135.21250083, 34.93609084], [135.21261416, 34.93613584], [135.21267584, 34.93624861], [135.21271667, 34.93631056], [135.21287417, 34.93637278], [135.21290278, 34.93643416], [135.21284, 34.93658667], [135.21282639, 34.93664334], [135.21286056, 34.93667694], [135.2129425, 34.93666], [135.21303139, 34.93657555], [135.21317528, 34.93648528], [135.21318889, 34.93644583], [135.21320945, 34.93641195], [135.21319584, 34.936305], [135.21322333, 34.93619778], [135.2133125, 34.93616556], [135.21341473, 34.93613584], [135.21353806, 34.93611916], [135.21372278, 34.93607944], [135.21383194, 34.93603444], [135.21388694, 34.93598944], [135.21401778, 34.93594694], [135.21412639, 34.93595], [135.21426055, 34.93602194], [135.21437278, 34.93594417], [135.21437945, 34.93592167], [135.214455, 34.93584861], [135.21453694, 34.93579778], [135.21459861, 34.93579195], [135.21468083, 34.93579195], [135.21476306, 34.93578083], [135.2148175, 34.93578639], [135.21491334, 34.93576945], [135.21494056, 34.93574695], [135.21498861, 34.9357075], [135.21497472, 34.93563973], [135.21497472, 34.93554973], [135.21492695, 34.93536361], [135.21489278, 34.93520584], [135.21487222, 34.93514945], [135.21490639, 34.93512695], [135.21503611, 34.93505639], [135.21569362, 34.93503695], [135.21576417, 34.93504584], [135.21577527, 34.93509305], [135.2157825, 34.93522834], [135.21581666, 34.93529056], [135.21593306, 34.93539194], [135.21609028, 34.93547639], [135.21616528, 34.93547639], [135.21640473, 34.93547639], [135.21664444, 34.93548778], [135.21666472, 34.93547639], [135.21680305, 34.93545777], [135.21687888, 34.93548916], [135.21690167, 34.93562639], [135.21695473, 34.93570139], [135.21703417, 34.93576945], [135.21705333, 34.93585139], [135.21702306, 34.93596361], [135.21691111, 34.93604], [135.21685667, 34.93606834], [135.21674027, 34.93613028], [135.21659083, 34.93624028], [135.21655139, 34.93629972], [135.21654528, 34.93630889], [135.21651416, 34.93642888], [135.21652806, 34.93653612], [135.21656223, 34.93671084], [135.21662389, 34.93682361], [135.21667195, 34.93691389], [135.21673334, 34.93697], [135.21693861, 34.93705473], [135.21698666, 34.93710528], [135.21703417, 34.93719555], [135.21712167, 34.937385], [135.21715972, 34.93750361], [135.21710972, 34.937635], [135.21714389, 34.93773111], [135.21719, 34.93782833], [135.21725833, 34.93793417], [135.21732195, 34.93804638], [135.21737639, 34.93806888], [135.21754083, 34.93806888], [135.21766028, 34.93810278], [135.21769806, 34.93816472], [135.21778917, 34.93825889], [135.21784889, 34.93828862], [135.21789528, 34.93825889], [135.21790361, 34.93815888], [135.21786222, 34.93804056], [135.21786222, 34.93800695], [135.21779389, 34.93791138], [135.21773222, 34.9378775], [135.21756111, 34.93764639], [135.21753416, 34.93757889], [135.21752694, 34.93739833], [135.21751333, 34.93731389], [135.21743111, 34.93715055], [135.21731473, 34.93699833], [135.2171575, 34.93672194], [135.21713, 34.93651362], [135.21722028, 34.93633195], [135.21734222, 34.93616972], [135.21742445, 34.93610222], [135.21747916, 34.93606834], [135.21758861, 34.93606834], [135.21765, 34.93605694], [135.21773916, 34.93600639], [135.21788972, 34.93601194], [135.21796362, 34.935995], [135.21800611, 34.93588778], [135.21803361, 34.93584278], [135.21808833, 34.93580333], [135.21815, 34.93579778], [135.21826611, 34.93582028], [135.21838083, 34.9358075], [135.21845083, 34.93576945], [135.2185325, 34.93568889], [135.21863555, 34.93563973], [135.21880666, 34.93563973], [135.21886834, 34.93562861], [135.21893667, 34.93562861], [135.21910083, 34.93561723], [135.21925833, 34.93562305], [135.21940861, 34.93561723], [135.21951833, 34.93562861], [135.21958667, 34.93562861], [135.21973056, 34.93565111], [135.21979889, 34.93562861], [135.21989445, 34.93562305], [135.220045, 34.93557805], [135.22016806, 34.93552723], [135.22040778, 34.93551583], [135.22050362, 34.93553917], [135.22057167, 34.93562028], [135.22059917, 34.93574695], [135.22058556, 34.93589361], [135.220565, 34.93598389], [135.22060611, 34.935995], [135.22081138, 34.93602306], [135.221215, 34.93602861], [135.2213725, 34.9360175], [135.22135889, 34.93574695], [135.22138639, 34.93569639], [135.22145472, 34.9356625], [135.22153695, 34.93565111], [135.22155056, 34.93562861], [135.22157112, 34.93562305], [135.22159139, 34.93560611], [135.22161889, 34.93552139], [135.22168723, 34.93545389], [135.22172167, 34.93544833], [135.22175584, 34.93542583], [135.22183778, 34.93542], [135.22201584, 34.93547639], [135.22211834, 34.93552139], [135.22220722, 34.93557805], [135.22226194, 34.93563973], [135.22228278, 34.93571333], [135.22229639, 34.93573583], [135.22230306, 34.93582583], [135.22230638, 34.93590583], [135.22226084, 34.93591833], [135.22222111, 34.93594417], [135.22207139, 34.93608695], [135.22207722, 34.93618666], [135.22209111, 34.93623166], [135.22209806, 34.93629916], [135.22213195, 34.93651972], [135.22219278, 34.93651333], [135.22223472, 34.93641195], [135.22224861, 34.93635], [135.22228278, 34.93627111], [135.22232166, 34.93620555], [135.22237167, 34.93614166], [135.22244, 34.93607944], [135.22254916, 34.93594333], [135.22266584, 34.93584278], [135.22276166, 34.93579778], [135.22282305, 34.93579195], [135.22285056, 34.93578083], [135.22293945, 34.93579195], [135.22319972, 34.93579778], [135.22326138, 34.93581472], [135.22351445, 34.93588778], [135.22353472, 34.93587667], [135.22356916, 34.93589917], [135.22379472, 34.93596111], [135.22391778, 34.9359725], [135.22398611, 34.935995], [135.22407528, 34.93605694], [135.22420528, 34.93617528], [135.22428584, 34.936245], [135.22439195, 34.93638223], [135.22444528, 34.93648861], [135.22443, 34.93660083], [135.22430861, 34.93673833], [135.22417111, 34.93684611], [135.22415028, 34.93693056], [135.22419167, 34.9369925], [135.22426, 34.93707167], [135.22431473, 34.93715055], [135.22439667, 34.93728583], [135.22447223, 34.93753361], [135.22456778, 34.93799583], [135.22462944, 34.93841306], [135.22466361, 34.93846944], [135.22469111, 34.93854833], [135.22465, 34.9386775], [135.22472528, 34.93877361], [135.22505389, 34.93924694], [135.22543889, 34.93984194], [135.22580639, 34.93991194], [135.22605556, 34.93994], [135.22605917, 34.93994028], [135.22611417, 34.93996278], [135.22620972, 34.94001334], [135.22640834, 34.94006972], [135.22644944, 34.94010361], [135.22646333, 34.9401375], [135.22655194, 34.94021639], [135.22669, 34.94024806], [135.22684638, 34.94026139], [135.22709194, 34.94026666], [135.22714084, 34.94022778], [135.2271475, 34.94012611], [135.22712694, 34.94004722], [135.22712694, 34.93983305], [135.22715416, 34.93954555], [135.227175, 34.93947778], [135.2272225, 34.93940473], [135.22752973, 34.93871139], [135.22781111, 34.93807639], [135.2277975, 34.9378775], [135.2277975, 34.93778723], [135.22780138, 34.93766805], [135.22778111, 34.93754084], [135.2277475, 34.93749112], [135.22768111, 34.93746056], [135.22763, 34.93743861], [135.22761666, 34.93736944], [135.22761305, 34.93726445], [135.22763334, 34.9372125], [135.22770861, 34.93713361], [135.22772222, 34.93704333], [135.22779084, 34.93696444], [135.22779084, 34.93691389], [135.2277975, 34.93677861], [135.22790695, 34.93669389], [135.22824222, 34.93648528], [135.22840667, 34.93639528], [135.22898111, 34.93603444], [135.22943305, 34.93584278], [135.22995833, 34.93574639], [135.2303775, 34.93555555], [135.230555, 34.93542611], [135.23071944, 34.93527944], [135.23090639, 34.93509889], [135.23111112, 34.93493639], [135.23118417, 34.93488917], [135.23120584, 34.93484695], [135.23116028, 34.93484223], [135.23103028, 34.93487139], [135.23067139, 34.93491778], [135.23045139, 34.93493639], [135.23021611, 34.93499889], [135.22981417, 34.9351425], [135.22963833, 34.935195], [135.22945, 34.93523611], [135.22903306, 34.9353175], [135.22885861, 34.93539861], [135.22863223, 34.93551611], [135.22820112, 34.93579195], [135.2281075, 34.93582917], [135.22794083, 34.93581666], [135.22769806, 34.93572917], [135.22753083, 34.93562861], [135.22748306, 34.93561723], [135.22731861, 34.93555528], [135.22721361, 34.93554194], [135.22712722, 34.93548194], [135.22702473, 34.93538056], [135.22686028, 34.93527944], [135.2267575, 34.93525111], [135.22669611, 34.9352625], [135.22664472, 34.93530889], [135.22663722, 34.93542139], [135.22660694, 34.93547139], [135.22655361, 34.93549], [135.22583306, 34.93537139], [135.22556778, 34.93534639], [135.22537805, 34.93538388], [135.22524167, 34.93544639], [135.22510861, 34.93542583], [135.22493056, 34.93525667], [135.22486222, 34.93514389], [135.22489639, 34.93505389], [135.22497833, 34.93487361], [135.22504694, 34.93473833], [135.22505389, 34.93465389], [135.22502638, 34.93459166], [135.22490334, 34.93454666], [135.22473194, 34.93456361], [135.22434889, 34.93471583], [135.22430834, 34.93468195], [135.22433528, 34.93438889], [135.22422611, 34.9342425], [135.22397973, 34.93415222], [135.22355805, 34.93412722], [135.22337584, 34.93410833], [135.22298917, 34.93393361], [135.22262944, 34.93377805], [135.22241278, 34.93368444], [135.22223834, 34.93361139], [135.22208639, 34.93357388], [135.22197472, 34.93357722], [135.22181028, 34.93359417], [135.22163278, 34.93365056], [135.22117639, 34.93373611], [135.22102361, 34.93372389], [135.22089389, 34.93369], [135.22083916, 34.93366167], [135.22056528, 34.93356027], [135.22048306, 34.93357167], [135.22024389, 34.93365056], [135.22001778, 34.93367306], [135.21980556, 34.9336], [135.21971, 34.93361111], [135.21919695, 34.93357722], [135.21868361, 34.93370139], [135.21845778, 34.9336675], [135.21833472, 34.93363917], [135.21758166, 34.93375194], [135.21740389, 34.93372944], [135.21711417, 34.93351917], [135.21697777, 34.93338806], [135.21704834, 34.93321083], [135.21707583, 34.93318278], [135.21712361, 34.93314333], [135.2172125, 34.93308694], [135.21721945, 34.93303056], [135.21724667, 34.93299666], [135.21724667, 34.93291222], [135.21722639, 34.93289528], [135.21708944, 34.93291222], [135.21702778, 34.93289528], [135.21697028, 34.93287611], [135.21695278, 34.93279944], [135.21693889, 34.93272055], [135.2168225, 34.9327375], [135.21669917, 34.93283889], [135.21659667, 34.93288972], [135.21648473, 34.93292611], [135.21637862, 34.93296972], [135.2163025, 34.93314889], [135.21622028, 34.93331805], [135.21613139, 34.9334025], [135.21596917, 34.93348805], [135.21580973, 34.93353167], [135.21569362, 34.93352084], [135.21557472, 34.93347555], [135.21541306, 34.93339695], [135.21522583, 34.93340056], [135.21464167, 34.93360639], [135.21446862, 34.93358277], [135.21430444, 34.93354889], [135.21418806, 34.93350361], [135.21403056, 34.93342472], [135.21396222, 34.93336861], [135.2139075, 34.93325583], [135.213905, 34.93317195], [135.21390416, 34.93314111], [135.21392695, 34.9329975], [135.21398944, 34.93269805], [135.21394194, 34.93250417], [135.21396472, 34.93237305], [135.21400334, 34.93221889], [135.21400334, 34.9321625], [135.21389361, 34.93217389], [135.21360861, 34.93218583], [135.21353278, 34.93227305], [135.21351, 34.93236695], [135.2135475, 34.93246666], [135.21358555, 34.93263528], [135.21354, 34.93275388], [135.21336555, 34.93282889], [135.21325972, 34.93287889], [135.21319889, 34.93295389], [135.21318361, 34.93311], [135.21316833, 34.93325361], [135.2131, 34.93330945], [135.213025, 34.93334028], [135.21294972, 34.93336278], [135.21278944, 34.93339056], [135.21267555, 34.93340945], [135.21256945, 34.93348417], [135.21257695, 34.93360917], [135.21254666, 34.93397139], [135.21247833, 34.93410862], [135.2124025, 34.93419611], [135.21233416, 34.93425861], [135.21224333, 34.93425861], [135.21215972, 34.93420861], [135.21212945, 34.93415861], [135.21202333, 34.934115], [135.21190194, 34.934115], [135.21184139, 34.93415861], [135.21180333, 34.93420861], [135.21176555, 34.93430223], [135.21171222, 34.93432722], [135.21162139, 34.93433972], [135.21158778, 34.93429833], [135.21152611, 34.93423083], [135.21148528, 34.93412945], [135.21149916, 34.93399416], [135.2115, 34.93380278], [135.21147722, 34.93360306], [135.21145445, 34.93347806], [135.21137111, 34.93342195], [135.21122694, 34.93344055], [135.21113584, 34.93350917], [135.21109028, 34.93369667], [135.21105417, 34.93407306], [135.21103361, 34.93418556], [135.2109925, 34.93439444], [135.21096139, 34.93445833], [135.21086277, 34.93447722], [135.21074916, 34.93442083], [135.21063695, 34.93433222], [135.210605, 34.93425861], [135.21047916, 34.93422528], [135.21040028, 34.93425861], [135.21029388, 34.93429611], [135.21020305, 34.93433362], [135.21008917, 34.93433362], [135.20990722, 34.93430223], [135.20975555, 34.93424611], [135.20956584, 34.9341525], [135.20939889, 34.93409], [135.2092775, 34.9340775], [135.20901222, 34.93405889], [135.20877722, 34.9340275], [135.20863305, 34.93399], [135.20861278, 34.93398361], [135.20853445, 34.93395889], [135.20842834, 34.93390889], [135.20829945, 34.93383389], [135.20820833, 34.93373417], [135.20810555, 34.93361917], [135.20802223, 34.93358], [135.20798583, 34.93351944], [135.20766639, 34.93373056], [135.20731834, 34.93396028], [135.20737417, 34.93403528], [135.20740389, 34.93407445], [135.20740277, 34.93413889], [135.207325, 34.93429833], [135.20735249, 34.93434361], [135.2074825, 34.93437167], [135.20751667, 34.93440555], [135.20758639, 34.93448333], [135.20750306, 34.93477056], [135.20743472, 34.93489028], [135.20738, 34.93505389], [135.207325, 34.93510445], [135.20726361, 34.93512139], [135.20706723, 34.93508639], [135.20693472, 34.93536334], [135.20703056, 34.93539194], [135.20707861, 34.93544278], [135.20709222, 34.93553833], [135.20701722, 34.93570195], [135.20696917, 34.93578083], [135.20689445, 34.93590806], [135.20684889, 34.93600806], [135.20684584, 34.93604556], [135.20685972, 34.93612472], [135.20690084, 34.93615834], [135.20700361, 34.93616389], [135.20708556, 34.93614166], [135.20715389, 34.93612472], [135.20723611, 34.93609084], [135.20729083, 34.93609084], [135.20742083, 34.93609084], [135.20750306, 34.9360625], [135.20759889, 34.93597806], [135.20772194, 34.93592167], [135.20779028, 34.93591611], [135.20790666, 34.93593861], [135.20803639, 34.935995], [135.20815972, 34.93605139], [135.20826222, 34.93611334], [135.20832361, 34.93620361], [135.20835833, 34.93627666], [135.2083825, 34.93641972], [135.20839778, 34.93656972], [135.20837167, 34.93666], [135.20835973, 34.93683806], [135.20833083, 34.9369475], [135.20831028, 34.93714473], [135.20828944, 34.9371675], [135.20823834, 34.93730639], [135.20814611, 34.93751639], [135.20813222, 34.9377025], [135.20819305, 34.93780139], [135.20820056, 34.93789973], [135.20822333, 34.93798195], [135.20821444, 34.93812528], [135.20818695, 34.93818167], [135.20810472, 34.93836778], [135.20807055, 34.93843528], [135.20804333, 34.93846916], [135.20801083, 34.9385625], [135.20796139, 34.938655], [135.20796139, 34.93870583], [135.20796139, 34.93878472], [135.20795417, 34.938875], [135.20792722, 34.93891445], [135.20786667, 34.93895611], [135.2077075, 34.93897472], [135.20746861, 34.93893111], [135.20733166, 34.938875], [135.20721278, 34.93883639], [135.20704584, 34.93882389], [135.20687917, 34.9388425], [135.20678417, 34.93888611], [135.20677277, 34.93898612], [135.20668834, 34.93907777], [135.20651778, 34.93930333], [135.20640139, 34.93939333], [135.20630555, 34.93943861], [135.20603555, 34.93939722], [135.20581, 34.93968083], [135.20593111, 34.93979166], [135.20591611, 34.93987917], [135.2058325, 34.93995417], [135.20573389, 34.93994167], [135.2056275, 34.93991083], [135.20552222, 34.94004333], [135.20560055, 34.94009806], [135.20565056, 34.94012473], [135.20571694, 34.9401825], [135.20574916, 34.94031805], [135.20574916, 34.94058667], [135.20571889, 34.94070222], [135.20568861, 34.94090833], [135.20565056, 34.94112056], [135.20555944, 34.94120167], [135.20548361, 34.94128916], [135.20535472, 34.94132028], [135.20529945, 34.94137167], [135.20529945, 34.94141694], [135.205505, 34.94146194], [135.2055975, 34.94157], [135.20566194, 34.94171528], [135.20573722, 34.94183945], [135.205785, 34.94192388], [135.20588083, 34.94196333], [135.20607944, 34.94189556], [135.20612056, 34.94187861], [135.20626472, 34.94182583], [135.20641444, 34.94178861], [135.20650361, 34.94174916], [135.20654472, 34.94163639], [135.20661306, 34.94158556], [135.20668834, 34.941535], [135.20675, 34.94152944], [135.20681139, 34.9415575], [135.20684806, 34.9415825], [135.20702361, 34.94178306], [135.20737194, 34.94211945], [135.20760527, 34.94234111], [135.20766, 34.94238027], [135.20778083, 34.94243777], [135.20787917, 34.942555], [135.20797472, 34.94265667], [135.20801611, 34.94275639], [135.20802361, 34.942875], [135.20797055, 34.94294361], [135.20790973, 34.94301861], [135.2078175, 34.94307361], [135.20774305, 34.94313111], [135.20762583, 34.94318639], [135.20752306, 34.94322028], [135.20733166, 34.94325416], [135.20682528, 34.94326528], [135.20660639, 34.94328223], [135.2065225, 34.94344445], [135.2064625, 34.94361472], [135.20656056, 34.94375056], [135.2065225, 34.94385667], [135.20645583, 34.94390222], [135.2063875, 34.94393056], [135.20631778, 34.94396083], [135.20625723, 34.944015], [135.20630528, 34.94411083], [135.20634806, 34.94422306], [135.20631028, 34.9443125], [135.20622667, 34.94435], [135.206075, 34.9443675], [135.20599167, 34.94444973], [135.20597639, 34.94453861], [135.20591583, 34.94470084], [135.20588778, 34.944945], [135.20590139, 34.94504083], [135.20595361, 34.94515055], [135.20592194, 34.94523806], [135.20574139, 34.945425], [135.20573722, 34.94555334], [135.20576972, 34.945575], [135.2058475, 34.94562666], [135.20594916, 34.94569445], [135.20603722, 34.94575139], [135.20615083, 34.94582639], [135.20617528, 34.94591972], [135.20618889, 34.94598722], [135.20620278, 34.94615639], [135.20616833, 34.94628611], [135.20614333, 34.94641333], [135.20603722, 34.94646528], [135.20599167, 34.9466025], [135.206045, 34.94668639], [135.20609973, 34.94676528], [135.20614778, 34.94684972], [135.20613389, 34.94708083], [135.20609777, 34.94733944], [135.20597667, 34.94761639], [135.20585361, 34.94777972], [135.20571667, 34.94786417], [135.20557444, 34.94793277], [135.20531667, 34.94790889], [135.20524166, 34.94793916], [135.20530611, 34.94812361], [135.20541166, 34.94827305], [135.20554583, 34.94841639], [135.20563278, 34.94846111], [135.20571972, 34.94850583], [135.20580195, 34.94849166], [135.20587778, 34.94854139], [135.20588556, 34.94859778], [135.20593083, 34.94871], [135.20589472, 34.94899695], [135.20599917, 34.94918639], [135.20602472, 34.94947028], [135.20605222, 34.94964223], [135.20602056, 34.95011584], [135.20595112, 34.95037333], [135.2058475, 34.95053889], [135.20575639, 34.95066361], [135.20563361, 34.95080695], [135.205635, 34.95096333], [135.2056275, 34.95126944], [135.20555222, 34.95146555], [135.20549083, 34.95167417], [135.20543806, 34.95190583], [135.20538139, 34.95204611], [135.20535389, 34.95215333], [135.20532667, 34.9523], [135.20529139, 34.95240306], [135.20521695, 34.95255417], [135.20510778, 34.9526725], [135.20498278, 34.95276083], [135.20491611, 34.95279556], [135.20487667, 34.95282223], [135.20484083, 34.95287445], [135.20479972, 34.95294778], [135.20475167, 34.95302667], [135.20469, 34.95313362], [135.20456695, 34.95330834], [135.20453278, 34.95337056], [135.20447111, 34.95346639], [135.20441667, 34.95353389], [135.20427973, 34.95369167], [135.20421139, 34.9537425], [135.20418389, 34.95387777], [135.20410861, 34.95399611], [135.20398166, 34.95411528], [135.20383, 34.95421527], [135.20372361, 34.95429444], [135.20363639, 34.95435111], [135.20355445, 34.95441889], [135.20345833, 34.95453722], [135.20341056, 34.95460472], [135.20335195, 34.95471028], [135.20323945, 34.95483584], [135.20320806, 34.95490389], [135.20319278, 34.95501028], [135.20323638, 34.95508139], [135.20325333, 34.95514139], [135.20328389, 34.95521], [135.20330667, 34.95531611], [135.20328389, 34.95541528], [135.20324583, 34.95550889], [135.20320027, 34.9556025], [135.20314166, 34.95577527], [135.20311695, 34.95593333], [135.20309416, 34.95607083], [135.20309416, 34.95618306], [135.20301083, 34.95632055], [135.20291111, 34.95643084], [135.20280139, 34.95657333], [135.20275167, 34.95661833], [135.20269222, 34.95667639], [135.20268222, 34.95673667], [135.20269222, 34.95680833], [135.20273445, 34.95689194], [135.20278389, 34.95697556], [135.20280861, 34.957035], [135.20281361, 34.95715722], [135.20277167, 34.9572575], [135.20271944, 34.95733305], [135.20260111, 34.95746945], [135.20255583, 34.95755555], [135.20255833, 34.95763305], [135.20262527, 34.95755333], [135.20268722, 34.95749834], [135.20273445, 34.95745334], [135.20284833, 34.95734528], [135.20291777, 34.95724305], [135.20295222, 34.95718027], [135.20296, 34.95714111], [135.2029625, 34.95706556], [135.20294278, 34.9570125], [135.20288195, 34.95695556], [135.20285584, 34.95691639], [135.20283111, 34.95682861], [135.20283361, 34.95677361], [135.2028425, 34.95672361], [135.20286306, 34.95667888], [135.20291806, 34.956645], [135.20302056, 34.95653222], [135.20311639, 34.95640834], [135.203185, 34.95630667], [135.20323277, 34.95620528], [135.20327361, 34.95614333], [135.20330805, 34.95605861], [135.20334917, 34.95598555], [135.20339667, 34.95590083], [135.20344472, 34.95579389], [135.20348584, 34.95572611], [135.20352694, 34.95563027], [135.20358167, 34.95557389], [135.20359555, 34.95552334], [135.20365027, 34.95547861], [135.2036775, 34.95542777], [135.20371861, 34.95536027], [135.20376639, 34.95530361], [135.20382111, 34.95523611], [135.20391, 34.95515722], [135.20395805, 34.95512333], [135.2040575, 34.95512055], [135.20411555, 34.95510083], [135.20415639, 34.95507278], [135.20417723, 34.95502195], [135.20423195, 34.95497695], [135.20436194, 34.95497695], [135.20443028, 34.95501611], [135.20450528, 34.95507278], [135.20456695, 34.95509528], [135.20475889, 34.95509528], [135.20482722, 34.95504445], [135.20486694, 34.95496222], [135.20490167, 34.95483972], [135.20498583, 34.95472111], [135.20503555, 34.95452528], [135.20513473, 34.95451694], [135.20521722, 34.95453167], [135.20528833, 34.95452528], [135.20536084, 34.95451472], [135.20544222, 34.95446], [135.20549139, 34.95439056], [135.20555194, 34.95432861], [135.20568917, 34.95415389], [135.20577916, 34.95401889], [135.20592167, 34.95375389], [135.2059725, 34.95363666], [135.2059825, 34.95356333], [135.2059925, 34.95346528], [135.20601222, 34.95338361], [135.20602722, 34.95333445], [135.20612027, 34.95326334], [135.20620916, 34.95326334], [135.20624333, 34.95329722], [135.20629111, 34.95333667]], [[135.20620916, 34.95315612], [135.20615444, 34.95312805], [135.20608612, 34.9531], [135.20605861, 34.95307167], [135.20607917, 34.95302667], [135.20613361, 34.95305472], [135.20624166, 34.95309361], [135.20629472, 34.9531375], [135.20634472, 34.95322834], [135.20631167, 34.95326889], [135.20620916, 34.95315612]], [[135.20637334, 34.95311694], [135.20625694, 34.95291388], [135.20625, 34.95286306], [135.20623667, 34.95282945], [135.20626667, 34.95278639], [135.2064075, 34.95275028], [135.20644889, 34.95280695], [135.20646167, 34.95289833], [135.20645556, 34.95300972], [135.20647862, 34.95311277], [135.20641417, 34.95313362], [135.20637334, 34.95311694]], [[135.20423195, 34.95486888], [135.20421223, 34.9548], [135.20424556, 34.95475139], [135.20425888, 34.95472889], [135.20429361, 34.95471722], [135.20434806, 34.95470055], [135.20439611, 34.95472305], [135.20442166, 34.95481278], [135.20436194, 34.95486972], [135.20430695, 34.95490361], [135.20423195, 34.95486888]]]}}, {"type": "Feature", "id": "lakes-438", "properties": {"W09_001": "東条湖", "W09_002": "28343", "W09_003": "", "W09_004": "", "name": "東条湖", "edition": "2005", "kind": "lakes", "sourceUrl": "https://nlftp.mlit.go.jp/ksj/gml/datalist/KsjTmplt-W09-v2_2.html"}, "geometry": {"type": "Polygon", "coordinates": [[[135.07090083, 34.93116778], [135.07088305, 34.93039056], [135.07089666, 34.93027777], [135.07095139, 34.93020444], [135.07110194, 34.93020444], [135.07115666, 34.93024389], [135.07129361, 34.93048639], [135.07141667, 34.93055389], [135.07152639, 34.93057639], [135.07221055, 34.93048639], [135.07236111, 34.9304075], [135.07242334, 34.93036084], [135.07229889, 34.93009], [135.07215389, 34.92977389], [135.07208417, 34.92977389], [135.07198417, 34.92975334], [135.07184083, 34.92972389], [135.07166778, 34.92963722], [135.07153806, 34.92960083], [135.07143028, 34.92956167], [135.07138917, 34.9295225], [135.07136223, 34.92950556], [135.07130055, 34.92946611], [135.07115666, 34.92935917], [135.07108139, 34.92928583], [135.07106111, 34.92926305], [135.07104723, 34.92926305], [135.07099945, 34.92921833], [135.07099945, 34.92917861], [135.07097194, 34.92913361], [135.07096528, 34.92911111], [135.07095806, 34.92908861], [135.07094472, 34.92906611], [135.07094472, 34.92903223], [135.07094472, 34.92900389], [135.07095806, 34.92897583], [135.07097194, 34.92891389], [135.07098555, 34.92890251], [135.07100611, 34.92882917], [135.0710675, 34.92875778], [135.0712225, 34.92863], [135.07124583, 34.92857], [135.07123528, 34.92852306], [135.07122528, 34.92846833], [135.07112944, 34.9283275], [135.07106778, 34.92825445], [135.07100611, 34.92820916], [135.07091722, 34.92814722], [135.07081472, 34.92808528], [135.07078722, 34.92807389], [135.07060917, 34.92793305], [135.07049278, 34.92784861], [135.07039028, 34.92776972], [135.07031527, 34.92773028], [135.07014389, 34.92767945], [135.07011667, 34.92767945], [135.07007555, 34.92766806], [135.07000028, 34.9276625], [135.06996612, 34.92765111], [135.06980194, 34.92762889], [135.06961722, 34.92757806], [135.06944334, 34.92750638], [135.06932278, 34.92738639], [135.06926833, 34.92733556], [135.06924084, 34.92726222], [135.06920667, 34.92718333], [135.06917916, 34.92705945], [135.06917223, 34.92691861], [135.06915861, 34.92688473], [135.06913806, 34.92682833], [135.069095, 34.92672389], [135.06908223, 34.92658306], [135.06906, 34.92645278], [135.06900639, 34.926385], [135.06893972, 34.92637167], [135.06879389, 34.92633805], [135.06870222, 34.92636667], [135.06868639, 34.92643723], [135.06872083, 34.92652389], [135.06873417, 34.92654667], [135.06873417, 34.92657472], [135.06873417, 34.92660277], [135.06871389, 34.92665917], [135.06871389, 34.92671556], [135.06869333, 34.92678333], [135.06866611, 34.92688473], [135.06865277, 34.92696945], [135.06863889, 34.92711027], [135.06861138, 34.92721167], [135.06859777, 34.92726806], [135.06859777, 34.92729611], [135.06859777, 34.92738639], [135.06858389, 34.92746528], [135.06859777, 34.92756111], [135.06856306, 34.92763139], [135.06846805, 34.92763139], [135.06842361, 34.92758444], [135.06839834, 34.92752444], [135.06831028, 34.92717777], [135.06824194, 34.92709889], [135.06817361, 34.92705389], [135.06809139, 34.92707083], [135.06802306, 34.92709333], [135.06800945, 34.92711027], [135.06798972, 34.9271725], [135.06805, 34.92728722], [135.0680025, 34.92739667], [135.06793389, 34.92745973], [135.06768583, 34.92744972], [135.06752334, 34.92742583], [135.067455, 34.92744833], [135.06743445, 34.92745389], [135.06740028, 34.92749361], [135.06738638, 34.92757806], [135.06744833, 34.92762166], [135.06755916, 34.92765555], [135.06767944, 34.92775722], [135.06779722, 34.92781472], [135.06800223, 34.92782028], [135.06804694, 34.9278825], [135.06805028, 34.92796694], [135.0680375, 34.92804417], [135.06795195, 34.92809111], [135.06791139, 34.92808833], [135.0678, 34.92808084], [135.0676875, 34.92804028], [135.0676225, 34.92803639], [135.06753056, 34.92808333], [135.06743445, 34.92820916], [135.06738638, 34.92825445], [135.06735945, 34.92826556], [135.06731806, 34.928305], [135.06728194, 34.92838889], [135.06726278, 34.92846722], [135.06719306, 34.9285925], [135.06711722, 34.92862361], [135.06707862, 34.92862639], [135.06702389, 34.92863195], [135.06688695, 34.92866584], [135.06668861, 34.92876722], [135.06668195, 34.92875584], [135.06659278, 34.92880667], [135.06653806, 34.92884056], [135.06651055, 34.92885167], [135.06643555, 34.92890806], [135.06640806, 34.92892499], [135.06631944, 34.92902083], [135.06616194, 34.92910555], [135.06614833, 34.92908861], [135.06609333, 34.92911666], [135.06597028, 34.92912223], [135.06581278, 34.92920695], [135.06553917, 34.92930278], [135.06530667, 34.92939278], [135.06525194, 34.92943222], [135.06521083, 34.9294775], [135.06522445, 34.92948306], [135.06518334, 34.92955055], [135.06523833, 34.92957334], [135.06536833, 34.92957889], [135.06543666, 34.92956194], [135.06560777, 34.929545], [135.06585417, 34.92956194], [135.0659975, 34.92959584], [135.06607305, 34.92964639], [135.06608666, 34.92964639], [135.06604556, 34.92970861], [135.06605917, 34.92975361], [135.06595667, 34.92982695], [135.06581278, 34.93005778], [135.06578556, 34.93008612], [135.06577861, 34.93011444], [135.0657925, 34.9301425], [135.06580611, 34.93015389], [135.06581278, 34.93018194], [135.06588167, 34.93030584], [135.06591584, 34.93036194], [135.06591584, 34.93042417], [135.06590194, 34.93044667], [135.06588833, 34.93055361], [135.0657925, 34.93060444], [135.06571028, 34.93060444], [135.06556638, 34.93052], [135.06548473, 34.93050306], [135.06523833, 34.93042417], [135.06517666, 34.93042417], [135.06517666, 34.93046917], [135.06545722, 34.93066083], [135.06557361, 34.93078473], [135.06566945, 34.93097083], [135.06573778, 34.93102139], [135.06588833, 34.93103278], [135.06596333, 34.93106667], [135.066025, 34.93124694], [135.06609333, 34.93128083], [135.06628528, 34.93126944], [135.06641528, 34.93126944], [135.06659306, 34.93134278], [135.0668325, 34.93153445], [135.06705167, 34.93163028], [135.06715416, 34.93171472], [135.06717472, 34.93174862], [135.06717472, 34.93176], [135.06720195, 34.9318275], [135.06720195, 34.93186694], [135.06719528, 34.93192889], [135.06720889, 34.93194584], [135.06719528, 34.93197972], [135.06733222, 34.93215444], [135.06741416, 34.93235167], [135.06745528, 34.93253222], [135.06745528, 34.93263361], [135.06746889, 34.93265611], [135.06740055, 34.93287583], [135.06744139, 34.93297723], [135.06755111, 34.93296778], [135.06757139, 34.93296611], [135.06766056, 34.93294916], [135.06786583, 34.93296611], [135.06812556, 34.93300556], [135.06821444, 34.93306195], [135.06829, 34.93310139], [135.06837889, 34.93322528], [135.06844139, 34.93331916], [135.06844611, 34.93340361], [135.06845417, 34.93350694], [135.06845417, 34.93354084], [135.06848139, 34.93360861], [135.06859777, 34.93369889], [135.06866028, 34.93380528], [135.06866611, 34.93394111], [135.06867306, 34.93402], [135.06868694, 34.93403139], [135.06867306, 34.93404805], [135.06869361, 34.93407639], [135.06873472, 34.93432444], [135.06875556, 34.93433], [135.06875556, 34.9343525], [135.06876888, 34.93442028], [135.06877611, 34.93447666], [135.06878973, 34.93456666], [135.06880778, 34.93467972], [135.06880083, 34.93479333], [135.06885222, 34.93494083], [135.0689475, 34.93512333], [135.0690225, 34.9352375], [135.06907028, 34.93526], [135.06907695, 34.9351925], [135.06907139, 34.93507416], [135.06909278, 34.93492916], [135.06911805, 34.93487111], [135.06914528, 34.93478111], [135.06916555, 34.93469083], [135.06917945, 34.93466278], [135.06917945, 34.93465139], [135.06924111, 34.93454416], [135.06928194, 34.93446528], [135.06937111, 34.93439223], [135.06950777, 34.93436389], [135.06963805, 34.93435833], [135.06978528, 34.93438861], [135.06984083, 34.93438778], [135.06988138, 34.93435833], [135.06989806, 34.9343075], [135.06992417, 34.93417583], [135.06992667, 34.93411139], [135.06991861, 34.93408195], [135.06990472, 34.9340425], [135.06989806, 34.93403139], [135.06989111, 34.93402], [135.06991139, 34.93398639], [135.06995528, 34.93388], [135.07003139, 34.93377611], [135.07005528, 34.93364278], [135.07009611, 34.93358056], [135.07009611, 34.93355222], [135.07017167, 34.93348472], [135.07036333, 34.93342834], [135.07056861, 34.93334944], [135.07061639, 34.93331555], [135.07073277, 34.93320833], [135.07076, 34.93316333], [135.07089, 34.93296028], [135.07089, 34.93294361], [135.07093139, 34.93287583], [135.070945, 34.93284194], [135.07096556, 34.93281389], [135.07105445, 34.93268417], [135.07109555, 34.93263361], [135.07117056, 34.93253777], [135.07117056, 34.93241945], [135.07113639, 34.93230667], [135.0709175, 34.93188389], [135.07090083, 34.93116778]]]}}]}