{"type": "FeatureCollection", "features": [{"type": "Feature", "id": "did-1960-4", "properties": {"A16_001": "280211", "A16_002": "02821", "A16_003": "西脇市", "A16_004": "1", "A16_005": "12098", "A16_006": "1.4", "A16_007": "0", "A16_008": "0.0", "A16_009": "28.6", "A16_010": "1.45", "A16_011": "1960", "year": 1960, "population": 12098.0, "areaKm2": 1.4, "density": 8641.428571428572}, "geometry": {"type": "Polygon", "coordinates": [[[134.97352257, 34.97662327], [134.97342639, 34.97665073], [134.97276733, 34.97698704], [134.97231004, 34.97729897], [134.97179998, 34.97771195], [134.97146519, 34.97809979], [134.97121896, 34.97851716], [134.97097183, 34.9790732], [134.97088389, 34.97917425], [134.97081353, 34.97922257], [134.97038999, 34.97939183], [134.97032218, 34.97944111], [134.9702482, 34.97961359], [134.9700401, 34.98081103], [134.96996125, 34.98101206], [134.96983345, 34.98119408], [134.96973829, 34.98123211], [134.96965128, 34.98123211], [134.96897044, 34.98125175], [134.9688644, 34.9812762], [134.96878827, 34.98131695], [134.96862513, 34.98151799], [134.96855395, 34.98158172], [134.96833371, 34.98165779], [134.96828021, 34.98168626], [134.96825482, 34.98173967], [134.96823878, 34.98187185], [134.96813863, 34.98255315], [134.96810097, 34.98274936], [134.96803641, 34.98299127], [134.96800144, 34.98302621], [134.9679288, 34.98303696], [134.96609919, 34.98255091], [134.96622701, 34.98340301], [134.96623567, 34.98430338], [134.96617645, 34.98528805], [134.96690703, 34.98548557], [134.96678243, 34.98711712], [134.96717529, 34.98715933], [134.96712054, 34.98781943], [134.96714589, 34.98805157], [134.96722192, 34.98833436], [134.96748017, 34.9889357], [134.96778651, 34.98949011], [134.96780312, 34.98960006], [134.96777613, 34.98977016], [134.96768478, 34.99003153], [134.96756462, 34.99035817], [134.9674849, 34.99079894], [134.96745301, 34.9915424], [134.96752239, 34.99227751], [134.96776183, 34.99319883], [134.96782029, 34.99352808], [134.96786281, 34.99393168], [134.97124152, 34.99406675], [134.97131727, 34.99404065], [134.971346, 34.99399367], [134.97141421, 34.99357541], [134.97144556, 34.99352843], [134.97152653, 34.99347885], [134.97206541, 34.99332661], [134.97222998, 34.99321177], [134.97238932, 34.99304212], [134.97266144, 34.99269148], [134.97293311, 34.99241744], [134.97323429, 34.99226039], [134.97343542, 34.99222646], [134.97385859, 34.99222646], [134.97412503, 34.9922891], [134.97434566, 34.99240459], [134.97476179, 34.99276764], [134.97489239, 34.99279635], [134.97505696, 34.99276503], [134.9753025, 34.9926528], [134.97587559, 34.99236239], [134.9761133, 34.99231802], [134.97644504, 34.99232063], [134.97672715, 34.99242503], [134.97709024, 34.99264427], [134.97769057, 34.99309641], [134.97775788, 34.99309894], [134.97783918, 34.99307229], [134.97819174, 34.99275987], [134.97818918, 34.99272155], [134.97816617, 34.99266279], [134.97774137, 34.99239139], [134.97765188, 34.99230452], [134.97755215, 34.99213335], [134.97747752, 34.99186154], [134.97740848, 34.99137613], [134.97724039, 34.99054257], [134.97716245, 34.99015639], [134.97714199, 34.98989069], [134.97717063, 34.98974762], [134.97733427, 34.98946557], [134.97773995, 34.98876774], [134.97794042, 34.98826495], [134.9783164, 34.98729617], [134.97836666, 34.98725599], [134.97845714, 34.9872359], [134.97887798, 34.98735429], [134.97894031, 34.98733822], [134.97898656, 34.98730205], [134.97906111, 34.98687555], [134.97908926, 34.98683938], [134.97913752, 34.98681929], [134.97944398, 34.98680288], [134.97917242, 34.9856623], [134.97914456, 34.98563249], [134.97909483, 34.98562454], [134.97872055, 34.98564367], [134.97857903, 34.98502319], [134.9776573, 34.98520596], [134.97757971, 34.98519204], [134.97751406, 34.98512446], [134.97722332, 34.98441473], [134.9764995, 34.98233596], [134.97636901, 34.98186059], [134.9763333, 34.9816751], [134.97629756, 34.98143716], [134.97742442, 34.98127574], [134.97708436, 34.98049941], [134.97707657, 34.98044298], [134.97709994, 34.98037099], [134.97715446, 34.98031651], [134.97783721, 34.98012064], [134.97792021, 34.98004426], [134.97793987, 34.97995041], [134.97791366, 34.97986094], [134.97782629, 34.97979546], [134.97754453, 34.97966968], [134.97695041, 34.97949858], [134.97585577, 34.97921146], [134.97509639, 34.97890326], [134.97468749, 34.97862041], [134.97436874, 34.97827691], [134.97413109, 34.9778928], [134.97395545, 34.97752452], [134.97366685, 34.97665588], [134.97362906, 34.97662842], [134.97352257, 34.97662327]]]}}, {"type": "Feature", "id": "did-1960-5", "properties": {"A16_001": "280261", "A16_002": "02826", "A16_003": "三田市", "A16_004": "1", "A16_005": "8353", "A16_006": "0.9", "A16_007": "0", "A16_008": "0.0", "A16_009": "25.7", "A16_010": "0.42", "A16_011": "1960", "year": 1960, "population": 8353.0, "areaKm2": 0.9, "density": 9281.111111111111}, "geometry": {"type": "Polygon", "coordinates": [[[135.22723715, 34.88111068], [135.22715878, 34.88111068], [135.22707303, 34.88115229], [135.22674258, 34.88149115], [135.22669056, 34.8815258], [135.22663085, 34.88153734], [135.22657692, 34.88153157], [135.22632962, 34.88140073], [135.22613122, 34.88137378], [135.22588851, 34.8813834], [135.22562611, 34.88144136], [135.22557218, 34.88147985], [135.22555482, 34.8815222], [135.2255606, 34.8815934], [135.2256107, 34.8817185], [135.22626286, 34.88266037], [135.22523718, 34.88296997], [135.22516689, 34.88295786], [135.22512084, 34.88292639], [135.22507964, 34.882861], [135.22488472, 34.88243439], [135.22419643, 34.88245377], [135.22346576, 34.88291915], [135.2225123, 34.88234212], [135.22238383, 34.88247288], [135.22226509, 34.88249709], [135.22212209, 34.88249467], [135.22153206, 34.88242485], [135.22148115, 34.88244906], [135.22144966, 34.88250475], [135.22113588, 34.88418337], [135.22195295, 34.88430363], [135.2220406, 34.88436344], [135.22208977, 34.88443393], [135.22212825, 34.88456635], [135.22211757, 34.88478635], [135.22181099, 34.8863353], [135.22181368, 34.8864428], [135.22182981, 34.88652879], [135.22187015, 34.88658792], [135.22198851, 34.88664974], [135.22268598, 34.88686199], [135.22286673, 34.88697808], [135.22304316, 34.88715008], [135.22320238, 34.88738656], [135.22328691, 34.88757597], [135.22333132, 34.88776615], [135.22334612, 34.88789295], [135.22404911, 34.88817017], [135.225059, 34.88650041], [135.22554758, 34.88652112], [135.2254618, 34.88722894], [135.22546772, 34.88729108], [135.22549734, 34.8873177], [135.22556543, 34.88733841], [135.22593044, 34.88737764], [135.22600149, 34.8874161], [135.22607553, 34.88748415], [135.2261762, 34.88766166], [135.22642956, 34.88841776], [135.22647398, 34.88843864], [135.22654972, 34.88843864], [135.22714884, 34.88830022], [135.22718864, 34.8883092], [135.22722202, 34.888331], [135.22756028, 34.88903158], [135.22755799, 34.88908683], [135.22753725, 34.88912366], [135.22747735, 34.88916048], [135.22702456, 34.88929309], [135.22665967, 34.88947354], [135.22645662, 34.88965483], [135.22642714, 34.88973585], [135.22643081, 34.88984265], [135.22649718, 34.8901078], [135.22662794, 34.89067695], [135.22664563, 34.8911012], [135.22663296, 34.89190171], [135.22665119, 34.89225879], [135.2267498, 34.8928543], [135.22676439, 34.89313486], [135.22674251, 34.89341907], [135.22668386, 34.89367167], [135.22645013, 34.89427644], [135.2264578, 34.89435306], [135.22649358, 34.89438883], [135.22658308, 34.89440671], [135.2267927, 34.89436839], [135.22727705, 34.89424312], [135.22738953, 34.89418181], [135.2276145, 34.89404388], [135.22768098, 34.89401577], [135.22776023, 34.89401322], [135.22784205, 34.89404898], [135.22802611, 34.89421246], [135.22807981, 34.89422268], [135.22819485, 34.89420735], [135.2288683, 34.8938848], [135.22894243, 34.8938286], [135.22897822, 34.8937392], [135.22898334, 34.89361148], [135.22893741, 34.89309941], [135.22895019, 34.89302534], [135.2289911, 34.89296403], [135.22919978, 34.89285344], [135.22927517, 34.89285093], [135.22935811, 34.89286976], [135.22945359, 34.89292876], [135.22979287, 34.89330743], [135.22983241, 34.89332637], [135.22990038, 34.89333585], [135.23003318, 34.893309], [135.23095149, 34.89291653], [135.23102311, 34.89284697], [135.23104896, 34.8927635], [135.23106288, 34.89252105], [135.2308391, 34.8903979], [135.2305945, 34.88842754], [135.23059897, 34.88830638], [135.23063491, 34.88819868], [135.2306888, 34.88813137], [135.23216389, 34.88756439], [135.23383981, 34.8870608], [135.23295314, 34.88528956], [135.23216655, 34.88376289], [135.2317597, 34.88313054], [135.23116265, 34.88238498], [135.2307183, 34.88198096], [135.22996916, 34.88137334], [135.22881221, 34.88201534], [135.22762826, 34.8812679], [135.2273964, 34.88115229], [135.22723715, 34.88111068]]]}}, {"type": "Feature", "id": "did-1960-8", "properties": {"A16_001": "280251", "A16_002": "02825", "A16_003": "川西市", "A16_004": "1", "A16_005": "16864", "A16_006": "1.7", "A16_007": "0", "A16_008": "0.0", "A16_009": "40.2", "A16_010": "3.16", "A16_011": "1960", "year": 1960, "population": 16864.0, "areaKm2": 1.7, "density": 9920.0}, "geometry": {"type": "Polygon", "coordinates": [[[135.42372641, 34.83245585], [135.42374139, 34.83205611], [135.42372695, 34.83173389], [135.42375278, 34.83117917], [135.42376305, 34.83096139], [135.423785, 34.83060944], [135.42378861, 34.83038417], [135.42379222, 34.83017389], [135.42379945, 34.8299475], [135.42376945, 34.82986333], [135.42372722, 34.82974472], [135.42358972, 34.82919], [135.42351204, 34.82905196], [135.42348139, 34.8289975], [135.42340166, 34.82885583], [135.42333666, 34.8285725], [135.42322777, 34.82838833], [135.42319916, 34.82834], [135.42299666, 34.82802361], [135.42295334, 34.82788056], [135.42278695, 34.82758861], [135.42262498, 34.82731648], [135.42242555, 34.82698139], [135.42238222, 34.82690861], [135.4222119, 34.82667066], [135.42215416, 34.82659], [135.42197, 34.82633277], [135.42176055, 34.82617778], [135.42167805, 34.82606944], [135.42160028, 34.82596694], [135.42142055, 34.82573028], [135.42105195, 34.82529472], [135.42086625, 34.82511283], [135.42082055, 34.82506806], [135.42069166, 34.82498139], [135.42066445, 34.82496306], [135.42046611, 34.82482972], [135.42032028, 34.82466139], [135.42022084, 34.82454639], [135.42014084, 34.82445389], [135.41970695, 34.82404528], [135.41945527, 34.82382973], [135.41933111, 34.82372333], [135.41882, 34.82332], [135.41867305, 34.82320417], [135.41864175, 34.82317525], [135.41843445, 34.82298361], [135.41835401, 34.822892], [135.4182825, 34.82281056], [135.41766084, 34.82219], [135.41750889, 34.82202333], [135.41727028, 34.82177583], [135.41693028, 34.82137611], [135.41651834, 34.82085111], [135.41629166, 34.82058278], [135.41618584, 34.8204575], [135.41611361, 34.82020083], [135.41609733, 34.81989159], [135.41545018, 34.81869062], [135.41529133, 34.8186601], [135.41257705, 34.81880432], [135.41265002, 34.81837574], [135.41265436, 34.81813931], [135.41260286, 34.8179163], [135.41250415, 34.81760322], [135.41249557, 34.81745312], [135.41252965, 34.81714289], [135.41249102, 34.81680837], [135.41244784, 34.81670386], [135.41238346, 34.81663095], [135.41234913, 34.81655805], [135.41232338, 34.81645083], [135.41222467, 34.81563169], [135.41218175, 34.81551161], [135.41211308, 34.81546015], [135.41125042, 34.81546443], [135.41141752, 34.81862702], [135.41139626, 34.81869271], [135.41135578, 34.81872363], [135.41129864, 34.81872363], [135.41119151, 34.81870698], [135.41030915, 34.81847365], [135.41015297, 34.81838229], [135.41000822, 34.81829855], [135.40988251, 34.81826048], [135.40966158, 34.81824145], [135.40876488, 34.81828763], [135.40865441, 34.8183257], [135.40862013, 34.81840563], [135.40863536, 34.8185617], [135.40890201, 34.81906795], [135.40918932, 34.81979156], [135.40925189, 34.82011858], [135.40924707, 34.82040232], [135.40916045, 34.82074857], [135.40889074, 34.82133276], [135.40854904, 34.82195794], [135.40854904, 34.82205413], [135.40873219, 34.82277184], [135.40882844, 34.82285841], [135.40907389, 34.82292573], [135.40933858, 34.82296901], [135.40943483, 34.82293535], [135.40952627, 34.82281993], [135.40987442, 34.82195868], [135.40997067, 34.82192021], [135.41011024, 34.82190578], [135.41133335, 34.82197354], [135.41147773, 34.82203606], [135.41152104, 34.82214186], [135.4117956, 34.82341287], [135.41177635, 34.82350424], [135.41169935, 34.82358119], [135.40967201, 34.82442905], [135.4087701, 34.82478643], [135.40802896, 34.82500284], [135.40761026, 34.82507979], [135.40651014, 34.82509449], [135.40604331, 34.82501755], [135.40450171, 34.82449267], [135.40371585, 34.82518678], [135.40340784, 34.82536471], [135.40310465, 34.82550418], [135.40283033, 34.82568692], [135.40243271, 34.82598903], [135.40234483, 34.82600327], [135.40221213, 34.82597841], [135.40215482, 34.82596767], [135.40140238, 34.82570695], [135.40123434, 34.82569196], [135.40087425, 34.82572794], [135.40070921, 34.82579691], [135.40062219, 34.82591085], [135.40028874, 34.82655715], [135.40027974, 34.82662911], [135.40030074, 34.82670108], [135.40043567, 34.82687605], [135.40044468, 34.82694802], [135.40042667, 34.82700499], [135.40023762, 34.82727186], [135.40021962, 34.82732883], [135.40025863, 34.82741279], [135.40037266, 34.82749375], [135.40164757, 34.82839185], [135.40237288, 34.82775628], [135.40243435, 34.82774061], [135.40248077, 34.82773675], [135.40252526, 34.82774448], [135.40261147, 34.82780618], [135.40360003, 34.82851371], [135.40385258, 34.82861762], [135.40416455, 34.82869185], [135.40498744, 34.8288116], [135.40523008, 34.82892046], [135.40531426, 34.82902437], [135.40537369, 34.82922231], [135.40536083, 34.82950825], [135.40535388, 34.8296627], [135.40521044, 34.83033763], [135.40507674, 34.83062463], [135.4047147, 34.83107721], [135.40449867, 34.83127375], [135.40473934, 34.83164299], [135.40484043, 34.83166934], [135.40500744, 34.83164299], [135.40516566, 34.83161225], [135.4053107, 34.83164738], [135.40551727, 34.83182306], [135.40568429, 34.83188893], [135.40587213, 34.83188893], [135.40588207, 34.83188893], [135.40610182, 34.83181427], [135.40715305, 34.83114357], [135.40870729, 34.82987971], [135.40882042, 34.82986412], [135.40893354, 34.8298914], [135.40918392, 34.83003161], [135.40933996, 34.83003941], [135.40943358, 34.83002382], [135.40948429, 34.82993806], [135.4094999, 34.82934166], [135.40942928, 34.82915737], [135.40935516, 34.82904043], [135.40923424, 34.82896247], [135.40918125, 34.82893714], [135.40916605, 34.82890524], [135.40917517, 34.82883536], [135.40921318, 34.8287746], [135.4105347, 34.82781593], [135.41059923, 34.82780365], [135.41066683, 34.82780979], [135.41075595, 34.82787427], [135.41084507, 34.82791726], [135.41092189, 34.8279449], [135.41254465, 34.82812942], [135.41253919, 34.8275162], [135.41257192, 34.82745624], [135.41263465, 34.82740719], [135.41352572, 34.8273674], [135.41357784, 34.82739497], [135.41362076, 34.82744704], [135.41389102, 34.82854132], [135.41398299, 34.82861484], [135.41418226, 34.82867917], [135.41452868, 34.82869449], [135.41549643, 34.82862613], [135.41582377, 34.82934972], [135.41622777, 34.8304982], [135.41645796, 34.83123172], [135.41651592, 34.83126309], [135.41662701, 34.83127515], [135.41710837, 34.8310843], [135.41722187, 34.8310481], [135.41739092, 34.8310481], [135.41760344, 34.83104086], [135.41772178, 34.83100708], [135.41862088, 34.83058967], [135.41878317, 34.83055106], [135.41898796, 34.83054334], [135.41913789, 34.83053648], [135.41918748, 34.83051362], [135.4192218, 34.83045455], [135.41926293, 34.83013571], [135.41930751, 34.83006717], [135.4198914, 34.82980249], [135.42023892, 34.83079884], [135.42047978, 34.83111611], [135.42074801, 34.83135679], [135.42108741, 34.83152637], [135.42187269, 34.83201568], [135.42234895, 34.83232201], [135.42244878, 34.83242032], [135.42247309, 34.83249051], [135.42247849, 34.832585], [135.42246229, 34.83263899], [135.42243257, 34.83266329], [135.42173492, 34.83275047], [135.42169709, 34.83278016], [135.42169169, 34.83285845], [135.42171601, 34.83302043], [135.42210284, 34.83406308], [135.42232416, 34.83467816], [135.42233109, 34.83483418], [135.42229354, 34.83489557], [135.42223893, 34.83493991], [135.42211264, 34.83496379], [135.42120322, 34.83495438], [135.42110765, 34.83502601], [135.42108034, 34.83513515], [135.42108717, 34.83525453], [135.42125315, 34.83589765], [135.42129783, 34.83612983], [135.42135173, 34.83616484], [135.42144876, 34.83618369], [135.42162395, 34.83616215], [135.42313383, 34.83581043], [135.4237474, 34.83574112], [135.42401441, 34.83573172], [135.4239755, 34.835555], [135.4239725, 34.83554139], [135.42396222, 34.83549583], [135.42395361, 34.83545611], [135.42392916, 34.83534528], [135.42384972, 34.83508889], [135.42375584, 34.83474917], [135.42359666, 34.83414667], [135.42359528, 34.83401694], [135.42359518, 34.83400142], [135.423595, 34.83397361], [135.42359445, 34.83391722], [135.42359361, 34.83383694], [135.4235925, 34.83372139], [135.42359166, 34.83363361], [135.42359148, 34.8336125], [135.4235907, 34.83353511], [135.42358945, 34.83340694], [135.42363639, 34.83327723], [135.42368334, 34.8331475], [135.42371973, 34.83263444], [135.42372641, 34.83245585]]]}}, {"type": "Feature", "id": "did-1960-9", "properties": {"A16_001": "280221", "A16_002": "02822", "A16_003": "宝塚市", "A16_004": "1", "A16_005": "31668", "A16_006": "5.1", "A16_007": "0", "A16_008": "0.0", "A16_009": "47.6", "A16_010": "5.0", "A16_011": "1960", "year": 1960, "population": 31668.0, "areaKm2": 5.1, "density": 6209.411764705883}, "geometry": {"type": "Polygon", "coordinates": [[[135.35815487, 34.7825276], [135.35807039, 34.78255573], [135.3579336, 34.78264417], [135.35771233, 34.78292153], [135.35504888, 34.78274468], [135.35376819, 34.78264851], [135.35333197, 34.78263686], [135.35326079, 34.78266847], [135.35320543, 34.78270798], [135.35317379, 34.78278108], [135.35272574, 34.7844863], [135.35203214, 34.78744883], [135.35154889, 34.78981109], [135.35150009, 34.78988344], [135.3513968, 34.78995536], [135.35038862, 34.79044714], [135.35029836, 34.79122428], [135.35023827, 34.79148448], [135.34991236, 34.79248199], [135.34935648, 34.79224681], [135.34892579, 34.79283726], [135.3493015, 34.7933652], [135.34951184, 34.79378052], [135.34969229, 34.79433737], [135.34975854, 34.7945581], [135.34974869, 34.79463925], [135.34971423, 34.79467368], [135.34965516, 34.79469582], [135.34951979, 34.7946909], [135.34807845, 34.79427003], [135.34707468, 34.79390329], [135.34667772, 34.79370183], [135.34591473, 34.79310998], [135.3458466, 34.79302335], [135.34582802, 34.79286555], [135.3458466, 34.79265824], [135.34625574, 34.79136695], [135.34539355, 34.79166031], [135.34524939, 34.79175375], [135.34507406, 34.79195229], [135.34469891, 34.79223367], [135.34451968, 34.7922726], [135.34438331, 34.79225703], [135.34426253, 34.79219863], [135.34404044, 34.79196895], [135.34290815, 34.79069638], [135.34215812, 34.78971677], [135.34204537, 34.78966779], [135.34185909, 34.7896629], [135.33934207, 34.78967354], [135.34057095, 34.79172869], [135.34077216, 34.79214493], [135.34082715, 34.79241963], [135.34081607, 34.79269045], [135.34073909, 34.7929267], [135.34061811, 34.79308053], [135.3402827, 34.79324535], [135.33976494, 34.79347832], [135.33961097, 34.79361017], [135.33940066, 34.79395581], [135.33938929, 34.79402018], [135.33940824, 34.79405425], [135.33948023, 34.79409968], [135.33983682, 34.79433509], [135.34003568, 34.79458708], [135.34013753, 34.7948003], [135.34013753, 34.7949263], [135.34007933, 34.79513468], [135.33997263, 34.79526067], [135.33971072, 34.79538182], [135.33924559, 34.79547109], [135.33871176, 34.79549827], [135.33737563, 34.79547713], [135.33690416, 34.79549063], [135.33650203, 34.79554619], [135.33618118, 34.79565305], [135.33585949, 34.79581236], [135.33524773, 34.79628682], [135.33519547, 34.79634848], [135.33516747, 34.79645305], [135.33516569, 34.79679504], [135.33521391, 34.79692104], [135.33527882, 34.79697848], [135.33536227, 34.7970211], [135.33545129, 34.79702295], [135.33554587, 34.79700072], [135.33573503, 34.79688398], [135.33647947, 34.79641553], [135.33666253, 34.79633572], [135.33696207, 34.79630912], [135.33728825, 34.7963457], [135.33758917, 34.79643903], [135.33798857, 34.79664854], [135.3380751, 34.79666184], [135.33821489, 34.79665519], [135.33837132, 34.79657538], [135.33876523, 34.79639254], [135.33908808, 34.79634931], [135.33961395, 34.79638921], [135.3399601, 34.79652556], [135.34022303, 34.79670514], [135.34038341, 34.79692905], [135.34046995, 34.79712526], [135.34054317, 34.79749107], [135.34191621, 34.79746521], [135.34186586, 34.79663522], [135.3418976, 34.79657612], [135.34194377, 34.79654873], [135.34205343, 34.79655593], [135.34218329, 34.79657323], [135.34288251, 34.79692626], [135.34338485, 34.79725693], [135.34370989, 34.79756989], [135.34396477, 34.79796185], [135.34401205, 34.7981449], [135.34402978, 34.79837519], [135.34401125, 34.79887826], [135.3439793, 34.7989363], [135.3439154, 34.79897112], [135.34342128, 34.79900409], [135.34332833, 34.79905052], [135.34326153, 34.79910856], [135.34318892, 34.79924206], [135.34289523, 34.80023102], [135.3418936, 34.80006492], [135.3413532, 34.80121627], [135.3413532, 34.80130586], [135.3413737, 34.80140057], [135.34142494, 34.80146713], [135.342711, 34.80253135], [135.34275612, 34.80263119], [135.34274323, 34.80270849], [135.34270455, 34.80278578], [135.34260785, 34.8028824], [135.3423661, 34.80300801], [135.34211467, 34.80306276], [135.34168274, 34.80310141], [135.34074635, 34.80322784], [135.34032457, 34.80332915], [135.34021507, 34.80338993], [135.34014613, 34.80347097], [135.34010557, 34.80359254], [135.3399227, 34.80403527], [135.33983753, 34.80413252], [135.33966314, 34.80420951], [135.33838041, 34.80475388], [135.33834391, 34.8047944], [135.33833174, 34.80487139], [135.33835608, 34.80495243], [135.33915907, 34.8059881], [135.3391622, 34.80602725], [135.33914967, 34.8060664], [135.33912145, 34.80609929], [135.33883899, 34.80630491], [135.33863435, 34.80648532], [135.338522, 34.80666974], [135.33850194, 34.80675794], [135.33851799, 34.80684213], [135.33858219, 34.80696241], [135.33882695, 34.80721498], [135.33919714, 34.8075213], [135.33946197, 34.80767365], [135.33972679, 34.80776586], [135.34021716, 34.80787908], [135.34078322, 34.80795171], [135.34088754, 34.80801586], [135.34103199, 34.80816821], [135.34113246, 34.80840537], [135.34114049, 34.80857776], [135.34110839, 34.80866997], [135.34101209, 34.80879827], [135.3407914, 34.80893458], [135.33881981, 34.80986126], [135.33783863, 34.81028582], [135.33578727, 34.81119506], [135.3348732, 34.81167798], [135.33460027, 34.81188623], [135.3343814, 34.8121152], [135.33434341, 34.81219056], [135.33434363, 34.81227046], [135.3343714, 34.81232282], [135.33558077, 34.81329833], [135.33702137, 34.8143281], [135.33707941, 34.81435973], [135.33714008, 34.81436237], [135.33719812, 34.81433601], [135.33748391, 34.81412257], [135.33761317, 34.81409621], [135.3378163, 34.8141252], [135.33809329, 34.81424118], [135.33831009, 34.81443295], [135.33862873, 34.81481432], [135.33876813, 34.81491049], [135.33968899, 34.81550164], [135.33999384, 34.81576868], [135.34021517, 34.81605658], [135.34035715, 34.81637369], [135.3405437, 34.8169404], [135.340612, 34.81730263], [135.34069396, 34.81771916], [135.34076885, 34.81779657], [135.34088763, 34.81784559], [135.34110196, 34.81788429], [135.34295281, 34.81803326], [135.34295372, 34.8162076], [135.3430322, 34.81516202], [135.34317373, 34.8142334], [135.34326052, 34.81404712], [135.34343088, 34.81383836], [135.3437909, 34.81351397], [135.34482814, 34.81279481], [135.34503035, 34.8127342], [135.34530941, 34.81278673], [135.34571385, 34.81292816], [135.34618703, 34.81323123], [135.34788691, 34.81456869], [135.34804744, 34.81461859], [135.348183, 34.81461502], [135.3483899, 34.81451522], [135.34897666, 34.81400253], [135.34917512, 34.81375945], [135.35019824, 34.81215076], [135.35028949, 34.8120533], [135.35040906, 34.81202186], [135.35078035, 34.81206273], [135.3512406, 34.81219215], [135.35134129, 34.8122456], [135.35141681, 34.81232105], [135.35189889, 34.81295656], [135.35192982, 34.81304309], [135.35191745, 34.81311571], [135.35185868, 34.81319915], [135.35146824, 34.81337496], [135.35101693, 34.81355296], [135.35076737, 34.81369343], [135.35066153, 34.81377742], [135.3505588, 34.81391739], [135.35049031, 34.81407602], [135.35037201, 34.81428443], [135.3502257, 34.81443684], [135.34958957, 34.81493269], [135.3504713, 34.81547017], [135.35055641, 34.81550288], [135.35066335, 34.81549198], [135.35085104, 34.81541347], [135.35189043, 34.81471179], [135.35295302, 34.81396867], [135.35336087, 34.81375654], [135.35372116, 34.8136573], [135.35404517, 34.81362712], [135.35424562, 34.8136765], [135.35443784, 34.81382466], [135.35456964, 34.81401671], [135.35483116, 34.81451985], [135.35497175, 34.81508876], [135.35506618, 34.81608421], [135.35514996, 34.81623192], [135.35525837, 34.81629101], [135.35539143, 34.81629101], [135.35559348, 34.81618268], [135.35727512, 34.81508498], [135.35757376, 34.81524027], [135.35846596, 34.81589619], [135.35850437, 34.81598621], [135.35849718, 34.81605085], [135.35844686, 34.8161155], [135.35825358, 34.81633214], [135.3582435, 34.81636907], [135.35827542, 34.81642278], [135.35873551, 34.81661313], [135.35878262, 34.81661125], [135.35883915, 34.81658489], [135.35905466, 34.81627347], [135.35910919, 34.81623793], [135.35923722, 34.81621898], [135.36031245, 34.81638205], [135.36047353, 34.81636118], [135.36055705, 34.81628667], [135.36073901, 34.81598565], [135.36099462, 34.81544629], [135.36124682, 34.81469032], [135.36136692, 34.81413233], [135.36152292, 34.81296519], [135.36166123, 34.812327], [135.36188341, 34.81179301], [135.36205769, 34.81136862], [135.36205769, 34.81122413], [135.36201047, 34.81107375], [135.36190718, 34.81092336], [135.36168819, 34.81075706], [135.36113269, 34.81045233], [135.36110908, 34.81036092], [135.36112679, 34.81023412], [135.36127192, 34.80990605], [135.36135455, 34.80980874], [135.36147851, 34.80978515], [135.36191824, 34.80976745], [135.36189463, 34.8093045], [135.36174059, 34.80925647], [135.36147498, 34.80921814], [135.36109722, 34.8092034], [135.36087388, 34.80919045], [135.36080146, 34.80916151], [135.36075388, 34.80912223], [135.36063571, 34.80898976], [135.3605695, 34.80893808], [135.36044743, 34.8089112], [135.35964577, 34.80887992], [135.35911435, 34.80890326], [135.35876688, 34.80895577], [135.3583803, 34.80907884], [135.35761166, 34.80943505], [135.3562531, 34.80941132], [135.3561217, 34.80937631], [135.3560633, 34.80931213], [135.35601659, 34.80917209], [135.35587624, 34.80851572], [135.3558067, 34.80842566], [135.35569853, 34.80840764], [135.35418291, 34.80841254], [135.35406625, 34.80840283], [135.35398524, 34.80837045], [135.3538321, 34.80802337], [135.35375757, 34.80798775], [135.35360852, 34.80799423], [135.3520865, 34.80824843], [135.3520177, 34.80823824], [135.35199987, 34.80821278], [135.35200751, 34.80811349], [135.35210179, 34.80787162], [135.35286576, 34.80640966], [135.35314974, 34.80595181], [135.35338853, 34.80571967], [135.35397725, 34.80512975], [135.35426122, 34.80475574], [135.35442902, 34.80438172], [135.35460876, 34.80384989], [135.35467579, 34.8037502], [135.35480674, 34.80366609], [135.35501876, 34.80359911], [135.35671177, 34.8033306], [135.35865777, 34.80175644], [135.35966092, 34.80098625], [135.36052958, 34.80039425], [135.36224384, 34.79932363], [135.36368562, 34.79840685], [135.36427947, 34.79794606], [135.36518288, 34.79713809], [135.36639819, 34.79606135], [135.36674628, 34.79559868], [135.36699267, 34.79512526], [135.36713165, 34.79462028], [135.36728396, 34.79377705], [135.36737872, 34.79349931], [135.36788064, 34.79268053], [135.36624688, 34.7920603], [135.36587427, 34.79266831], [135.36580809, 34.79269267], [135.36571406, 34.79268223], [135.36521814, 34.79248035], [135.36481066, 34.79240728], [135.36474797, 34.79243163], [135.3646818, 34.79249079], [135.36412773, 34.7931573], [135.36360592, 34.79369854], [135.36346615, 34.79387627], [135.36346615, 34.79391662], [135.36347961, 34.79394755], [135.36353075, 34.79396638], [135.36364651, 34.79397983], [135.36441757, 34.79399419], [135.36462079, 34.7940145], [135.36480877, 34.79406526], [135.36485618, 34.79408895], [135.36486804, 34.7941211], [135.36484772, 34.79417186], [135.3647732, 34.79424462], [135.36344674, 34.795191], [135.36306864, 34.79554004], [135.36213221, 34.79641938], [135.36155418, 34.79682411], [135.36100793, 34.79716632], [135.36047334, 34.79742716], [135.35991155, 34.79771242], [135.3598114, 34.79771242], [135.35976026, 34.79768261], [135.35973043, 34.79758256], [135.35978718, 34.79697094], [135.35983543, 34.79689059], [135.35990513, 34.79686916], [135.36085234, 34.79680192], [135.36088987, 34.79654746], [135.35998644, 34.79641353], [135.36031299, 34.79404071], [135.36058059, 34.7923506], [135.36069047, 34.79147946], [135.35842175, 34.79170378], [135.35836314, 34.79355667], [135.35831257, 34.79368152], [135.35822332, 34.79375286], [135.35799126, 34.79382123], [135.35726917, 34.79391745], [135.35655515, 34.79395015], [135.35637664, 34.79397987], [135.35620111, 34.79403041], [135.35605236, 34.79411661], [135.3556168, 34.79444193], [135.35553945, 34.79448652], [135.3554502, 34.79451327], [135.35504759, 34.79458811], [135.35491966, 34.79464756], [135.35479173, 34.79475161], [135.35472707, 34.7948364], [135.3537127, 34.79488367], [135.3535554, 34.79355413], [135.35356424, 34.79341003], [135.35362605, 34.79323062], [135.35381757, 34.79266901], [135.35391177, 34.79210904], [135.35394947, 34.79143433], [135.35402906, 34.78994847], [135.35399943, 34.78969389], [135.35391648, 34.78940971], [135.35341186, 34.78840592], [135.35338816, 34.78826382], [135.35338816, 34.78807437], [135.35407053, 34.78495398], [135.35446037, 34.78492347], [135.35467005, 34.7849322], [135.3547778, 34.78497003], [135.35482731, 34.78502241], [135.35501503, 34.7854261], [135.35512686, 34.78556764], [135.35527597, 34.78568682], [135.35535395, 34.78577858], [135.35554404, 34.78602497], [135.35568499, 34.786147], [135.35597679, 34.78632768], [135.35612886, 34.78646319], [135.35624394, 34.78660692], [135.35640423, 34.78694776], [135.35758997, 34.7864225], [135.35782834, 34.78637732], [135.35795164, 34.78639375], [135.35807905, 34.78647588], [135.35825166, 34.78655801], [135.35835441, 34.78655801], [135.35842428, 34.78652926], [135.35846949, 34.78645124], [135.35855028, 34.7850729], [135.35857647, 34.78496313], [135.35864, 34.78492758], [135.35873658, 34.78491996], [135.35934184, 34.78498078], [135.35947224, 34.78413551], [135.3595298, 34.78403647], [135.35964811, 34.78393423], [135.35980159, 34.7838895], [135.36013733, 34.78384478], [135.3601757, 34.78380324], [135.36020768, 34.7837074], [135.36035233, 34.78269251], [135.35815487, 34.7825276]]]}}, {"type": "Feature", "id": "did-1960-13", "properties": {"A16_001": "280231", "A16_002": "02823", "A16_003": "三木市", "A16_004": "1", "A16_005": "14230", "A16_006": "2.2", "A16_007": "0", "A16_008": "0.0", "A16_009": "37.2", "A16_010": "1.82", "A16_011": "1960", "year": 1960, "population": 14230.0, "areaKm2": 2.2, "density": 6468.181818181818}, "geometry": {"type": "Polygon", "coordinates": [[[134.98178862, 34.79126701], [134.98164473, 34.79130295], [134.98058649, 34.79177833], [134.98019774, 34.79458629], [134.97903773, 34.79449965], [134.97903436, 34.79547131], [134.9778509, 34.79515962], [134.97773558, 34.79455646], [134.97761231, 34.79429406], [134.97738721, 34.79405844], [134.97702298, 34.79387789], [134.97656992, 34.79374629], [134.97612157, 34.79369122], [134.97582392, 34.79371754], [134.97561056, 34.79380176], [134.97539984, 34.79399388], [134.97514897, 34.79435309], [134.97511209, 34.79446889], [134.97509892, 34.79459522], [134.9751358, 34.79486103], [134.97568552, 34.79773156], [134.97604838, 34.79900859], [134.97642947, 34.80031409], [134.97705555, 34.80179639], [134.97803758, 34.80404692], [134.97868105, 34.80551544], [134.97902455, 34.8062114], [134.97945392, 34.80676435], [134.97997871, 34.80724103], [134.98071622, 34.80778883], [134.98144138, 34.80821784], [134.98312071, 34.80900913], [134.9836895, 34.80935521], [134.98428976, 34.80979097], [134.984789, 34.81021375], [134.98513932, 34.81055456], [134.9859806, 34.80934432], [134.98625437, 34.80877838], [134.98641485, 34.80810869], [134.98645261, 34.80758991], [134.98640039, 34.80719008], [134.98630296, 34.80680067], [134.98614521, 34.80636955], [134.98600602, 34.80612849], [134.98682942, 34.8058675], [134.98752537, 34.80578406], [134.98839299, 34.80576551], [134.99031535, 34.80584084], [134.99123613, 34.80583266], [134.99225696, 34.80572163], [134.99253525, 34.80567256], [134.99259254, 34.80563167], [134.9926662, 34.80549673], [134.9929533, 34.80453011], [134.99305561, 34.80442789], [134.99323977, 34.80433793], [134.9946172, 34.80386622], [134.99575898, 34.80345323], [134.99561408, 34.80275563], [134.99557943, 34.80242671], [134.99559675, 34.80174577], [134.99553716, 34.80071564], [134.99546427, 34.80041627], [134.9953752, 34.80022208], [134.99526183, 34.80013308], [134.99503914, 34.80005217], [134.99352058, 34.79982137], [134.99343462, 34.7997482], [134.99340915, 34.79967821], [134.99340915, 34.79947143], [134.99332826, 34.79803854], [134.99334428, 34.79798251], [134.99340437, 34.79792247], [134.99354858, 34.79789845], [134.99389007, 34.79794215], [134.99426383, 34.79802856], [134.99432486, 34.79802856], [134.99436424, 34.79801085], [134.99439771, 34.79795184], [134.99451367, 34.7972675], [134.994497, 34.79717588], [134.99444698, 34.79713424], [134.99377137, 34.79684205], [134.99365467, 34.796731], [134.99355398, 34.79653015], [134.99312353, 34.79564874], [134.99303264, 34.79539725], [134.99288682, 34.7949268], [134.99283184, 34.79487358], [134.99273562, 34.79484097], [134.9925535, 34.79482552], [134.99241948, 34.79485127], [134.99116576, 34.79540496], [134.99084814, 34.79557303], [134.99063262, 34.79572684], [134.99011324, 34.79624626], [134.98876632, 34.79726738], [134.98846498, 34.79743181], [134.98830934, 34.79746204], [134.98805858, 34.79744045], [134.9876284, 34.79732597], [134.98727256, 34.79718889], [134.98695712, 34.79696219], [134.9864078, 34.7964301], [134.98595401, 34.79583846], [134.98587562, 34.7955934], [134.98582028, 34.79520082], [134.98571684, 34.7937257], [134.98567333, 34.79357351], [134.98556453, 34.79341318], [134.98536827, 34.79325438], [134.9845545, 34.79279784], [134.98362219, 34.79230068], [134.9833959, 34.7921311], [134.98314408, 34.79195358], [134.98293448, 34.79184887], [134.98272488, 34.79178903], [134.98209876, 34.79173264], [134.98191558, 34.79129873], [134.98188384, 34.79126913], [134.98178862, 34.79126701]]]}}, {"type": "Feature", "id": "did-1960-16", "properties": {"A16_001": "280151", "A16_002": "02815", "A16_003": "伊丹市", "A16_004": "1", "A16_005": "42766", "A16_006": "3.9", "A16_007": "0", "A16_008": "0.0", "A16_009": "49.5", "A16_010": "15.54", "A16_011": "1960", "year": 1960, "population": 42766.0, "areaKm2": 3.9, "density": 10965.641025641025}, "geometry": {"type": "Polygon", "coordinates": [[[135.41894375, 34.76388285], [135.41897861, 34.76380389], [135.41897349, 34.76369123], [135.41897334, 34.76368778], [135.41897166, 34.7636475], [135.41896278, 34.76344861], [135.41895861, 34.76335667], [135.41895416, 34.76326], [135.41894723, 34.763105], [135.41894195, 34.76298917], [135.41893528, 34.7628375], [135.41892834, 34.76278667], [135.41889889, 34.76256917], [135.41878889, 34.76257194], [135.41866028, 34.762575], [135.41850139, 34.76256611], [135.41815889, 34.76259333], [135.41812555, 34.76259583], [135.41764346, 34.76261089], [135.41759195, 34.7626125], [135.41754695, 34.76261389], [135.41714139, 34.76261083], [135.41710321, 34.76261058], [135.41681195, 34.76260861], [135.41676555, 34.76260806], [135.41670834, 34.76260778], [135.41657084, 34.76259], [135.41644778, 34.7625125], [135.41629611, 34.76249444], [135.41622361, 34.76245889], [135.41620916, 34.76238111], [135.4161996, 34.76223785], [135.41619666, 34.76219389], [135.41619472, 34.76216694], [135.41619472, 34.76216639], [135.4162, 34.76212056], [135.41622361, 34.76192194], [135.41624555, 34.76171306], [135.41623972, 34.76165407], [135.41623361, 34.76159222], [135.41622861, 34.76154111], [135.41622527, 34.76150667], [135.41621666, 34.761415], [135.41621305, 34.76138444], [135.41618778, 34.76117639], [135.41615972, 34.76092667], [135.41615611, 34.76089444], [135.41615195, 34.76085889], [135.41614445, 34.76079167], [135.41607945, 34.76055306], [135.4160545, 34.760342], [135.41605055, 34.76030861], [135.41604334, 34.76015944], [135.41588369, 34.76002332], [135.41585666, 34.76000028], [135.41584305, 34.75998861], [135.41583361, 34.75998056], [135.41577037, 34.75996791], [135.41567666, 34.75994917], [135.41562389, 34.75993861], [135.41549361, 34.75987889], [135.41533445, 34.75986694], [135.41538166, 34.75983083], [135.41544305, 34.75978361], [135.41546972, 34.75973472], [135.41550805, 34.75966417], [135.41567945, 34.75941778], [135.415765, 34.75929513], [135.41579028, 34.75925889], [135.41584008, 34.75921117], [135.416195, 34.75887111], [135.41657111, 34.75850139], [135.41670805, 34.75832111], [135.41686166, 34.75811861], [135.41694722, 34.75800611], [135.41696889, 34.75789278], [135.41690139, 34.75783083], [135.41678084, 34.75771972], [135.41665778, 34.75767222], [135.41650139, 34.75760083], [135.4164625, 34.75758333], [135.41644805, 34.75757667], [135.41641916, 34.75751111], [135.41644084, 34.75704611], [135.41641916, 34.75690278], [135.41638305, 34.7568075], [135.41629639, 34.75678944], [135.41619305, 34.75678889], [135.416155, 34.75678861], [135.41580417, 34.75678623], [135.41575581, 34.75678591], [135.41570416, 34.75678556], [135.41548916, 34.75678417], [135.41544445, 34.75678389], [135.41539277, 34.75678361], [135.4152625, 34.75687306], [135.41524161, 34.75703622], [135.41522111, 34.75719639], [135.41521445, 34.75724806], [135.41520889, 34.75729167], [135.4151975, 34.75737972], [135.41506, 34.75757667], [135.41493722, 34.75770194], [135.4146625, 34.75807167], [135.41451778, 34.75831639], [135.41449722, 34.75836222], [135.41441639, 34.75854306], [135.41438834, 34.75863083], [135.41436939, 34.75869041], [135.41434416, 34.75876972], [135.41434223, 34.75885889], [135.41434111, 34.75891889], [135.41433972, 34.75897944], [135.41433695, 34.75910972], [135.41431973, 34.75913083], [135.41422861, 34.75924111], [135.41408695, 34.75928139], [135.41406, 34.75928917], [135.41399584, 34.75930722], [135.4138525, 34.75934806], [135.41328963, 34.75937623], [135.41313666, 34.75938389], [135.41299916, 34.75952694], [135.41278139, 34.75970944], [135.41276805, 34.75972083], [135.41273334, 34.75974972], [135.41258148, 34.75987723], [135.41256528, 34.75989083], [135.41241472, 34.75994472], [135.41240778, 34.75994667], [135.41211861, 34.76002222], [135.41203834, 34.7600275], [135.4118525, 34.76003944], [135.41183315, 34.76004069], [135.41165889, 34.76005194], [135.41165584, 34.76005223], [135.41111334, 34.76010583], [135.41105361, 34.76018528], [135.41098334, 34.76027889], [135.41092305, 34.76035583], [135.41083861, 34.76046389], [135.41074286, 34.76061808], [135.41073666, 34.76062806], [135.41071611, 34.76066111], [135.41069473, 34.76069528], [135.41054945, 34.76092917], [135.41044084, 34.76107833], [135.41035445, 34.76104667], [135.41032055, 34.76103444], [135.41028222, 34.76102028], [135.41018778, 34.76098583], [135.40972764, 34.7608245], [135.40972764, 34.7608245], [135.409195, 34.76185677], [135.4087923, 34.76264139], [135.40869162, 34.76299347], [135.40864966, 34.76352264], [135.40870904, 34.76382916], [135.40884263, 34.76410107], [135.4089218, 34.764195], [135.40906035, 34.76425927], [135.40966467, 34.76421605], [135.4098428, 34.76423088], [135.41005557, 34.7643001], [135.41087694, 34.76466594], [135.41030297, 34.76538775], [135.40860936, 34.76474621], [135.40847081, 34.76474621], [135.40832237, 34.76483026], [135.40805477, 34.76536052], [135.40797561, 34.76538524], [135.40778758, 34.76538524], [135.40690527, 34.76532612], [135.40652427, 34.76538544], [135.40632257, 34.76541892], [135.40630068, 34.7654578], [135.40632257, 34.76553312], [135.40640768, 34.76564003], [135.40776659, 34.76693199], [135.40799071, 34.76716836], [135.40822105, 34.76729899], [135.40962893, 34.76788908], [135.40971185, 34.76788908], [135.40975986, 34.76783239], [135.40991668, 34.76691496], [135.40996563, 34.76684771], [135.41007884, 34.76682019], [135.41343107, 34.7670467], [135.4134276, 34.76841105], [135.41417057, 34.76868414], [135.41425141, 34.7682995], [135.41435874, 34.76811844], [135.4146187, 34.76793424], [135.41471419, 34.76793424], [135.41478847, 34.76797241], [135.4148585, 34.76807631], [135.41494246, 34.76879981], [135.41483418, 34.77104165], [135.41473669, 34.77311492], [135.41349345, 34.77318257], [135.41281777, 34.77314905], [135.41153418, 34.77304823], [135.41143527, 34.77306235], [135.41141172, 34.77309294], [135.41141172, 34.77315412], [135.41146604, 34.77323968], [135.41175102, 34.77349853], [135.4117675, 34.77355736], [135.41173453, 34.77360442], [135.41043399, 34.77420787], [135.41027337, 34.77420787], [135.41001976, 34.77419942], [135.40908359, 34.77405571], [135.40872009, 34.77405994], [135.40820865, 34.77407261], [135.40784092, 34.7741993], [135.40768507, 34.77425733], [135.40764145, 34.77425733], [135.40756666, 34.77423865], [135.40704636, 34.77362399], [135.40695994, 34.77356754], [135.40637828, 34.77335499], [135.40624865, 34.77336164], [135.40616888, 34.77340481], [135.40592939, 34.77360063], [135.40585626, 34.77361724], [135.40576985, 34.77360728], [135.40539717, 34.77337151], [135.40449562, 34.77416981], [135.40442582, 34.77426943], [135.40435935, 34.77446869], [135.40403436, 34.7752339], [135.40390891, 34.77547624], [135.40388382, 34.77559324], [135.40385435, 34.77588323], [135.40380417, 34.77602112], [135.40372053, 34.77613811], [135.4029797, 34.77658192], [135.40274133, 34.77724629], [135.40426763, 34.7775511], [135.40523576, 34.77782973], [135.40539887, 34.77782973], [135.40555671, 34.7777719], [135.4065278, 34.77737737], [135.40700264, 34.77727569], [135.40710235, 34.77727388], [135.40717124, 34.77729199], [135.4071948, 34.77733003], [135.40717849, 34.77741154], [135.40708376, 34.77780496], [135.40708376, 34.77819505], [135.40716204, 34.77880509], [135.4072141, 34.77920559], [135.4072141, 34.77937203], [135.40708396, 34.77961129], [135.40664073, 34.77996075], [135.40654182, 34.77997636], [135.40645853, 34.77990874], [135.40599045, 34.77947405], [135.40525326, 34.78015228], [135.40626791, 34.78044202], [135.40470053, 34.78083865], [135.40453798, 34.78167273], [135.40490988, 34.78164026], [135.40512652, 34.78207678], [135.40625785, 34.7819791], [135.406377, 34.78191777], [135.40648893, 34.78174821], [135.406974, 34.78065795], [135.40946867, 34.78111684], [135.40920064, 34.78239232], [135.41023767, 34.78249875], [135.41016499, 34.78317961], [135.40982792, 34.78352331], [135.40950538, 34.78395906], [135.4089784, 34.78467169], [135.4082598, 34.78573629], [135.40787303, 34.78640132], [135.40768223, 34.78683707], [135.40817583, 34.78744969], [135.40820039, 34.78753892], [135.40821825, 34.78779993], [135.40822209, 34.78828323], [135.40823894, 34.78837024], [135.40829231, 34.78846286], [135.40850599, 34.78873327], [135.40853127, 34.78885116], [135.40851722, 34.78910377], [135.40827038, 34.78992424], [135.40767044, 34.79084607], [135.40835159, 34.79140175], [135.40904228, 34.79094336], [135.40920361, 34.79091817], [135.40939015, 34.79095847], [135.41006183, 34.79151815], [135.41013745, 34.79157356], [135.41024332, 34.79157859], [135.41029878, 34.79154837], [135.41142553, 34.79052375], [135.4121868, 34.78995958], [135.41233804, 34.78991928], [135.41250442, 34.78995958], [135.41363494, 34.79079311], [135.41373577, 34.79123639], [135.41512834, 34.79223963], [135.41576357, 34.79186686], [135.41591482, 34.79164522], [135.4160459, 34.79120698], [135.41610162, 34.79071563], [135.4160512, 34.79014138], [135.41574321, 34.78919635], [135.41564238, 34.7887178], [135.41559701, 34.78830978], [135.4156426, 34.78765687], [135.41562748, 34.78708261], [135.41556194, 34.78675015], [135.4153485, 34.7860954], [135.41530962, 34.78590117], [135.41530608, 34.78571047], [135.41536617, 34.7855339], [135.4155189, 34.78536258], [135.41580165, 34.78507654], [135.41606673, 34.78467395], [135.41617276, 34.78461392], [135.41634241, 34.78460333], [135.4172485, 34.7848584], [135.41731918, 34.78493609], [135.41732272, 34.78507028], [135.41722802, 34.78712199], [135.41681184, 34.79041954], [135.416541, 34.7926653], [135.41762603, 34.7926653], [135.41770163, 34.79260309], [135.41774165, 34.79249201], [135.4178493, 34.79181396], [135.4180005, 34.79153849], [135.41825397, 34.79122747], [135.41888283, 34.79076564], [135.41893878, 34.7906748], [135.41894577, 34.79055601], [135.41891568, 34.78871507], [135.4189102, 34.78769441], [135.41935735, 34.78762387], [135.41964555, 34.78606921], [135.41973969, 34.78559265], [135.41975898, 34.78529518], [135.41978024, 34.78436975], [135.41981726, 34.78428346], [135.4198882, 34.78424339], [135.42026229, 34.78435776], [135.42045044, 34.78439782], [135.42083679, 34.78441053], [135.42119766, 34.7843643], [135.42129944, 34.78434889], [135.42135496, 34.78437971], [135.42139506, 34.78444135], [135.42141689, 34.78483643], [135.42144465, 34.7848765], [135.42155569, 34.78490423], [135.42231258, 34.78479918], [135.42278449, 34.78468207], [135.42359701, 34.78455555], [135.42414912, 34.78454939], [135.42512787, 34.78454916], [135.4253313, 34.78346869], [135.4255287, 34.78281387], [135.42597877, 34.78174881], [135.42666684, 34.78043478], [135.42696405, 34.77990872], [135.42701062, 34.77971097], [135.42704942, 34.7795171], [135.42703778, 34.77938914], [135.42698733, 34.77929996], [135.42649756, 34.7790502], [135.42644809, 34.77900698], [135.42643873, 34.77895087], [135.42644809, 34.77885602], [135.42658543, 34.77842657], [135.42658886, 34.77821111], [135.42646905, 34.77791698], [135.42617126, 34.77757497], [135.42498822, 34.77659788], [135.42448269, 34.77620382], [135.42435982, 34.77601968], [135.42396377, 34.77539702], [135.42388527, 34.77532462], [135.42377054, 34.77531255], [135.42365883, 34.77533065], [135.42190675, 34.77642495], [135.42183563, 34.77642157], [135.42178483, 34.77638435], [135.42175097, 34.77622193], [135.42170646, 34.77558778], [135.42167936, 34.77557425], [135.42154051, 34.77556748], [135.42023877, 34.77577109], [135.41963098, 34.77546365], [135.41959679, 34.7754219], [135.41974094, 34.77499603], [135.41971431, 34.77495345], [135.41899742, 34.77463847], [135.41901606, 34.77432715], [135.41946129, 34.77433374], [135.41967908, 34.77433374], [135.42040373, 34.77426684], [135.42062487, 34.77427689], [135.42080245, 34.77430702], [135.42094653, 34.77437397], [135.42102359, 34.77437063], [135.42110401, 34.77429028], [135.42143995, 34.77375512], [135.42155789, 34.77335874], [135.42164935, 34.77271405], [135.42167974, 34.7715684], [135.42165722, 34.77157139], [135.42153111, 34.77158806], [135.42146611, 34.77155806], [135.42147334, 34.77129861], [135.42150223, 34.77082139], [135.42138945, 34.77079667], [135.42133916, 34.77078556], [135.42128528, 34.77077361], [135.42129611, 34.770305], [135.42129695, 34.7702575], [135.42129973, 34.77014139], [135.42130148, 34.77001436], [135.42130176, 34.76999388], [135.42130361, 34.76986083], [135.42130972, 34.76943278], [135.42131416, 34.76911556], [135.42135651, 34.76908586], [135.42145834, 34.76901444], [135.42157416, 34.76893361], [135.42170445, 34.76818806], [135.42171087, 34.76814562], [135.42174778, 34.76790167], [135.42173916, 34.76784223], [135.42173084, 34.76778556], [135.42172611, 34.7677525], [135.42166889, 34.76765167], [135.42161028, 34.76754861], [135.42156445, 34.76746806], [135.42150916, 34.76737056], [135.42145778, 34.76728333], [135.42143362, 34.76724197], [135.42140555, 34.76719389], [135.42133361, 34.76707139], [135.42128861, 34.76699444], [135.42103222, 34.76655667], [135.42092972, 34.76646917], [135.42082611, 34.76638028], [135.42079852, 34.76635672], [135.42066305, 34.76624111], [135.4205575, 34.76615083], [135.42050305, 34.76610444], [135.42044722, 34.76605667], [135.42036305, 34.76598473], [135.42022945, 34.76587056], [135.41986805, 34.7658825], [135.41920278, 34.76590056], [135.41868195, 34.7658825], [135.41856416, 34.76587194], [135.4184625, 34.76586306], [135.41830111, 34.76584861], [135.41824416, 34.76584361], [135.41814723, 34.765835], [135.4180025, 34.76576917], [135.41795222, 34.76570528], [135.41792166, 34.76566583], [135.41784361, 34.76556639], [135.41782723, 34.76552316], [135.41779278, 34.76543222], [135.4178, 34.76532472], [135.41785084, 34.76521139], [135.41795584, 34.76513806], [135.41812777, 34.76501777], [135.41818334, 34.76497889], [135.41830334, 34.76492944], [135.41848722, 34.76485361], [135.41848985, 34.76480701], [135.41850166, 34.76459694], [135.41854472, 34.76443], [135.41865666, 34.76429167], [135.41878, 34.76413917], [135.41889166, 34.76400083], [135.41894375, 34.76388285]]]}}, {"type": "Feature", "id": "did-1960-18", "properties": {"A16_001": "280152", "A16_002": "02815", "A16_003": "伊丹市", "A16_004": "2", "A16_005": "6352", "A16_006": "0.7", "A16_007": "0", "A16_008": "0.0", "A16_009": "7.3", "A16_010": "2.79", "A16_011": "1960", "year": 1960, "population": 6352.0, "areaKm2": 0.7, "density": 9074.285714285716}, "geometry": {"type": "Polygon", "coordinates": [[[135.39003141, 34.77663053], [135.39058835, 34.77740278], [135.38994422, 34.779558], [135.38952566, 34.77966933], [135.38949448, 34.78094845], [135.3894873, 34.78107758], [135.38943465, 34.78117084], [135.38918554, 34.7812817], [135.38913528, 34.78133192], [135.38912092, 34.7813917], [135.38930409, 34.7822924], [135.38935279, 34.78244323], [135.38969881, 34.78286317], [135.38978646, 34.78303834], [135.38982055, 34.78319404], [135.38972311, 34.78456021], [135.38970376, 34.78473037], [135.38961473, 34.78482705], [135.38862288, 34.78500225], [135.38852612, 34.78504479], [135.38846806, 34.78514147], [135.38831889, 34.78677944], [135.38834965, 34.78688395], [135.3884081, 34.7869362], [135.38903301, 34.78701961], [135.38917759, 34.78708723], [135.38929141, 34.78715178], [135.38957663, 34.78782981], [135.38965891, 34.78796956], [135.38974118, 34.78806273], [135.38987283, 34.78810109], [135.3909631, 34.7880606], [135.39104538, 34.78802224], [135.39110297, 34.78792633], [135.39117247, 34.7874483], [135.39121825, 34.78733069], [135.3913098, 34.78727624], [135.39140571, 34.787261], [135.39157573, 34.7872806], [135.39167382, 34.78732852], [135.39216919, 34.78780639], [135.39317154, 34.78742528], [135.39357514, 34.78728791], [135.39521103, 34.78635724], [135.39417465, 34.78562111], [135.39533813, 34.78391766], [135.39674364, 34.78212772], [135.3980396, 34.78335369], [135.39983115, 34.78147017], [135.39935157, 34.78112676], [135.40008677, 34.78036484], [135.40018168, 34.78032241], [135.40025162, 34.78030244], [135.40035154, 34.7803299], [135.40086188, 34.78081756], [135.40091933, 34.78086249], [135.40100176, 34.78087247], [135.40108169, 34.78084502], [135.40147436, 34.78018756], [135.40153681, 34.78013265], [135.40159425, 34.78011518], [135.40197687, 34.78014228], [135.40205431, 34.78013729], [135.40208178, 34.78012232], [135.40224028, 34.77961568], [135.40226058, 34.77955797], [135.40230273, 34.77953613], [135.40234488, 34.77952833], [135.40280575, 34.77962341], [135.4028963, 34.77962341], [135.40293533, 34.77961405], [135.40355235, 34.77908299], [135.40291353, 34.77815489], [135.40200786, 34.77823462], [135.40196021, 34.77820685], [135.40194632, 34.77815726], [135.40195624, 34.77810965], [135.40208727, 34.77784187], [135.40209124, 34.77778038], [135.4020694, 34.77774269], [135.40203962, 34.77772285], [135.40197213, 34.77772087], [135.4015979, 34.77777387], [135.40139997, 34.77785459], [135.40128687, 34.77793127], [135.40095466, 34.77843175], [135.39936987, 34.77821042], [135.39899016, 34.77880371], [135.39781317, 34.7785049], [135.39701662, 34.78008199], [135.39665362, 34.78060588], [135.39641738, 34.78079011], [135.39592554, 34.78098694], [135.39548188, 34.78103875], [135.3952053, 34.78103875], [135.39461183, 34.78084301], [135.3926781, 34.77979474], [135.39204397, 34.78052936], [135.39180407, 34.78075408], [135.39174409, 34.78076157], [135.39166912, 34.78072037], [135.39161664, 34.78064547], [135.3913493, 34.7793577], [135.39137039, 34.77919384], [135.39142518, 34.77903894], [135.39161109, 34.7787627], [135.39206912, 34.77835955], [135.39230746, 34.7781738], [135.3924171, 34.77795947], [135.3925172, 34.77724028], [135.39003141, 34.77663053]]]}}, {"type": "Feature", "id": "did-1960-19", "properties": {"A16_001": "280181", "A16_002": "02818", "A16_003": "加古川市", "A16_004": "1", "A16_005": "18378", "A16_006": "2.2", "A16_007": "0", "A16_008": "0.0", "A16_009": "20.5", "A16_010": "2.35", "A16_011": "1960", "year": 1960, "population": 18378.0, "areaKm2": 2.2, "density": 8353.636363636362}, "geometry": {"type": "Polygon", "coordinates": [[[134.82050864, 34.77919721], [134.82089078, 34.77923395], [134.82089738, 34.77959969], [134.82136603, 34.77933283], [134.82165327, 34.77913647], [134.8229669, 34.77782775], [134.82303183, 34.77779794], [134.82310905, 34.77779794], [134.82421984, 34.77863293], [134.82428054, 34.77870785], [134.82431267, 34.77880418], [134.82429012, 34.77986974], [134.82479529, 34.77967975], [134.82497996, 34.77914868], [134.82501402, 34.77909764], [134.82509632, 34.77906077], [134.82663322, 34.77901163], [134.82685265, 34.7789597], [134.82877342, 34.77771103], [134.82889964, 34.77765944], [134.82901438, 34.77764224], [134.82913485, 34.7776709], [134.83006081, 34.77827751], [134.82863866, 34.7800159], [134.82867493, 34.78075861], [134.83046938, 34.77896056], [134.8324062, 34.77705783], [134.83456346, 34.77449138], [134.83611808, 34.77261914], [134.83625132, 34.77249646], [134.83634537, 34.77245208], [134.83650996, 34.77244164], [134.83712728, 34.77250408], [134.83720304, 34.77249886], [134.83725006, 34.77245448], [134.83744685, 34.77212072], [134.83811209, 34.77068163], [134.83880221, 34.77105155], [134.83889996, 34.77109298], [134.8389977, 34.77108115], [134.83935137, 34.77081689], [134.83961503, 34.77063342], [134.83991164, 34.77049229], [134.84049806, 34.77031589], [134.84113207, 34.77072304], [134.8414482, 34.77062253], [134.84219063, 34.77056989], [134.8433596, 34.77061476], [134.84379668, 34.77064168], [134.84418218, 34.7707226], [134.84522607, 34.76993747], [134.84466237, 34.76938486], [134.84466617, 34.76919087], [134.84497835, 34.76894742], [134.84455939, 34.76856949], [134.84486396, 34.76829182], [134.84465439, 34.76815008], [134.84462775, 34.76810063], [134.84462775, 34.76802075], [134.84466962, 34.76796369], [134.84513063, 34.76749768], [134.84517251, 34.76740259], [134.84518393, 34.76728467], [134.84508495, 34.76708687], [134.84506972, 34.76698797], [134.84507733, 34.76690428], [134.84524501, 34.76666354], [134.84531354, 34.76650759], [134.84532439, 34.76619798], [134.84517752, 34.76556637], [134.84503632, 34.76499665], [134.84481348, 34.76388663], [134.84382581, 34.76385994], [134.84347573, 34.76349111], [134.84316836, 34.76325529], [134.84268996, 34.76286693], [134.84244105, 34.76264931], [134.84230493, 34.76249388], [134.84226604, 34.76241616], [134.84226604, 34.76232678], [134.84228159, 34.76222963], [134.84240751, 34.76192132], [134.84262686, 34.7613018], [134.8421137, 34.76086529], [134.84200274, 34.76098655], [134.84190913, 34.76104198], [134.8415832, 34.76118055], [134.8411177, 34.76128848], [134.84087846, 34.76131966], [134.8407155, 34.76138548], [134.84039997, 34.76157949], [134.84025434, 34.76164531], [134.83982366, 34.76171527], [134.83958095, 34.7617603], [134.8392067, 34.76191194], [134.83792976, 34.76253929], [134.83698952, 34.76300621], [134.83599478, 34.76361947], [134.83470327, 34.76460997], [134.83420098, 34.7641494], [134.83413898, 34.76413219], [134.83404597, 34.76414596], [134.83314057, 34.76472097], [134.83303193, 34.76473847], [134.83294081, 34.76473147], [134.83185419, 34.76368375], [134.83062129, 34.7646949], [134.82947648, 34.76563491], [134.82864587, 34.76624068], [134.82843335, 34.7661699], [134.82799261, 34.76649258], [134.82751893, 34.76633679], [134.82691843, 34.76683535], [134.82671362, 34.76708412], [134.82657708, 34.76731283], [134.8262355, 34.76814478], [134.82612306, 34.76838553], [134.82583764, 34.76881204], [134.82473576, 34.770159], [134.82446714, 34.77051837], [134.82437153, 34.77079586], [134.82434421, 34.7710961], [134.82435758, 34.77164133], [134.82449401, 34.77266328], [134.82455896, 34.7734679], [134.82459791, 34.77441054], [134.82462389, 34.7746052], [134.82469532, 34.77471551], [134.82585291, 34.77569034], [134.82537086, 34.77592252], [134.82468952, 34.77628353], [134.82259637, 34.77754423], [134.8205075, 34.77766225], [134.82053695, 34.77811167], [134.82055, 34.77831333], [134.82055834, 34.77844528], [134.82055889, 34.77845167], [134.82057389, 34.77871111], [134.82058389, 34.77888694], [134.82055055, 34.77912194], [134.82050864, 34.77919721]]]}}, {"type": "Feature", "id": "did-1960-20", "properties": {"A16_001": "280222", "A16_002": "02822", "A16_003": "宝塚市", "A16_004": "2", "A16_005": "5690", "A16_006": "0.5", "A16_007": "0", "A16_008": "0.0", "A16_009": "8.6", "A16_010": "0.49", "A16_011": "1960", "year": 1960, "population": 5690.0, "areaKm2": 0.5, "density": 11380.0}, "geometry": {"type": "Polygon", "coordinates": [[[135.36267179, 34.77585527], [135.36264138, 34.77584194], [135.36250245, 34.77578954], [135.36204112, 34.77561556], [135.36200999, 34.77560472], [135.36121112, 34.77532583], [135.36053638, 34.77509027], [135.36034945, 34.775025], [135.35972027, 34.77486389], [135.35925027, 34.77476389], [135.35863916, 34.77463417], [135.35845499, 34.77458694], [135.35796695, 34.77446139], [135.35796249, 34.77446], [135.35794666, 34.77445556], [135.35769945, 34.77438361], [135.35760695, 34.77434333], [135.35757638, 34.77433], [135.35740228, 34.77425663], [135.35734834, 34.77423389], [135.35726556, 34.77419889], [135.35713306, 34.77412194], [135.35687499, 34.77397222], [135.35619527, 34.77354861], [135.35577223, 34.77327472], [135.35491916, 34.77272222], [135.35439862, 34.77241806], [135.35401195, 34.77222139], [135.35390695, 34.77216777], [135.35364666, 34.77206639], [135.35363999, 34.77208027], [135.35359056, 34.77218667], [135.35356638, 34.77223833], [135.35355138, 34.77227056], [135.35346584, 34.77245389], [135.35342533, 34.77253521], [135.35342533, 34.77253521], [135.35324888, 34.77288944], [135.35308973, 34.77316972], [135.35301027, 34.77324139], [135.35294371, 34.7732634], [135.35293806, 34.77326527], [135.35226166, 34.77329806], [135.35201749, 34.77333889], [135.35194166, 34.77335139], [135.35188777, 34.77336056], [135.35165445, 34.77339944], [135.35114834, 34.77338139], [135.34954306, 34.77339944], [135.34948112, 34.77341917], [135.34941166, 34.77344111], [135.34921416, 34.77350389], [135.34909112, 34.773665], [135.34900264, 34.7737179], [135.34900263, 34.77371791], [135.34896473, 34.77374056], [135.34891749, 34.77376889], [135.34888255, 34.77378972], [135.34880195, 34.77383777], [135.34852973, 34.77397], [135.34827416, 34.77409417], [135.34815834, 34.77423722], [135.34813371, 34.77425755], [135.34817395, 34.77456194], [135.34838415, 34.77509519], [135.34847292, 34.7752363], [135.34867064, 34.77535725], [135.34943223, 34.77563464], [135.34946335, 34.77568834], [135.34944921, 34.77575335], [135.34931059, 34.77585228], [135.34847543, 34.77628019], [135.34816388, 34.77643909], [135.34803659, 34.77657476], [135.34801395, 34.77666238], [135.34811475, 34.77732909], [135.34837543, 34.77862074], [135.34842566, 34.77918283], [135.34847791, 34.78007338], [135.34852235, 34.78014738], [135.34859641, 34.78018191], [135.34999515, 34.78012719], [135.35025655, 34.78002537], [135.35046921, 34.77985273], [135.35102651, 34.77905972], [135.35143765, 34.77843643], [135.35155107, 34.77834436], [135.35221271, 34.7779273], [135.35249839, 34.77769756], [135.35281892, 34.77734945], [135.35380388, 34.77619021], [135.35488953, 34.77496134], [135.35497865, 34.7749337], [135.3562239, 34.77483259], [135.35638985, 34.77484487], [135.35646052, 34.77487558], [135.35649433, 34.7749247], [135.3564974, 34.77499225], [135.35614406, 34.77558859], [135.35614099, 34.77565614], [135.3561625, 34.77569912], [135.35627927, 34.77572369], [135.3576029, 34.77570356], [135.35764661, 34.77573583], [135.35766751, 34.7757852], [135.35767321, 34.77584785], [135.35759327, 34.77634879], [135.35760787, 34.7765821], [135.35768083, 34.77683484], [135.35782677, 34.77699038], [135.35797757, 34.77708759], [135.3582354, 34.77714105], [135.35853213, 34.77717021], [135.35944911, 34.7770633], [135.36027609, 34.77694179], [135.36081605, 34.77693693], [135.36141926, 34.777039], [135.36222227, 34.77720753], [135.3626966, 34.77724193], [135.3637579, 34.77722272], [135.36417486, 34.77723036], [135.36513284, 34.77729121], [135.36547712, 34.77727974], [135.36806191, 34.77680146], [135.36878977, 34.77652533], [135.36937122, 34.77623868], [135.36998863, 34.77587847], [135.37040176, 34.77557271], [135.37051273, 34.77549571], [135.37053584, 34.77547417], [135.37060166, 34.77541277], [135.37076306, 34.77526222], [135.37083695, 34.77519333], [135.37099166, 34.77504944], [135.37106584, 34.77498], [135.37119195, 34.77486277], [135.37126584, 34.77479361], [135.37137584, 34.77469083], [135.37138612, 34.77466917], [135.37145556, 34.77452389], [135.37143388, 34.77445861], [135.37120473, 34.77430861], [135.37105084, 34.77420806], [135.37104195, 34.77421306], [135.37098584, 34.77424389], [135.37090249, 34.77432833], [135.37075445, 34.77447806], [135.37063862, 34.77459556], [135.37033027, 34.77485806], [135.37019027, 34.77497722], [135.36972027, 34.7752875], [135.36960806, 34.77534611], [135.36942388, 34.7754425], [135.36911999, 34.77555583], [135.36893699, 34.77561803], [135.36875138, 34.77568111], [135.36858499, 34.775735], [135.36821195, 34.7758375], [135.36795584, 34.77590777], [135.36742834, 34.77603306], [135.36683527, 34.77619417], [135.36642666, 34.77627444], [135.36620973, 34.7762925], [135.36550834, 34.77633417], [135.36520218, 34.77633747], [135.36496612, 34.77634], [135.36447945, 34.77632722], [135.36428612, 34.77632222], [135.36385027, 34.77626806], [135.36384247, 34.7762671], [135.36375862, 34.77625667], [135.36327416, 34.77611944], [135.36289473, 34.77595306], [135.36285056, 34.77593361], [135.36267179, 34.77585527]]]}}, {"type": "Feature", "id": "did-1960-21", "properties": {"A16_001": "280241", "A16_002": "02824", "A16_003": "高砂市", "A16_004": "1", "A16_005": "30025", "A16_006": "7.7", "A16_007": "0", "A16_008": "0.0", "A16_009": "56.1", "A16_010": "24.21", "A16_011": "1960", "year": 1960, "population": 30025.0, "areaKm2": 7.7, "density": 3899.3506493506493}, "geometry": {"type": "Polygon", "coordinates": [[[134.80743506, 34.75641611], [134.80756111, 34.75640222], [134.80768361, 34.75638944], [134.80781278, 34.75637583], [134.80822305, 34.75633306], [134.80836528, 34.75620194], [134.80855805, 34.75585639], [134.80869222, 34.75551083], [134.80885972, 34.75460556], [134.80887584, 34.75449889], [134.80893389, 34.754115], [134.80897082, 34.75387165], [134.80898528, 34.75377639], [134.80905334, 34.75353361], [134.80911166, 34.75332611], [134.80913611, 34.75323917], [134.80915361, 34.7530325], [134.80920215, 34.75280051], [134.80920639, 34.75278028], [134.80928084, 34.75242639], [134.80963625, 34.75084221], [134.80977222, 34.75023611], [134.80982666, 34.74997167], [134.80992972, 34.74947111], [134.80995555, 34.74934583], [134.81011166, 34.74854417], [134.81022305, 34.74809028], [134.81030028, 34.74777556], [134.81034222, 34.74760417], [134.81038334, 34.74743722], [134.81046416, 34.74711278], [134.81053916, 34.74647667], [134.81055084, 34.74625722], [134.81055084, 34.74617333], [134.81055084, 34.74601389], [134.81053416, 34.74579889], [134.81050472, 34.74542222], [134.81034643, 34.74428535], [134.81033695, 34.74421722], [134.81009416, 34.74269], [134.8100075, 34.74211639], [134.81000584, 34.74210444], [134.80992389, 34.74148709], [134.80969588, 34.73976943], [134.80961506, 34.73961743], [134.8094659, 34.73943859], [134.80879338, 34.73891934], [134.80811372, 34.73832839], [134.80790459, 34.73807764], [134.80773031, 34.73778858], [134.80751728, 34.73739034], [134.80742317, 34.73726148], [134.80659866, 34.73647555], [134.8064662, 34.73636759], [134.80630238, 34.73627008], [134.80546217, 34.73576717], [134.80531717, 34.73558329], [134.80520563, 34.7352991], [134.80509409, 34.73468615], [134.80486454, 34.73313901], [134.80457456, 34.73205913], [134.80444488, 34.73157621], [134.80362479, 34.73164632], [134.80373784, 34.73210561], [134.80411169, 34.73362452], [134.80263216, 34.73398003], [134.80222253, 34.73305006], [134.80188142, 34.73227568], [134.80128842, 34.7312217], [134.80120565, 34.73115278], [134.80113668, 34.73114245], [134.80080217, 34.73128372], [134.80077113, 34.73131129], [134.80077113, 34.7313802], [134.80108707, 34.73224295], [134.80142077, 34.73315417], [134.80176507, 34.73373635], [134.80280774, 34.73537215], [134.80344339, 34.73660708], [134.80429885, 34.73824989], [134.80466736, 34.73904706], [134.80468865, 34.73917], [134.80468652, 34.7392808], [134.80463534, 34.73942355], [134.80454139, 34.73963986], [134.80453073, 34.73972082], [134.80453073, 34.73986145], [134.80490808, 34.74130754], [134.8053937, 34.74309699], [134.80588233, 34.74453256], [134.80621779, 34.74443349], [134.80637633, 34.74483076], [134.80532167, 34.74512387], [134.80525531, 34.74512387], [134.8051916, 34.74506552], [134.80514647, 34.74496739], [134.80513055, 34.7447552], [134.80512445, 34.74423651], [134.80507008, 34.74390381], [134.80463517, 34.74211129], [134.80406328, 34.73962676], [134.80387869, 34.73913573], [134.80362046, 34.73876228], [134.80300206, 34.73804935], [134.80196021, 34.73681568], [134.80159325, 34.73631323], [134.80131463, 34.73574967], [134.8010899, 34.73511509], [134.80048864, 34.73248232], [134.80037616, 34.73198983], [134.79967358, 34.732155], [134.7998288, 34.73266667], [134.80017913, 34.73382151], [134.79977554, 34.73393925], [134.80028965, 34.73610826], [134.79938467, 34.73621375], [134.79762141, 34.7379106], [134.79742867, 34.73806985], [134.79703208, 34.73834389], [134.79605484, 34.7390606], [134.79556766, 34.73951928], [134.79535417, 34.73976222], [134.79530673, 34.73988073], [134.79530079, 34.74004663], [134.79527114, 34.74056966], [134.7952059, 34.74075927], [134.79505172, 34.74093703], [134.79485562, 34.74121671], [134.79468364, 34.7415189], [134.79375769, 34.74351265], [134.79341904, 34.74394668], [134.79316403, 34.74416592], [134.79271333, 34.74447996], [134.79128239, 34.74543198], [134.79113958, 34.74551061], [134.79104631, 34.74552226], [134.79083559, 34.74547318], [134.7907365, 34.74547609], [134.79058494, 34.74550521], [134.79017336, 34.74574784], [134.79011507, 34.74582356], [134.79008592, 34.74589345], [134.79005969, 34.74607983], [134.78961959, 34.74635357], [134.78953798, 34.74634484], [134.78949426, 34.74631863], [134.78947222, 34.74629625], [134.78921368, 34.7460337], [134.78776764, 34.7470732], [134.78766966, 34.74714364], [134.78693844, 34.74750148], [134.78442095, 34.7488231], [134.78217973, 34.74982412], [134.78142342, 34.75014644], [134.78101304, 34.75028809], [134.77921484, 34.75082486], [134.77758462, 34.75141684], [134.77637471, 34.7519321], [134.77508389, 34.75256579], [134.77326117, 34.75352184], [134.77122536, 34.75454322], [134.77143538, 34.7547298], [134.77167646, 34.75487946], [134.77190827, 34.75506475], [134.77429616, 34.75753316], [134.77540625, 34.75866175], [134.77566679, 34.75884048], [134.77595456, 34.75894927], [134.77622677, 34.75900755], [134.77670164, 34.75902421], [134.77747682, 34.75896252], [134.77878902, 34.75873946], [134.77991996, 34.75849101], [134.78018344, 34.75892577], [134.77973573, 34.75924006], [134.78037776, 34.75994685], [134.78069656, 34.75974005], [134.78243766, 34.76144406], [134.78377381, 34.76264887], [134.78425753, 34.76300298], [134.78460235, 34.76318482], [134.78571981, 34.76380376], [134.7874924, 34.76456719], [134.78712149, 34.76573167], [134.78824635, 34.7661254], [134.78811117, 34.76652215], [134.78808582, 34.76673741], [134.78800134, 34.76775171], [134.78796877, 34.76780794], [134.78791842, 34.76784344], [134.78782069, 34.76784936], [134.78727443, 34.76779641], [134.78700493, 34.76773427], [134.78685389, 34.76764846], [134.78660217, 34.76749163], [134.78587944, 34.76879408], [134.78582588, 34.76884061], [134.7857304, 34.76885923], [134.78534506, 34.76888303], [134.78526355, 34.76890863], [134.78522629, 34.76895982], [134.7852177, 34.76900371], [134.7851861, 34.76930919], [134.78516671, 34.76937375], [134.7851231, 34.7694141], [134.78468337, 34.76975791], [134.78463626, 34.7698267], [134.78463264, 34.76987739], [134.78465076, 34.76990817], [134.78470693, 34.76994075], [134.78562673, 34.77029936], [134.78643843, 34.77058669], [134.7869698, 34.77072741], [134.78726158, 34.77077068], [134.78748726, 34.77078207], [134.78754425, 34.77080485], [134.78757161, 34.77083674], [134.78757389, 34.77090051], [134.78729412, 34.77186118], [134.78695517, 34.77263924], [134.78670423, 34.77296576], [134.78610315, 34.77353719], [134.78405352, 34.77528355], [134.78441143, 34.77586021], [134.78482444, 34.77569687], [134.78540093, 34.77639037], [134.78613055, 34.77607199], [134.78598141, 34.77577396], [134.78678565, 34.77545238], [134.78688603, 34.77543805], [134.78698443, 34.77544302], [134.7870625, 34.77545289], [134.78710401, 34.77544302], [134.78712673, 34.77541241], [134.78713464, 34.77535415], [134.78710796, 34.77525838], [134.78665511, 34.7741165], [134.78712557, 34.77324184], [134.78728576, 34.77292974], [134.78738307, 34.77276913], [134.78743425, 34.7727298], [134.78752478, 34.77269637], [134.78853672, 34.77252586], [134.78887385, 34.77229994], [134.78892218, 34.77170115], [134.78897515, 34.77157351], [134.78904058, 34.77149257], [134.78916209, 34.77140852], [134.78958338, 34.77128304], [134.78973605, 34.77066977], [134.79080919, 34.77051657], [134.79135162, 34.77114352], [134.79138278, 34.77123691], [134.79138278, 34.77136144], [134.79117714, 34.77196045], [134.79118649, 34.77200403], [134.79123945, 34.7720445], [134.79136097, 34.77207563], [134.79207646, 34.77229765], [134.79301366, 34.77269114], [134.79404647, 34.77325327], [134.79415672, 34.77334384], [134.79422777, 34.77342218], [134.79425995, 34.77351117], [134.79430405, 34.77367029], [134.7943947, 34.77378045], [134.79450495, 34.77384165], [134.7946495, 34.77387592], [134.79475731, 34.77387103], [134.79487001, 34.77379514], [134.79506111, 34.77352097], [134.79560606, 34.77274334], [134.79577252, 34.77258626], [134.79601604, 34.77241686], [134.79515272, 34.77189103], [134.79440303, 34.77125236], [134.79360456, 34.77054703], [134.7931942, 34.77008971], [134.79275556, 34.76942179], [134.7927384, 34.76935703], [134.79274603, 34.76929799], [134.79285522, 34.7691717], [134.79289119, 34.76915822], [134.7930186, 34.76914774], [134.79305008, 34.76913426], [134.79307256, 34.76910281], [134.79308006, 34.76906387], [134.79305008, 34.76900247], [134.79297214, 34.76893208], [134.79203074, 34.76814384], [134.79220737, 34.76788175], [134.79267335, 34.76795786], [134.79319774, 34.76812144], [134.7932974, 34.76812144], [134.79335197, 34.76809536], [134.79338756, 34.76804084], [134.79340655, 34.76784643], [134.79335508, 34.76724016], [134.79337518, 34.76715986], [134.7934388, 34.76709964], [134.79361293, 34.76704945], [134.79451689, 34.76696645], [134.79515448, 34.7668005], [134.79583493, 34.76647929], [134.79661368, 34.76599562], [134.79770997, 34.76516155], [134.79808376, 34.76579148], [134.79979766, 34.76504873], [134.80010489, 34.76498268], [134.80039476, 34.76497897], [134.80068462, 34.76506437], [134.8011603, 34.76527973], [134.80172092, 34.76564949], [134.80204606, 34.76599101], [134.80244623, 34.76649497], [134.80299341, 34.76722352], [134.8033448, 34.76756413], [134.80391646, 34.76804624], [134.80477721, 34.76866344], [134.8049206, 34.7687112], [134.80504929, 34.7686965], [134.80582509, 34.76819321], [134.80433401, 34.76665427], [134.80279188, 34.7651066], [134.80276958, 34.76505799], [134.8027635, 34.76499926], [134.8027858, 34.76494053], [134.80303719, 34.76475187], [134.80309631, 34.76474051], [134.8031918, 34.76474051], [134.80322817, 34.7647178], [134.80325091, 34.76467463], [134.80324181, 34.7646292], [134.80202198, 34.76323444], [134.80199993, 34.76317633], [134.80199592, 34.76310019], [134.80201396, 34.76301603], [134.80208014, 34.76295192], [134.80276371, 34.76269947], [134.80292267, 34.7626188], [134.80326834, 34.7623188], [134.80389823, 34.76171551], [134.80438721, 34.76119304], [134.80442213, 34.76112008], [134.80446339, 34.7606443], [134.80629921, 34.76034668], [134.80716777, 34.76018428], [134.80865296, 34.75976697], [134.808645, 34.75975194], [134.80825222, 34.75901056], [134.80789222, 34.7584925], [134.80771055, 34.75828611], [134.80729305, 34.75781167], [134.80689111, 34.75728639], [134.80681001, 34.75713236], [134.80669834, 34.75692028], [134.80659778, 34.75669917], [134.80658945, 34.75659556], [134.80669, 34.75651277], [134.80693305, 34.75647139], [134.80743506, 34.75641611]]]}}, {"type": "Feature", "id": "did-1960-22", "properties": {"A16_001": "280121", "A16_002": "02812", "A16_003": "西宮市", "A16_004": "1", "A16_005": "238856", "A16_006": "27.4", "A16_007": "0", "A16_008": "0.0", "A16_009": "91.0", "A16_010": "28.39", "A16_011": "1960", "year": 1960, "population": 238856.0, "areaKm2": 27.4, "density": 8717.372262773722}, "geometry": {"type": "Polygon", "coordinates": [[[135.37736469, 34.74414633], [135.37762916, 34.7436375], [135.37765195, 34.74359333], [135.37797679, 34.74306352], [135.37822249, 34.74266277], [135.37825361, 34.74261639], [135.37867027, 34.741995], [135.37874107, 34.74187879], [135.37893749, 34.74155639], [135.37921223, 34.74109111], [135.37985499, 34.74016806], [135.38000666, 34.7399175], [135.38007166, 34.73981027], [135.38027416, 34.73935111], [135.38042945, 34.73906806], [135.38047638, 34.73898277], [135.38054172, 34.73877322], [135.38055358, 34.73873518], [135.38057277, 34.73867361], [135.38057277, 34.73867333], [135.38064945, 34.73842806], [135.38066416, 34.73838027], [135.38072916, 34.73794028], [135.38075445, 34.73761667], [135.38075806, 34.73757056], [135.38079499, 34.73702027], [135.38080139, 34.73692639], [135.38079357, 34.73666877], [135.38078695, 34.73645056], [135.38078416, 34.73621722], [135.38078, 34.73590194], [135.38073027, 34.73547288], [135.38070413, 34.73524736], [135.38068611, 34.73509194], [135.38053445, 34.73417361], [135.38048056, 34.73400722], [135.38044195, 34.73388778], [135.38026305, 34.73333528], [135.38020195, 34.73314611], [135.3801799, 34.73307793], [135.37994916, 34.73236472], [135.37987611, 34.73207639], [135.37983022, 34.73189543], [135.37982723, 34.73188361], [135.37978489, 34.73171718], [135.37971416, 34.73143917], [135.37968916, 34.73134027], [135.37961722, 34.730875], [135.37963306, 34.730715], [135.37966056, 34.730435], [135.37967353, 34.73036004], [135.37971834, 34.73010111], [135.37975416, 34.72995056], [135.37979777, 34.72976694], [135.37997306, 34.72931776], [135.37999278, 34.72926722], [135.38028916, 34.72866667], [135.38048416, 34.72830861], [135.3807228, 34.72798911], [135.38075138, 34.72795083], [135.38135852, 34.72727318], [135.381445, 34.72717667], [135.3814883, 34.72712586], [135.38235473, 34.72610917], [135.38271834, 34.72568556], [135.38272334, 34.72567972], [135.3831025, 34.72506806], [135.38326027, 34.72481806], [135.38336329, 34.72465494], [135.38343356, 34.72454367], [135.38371638, 34.72409583], [135.38391889, 34.72377361], [135.38403445, 34.72347722], [135.38417166, 34.72305944], [135.38418395, 34.72300648], [135.38426555, 34.72265472], [135.38429445, 34.72253027], [135.38431611, 34.72224389], [135.38431638, 34.72186444], [135.38431639, 34.72175472], [135.38431166, 34.7217275], [135.38430388, 34.72168222], [135.38429889, 34.72165278], [135.38426584, 34.72146223], [135.38424195, 34.72137972], [135.38417916, 34.72116417], [135.38416817, 34.72113653], [135.38401306, 34.72074639], [135.38341388, 34.71935611], [135.38332666, 34.71915389], [135.38327527, 34.71902027], [135.38305084, 34.71843667], [135.38304962, 34.7184335], [135.38298723, 34.71827111], [135.38287139, 34.71800936], [135.38266, 34.71753167], [135.38233723, 34.71680361], [135.38228416, 34.71667361], [135.3821925, 34.71644778], [135.38215639, 34.71635917], [135.38211249, 34.71625139], [135.38211166, 34.71624972], [135.38208584, 34.71618639], [135.38204416, 34.71608389], [135.38200527, 34.71598833], [135.38197027, 34.7159025], [135.38192556, 34.7157925], [135.38188084, 34.71566917], [135.38157777, 34.71483583], [135.38157144, 34.71481842], [135.38154881, 34.71475625], [135.3813475, 34.71420306], [135.3808872, 34.71282113], [135.38085666, 34.71272944], [135.38048834, 34.71161389], [135.38035112, 34.71136639], [135.38034777, 34.71135639], [135.38030002, 34.71121493], [135.38006916, 34.71053111], [135.37980277, 34.70981722], [135.37970622, 34.70955828], [135.37967195, 34.70946639], [135.37932556, 34.70844917], [135.37927445, 34.70831694], [135.37916962, 34.70804604], [135.37871861, 34.70688056], [135.37850806, 34.70635027], [135.3784875, 34.70629889], [135.37846388, 34.70625083], [135.37843611, 34.70619444], [135.37741861, 34.70413056], [135.37732738, 34.70394141], [135.37640723, 34.70203361], [135.37610978, 34.70142356], [135.37753083, 34.70107077], [135.37859287, 34.70080712], [135.37859144, 34.69913356], [135.37782716, 34.69716607], [135.37754192, 34.69643178], [135.3778547, 34.6963677], [135.37785848, 34.69625813], [135.37785848, 34.69625813], [135.37600835, 34.69553623], [135.37564326, 34.69549906], [135.37545604, 34.69553874], [135.37388112, 34.69590917], [135.37251471, 34.69627653], [135.37193943, 34.69654612], [135.37152164, 34.69684676], [135.37021737, 34.69808967], [135.36900811, 34.69910156], [135.36886178, 34.69915505], [135.36874044, 34.69915505], [135.36862979, 34.69911582], [135.36767502, 34.6983696], [135.36514516, 34.70027236], [135.36242937, 34.70283123], [135.36198158, 34.70328714], [135.36148231, 34.70379545], [135.36147333, 34.70385826], [135.36151375, 34.70396146], [135.36282182, 34.70486057], [135.36285774, 34.70492338], [135.36284427, 34.7050176], [135.36242681, 34.70557752], [135.36287974, 34.70593917], [135.36316346, 34.70616571], [135.3627731, 34.70650857], [135.36191504, 34.70580136], [135.36070187, 34.70480147], [135.35855079, 34.70638502], [135.35504773, 34.70918057], [135.35387931, 34.7100182], [135.3537783, 34.71016928], [135.35370896, 34.71039635], [135.35354129, 34.71121546], [135.35342789, 34.7117475], [135.35323837, 34.712189], [135.35311048, 34.71238585], [135.35284778, 34.71262761], [135.35137723, 34.71389224], [135.3494073, 34.71560737], [135.3493621, 34.71564672], [135.34822597, 34.71650678], [135.34736807, 34.71721011], [135.34700306, 34.71755271], [135.34632211, 34.71833907], [135.34580131, 34.71884351], [135.34472178, 34.71990692], [135.34516323, 34.72053562], [135.3451675, 34.72062958], [135.34514399, 34.7207086], [135.34478686, 34.72099356], [135.34510106, 34.7214997], [135.3439888, 34.72219177], [135.34226292, 34.72003223], [135.34220335, 34.71995768], [135.3397926, 34.72131939], [135.33897891, 34.72178657], [135.33892441, 34.72207243], [135.33851776, 34.7242053], [135.33601634, 34.72575746], [135.33608433, 34.72682659], [135.33721774, 34.72689872], [135.33730562, 34.72728546], [135.33633372, 34.72738052], [135.33617784, 34.72814486], [135.335915, 34.72813361], [135.33547306, 34.72603206], [135.33533578, 34.72569363], [135.33531363, 34.72563902], [135.33513875, 34.72539017], [135.33457663, 34.72462187], [135.3358408, 34.7239305], [135.33544334, 34.7229941], [135.33500864, 34.72313421], [135.33494855, 34.72303283], [135.33464873, 34.72252708], [135.33355802, 34.72277555], [135.33225862, 34.72321455], [135.32841047, 34.72455213], [135.32693177, 34.7250595], [135.32541267, 34.72537947], [135.32438624, 34.72545331], [135.32434189, 34.72545367], [135.32434189, 34.72545367], [135.32434401, 34.7255168], [135.32434682, 34.72560087], [135.32435537, 34.72585623], [135.32436945, 34.72627667], [135.32437195, 34.72631306], [135.32437445, 34.72635194], [135.32438278, 34.7264775], [135.32440556, 34.72657083], [135.32454666, 34.72669889], [135.32464527, 34.72678833], [135.32466778, 34.72685556], [135.32463166, 34.72700472], [135.32456473, 34.72738889], [135.32454111, 34.72752361], [135.32452584, 34.72759083], [135.32451844, 34.72762363], [135.32449527, 34.72772639], [135.32447334, 34.7278225], [135.32441889, 34.72796833], [135.32434222, 34.72808778], [135.32426527, 34.72824833], [135.32413627, 34.72863191], [135.32413, 34.72865056], [135.32407084, 34.72882723], [135.32401084, 34.72902944], [135.32398472, 34.72911778], [135.32397112, 34.72916333], [135.32395916, 34.7292625], [135.32394028, 34.72941917], [135.32393056, 34.72949972], [135.32392138, 34.7296525], [135.32391971, 34.72966561], [135.32391, 34.72974168], [135.32389445, 34.72986527], [135.32389611, 34.72995667], [135.32389749, 34.73004194], [135.32389889, 34.73012667], [135.32391695, 34.73038083], [135.32392139, 34.73059], [135.32386722, 34.73068333], [135.32379027, 34.73072444], [135.32371612, 34.73074111], [135.32364111, 34.73075806], [135.32358416, 34.73076694], [135.32339499, 34.73079611], [135.32318249, 34.73080361], [135.32294278, 34.73083361], [135.32282327, 34.73085585], [135.32280249, 34.73085972], [135.32276389, 34.73090806], [135.32269862, 34.73099027], [135.32259445, 34.73121806], [135.32263265, 34.73123203], [135.32278889, 34.73128917], [135.32288388, 34.73133027], [135.32287945, 34.73137139], [135.32284166, 34.73144306], [135.32279334, 34.73153556], [135.32261249, 34.73179333], [135.32255834, 34.7319425], [135.32258528, 34.73200972], [135.32268028, 34.73204333], [135.32285223, 34.73208444], [135.32286584, 34.73212167], [135.32285467, 34.73213741], [135.32282249, 34.73218277], [135.32281473, 34.73219361], [135.32277166, 34.73225417], [135.32275888, 34.73227194], [135.32272861, 34.732315], [135.32265638, 34.73241694], [135.32264999, 34.73242556], [135.32258084, 34.73252306], [135.32253861, 34.7325825], [135.32250084, 34.73263583], [135.32244527, 34.73271417], [135.32232749, 34.73284111], [135.32222565, 34.73291927], [135.32221999, 34.73292361], [135.32208055, 34.73303056], [135.32182112, 34.73322972], [135.32181695, 34.73324417], [135.32179416, 34.73332333], [135.32177584, 34.73338639], [135.32175306, 34.73355083], [135.32173055, 34.73372639], [135.32172027, 34.73377833], [135.32171195, 34.73381972], [135.32170028, 34.73387833], [135.3217, 34.73387972], [135.32168112, 34.73397527], [135.32168084, 34.73397667], [135.32160388, 34.73412972], [135.32149527, 34.73422667], [135.32138666, 34.73423417], [135.32118362, 34.73421917], [135.32106056, 34.73417667], [135.32102084, 34.73416306], [135.32090559, 34.73416306], [135.3208625, 34.73416306], [135.32086223, 34.73416472], [135.32084889, 34.73426389], [135.32085596, 34.73433855], [135.32086695, 34.73445444], [135.32083556, 34.73459833], [135.32079, 34.73480556], [135.32093027, 34.73488777], [135.32093472, 34.73492889], [135.32083695, 34.73516694], [135.32077862, 34.73530833], [135.32071638, 34.73546], [135.32070824, 34.73547979], [135.32061805, 34.73569889], [135.32057305, 34.73585222], [135.32065445, 34.73596778], [135.32075834, 34.73610972], [135.32079416, 34.73620333], [135.32075695, 34.73630139], [135.32073584, 34.73635639], [135.32062277, 34.73659139], [135.32054138, 34.7366475], [135.32044639, 34.73666611], [135.32022028, 34.73669972], [135.31999389, 34.73672222], [135.31976638, 34.73679944], [135.31974084, 34.73680806], [135.31965419, 34.73684885], [135.31955612, 34.736895], [135.31935166, 34.73699111], [135.31918889, 34.73708056], [135.31907409, 34.73715778], [135.31906666, 34.73716277], [135.31903056, 34.73723], [135.31904775, 34.73724424], [135.31907584, 34.7372675], [135.31917973, 34.737275], [135.31930638, 34.73725611], [135.319415, 34.73726], [135.31951916, 34.73728972], [135.31957334, 34.73740944], [135.31956695, 34.73752833], [135.31956416, 34.73758111], [135.31953277, 34.73782777], [135.31939695, 34.73807806], [135.31932, 34.73813778], [135.31918889, 34.73813028], [135.31912556, 34.73812639], [135.31908028, 34.7382125], [135.31901862, 34.73827944], [135.31896723, 34.73833556], [135.31888138, 34.73836556], [135.31886542, 34.73836481], [135.31872306, 34.73835806], [135.31855556, 34.73833556], [135.31852806, 34.73834333], [135.31852473, 34.73834417], [135.31844723, 34.73836556], [135.31843305, 34.73838417], [135.31837916, 34.73845528], [135.31830834, 34.73852028], [135.31825472, 34.73856972], [135.31814861, 34.73866778], [135.31809139, 34.73877722], [135.31801945, 34.73891472], [135.31797666, 34.73899639], [135.31789084, 34.73910861], [135.31786806, 34.73925806], [135.31778223, 34.73933639], [135.31760584, 34.7393775], [135.31755084, 34.73941194], [135.31743862, 34.73948194], [135.31732527, 34.7396725], [135.31723056, 34.73984806], [135.31731195, 34.73991167], [135.31732166, 34.73991306], [135.31747139, 34.73993306], [135.31750638, 34.73993777], [135.31757359, 34.73998598], [135.31757416, 34.73998639], [135.31756527, 34.74017306], [135.31756111, 34.74026306], [135.31755084, 34.74047972], [135.31754695, 34.74056139], [135.31736027, 34.74056139], [135.31710834, 34.74056139], [135.31709027, 34.74061389], [135.31706556, 34.74067861], [135.317045, 34.74073306], [135.31705862, 34.74078694], [135.317235, 34.74088389], [135.31721805, 34.74101028], [135.31719862, 34.74115472], [135.31718528, 34.74125361], [135.3171774, 34.74130114], [135.31716717, 34.74136295], [135.31716717, 34.74136295], [135.31905279, 34.74163263], [135.32076975, 34.74185995], [135.32083515, 34.74191222], [135.32093106, 34.74202548], [135.32093542, 34.74209518], [135.32091798, 34.74224328], [135.32061258, 34.74316101], [135.32059863, 34.74336313], [135.32061955, 34.74348162], [135.32069629, 34.74360707], [135.32086095, 34.74371019], [135.32087123, 34.74376157], [135.32083009, 34.74392942], [135.32041448, 34.74494925], [135.32034676, 34.74537829], [135.32063185, 34.74552581], [135.32068361, 34.74559908], [135.32067929, 34.74569389], [135.32033376, 34.74624761], [135.31989379, 34.74683805], [135.31975145, 34.74705785], [135.31964333, 34.74740398], [135.31947057, 34.74799118], [135.3188135, 34.74789159], [135.31834765, 34.74775799], [135.31763893, 34.74745084], [135.31703937, 34.74708451], [135.31671179, 34.74684682], [135.31579465, 34.74618135], [135.31563548, 34.74607252], [135.31555068, 34.74605769], [135.31548921, 34.74605981], [135.31542985, 34.74608523], [135.31502457, 34.74665792], [135.31502457, 34.74671922], [135.31507791, 34.74682582], [135.31543949, 34.74716864], [135.31585772, 34.74739037], [135.3161479, 34.74748891], [135.31651066, 34.7476121], [135.31710542, 34.74784797], [135.31778397, 34.74824452], [135.31884792, 34.74901424], [135.31944228, 34.74944166], [135.31988611, 34.74963781], [135.32047931, 34.74982969], [135.32170645, 34.75010364], [135.3219497, 34.75022303], [135.32224843, 34.75054283], [135.32271262, 34.7508693], [135.32325832, 34.75120889], [135.32412791, 34.75161064], [135.3243897, 34.75179627], [135.32447235, 34.75191743], [135.32448065, 34.75197756], [135.32446612, 34.75204806], [135.32406148, 34.75256656], [135.32403276, 34.75261613], [135.32403276, 34.75266569], [135.32406931, 34.7527283], [135.32432802, 34.75299273], [135.32438807, 34.75308142], [135.32455256, 34.75342577], [135.3246335, 34.75354317], [135.32469094, 34.7535849], [135.32479015, 34.75359534], [135.32549138, 34.75349094], [135.32582296, 34.75349094], [135.32668787, 34.75365017], [135.32678447, 34.75363973], [135.32683147, 34.75358495], [135.32684452, 34.75347277], [135.32668178, 34.75301801], [135.32640064, 34.75263878], [135.32618978, 34.75228296], [135.32616635, 34.752194], [135.32618978, 34.75210505], [135.32626006, 34.75206759], [135.32643344, 34.75207696], [135.32699214, 34.7523866], [135.32725454, 34.75264411], [135.3273998, 34.75285947], [135.327531, 34.75316847], [135.32765752, 34.75336511], [135.32798675, 34.75362388], [135.3289895, 34.75404992], [135.33023824, 34.75461752], [135.33080522, 34.75494056], [135.33133608, 34.75540639], [135.33164065, 34.75579498], [135.33221295, 34.75669624], [135.33280382, 34.75753618], [135.33295882, 34.75780072], [135.33299797, 34.75788585], [135.33300027, 34.75793187], [135.33298185, 34.75796179], [135.33295651, 34.75797329], [135.3326845, 34.75794899], [135.33257626, 34.7579605], [135.33248645, 34.75799731], [135.33200451, 34.7586654], [135.33177422, 34.75879425], [135.33156636, 34.75885424], [135.33128541, 34.75886575], [135.33099908, 34.7589099], [135.330854, 34.75899504], [135.33059607, 34.75913079], [135.33012563, 34.75952761], [135.32967862, 34.75996575], [135.32946938, 34.76023676], [135.32902099, 34.76101977], [135.32883337, 34.76142141], [135.32883337, 34.76158353], [135.32886814, 34.76171381], [135.32893478, 34.76180645], [135.32921892, 34.76209739], [135.32934641, 34.76228846], [135.32939856, 34.76245058], [135.32940441, 34.76331782], [135.32934932, 34.76376228], [135.32929426, 34.76397941], [135.32900439, 34.76457983], [135.32897252, 34.76468406], [135.32897252, 34.76475064], [135.3289928, 34.76478249], [135.32905365, 34.76481433], [135.33007496, 34.76469578], [135.33036471, 34.76463498], [135.33052408, 34.76457708], [135.33058203, 34.7645047], [135.330611, 34.76438601], [135.33059378, 34.7640051], [135.33061406, 34.76386324], [135.33069519, 34.76373586], [135.3308053, 34.76368953], [135.33095887, 34.76368085], [135.33114141, 34.76372717], [135.33175491, 34.76412145], [135.33182397, 34.76413769], [135.33197835, 34.76413769], [135.33231016, 34.76402762], [135.33268215, 34.76381816], [135.33278778, 34.76373089], [135.33299948, 34.7635154], [135.33309495, 34.76342204], [135.33319042, 34.7633713], [135.33336715, 34.76333476], [135.33370307, 34.76333474], [135.33421947, 34.76348817], [135.33445348, 34.76367522], [135.33461988, 34.76393501], [135.33469269, 34.76422597], [135.33476797, 34.76477877], [135.33483723, 34.7649099], [135.33496483, 34.76500825], [135.33515804, 34.76507017], [135.33591816, 34.76521947], [135.33633011, 34.7652741], [135.33690611, 34.76525225], [135.3374019, 34.76516119], [135.33805693, 34.76494554], [135.33871313, 34.76463957], [135.33912195, 34.7644128], [135.33925683, 34.76421247], [135.33928964, 34.7640522], [135.33926048, 34.76388828], [135.33915111, 34.76363695], [135.3388075, 34.76309931], [135.33804127, 34.7621505], [135.33776021, 34.7617776], [135.33761074, 34.76147892], [135.33756699, 34.76123123], [135.33752308, 34.76072635], [135.33747927, 34.76008468], [135.33738333, 34.75949615], [135.33737974, 34.7594317], [135.33739228, 34.75939948], [135.33742453, 34.75938158], [135.33753025, 34.75937263], [135.33845106, 34.75976619], [135.33995551, 34.76061861], [135.34036534, 34.76077032], [135.34051212, 34.76079323], [135.34091295, 34.7608136], [135.34096029, 34.76078432], [135.3410437, 34.76066719], [135.34129721, 34.76009551], [135.34135385, 34.75997424], [135.34143072, 34.75992169], [135.34190619, 34.75986226], [135.34204339, 34.75982848], [135.34231977, 34.75975895], [135.34237544, 34.75976888], [135.34242316, 34.75979471], [135.34246691, 34.75987021], [135.3426001, 34.7606053], [135.3427684, 34.76233147], [135.34284475, 34.76250439], [135.34303818, 34.76266206], [135.34342096, 34.76282021], [135.34360421, 34.76281513], [135.34380782, 34.76275918], [135.34454143, 34.7622445], [135.34462287, 34.76213261], [135.34464323, 34.76198003], [135.34433782, 34.76095267], [135.34429701, 34.7605835], [135.34434282, 34.76016137], [135.34454671, 34.75947839], [135.34457725, 34.75911729], [135.34453144, 34.75880196], [135.34446527, 34.75861886], [135.34429729, 34.75836457], [135.34376667, 34.75793452], [135.3428189, 34.75735348], [135.34212662, 34.75690083], [135.34170311, 34.75648114], [135.34157076, 34.75622176], [135.34154022, 34.75600815], [135.34154022, 34.75582505], [135.34162675, 34.75557584], [135.34190672, 34.75516897], [135.34222293, 34.75470246], [135.34229419, 34.75440748], [135.34237054, 34.75399043], [135.34237054, 34.75340046], [135.34235035, 34.75259846], [135.34237071, 34.75242553], [135.34245724, 34.75224752], [135.34275757, 34.7519322], [135.34333978, 34.75149808], [135.34451562, 34.75088776], [135.34574698, 34.75038501], [135.34594682, 34.75034222], [135.34608242, 34.75036005], [135.34622516, 34.75042066], [135.34644284, 34.75054189], [135.34657488, 34.75057042], [135.34728648, 34.75063901], [135.34740424, 34.75068893], [135.34746848, 34.75078876], [135.34749346, 34.75093138], [135.34751156, 34.75132841], [135.34754367, 34.75139259], [135.34766144, 34.75147103], [135.34911173, 34.75214339], [135.34924642, 34.75221965], [135.34938112, 34.75232732], [135.34968964, 34.75271355], [135.34975574, 34.75275443], [135.3498124, 34.75275129], [135.34985332, 34.75271984], [135.34995658, 34.75064707], [135.350033, 34.74995126], [135.35006468, 34.74986817], [135.35012013, 34.74982068], [135.35086219, 34.74980425], [135.35096911, 34.74977259], [135.3510206, 34.74970533], [135.35108814, 34.74909134], [135.35113962, 34.74904385], [135.35128615, 34.74903198], [135.35243188, 34.74908028], [135.35248732, 34.74913567], [135.35242802, 34.75066071], [135.35242336, 34.7510313], [135.35245762, 34.75109042], [135.35317127, 34.75173499], [135.35321798, 34.7517381], [135.35324912, 34.75172565], [135.35350003, 34.7503715], [135.35359015, 34.75028146], [135.35369594, 34.75024623], [135.35465676, 34.75023088], [135.35470071, 34.75026107], [135.35470621, 34.75031871], [135.35460041, 34.75257008], [135.35462164, 34.75349457], [135.35470602, 34.75534944], [135.35476692, 34.7563076], [135.35473927, 34.75637321], [135.35470817, 34.75639393], [135.35462868, 34.75639047], [135.35240317, 34.754727], [135.35232925, 34.75476176], [135.35228577, 34.75480955], [135.35191108, 34.75539763], [135.3516241, 34.75569306], [135.35131972, 34.75587119], [135.35058342, 34.75605892], [135.35021382, 34.75618926], [135.35006597, 34.75631091], [135.34982682, 34.7565238], [135.34947789, 34.75695581], [135.34924309, 34.75731207], [135.34909049, 34.7576654], [135.34905136, 34.75780008], [135.34899483, 34.75799993], [135.3489383, 34.75811289], [135.34875133, 34.75836054], [135.34839424, 34.75880587], [135.34832902, 34.7590231], [135.34832902, 34.75923599], [135.34835524, 34.76028115], [135.34832045, 34.76047665], [135.3481986, 34.76092584], [135.34819425, 34.76117783], [135.34822469, 34.76131685], [135.34829861, 34.76139071], [135.34912148, 34.76170985], [135.34943628, 34.76189055], [135.34976307, 34.76214883], [135.35013862, 34.76248022], [135.35030446, 34.76257281], [135.35056296, 34.76257281], [135.35203361, 34.76237358], [135.35367932, 34.76223193], [135.35459139, 34.7622368], [135.35505474, 34.76230016], [135.3551718, 34.76237325], [135.35523033, 34.76244635], [135.35524008, 34.76255844], [135.35515766, 34.76360295], [135.35515766, 34.76397819], [135.35519216, 34.76425275], [135.35530434, 34.76445255], [135.35610423, 34.76529076], [135.35690935, 34.7661367], [135.35721221, 34.76652185], [135.35790346, 34.76767113], [135.35792715, 34.76775901], [135.35792715, 34.76780295], [135.35788655, 34.76784351], [135.35781551, 34.76785027], [135.35748338, 34.76774509], [135.35736159, 34.76763016], [135.35711464, 34.76735975], [135.35705374, 34.76733947], [135.3569955, 34.76733558], [135.356929, 34.76734721], [135.35650795, 34.7675634], [135.35645474, 34.76757337], [135.35636163, 34.76757004], [135.35614502, 34.7674655], [135.35608184, 34.7674572], [135.35599206, 34.76748046], [135.35567267, 34.76764811], [135.3556045, 34.76764645], [135.35554298, 34.7676182], [135.35484567, 34.76663697], [135.35458394, 34.76636912], [135.35450696, 34.76632899], [135.35435969, 34.76630558], [135.35425928, 34.76630893], [135.35398431, 34.76639932], [135.35326231, 34.76667933], [135.35320145, 34.7666744], [135.35317019, 34.7666481], [135.35313565, 34.76659715], [135.35311591, 34.76648374], [135.3530818, 34.76585681], [135.35305246, 34.76531542], [135.35306427, 34.76521808], [135.35312036, 34.76510009], [135.35358127, 34.76461216], [135.35366984, 34.76444402], [135.35366984, 34.76433488], [135.3536226, 34.76424343], [135.3532621, 34.7640455], [135.35310858, 34.7639983], [135.35299934, 34.7640042], [135.35294325, 34.76402485], [135.35283402, 34.76409859], [135.35257018, 34.76459108], [135.35210988, 34.76525944], [135.35132057, 34.76613897], [135.35101674, 34.76639975], [135.35089956, 34.76645179], [135.35081102, 34.76645179], [135.35068342, 34.76642317], [135.35044645, 34.76622803], [135.35037354, 34.76621242], [135.35030323, 34.76622282], [135.3495355, 34.76686477], [135.34899143, 34.76723887], [135.3487858, 34.76732759], [135.34866429, 34.7673416], [135.34859419, 34.76731825], [135.34847735, 34.76721085], [135.34770485, 34.76552136], [135.34768648, 34.76542956], [135.34771588, 34.76534511], [135.34921686, 34.76465039], [135.34898468, 34.76393171], [135.34894151, 34.76390219], [135.34883243, 34.7638863], [135.3479977, 34.76414531], [135.34646187, 34.76483121], [135.34487744, 34.76569923], [135.34310731, 34.76697436], [135.34409996, 34.76802148], [135.34416522, 34.76813558], [135.34423047, 34.76826598], [135.34425682, 34.76891938], [135.3444069, 34.76960398], [135.3446353, 34.7700343], [135.34489631, 34.7703277], [135.34518385, 34.77049795], [135.3458996, 34.77068124], [135.34599902, 34.77074213], [135.34601826, 34.77081262], [135.34598619, 34.77088633], [135.34586432, 34.77110102], [135.34588677, 34.7711555], [135.34596053, 34.77121958], [135.34617541, 34.77126124], [135.34668014, 34.77123592], [135.34744984, 34.77109172], [135.34758133, 34.7710789], [135.34766151, 34.77113017], [135.34776414, 34.77121989], [135.34849251, 34.77230819], [135.34869426, 34.77247752], [135.34881128, 34.772538], [135.34897672, 34.77251784], [135.34961628, 34.77232034], [135.35003996, 34.77224777], [135.35177326, 34.77221146], [135.35239466, 34.77225581], [135.35285466, 34.77235257], [135.35342533, 34.77253521], [135.35342533, 34.77253521], [135.35346584, 34.77245389], [135.35355138, 34.77227056], [135.35356638, 34.77223833], [135.35359056, 34.77218667], [135.35363999, 34.77208027], [135.35364666, 34.77206639], [135.35390695, 34.77216777], [135.35401195, 34.77222139], [135.35439862, 34.77241806], [135.35491916, 34.77272222], [135.35577223, 34.77327472], [135.35619527, 34.77354861], [135.35687499, 34.77397222], [135.35713306, 34.77412194], [135.35726556, 34.77419889], [135.35734834, 34.77423389], [135.35740228, 34.77425663], [135.35757638, 34.77433], [135.35760695, 34.77434333], [135.35769945, 34.77438361], [135.35794666, 34.77445556], [135.35796249, 34.77446], [135.35796695, 34.77446139], [135.35845499, 34.77458694], [135.35863916, 34.77463417], [135.35925027, 34.77476389], [135.35972027, 34.77486389], [135.36034945, 34.775025], [135.36053638, 34.77509027], [135.36121112, 34.77532583], [135.36200999, 34.77560472], [135.36204112, 34.77561556], [135.36250245, 34.77578954], [135.36264138, 34.77584194], [135.36267179, 34.77585527], [135.36267179, 34.77585527], [135.36272899, 34.77340187], [135.36344874, 34.77328318], [135.36452756, 34.77316487], [135.36795837, 34.77307827], [135.36803073, 34.77302569], [135.36804389, 34.77290081], [135.36785502, 34.77131686], [135.36779968, 34.77128921], [135.36702031, 34.77130765], [135.3669004, 34.77125696], [135.36677589, 34.77112794], [135.36622448, 34.77056938], [135.36602618, 34.77044958], [135.36582788, 34.77038507], [135.36500654, 34.77033792], [135.36484052, 34.77022272], [135.36462839, 34.76998312], [135.36409183, 34.76917867], [135.36401447, 34.76903715], [135.36398546, 34.76887772], [135.36403976, 34.76834391], [135.36403976, 34.76824246], [135.36401075, 34.76815187], [135.36357892, 34.76763998], [135.36354991, 34.76755665], [135.36354991, 34.76745881], [135.3640144, 34.76693568], [135.36415945, 34.76674364], [135.36423198, 34.76657334], [135.36432644, 34.76592739], [135.36438084, 34.76584405], [135.36447875, 34.76581506], [135.36567689, 34.76568025], [135.36609831, 34.76557106], [135.36615634, 34.76552033], [135.36617084, 34.76545874], [135.36615634, 34.76541525], [135.36610919, 34.76538989], [135.36545935, 34.76532026], [135.36514385, 34.76517171], [135.36489725, 34.76494343], [135.36456998, 34.76454687], [135.36446119, 34.76426063], [135.36438108, 34.76396603], [135.36431943, 34.76387545], [135.36396767, 34.76358195], [135.36288243, 34.76263863], [135.36201046, 34.76206789], [135.3619557, 34.76196304], [135.36197852, 34.76190377], [135.36211084, 34.76187642], [135.36443074, 34.7621271], [135.36448061, 34.76099008], [135.36443955, 34.76062537], [135.36436198, 34.76052964], [135.36264533, 34.75940533], [135.36083191, 34.75813291], [135.36087637, 34.75620731], [135.36086349, 34.75578268], [135.36083129, 34.75557037], [135.36064456, 34.75529371], [135.36027108, 34.75502993], [135.35987587, 34.75489589], [135.35958696, 34.75486883], [135.3582491, 34.75493068], [135.35768934, 34.75488107], [135.35743655, 34.75479537], [135.35731918, 34.75464201], [135.35724244, 34.75414136], [135.35698398, 34.75240022], [135.3565632, 34.75048686], [135.3565632, 34.75040174], [135.35660864, 34.75033364], [135.35717244, 34.75027909], [135.35723216, 34.75029898], [135.35728791, 34.75038651], [135.35773113, 34.75194236], [135.35780628, 34.75202996], [135.35795657, 34.75207688], [135.36098107, 34.75214643], [135.36116651, 34.7521352], [135.36127328, 34.75204536], [135.36139744, 34.75169031], [135.36161949, 34.74996907], [135.36173207, 34.74945655], [135.36178067, 34.74937708], [135.36191766, 34.74929761], [135.3631293, 34.74924907], [135.36330163, 34.74929764], [135.36335908, 34.74938152], [135.36349177, 34.75053578], [135.3631471, 34.75082718], [135.36308538, 34.75216752], [135.36462859, 34.75216702], [135.36483228, 34.75089783], [135.36489066, 34.75039407], [135.36492541, 34.75033765], [135.36497536, 34.75032897], [135.36501879, 34.75034199], [135.36512521, 34.7505069], [135.36544989, 34.75142615], [135.36551547, 34.75149713], [135.36564116, 34.75153535], [135.36643166, 34.75153053], [135.36635383, 34.75277791], [135.36639165, 34.7531592], [135.36691301, 34.75476707], [135.36746739, 34.75614813], [135.36804604, 34.75569592], [135.36819102, 34.75563111], [135.36849624, 34.75555106], [135.36857255, 34.75549007], [135.36860688, 34.75538333], [135.3686107, 34.75522322], [135.36814357, 34.75427489], [135.36813929, 34.75419793], [135.36817353, 34.75414662], [135.3693608, 34.75407773], [135.36946779, 34.75402642], [135.36954482, 34.75392808], [135.36968238, 34.75310511], [135.36989284, 34.75268433], [135.37097435, 34.75338866], [135.37149664, 34.75286144], [135.37027886, 34.75193424], [135.37014963, 34.75188044], [135.36854016, 34.75170709], [135.36849864, 34.75166938], [135.36847977, 34.75156754], [135.36865242, 34.75029624], [135.36570469, 34.75009296], [135.36460191, 34.7500413], [135.3644887, 34.74998142], [135.36444209, 34.7498916], [135.36425035, 34.74855536], [135.3642671, 34.7484842], [135.36431737, 34.74844653], [135.36588058, 34.74836233], [135.36593504, 34.74827862], [135.36600206, 34.74804841], [135.36631429, 34.74487675], [135.36635119, 34.74480303], [135.36643025, 34.74476616], [135.3694398, 34.74492258], [135.36950197, 34.74495881], [135.3695201, 34.74499764], [135.36917103, 34.74764469], [135.37572674, 34.74890045], [135.37573683, 34.74886895], [135.37574584, 34.74884083], [135.37582416, 34.74859639], [135.37584737, 34.74851166], [135.37597612, 34.74804167], [135.37604038, 34.74787375], [135.37604277, 34.7478675], [135.37614945, 34.74758833], [135.37622445, 34.74724139], [135.37622888, 34.74722027], [135.37640945, 34.74659973], [135.37654666, 34.74607194], [135.37672749, 34.74547527], [135.37688639, 34.74515917], [135.37698749, 34.74498611], [135.37700666, 34.74494], [135.37708749, 34.74474583], [135.37719745, 34.74448177], [135.37722584, 34.74441361], [135.37731499, 34.74424194], [135.37736469, 34.74414633]]]}}, {"type": "Feature", "id": "did-1960-23", "properties": {"A16_001": "280101", "A16_002": "02810", "A16_003": "尼崎市", "A16_004": "1", "A16_005": "382445", "A16_006": "36.2", "A16_007": "0", "A16_008": "0.0", "A16_009": "94.2", "A16_010": "75.73", "A16_011": "1960", "year": 1960, "population": 382445.0, "areaKm2": 36.2, "density": 10564.77900552486}, "geometry": {"type": "Polygon", "coordinates": [[[135.37785848, 34.69625813], [135.3778547, 34.6963677], [135.37754192, 34.69643178], [135.37782716, 34.69716607], [135.37859144, 34.69913356], [135.37859287, 34.70080712], [135.37753083, 34.70107077], [135.37610978, 34.70142356], [135.37640723, 34.70203361], [135.37732738, 34.70394141], [135.37741861, 34.70413056], [135.37843611, 34.70619444], [135.37846388, 34.70625083], [135.3784875, 34.70629889], [135.37850806, 34.70635027], [135.37871861, 34.70688056], [135.37916962, 34.70804604], [135.37927445, 34.70831694], [135.37932556, 34.70844917], [135.37967195, 34.70946639], [135.37970622, 34.70955828], [135.37980277, 34.70981722], [135.38006916, 34.71053111], [135.38030002, 34.71121493], [135.38034777, 34.71135639], [135.38035112, 34.71136639], [135.38048834, 34.71161389], [135.38085666, 34.71272944], [135.3808872, 34.71282113], [135.3813475, 34.71420306], [135.38154881, 34.71475625], [135.38157144, 34.71481842], [135.38157777, 34.71483583], [135.38188084, 34.71566917], [135.38192556, 34.7157925], [135.38197027, 34.7159025], [135.38200527, 34.71598833], [135.38204416, 34.71608389], [135.38208584, 34.71618639], [135.38211166, 34.71624972], [135.38211249, 34.71625139], [135.38215639, 34.71635917], [135.3821925, 34.71644778], [135.38228416, 34.71667361], [135.38233723, 34.71680361], [135.38266, 34.71753167], [135.38287139, 34.71800936], [135.38298723, 34.71827111], [135.38304962, 34.7184335], [135.38305084, 34.71843667], [135.38327527, 34.71902027], [135.38332666, 34.71915389], [135.38341388, 34.71935611], [135.38401306, 34.72074639], [135.38416817, 34.72113653], [135.38417916, 34.72116417], [135.38424195, 34.72137972], [135.38426584, 34.72146223], [135.38429889, 34.72165278], [135.38430388, 34.72168222], [135.38431166, 34.7217275], [135.38431639, 34.72175472], [135.38431638, 34.72186444], [135.38431611, 34.72224389], [135.38429445, 34.72253027], [135.38426555, 34.72265472], [135.38418395, 34.72300648], [135.38417166, 34.72305944], [135.38403445, 34.72347722], [135.38391889, 34.72377361], [135.38371638, 34.72409583], [135.38343356, 34.72454367], [135.38336329, 34.72465494], [135.38326027, 34.72481806], [135.3831025, 34.72506806], [135.38272334, 34.72567972], [135.38271834, 34.72568556], [135.38235473, 34.72610917], [135.3814883, 34.72712586], [135.381445, 34.72717667], [135.38135852, 34.72727318], [135.38075138, 34.72795083], [135.3807228, 34.72798911], [135.38048416, 34.72830861], [135.38028916, 34.72866667], [135.37999278, 34.72926722], [135.37997306, 34.72931776], [135.37979777, 34.72976694], [135.37975416, 34.72995056], [135.37971834, 34.73010111], [135.37967353, 34.73036004], [135.37966056, 34.730435], [135.37963306, 34.730715], [135.37961722, 34.730875], [135.37968916, 34.73134027], [135.37971416, 34.73143917], [135.37978489, 34.73171718], [135.37982723, 34.73188361], [135.37983022, 34.73189543], [135.37987611, 34.73207639], [135.37994916, 34.73236472], [135.3801799, 34.73307793], [135.38020195, 34.73314611], [135.38026305, 34.73333528], [135.38044195, 34.73388778], [135.38048056, 34.73400722], [135.38053445, 34.73417361], [135.38068611, 34.73509194], [135.38070413, 34.73524736], [135.38073027, 34.73547288], [135.38078, 34.73590194], [135.38078416, 34.73621722], [135.38078695, 34.73645056], [135.38079357, 34.73666877], [135.38080139, 34.73692639], [135.38079499, 34.73702027], [135.38075806, 34.73757056], [135.38075445, 34.73761667], [135.38072916, 34.73794028], [135.38066416, 34.73838027], [135.38064945, 34.73842806], [135.38057277, 34.73867333], [135.38057277, 34.73867361], [135.38055358, 34.73873518], [135.38054172, 34.73877322], [135.38047638, 34.73898277], [135.38042945, 34.73906806], [135.38027416, 34.73935111], [135.38007166, 34.73981027], [135.38000666, 34.7399175], [135.37985499, 34.74016806], [135.37921223, 34.74109111], [135.37893749, 34.74155639], [135.37874107, 34.74187879], [135.37867027, 34.741995], [135.37825361, 34.74261639], [135.37822249, 34.74266277], [135.37797679, 34.74306352], [135.37765195, 34.74359333], [135.37762916, 34.7436375], [135.37736469, 34.74414633], [135.37736469, 34.74414633], [135.37827098, 34.74417348], [135.37906546, 34.74411468], [135.38015776, 34.74388696], [135.38267679, 34.74296572], [135.38314023, 34.74323768], [135.38383303, 34.74211229], [135.3839728, 34.74202409], [135.38470107, 34.74203144], [135.38541589, 34.74214334], [135.3860021, 34.74241752], [135.3861919, 34.74252129], [135.38679712, 34.74292563], [135.38678041, 34.74151302], [135.3855278, 34.74150402], [135.38570812, 34.74077329], [135.38582077, 34.74062472], [135.38724121, 34.7393576], [135.38928401, 34.73926305], [135.38938764, 34.73929456], [135.38940567, 34.7393756], [135.38897907, 34.74085539], [135.38897907, 34.74104223], [135.38903972, 34.74126947], [135.38928834, 34.74169023], [135.38945552, 34.74186137], [135.38864089, 34.74229613], [135.38858127, 34.74304268], [135.38958782, 34.74350794], [135.38987794, 34.74308701], [135.39068473, 34.74320614], [135.391384, 34.73988072], [135.39325553, 34.73991863], [135.39317822, 34.74122056], [135.3926594, 34.74129411], [135.39275405, 34.74186503], [135.39446254, 34.74200321], [135.3945642, 34.74292089], [135.39681949, 34.74286922], [135.39690923, 34.74164752], [135.39915649, 34.74134215], [135.39938416, 34.74447688], [135.39662957, 34.7446336], [135.3965113, 34.7461138], [135.3981813, 34.7460946], [135.39897747, 34.74600521], [135.39902465, 34.74601592], [135.39904395, 34.74604592], [135.39903966, 34.74610164], [135.39823322, 34.7472256], [135.39738935, 34.74880309], [135.4002669, 34.74902306], [135.40017193, 34.7481549], [135.40017625, 34.74790471], [135.40030599, 34.74727322], [135.40066076, 34.74626616], [135.40076438, 34.74614538], [135.40088095, 34.74610655], [135.40164093, 34.7461821], [135.40179227, 34.74624259], [135.40194966, 34.74639984], [135.40202532, 34.74643008], [135.4021252, 34.74643008], [135.40268908, 34.74620153], [135.4033167, 34.74614733], [135.40479481, 34.7462307], [135.40449351, 34.74826397], [135.40430828, 34.75003676], [135.40420582, 34.75203783], [135.40417707, 34.75209527], [135.4040525, 34.75212878], [135.40132428, 34.75196048], [135.40125646, 34.75202072], [135.40125269, 34.75213742], [135.40146295, 34.75320095], [135.40148706, 34.75350813], [135.40131813, 34.75587251], [135.39987117, 34.75648136], [135.39964296, 34.75705563], [135.4002304, 34.75747367], [135.4009911, 34.75661226], [135.40145161, 34.75660261], [135.40150053, 34.75663753], [135.40155179, 34.756719], [135.40163694, 34.7574316], [135.40286071, 34.75729978], [135.40283726, 34.75774496], [135.4036589, 34.75736134], [135.40469729, 34.75757853], [135.40469142, 34.75794464], [135.40338591, 34.75810138], [135.40335744, 34.75912734], [135.40362893, 34.75929009], [135.40425292, 34.75935273], [135.40448324, 34.75990919], [135.40449099, 34.75997894], [135.40445997, 34.76004352], [135.40418316, 34.76039345], [135.40416506, 34.7604632], [135.40418833, 34.76065695], [135.40420127, 34.76096985], [135.40416507, 34.76124369], [135.40417283, 34.76132635], [135.40423488, 34.76139094], [135.4048165, 34.7616537], [135.40522485, 34.76191797], [135.40534549, 34.76212197], [135.40565171, 34.76268068], [135.405711, 34.76269663], [135.40583308, 34.76268727], [135.40585695, 34.76253361], [135.4060013, 34.76253571], [135.40606427, 34.76253663], [135.40606666, 34.76253667], [135.40608389, 34.76253694], [135.40615084, 34.76253806], [135.40624027, 34.76253944], [135.40625861, 34.76250472], [135.40627805, 34.76246833], [135.40631972, 34.76239028], [135.4064425, 34.76225917], [135.40675361, 34.76225917], [135.40676084, 34.7620325], [135.40678361, 34.76195444], [135.40681139, 34.76185944], [135.40681778, 34.76179639], [135.40682584, 34.76171611], [135.40700111, 34.76123417], [135.40702777, 34.76116083], [135.40713695, 34.76086056], [135.40738028, 34.760855], [135.4074083, 34.76085451], [135.40742778, 34.76085417], [135.40755485, 34.76085119], [135.4076175, 34.76084972], [135.40788537, 34.76084392], [135.40793805, 34.76084278], [135.40820666, 34.76083667], [135.40831139, 34.76078278], [135.40836222, 34.76075639], [135.40841195, 34.76073083], [135.40847771, 34.76069698], [135.40855389, 34.76065778], [135.40895166, 34.76066944], [135.40908722, 34.76069141], [135.40928416, 34.76072333], [135.40940584, 34.76075056], [135.40944605, 34.76075952], [135.40944945, 34.76076028], [135.40949166, 34.76076973], [135.40971084, 34.76081861], [135.40972764, 34.7608245], [135.40972764, 34.7608245], [135.41018778, 34.76098583], [135.41028222, 34.76102028], [135.41032055, 34.76103444], [135.41035445, 34.76104667], [135.41044084, 34.76107833], [135.41054945, 34.76092917], [135.41069473, 34.76069528], [135.41071611, 34.76066111], [135.41073666, 34.76062806], [135.41074286, 34.76061808], [135.41083861, 34.76046389], [135.41092305, 34.76035583], [135.41098334, 34.76027889], [135.41105361, 34.76018528], [135.41111334, 34.76010583], [135.41165584, 34.76005223], [135.41165889, 34.76005194], [135.41183315, 34.76004069], [135.4118525, 34.76003944], [135.41203834, 34.7600275], [135.41211861, 34.76002222], [135.41240778, 34.75994667], [135.41241472, 34.75994472], [135.41256528, 34.75989083], [135.41258148, 34.75987723], [135.41273334, 34.75974972], [135.41276805, 34.75972083], [135.41278139, 34.75970944], [135.41299916, 34.75952694], [135.41313666, 34.75938389], [135.41328963, 34.75937623], [135.4138525, 34.75934806], [135.41399584, 34.75930722], [135.41406, 34.75928917], [135.41408695, 34.75928139], [135.41422861, 34.75924111], [135.41431973, 34.75913083], [135.41433695, 34.75910972], [135.41433972, 34.75897944], [135.41434111, 34.75891889], [135.41434223, 34.75885889], [135.41434416, 34.75876972], [135.41436939, 34.75869041], [135.41438834, 34.75863083], [135.41441639, 34.75854306], [135.41449722, 34.75836222], [135.41451778, 34.75831639], [135.4146625, 34.75807167], [135.41493722, 34.75770194], [135.41506, 34.75757667], [135.4151975, 34.75737972], [135.41520889, 34.75729167], [135.41521445, 34.75724806], [135.41522111, 34.75719639], [135.41524161, 34.75703622], [135.4152625, 34.75687306], [135.41539277, 34.75678361], [135.41544445, 34.75678389], [135.41548916, 34.75678417], [135.41570416, 34.75678556], [135.41575581, 34.75678591], [135.41580417, 34.75678623], [135.416155, 34.75678861], [135.41619305, 34.75678889], [135.41629639, 34.75678944], [135.41638305, 34.7568075], [135.41641916, 34.75690278], [135.41644084, 34.75704611], [135.41641916, 34.75751111], [135.41644805, 34.75757667], [135.4164625, 34.75758333], [135.41650139, 34.75760083], [135.41665778, 34.75767222], [135.41678084, 34.75771972], [135.41690139, 34.75783083], [135.41696889, 34.75789278], [135.41694722, 34.75800611], [135.41686166, 34.75811861], [135.41670805, 34.75832111], [135.41657111, 34.75850139], [135.416195, 34.75887111], [135.41584008, 34.75921117], [135.41579028, 34.75925889], [135.415765, 34.75929513], [135.41567945, 34.75941778], [135.41550805, 34.75966417], [135.41546972, 34.75973472], [135.41544305, 34.75978361], [135.41538166, 34.75983083], [135.41533445, 34.75986694], [135.41549361, 34.75987889], [135.41562389, 34.75993861], [135.41567666, 34.75994917], [135.41577037, 34.75996791], [135.41583361, 34.75998056], [135.41584305, 34.75998861], [135.41585666, 34.76000028], [135.41588369, 34.76002332], [135.41604334, 34.76015944], [135.41605055, 34.76030861], [135.4160545, 34.760342], [135.41607945, 34.76055306], [135.41614445, 34.76079167], [135.41615195, 34.76085889], [135.41615611, 34.76089444], [135.41615972, 34.76092667], [135.41618778, 34.76117639], [135.41621305, 34.76138444], [135.41621666, 34.761415], [135.41622527, 34.76150667], [135.41622861, 34.76154111], [135.41623361, 34.76159222], [135.41623972, 34.76165407], [135.41624555, 34.76171306], [135.41622361, 34.76192194], [135.4162, 34.76212056], [135.41619472, 34.76216639], [135.41619472, 34.76216694], [135.41619666, 34.76219389], [135.4161996, 34.76223785], [135.41620916, 34.76238111], [135.41622361, 34.76245889], [135.41629611, 34.76249444], [135.41644778, 34.7625125], [135.41657084, 34.76259], [135.41670834, 34.76260778], [135.41676555, 34.76260806], [135.41681195, 34.76260861], [135.41710321, 34.76261058], [135.41714139, 34.76261083], [135.41754695, 34.76261389], [135.41759195, 34.7626125], [135.41764346, 34.76261089], [135.41812555, 34.76259583], [135.41815889, 34.76259333], [135.41850139, 34.76256611], [135.41866028, 34.762575], [135.41878889, 34.76257194], [135.41889889, 34.76256917], [135.41892834, 34.76278667], [135.41893528, 34.7628375], [135.41894195, 34.76298917], [135.41894723, 34.763105], [135.41895416, 34.76326], [135.41895861, 34.76335667], [135.41896278, 34.76344861], [135.41897166, 34.7636475], [135.41897334, 34.76368778], [135.41897349, 34.76369123], [135.41897861, 34.76380389], [135.41894375, 34.76388285], [135.41894375, 34.76388285], [135.41895845, 34.76387417], [135.41915515, 34.76377614], [135.41996635, 34.76374829], [135.42019578, 34.76229632], [135.42024165, 34.76220882], [135.4203334, 34.76216716], [135.42080964, 34.76211956], [135.42085678, 34.76214004], [135.42088342, 34.76217076], [135.4210775, 34.76327299], [135.42114454, 34.7633374], [135.42129411, 34.76338893], [135.42152362, 34.76338893], [135.42216305, 34.76318255], [135.42357623, 34.76278712], [135.4236833, 34.76278388], [135.42378063, 34.76282602], [135.42421258, 34.7632974], [135.42421907, 34.76388092], [135.42458895, 34.76389065], [135.42459543, 34.76361834], [135.42649292, 34.76365163], [135.42660574, 34.76363345], [135.42666397, 34.76357891], [135.42667125, 34.76345891], [135.42667091, 34.76265467], [135.4266938, 34.76259748], [135.42674818, 34.76253743], [135.42823539, 34.76206487], [135.4283699, 34.76199338], [135.42873335, 34.76157019], [135.42882779, 34.7615273], [135.42891937, 34.76153588], [135.42906532, 34.76159879], [135.42996609, 34.76240787], [135.4300129, 34.76244744], [135.43009932, 34.76244025], [135.43017493, 34.76237549], [135.43106758, 34.76070533], [135.43119443, 34.76056954], [135.43134846, 34.76050617], [135.43241003, 34.76042452], [135.43261842, 34.7604562], [135.43357884, 34.76103106], [135.43426449, 34.76020649], [135.43442758, 34.7600707], [135.43453631, 34.76003449], [135.43465863, 34.76003449], [135.4349395, 34.76019744], [135.43535175, 34.75974932], [135.43410101, 34.75907531], [135.43312633, 34.7586368], [135.43245299, 34.75834831], [135.43241303, 34.75826845], [135.43242102, 34.75814469], [135.43251692, 34.7579251], [135.43276956, 34.75765658], [135.43310522, 34.75743299], [135.43375255, 34.75713355], [135.43507788, 34.75669665], [135.43582511, 34.7565609], [135.43553741, 34.75598997], [135.4355454, 34.75590214], [135.43560934, 34.75580632], [135.43611384, 34.7554804], [135.4361538, 34.75540454], [135.43634981, 34.75479281], [135.43638977, 34.75475688], [135.43690124, 34.75454128], [135.43700114, 34.75446542], [135.437342, 34.75412025], [135.43740681, 34.754081], [135.43745983, 34.754081], [135.43752071, 34.75409474], [135.43790882, 34.75446413], [135.43811621, 34.75458029], [135.43827646, 34.75463366], [135.43855515, 34.75466289], [135.43864107, 34.75470471], [135.4386697, 34.75480596], [135.4384265, 34.75604692], [135.43962382, 34.75608237], [135.44038857, 34.75577621], [135.44059256, 34.75575848], [135.44133755, 34.75582938], [135.44139964, 34.75587369], [135.44144398, 34.75596673], [135.44118018, 34.75826739], [135.44095252, 34.75970434], [135.44095252, 34.75998791], [135.44097381, 34.76022894], [135.44103057, 34.76037782], [135.44139041, 34.76092124], [135.44140087, 34.76104319], [135.44137995, 34.76128011], [135.44129626, 34.7614822], [135.44065409, 34.76207972], [135.4406227, 34.76214244], [135.44064711, 34.7622609], [135.44125019, 34.76327481], [135.44178984, 34.76329672], [135.44172403, 34.76403041], [135.44043413, 34.76485455], [135.4407237, 34.76526224], [135.44165933, 34.76479332], [135.44216827, 34.76467057], [135.44308085, 34.76463112], [135.44362928, 34.7646355], [135.44379236, 34.76154409], [135.44506335, 34.76151724], [135.4451605, 34.76016417], [135.44520466, 34.76005938], [135.44530955, 34.75997113], [135.44737522, 34.75998742], [135.44747458, 34.76003155], [135.4475077, 34.76009222], [135.44751874, 34.7605831], [135.44939272, 34.76058275], [135.44953001, 34.76042599], [135.45006616, 34.76005481], [135.45006945, 34.76003278], [135.45014222, 34.75992056], [135.45023584, 34.75977611], [135.45064055, 34.75936472], [135.45087361, 34.75907778], [135.45095334, 34.75897973], [135.45105278, 34.7588575], [135.45112361, 34.7588025], [135.45137062, 34.75861076], [135.45147233, 34.75853181], [135.45147233, 34.75848573], [135.45135042, 34.75814281], [135.45129869, 34.75808808], [135.45097579, 34.75792915], [135.4509484, 34.7578957], [135.45095753, 34.75783489], [135.4511462, 34.75770414], [135.45118881, 34.75760076], [135.45121916, 34.75694941], [135.44749445, 34.75689875], [135.44737411, 34.75848952], [135.44629819, 34.75852772], [135.44609471, 34.75651862], [135.4460457, 34.75483414], [135.44965418, 34.75452975], [135.44965187, 34.75372931], [135.44958388, 34.75309758], [135.44940033, 34.7519606], [135.44937314, 34.75127452], [135.44941393, 34.75117263], [135.4495771, 34.75109791], [135.45257849, 34.75104219], [135.45304759, 34.75098105], [135.45393546, 34.7506267], [135.45399227, 34.75055659], [135.45399227, 34.75045644], [135.45388869, 34.7502628], [135.45288829, 34.74915932], [135.452683, 34.74889437], [135.45264024, 34.74874908], [135.45264879, 34.74850978], [135.45289685, 34.74821065], [135.45299935, 34.74785792], [135.45305067, 34.74696053], [135.45296506, 34.74640237], [135.45292229, 34.74602632], [135.45293085, 34.74567591], [135.4530506, 34.7453084], [135.45369304, 34.74434645], [135.45394965, 34.74380801], [135.4540523, 34.74319266], [135.45410178, 34.74182371], [135.4549191, 34.74166831], [135.45490649, 34.74286543], [135.45959142, 34.74274753], [135.45956916, 34.74259556], [135.45946084, 34.74158889], [135.45941268, 34.74099648], [135.45940139, 34.7408575], [135.45939639, 34.74079694], [135.45938861, 34.74070028], [135.45935973, 34.74053473], [135.45929805, 34.73949194], [135.4592875, 34.73931333], [135.459265, 34.73906889], [135.45919195, 34.73827722], [135.45918639, 34.7382175], [135.45913305, 34.73794667], [135.45905611, 34.73755528], [135.45889445, 34.73696417], [135.45889, 34.73694833], [135.45875897, 34.73659183], [135.45872389, 34.73649639], [135.45866434, 34.73639506], [135.45830015, 34.73616794], [135.45737042, 34.7358782], [135.45728291, 34.7358162], [135.45567201, 34.73528054], [135.45438274, 34.7347576], [135.45391055, 34.73459205], [135.45381068, 34.73458187], [135.45310915, 34.73435599], [135.45306084, 34.73435667], [135.45252, 34.73434167], [135.45211111, 34.73433029], [135.45189111, 34.73432417], [135.451775, 34.73432083], [135.44979611, 34.73416861], [135.44898695, 34.73409722], [135.4485825, 34.73401361], [135.44811305, 34.73385861], [135.44780741, 34.73367829], [135.44770861, 34.73362], [135.44736916, 34.73335139], [135.44718791, 34.73315585], [135.44708722, 34.73304722], [135.44708139, 34.73303917], [135.44684889, 34.73271333], [135.44658166, 34.73229139], [135.44609055, 34.7313325], [135.44590445, 34.73083722], [135.44580166, 34.73056444], [135.44563555, 34.73003361], [135.44555611, 34.72950417], [135.44555611, 34.72945197], [135.44555611, 34.72934278], [135.44555611, 34.72908194], [135.44555611, 34.72899722], [135.44562111, 34.72841417], [135.44577534, 34.72782208], [135.44585223, 34.72752694], [135.44602555, 34.7269125], [135.44625695, 34.72621028], [135.44641584, 34.72581056], [135.44651195, 34.72563722], [135.44657472, 34.72552444], [135.44679861, 34.72520528], [135.4471068, 34.72471211], [135.44726834, 34.72445361], [135.44755054, 34.72394397], [135.44757889, 34.72389278], [135.44763389, 34.72374222], [135.44783166, 34.7232025], [135.44799055, 34.72273723], [135.44802555, 34.72252972], [135.44806278, 34.72230777], [135.44810611, 34.72168889], [135.44803389, 34.72128917], [135.44788222, 34.72077639], [135.44760778, 34.72019917], [135.44733334, 34.71967444], [135.44695028, 34.71912694], [135.44651695, 34.71866167], [135.44617027, 34.71833972], [135.44581278, 34.71808639], [135.44541427, 34.71788023], [135.44523611, 34.71778806], [135.44515555, 34.71774639], [135.44444028, 34.71737056], [135.44348695, 34.71702], [135.44282361, 34.71677861], [135.44202778, 34.71648917], [135.44185493, 34.71643728], [135.4416533, 34.71637676], [135.441405, 34.71630222], [135.44131639, 34.71627556], [135.44072973, 34.71609944], [135.43958278, 34.71575528], [135.43819084, 34.71531806], [135.43816361, 34.71530944], [135.43697889, 34.71495139], [135.43658061, 34.71480487], [135.43590972, 34.71455806], [135.43467111, 34.71405833], [135.43376455, 34.71364676], [135.43365973, 34.71359917], [135.43271, 34.71315917], [135.43269916, 34.71315361], [135.43249978, 34.71305432], [135.43235778, 34.71298361], [135.43205416, 34.7128325], [135.4318, 34.71270583], [135.4315575, 34.71258194], [135.43109916, 34.71234778], [135.43054666, 34.71201528], [135.43019111, 34.71179361], [135.430135, 34.71175861], [135.42974111, 34.71146722], [135.42957889, 34.71134722], [135.42952491, 34.71129768], [135.42942305, 34.71120417], [135.42890091, 34.71072428], [135.428795, 34.71062694], [135.42868639, 34.71050389], [135.42853555, 34.71033361], [135.42848521, 34.71027683], [135.42836195, 34.71013778], [135.42808282, 34.70978043], [135.42786334, 34.70949944], [135.42741223, 34.70886417], [135.42709055, 34.70841083], [135.42655611, 34.70767889], [135.42620945, 34.70715389], [135.42587, 34.70678417], [135.42584195, 34.70675917], [135.42557, 34.70651722], [135.42553084, 34.70648667], [135.42519445, 34.70622472], [135.42491278, 34.70605194], [135.42462584, 34.70592361], [135.42456584, 34.70589667], [135.42398111, 34.70571167], [135.42228361, 34.70525556], [135.41979861, 34.70455139], [135.418925, 34.70425472], [135.41777639, 34.70387889], [135.41670222, 34.703525], [135.41635, 34.70340917], [135.41535361, 34.7030325], [135.414645, 34.70276472], [135.41385416, 34.70243223], [135.41367889, 34.702355], [135.41348778, 34.70227083], [135.41286472, 34.70199667], [135.41165139, 34.70126306], [135.410835, 34.70072028], [135.40998611, 34.700085], [135.40956, 34.69975083], [135.40906889, 34.69929167], [135.40857778, 34.69878167], [135.40832977, 34.69845788], [135.4081936, 34.69828011], [135.40573935, 34.69926085], [135.4028438, 34.70062477], [135.40194876, 34.70105766], [135.40063315, 34.69926341], [135.4003907, 34.69893275], [135.39903083, 34.69990433], [135.39875993, 34.70009789], [135.39738686, 34.70116839], [135.39671561, 34.70019444], [135.39441008, 34.69684924], [135.39364632, 34.69577552], [135.39339512, 34.69552453], [135.39273596, 34.69497816], [135.39253261, 34.69471522], [135.39074912, 34.6919862], [135.39014568, 34.69101721], [135.38976321, 34.69106003], [135.38965094, 34.69193076], [135.38959489, 34.69200323], [135.38954056, 34.69202926], [135.38803537, 34.69275023], [135.38612204, 34.69370046], [135.38862283, 34.69819543], [135.38970744, 34.69997051], [135.38997546, 34.70018623], [135.39296337, 34.7020104], [135.39258235, 34.70241195], [135.3923788, 34.70241195], [135.3899844, 34.7011115], [135.38867329, 34.70031047], [135.38820563, 34.69990162], [135.38776303, 34.69935091], [135.38638282, 34.6971752], [135.38541589, 34.69543703], [135.38407672, 34.69315909], [135.38290221, 34.69116122], [135.3818464, 34.69155073], [135.38157246, 34.6916518], [135.38120356, 34.69086434], [135.3794743, 34.69143715], [135.37900483, 34.69165909], [135.37881804, 34.69182049], [135.37849605, 34.69244665], [135.37836739, 34.69278334], [135.37819362, 34.69323808], [135.37805887, 34.69387803], [135.37785848, 34.69625813]]]}}, {"type": "Feature", "id": "did-1960-25", "properties": {"A16_001": "280141", "A16_002": "02814", "A16_003": "芦屋市", "A16_004": "1", "A16_005": "53144", "A16_006": "5.0", "A16_007": "0", "A16_008": "0.0", "A16_009": "93.2", "A16_010": "31.06", "A16_011": "1960", "year": 1960, "population": 53144.0, "areaKm2": 5.0, "density": 10628.8}, "geometry": {"type": "Polygon", "coordinates": [[[135.31716717, 34.74136295], [135.3171774, 34.74130114], [135.31718528, 34.74125361], [135.31719862, 34.74115472], [135.31721805, 34.74101028], [135.317235, 34.74088389], [135.31705862, 34.74078694], [135.317045, 34.74073306], [135.31706556, 34.74067861], [135.31709027, 34.74061389], [135.31710834, 34.74056139], [135.31736027, 34.74056139], [135.31754695, 34.74056139], [135.31755084, 34.74047972], [135.31756111, 34.74026306], [135.31756527, 34.74017306], [135.31757416, 34.73998639], [135.31757359, 34.73998598], [135.31750638, 34.73993777], [135.31747139, 34.73993306], [135.31732166, 34.73991306], [135.31731195, 34.73991167], [135.31723056, 34.73984806], [135.31732527, 34.7396725], [135.31743862, 34.73948194], [135.31755084, 34.73941194], [135.31760584, 34.7393775], [135.31778223, 34.73933639], [135.31786806, 34.73925806], [135.31789084, 34.73910861], [135.31797666, 34.73899639], [135.31801945, 34.73891472], [135.31809139, 34.73877722], [135.31814861, 34.73866778], [135.31825472, 34.73856972], [135.31830834, 34.73852028], [135.31837916, 34.73845528], [135.31843305, 34.73838417], [135.31844723, 34.73836556], [135.31852473, 34.73834417], [135.31852806, 34.73834333], [135.31855556, 34.73833556], [135.31872306, 34.73835806], [135.31886542, 34.73836481], [135.31888138, 34.73836556], [135.31896723, 34.73833556], [135.31901862, 34.73827944], [135.31908028, 34.7382125], [135.31912556, 34.73812639], [135.31918889, 34.73813028], [135.31932, 34.73813778], [135.31939695, 34.73807806], [135.31953277, 34.73782777], [135.31956416, 34.73758111], [135.31956695, 34.73752833], [135.31957334, 34.73740944], [135.31951916, 34.73728972], [135.319415, 34.73726], [135.31930638, 34.73725611], [135.31917973, 34.737275], [135.31907584, 34.7372675], [135.31904775, 34.73724424], [135.31903056, 34.73723], [135.31906666, 34.73716277], [135.31907409, 34.73715778], [135.31918889, 34.73708056], [135.31935166, 34.73699111], [135.31955612, 34.736895], [135.31965419, 34.73684885], [135.31974084, 34.73680806], [135.31976638, 34.73679944], [135.31999389, 34.73672222], [135.32022028, 34.73669972], [135.32044639, 34.73666611], [135.32054138, 34.7366475], [135.32062277, 34.73659139], [135.32073584, 34.73635639], [135.32075695, 34.73630139], [135.32079416, 34.73620333], [135.32075834, 34.73610972], [135.32065445, 34.73596778], [135.32057305, 34.73585222], [135.32061805, 34.73569889], [135.32070824, 34.73547979], [135.32071638, 34.73546], [135.32077862, 34.73530833], [135.32083695, 34.73516694], [135.32093472, 34.73492889], [135.32093027, 34.73488777], [135.32079, 34.73480556], [135.32083556, 34.73459833], [135.32086695, 34.73445444], [135.32085596, 34.73433855], [135.32084889, 34.73426389], [135.32086223, 34.73416472], [135.3208625, 34.73416306], [135.32090559, 34.73416306], [135.32102084, 34.73416306], [135.32106056, 34.73417667], [135.32118362, 34.73421917], [135.32138666, 34.73423417], [135.32149527, 34.73422667], [135.32160388, 34.73412972], [135.32168084, 34.73397667], [135.32168112, 34.73397527], [135.3217, 34.73387972], [135.32170028, 34.73387833], [135.32171195, 34.73381972], [135.32172027, 34.73377833], [135.32173055, 34.73372639], [135.32175306, 34.73355083], [135.32177584, 34.73338639], [135.32179416, 34.73332333], [135.32181695, 34.73324417], [135.32182112, 34.73322972], [135.32208055, 34.73303056], [135.32221999, 34.73292361], [135.32222565, 34.73291927], [135.32232749, 34.73284111], [135.32244527, 34.73271417], [135.32250084, 34.73263583], [135.32253861, 34.7325825], [135.32258084, 34.73252306], [135.32264999, 34.73242556], [135.32265638, 34.73241694], [135.32272861, 34.732315], [135.32275888, 34.73227194], [135.32277166, 34.73225417], [135.32281473, 34.73219361], [135.32282249, 34.73218277], [135.32285467, 34.73213741], [135.32286584, 34.73212167], [135.32285223, 34.73208444], [135.32268028, 34.73204333], [135.32258528, 34.73200972], [135.32255834, 34.7319425], [135.32261249, 34.73179333], [135.32279334, 34.73153556], [135.32284166, 34.73144306], [135.32287945, 34.73137139], [135.32288388, 34.73133027], [135.32278889, 34.73128917], [135.32263265, 34.73123203], [135.32259445, 34.73121806], [135.32269862, 34.73099027], [135.32276389, 34.73090806], [135.32280249, 34.73085972], [135.32282327, 34.73085585], [135.32294278, 34.73083361], [135.32318249, 34.73080361], [135.32339499, 34.73079611], [135.32358416, 34.73076694], [135.32364111, 34.73075806], [135.32371612, 34.73074111], [135.32379027, 34.73072444], [135.32386722, 34.73068333], [135.32392139, 34.73059], [135.32391695, 34.73038083], [135.32389889, 34.73012667], [135.32389749, 34.73004194], [135.32389611, 34.72995667], [135.32389445, 34.72986527], [135.32391, 34.72974168], [135.32391971, 34.72966561], [135.32392138, 34.7296525], [135.32393056, 34.72949972], [135.32394028, 34.72941917], [135.32395916, 34.7292625], [135.32397112, 34.72916333], [135.32398472, 34.72911778], [135.32401084, 34.72902944], [135.32407084, 34.72882723], [135.32413, 34.72865056], [135.32413627, 34.72863191], [135.32426527, 34.72824833], [135.32434222, 34.72808778], [135.32441889, 34.72796833], [135.32447334, 34.7278225], [135.32449527, 34.72772639], [135.32451844, 34.72762363], [135.32452584, 34.72759083], [135.32454111, 34.72752361], [135.32456473, 34.72738889], [135.32463166, 34.72700472], [135.32466778, 34.72685556], [135.32464527, 34.72678833], [135.32454666, 34.72669889], [135.32440556, 34.72657083], [135.32438278, 34.7264775], [135.32437445, 34.72635194], [135.32437195, 34.72631306], [135.32436945, 34.72627667], [135.32435537, 34.72585623], [135.32434682, 34.72560087], [135.32434401, 34.7255168], [135.32434189, 34.72545367], [135.32434189, 34.72545367], [135.32380168, 34.72545797], [135.32312715, 34.72551657], [135.3230861, 34.72552408], [135.32282655, 34.72557152], [135.32268358, 34.72557884], [135.32253695, 34.7255532], [135.3224824, 34.72553025], [135.32239764, 34.7254946], [135.32204071, 34.72530013], [135.32173644, 34.72519391], [135.32127088, 34.72510234], [135.3206647, 34.72511293], [135.32048874, 34.72510927], [135.32031645, 34.72505432], [135.32008549, 34.72495176], [135.31931438, 34.72437568], [135.31899178, 34.72421452], [135.31868018, 34.7241669], [135.31800011, 34.72412557], [135.31783515, 34.72407429], [135.31741357, 34.7238765], [135.31594207, 34.7229443], [135.31535832, 34.72272723], [135.31421823, 34.72235363], [135.31311621, 34.72187253], [135.31279728, 34.72178828], [135.31213607, 34.72160772], [135.31171449, 34.72139162], [135.31123793, 34.72098871], [135.31070866, 34.72064298], [135.31042639, 34.72051478], [135.31001947, 34.72040123], [135.3086426, 34.71993882], [135.30738016, 34.71954623], [135.30620669, 34.71926833], [135.30617172, 34.71923975], [135.30615583, 34.71918576], [135.30617173, 34.71881057], [135.3061463, 34.71876738], [135.30608782, 34.71873435], [135.30451818, 34.71886201], [135.30401049, 34.71892604], [135.30392562, 34.71893622], [135.30345041, 34.71910959], [135.30345041, 34.71910959], [135.30342584, 34.71916528], [135.30338834, 34.71928694], [135.30339389, 34.71943667], [135.30319695, 34.71997222], [135.30308139, 34.72028694], [135.30296139, 34.72061333], [135.30290723, 34.72078611], [135.30289389, 34.72082944], [135.30271611, 34.7213975], [135.30251861, 34.72206306], [135.30247222, 34.72223056], [135.30245945, 34.72227583], [135.30241722, 34.72242861], [135.30222445, 34.72292556], [135.30220166, 34.72298444], [135.30201334, 34.72346861], [135.30197416, 34.72356972], [135.30182472, 34.724015], [135.30167445, 34.72436861], [135.30163084, 34.72447139], [135.30147361, 34.72484139], [135.30146778, 34.72485528], [135.30144737, 34.72490312], [135.30139361, 34.72502917], [135.30113639, 34.72563472], [135.301105, 34.725695], [135.30108445, 34.72573444], [135.30106778, 34.72576583], [135.3007375, 34.72639944], [135.30072055, 34.72643223], [135.30066978, 34.72651325], [135.30064361, 34.726555], [135.30053527, 34.72672778], [135.30040695, 34.7269325], [135.30040555, 34.72693472], [135.30036389, 34.72702833], [135.30032695, 34.72711167], [135.300285, 34.72720611], [135.3001875, 34.72742556], [135.30007472, 34.72767944], [135.29994666, 34.72782472], [135.29988889, 34.72793028], [135.29984528, 34.72801], [135.29977335, 34.72811125], [135.29971722, 34.72819028], [135.29959972, 34.72844139], [135.29930084, 34.72831361], [135.29900222, 34.72815944], [135.29905555, 34.72801417], [135.29905121, 34.72797009], [135.29904472, 34.72790417], [135.29895945, 34.72788639], [135.29879945, 34.72782028], [135.29865, 34.72775861], [135.29854861, 34.72774111], [135.29849528, 34.727785], [135.29845058, 34.72785308], [135.29839389, 34.72793944], [135.29823361, 34.72787333], [135.29800183, 34.72776566], [135.29780666, 34.727675], [135.29755166, 34.72760583], [135.2974775, 34.72758556], [135.29732361, 34.72754389], [135.29652389, 34.72732639], [135.29645555, 34.72730778], [135.29640864, 34.72729504], [135.29620084, 34.72723861], [135.29610416, 34.72744278], [135.29582723, 34.72802722], [135.29595528, 34.72807556], [135.29591166, 34.72817167], [135.29585916, 34.72828723], [135.29598695, 34.72833139], [135.29603259, 34.72834724], [135.29612611, 34.72837973], [135.29607278, 34.72853389], [135.29595445, 34.72877111], [135.29577389, 34.72913333], [135.29572325, 34.72931419], [135.2957175, 34.72933472], [135.29568805, 34.72943944], [135.2956725, 34.72949472], [135.29556028, 34.72967972], [135.29551389, 34.72978139], [135.29538945, 34.73005444], [135.29558445, 34.73008417], [135.29602472, 34.73015111], [135.29617416, 34.73023473], [135.2963875, 34.73026111], [135.29653139, 34.73027889], [135.29647084, 34.73043277], [135.29621534, 34.73108339], [135.29614195, 34.73127028], [135.29599639, 34.73123361], [135.29520416, 34.731035], [135.2951425, 34.73101944], [135.29498722, 34.73098056], [135.29468528, 34.73090472], [135.29466278, 34.73097], [135.29464861, 34.73101167], [135.29464276, 34.73102867], [135.29460195, 34.73114722], [135.29454139, 34.73132333], [135.29447166, 34.73152611], [135.29440916, 34.73163861], [135.29411916, 34.73216028], [135.29373861, 34.73284444], [135.29372361, 34.73287147], [135.29366584, 34.73297556], [135.29364445, 34.73302167], [135.29347389, 34.73338972], [135.29322834, 34.73332361], [135.29298805, 34.73332806], [135.29280555, 34.73335833], [135.29277472, 34.73336333], [135.29276326, 34.73336531], [135.29273611, 34.73337], [135.29265695, 34.73338333], [135.29262027, 34.73338972], [135.2926047, 34.73366622], [135.2926047, 34.73366622], [135.29262505, 34.73368028], [135.29294107, 34.73402215], [135.29301288, 34.73418615], [135.29312173, 34.7345999], [135.29318758, 34.73466171], [135.2933512, 34.73477735], [135.2933971, 34.73478931], [135.29341618, 34.73477815], [135.29354863, 34.73516972], [135.29355704, 34.7352538], [135.29353601, 34.73532736], [135.29348342, 34.73546188], [135.29318854, 34.73582695], [135.29313805, 34.7359972], [135.29314424, 34.73624338], [135.29317335, 34.73647344], [135.2932025, 34.7366963], [135.29319456, 34.7368153], [135.29316016, 34.73689199], [135.29305694, 34.73699513], [135.29214991, 34.73755833], [135.29184355, 34.73785112], [135.29165812, 34.73809065], [135.29165578, 34.73817462], [135.29170481, 34.73826792], [135.29180986, 34.73835189], [135.29195927, 34.73838455], [135.29214369, 34.73836356], [135.2925032, 34.73826093], [135.29383293, 34.73764906], [135.29494825, 34.73707039], [135.29507161, 34.73701169], [135.29520672, 34.73701169], [135.29530952, 34.73704397], [135.29533008, 34.7371056], [135.29521859, 34.73761129], [135.29522741, 34.737714], [135.29529496, 34.73782552], [135.29541832, 34.73789009], [135.29590049, 34.73801158], [135.29600917, 34.73806147], [135.29602973, 34.73812016], [135.29600917, 34.73822581], [135.29575945, 34.73851438], [135.29572127, 34.73865818], [135.29575064, 34.73896633], [135.29583111, 34.73925875], [135.29600526, 34.73965186], [135.29603751, 34.73983876], [135.29601171, 34.74003532], [135.29595366, 34.74013198], [135.29587303, 34.74019965], [135.2951788, 34.7404625], [135.29469807, 34.740624], [135.29462067, 34.74072066], [135.29453359, 34.74093011], [135.29454366, 34.74112841], [135.29464766, 34.74131139], [135.29473131, 34.74141078], [135.29483757, 34.74143789], [135.2949574, 34.74143111], [135.29573158, 34.74097182], [135.29602459, 34.74075495], [135.29630371, 34.74046394], [135.29634105, 34.74043197], [135.29639261, 34.74042842], [135.2964495, 34.74044796], [135.29700481, 34.74128776], [135.29704629, 34.7414089], [135.29703353, 34.7414886], [135.29700162, 34.74155874], [135.29693143, 34.74160656], [135.29593197, 34.74178327], [135.29573096, 34.74182472], [135.29567033, 34.74187573], [135.29560333, 34.74197137], [135.2955076, 34.74228061], [135.29540011, 34.74301957], [135.29543366, 34.74306203], [135.29552761, 34.74310673], [135.29586575, 34.74312221], [135.29593061, 34.74308422], [135.29599996, 34.74299035], [135.29614359, 34.74271035], [135.29620175, 34.74265224], [135.29624872, 34.74262542], [135.29672127, 34.74261189], [135.29681522, 34.74258954], [135.29708623, 34.74249809], [135.2971086, 34.74250479], [135.2971265, 34.74254055], [135.29699675, 34.74296802], [135.29771479, 34.74297025], [135.29787192, 34.74219076], [135.2981067, 34.74168727], [135.29847319, 34.74116088], [135.29889914, 34.7406373], [135.29969511, 34.7397619], [135.30054042, 34.73865106], [135.30091192, 34.73866512], [135.30099187, 34.73963948], [135.30096305, 34.74002821], [135.30084778, 34.74041695], [135.30072961, 34.74076346], [135.30199139, 34.74101524], [135.30207638, 34.74109308], [135.30208346, 34.74114261], [135.30201264, 34.7412629], [135.30178247, 34.74168522], [135.30178247, 34.74173121], [135.30181434, 34.74177013], [135.30217232, 34.74191605], [135.30220065, 34.74200803], [135.3021794, 34.74216371], [135.30211921, 34.74227692], [135.3015701, 34.74311324], [135.30156656, 34.74319815], [135.30158426, 34.74324768], [135.30193877, 34.74338593], [135.30202021, 34.74339655], [135.30211582, 34.74335409], [135.30248121, 34.74289558], [135.30253001, 34.74288339], [135.30259223, 34.74290289], [135.30264103, 34.74296019], [135.30263371, 34.74306868], [135.30255441, 34.74325519], [135.30220584, 34.74385498], [135.30219848, 34.74391387], [135.30222304, 34.74398749], [135.30281799, 34.74430435], [135.30289904, 34.74429945], [135.30297518, 34.74426018], [135.30389372, 34.74273395], [135.30390608, 34.74267838], [135.30388136, 34.7426228], [135.30303184, 34.74208602], [135.30298908, 34.74197725], [135.30299296, 34.74183352], [135.30335936, 34.74098881], [135.30345656, 34.74089947], [135.30362374, 34.7408412], [135.30404975, 34.74089107], [135.30414242, 34.74085294], [135.30420239, 34.74074401], [135.30424054, 34.74056426], [135.30421874, 34.74052886], [135.30415332, 34.74047984], [135.30353134, 34.74025522], [135.30350681, 34.74017352], [135.30353406, 34.74001556], [135.30372547, 34.73948395], [135.30377998, 34.73944037], [135.30389991, 34.73943765], [135.30410161, 34.7394785], [135.30431693, 34.73962011], [135.30450227, 34.73984615], [135.30469659, 34.74032081], [135.30476996, 34.74070204], [135.30476507, 34.74100507], [135.30453696, 34.74190154], [135.30453937, 34.74192797], [135.30458745, 34.7419688], [135.30552832, 34.74219956], [135.30560525, 34.74218755], [135.3058048, 34.74194013], [135.30581441, 34.74184645], [135.30578075, 34.741796], [135.30543712, 34.74159288], [135.30541308, 34.74154484], [135.3054227, 34.74143434], [135.30565882, 34.7409359], [135.30574778, 34.74083261], [135.30607234, 34.74061882], [135.3062556, 34.74046426], [135.3064311, 34.74016159], [135.30648159, 34.74009914], [135.30654169, 34.74007752], [135.30662343, 34.74007752], [135.30744661, 34.74033452], [135.3075596, 34.74033212], [135.30766779, 34.74028167], [135.30813873, 34.73929872], [135.30980632, 34.73975843], [135.31128386, 34.74023853], [135.31001965, 34.74165897], [135.30981414, 34.74177685], [135.30961243, 34.74183008], [135.30917703, 34.74192027], [135.30905163, 34.74198159], [135.30900894, 34.74206689], [135.30896892, 34.7422535], [135.30892875, 34.74260386], [135.30885938, 34.74273981], [135.30871798, 34.74287844], [135.30838099, 34.74309246], [135.30812219, 34.74319376], [135.30771132, 34.74326841], [135.30654088, 34.74327957], [135.30554728, 34.74326119], [135.30546724, 34.74327451], [135.30541655, 34.74333316], [135.30536319, 34.7436264], [135.30536586, 34.74371171], [135.30538453, 34.74375169], [135.30547525, 34.74377835], [135.30679223, 34.74373064], [135.30712573, 34.74375463], [135.307572, 34.74378926], [135.30770273, 34.7437706], [135.30838212, 34.74354885], [135.30862758, 34.7435142], [135.30890773, 34.74351953], [135.30906514, 34.74357285], [135.30913451, 34.7436235], [135.30945264, 34.74389333], [135.30955403, 34.74392532], [135.31081711, 34.74388789], [135.31087848, 34.74384257], [135.3109185, 34.74377326], [135.31113328, 34.74306385], [135.31122719, 34.74291456], [135.31155163, 34.74264585], [135.31161139, 34.74254348], [135.31167969, 34.74221932], [135.31174969, 34.7416415], [135.31192156, 34.74027305], [135.31330907, 34.74048853], [135.31478609, 34.74084808], [135.3162658, 34.74123403], [135.31716717, 34.74136295]]]}}, {"type": "Feature", "id": "did-1960-26", "properties": {"A16_001": "280011", "A16_002": "00281", "A16_003": "東灘区", "A16_004": "1", "A16_005": "128535", "A16_006": "10.3", "A16_007": "0", "A16_008": "0.0", "A16_009": "95.7", "A16_010": "36.52", "A16_011": "1960", "year": 1960, "population": 128535.0, "areaKm2": 10.3, "density": 12479.126213592232}, "geometry": {"type": "Polygon", "coordinates": [[[135.30345041, 34.71910959], [135.30252867, 34.71944587], [135.30186325, 34.71961548], [135.3006932, 34.71976519], [135.29974939, 34.71977197], [135.29888158, 34.71985027], [135.29839949, 34.71990454], [135.29770248, 34.71996894], [135.29736977, 34.71997573], [135.29612231, 34.71993487], [135.29559948, 34.7198772], [135.29448442, 34.71972781], [135.29392085, 34.71968371], [135.29322311, 34.71968367], [135.29273282, 34.71970792], [135.29253818, 34.71968099], [135.2920321, 34.71955533], [135.2917049, 34.7195375], [135.29144737, 34.7195345], [135.29092858, 34.71956935], [135.29069201, 34.71950951], [135.29056325, 34.71941676], [135.2905333, 34.7193659], [135.29050036, 34.71926417], [135.29090163, 34.71848026], [135.2910274, 34.71842341], [135.29115916, 34.71844735], [135.29179788, 34.71879392], [135.2918428, 34.71881486], [135.29190269, 34.71881785], [135.29236983, 34.71830323], [135.29236684, 34.7182374], [135.29233689, 34.71818654], [135.29163141, 34.71777628], [135.29156691, 34.71773877], [135.29164226, 34.71752796], [135.29236304, 34.71777267], [135.29246477, 34.71775762], [135.29272585, 34.71743719], [135.29275578, 34.71740045], [135.29294326, 34.71717036], [135.2914944, 34.71649452], [135.28773668, 34.71474169], [135.28669983, 34.71567673], [135.2866307, 34.71571392], [135.28649777, 34.71571392], [135.28363918, 34.71455136], [135.28228281, 34.71393587], [135.28191486, 34.71367685], [135.28165145, 34.71337606], [135.28160545, 34.71325073], [135.28162202, 34.71263569], [135.28158439, 34.71246023], [135.28147986, 34.71233908], [135.28029919, 34.7116435], [135.28023229, 34.71158083], [135.28021557, 34.71149728], [135.28023647, 34.71137612], [135.2804539, 34.71103773], [135.27924011, 34.71053488], [135.27893237, 34.71030093], [135.2786447, 34.7100135], [135.27818888, 34.70968497], [135.27788115, 34.70952455], [135.27728574, 34.70946439], [135.27631466, 34.70937548], [135.2756256, 34.709195], [135.27346862, 34.70847164], [135.27083277, 34.70761604], [135.26975973, 34.70723308], [135.26961177, 34.70720023], [135.26941121, 34.70720023], [135.26879233, 34.70732178], [135.26860821, 34.70732835], [135.26845367, 34.70732507], [135.26824653, 34.70726265], [135.26782764, 34.70711516], [135.26757446, 34.70710859], [135.26703069, 34.70719117], [135.26231018, 34.7082396], [135.2613477, 34.70849197], [135.26018147, 34.70889333], [135.25941694, 34.70907459], [135.25871721, 34.70916522], [135.25708979, 34.70922356], [135.25501363, 34.70913235], [135.25219816, 34.70900926], [135.25094123, 34.70905458], [135.24818319, 34.70900929], [135.24642511, 34.7090281], [135.2451816, 34.70914041], [135.24495551, 34.7091436], [135.24487255, 34.70912022], [135.24483133, 34.7091086], [135.24468803, 34.70903224], [135.24464225, 34.70899053], [135.24464225, 34.70899053], [135.24449445, 34.70931639], [135.24447861, 34.70935139], [135.24419945, 34.70996694], [135.24407666, 34.70994667], [135.24397035, 34.71017009], [135.24394278, 34.71022806], [135.24389482, 34.71032857], [135.24388472, 34.71034972], [135.24372222, 34.71069167], [135.24353195, 34.71109139], [135.24344472, 34.71127444], [135.24341805, 34.71133056], [135.24334777, 34.71147861], [135.24327555, 34.71163], [135.24325416, 34.711675], [135.24323155, 34.71172256], [135.243165, 34.7118625], [135.24310445, 34.71199028], [135.24324944, 34.71203392], [135.24325028, 34.71203417], [135.24366445, 34.71215833], [135.24416723, 34.71230917], [135.24424472, 34.7123325], [135.2443985, 34.71237861], [135.24439945, 34.71237889], [135.24453717, 34.71242024], [135.24484166, 34.71251167], [135.24533389, 34.71265944], [135.24538972, 34.71267611], [135.24539791, 34.71267857], [135.24579305, 34.71279723], [135.24632926, 34.71296133], [135.24642111, 34.71298944], [135.24656555, 34.71303361], [135.24721166, 34.71323111], [135.24745611, 34.71330917], [135.24757472, 34.71334472], [135.24762445, 34.71335944], [135.24768755, 34.71337833], [135.24788805, 34.71343833], [135.24836723, 34.71365333], [135.24856647, 34.71376436], [135.24857111, 34.71376694], [135.24860972, 34.71378806], [135.24884611, 34.71391972], [135.24898166, 34.71397667], [135.24901445, 34.71399028], [135.24928445, 34.71410306], [135.24940639, 34.71415417], [135.24944531, 34.71417048], [135.24956084, 34.71421889], [135.24961055, 34.71423944], [135.24965805, 34.71425944], [135.24952166, 34.71473667], [135.24950722, 34.71478694], [135.24948111, 34.71487833], [135.24932695, 34.71553306], [135.24932389, 34.71554606], [135.24930007, 34.71564741], [135.24928334, 34.71571861], [135.24926334, 34.71580944], [135.24916834, 34.7162375], [135.24907462, 34.71666094], [135.24901778, 34.71691778], [135.24893973, 34.71717583], [135.24874166, 34.71761444], [135.24864747, 34.71772701], [135.24862777, 34.71775056], [135.24860629, 34.7177762], [135.24849695, 34.71790667], [135.24814305, 34.71841833], [135.24795028, 34.71874083], [135.24792581, 34.71886025], [135.2479133, 34.71892127], [135.24788527, 34.71905806], [135.24783055, 34.71932528], [135.24758055, 34.71985417], [135.24733707, 34.72010234], [135.24729195, 34.72014833], [135.24721139, 34.72023056], [135.24710055, 34.72033583], [135.24700972, 34.72041083], [135.24693055, 34.72047611], [135.24679861, 34.72060861], [135.24662389, 34.72088944], [135.2464825, 34.72120028], [135.24640445, 34.72130611], [135.24635028, 34.72137944], [135.24624639, 34.72152333], [135.24624142, 34.72153327], [135.24615666, 34.72170277], [135.24607166, 34.72181194], [135.24606555, 34.72181611], [135.24589778, 34.72193472], [135.24584528, 34.72197167], [135.24503805, 34.72254667], [135.24470307, 34.72278395], [135.24469103, 34.72279247], [135.24460316, 34.72285472], [135.24452472, 34.72291027], [135.24414111, 34.72318194], [135.2432833, 34.72379004], [135.24327278, 34.7237975], [135.243265, 34.72381111], [135.24314055, 34.72402361], [135.24309737, 34.72419102], [135.24309737, 34.72419102], [135.24380951, 34.72426542], [135.24382916, 34.72425716], [135.24413677, 34.72430209], [135.24454506, 34.72436172], [135.24459888, 34.72440013], [135.24460272, 34.72447694], [135.24434343, 34.72501715], [135.24431199, 34.72510172], [135.24430957, 34.72519837], [135.2443265, 34.72525636], [135.24437003, 34.72528294], [135.24501904, 34.72525685], [135.24513753, 34.72528343], [135.24527296, 34.72536558], [135.24580045, 34.72604764], [135.24586816, 34.72609113], [135.24594797, 34.7260863], [135.24616594, 34.72596495], [135.24619254, 34.7259287], [135.24618287, 34.72583447], [135.24610336, 34.72544983], [135.24610094, 34.72534593], [135.24615898, 34.72519853], [135.24628216, 34.72511183], [135.24657281, 34.72501837], [135.24699528, 34.72500535], [135.24737947, 34.72508213], [135.24762335, 34.72519562], [135.24825914, 34.72576448], [135.24834266, 34.72577115], [135.24846293, 34.72573444], [135.24849968, 34.72568437], [135.24850636, 34.72557421], [135.24827244, 34.72487129], [135.24822233, 34.72466768], [135.24822567, 34.72457755], [135.24827244, 34.72452081], [135.24835262, 34.72450412], [135.24901535, 34.72468437], [135.24961001, 34.72490801], [135.24976368, 34.72493471], [135.24995076, 34.72493138], [135.25063735, 34.72492856], [135.25188012, 34.72501868], [135.25197032, 34.72505874], [135.25202377, 34.72513217], [135.25221178, 34.72563449], [135.25228673, 34.72572435], [135.2523954, 34.72578425], [135.25277473, 34.72585262], [135.25287591, 34.7259275], [135.25288715, 34.72603983], [135.25271112, 34.72680855], [135.25271487, 34.72689841], [135.25277483, 34.72701073], [135.25313548, 34.72734847], [135.25323665, 34.72738591], [135.25336781, 34.72737842], [135.25407693, 34.72724027], [135.25422308, 34.72726273], [135.25429053, 34.72732638], [135.25462436, 34.72819574], [135.25472554, 34.72829309], [135.25489417, 34.72833427], [135.25524641, 34.72829683], [135.25799731, 34.72793079], [135.2580761, 34.727947], [135.25812012, 34.72801183], [135.25819059, 34.72869183], [135.25818536, 34.72892709], [135.25813303, 34.72917803], [135.25804704, 34.72938941], [135.25803604, 34.72948837], [135.25806905, 34.72963864], [135.25857558, 34.73150228], [135.2592812, 34.73298831], [135.25964852, 34.73350117], [135.2597828, 34.73366797], [135.25985175, 34.73384928], [135.25993179, 34.73424566], [135.25994642, 34.73474342], [135.26007697, 34.73526581], [135.26013548, 34.73534716], [135.2602169, 34.73536495], [135.26035683, 34.73536495], [135.26041789, 34.73533445], [135.26046623, 34.7352226], [135.26051652, 34.73421352], [135.26047744, 34.73388813], [135.26037322, 34.73349116], [135.26020385, 34.73299968], [135.2599368, 34.73186733], [135.25979336, 34.73104321], [135.25979336, 34.7307829], [135.25980639, 34.73055513], [135.25991711, 34.73032085], [135.26134764, 34.7292948], [135.26150745, 34.72924918], [135.26170836, 34.72924918], [135.26200059, 34.72932218], [135.26304836, 34.72989337], [135.26328123, 34.72995268], [135.2635689, 34.7299618], [135.26455303, 34.72996702], [135.26496398, 34.72999439], [135.26553475, 34.73011758], [135.26608648, 34.73030117], [135.26614186, 34.7303062], [135.26622241, 34.73025842], [135.26667813, 34.72952662], [135.2667478, 34.72948864], [135.26689666, 34.72948864], [135.2677075, 34.72966841], [135.26825884, 34.72974792], [135.26924273, 34.72981321], [135.27008373, 34.72986237], [135.27011702, 34.72990151], [135.27013073, 34.72996804], [135.27012682, 34.73004826], [135.26957902, 34.73102666], [135.26953947, 34.73112012], [135.26954811, 34.7311391], [135.26958093, 34.73114773], [135.2696863, 34.73113738], [135.27113811, 34.73089188], [135.27259243, 34.73071255], [135.27269458, 34.73072341], [135.27272718, 34.73075816], [135.27272284, 34.73081245], [135.27263156, 34.73106], [135.27197497, 34.73205161], [135.27175798, 34.73234069], [135.27140009, 34.73261863], [135.27135634, 34.73267328], [135.27130985, 34.73277164], [135.271289, 34.73367501], [135.27131047, 34.73371179], [135.27138409, 34.73373018], [135.27279637, 34.73364459], [135.27289453, 34.73368443], [135.27301415, 34.73377943], [135.27308163, 34.73391428], [135.27317711, 34.73415739], [135.27324459, 34.73421869], [135.27400596, 34.73457496], [135.27412251, 34.73466996], [135.27424771, 34.73481047], [135.27430499, 34.73483005], [135.27435926, 34.73482854], [135.27439695, 34.73479089], [135.27469637, 34.73422029], [135.2748353, 34.73405063], [135.27506684, 34.73387326], [135.27558121, 34.73360543], [135.27568154, 34.73348975], [135.27573943, 34.73327768], [135.27573557, 34.73300777], [135.27563513, 34.73269429], [135.27555325, 34.73252322], [135.27555866, 34.73247727], [135.27558572, 34.73244213], [135.27627126, 34.7321278], [135.27644171, 34.73207644], [135.276788, 34.73201427], [135.27770911, 34.7319544], [135.27963344, 34.73186993], [135.2806742, 34.73178163], [135.28095096, 34.73171856], [135.28107721, 34.73162639], [135.28134094, 34.73129296], [135.28138151, 34.73125719], [135.28146026, 34.73123573], [135.28218872, 34.73126893], [135.28224838, 34.73125462], [135.28227224, 34.73119978], [135.28241911, 34.73026838], [135.28245123, 34.73021757], [135.28250209, 34.73019885], [135.28492135, 34.73047347], [135.28523827, 34.73053338], [135.28534962, 34.73058045], [135.28539245, 34.73065748], [135.28541386, 34.73078157], [135.28533734, 34.73146968], [135.2852474, 34.73170075], [135.28506753, 34.73198317], [135.28481056, 34.73221425], [135.28432158, 34.73259252], [135.28404748, 34.73284927], [135.28382478, 34.73313597], [135.28349855, 34.73362995], [135.28325581, 34.73412459], [135.28324107, 34.73418979], [135.28324949, 34.73424237], [135.28328106, 34.73428022], [135.28339262, 34.73432228], [135.28447958, 34.73437638], [135.28455902, 34.73442401], [135.28463847, 34.73452456], [135.28473131, 34.73513153], [135.28477633, 34.73520826], [135.28489815, 34.73524796], [135.28608515, 34.73506432], [135.28615179, 34.73502437], [135.28619844, 34.73493782], [135.28621769, 34.73375352], [135.28629446, 34.73320806], [135.28643947, 34.73252624], [135.2866177, 34.73213791], [135.28665885, 34.73208799], [135.28672644, 34.73206744], [135.28680873, 34.73206744], [135.28728755, 34.73227318], [135.28751681, 34.73233229], [135.28791987, 34.73242466], [135.28813434, 34.73252072], [135.28860765, 34.73275718], [135.28948052, 34.73304049], [135.28963813, 34.73304049], [135.29076785, 34.7327457], [135.29140471, 34.73257816], [135.29148013, 34.7325802], [135.29153109, 34.73260057], [135.29155759, 34.73264741], [135.29159288, 34.73350811], [135.29161853, 34.73353374], [135.2917083, 34.73353886], [135.29213774, 34.73347527], [135.2922865, 34.73350345], [135.29245064, 34.73355983], [135.2926047, 34.73366622], [135.2926047, 34.73366622], [135.29262027, 34.73338972], [135.29265695, 34.73338333], [135.29273611, 34.73337], [135.29276326, 34.73336531], [135.29277472, 34.73336333], [135.29280555, 34.73335833], [135.29298805, 34.73332806], [135.29322834, 34.73332361], [135.29347389, 34.73338972], [135.29364445, 34.73302167], [135.29366584, 34.73297556], [135.29372361, 34.73287147], [135.29373861, 34.73284444], [135.29411916, 34.73216028], [135.29440916, 34.73163861], [135.29447166, 34.73152611], [135.29454139, 34.73132333], [135.29460195, 34.73114722], [135.29464276, 34.73102867], [135.29464861, 34.73101167], [135.29466278, 34.73097], [135.29468528, 34.73090472], [135.29498722, 34.73098056], [135.2951425, 34.73101944], [135.29520416, 34.731035], [135.29599639, 34.73123361], [135.29614195, 34.73127028], [135.29621534, 34.73108339], [135.29647084, 34.73043277], [135.29653139, 34.73027889], [135.2963875, 34.73026111], [135.29617416, 34.73023473], [135.29602472, 34.73015111], [135.29558445, 34.73008417], [135.29538945, 34.73005444], [135.29551389, 34.72978139], [135.29556028, 34.72967972], [135.2956725, 34.72949472], [135.29568805, 34.72943944], [135.2957175, 34.72933472], [135.29572325, 34.72931419], [135.29577389, 34.72913333], [135.29595445, 34.72877111], [135.29607278, 34.72853389], [135.29612611, 34.72837973], [135.29603259, 34.72834724], [135.29598695, 34.72833139], [135.29585916, 34.72828723], [135.29591166, 34.72817167], [135.29595528, 34.72807556], [135.29582723, 34.72802722], [135.29610416, 34.72744278], [135.29620084, 34.72723861], [135.29640864, 34.72729504], [135.29645555, 34.72730778], [135.29652389, 34.72732639], [135.29732361, 34.72754389], [135.2974775, 34.72758556], [135.29755166, 34.72760583], [135.29780666, 34.727675], [135.29800183, 34.72776566], [135.29823361, 34.72787333], [135.29839389, 34.72793944], [135.29845058, 34.72785308], [135.29849528, 34.727785], [135.29854861, 34.72774111], [135.29865, 34.72775861], [135.29879945, 34.72782028], [135.29895945, 34.72788639], [135.29904472, 34.72790417], [135.29905121, 34.72797009], [135.29905555, 34.72801417], [135.29900222, 34.72815944], [135.29930084, 34.72831361], [135.29959972, 34.72844139], [135.29971722, 34.72819028], [135.29977335, 34.72811125], [135.29984528, 34.72801], [135.29988889, 34.72793028], [135.29994666, 34.72782472], [135.30007472, 34.72767944], [135.3001875, 34.72742556], [135.300285, 34.72720611], [135.30032695, 34.72711167], [135.30036389, 34.72702833], [135.30040555, 34.72693472], [135.30040695, 34.7269325], [135.30053527, 34.72672778], [135.30064361, 34.726555], [135.30066978, 34.72651325], [135.30072055, 34.72643223], [135.3007375, 34.72639944], [135.30106778, 34.72576583], [135.30108445, 34.72573444], [135.301105, 34.725695], [135.30113639, 34.72563472], [135.30139361, 34.72502917], [135.30144737, 34.72490312], [135.30146778, 34.72485528], [135.30147361, 34.72484139], [135.30163084, 34.72447139], [135.30167445, 34.72436861], [135.30182472, 34.724015], [135.30197416, 34.72356972], [135.30201334, 34.72346861], [135.30220166, 34.72298444], [135.30222445, 34.72292556], [135.30241722, 34.72242861], [135.30245945, 34.72227583], [135.30247222, 34.72223056], [135.30251861, 34.72206306], [135.30271611, 34.7213975], [135.30289389, 34.72082944], [135.30290723, 34.72078611], [135.30296139, 34.72061333], [135.30308139, 34.72028694], [135.30319695, 34.71997222], [135.30339389, 34.71943667], [135.30338834, 34.71928694], [135.30342584, 34.71916528], [135.30345041, 34.71910959]]]}}, {"type": "Feature", "id": "did-1960-27", "properties": {"A16_001": "280021", "A16_002": "00282", "A16_003": "灘区", "A16_004": "1", "A16_005": "153994", "A16_006": "8.0", "A16_007": "0", "A16_008": "0.0", "A16_009": "99.1", "A16_010": "43.48", "A16_011": "1960", "year": 1960, "population": 153994.0, "areaKm2": 8.0, "density": 19249.25}, "geometry": {"type": "Polygon", "coordinates": [[[135.24309737, 34.72419102], [135.24314055, 34.72402361], [135.243265, 34.72381111], [135.24327278, 34.7237975], [135.2432833, 34.72379004], [135.24414111, 34.72318194], [135.24452472, 34.72291027], [135.24460316, 34.72285472], [135.24469103, 34.72279247], [135.24470307, 34.72278395], [135.24503805, 34.72254667], [135.24584528, 34.72197167], [135.24589778, 34.72193472], [135.24606555, 34.72181611], [135.24607166, 34.72181194], [135.24615666, 34.72170277], [135.24624142, 34.72153327], [135.24624639, 34.72152333], [135.24635028, 34.72137944], [135.24640445, 34.72130611], [135.2464825, 34.72120028], [135.24662389, 34.72088944], [135.24679861, 34.72060861], [135.24693055, 34.72047611], [135.24700972, 34.72041083], [135.24710055, 34.72033583], [135.24721139, 34.72023056], [135.24729195, 34.72014833], [135.24733707, 34.72010234], [135.24758055, 34.71985417], [135.24783055, 34.71932528], [135.24788527, 34.71905806], [135.2479133, 34.71892127], [135.24792581, 34.71886025], [135.24795028, 34.71874083], [135.24814305, 34.71841833], [135.24849695, 34.71790667], [135.24860629, 34.7177762], [135.24862777, 34.71775056], [135.24864747, 34.71772701], [135.24874166, 34.71761444], [135.24893973, 34.71717583], [135.24901778, 34.71691778], [135.24907462, 34.71666094], [135.24916834, 34.7162375], [135.24926334, 34.71580944], [135.24928334, 34.71571861], [135.24930007, 34.71564741], [135.24932389, 34.71554606], [135.24932695, 34.71553306], [135.24948111, 34.71487833], [135.24950722, 34.71478694], [135.24952166, 34.71473667], [135.24965805, 34.71425944], [135.24961055, 34.71423944], [135.24956084, 34.71421889], [135.24944531, 34.71417048], [135.24940639, 34.71415417], [135.24928445, 34.71410306], [135.24901445, 34.71399028], [135.24898166, 34.71397667], [135.24884611, 34.71391972], [135.24860972, 34.71378806], [135.24857111, 34.71376694], [135.24856647, 34.71376436], [135.24836723, 34.71365333], [135.24788805, 34.71343833], [135.24768755, 34.71337833], [135.24762445, 34.71335944], [135.24757472, 34.71334472], [135.24745611, 34.71330917], [135.24721166, 34.71323111], [135.24656555, 34.71303361], [135.24642111, 34.71298944], [135.24632926, 34.71296133], [135.24579305, 34.71279723], [135.24539791, 34.71267857], [135.24538972, 34.71267611], [135.24533389, 34.71265944], [135.24484166, 34.71251167], [135.24453717, 34.71242024], [135.24439945, 34.71237889], [135.2443985, 34.71237861], [135.24424472, 34.7123325], [135.24416723, 34.71230917], [135.24366445, 34.71215833], [135.24325028, 34.71203417], [135.24324944, 34.71203392], [135.24310445, 34.71199028], [135.243165, 34.7118625], [135.24323155, 34.71172256], [135.24325416, 34.711675], [135.24327555, 34.71163], [135.24334777, 34.71147861], [135.24341805, 34.71133056], [135.24344472, 34.71127444], [135.24353195, 34.71109139], [135.24372222, 34.71069167], [135.24388472, 34.71034972], [135.24389482, 34.71032857], [135.24394278, 34.71022806], [135.24397035, 34.71017009], [135.24407666, 34.70994667], [135.24419945, 34.70996694], [135.24447861, 34.70935139], [135.24449445, 34.70931639], [135.24464225, 34.70899053], [135.24464225, 34.70899053], [135.24436324, 34.70873635], [135.24371908, 34.70827772], [135.24284277, 34.70782975], [135.24173209, 34.70719343], [135.24075143, 34.70651886], [135.23976221, 34.70573348], [135.23842573, 34.70470318], [135.23773792, 34.70429084], [135.23616598, 34.70332116], [135.23590614, 34.70312262], [135.23566159, 34.7028681], [135.23521247, 34.70249029], [135.23482526, 34.70228667], [135.23434635, 34.70213395], [135.23356032, 34.7020924], [135.23263815, 34.70211276], [135.23229042, 34.70209829], [135.23212515, 34.70204074], [135.23187726, 34.70190314], [135.23143938, 34.70163614], [135.23102271, 34.70146962], [135.22983041, 34.70113656], [135.22656549, 34.70008763], [135.22555273, 34.70209963], [135.22549328, 34.70212735], [135.22537436, 34.70212735], [135.22262964, 34.70106008], [135.2225299, 34.70097537], [135.22228552, 34.70040731], [135.22218079, 34.70031263], [135.22174076, 34.70006578], [135.22167094, 34.69995615], [135.22164102, 34.69927348], [135.22008352, 34.69879347], [135.21870604, 34.698228], [135.21870604, 34.698228], [135.21870262, 34.69826783], [135.21863805, 34.6990175], [135.2185925, 34.69930278], [135.2185309, 34.69968921], [135.21848584, 34.69997194], [135.21840695, 34.70019611], [135.21836639, 34.70031167], [135.2181339, 34.70086463], [135.21812195, 34.70089306], [135.21794305, 34.70131167], [135.21781555, 34.70183639], [135.21780416, 34.70188278], [135.21778139, 34.70197472], [135.21777611, 34.70199639], [135.21777577, 34.70199777], [135.21776062, 34.70205928], [135.21774889, 34.70210694], [135.21756389, 34.70203944], [135.21736139, 34.70196528], [135.21734587, 34.70195895], [135.21710305, 34.70186], [135.21692945, 34.70178917], [135.21663584, 34.70215972], [135.21646889, 34.70234917], [135.21640805, 34.70241833], [135.21635055, 34.70248333], [135.21631354, 34.70252533], [135.21622889, 34.70262139], [135.21614611, 34.70260444], [135.21605666, 34.70286306], [135.215845, 34.70326944], [135.21584443, 34.70327054], [135.21581805, 34.70332111], [135.21581605, 34.70332533], [135.21577028, 34.70342194], [135.21541195, 34.70418167], [135.21539362, 34.7042204], [135.21532861, 34.70435778], [135.21531222, 34.70439278], [135.21524389, 34.7045375], [135.21517604, 34.70467763], [135.21493389, 34.70517778], [135.21490778, 34.70524667], [135.21489027, 34.7052925], [135.21487971, 34.70532032], [135.21481973, 34.70547833], [135.21475592, 34.70564615], [135.21471305, 34.70575889], [135.21462988, 34.70597396], [135.21461778, 34.70600528], [135.2145775, 34.70606583], [135.21450928, 34.70616795], [135.21448639, 34.70620222], [135.21440241, 34.70630057], [135.21439389, 34.70631056], [135.21439, 34.706315], [135.2143725, 34.70633556], [135.21427528, 34.70644944], [135.21423445, 34.7064975], [135.2139912, 34.7068337], [135.21395166, 34.70688833], [135.21390639, 34.70695056], [135.21377527, 34.70713278], [135.21371692, 34.70725636], [135.21350666, 34.70770167], [135.21328139, 34.70809], [135.21328111, 34.70809047], [135.21302389, 34.70853417], [135.21292889, 34.70870639], [135.21291082, 34.70873906], [135.2128725, 34.70880833], [135.21271584, 34.70909222], [135.21265416, 34.70920417], [135.21263166, 34.709245], [135.21261, 34.70928417], [135.212505, 34.70947472], [135.21214084, 34.71004361], [135.21211416, 34.71008556], [135.21181777, 34.71056985], [135.2117857, 34.71062226], [135.21127334, 34.71145944], [135.21122805, 34.71153139], [135.21118945, 34.7115925], [135.21117119, 34.71162143], [135.21079, 34.71222528], [135.21061111, 34.712575], [135.21051195, 34.71277167], [135.21049195, 34.71281167], [135.21049028, 34.71281417], [135.21048918, 34.71281565], [135.21046028, 34.71285472], [135.21028305, 34.71309722], [135.21000278, 34.7134125], [135.209935, 34.71348694], [135.20989834, 34.71352778], [135.20986139, 34.71356833], [135.20982584, 34.71360759], [135.20968278, 34.71376556], [135.2096475, 34.71380473], [135.2096075, 34.71384861], [135.20956139, 34.71389972], [135.20951361, 34.71397361], [135.20945055, 34.71416417], [135.2094375, 34.71420389], [135.2094327, 34.71421857], [135.20942195, 34.71425139], [135.20922, 34.71486278], [135.20920305, 34.71492861], [135.20918861, 34.71498389], [135.20918638, 34.7149925], [135.20879055, 34.7165225], [135.20876659, 34.71663048], [135.20872882, 34.71680068], [135.20872882, 34.71680068], [135.20874947, 34.71681234], [135.20889668, 34.71700145], [135.20895977, 34.71715554], [135.20903596, 34.71767443], [135.20908247, 34.71770886], [135.20918755, 34.71773123], [135.20962385, 34.71776908], [135.20967897, 34.71774154], [135.20970654, 34.71769679], [135.20981319, 34.71692708], [135.21038722, 34.71695046], [135.21066562, 34.71701315], [135.21083031, 34.71710718], [135.21091657, 34.71718945], [135.2109597, 34.71729915], [135.21096755, 34.71743236], [135.21087338, 34.71770224], [135.21087538, 34.71773404], [135.21088485, 34.7177454], [135.210918, 34.71775959], [135.21153309, 34.7177369], [135.21157431, 34.71774902], [135.21158886, 34.71778051], [135.21157916, 34.71786288], [135.21152582, 34.71803731], [135.21152582, 34.71811968], [135.21155491, 34.71816571], [135.21166402, 34.71823112], [135.21205252, 34.71837519], [135.2121689, 34.71847452], [135.21221982, 34.71857142], [135.21223195, 34.71876765], [135.21192177, 34.72153936], [135.2118754, 34.72190758], [135.21189716, 34.72199453], [135.21197114, 34.7220728], [135.21259453, 34.72229443], [135.21270768, 34.72230313], [135.212786, 34.72227269], [135.2135817, 34.72031522], [135.21386716, 34.71991174], [135.21418743, 34.71957086], [135.21453391, 34.71938282], [135.21473922, 34.71932128], [135.21512932, 34.71926657], [135.21549546, 34.71926316], [135.21561865, 34.71932128], [135.21570078, 34.71941017], [135.21570762, 34.71950249], [135.21566313, 34.71971447], [135.21562925, 34.7199211], [135.21563952, 34.72007153], [135.21575928, 34.72022539], [135.2159817, 34.72037924], [135.21639233, 34.72052284], [135.21702726, 34.72092817], [135.21809929, 34.72167667], [135.21829734, 34.7217627], [135.21864177, 34.72187455], [135.21911229, 34.72204816], [135.21945672, 34.72222453], [135.22010131, 34.72269165], [135.22017979, 34.72272482], [135.22025525, 34.72271577], [135.2203307, 34.72266149], [135.22079623, 34.7219431], [135.22085962, 34.72190088], [135.22095318, 34.72190088], [135.22226728, 34.72244484], [135.22232462, 34.72249912], [135.22232764, 34.7225534], [135.22229444, 34.72263483], [135.22166019, 34.72318195], [135.22158776, 34.72329655], [135.22152135, 34.72346845], [135.22136716, 34.72394056], [135.22126756, 34.72417881], [135.22095667, 34.72464323], [135.2203882, 34.72550128], [135.22005235, 34.72598298], [135.21995476, 34.7262442], [135.21990059, 34.72657435], [135.22001483, 34.72801319], [135.22004412, 34.72814353], [135.22007606, 34.72819673], [135.22013197, 34.72821003], [135.2201932, 34.72819673], [135.22024911, 34.72809831], [135.22054159, 34.72676863], [135.22058848, 34.72669165], [135.22065548, 34.72665149], [135.22094354, 34.72652766], [135.22105408, 34.72642056], [135.22117131, 34.72624653], [135.2212249, 34.72619968], [135.22132874, 34.72618629], [135.22210111, 34.72638635], [135.22222505, 34.72637296], [135.22230879, 34.72629264], [135.22344224, 34.7247543], [135.22399961, 34.7239318], [135.22487409, 34.72265394], [135.22492044, 34.72262867], [135.22500473, 34.72262867], [135.22533766, 34.72273394], [135.22537559, 34.7227929], [135.22537138, 34.72289817], [135.22531238, 34.72304976], [135.22492415, 34.7237979], [135.22492415, 34.72390738], [135.22497893, 34.72400002], [135.22516858, 34.72412213], [135.22557678, 34.7242937], [135.22595594, 34.72437913], [135.22649185, 34.72452476], [135.22681897, 34.72470675], [135.22719069, 34.72502245], [135.22769084, 34.72558604], [135.2280239, 34.72614703], [135.22806656, 34.72634534], [135.22812342, 34.7269149], [135.2281431, 34.72699352], [135.22820539, 34.72704266], [135.22885902, 34.72723304], [135.22898689, 34.72723304], [135.22903607, 34.727197], [135.2290787, 34.72711182], [135.22930225, 34.72559524], [135.2298228, 34.72503431], [135.22990118, 34.7250137], [135.23045809, 34.72512499], [135.23050347, 34.72518681], [135.2305241, 34.7252981], [135.23042114, 34.72582708], [135.23043351, 34.7259054], [135.23049127, 34.72597547], [135.23123128, 34.72633048], [135.23142517, 34.72634697], [135.23168506, 34.72634697], [135.23245329, 34.72624079], [135.23253167, 34.72628201], [135.23256055, 34.72633147], [135.23257703, 34.72693051], [135.23251515, 34.72751993], [135.23242439, 34.72794861], [135.23207775, 34.72907166], [135.23180699, 34.72995723], [135.23176739, 34.73022763], [135.23176739, 34.73049142], [135.23191955, 34.73127918], [135.2321376, 34.7320532], [135.2321706, 34.73236976], [135.2321574, 34.7329699], [135.23204195, 34.73402532], [135.23204844, 34.73409663], [135.23209385, 34.73415173], [135.23215549, 34.73415497], [135.23227876, 34.73411932], [135.23357245, 34.73351376], [135.23447765, 34.7330491], [135.23515032, 34.73251805], [135.2354742, 34.73205338], [135.23568645, 34.73153302], [135.23598454, 34.73095596], [135.23625467, 34.73059298], [135.2367216, 34.73009602], [135.23688208, 34.72981702], [135.23696553, 34.72955727], [135.23701875, 34.72905744], [135.23702279, 34.72857327], [135.23703661, 34.7285352], [135.2370644, 34.72851933], [135.23711997, 34.72853123], [135.23722912, 34.72863435], [135.23772249, 34.7293835], [135.23787999, 34.72973885], [135.2379308, 34.72986576], [135.2379816, 34.72992667], [135.23807306, 34.72995713], [135.23929555, 34.73000656], [135.23940953, 34.73005283], [135.23945939, 34.73010265], [135.23957881, 34.73037804], [135.23966121, 34.73061756], [135.23970866, 34.73064999], [135.23981353, 34.73066247], [135.23998333, 34.73062005], [135.24022073, 34.73050225], [135.24034458, 34.73035455], [135.24070862, 34.72989353], [135.24082626, 34.72980118], [135.2409663, 34.72976759], [135.24157205, 34.72985481], [135.24167568, 34.72990518], [135.2417261, 34.72995556], [135.24175691, 34.73004791], [135.24179069, 34.73060544], [135.2418299, 34.73066981], [135.24188032, 34.73070619], [135.24193914, 34.73071178], [135.24219764, 34.7305829], [135.24225085, 34.73058011], [135.24232928, 34.73057731], [135.24252627, 34.73064637], [135.24257742, 34.73065891], [135.2426112, 34.73064637], [135.24263961, 34.73062274], [135.24263945, 34.73060361], [135.24263555, 34.73010056], [135.24265445, 34.72964861], [135.2426875, 34.72930167], [135.24268889, 34.72927389], [135.24271222, 34.72880111], [135.24272055, 34.72863111], [135.24275361, 34.7282075], [135.24276305, 34.72801278], [135.24278666, 34.72789583], [135.24281028, 34.72777889], [135.24280555, 34.72755667], [135.24280555, 34.72747444], [135.24280555, 34.72739694], [135.2428575, 34.72712778], [135.24286695, 34.72701889], [135.24283861, 34.72686278], [135.24273945, 34.72674306], [135.24263, 34.72659611], [135.24257416, 34.72652083], [135.24250805, 34.72633361], [135.24251223, 34.72624083], [135.24251278, 34.72622861], [135.24255055, 34.72608806], [135.24269945, 34.72593277], [135.24271111, 34.72592083], [135.24286223, 34.72569861], [135.24297278, 34.72550472], [135.24298, 34.72549223], [135.24300972, 34.72541361], [135.24305084, 34.725305], [135.24306972, 34.72504], [135.24306972, 34.72502278], [135.24306972, 34.72473583], [135.24309334, 34.72420667], [135.24309737, 34.72419102]]]}}, {"type": "Feature", "id": "did-1960-28", "properties": {"A16_001": "280031", "A16_002": "00283", "A16_003": "葺合区", "A16_004": "1", "A16_005": "91774", "A16_006": "4.8", "A16_007": "0", "A16_008": "0.0", "A16_009": "98.3", "A16_010": "50.53", "A16_011": "1960", "year": 1960, "population": 91774.0, "areaKm2": 4.8, "density": 19119.583333333336}, "geometry": {"type": "Polygon", "coordinates": [[[135.20872882, 34.71680068], [135.20876659, 34.71663048], [135.20879055, 34.7165225], [135.20918638, 34.7149925], [135.20918861, 34.71498389], [135.20920305, 34.71492861], [135.20922, 34.71486278], [135.20942195, 34.71425139], [135.2094327, 34.71421857], [135.2094375, 34.71420389], [135.20945055, 34.71416417], [135.20951361, 34.71397361], [135.20956139, 34.71389972], [135.2096075, 34.71384861], [135.2096475, 34.71380473], [135.20968278, 34.71376556], [135.20982584, 34.71360759], [135.20986139, 34.71356833], [135.20989834, 34.71352778], [135.209935, 34.71348694], [135.21000278, 34.7134125], [135.21028305, 34.71309722], [135.21046028, 34.71285472], [135.21048918, 34.71281565], [135.21049028, 34.71281417], [135.21049195, 34.71281167], [135.21051195, 34.71277167], [135.21061111, 34.712575], [135.21079, 34.71222528], [135.21117119, 34.71162143], [135.21118945, 34.7115925], [135.21122805, 34.71153139], [135.21127334, 34.71145944], [135.2117857, 34.71062226], [135.21181777, 34.71056985], [135.21211416, 34.71008556], [135.21214084, 34.71004361], [135.212505, 34.70947472], [135.21261, 34.70928417], [135.21263166, 34.709245], [135.21265416, 34.70920417], [135.21271584, 34.70909222], [135.2128725, 34.70880833], [135.21291082, 34.70873906], [135.21292889, 34.70870639], [135.21302389, 34.70853417], [135.21328111, 34.70809047], [135.21328139, 34.70809], [135.21350666, 34.70770167], [135.21371692, 34.70725636], [135.21377527, 34.70713278], [135.21390639, 34.70695056], [135.21395166, 34.70688833], [135.2139912, 34.7068337], [135.21423445, 34.7064975], [135.21427528, 34.70644944], [135.2143725, 34.70633556], [135.21439, 34.706315], [135.21439389, 34.70631056], [135.21440241, 34.70630057], [135.21448639, 34.70620222], [135.21450928, 34.70616795], [135.2145775, 34.70606583], [135.21461778, 34.70600528], [135.21462988, 34.70597396], [135.21471305, 34.70575889], [135.21475592, 34.70564615], [135.21481973, 34.70547833], [135.21487971, 34.70532032], [135.21489027, 34.7052925], [135.21490778, 34.70524667], [135.21493389, 34.70517778], [135.21517604, 34.70467763], [135.21524389, 34.7045375], [135.21531222, 34.70439278], [135.21532861, 34.70435778], [135.21539362, 34.7042204], [135.21541195, 34.70418167], [135.21577028, 34.70342194], [135.21581605, 34.70332533], [135.21581805, 34.70332111], [135.21584443, 34.70327054], [135.215845, 34.70326944], [135.21605666, 34.70286306], [135.21614611, 34.70260444], [135.21622889, 34.70262139], [135.21631354, 34.70252533], [135.21635055, 34.70248333], [135.21640805, 34.70241833], [135.21646889, 34.70234917], [135.21663584, 34.70215972], [135.21692945, 34.70178917], [135.21710305, 34.70186], [135.21734587, 34.70195895], [135.21736139, 34.70196528], [135.21756389, 34.70203944], [135.21774889, 34.70210694], [135.21776062, 34.70205928], [135.21777577, 34.70199777], [135.21777611, 34.70199639], [135.21778139, 34.70197472], [135.21780416, 34.70188278], [135.21781555, 34.70183639], [135.21794305, 34.70131167], [135.21812195, 34.70089306], [135.2181339, 34.70086463], [135.21836639, 34.70031167], [135.21840695, 34.70019611], [135.21848584, 34.69997194], [135.2185309, 34.69968921], [135.2185925, 34.69930278], [135.21863805, 34.6990175], [135.21870262, 34.69826783], [135.21870604, 34.698228], [135.21870604, 34.698228], [135.21682889, 34.69745741], [135.21434377, 34.69661766], [135.21413688, 34.69650938], [135.21401865, 34.69634204], [135.21363738, 34.69575321], [135.21313382, 34.6951775], [135.21276583, 34.69484369], [135.21164249, 34.69596608], [135.21102562, 34.69572849], [135.20880316, 34.69466899], [135.20890484, 34.69447548], [135.20805039, 34.69381402], [135.20699892, 34.69323229], [135.20619478, 34.69283256], [135.20616784, 34.69238382], [135.2055104, 34.69213093], [135.20474568, 34.69189381], [135.20465527, 34.69183358], [135.20461384, 34.69169056], [135.20443639, 34.68923917], [135.20555969, 34.68992111], [135.20517103, 34.6904515], [135.20740765, 34.69180344], [135.20913985, 34.69269908], [135.21119719, 34.69358091], [135.21172543, 34.69382744], [135.21204782, 34.69371617], [135.21188314, 34.69323103], [135.21027752, 34.69249636], [135.21011996, 34.69239141], [135.21005244, 34.69228646], [135.21007156, 34.69115181], [135.21008084, 34.69106837], [135.21036849, 34.69078096], [135.21044736, 34.69004853], [135.21025049, 34.68993478], [135.21007397, 34.69008187], [135.20997222, 34.69016667], [135.20858333, 34.68933333], [135.21219444, 34.68683333], [135.21207183, 34.68671072], [135.21189806, 34.68653695], [135.21163889, 34.68627778], [135.20854817, 34.68859582], [135.20830556, 34.68877778], [135.2082667, 34.68875835], [135.20775, 34.6885], [135.21099999, 34.68606251], [135.21101597, 34.68605052], [135.21108333, 34.686], [135.21052778, 34.68572222], [135.21048239, 34.68575714], [135.20695844, 34.68846787], [135.20691667, 34.6885], [135.20525, 34.68766667], [135.2088108, 34.68492759], [135.2088302, 34.68491267], [135.20886111, 34.68488889], [135.20747222, 34.68405556], [135.20411834, 34.68663546], [135.20393287, 34.68677814], [135.20386111, 34.68683333], [135.20302778, 34.686], [135.20405103, 34.68472094], [135.20412147, 34.68463288], [135.20413889, 34.68461111], [135.20358333, 34.68433333], [135.20268175, 34.68546031], [135.20262535, 34.68553082], [135.20247222, 34.68572222], [135.20168401, 34.68493401], [135.2016583, 34.6849083], [135.2016583, 34.6849083], [135.20125122, 34.6849047], [135.20110582, 34.68518689], [135.20036425, 34.68507512], [135.19980325, 34.68496221], [135.19870725, 34.68477591], [135.19869366, 34.68505842], [135.19871212, 34.68528352], [135.19869313, 34.68542522], [135.19861465, 34.68554437], [135.19834667, 34.68606787], [135.19822564, 34.68628494], [135.19810974, 34.68624027], [135.19806993, 34.68631521], [135.19803782, 34.68637586], [135.19809635, 34.68639601], [135.19758098, 34.6873089], [135.1974108, 34.68760407], [135.19728651, 34.68781948], [135.19649371, 34.68919408], [135.19645962, 34.68925306], [135.19637591, 34.68938634], [135.19586299, 34.69038217], [135.19572082, 34.69065827], [135.19569701, 34.69070576], [135.19562509, 34.69084896], [135.19552351, 34.69105125], [135.19547205, 34.69115373], [135.19545571, 34.69118962], [135.19543093, 34.69123431], [135.19535619, 34.69136893], [135.19532556, 34.69144085], [135.19532246, 34.69144622], [135.19529281, 34.69151432], [135.1950769, 34.69194856], [135.19487025, 34.6923709], [135.19486908, 34.69237331], [135.19468805, 34.69272616], [135.19468419, 34.69273211], [135.1946189, 34.69283244], [135.19456538, 34.69290972], [135.19457134, 34.69297405], [135.19451377, 34.69302221], [135.19444732, 34.693201], [135.19444141, 34.69322274], [135.19450048, 34.69324528], [135.19426131, 34.69367405], [135.19459695, 34.69401656], [135.19489639, 34.69432213], [135.19452742, 34.69474929], [135.19437829, 34.69492315], [135.19431823, 34.69499318], [135.19427973, 34.69503064], [135.19428916, 34.69524101], [135.19430198, 34.69551559], [135.19431213, 34.69573109], [135.19434376, 34.69640283], [135.19436329, 34.6966251], [135.19436701, 34.69666353], [135.1944073, 34.69748964], [135.19440751, 34.69749359], [135.19438664, 34.69749661], [135.19435736, 34.69750084], [135.19436311, 34.69784125], [135.19436998, 34.69802699], [135.19437317, 34.69811275], [135.19437542, 34.69815724], [135.19438532, 34.6983548], [135.19444016, 34.69862682], [135.19444177, 34.69863484], [135.19448075, 34.69924348], [135.1944825, 34.69929714], [135.19449399, 34.69934467], [135.19451519, 34.699391], [135.19455663, 34.69952675], [135.19470569, 34.70001505], [135.19478886, 34.70028068], [135.19516918, 34.70133934], [135.1953656, 34.70181939], [135.1954175, 34.70193115], [135.19542169, 34.70194041], [135.19566976, 34.70270364], [135.19578833, 34.70307621], [135.19579318, 34.70309139], [135.19582414, 34.70317386], [135.19583212, 34.70319535], [135.1958944, 34.70333745], [135.19590453, 34.70336062], [135.19596227, 34.70352516], [135.19596253, 34.703526], [135.19598241, 34.70358375], [135.19604093, 34.7038242], [135.19608429, 34.70400813], [135.19611519, 34.70416694], [135.19610168, 34.70424535], [135.19609743, 34.70426327], [135.19601387, 34.70461727], [135.19599493, 34.70492855], [135.19599141, 34.70494544], [135.19594262, 34.70517909], [135.19596941, 34.70538609], [135.19600827, 34.70549393], [135.19607435, 34.70567734], [135.19619608, 34.70595101], [135.19619094, 34.70606429], [135.19618956, 34.70609543], [135.19617475, 34.70614751], [135.19615891, 34.70620664], [135.19615174, 34.70627191], [135.19615311, 34.7063381], [135.19616297, 34.70640001], [135.19616532, 34.70645394], [135.19616772, 34.70651294], [135.19617111, 34.70655968], [135.19617848, 34.70662062], [135.1961919, 34.70668152], [135.19620893, 34.70673633], [135.19621715, 34.70677994], [135.19621813, 34.70682571], [135.19622367, 34.70685821], [135.19622309, 34.70694174], [135.19615636, 34.70690623], [135.19628653, 34.70768118], [135.19623584, 34.70783312], [135.19617621, 34.70787482], [135.19607185, 34.70787482], [135.19607185, 34.70787482], [135.19723897, 34.708236], [135.19780713, 34.70841832], [135.19802278, 34.70856335], [135.19807669, 34.70867522], [135.1980567, 34.7094616], [135.1980065, 34.70989056], [135.19801107, 34.7099431], [135.19803164, 34.70997508], [135.19838646, 34.71006279], [135.19845961, 34.71010847], [135.1984779, 34.71016787], [135.19840036, 34.71102319], [135.19841133, 34.71126806], [135.1984223, 34.71137405], [135.19845523, 34.71142522], [135.19851741, 34.71145081], [135.19861983, 34.7114435], [135.1987442, 34.7113704], [135.19934878, 34.71093897], [135.19947681, 34.71089145], [135.20005953, 34.71084695], [135.20021316, 34.71081406], [135.20030095, 34.71074827], [135.2004619, 34.71040106], [135.20051677, 34.71037913], [135.20069601, 34.7103974], [135.20074722, 34.71045588], [135.20095613, 34.71093517], [135.20113059, 34.7111315], [135.20124086, 34.71121093], [135.20133831, 34.71123399], [135.20143063, 34.71121093], [135.201708, 34.71082403], [135.20176442, 34.71078559], [135.20191316, 34.7107446], [135.20269347, 34.71080125], [135.20281657, 34.71082431], [135.20288324, 34.71086018], [135.20311267, 34.71141817], [135.20324613, 34.71161131], [135.2033704, 34.71170788], [135.2042393, 34.71194699], [135.2043619, 34.71195988], [135.20441998, 34.71194376], [135.20446515, 34.71186639], [135.20472352, 34.71068589], [135.20477933, 34.71066307], [135.20489604, 34.71065293], [135.20511424, 34.71071884], [135.20571754, 34.71124673], [135.20617354, 34.71170909], [135.20641387, 34.71190378], [135.20669316, 34.71203358], [135.2071933, 34.7121971], [135.20723582, 34.71223959], [135.20725149, 34.71231561], [135.20722687, 34.71246095], [135.20684781, 34.71322164], [135.20680282, 34.71338858], [135.20678997, 34.71375456], [135.20676431, 34.7143481], [135.20670005, 34.71461778], [135.20652655, 34.71492597], [135.20616703, 34.71542562], [135.20616261, 34.71549199], [135.20618696, 34.71552739], [135.2062556, 34.71554951], [135.20677143, 34.71563118], [135.20689542, 34.71568782], [135.20757635, 34.71629065], [135.20787039, 34.71642515], [135.20837698, 34.71660214], [135.20872882, 34.71680068]]]}}, {"type": "Feature", "id": "did-1960-29", "properties": {"A16_001": "280041", "A16_002": "00284", "A16_003": "生田区", "A16_004": "1", "A16_005": "83485", "A16_006": "5.1", "A16_007": "0", "A16_008": "0.0", "A16_009": "97.8", "A16_010": "60.0", "A16_011": "1960", "year": 1960, "population": 83485.0, "areaKm2": 5.1, "density": 16369.607843137255}, "geometry": {"type": "Polygon", "coordinates": [[[135.19607185, 34.70787482], [135.19617621, 34.70787482], [135.19623584, 34.70783312], [135.19628653, 34.70768118], [135.19615636, 34.70690623], [135.19622309, 34.70694174], [135.19622367, 34.70685821], [135.19621813, 34.70682571], [135.19621715, 34.70677994], [135.19620893, 34.70673633], [135.1961919, 34.70668152], [135.19617848, 34.70662062], [135.19617111, 34.70655968], [135.19616772, 34.70651294], [135.19616532, 34.70645394], [135.19616297, 34.70640001], [135.19615311, 34.7063381], [135.19615174, 34.70627191], [135.19615891, 34.70620664], [135.19617475, 34.70614751], [135.19618956, 34.70609543], [135.19619094, 34.70606429], [135.19619608, 34.70595101], [135.19607435, 34.70567734], [135.19600827, 34.70549393], [135.19596941, 34.70538609], [135.19594262, 34.70517909], [135.19599141, 34.70494544], [135.19599493, 34.70492855], [135.19601387, 34.70461727], [135.19609743, 34.70426327], [135.19610168, 34.70424535], [135.19611519, 34.70416694], [135.19608429, 34.70400813], [135.19604093, 34.7038242], [135.19598241, 34.70358375], [135.19596253, 34.703526], [135.19596227, 34.70352516], [135.19590453, 34.70336062], [135.1958944, 34.70333745], [135.19583212, 34.70319535], [135.19582414, 34.70317386], [135.19579318, 34.70309139], [135.19578833, 34.70307621], [135.19566976, 34.70270364], [135.19542169, 34.70194041], [135.1954175, 34.70193115], [135.1953656, 34.70181939], [135.19516918, 34.70133934], [135.19478886, 34.70028068], [135.19470569, 34.70001505], [135.19455663, 34.69952675], [135.19451519, 34.699391], [135.19449399, 34.69934467], [135.1944825, 34.69929714], [135.19448075, 34.69924348], [135.19444177, 34.69863484], [135.19444016, 34.69862682], [135.19438532, 34.6983548], [135.19437542, 34.69815724], [135.19437317, 34.69811275], [135.19436998, 34.69802699], [135.19436311, 34.69784125], [135.19435736, 34.69750084], [135.19438664, 34.69749661], [135.19440751, 34.69749359], [135.1944073, 34.69748964], [135.19436701, 34.69666353], [135.19436329, 34.6966251], [135.19434376, 34.69640283], [135.19431213, 34.69573109], [135.19430198, 34.69551559], [135.19428916, 34.69524101], [135.19427973, 34.69503064], [135.19431823, 34.69499318], [135.19437829, 34.69492315], [135.19452742, 34.69474929], [135.19489639, 34.69432213], [135.19459695, 34.69401656], [135.19426131, 34.69367405], [135.19450048, 34.69324528], [135.19444141, 34.69322274], [135.19444732, 34.693201], [135.19451377, 34.69302221], [135.19457134, 34.69297405], [135.19456538, 34.69290972], [135.1946189, 34.69283244], [135.19468419, 34.69273211], [135.19468805, 34.69272616], [135.19486908, 34.69237331], [135.19487025, 34.6923709], [135.1950769, 34.69194856], [135.19529281, 34.69151432], [135.19532246, 34.69144622], [135.19532556, 34.69144085], [135.19535619, 34.69136893], [135.19543093, 34.69123431], [135.19545571, 34.69118962], [135.19547205, 34.69115373], [135.19552351, 34.69105125], [135.19562509, 34.69084896], [135.19569701, 34.69070576], [135.19572082, 34.69065827], [135.19586299, 34.69038217], [135.19637591, 34.68938634], [135.19645962, 34.68925306], [135.19649371, 34.68919408], [135.19728651, 34.68781948], [135.1974108, 34.68760407], [135.19758098, 34.6873089], [135.19809635, 34.68639601], [135.19803782, 34.68637586], [135.19806993, 34.68631521], [135.19810974, 34.68624027], [135.19822564, 34.68628494], [135.19834667, 34.68606787], [135.19861465, 34.68554437], [135.19869313, 34.68542522], [135.19871212, 34.68528352], [135.19869366, 34.68505842], [135.19870725, 34.68477591], [135.19980325, 34.68496221], [135.20036425, 34.68507512], [135.20110582, 34.68518689], [135.20125122, 34.6849047], [135.2016583, 34.6849083], [135.2016583, 34.6849083], [135.20163889, 34.68488889], [135.20280841, 34.68081504], [135.20156444, 34.68051229], [135.20057655, 34.68362413], [135.2005555, 34.68369046], [135.20052778, 34.68377778], [135.19989713, 34.68356756], [135.19974551, 34.68351702], [135.19929593, 34.68336716], [135.19925873, 34.68335476], [135.19886111, 34.68322222], [135.19936975, 34.68019582], [135.19940646, 34.67997739], [135.19941667, 34.67991667], [135.19888151, 34.67991667], [135.19843723, 34.67991667], [135.19830556, 34.67991667], [135.19775, 34.68297222], [135.19707239, 34.68295867], [135.1965578, 34.68294838], [135.19636111, 34.68294444], [135.19659972, 34.68010506], [135.19663409, 34.679696], [135.19663889, 34.67963889], [135.19625475, 34.67963889], [135.19574488, 34.67963889], [135.19552778, 34.67963889], [135.19497222, 34.68269444], [135.19448902, 34.68268478], [135.19395443, 34.68267409], [135.19358333, 34.68266667], [135.19410263, 34.67957686], [135.19412765, 34.67942799], [135.19413889, 34.67936111], [135.19351059, 34.67936111], [135.19307121, 34.67936111], [135.19302778, 34.67936111], [135.19230853, 34.68257976], [135.19227421, 34.68273335], [135.19191667, 34.68433333], [135.19231045, 34.68443178], [135.19302778, 34.68461111], [135.19302778, 34.68476609], [135.19302778, 34.68516667], [135.19214642, 34.68516667], [135.19212113, 34.68516667], [135.19085338, 34.68516667], [135.1906255, 34.68516667], [135.19037431, 34.68516667], [135.19019535, 34.68516667], [135.18997222, 34.68516667], [135.19006269, 34.6838187], [135.19010747, 34.68315144], [135.18973857, 34.68309874], [135.18963541, 34.68344689], [135.18923568, 34.68355005], [135.18922279, 34.68492976], [135.18762387, 34.68469766], [135.18655362, 34.68467187], [135.18802778, 34.68102778], [135.18908561, 34.67975838], [135.18940067, 34.6793803], [135.18941667, 34.67936111], [135.18932917, 34.67930278], [135.18858333, 34.67880556], [135.18691667, 34.68075], [135.18570948, 34.68314425], [135.18557444, 34.68341208], [135.18535195, 34.68385335], [135.18525, 34.68405556], [135.18503956, 34.68398541], [135.18441667, 34.68377778], [135.18467545, 34.68338961], [135.18496502, 34.68295525], [135.18497222, 34.68294444], [135.18464817, 34.68272841], [135.18450883, 34.68263552], [135.18441689, 34.68257422], [135.18413889, 34.68238889], [135.18393916, 34.68298808], [135.18386111, 34.68322222], [135.18330556, 34.68266667], [135.18333055, 34.68263042], [135.18356951, 34.68228393], [135.18386111, 34.68186111], [135.1835911, 34.68118607], [135.18330556, 34.68047222], [135.18441667, 34.68047222], [135.18544292, 34.6779066], [135.18545782, 34.67786935], [135.18552778, 34.67769444], [135.18493076, 34.67769444], [135.18364026, 34.67769444], [135.18358333, 34.67769444], [135.18352978, 34.67758734], [135.18330556, 34.67713889], [135.18215017, 34.67713889], [135.18191667, 34.67713889], [135.18191667, 34.67658333], [135.18219444, 34.67658333], [135.18219444, 34.67681623], [135.18219444, 34.67686111], [135.18234059, 34.67686111], [135.18330556, 34.67686111], [135.18344192, 34.67713385], [135.18358333, 34.67741667], [135.18361563, 34.67731978], [135.18386111, 34.67658333], [135.1843488, 34.67658333], [135.18663889, 34.67658333], [135.18713652, 34.67583688], [135.18716583, 34.67579292], [135.18719444, 34.67575], [135.18717297, 34.67574141], [135.18658572, 34.67550651], [135.18629053, 34.67538843], [135.18597614, 34.67526268], [135.18580556, 34.67519444], [135.18580556, 34.67463889], [135.18663889, 34.67491667], [135.1870061, 34.67473306], [135.18749952, 34.67448635], [135.18775, 34.67436111], [135.18802778, 34.67352778], [135.18830556, 34.67352778], [135.18858333, 34.67269444], [135.18913889, 34.67269444], [135.1893596, 34.67225302], [135.18941667, 34.67213889], [135.18912019, 34.67213889], [135.18886111, 34.67213889], [135.18913889, 34.67158333], [135.18865248, 34.67085371], [135.18858333, 34.67075], [135.18836526, 34.67064097], [135.18833414, 34.6706254], [135.18820665, 34.67056166], [135.18771574, 34.6703162], [135.18747222, 34.67019444], [135.18747222, 34.67011885], [135.18747222, 34.66991667], [135.18320671, 34.66991667], [135.18320671, 34.66991667], [135.18307805, 34.67031472], [135.18307212, 34.67034086], [135.18300025, 34.67065782], [135.18273861, 34.67181167], [135.18452361, 34.67204611], [135.18444195, 34.67216723], [135.1843375, 34.67224806], [135.18388416, 34.67240806], [135.1833975, 34.67257944], [135.18314334, 34.67267972], [135.18315972, 34.67280111], [135.18328695, 34.67308277], [135.18333555, 34.67319056], [135.18240731, 34.67354033], [135.18232501, 34.67357135], [135.18224528, 34.67360139], [135.18223894, 34.67360378], [135.18198805, 34.67369833], [135.181355, 34.67390056], [135.18128024, 34.67393159], [135.1812225, 34.67395556], [135.18029529, 34.67434032], [135.18029473, 34.67434056], [135.18025555, 34.67435667], [135.18005611, 34.67443944], [135.17899586, 34.67484983], [135.17899111, 34.67485167], [135.17894445, 34.67486972], [135.17889555, 34.67488861], [135.17885889, 34.67490278], [135.17821916, 34.67514944], [135.17813111, 34.67517583], [135.17785834, 34.67525778], [135.17779872, 34.6752757], [135.17768555, 34.67530972], [135.17760071, 34.67533519], [135.17728584, 34.67542972], [135.17716834, 34.67547639], [135.17710555, 34.67550139], [135.17688472, 34.67558889], [135.17677345, 34.67563304], [135.17664389, 34.67568444], [135.17659722, 34.67570306], [135.17659416, 34.67570444], [135.17649945, 34.67574194], [135.17644639, 34.67576306], [135.17643416, 34.67576777], [135.17640584, 34.67577694], [135.1758325, 34.67596333], [135.17577472, 34.67598194], [135.17572945, 34.67599667], [135.17565416, 34.67602111], [135.175775, 34.67629056], [135.17573834, 34.67631222], [135.17568361, 34.67634444], [135.17560139, 34.67639389], [135.17550416, 34.67645222], [135.1754525, 34.67648667], [135.17535084, 34.67655473], [135.17519639, 34.67670583], [135.17519267, 34.67670944], [135.17516916, 34.67673222], [135.17516111, 34.67674028], [135.17512389, 34.67677667], [135.17492972, 34.67696639], [135.17488472, 34.67700889], [135.17484945, 34.6770425], [135.17481084, 34.67707917], [135.17458028, 34.67729833], [135.17454416, 34.67733278], [135.17451, 34.677365], [135.17417555, 34.67768278], [135.17413472, 34.67772167], [135.17412949, 34.67772662], [135.17409889, 34.67775556], [135.17381416, 34.67802611], [135.17377445, 34.67806389], [135.17373778, 34.67809861], [135.1734875, 34.67833639], [135.17427695, 34.6787875], [135.17438557, 34.67884947], [135.17440305, 34.67885944], [135.17461, 34.67897778], [135.17437584, 34.67921806], [135.17436166, 34.6792325], [135.17419334, 34.67940507], [135.17418555, 34.67941306], [135.17412695, 34.67947306], [135.17384834, 34.67975917], [135.17380305, 34.67980583], [135.17377361, 34.67983611], [135.17337445, 34.68024639], [135.17333111, 34.68029111], [135.17332749, 34.68029482], [135.17329555, 34.6803275], [135.17276972, 34.68086806], [135.1726, 34.68103972], [135.17256, 34.68108], [135.17255324, 34.68108683], [135.17253166, 34.68110861], [135.17231945, 34.68132333], [135.17203389, 34.68161361], [135.17199416, 34.68165361], [135.17196528, 34.68168306], [135.17173834, 34.68191333], [135.17162861, 34.68202667], [135.17150666, 34.68215278], [135.17150055, 34.68215917], [135.17137695, 34.68228694], [135.17126195, 34.68240583], [135.17125111, 34.68241861], [135.17107055, 34.68263472], [135.17097805, 34.68274528], [135.17086334, 34.68295333], [135.170835, 34.68300444], [135.17081389, 34.68304306], [135.17077889, 34.68310639], [135.17070084, 34.68326889], [135.17063528, 34.68340556], [135.17053055, 34.68367833], [135.17047889, 34.6838125], [135.17041666, 34.68400583], [135.17037576, 34.68408233], [135.17025639, 34.68430556], [135.170255, 34.68430814], [135.17024389, 34.68432889], [135.17018166, 34.68456889], [135.17012639, 34.68484361], [135.17001861, 34.68511778], [135.16967389, 34.68614583], [135.16966084, 34.68618472], [135.16964, 34.68624694], [135.17015166, 34.68646222], [135.17020055, 34.6864825], [135.17024861, 34.68650278], [135.1702728, 34.68651293], [135.17052778, 34.68662], [135.171235, 34.68694056], [135.17128334, 34.68696278], [135.17129472, 34.68696778], [135.1713125, 34.68701472], [135.17138916, 34.68721833], [135.17149028, 34.68747694], [135.17156861, 34.68758472], [135.17170528, 34.68769777], [135.17195, 34.68784333], [135.17197055, 34.68785139], [135.17202472, 34.68787222], [135.17207278, 34.68789111], [135.17211666, 34.68790806], [135.17219722, 34.68790917], [135.17232528, 34.68791083], [135.17235528, 34.68790778], [135.17245472, 34.68789806], [135.17250611, 34.68789278], [135.17259639, 34.68788389], [135.1726875, 34.68790528], [135.17288666, 34.68806694], [135.17284416, 34.68807777], [135.17272666, 34.68809667], [135.17266139, 34.68817223], [135.17265166, 34.68825833], [135.17267778, 34.68829889], [135.17274639, 34.68841139], [135.17277584, 34.68853528], [135.17276584, 34.68862417], [135.17272111, 34.68868083], [135.172655, 34.68876444], [135.17250805, 34.68886417], [135.17237445, 34.68889111], [135.17227305, 34.68888028], [135.17196972, 34.68875639], [135.17186916, 34.68873194], [135.17182389, 34.68872083], [135.17174778, 34.68870222], [135.17172805, 34.68870556], [135.17170028, 34.68871], [135.1716825, 34.68871306], [135.17168111, 34.68874972], [135.17167916, 34.68879389], [135.17172139, 34.68889806], [135.17172149, 34.68889832], [135.171725, 34.68890722], [135.17175528, 34.68893222], [135.17194834, 34.68909167], [135.17198278, 34.68912], [135.17213555, 34.68923583], [135.17217555, 34.68926611], [135.17221334, 34.68929473], [135.17227398, 34.68934078], [135.172345, 34.68939472], [135.17246028, 34.68945694], [135.17250445, 34.68948056], [135.17254555, 34.68950278], [135.17261639, 34.68954083], [135.172655, 34.68956167], [135.1727609, 34.68961675], [135.17282055, 34.68964777], [135.17282139, 34.68964806], [135.17303361, 34.68981778], [135.17317334, 34.68988389], [135.17338084, 34.68998222], [135.17339584, 34.68998944], [135.17393611, 34.69026194], [135.17395695, 34.6902725], [135.17418555, 34.69041528], [135.17433528, 34.69056389], [135.17436232, 34.69059077], [135.1743825, 34.69061083], [135.17443, 34.69065778], [135.17471028, 34.69098917], [135.17471055, 34.69098944], [135.17496555, 34.69133056], [135.17502611, 34.69141111], [135.17509916, 34.69150833], [135.17531139, 34.69172139], [135.1753575, 34.69175], [135.17544195, 34.69180223], [135.17553584, 34.69185333], [135.17558555, 34.69188028], [135.17575278, 34.69191861], [135.17585639, 34.69194222], [135.17614389, 34.69202167], [135.17619889, 34.69203667], [135.17622445, 34.69205444], [135.17624139, 34.69206611], [135.17615111, 34.69216583], [135.17610305, 34.69221889], [135.17603278, 34.69229667], [135.17574416, 34.69221444], [135.17562416, 34.69243861], [135.17558334, 34.69251528], [135.17547361, 34.69266777], [135.17542555, 34.69273444], [135.17537889, 34.69279917], [135.175285, 34.69292944], [135.17515555, 34.69319389], [135.17512416, 34.69325778], [135.17590972, 34.69349222], [135.17670156, 34.69372821], [135.17670945, 34.69373056], [135.17689834, 34.69379694], [135.17687575, 34.69402044], [135.17687575, 34.69402044], [135.17716543, 34.69420846], [135.1773268, 34.69427589], [135.17746177, 34.694314], [135.17752632, 34.69434625], [135.17767963, 34.69445682], [135.17852375, 34.69486371], [135.17859574, 34.69486153], [135.17866119, 34.69484409], [135.17920352, 34.69440638], [135.1792646, 34.69439766], [135.17981653, 34.69452408], [135.17984489, 34.6945546], [135.17983616, 34.69461781], [135.1793148, 34.69537411], [135.17879799, 34.69591396], [135.17880582, 34.69598437], [135.17885672, 34.69603132], [135.17958205, 34.69638142], [135.17969168, 34.69647921], [135.17994415, 34.69685454], [135.17996147, 34.69686607], [135.18000188, 34.69687761], [135.18084074, 34.69647019], [135.18110178, 34.6970613], [135.18118433, 34.69713945], [135.18131903, 34.6971872], [135.18244137, 34.69753561], [135.18286718, 34.69776136], [135.18327126, 34.69809564], [135.18376196, 34.69852872], [135.18385334, 34.69855611], [135.18393559, 34.69855611], [135.18401479, 34.69851655], [135.18428031, 34.69805684], [135.18432904, 34.69802337], [135.18442347, 34.69802641], [135.18456664, 34.6981025], [135.18477072, 34.69832163], [135.18484992, 34.69854076], [135.18490804, 34.69883122], [135.18493241, 34.69911426], [135.18490199, 34.69948068], [135.18478619, 34.69983135], [135.18464608, 34.70011297], [135.18465035, 34.70016845], [135.18469733, 34.70021539], [135.18503528, 34.70033715], [135.18517408, 34.70032648], [135.18527231, 34.70027741], [135.18534919, 34.70019206], [135.18569113, 34.69968158], [135.18577654, 34.69964744], [135.18591663, 34.69965427], [135.18606013, 34.69971572], [135.18621047, 34.69983861], [135.18639869, 34.70025585], [135.18649094, 34.70036168], [135.18701798, 34.70075554], [135.18711706, 34.70085795], [135.18715429, 34.70096245], [135.18720298, 34.70110339], [135.1872181, 34.70111346], [135.18729702, 34.70110843], [135.18735747, 34.70106648], [135.1874364, 34.70092554], [135.18749517, 34.70083662], [135.18756234, 34.70081481], [135.18765973, 34.70082152], [135.18774034, 34.70086011], [135.18811171, 34.7014405], [135.18819547, 34.70167784], [135.18824398, 34.70199517], [135.18828249, 34.70209284], [135.18832989, 34.70213724], [135.18845431, 34.70218607], [135.18898787, 34.70230102], [135.18970452, 34.70249424], [135.19000786, 34.7026382], [135.19016711, 34.7027708], [135.19048696, 34.70316687], [135.19067655, 34.70329947], [135.19101401, 34.70345859], [135.19142806, 34.70373636], [135.19165936, 34.70397504], [135.19195132, 34.70447892], [135.19209541, 34.70464183], [135.19232292, 34.70478201], [135.19279836, 34.7049885], [135.19315858, 34.70509458], [135.19391693, 34.70519308], [135.19424779, 34.70531534], [135.19455872, 34.70547446], [135.1947976, 34.70566768], [135.19499856, 34.70594804], [135.19525157, 34.70652674], [135.19535904, 34.70693515], [135.19550831, 34.70750243], [135.19554707, 34.70760968], [135.19564546, 34.70770799], [135.19607185, 34.70787482]]]}}, {"type": "Feature", "id": "did-1960-30", "properties": {"A16_001": "280051", "A16_002": "00285", "A16_003": "兵庫区", "A16_004": "1", "A16_005": "197965", "A16_006": "8.8", "A16_007": "0", "A16_008": "0.0", "A16_009": "83.0", "A16_010": "3.39", "A16_011": "1960", "year": 1960, "population": 197965.0, "areaKm2": 8.8, "density": 22496.022727272724}, "geometry": {"type": "Polygon", "coordinates": [[[135.17687575, 34.69402044], [135.17689834, 34.69379694], [135.17670945, 34.69373056], [135.17670156, 34.69372821], [135.17590972, 34.69349222], [135.17512416, 34.69325778], [135.17515555, 34.69319389], [135.175285, 34.69292944], [135.17537889, 34.69279917], [135.17542555, 34.69273444], [135.17547361, 34.69266777], [135.17558334, 34.69251528], [135.17562416, 34.69243861], [135.17574416, 34.69221444], [135.17603278, 34.69229667], [135.17610305, 34.69221889], [135.17615111, 34.69216583], [135.17624139, 34.69206611], [135.17622445, 34.69205444], [135.17619889, 34.69203667], [135.17614389, 34.69202167], [135.17585639, 34.69194222], [135.17575278, 34.69191861], [135.17558555, 34.69188028], [135.17553584, 34.69185333], [135.17544195, 34.69180223], [135.1753575, 34.69175], [135.17531139, 34.69172139], [135.17509916, 34.69150833], [135.17502611, 34.69141111], [135.17496555, 34.69133056], [135.17471055, 34.69098944], [135.17471028, 34.69098917], [135.17443, 34.69065778], [135.1743825, 34.69061083], [135.17436232, 34.69059077], [135.17433528, 34.69056389], [135.17418555, 34.69041528], [135.17395695, 34.6902725], [135.17393611, 34.69026194], [135.17339584, 34.68998944], [135.17338084, 34.68998222], [135.17317334, 34.68988389], [135.17303361, 34.68981778], [135.17282139, 34.68964806], [135.17282055, 34.68964777], [135.1727609, 34.68961675], [135.172655, 34.68956167], [135.17261639, 34.68954083], [135.17254555, 34.68950278], [135.17250445, 34.68948056], [135.17246028, 34.68945694], [135.172345, 34.68939472], [135.17227398, 34.68934078], [135.17221334, 34.68929473], [135.17217555, 34.68926611], [135.17213555, 34.68923583], [135.17198278, 34.68912], [135.17194834, 34.68909167], [135.17175528, 34.68893222], [135.171725, 34.68890722], [135.17172149, 34.68889832], [135.17172139, 34.68889806], [135.17167916, 34.68879389], [135.17168111, 34.68874972], [135.1716825, 34.68871306], [135.17170028, 34.68871], [135.17172805, 34.68870556], [135.17174778, 34.68870222], [135.17182389, 34.68872083], [135.17186916, 34.68873194], [135.17196972, 34.68875639], [135.17227305, 34.68888028], [135.17237445, 34.68889111], [135.17250805, 34.68886417], [135.172655, 34.68876444], [135.17272111, 34.68868083], [135.17276584, 34.68862417], [135.17277584, 34.68853528], [135.17274639, 34.68841139], [135.17267778, 34.68829889], [135.17265166, 34.68825833], [135.17266139, 34.68817223], [135.17272666, 34.68809667], [135.17284416, 34.68807777], [135.17288666, 34.68806694], [135.1726875, 34.68790528], [135.17259639, 34.68788389], [135.17250611, 34.68789278], [135.17245472, 34.68789806], [135.17235528, 34.68790778], [135.17232528, 34.68791083], [135.17219722, 34.68790917], [135.17211666, 34.68790806], [135.17207278, 34.68789111], [135.17202472, 34.68787222], [135.17197055, 34.68785139], [135.17195, 34.68784333], [135.17170528, 34.68769777], [135.17156861, 34.68758472], [135.17149028, 34.68747694], [135.17138916, 34.68721833], [135.1713125, 34.68701472], [135.17129472, 34.68696778], [135.17128334, 34.68696278], [135.171235, 34.68694056], [135.17052778, 34.68662], [135.1702728, 34.68651293], [135.17024861, 34.68650278], [135.17020055, 34.6864825], [135.17015166, 34.68646222], [135.16964, 34.68624694], [135.16966084, 34.68618472], [135.16967389, 34.68614583], [135.17001861, 34.68511778], [135.17012639, 34.68484361], [135.17018166, 34.68456889], [135.17024389, 34.68432889], [135.170255, 34.68430814], [135.17025639, 34.68430556], [135.17037576, 34.68408233], [135.17041666, 34.68400583], [135.17047889, 34.6838125], [135.17053055, 34.68367833], [135.17063528, 34.68340556], [135.17070084, 34.68326889], [135.17077889, 34.68310639], [135.17081389, 34.68304306], [135.170835, 34.68300444], [135.17086334, 34.68295333], [135.17097805, 34.68274528], [135.17107055, 34.68263472], [135.17125111, 34.68241861], [135.17126195, 34.68240583], [135.17137695, 34.68228694], [135.17150055, 34.68215917], [135.17150666, 34.68215278], [135.17162861, 34.68202667], [135.17173834, 34.68191333], [135.17196528, 34.68168306], [135.17199416, 34.68165361], [135.17203389, 34.68161361], [135.17231945, 34.68132333], [135.17253166, 34.68110861], [135.17255324, 34.68108683], [135.17256, 34.68108], [135.1726, 34.68103972], [135.17276972, 34.68086806], [135.17329555, 34.6803275], [135.17332749, 34.68029482], [135.17333111, 34.68029111], [135.17337445, 34.68024639], [135.17377361, 34.67983611], [135.17380305, 34.67980583], [135.17384834, 34.67975917], [135.17412695, 34.67947306], [135.17418555, 34.67941306], [135.17419334, 34.67940507], [135.17436166, 34.6792325], [135.17437584, 34.67921806], [135.17461, 34.67897778], [135.17440305, 34.67885944], [135.17438557, 34.67884947], [135.17427695, 34.6787875], [135.1734875, 34.67833639], [135.17373778, 34.67809861], [135.17377445, 34.67806389], [135.17381416, 34.67802611], [135.17409889, 34.67775556], [135.17412949, 34.67772662], [135.17413472, 34.67772167], [135.17417555, 34.67768278], [135.17451, 34.677365], [135.17454416, 34.67733278], [135.17458028, 34.67729833], [135.17481084, 34.67707917], [135.17484945, 34.6770425], [135.17488472, 34.67700889], [135.17492972, 34.67696639], [135.17512389, 34.67677667], [135.17516111, 34.67674028], [135.17516916, 34.67673222], [135.17519267, 34.67670944], [135.17519639, 34.67670583], [135.17535084, 34.67655473], [135.1754525, 34.67648667], [135.17550416, 34.67645222], [135.17560139, 34.67639389], [135.17568361, 34.67634444], [135.17573834, 34.67631222], [135.175775, 34.67629056], [135.17565416, 34.67602111], [135.17572945, 34.67599667], [135.17577472, 34.67598194], [135.1758325, 34.67596333], [135.17640584, 34.67577694], [135.17643416, 34.67576777], [135.17644639, 34.67576306], [135.17649945, 34.67574194], [135.17659416, 34.67570444], [135.17659722, 34.67570306], [135.17664389, 34.67568444], [135.17677345, 34.67563304], [135.17688472, 34.67558889], [135.17710555, 34.67550139], [135.17716834, 34.67547639], [135.17728584, 34.67542972], [135.17760071, 34.67533519], [135.17768555, 34.67530972], [135.17779872, 34.6752757], [135.17785834, 34.67525778], [135.17813111, 34.67517583], [135.17821916, 34.67514944], [135.17885889, 34.67490278], [135.17889555, 34.67488861], [135.17894445, 34.67486972], [135.17899111, 34.67485167], [135.17899586, 34.67484983], [135.18005611, 34.67443944], [135.18025555, 34.67435667], [135.18029473, 34.67434056], [135.18029529, 34.67434032], [135.1812225, 34.67395556], [135.18128024, 34.67393159], [135.181355, 34.67390056], [135.18198805, 34.67369833], [135.18223894, 34.67360378], [135.18224528, 34.67360139], [135.18232501, 34.67357135], [135.18240731, 34.67354033], [135.18333555, 34.67319056], [135.18328695, 34.67308277], [135.18315972, 34.67280111], [135.18314334, 34.67267972], [135.1833975, 34.67257944], [135.18388416, 34.67240806], [135.1843375, 34.67224806], [135.18444195, 34.67216723], [135.18452361, 34.67204611], [135.18273861, 34.67181167], [135.18300025, 34.67065782], [135.18307212, 34.67034086], [135.18307805, 34.67031472], [135.18320671, 34.66991667], [135.18320671, 34.66991667], [135.18306175, 34.66991667], [135.18302778, 34.66991667], [135.1822467, 34.66991667], [135.18219444, 34.66991667], [135.18219444, 34.67019444], [135.18102324, 34.67038965], [135.18052778, 34.67047222], [135.18040907, 34.67046143], [135.17860641, 34.67029755], [135.17805222, 34.67024717], [135.17775406, 34.67022007], [135.17747222, 34.67019444], [135.17747222, 34.67015017], [135.17747222, 34.66991667], [135.17749587, 34.66946742], [135.17755495, 34.66834476], [135.1775762, 34.66794109], [135.17758522, 34.66776962], [135.17775, 34.66463889], [135.17794395, 34.66463889], [135.17802778, 34.66463889], [135.17822257, 34.66490673], [135.1784985, 34.66528613], [135.18025, 34.66769444], [135.1803755, 34.66766171], [135.18052505, 34.667891], [135.18190269, 34.66816833], [135.18245167, 34.66821357], [135.18276295, 34.66819661], [135.18335155, 34.66805524], [135.18711129, 34.66672133], [135.18681927, 34.66582063], [135.18656814, 34.66588628], [135.18199786, 34.66708108], [135.18162612, 34.66575253], [135.18170369, 34.66573144], [135.18163889, 34.66547222], [135.18597947, 34.66438708], [135.18608333, 34.66436111], [135.18584988, 34.66389421], [135.18567899, 34.66355242], [135.18566785, 34.66353014], [135.18552778, 34.66325], [135.18139879, 34.66428225], [135.18123293, 34.66432371], [135.18108333, 34.66436111], [135.18095251, 34.66396863], [135.1775663, 34.6640042], [135.17751691, 34.66396719], [135.17750765, 34.66388083], [135.17751695, 34.66359891], [135.17754364, 34.66352778], [135.17756325, 34.66347554], [135.17794949, 34.66257053], [135.1779958, 34.66252735], [135.17851502, 34.66248334], [135.17855824, 34.66244633], [135.17887046, 34.66166182], [135.17890441, 34.66162789], [135.17898467, 34.66162481], [135.18008837, 34.6620601], [135.18018948, 34.66209998], [135.18022969, 34.66203184], [135.18050434, 34.6615664], [135.17940491, 34.66092041], [135.17934935, 34.66083405], [135.17932774, 34.66068292], [135.17929391, 34.66005195], [135.1793433, 34.65979904], [135.17951955, 34.65937178], [135.17980045, 34.65893689], [135.1802711, 34.65820137], [135.1804405, 34.65783263], [135.18049237, 34.65771973], [135.18051795, 34.6576158], [135.18061091, 34.65723809], [135.18079289, 34.65602179], [135.18084726, 34.65595582], [135.18092494, 34.65594806], [135.18170254, 34.6559943], [135.18176468, 34.65603311], [135.18178799, 34.65612236], [135.1815977, 34.65700422], [135.1822929, 34.6571478], [135.18242495, 34.65682572], [135.18252593, 34.65675586], [135.18266963, 34.65673258], [135.18295489, 34.65682951], [135.18348794, 34.65711499], [135.18354329, 34.65712834], [135.18357383, 34.65709973], [135.18358719, 34.65702726], [135.18355093, 34.65687087], [135.18331598, 34.65578241], [135.18331598, 34.65546017], [135.18332983, 34.65525959], [135.18340519, 34.6551261], [135.183593, 34.65496836], [135.18386978, 34.65473589], [135.18390682, 34.65472579], [135.18394218, 34.65473757], [135.18399946, 34.65480577], [135.18402131, 34.65483177], [135.18407687, 34.65487215], [135.18417115, 34.65488729], [135.18449482, 34.65482654], [135.18453186, 34.65479289], [135.18455038, 34.65470878], [135.18464443, 34.65424683], [135.18473064, 34.65400458], [135.18487072, 34.65385116], [135.18501349, 34.6537758], [135.18532328, 34.65374081], [135.18604323, 34.65382479], [135.18614491, 34.65382479], [135.1863076, 34.65376045], [135.18716581, 34.65323752], [135.18718954, 34.65316302], [135.18715903, 34.65303095], [135.18706074, 34.65288194], [135.18679634, 34.65265732], [135.18644548, 34.65235925], [135.18600623, 34.65208292], [135.18530125, 34.65182825], [135.18435547, 34.65157284], [135.18357457, 34.65148073], [135.18191787, 34.65143106], [135.17942566, 34.65140949], [135.17862306, 34.65151786], [135.17668412, 34.65183882], [135.17577849, 34.65195803], [135.17476778, 34.65201712], [135.1743719, 34.65200086], [135.17346514, 34.65191957], [135.17323195, 34.65190873], [135.17304757, 34.65194666], [135.17271135, 34.65204419], [135.17236971, 34.65212005], [135.17188883, 34.65215112], [135.17174056, 34.65210553], [135.17157328, 34.65201057], [135.17131096, 34.65197638], [135.17110186, 34.65199158], [135.16932538, 34.65212631], [135.16778516, 34.65234138], [135.1667065, 34.65245594], [135.16538153, 34.65253241], [135.16418332, 34.65248087], [135.16334203, 34.6522836], [135.16205435, 34.65196624], [135.1609951, 34.65188085], [135.15977351, 34.65186585], [135.15973552, 34.65161048], [135.1596143, 34.65126364], [135.15949308, 34.651126], [135.15937378, 34.65107724], [135.15937378, 34.65107724], [135.15942274, 34.65217996], [135.15943666, 34.65249361], [135.15948313, 34.65286591], [135.15950361, 34.65303], [135.15956805, 34.65364111], [135.15960044, 34.65394741], [135.15961055, 34.65404306], [135.1596575, 34.65424917], [135.15966111, 34.65426528], [135.1596859, 34.65437436], [135.15971111, 34.65448528], [135.15971028, 34.65475667], [135.15970611, 34.65623694], [135.15970173, 34.65630927], [135.15967584, 34.65673639], [135.15961834, 34.6573425], [135.15958584, 34.65802583], [135.15954305, 34.65980167], [135.15953643, 34.66008655], [135.15953528, 34.66013611], [135.15953361, 34.66021528], [135.159525, 34.66059056], [135.15950861, 34.66130861], [135.15949889, 34.66177417], [135.15949584, 34.66192444], [135.15949472, 34.66197972], [135.15949195, 34.66212194], [135.15948972, 34.66222139], [135.15948861, 34.66227833], [135.15948737, 34.66233809], [135.15948528, 34.66243944], [135.15947389, 34.66299278], [135.15947059, 34.66315443], [135.15947027, 34.66317], [135.15946389, 34.66347361], [135.15946222, 34.66355722], [135.15947389, 34.66380972], [135.15950389, 34.66414556], [135.15950611, 34.66417167], [135.15956611, 34.66484527], [135.15960639, 34.66498333], [135.15960948, 34.6650868], [135.15961222, 34.66517889], [135.15956945, 34.665295], [135.15953139, 34.66539833], [135.15949805, 34.66543766], [135.15938445, 34.66557167], [135.15933778, 34.66562639], [135.15930028, 34.66567027], [135.15897166, 34.66599472], [135.15887278, 34.66609722], [135.15884639, 34.66612473], [135.15881834, 34.66615389], [135.15840861, 34.66657917], [135.1583775, 34.66661139], [135.15837628, 34.66661266], [135.15834195, 34.66664833], [135.15805086, 34.66695051], [135.15768555, 34.66732972], [135.15765805, 34.66735806], [135.15762146, 34.66739613], [135.1575825, 34.66743667], [135.15751028, 34.66751167], [135.15729416, 34.66773611], [135.15723111, 34.66780139], [135.15730639, 34.66782639], [135.15737195, 34.66784806], [135.15742861, 34.66786667], [135.15754861, 34.66790639], [135.15768516, 34.66794468], [135.15782, 34.6679825], [135.15807389, 34.66801111], [135.15816367, 34.6680204], [135.15876666, 34.66808278], [135.15874889, 34.66817056], [135.15873678, 34.66823093], [135.15872805, 34.66827444], [135.15870445, 34.66839139], [135.15869305, 34.66844777], [135.15869299, 34.66844784], [135.15847148, 34.66867153], [135.15843861, 34.66870472], [135.15827166, 34.66887333], [135.15827084, 34.66887417], [135.15809528, 34.66905139], [135.15799945, 34.66914778], [135.15776305, 34.66938639], [135.15769416, 34.66945583], [135.15765445, 34.66949583], [135.15758666, 34.66956444], [135.15754993, 34.6696014], [135.15753945, 34.66961194], [135.15741139, 34.66974111], [135.15747389, 34.66977833], [135.15755416, 34.66982583], [135.15763334, 34.66987306], [135.15768383, 34.66990294], [135.15770889, 34.66991778], [135.15822722, 34.67028444], [135.15848611, 34.67046723], [135.15837278, 34.67058389], [135.15815778, 34.67080528], [135.15782708, 34.67114599], [135.15780028, 34.67117361], [135.15770889, 34.6712675], [135.15786, 34.67136861], [135.15796514, 34.67143876], [135.15805528, 34.67149889], [135.15813305, 34.67155083], [135.15818722, 34.67158723], [135.15850139, 34.67179694], [135.15817416, 34.67215028], [135.158125, 34.67220333], [135.15806305, 34.67227], [135.15778916, 34.67256583], [135.15762834, 34.67273139], [135.15762778, 34.67273194], [135.15760463, 34.67275577], [135.15755166, 34.67281028], [135.15684055, 34.6735425], [135.15679695, 34.67358722], [135.15678519, 34.67359933], [135.15645805, 34.67393611], [135.1564075, 34.67398833], [135.15612966, 34.67427631], [135.15593134, 34.67448186], [135.15571445, 34.67470667], [135.15578778, 34.67483333], [135.15585727, 34.67495358], [135.15645139, 34.67598167], [135.15632195, 34.67619194], [135.15620611, 34.67638], [135.15598278, 34.67674278], [135.15588222, 34.67685806], [135.15581611, 34.67693389], [135.15577416, 34.67702473], [135.15577416, 34.67705427], [135.15577416, 34.6770875], [135.15579234, 34.67712384], [135.15579834, 34.67713583], [135.15586916, 34.67727861], [135.15591805, 34.67738639], [135.15592611, 34.67740389], [135.15591084, 34.67749444], [135.15580834, 34.67756639], [135.15569834, 34.67757583], [135.15564916, 34.67752889], [135.15561111, 34.67736639], [135.15557139, 34.67726278], [135.15553528, 34.67716889], [135.15548972, 34.677125], [135.15531528, 34.67706556], [135.15498528, 34.67699361], [135.15493223, 34.67699667], [135.15483361, 34.67703722], [135.15466666, 34.67707806], [135.15435555, 34.67710944], [135.15423416, 34.67714389], [135.15412416, 34.67727223], [135.15403695, 34.67740972], [135.15402166, 34.67750389], [135.15404084, 34.67771667], [135.15404445, 34.67787027], [135.15402945, 34.67798306], [135.153965, 34.67808333], [135.15388916, 34.67820222], [135.15387389, 34.67827583], [135.15388139, 34.67833861], [135.15394222, 34.6784325], [135.15412805, 34.67852972], [135.154295, 34.6786175], [135.15433278, 34.67867056], [135.15433278, 34.67879583], [135.15431, 34.67901194], [135.15424555, 34.67915917], [135.15415834, 34.67924083], [135.15412472, 34.67925833], [135.15405584, 34.67929389], [135.15381305, 34.67935361], [135.15348416, 34.679435], [135.1521075, 34.67977917], [135.15207334, 34.67982611], [135.15208555, 34.67993611], [135.15210361, 34.68009861], [135.15210611, 34.68016139], [135.15211028, 34.68026], [135.15208472, 34.68032111], [135.15207041, 34.68035515], [135.15207041, 34.68035515], [135.15273375, 34.68032825], [135.1529235, 34.68034607], [135.15299434, 34.68035718], [135.15299654, 34.68035702], [135.15322231, 34.68058663], [135.1535074, 34.68074488], [135.15397103, 34.6809319], [135.15458843, 34.68107651], [135.15477273, 34.68111967], [135.15481593, 34.6811657], [135.15481017, 34.68120886], [135.15473242, 34.68126353], [135.1544356, 34.6814029], [135.15441256, 34.68145181], [135.15441832, 34.68158129], [135.15458258, 34.68201377], [135.15457394, 34.6820857], [135.15453362, 34.68214324], [135.15427708, 34.68229934], [135.15419357, 34.68246047], [135.15416189, 34.68262447], [135.15416656, 34.68276281], [135.15420532, 34.68295645], [135.15433462, 34.6834], [135.15437661, 34.68372273], [135.1543863, 34.6839196], [135.154354, 34.68403579], [135.15430232, 34.68408743], [135.15416665, 34.6841197], [135.15378143, 34.68427302], [135.15366515, 34.68437629], [135.15332877, 34.68491977], [135.1530316, 34.68530382], [135.15280227, 34.68553942], [135.15233955, 34.68588291], [135.15214628, 34.6860127], [135.15213199, 34.68606822], [135.15214152, 34.68611422], [135.15217803, 34.68613959], [135.15226852, 34.68614118], [135.1536054, 34.68583092], [135.15464811, 34.68563278], [135.15493528, 34.68617412], [135.15377109, 34.68665992], [135.15409406, 34.68725981], [135.1541601, 34.68729534], [135.1542998, 34.68729027], [135.15480429, 34.6872266], [135.15484238, 34.68722212], [135.15487598, 34.68724003], [135.15489391, 34.68726913], [135.15491855, 34.68754447], [135.15494992, 34.68760714], [135.15501937, 34.68764744], [135.15592959, 34.687708], [135.15600128, 34.68767218], [135.15604833, 34.68759607], [135.15616143, 34.68670201], [135.15620089, 34.6866485], [135.15628264, 34.6866147], [135.15742067, 34.68672271], [135.15747798, 34.6867543], [135.15749379, 34.68680366], [135.15747205, 34.68706035], [135.15737837, 34.68731449], [135.15723925, 34.68755459], [135.15704954, 34.6878168], [135.15682463, 34.68804243], [135.15648948, 34.68825409], [135.15617128, 34.68843388], [135.1561573, 34.68845872], [135.15617284, 34.68850685], [135.1565306, 34.68878195], [135.15659432, 34.68879437], [135.1566658, 34.68878972], [135.15738903, 34.68822043], [135.15748943, 34.68818699], [135.1575982, 34.68819535], [135.15812598, 34.68845261], [135.15812563, 34.68944515], [135.15872598, 34.68950159], [135.15925653, 34.68965662], [135.1600173, 34.68994119], [135.16008126, 34.69000018], [135.16009356, 34.69007146], [135.16006158, 34.69014519], [135.15988182, 34.69024425], [135.15985476, 34.69028603], [135.1598646, 34.69035239], [135.16026405, 34.69133096], [135.16026405, 34.69149612], [135.1602365, 34.6916023], [135.16017746, 34.69170455], [135.15959789, 34.69197401], [135.15924221, 34.69209363], [135.1592229, 34.69213223], [135.15921738, 34.69222597], [135.15922286, 34.69267406], [135.15915939, 34.69291392], [135.15908765, 34.69303522], [135.15900212, 34.69310414], [135.15871962, 34.69316833], [135.158318, 34.69319739], [135.15829803, 34.69321353], [135.15829328, 34.69323538], [135.15830659, 34.69328668], [135.15836744, 34.69335222], [135.15864821, 34.69361982], [135.15880398, 34.69384938], [135.15890595, 34.69413491], [135.1589404, 34.69418654], [135.15899399, 34.69421905], [135.15905332, 34.69421714], [135.15933346, 34.69412501], [135.15946168, 34.69411736], [135.15967029, 34.69411162], [135.15976024, 34.69410015], [135.15984828, 34.69404278], [135.15996885, 34.69387833], [135.16016808, 34.69341426], [135.16025994, 34.69329799], [135.16036712, 34.69322762], [135.16046577, 34.69314666], [135.16051783, 34.69305182], [135.16056376, 34.69293861], [135.16061888, 34.6928866], [135.16070156, 34.69286518], [135.1610756, 34.69282481], [135.16114603, 34.69277585], [135.16121952, 34.69265041], [135.16124403, 34.69236242], [135.16124403, 34.69189125], [135.16127465, 34.6918576], [135.16136039, 34.69184842], [135.16165202, 34.69196789], [135.16208991, 34.69220041], [135.16243899, 34.69249413], [135.16266351, 34.69274351], [135.16272169, 34.69284753], [135.16281356, 34.69344415], [135.16284418, 34.69352675], [135.16289317, 34.69355735], [135.16299728, 34.69355123], [135.16351639, 34.69320308], [135.16366031, 34.69316943], [135.1638073, 34.69318473], [135.16416015, 34.69337126], [135.16433776, 34.69340186], [135.1645123, 34.69337126], [135.16462253, 34.69328865], [135.16471134, 34.69310814], [135.16486488, 34.69268787], [135.16492612, 34.69263586], [135.16505779, 34.69260832], [135.16625321, 34.69253515], [135.16640019, 34.69258104], [135.16643081, 34.69266365], [135.16646143, 34.69283805], [135.16638488, 34.69315624], [135.16625001, 34.69334098], [135.16619923, 34.69341155], [135.16619321, 34.69344763], [135.16621127, 34.69350929], [135.16626695, 34.69356492], [135.16662728, 34.69384866], [135.1666705, 34.69391073], [135.1666759, 34.69402408], [135.1666597, 34.69420759], [135.16651107, 34.69466184], [135.1664794, 34.69488683], [135.16651948, 34.69500164], [135.16666378, 34.69519655], [135.16674396, 34.69535487], [135.16675464, 34.69550172], [135.1667199, 34.69587819], [135.16666111, 34.69600902], [135.16597991, 34.69663625], [135.16586875, 34.69669606], [135.165261, 34.6969276], [135.1651199, 34.69704294], [135.16506004, 34.69719246], [135.16504722, 34.69737616], [135.16512855, 34.69782651], [135.16539364, 34.69826653], [135.16559069, 34.69861422], [135.16571468, 34.69893462], [135.16576171, 34.69926784], [135.16571027, 34.69949131], [135.16562065, 34.69964699], [135.16507512, 34.70006928], [135.16505114, 34.7001711], [135.16506313, 34.70032085], [135.16515605, 34.70046161], [135.16524597, 34.70048856], [135.16534788, 34.70048557], [135.1659815, 34.69995563], [135.16606243, 34.69994065], [135.16614635, 34.69995862], [135.16618832, 34.69999157], [135.16626026, 34.70019223], [135.1663262, 34.70022817], [135.16639814, 34.70022218], [135.16722044, 34.69999379], [135.16728038, 34.69991592], [135.16736731, 34.69970028], [135.16735532, 34.69954754], [135.16729537, 34.69936485], [135.16708497, 34.69910878], [135.166767, 34.6987452], [135.16670706, 34.69861043], [135.16669507, 34.69846967], [135.16673104, 34.69831394], [135.16683295, 34.69808632], [135.16711844, 34.69765928], [135.16723834, 34.69737177], [135.16734643, 34.69698409], [135.16741237, 34.6966217], [135.16749031, 34.69646896], [135.16758323, 34.69640008], [135.16778705, 34.69634917], [135.16795491, 34.69637612], [135.1684991, 34.69675302], [135.16856505, 34.69677698], [135.16865497, 34.69672607], [135.16881383, 34.69643556], [135.16881983, 34.69627384], [135.16876587, 34.69613907], [135.16848349, 34.69584677], [135.16845651, 34.69577789], [135.16846251, 34.69563114], [135.16853442, 34.69521081], [135.16855241, 34.69496523], [135.16851344, 34.69485142], [135.16831525, 34.69459873], [135.16795235, 34.69427733], [135.16791039, 34.69417849], [135.16791638, 34.69407966], [135.16808157, 34.6932094], [135.16812953, 34.69316148], [135.16824643, 34.69312554], [135.16952774, 34.6933413], [135.16980864, 34.69340564], [135.16986327, 34.69343713], [135.16986958, 34.69347072], [135.16978343, 34.6938197], [135.16979184, 34.69386379], [135.16982756, 34.69389739], [135.17035742, 34.69396096], [135.17043307, 34.69403235], [135.17049611, 34.69412683], [135.17061184, 34.69455162], [135.17068118, 34.6946482], [135.17075053, 34.6946776], [135.17087661, 34.6946755], [135.17134235, 34.69449633], [135.17143753, 34.6944752], [135.17197423, 34.69445142], [135.17224391, 34.69444614], [135.17239196, 34.69442765], [135.17254266, 34.69442236], [135.17277797, 34.69443557], [135.17293266, 34.69445317], [135.17291945, 34.694335], [135.17292889, 34.69425694], [135.173, 34.69422944], [135.17303334, 34.69423028], [135.17317027, 34.69423333], [135.17351555, 34.69429972], [135.17370472, 34.69431167], [135.17390805, 34.69431556], [135.175995, 34.69474139], [135.17648695, 34.69481556], [135.17664278, 34.69478444], [135.17664957, 34.69477156], [135.17669028, 34.69469444], [135.17680834, 34.69418278], [135.17684666, 34.69409472], [135.17687472, 34.69403056], [135.17687575, 34.69402044]]]}}, {"type": "Feature", "id": "did-1960-31", "properties": {"A16_001": "280061", "A16_002": "00286", "A16_003": "長田区", "A16_004": "1", "A16_005": "200548", "A16_006": "7.2", "A16_007": "0", "A16_008": "0.0", "A16_009": "99.1", "A16_010": "71.29", "A16_011": "1960", "year": 1960, "population": 200548.0, "areaKm2": 7.2, "density": 27853.888888888887}, "geometry": {"type": "Polygon", "coordinates": [[[135.15207041, 34.68035515], [135.15208472, 34.68032111], [135.15211028, 34.68026], [135.15210611, 34.68016139], [135.15210361, 34.68009861], [135.15208555, 34.67993611], [135.15207334, 34.67982611], [135.1521075, 34.67977917], [135.15348416, 34.679435], [135.15381305, 34.67935361], [135.15405584, 34.67929389], [135.15412472, 34.67925833], [135.15415834, 34.67924083], [135.15424555, 34.67915917], [135.15431, 34.67901194], [135.15433278, 34.67879583], [135.15433278, 34.67867056], [135.154295, 34.6786175], [135.15412805, 34.67852972], [135.15394222, 34.6784325], [135.15388139, 34.67833861], [135.15387389, 34.67827583], [135.15388916, 34.67820222], [135.153965, 34.67808333], [135.15402945, 34.67798306], [135.15404445, 34.67787027], [135.15404084, 34.67771667], [135.15402166, 34.67750389], [135.15403695, 34.67740972], [135.15412416, 34.67727223], [135.15423416, 34.67714389], [135.15435555, 34.67710944], [135.15466666, 34.67707806], [135.15483361, 34.67703722], [135.15493223, 34.67699667], [135.15498528, 34.67699361], [135.15531528, 34.67706556], [135.15548972, 34.677125], [135.15553528, 34.67716889], [135.15557139, 34.67726278], [135.15561111, 34.67736639], [135.15564916, 34.67752889], [135.15569834, 34.67757583], [135.15580834, 34.67756639], [135.15591084, 34.67749444], [135.15592611, 34.67740389], [135.15591805, 34.67738639], [135.15586916, 34.67727861], [135.15579834, 34.67713583], [135.15579234, 34.67712384], [135.15577416, 34.6770875], [135.15577416, 34.67705427], [135.15577416, 34.67702473], [135.15581611, 34.67693389], [135.15588222, 34.67685806], [135.15598278, 34.67674278], [135.15620611, 34.67638], [135.15632195, 34.67619194], [135.15645139, 34.67598167], [135.15585727, 34.67495358], [135.15578778, 34.67483333], [135.15571445, 34.67470667], [135.15593134, 34.67448186], [135.15612966, 34.67427631], [135.1564075, 34.67398833], [135.15645805, 34.67393611], [135.15678519, 34.67359933], [135.15679695, 34.67358722], [135.15684055, 34.6735425], [135.15755166, 34.67281028], [135.15760463, 34.67275577], [135.15762778, 34.67273194], [135.15762834, 34.67273139], [135.15778916, 34.67256583], [135.15806305, 34.67227], [135.158125, 34.67220333], [135.15817416, 34.67215028], [135.15850139, 34.67179694], [135.15818722, 34.67158723], [135.15813305, 34.67155083], [135.15805528, 34.67149889], [135.15796514, 34.67143876], [135.15786, 34.67136861], [135.15770889, 34.6712675], [135.15780028, 34.67117361], [135.15782708, 34.67114599], [135.15815778, 34.67080528], [135.15837278, 34.67058389], [135.15848611, 34.67046723], [135.15822722, 34.67028444], [135.15770889, 34.66991778], [135.15768383, 34.66990294], [135.15763334, 34.66987306], [135.15755416, 34.66982583], [135.15747389, 34.66977833], [135.15741139, 34.66974111], [135.15753945, 34.66961194], [135.15754993, 34.6696014], [135.15758666, 34.66956444], [135.15765445, 34.66949583], [135.15769416, 34.66945583], [135.15776305, 34.66938639], [135.15799945, 34.66914778], [135.15809528, 34.66905139], [135.15827084, 34.66887417], [135.15827166, 34.66887333], [135.15843861, 34.66870472], [135.15847148, 34.66867153], [135.15869299, 34.66844784], [135.15869305, 34.66844777], [135.15870445, 34.66839139], [135.15872805, 34.66827444], [135.15873678, 34.66823093], [135.15874889, 34.66817056], [135.15876666, 34.66808278], [135.15816367, 34.6680204], [135.15807389, 34.66801111], [135.15782, 34.6679825], [135.15768516, 34.66794468], [135.15754861, 34.66790639], [135.15742861, 34.66786667], [135.15737195, 34.66784806], [135.15730639, 34.66782639], [135.15723111, 34.66780139], [135.15729416, 34.66773611], [135.15751028, 34.66751167], [135.1575825, 34.66743667], [135.15762146, 34.66739613], [135.15765805, 34.66735806], [135.15768555, 34.66732972], [135.15805086, 34.66695051], [135.15834195, 34.66664833], [135.15837628, 34.66661266], [135.1583775, 34.66661139], [135.15840861, 34.66657917], [135.15881834, 34.66615389], [135.15884639, 34.66612473], [135.15887278, 34.66609722], [135.15897166, 34.66599472], [135.15930028, 34.66567027], [135.15933778, 34.66562639], [135.15938445, 34.66557167], [135.15949805, 34.66543766], [135.15953139, 34.66539833], [135.15956945, 34.665295], [135.15961222, 34.66517889], [135.15960948, 34.6650868], [135.15960639, 34.66498333], [135.15956611, 34.66484527], [135.15950611, 34.66417167], [135.15950389, 34.66414556], [135.15947389, 34.66380972], [135.15946222, 34.66355722], [135.15946389, 34.66347361], [135.15947027, 34.66317], [135.15947059, 34.66315443], [135.15947389, 34.66299278], [135.15948528, 34.66243944], [135.15948737, 34.66233809], [135.15948861, 34.66227833], [135.15948972, 34.66222139], [135.15949195, 34.66212194], [135.15949472, 34.66197972], [135.15949584, 34.66192444], [135.15949889, 34.66177417], [135.15950861, 34.66130861], [135.159525, 34.66059056], [135.15953361, 34.66021528], [135.15953528, 34.66013611], [135.15953643, 34.66008655], [135.15954305, 34.65980167], [135.15958584, 34.65802583], [135.15961834, 34.6573425], [135.15967584, 34.65673639], [135.15970173, 34.65630927], [135.15970611, 34.65623694], [135.15971028, 34.65475667], [135.15971111, 34.65448528], [135.1596859, 34.65437436], [135.15966111, 34.65426528], [135.1596575, 34.65424917], [135.15961055, 34.65404306], [135.15960044, 34.65394741], [135.15956805, 34.65364111], [135.15950361, 34.65303], [135.15948313, 34.65286591], [135.15943666, 34.65249361], [135.15942274, 34.65217996], [135.15937378, 34.65107724], [135.15937378, 34.65107724], [135.15937185, 34.65107645], [135.15820724, 34.65079556], [135.15854782, 34.65024313], [135.15901576, 34.65045581], [135.15921663, 34.65046353], [135.1593132, 34.65042107], [135.15942908, 34.65032072], [135.15951407, 34.65026283], [135.15967244, 34.65024353], [135.16000851, 34.65026669], [135.16172981, 34.65078914], [135.16203266, 34.65080767], [135.16240968, 34.65076444], [135.16307181, 34.65058443], [135.16325722, 34.65042387], [135.16334375, 34.65018303], [135.16327576, 34.65002247], [135.16313979, 34.64988661], [135.16274424, 34.64975693], [135.1599104, 34.64914381], [135.15859155, 34.64876521], [135.15680399, 34.64819042], [135.1561933, 34.64806153], [135.15586524, 34.64803422], [135.15561312, 34.64804332], [135.15553718, 34.64808278], [135.15544302, 34.64815562], [135.15522614, 34.64838745], [135.1551502, 34.64844208], [135.15510767, 34.64845726], [135.15444244, 34.64836621], [135.15436346, 34.64839656], [135.15429664, 34.64848457], [135.15389424, 34.64960723], [135.15368708, 34.64993404], [135.15353989, 34.65008111], [135.15343631, 34.65014103], [135.15334363, 34.65014103], [135.15315828, 34.65009201], [135.15111059, 34.64934473], [135.14678995, 34.64765487], [135.14511217, 34.64713029], [135.14321054, 34.64662328], [135.1425801, 34.64637812], [135.14234162, 34.64624981], [135.14206645, 34.64601153], [135.14175976, 34.64577266], [135.14123999, 34.64555271], [135.14064684, 34.6453633], [135.13918442, 34.64503004], [135.13916917, 34.64446273], [135.1390955, 34.64417319], [135.13897271, 34.64396707], [135.13895808, 34.64395412], [135.13895808, 34.64395412], [135.13839834, 34.64527917], [135.13833, 34.64551806], [135.13826084, 34.64579973], [135.13820778, 34.64603889], [135.13819118, 34.64611371], [135.13813389, 34.64637194], [135.13808222, 34.64654472], [135.1380788, 34.6465562], [135.13802416, 34.64673944], [135.13796139, 34.64686278], [135.13788584, 34.64701167], [135.13778195, 34.64716917], [135.13749334, 34.64749361], [135.1374425, 34.64755028], [135.13731305, 34.64769472], [135.13728834, 34.64772229], [135.13727222, 34.64774027], [135.1371825, 34.64784083], [135.13710889, 34.6479225], [135.13677139, 34.64829917], [135.13671889, 34.648358], [135.13671166, 34.64836611], [135.13652264, 34.64857677], [135.13652222, 34.64857722], [135.13650472, 34.64859694], [135.13645834, 34.64864861], [135.13641887, 34.64869264], [135.13630222, 34.64882278], [135.13624528, 34.64888639], [135.13615528, 34.64898389], [135.13607777, 34.64906778], [135.13593555, 34.64921944], [135.13589889, 34.64925861], [135.13588106, 34.64927215], [135.13585413, 34.64929261], [135.13582723, 34.64931306], [135.13578305, 34.64934639], [135.13570111, 34.64940833], [135.13569084, 34.64941611], [135.13553916, 34.64950444], [135.13543695, 34.64956389], [135.13520027, 34.64975973], [135.13511861, 34.64984806], [135.13500008, 34.64997627], [135.13495889, 34.65002083], [135.13492028, 34.65006278], [135.13488223, 34.65010417], [135.13471639, 34.65028361], [135.13450028, 34.65051722], [135.13449695, 34.65052083], [135.13457695, 34.65056306], [135.13477138, 34.65066574], [135.1349825, 34.65077722], [135.13540639, 34.65100056], [135.13549955, 34.65104971], [135.13558222, 34.65109333], [135.13569916, 34.65122806], [135.135715, 34.65124611], [135.13572416, 34.65126917], [135.13574722, 34.6513275], [135.13581305, 34.65149417], [135.1358825, 34.65160889], [135.13607972, 34.65171444], [135.13612028, 34.65173611], [135.13616945, 34.65176222], [135.13622506, 34.65179198], [135.13681416, 34.65210722], [135.1371025, 34.65229111], [135.13714445, 34.65231806], [135.13722456, 34.65236914], [135.13734528, 34.65244611], [135.1374425, 34.65252139], [135.13778889, 34.65279], [135.13780722, 34.65280417], [135.13802111, 34.65297889], [135.13808508, 34.6530315], [135.1381025, 34.65304583], [135.13811136, 34.65305308], [135.13821084, 34.65313444], [135.13837305, 34.65326694], [135.138445, 34.6533175], [135.13863334, 34.65344972], [135.13871945, 34.65351028], [135.13873527, 34.65352], [135.13882028, 34.65357139], [135.13892722, 34.65363611], [135.13898998, 34.65367406], [135.13906916, 34.65372194], [135.13919361, 34.6537975], [135.13931639, 34.65387194], [135.139435, 34.65394083], [135.13986889, 34.65419167], [135.13991718, 34.65421956], [135.13998334, 34.65425778], [135.14012445, 34.65433944], [135.14069028, 34.65470222], [135.14091805, 34.65484111], [135.14096084, 34.65486722], [135.14099132, 34.65488586], [135.14102084, 34.65490389], [135.14167584, 34.65530333], [135.14164916, 34.65533], [135.1416075, 34.65537194], [135.14152631, 34.65545339], [135.14151584, 34.65546389], [135.14142666, 34.65555333], [135.14129639, 34.65568361], [135.14123166, 34.65574889], [135.14110611, 34.65587472], [135.14106834, 34.6559125], [135.14095805, 34.65602306], [135.14088291, 34.65609819], [135.140875, 34.65610611], [135.14083084, 34.65615056], [135.14073073, 34.65625103], [135.14068084, 34.65630111], [135.14034778, 34.65663473], [135.14021416, 34.65677111], [135.14014, 34.65684667], [135.14005222, 34.65693583], [135.13995361, 34.65703639], [135.13991639, 34.65707444], [135.13990266, 34.65708845], [135.13973555, 34.65725889], [135.13971916, 34.65727556], [135.13964528, 34.65735361], [135.1391675, 34.6578575], [135.13915631, 34.65786927], [135.13912472, 34.6579025], [135.13905722, 34.65797389], [135.1387725, 34.65827389], [135.13871472, 34.658335], [135.13870305, 34.65834444], [135.13864889, 34.65838833], [135.13856611, 34.65845556], [135.13846908, 34.65853417], [135.13844611, 34.65855277], [135.13833528, 34.6586425], [135.13810889, 34.65882639], [135.13796834, 34.65896028], [135.13793361, 34.65899333], [135.13788278, 34.65904139], [135.13784305, 34.65907944], [135.13781945, 34.65910361], [135.137595, 34.65933472], [135.13753166, 34.6594], [135.13752156, 34.65941042], [135.13750528, 34.65942722], [135.13735084, 34.65958611], [135.1372875, 34.65965139], [135.13717195, 34.65977], [135.13710139, 34.65984278], [135.13706305, 34.65988222], [135.13702111, 34.65992556], [135.13671555, 34.66024], [135.13668111, 34.66027527], [135.13667715, 34.66027936], [135.13651695, 34.66044444], [135.13648555, 34.66047667], [135.1361308, 34.66083492], [135.13609111, 34.660875], [135.13605584, 34.66091083], [135.13604653, 34.66092019], [135.13600555, 34.66096139], [135.13588528, 34.66108306], [135.13576139, 34.66120833], [135.13572055, 34.66124972], [135.13542305, 34.66155028], [135.13536282, 34.66161355], [135.13531861, 34.66166], [135.13528584, 34.66169444], [135.13524861, 34.66173361], [135.13522805, 34.661755], [135.13518723, 34.66179806], [135.1351225, 34.66186583], [135.13482166, 34.66218167], [135.13477527, 34.66223042], [135.13460298, 34.66272267], [135.13444478, 34.66311818], [135.13429858, 34.66399538], [135.1342853, 34.6640314], [135.1342853, 34.66441548], [135.13436887, 34.66494985], [135.13476599, 34.66610959], [135.13476599, 34.66610959], [135.13493682, 34.6668212], [135.1349713, 34.66714599], [135.13496637, 34.66737236], [135.13489534, 34.66768569], [135.13474342, 34.66798239], [135.13472615, 34.66811004], [135.13475378, 34.66824459], [135.13494932, 34.66885829], [135.13499289, 34.66889215], [135.13506551, 34.66889215], [135.13548511, 34.66863081], [135.1355432, 34.66861629], [135.13558193, 34.66862597], [135.13582194, 34.66900384], [135.13592119, 34.66909333], [135.13608337, 34.66915622], [135.13632786, 34.66916347], [135.13643195, 34.66913445], [135.1364852, 34.66906673], [135.13670125, 34.66845151], [135.13677145, 34.66838137], [135.13689006, 34.66834993], [135.13704498, 34.66836444], [135.13712002, 34.66842006], [135.13718538, 34.66853132], [135.13739658, 34.66928937], [135.13740045, 34.66943642], [135.13736559, 34.66954477], [135.13720566, 34.66985389], [135.13719614, 34.66990524], [135.13722089, 34.6699699], [135.13779139, 34.67083885], [135.13781294, 34.67090585], [135.1378704, 34.67161221], [135.13790632, 34.6716505], [135.13799254, 34.67166007], [135.13897308, 34.67146866], [135.13942507, 34.67137231], [135.13956971, 34.67130006], [135.13973543, 34.6711736], [135.14002826, 34.67070267], [135.1403691, 34.67001464], [135.14093895, 34.66881779], [135.14123124, 34.66846121], [135.14136306, 34.66835314], [135.14143404, 34.66833963], [135.14150164, 34.66835989], [135.14153881, 34.66841393], [135.14158291, 34.66914437], [135.14175894, 34.669804], [135.14193469, 34.67018224], [135.14243571, 34.67073748], [135.14302139, 34.67141781], [135.14344776, 34.67207115], [135.14408053, 34.67302508], [135.14429384, 34.67325302], [135.14434454, 34.6733442], [135.14434454, 34.67348604], [135.14432426, 34.67361774], [135.14426342, 34.6737123], [135.14343743, 34.67444679], [135.14311947, 34.67479197], [135.14294372, 34.675052], [135.14266976, 34.67554289], [135.14251429, 34.67603256], [135.14245328, 34.6764736], [135.1424668, 34.67687885], [135.14252178, 34.67722119], [135.14256663, 34.67726268], [135.14283439, 34.6773624], [135.14289917, 34.6773624], [135.14297393, 34.67733916], [135.14323183, 34.67711336], [135.14329993, 34.6770785], [135.14335309, 34.67707352], [135.14343116, 34.6771117], [135.14362096, 34.67732937], [135.14370402, 34.6773692], [135.14378209, 34.6773692], [135.14408442, 34.67730613], [135.14470026, 34.67708838], [135.14497136, 34.67696356], [135.14542187, 34.6767377], [135.14549364, 34.6767377], [135.14556274, 34.67677488], [135.14593247, 34.67727266], [135.14592715, 34.67734436], [135.14588994, 34.67740278], [135.14548792, 34.67774373], [135.14526997, 34.67799336], [135.14514481, 34.67818028], [135.14512886, 34.67828916], [135.14514481, 34.67839008], [135.14522723, 34.67866977], [135.14520863, 34.6787521], [135.14515281, 34.67881849], [135.14465754, 34.67897592], [135.14442897, 34.67910073], [135.14419242, 34.67928928], [135.14404312, 34.67946825], [135.14392618, 34.67970194], [135.14377674, 34.67990954], [135.14371296, 34.67997062], [135.14360133, 34.68000515], [135.14349501, 34.68002374], [135.14320797, 34.67998656], [135.14289597, 34.67996039], [135.14269663, 34.67998164], [135.14243085, 34.68008521], [135.14198883, 34.68035415], [135.14077049, 34.68102436], [135.13977919, 34.68151122], [135.13917982, 34.68184873], [135.13898922, 34.68202247], [135.13880864, 34.68227974], [135.13871501, 34.68235659], [135.13790795, 34.68282902], [135.13783104, 34.68282902], [135.13776081, 34.68279226], [135.13716416, 34.68249454], [135.13672944, 34.68238762], [135.13622449, 34.68232414], [135.13565799, 34.68231115], [135.13542391, 34.6823479], [135.13524333, 34.68243811], [135.13509285, 34.68258847], [135.13497208, 34.68280981], [135.13486507, 34.6831172], [135.13481156, 34.6832308], [135.13466108, 34.6833444], [135.134372, 34.68344203], [135.1342048, 34.68343535], [135.1340376, 34.68340194], [135.13373628, 34.68326829], [135.13357242, 34.68321817], [135.13346541, 34.68322819], [135.13336509, 34.68331507], [135.13328483, 34.68343535], [135.1330804, 34.68384768], [135.13276224, 34.6846342], [135.13265523, 34.68475114], [135.13254154, 34.68481128], [135.13243453, 34.68482465], [135.13224726, 34.68479123], [135.13100804, 34.6843564], [135.1300681, 34.68411511], [135.12977478, 34.6841036], [135.12971141, 34.68414044], [135.12966647, 34.68419109], [135.12963915, 34.68435489], [135.12964742, 34.68444993], [135.12971359, 34.68455324], [135.12983559, 34.68463794], [135.13010293, 34.68473343], [135.13028903, 34.68477682], [135.13044825, 34.68482228], [135.13060334, 34.68488632], [135.13084818, 34.68505028], [135.13096729, 34.68524201], [135.13119605, 34.68557642], [135.13139787, 34.6857384], [135.13161292, 34.68582104], [135.13191399, 34.68583757], [135.13261641, 34.68591107], [135.13288771, 34.68599041], [135.13337406, 34.68632098], [135.13358633, 34.68660323], [135.13363927, 34.68679166], [135.13360973, 34.68741131], [135.13363526, 34.68768988], [135.13365382, 34.68774781], [135.13371876, 34.68780807], [135.13400462, 34.68798087], [135.13403709, 34.68804576], [135.13402781, 34.68811992], [135.13399302, 34.68818713], [135.13343175, 34.68855492], [135.13309885, 34.68883829], [135.13308426, 34.68888494], [135.13309301, 34.68897533], [135.13322439, 34.68937272], [135.13319813, 34.68946894], [135.13312809, 34.68956225], [135.1324912, 34.68987229], [135.13248824, 34.68991689], [135.13250545, 34.68994411], [135.13256138, 34.68998281], [135.13319453, 34.6901878], [135.13327947, 34.6902521], [135.13331551, 34.69032154], [135.13338262, 34.69092945], [135.1334444, 34.69104775], [135.13357568, 34.69119178], [135.13418348, 34.6916343], [135.13460608, 34.6919361], [135.13692513, 34.69312234], [135.13797231, 34.69373754], [135.13862928, 34.6941235], [135.13898054, 34.69439597], [135.1390493, 34.69440106], [135.13917409, 34.69437562], [135.1410104, 34.69322347], [135.14232226, 34.69236107], [135.14264172, 34.6919572], [135.14274603, 34.69162498], [135.14273951, 34.69127974], [135.14258956, 34.69099312], [135.14226873, 34.69079499], [135.14209271, 34.69072992], [135.14161678, 34.69055397], [135.14128428, 34.69034552], [135.14116693, 34.69012404], [135.14117345, 34.68989605], [135.14132992, 34.68950521], [135.14210016, 34.68851765], [135.14315734, 34.68747951], [135.14451992, 34.68631349], [135.14561108, 34.6854111], [135.14669984, 34.68477273], [135.14749784, 34.6844649], [135.14840406, 34.68423691], [135.14930384, 34.68409619], [135.14942267, 34.68410989], [135.14952779, 34.68416012], [135.14970313, 34.68433298], [135.15013754, 34.68476125], [135.15020717, 34.6847994], [135.15032847, 34.68479492], [135.15096505, 34.68468955], [135.15110657, 34.68471648], [135.15117845, 34.68475913], [135.15145949, 34.68504908], [135.1515179, 34.68507153], [135.15158529, 34.68504908], [135.15162797, 34.68498848], [135.15204322, 34.68401949], [135.15223312, 34.68355807], [135.15228488, 34.68319034], [135.15227913, 34.68234572], [135.15214703, 34.68131949], [135.15204352, 34.68098624], [135.1519234, 34.68068398], [135.15196722, 34.68059556], [135.15198139, 34.68056694], [135.15207041, 34.68035515]]]}}, {"type": "Feature", "id": "did-1960-32", "properties": {"A16_001": "280112", "A16_002": "02811", "A16_003": "明石市", "A16_004": "2", "A16_005": "12848", "A16_006": "2.3", "A16_007": "0", "A16_008": "0.0", "A16_009": "9.9", "A16_010": "4.87", "A16_011": "1960", "year": 1960, "population": 12848.0, "areaKm2": 2.3, "density": 5586.08695652174}, "geometry": {"type": "Polygon", "coordinates": [[[134.95540686, 34.66991232], [134.95500042, 34.66998451], [134.95228456, 34.67214899], [134.95096702, 34.6732505], [134.95044677, 34.67283898], [134.94826921, 34.67445135], [134.94803113, 34.67448765], [134.94784877, 34.67444716], [134.94773226, 34.67437124], [134.94761575, 34.67422446], [134.94729083, 34.67376837], [134.947149, 34.67365196], [134.94694131, 34.6735811], [134.94671336, 34.6735811], [134.94659685, 34.67363677], [134.94618059, 34.67386926], [134.94601849, 34.67386926], [134.94584119, 34.67383383], [134.94561714, 34.67378507], [134.94555241, 34.67379502], [134.94547274, 34.67383233], [134.94531792, 34.67400918], [134.9452731, 34.67401167], [134.94519592, 34.67398182], [134.94441052, 34.67334399], [134.94424483, 34.67472996], [134.94419568, 34.67481478], [134.9440661, 34.67485496], [134.94148781, 34.67489518], [134.94126729, 34.67484511], [134.94112696, 34.67479002], [134.94036328, 34.67400236], [134.94030313, 34.67397732], [134.94022295, 34.67401237], [134.94010767, 34.67413756], [134.93990219, 34.67428278], [134.93933509, 34.67448868], [134.93899429, 34.67454376], [134.93857982, 34.67457364], [134.93855523, 34.67462279], [134.93856577, 34.6747281], [134.93868523, 34.67500895], [134.9389536, 34.67537307], [134.93915036, 34.67555281], [134.94014539, 34.67627177], [134.93732851, 34.67826859], [134.93520491, 34.67969054], [134.93468714, 34.68015279], [134.9345358, 34.68043631], [134.9345358, 34.68065052], [134.93460516, 34.68092144], [134.93482586, 34.68136877], [134.93511592, 34.68166489], [134.93611372, 34.68256959], [134.93635965, 34.68288461], [134.93639117, 34.68309252], [134.93634703, 34.68330044], [134.93615156, 34.68357765], [134.93577885, 34.68390703], [134.93557707, 34.68400783], [134.93524287, 34.68408974], [134.93404989, 34.68412804], [134.93200129, 34.6841165], [134.93195171, 34.68416605], [134.93195171, 34.68425275], [134.93201679, 34.68444473], [134.93212525, 34.68455311], [134.93236698, 34.684646], [134.93337798, 34.68502355], [134.93403648, 34.68518209], [134.93676302, 34.68536489], [134.93692019, 34.6853819], [134.93694034, 34.68541009], [134.93694034, 34.68545707], [134.93690138, 34.68550808], [134.93576413, 34.68611469], [134.93173427, 34.6883097], [134.93398531, 34.69103217], [134.93551374, 34.69310121], [134.94062223, 34.69033911], [134.94338326, 34.68863954], [134.94461558, 34.68788027], [134.94469627, 34.68785056], [134.94476422, 34.68785905], [134.94483218, 34.68790573], [134.94519557, 34.6885242], [134.94532381, 34.68891394], [134.94546808, 34.68952257], [134.94552686, 34.68964003], [134.94560701, 34.68966139], [134.94579937, 34.68963469], [134.94675198, 34.68926493], [134.94732907, 34.68898731], [134.94738784, 34.68890189], [134.94735578, 34.68878977], [134.94723289, 34.68868833], [134.94590853, 34.68790652], [134.94543831, 34.68756483], [134.94532646, 34.6873871], [134.94531447, 34.68728529], [134.94542235, 34.68714756], [134.94661559, 34.68634948], [134.94457687, 34.68421327], [134.94452829, 34.68414627], [134.94453061, 34.68410461], [134.94454682, 34.68405601], [134.94536825, 34.68374691], [134.94609992, 34.68344369], [134.94617059, 34.68336477], [134.94617475, 34.68325262], [134.946159, 34.68305416], [134.94618231, 34.68299592], [134.946261, 34.68293768], [134.94681459, 34.68282953], [134.94802698, 34.68271305], [134.94897948, 34.68257736], [134.94778958, 34.68105575], [134.94757837, 34.68087989], [134.94741996, 34.68063369], [134.94573534, 34.68035729], [134.94648549, 34.67945367], [134.94901877, 34.67695881], [134.94986862, 34.67743514], [134.94885826, 34.6784216], [134.94924342, 34.67882416], [134.94990266, 34.67930394], [134.95004916, 34.67935274], [134.95018751, 34.6793568], [134.95057003, 34.67910065], [134.95063921, 34.67905999], [134.95074908, 34.67905592], [134.95173065, 34.67980226], [134.95203016, 34.67992586], [134.95236222, 34.6799714], [134.95298727, 34.67984129], [134.95341823, 34.6796777], [134.9544144, 34.67902065], [134.95573799, 34.67810077], [134.95456442, 34.67707728], [134.95322967, 34.67619253], [134.95251346, 34.67671948], [134.95155449, 34.67598136], [134.95076015, 34.67518118], [134.95432946, 34.67189814], [134.95510361, 34.67254758], [134.95517664, 34.67313135], [134.95592402, 34.67310293], [134.95646589, 34.67367418], [134.95773665, 34.67469578], [134.95843772, 34.67514369], [134.95850233, 34.67515445], [134.95857412, 34.67514369], [134.95914145, 34.67465177], [134.95916658, 34.67458004], [134.95914145, 34.67447245], [134.95833098, 34.67367876], [134.95821612, 34.67351809], [134.95816443, 34.67338038], [134.9580668, 34.67312216], [134.9579462, 34.67295002], [134.95655704, 34.67162762], [134.95597638, 34.6710414], [134.95593574, 34.67093762], [134.95594929, 34.67072103], [134.95597179, 34.67041786], [134.95596276, 34.67031408], [134.95589953, 34.67022835], [134.95540686, 34.66991232]]]}}, {"type": "Feature", "id": "did-1960-33", "properties": {"A16_001": "280071", "A16_002": "00287", "A16_003": "須磨区", "A16_004": "1", "A16_005": "88096", "A16_006": "6.3", "A16_007": "0", "A16_008": "0.0", "A16_009": "94.1", "A16_010": "26.25", "A16_011": "1960", "year": 1960, "population": 88096.0, "areaKm2": 6.3, "density": 13983.492063492064}, "geometry": {"type": "Polygon", "coordinates": [[[135.13476599, 34.66610959], [135.13436887, 34.66494985], [135.1342853, 34.66441548], [135.1342853, 34.6640314], [135.13429858, 34.66399538], [135.13444478, 34.66311818], [135.13460298, 34.66272267], [135.13477527, 34.66223042], [135.13482166, 34.66218167], [135.1351225, 34.66186583], [135.13518723, 34.66179806], [135.13522805, 34.661755], [135.13524861, 34.66173361], [135.13528584, 34.66169444], [135.13531861, 34.66166], [135.13536282, 34.66161355], [135.13542305, 34.66155028], [135.13572055, 34.66124972], [135.13576139, 34.66120833], [135.13588528, 34.66108306], [135.13600555, 34.66096139], [135.13604653, 34.66092019], [135.13605584, 34.66091083], [135.13609111, 34.660875], [135.1361308, 34.66083492], [135.13648555, 34.66047667], [135.13651695, 34.66044444], [135.13667715, 34.66027936], [135.13668111, 34.66027527], [135.13671555, 34.66024], [135.13702111, 34.65992556], [135.13706305, 34.65988222], [135.13710139, 34.65984278], [135.13717195, 34.65977], [135.1372875, 34.65965139], [135.13735084, 34.65958611], [135.13750528, 34.65942722], [135.13752156, 34.65941042], [135.13753166, 34.6594], [135.137595, 34.65933472], [135.13781945, 34.65910361], [135.13784305, 34.65907944], [135.13788278, 34.65904139], [135.13793361, 34.65899333], [135.13796834, 34.65896028], [135.13810889, 34.65882639], [135.13833528, 34.6586425], [135.13844611, 34.65855277], [135.13846908, 34.65853417], [135.13856611, 34.65845556], [135.13864889, 34.65838833], [135.13870305, 34.65834444], [135.13871472, 34.658335], [135.1387725, 34.65827389], [135.13905722, 34.65797389], [135.13912472, 34.6579025], [135.13915631, 34.65786927], [135.1391675, 34.6578575], [135.13964528, 34.65735361], [135.13971916, 34.65727556], [135.13973555, 34.65725889], [135.13990266, 34.65708845], [135.13991639, 34.65707444], [135.13995361, 34.65703639], [135.14005222, 34.65693583], [135.14014, 34.65684667], [135.14021416, 34.65677111], [135.14034778, 34.65663473], [135.14068084, 34.65630111], [135.14073073, 34.65625103], [135.14083084, 34.65615056], [135.140875, 34.65610611], [135.14088291, 34.65609819], [135.14095805, 34.65602306], [135.14106834, 34.6559125], [135.14110611, 34.65587472], [135.14123166, 34.65574889], [135.14129639, 34.65568361], [135.14142666, 34.65555333], [135.14151584, 34.65546389], [135.14152631, 34.65545339], [135.1416075, 34.65537194], [135.14164916, 34.65533], [135.14167584, 34.65530333], [135.14102084, 34.65490389], [135.14099132, 34.65488586], [135.14096084, 34.65486722], [135.14091805, 34.65484111], [135.14069028, 34.65470222], [135.14012445, 34.65433944], [135.13998334, 34.65425778], [135.13991718, 34.65421956], [135.13986889, 34.65419167], [135.139435, 34.65394083], [135.13931639, 34.65387194], [135.13919361, 34.6537975], [135.13906916, 34.65372194], [135.13898998, 34.65367406], [135.13892722, 34.65363611], [135.13882028, 34.65357139], [135.13873527, 34.65352], [135.13871945, 34.65351028], [135.13863334, 34.65344972], [135.138445, 34.6533175], [135.13837305, 34.65326694], [135.13821084, 34.65313444], [135.13811136, 34.65305308], [135.1381025, 34.65304583], [135.13808508, 34.6530315], [135.13802111, 34.65297889], [135.13780722, 34.65280417], [135.13778889, 34.65279], [135.1374425, 34.65252139], [135.13734528, 34.65244611], [135.13722456, 34.65236914], [135.13714445, 34.65231806], [135.1371025, 34.65229111], [135.13681416, 34.65210722], [135.13622506, 34.65179198], [135.13616945, 34.65176222], [135.13612028, 34.65173611], [135.13607972, 34.65171444], [135.1358825, 34.65160889], [135.13581305, 34.65149417], [135.13574722, 34.6513275], [135.13572416, 34.65126917], [135.135715, 34.65124611], [135.13569916, 34.65122806], [135.13558222, 34.65109333], [135.13549955, 34.65104971], [135.13540639, 34.65100056], [135.1349825, 34.65077722], [135.13477138, 34.65066574], [135.13457695, 34.65056306], [135.13449695, 34.65052083], [135.13450028, 34.65051722], [135.13471639, 34.65028361], [135.13488223, 34.65010417], [135.13492028, 34.65006278], [135.13495889, 34.65002083], [135.13500008, 34.64997627], [135.13511861, 34.64984806], [135.13520027, 34.64975973], [135.13543695, 34.64956389], [135.13553916, 34.64950444], [135.13569084, 34.64941611], [135.13570111, 34.64940833], [135.13578305, 34.64934639], [135.13582723, 34.64931306], [135.13585413, 34.64929261], [135.13588106, 34.64927215], [135.13589889, 34.64925861], [135.13593555, 34.64921944], [135.13607777, 34.64906778], [135.13615528, 34.64898389], [135.13624528, 34.64888639], [135.13630222, 34.64882278], [135.13641887, 34.64869264], [135.13645834, 34.64864861], [135.13650472, 34.64859694], [135.13652222, 34.64857722], [135.13652264, 34.64857677], [135.13671166, 34.64836611], [135.13671889, 34.648358], [135.13677139, 34.64829917], [135.13710889, 34.6479225], [135.1371825, 34.64784083], [135.13727222, 34.64774027], [135.13728834, 34.64772229], [135.13731305, 34.64769472], [135.1374425, 34.64755028], [135.13749334, 34.64749361], [135.13778195, 34.64716917], [135.13788584, 34.64701167], [135.13796139, 34.64686278], [135.13802416, 34.64673944], [135.1380788, 34.6465562], [135.13808222, 34.64654472], [135.13813389, 34.64637194], [135.13819118, 34.64611371], [135.13820778, 34.64603889], [135.13826084, 34.64579973], [135.13833, 34.64551806], [135.13839834, 34.64527917], [135.13895808, 34.64395412], [135.13895808, 34.64395412], [135.1387566, 34.64377568], [135.13756664, 34.64319507], [135.13614972, 34.64261443], [135.1353786, 34.6423985], [135.13494146, 34.64231998], [135.13458292, 34.6423347], [135.13296873, 34.64258921], [135.13034658, 34.64285917], [135.12815453, 34.6430098], [135.12673544, 34.64302977], [135.12362289, 34.64281952], [135.12175408, 34.64268971], [135.12020162, 34.64249986], [135.11696368, 34.64194068], [135.11636826, 34.64186111], [135.11571979, 34.64186111], [135.11562752, 34.64186111], [135.11555556, 34.64186111], [135.11418381, 34.64168219], [135.11289709, 34.64151435], [135.1126666, 34.64148429], [135.111439, 34.64132417], [135.11134646, 34.6413121], [135.11024097, 34.6411679], [135.11015734, 34.641157], [135.11010928, 34.64115073], [135.10959305, 34.64108339], [135.10959073, 34.64108309], [135.10922839, 34.64103583], [135.10916667, 34.64102778], [135.10884428, 34.64088673], [135.10873388, 34.64083843], [135.10797753, 34.64076912], [135.10728406, 34.64080816], [135.10694995, 34.64094169], [135.10677733, 34.64108078], [135.10647033, 34.64163814], [135.10612985, 34.64238635], [135.1060298, 34.64245807], [135.10595802, 34.64245807], [135.10590799, 34.64242112], [135.10576606, 34.64208256], [135.10564816, 34.64186245], [135.10533748, 34.64146799], [135.1052444, 34.64141838], [135.10511098, 34.64139668], [135.10459187, 34.64141156], [135.1045112, 34.64137746], [135.10446155, 34.64129375], [135.10445225, 34.64121005], [135.10458254, 34.64088065], [135.10458254, 34.64079075], [135.10452359, 34.64071634], [135.10411024, 34.64046084], [135.10397372, 34.64034613], [135.10391167, 34.64023763], [135.10383998, 34.64002257], [135.10376552, 34.63988927], [135.10368795, 34.63979316], [135.10349558, 34.63964746], [135.10252419, 34.63904579], [135.1021834, 34.63888659], [135.10139208, 34.6386468], [135.10132303, 34.63865173], [135.10125891, 34.63869608], [135.10113315, 34.63886363], [135.10107643, 34.63889319], [135.10101724, 34.63889319], [135.10029862, 34.63863974], [135.10023178, 34.63863622], [135.10017198, 34.6386538], [135.09995037, 34.63899472], [135.09988705, 34.63900526], [135.09980263, 34.63900526], [135.09971469, 34.6389666], [135.09909856, 34.63857502], [135.09870605, 34.6395537], [135.09872243, 34.63962188], [135.09878793, 34.63967642], [135.09884261, 34.63978349], [135.09884261, 34.6398544], [135.0984649, 34.64048957], [135.09842996, 34.64063793], [135.09841686, 34.64083866], [135.09843433, 34.64092157], [135.0984911, 34.6409783], [135.09862212, 34.64103502], [135.09916442, 34.64124169], [135.09960989, 34.64153405], [135.10093844, 34.64257363], [135.10102423, 34.64268076], [135.10105072, 34.64273128], [135.10108924, 34.64279863], [135.10114943, 34.64283231], [135.10128425, 34.64285637], [135.10155887, 34.64296197], [135.10179827, 34.64306021], [135.10221743, 34.64333327], [135.10232003, 34.64333327], [135.10238416, 34.64330337], [135.10299117, 34.64238237], [135.1030601, 34.64234045], [135.10317998, 34.64234045], [135.10432883, 34.64286213], [135.10443972, 34.6428771], [135.10456559, 34.64284715], [135.10491117, 34.642719], [135.10502805, 34.64272798], [135.10517191, 34.64278188], [135.10521686, 34.64284776], [135.10522586, 34.64295556], [135.1050341, 34.64378914], [135.10504908, 34.64384004], [135.10512701, 34.64390293], [135.10587864, 34.64425019], [135.10588495, 34.64430057], [135.10585973, 34.64436145], [135.10576729, 34.64442023], [135.10539757, 34.64448309], [135.10474675, 34.64448846], [135.10415009, 34.64455532], [135.10383552, 34.64466097], [135.10367413, 34.6447619], [135.10361598, 34.64486755], [135.10358161, 34.64500489], [135.10358426, 34.64517129], [135.10361862, 34.64529015], [135.10368999, 34.64539052], [135.10382217, 34.64547504], [135.10434521, 34.64567335], [135.10491107, 34.64588212], [135.10497449, 34.64600513], [135.10497449, 34.64612814], [135.10490734, 34.6463257], [135.1046049, 34.64694596], [135.10426541, 34.64739699], [135.10358937, 34.64823421], [135.10317533, 34.648786], [135.1031625, 34.64883729], [135.10319183, 34.64891607], [135.10337886, 34.64903515], [135.10345586, 34.64903515], [135.10353287, 34.64900217], [135.10440821, 34.64811109], [135.10455216, 34.64806683], [135.10467027, 34.64806683], [135.10476624, 34.64809634], [135.10481349, 34.64813859], [135.10483419, 34.64826528], [135.10483419, 34.64869963], [135.10485748, 34.64875134], [135.10489111, 34.64876685], [135.10496616, 34.64875134], [135.10560674, 34.64814599], [135.1057827, 34.64803482], [135.10595866, 34.64796243], [135.10636329, 34.6478372], [135.10652631, 34.64774154], [135.10668674, 34.64759675], [135.10680836, 34.64751143], [135.10690928, 34.64748816], [135.10704125, 34.64748816], [135.10758982, 34.64780876], [135.10779689, 34.64799711], [135.10782882, 34.64807541], [135.10783753, 34.64822041], [135.10778819, 34.64865542], [135.10750617, 34.64946293], [135.10711574, 34.65039274], [135.10671376, 34.65128528], [135.10672517, 34.65135369], [135.10677538, 34.6513993], [135.10687353, 34.65142667], [135.10710177, 34.65140158], [135.10804829, 34.65118995], [135.10857416, 34.65096226], [135.10908834, 34.65071707], [135.10987954, 34.65019011], [135.11024765, 34.64997411], [135.11046968, 34.64989821], [135.11068587, 34.64989237], [135.11144546, 34.65010838], [135.11299018, 34.65070514], [135.11389584, 34.65120721], [135.11451117, 34.65169966], [135.11477994, 34.65201492], [135.11490849, 34.65225428], [135.11494389, 34.65261866], [135.11487962, 34.65313825], [135.11471017, 34.65360529], [135.1143067, 34.65443664], [135.11403492, 34.65486761], [135.11403779, 34.65495942], [135.11407512, 34.65503976], [135.11436803, 34.65534964], [135.11442259, 34.65536686], [135.114503, 34.65533816], [135.11605646, 34.65404765], [135.11642862, 34.6537722], [135.11689811, 34.65344871], [135.1171646, 34.65322376], [135.1172519, 34.6530539], [135.11731163, 34.65277846], [135.1173623, 34.65202321], [135.11739905, 34.65192222], [135.1175277, 34.65185335], [135.11964711, 34.65179342], [135.12052594, 34.65185154], [135.12071591, 34.65187431], [135.12085016, 34.65193758], [135.12090082, 34.65201604], [135.12090842, 34.6521198], [135.12087295, 34.65225141], [135.12060193, 34.65263594], [135.11956444, 34.65367905], [135.11857164, 34.65468273], [135.11810803, 34.65533983], [135.11796144, 34.65567989], [135.11798646, 34.65586205], [135.11805795, 34.65594063], [135.11817592, 34.65597991], [135.11831176, 34.6559692], [135.1184047, 34.65590491], [135.119028, 34.65502879], [135.11916688, 34.65488653], [135.11921895, 34.65487167], [135.11931565, 34.65486919], [135.11947929, 34.65493856], [135.11964045, 34.65499306], [135.11977682, 34.65500792], [135.11986856, 34.65502526], [135.11994542, 34.65505251], [135.12013198, 34.65514959], [135.12021876, 34.65517189], [135.12033033, 34.65514711], [135.12080234, 34.65494149], [135.12089903, 34.65493653], [135.12099573, 34.65494397], [135.12118169, 34.65504554], [135.12269032, 34.65644345], [135.12378778, 34.65754752], [135.12380741, 34.65762105], [135.1238025, 34.65768232], [135.12375835, 34.65776321], [135.12285398, 34.65831219], [135.12278916, 34.65838311], [135.12277065, 34.65842937], [135.12279225, 34.6585003], [135.12335806, 34.65916244], [135.12352194, 34.65930014], [135.12383774, 34.65946878], [135.12396976, 34.65954583], [135.12399266, 34.65959159], [135.12399266, 34.65965643], [135.12396785, 34.65969647], [135.12351302, 34.659869], [135.1234695, 34.65990499], [135.12344699, 34.65999196], [135.1234807, 34.66104368], [135.12355357, 34.66163346], [135.1235868, 34.66169384], [135.12363212, 34.66173006], [135.12374088, 34.66173006], [135.12476023, 34.66111716], [135.12483751, 34.66111982], [135.12489347, 34.66114645], [135.12527454, 34.66168696], [135.12618522, 34.66293789], [135.12618187, 34.66300824], [135.12614499, 34.66306519], [135.1258099, 34.66331107], [135.12578307, 34.66337807], [135.12582331, 34.66352547], [135.12608172, 34.6640052], [135.12621918, 34.66410905], [135.12629965, 34.66410905], [135.12641365, 34.66406215], [135.12701045, 34.66359142], [135.1273775, 34.66311645], [135.12802029, 34.66229521], [135.1281595, 34.66219406], [135.12835355, 34.6621224], [135.12925266, 34.66207575], [135.12942682, 34.66211925], [135.12950768, 34.66215654], [135.12952841, 34.66222283], [135.12955329, 34.66238648], [135.12950913, 34.66268222], [135.12938971, 34.66292418], [135.12909103, 34.66328996], [135.12899151, 34.66343248], [135.12896166, 34.66356174], [135.12898156, 34.663691], [135.12903795, 34.66388781], [135.129028, 34.66401045], [135.12897492, 34.66411651], [135.12882897, 34.66422589], [135.12858018, 34.66429217], [135.12826693, 34.66435602], [135.12803472, 34.66445213], [135.12761675, 34.66470734], [135.12660294, 34.6651424], [135.12598942, 34.66530921], [135.12590594, 34.66536342], [135.12577656, 34.66558444], [135.12554669, 34.66595273], [135.125434, 34.66609868], [135.12521605, 34.66632199], [135.12520142, 34.66637753], [135.12521605, 34.66642723], [135.1257108, 34.66667946], [135.12575469, 34.66675255], [135.12575176, 34.66681687], [135.12571373, 34.66687534], [135.12465953, 34.6675403], [135.12404337, 34.66798769], [135.12382802, 34.66824964], [135.12359361, 34.66861563], [135.12310159, 34.6697541], [135.12258136, 34.67058367], [135.12222557, 34.671014], [135.12126011, 34.67204079], [135.12074062, 34.67263277], [135.12045507, 34.67315099], [135.12005234, 34.67389856], [135.11966576, 34.6745405], [135.11966576, 34.67463493], [135.11969154, 34.67473223], [135.11974882, 34.67480664], [135.12003564, 34.67501967], [135.12012156, 34.67512555], [135.12017311, 34.67526578], [135.12031965, 34.67565892], [135.12044854, 34.67585924], [135.12062038, 34.67596512], [135.12091539, 34.67606814], [135.1219509, 34.67623732], [135.12349344, 34.67646657], [135.12410636, 34.67649518], [135.12498123, 34.67648076], [135.12543948, 34.67640636], [135.12598367, 34.67626041], [135.1263314, 34.67606232], [135.12721765, 34.67551798], [135.1276043, 34.67534627], [135.12810671, 34.67522856], [135.12840506, 34.67520039], [135.12847046, 34.67519422], [135.12875507, 34.67524259], [135.12912454, 34.67530268], [135.12945105, 34.67530841], [135.12978616, 34.67522542], [135.13036848, 34.67504157], [135.13061765, 34.67495], [135.13078925, 34.67484692], [135.13089319, 34.67473232], [135.13112843, 34.67430883], [135.13123227, 34.67413124], [135.13133473, 34.67399937], [135.13153384, 34.67385321], [135.13227462, 34.67344134], [135.13245747, 34.67332766], [135.13253874, 34.67321804], [135.13265209, 34.67293015], [135.13280949, 34.67129045], [135.13280122, 34.67067914], [135.13266881, 34.67019714], [135.13248691, 34.66946192], [135.1323877, 34.66899105], [135.13193249, 34.66818429], [135.13188322, 34.66809696], [135.13192024, 34.66807144], [135.13476599, 34.66610959]]]}}, {"type": "Feature", "id": "did-1960-34", "properties": {"A16_001": "280111", "A16_002": "02811", "A16_003": "明石市", "A16_004": "1", "A16_005": "67660", "A16_006": "7.2", "A16_007": "0", "A16_008": "0.0", "A16_009": "52.1", "A16_010": "15.25", "A16_011": "1960", "year": 1960, "population": 67660.0, "areaKm2": 7.2, "density": 9397.222222222223}, "geometry": {"type": "Polygon", "coordinates": [[[134.99817972, 34.65809438], [134.99824972, 34.65801417], [134.99840889, 34.65792361], [134.99851305, 34.6578375], [134.99865541, 34.65764811], [134.99881616, 34.65743431], [134.99890084, 34.65732167], [134.99895065, 34.65728556], [134.99941932, 34.65650443], [135.00046702, 34.65595275], [135.00049925, 34.65648846], [135.00159311, 34.65650884], [135.00173667, 34.65577408], [135.00308917, 34.65565809], [135.0038017, 34.65566558], [135.00437922, 34.65574802], [135.00516419, 34.65596289], [135.00531666, 34.65597322], [135.00544587, 34.65592932], [135.00551048, 34.65583895], [135.00570711, 34.65469712], [135.00592284, 34.65298483], [135.00601189, 34.65264377], [135.0063504, 34.65180588], [135.00575963, 34.65035278], [135.00565409, 34.65017856], [135.00555314, 34.6501052], [135.00538795, 34.65004102], [135.0047274, 34.65002353], [135.00467593, 34.65000424], [135.00462446, 34.64993032], [135.00424732, 34.64928728], [135.00409806, 34.64911243], [135.00368086, 34.64858172], [135.00364998, 34.64846344], [135.00364998, 34.64835544], [135.00372718, 34.64826287], [135.00668818, 34.64803734], [135.00713272, 34.64836038], [135.0076308, 34.6477784], [135.007804, 34.6476861], [135.00816772, 34.64765726], [135.0091509, 34.64782586], [135.00979174, 34.64811428], [135.01010349, 34.64837386], [135.01032288, 34.64865074], [135.01051957, 34.64928732], [135.01080312, 34.65037988], [135.01112643, 34.65112978], [135.01126499, 34.65126245], [135.01146128, 34.65134321], [135.01233474, 34.65136053], [135.01245941, 34.65133675], [135.01252704, 34.65127912], [135.01256086, 34.65114794], [135.01240706, 34.65002015], [135.01238304, 34.64984811], [135.01241107, 34.64967607], [135.01264755, 34.64908623], [135.01271162, 34.64887017], [135.01283222, 34.64842149], [135.01289629, 34.64828945], [135.01303243, 34.64825344], [135.01340084, 34.64831746], [135.0134569, 34.64838548], [135.01349694, 34.64850151], [135.01350139, 34.6489031], [135.01353342, 34.64899113], [135.01384252, 34.64933533], [135.01393062, 34.64936334], [135.01406677, 34.64935534], [135.01489062, 34.64869097], [135.01518258, 34.64856082], [135.01554191, 34.64848004], [135.01617254, 34.64852891], [135.01715761, 34.64860462], [135.01769661, 34.64855525], [135.01811882, 34.64842062], [135.01840211, 34.6482851], [135.01846948, 34.64819085], [135.0185144, 34.64796646], [135.01848745, 34.64775553], [135.01833473, 34.6475446], [135.01806523, 34.64734264], [135.0174713, 34.64702219], [135.01721078, 34.64681575], [135.01685952, 34.64647817], [135.01660798, 34.64633007], [135.01624416, 34.64619095], [135.01572591, 34.64605107], [135.01519141, 34.6460017], [135.01415157, 34.64591976], [135.01405444, 34.64587344], [135.01403237, 34.64581609], [135.01403458, 34.64575874], [135.01407652, 34.64569478], [135.01428182, 34.64563081], [135.01649572, 34.64525227], [135.01801266, 34.64486209], [135.01915017, 34.64445702], [135.01911555, 34.64431028], [135.01903805, 34.64398], [135.01899277, 34.64387], [135.01899222, 34.64386833], [135.01891389, 34.64372583], [135.01883, 34.64357278], [135.01873111, 34.6433925], [135.01861111, 34.64325], [135.0167372, 34.64346622], [135.01138889, 34.64408333], [135.00789859, 34.64374556], [135.00578355, 34.64354088], [135.00377415, 34.64334642], [135.00277778, 34.64325], [135.00276996, 34.64365863], [135.00201583, 34.643677], [134.99940992, 34.64369542], [134.99760502, 34.64373835], [134.99515396, 34.64387697], [134.99527778, 34.64408333], [134.99499211, 34.64408333], [134.99361111, 34.64408333], [134.99343557, 34.64390779], [134.99277778, 34.64325], [134.99194444, 34.64352778], [134.99058823, 34.64307571], [134.99047069, 34.64293947], [134.99019999, 34.64252038], [134.99027778, 34.64241667], [134.98972222, 34.64186111], [134.98953269, 34.64205065], [134.98944444, 34.64213889], [134.98894253, 34.64201341], [134.98833333, 34.64186111], [134.98805556, 34.64130556], [134.98722222, 34.64158333], [134.98694444, 34.64130556], [134.98666667, 34.64158333], [134.98555556, 34.64158333], [134.98555556, 34.64130556], [134.985, 34.64130556], [134.98527778, 34.64158333], [134.98511992, 34.64159461], [134.98154031, 34.6418503], [134.98138889, 34.64186111], [134.98147455, 34.64168978], [134.98118272, 34.6417179], [134.97866659, 34.64196028], [134.97639068, 34.64214776], [134.97551715, 34.64224097], [134.97514399, 34.64234266], [134.97442187, 34.64272545], [134.97321033, 34.64342758], [134.97272843, 34.64370686], [134.97277778, 34.64380556], [134.97142466, 34.64457036], [134.97004491, 34.64535022], [134.96933439, 34.64575182], [134.96932289, 34.64575832], [134.96635027, 34.64743849], [134.96619206, 34.64743097], [134.96593133, 34.64732492], [134.96581989, 34.64731509], [134.9657445, 34.64735766], [134.96568223, 34.64747556], [134.96548837, 34.64801383], [134.96531138, 34.64829219], [134.9649697, 34.6485814], [134.96462226, 34.64877462], [134.96327207, 34.64918714], [134.96290288, 34.64934945], [134.96222222, 34.64991667], [134.96174929, 34.6501382], [134.95979847, 34.651052], [134.96141503, 34.65167853], [134.96081846, 34.65251602], [134.96168098, 34.65302599], [134.96118629, 34.65363293], [134.96239256, 34.6537704], [134.96285022, 34.65390758], [134.96325296, 34.65406305], [134.96362366, 34.65432827], [134.96377798, 34.65450368], [134.96373948, 34.65528267], [134.96325822, 34.65524099], [134.96321524, 34.65614895], [134.9630965, 34.65722538], [134.96368231, 34.65734413], [134.96316737, 34.65790555], [134.96309492, 34.65802771], [134.96280061, 34.65938671], [134.96389926, 34.66061508], [134.96458859, 34.66134937], [134.96221201, 34.66316831], [134.96324885, 34.66406767], [134.96429653, 34.66352579], [134.96443652, 34.66346424], [134.96466612, 34.66341948], [134.96489145, 34.66344075], [134.96608866, 34.66450125], [134.96633114, 34.66464993], [134.9664182, 34.66469964], [134.9665094, 34.66476177], [134.9666006, 34.66484047], [134.96671713, 34.665082], [134.96684565, 34.66523526], [134.96704878, 34.66538852], [134.96782518, 34.66600071], [134.9685189, 34.66677723], [134.97001392, 34.66837187], [134.9710175, 34.66647486], [134.97179923, 34.66536216], [134.97250106, 34.66445467], [134.97306328, 34.66394878], [134.97336357, 34.6637866], [134.97379063, 34.66359548], [134.97483761, 34.66329544], [134.97473143, 34.66243082], [134.97466506, 34.6623696], [134.97455784, 34.6623645], [134.97335255, 34.66257295], [134.9725969, 34.66226686], [134.97305402, 34.66068742], [134.97311826, 34.66025097], [134.97307971, 34.66004557], [134.97303474, 34.65996855], [134.9725399, 34.65966229], [134.97241993, 34.65963075], [134.972341, 34.65964967], [134.97221156, 34.65972223], [134.9714376, 34.66035664], [134.97091623, 34.66069076], [134.97082884, 34.66073442], [134.97073351, 34.66073045], [134.97063817, 34.66070663], [134.9698626, 34.66006276], [134.96884967, 34.66048744], [134.96837203, 34.65985898], [134.97023712, 34.65862354], [134.97122183, 34.65808658], [134.97151171, 34.65790681], [134.97166664, 34.65772205], [134.97182157, 34.65739746], [134.97194506, 34.65707641], [134.9719819, 34.65705677], [134.97202857, 34.65705923], [134.97208261, 34.65709113], [134.97294887, 34.6580202], [134.9737102, 34.65717051], [134.97404299, 34.65695438], [134.97450335, 34.65677704], [134.97559004, 34.65649122], [134.97489077, 34.65553539], [134.97772044, 34.65373931], [134.97851572, 34.65320452], [134.97858709, 34.65319264], [134.97863942, 34.65322116], [134.97868224, 34.65329009], [134.97978302, 34.65650791], [134.98012399, 34.6574038], [134.98021792, 34.65755737], [134.98029477, 34.65762136], [134.98039723, 34.65761282], [134.98220097, 34.6570923], [134.98281255, 34.65695343], [134.98296553, 34.65693227], [134.98304555, 34.65694638], [134.98311852, 34.65699106], [134.98330623, 34.65734581], [134.98337376, 34.65742026], [134.98355772, 34.65748075], [134.98385112, 34.65750169], [134.98395358, 34.65747842], [134.98399549, 34.65742491], [134.98404672, 34.65711081], [134.98410494, 34.65703171], [134.98418644, 34.65700611], [134.9846391, 34.65703426], [134.98473923, 34.65707614], [134.98485333, 34.65721341], [134.98507751, 34.65743933], [134.98536365, 34.65756441], [134.98608495, 34.65770141], [134.98608772, 34.65770177], [134.98625334, 34.65752861], [134.98630222, 34.6574775], [134.98648305, 34.65740917], [134.9865534, 34.6574072], [134.98681166, 34.6574], [134.98690278, 34.6573975], [134.98693166, 34.65739667], [134.98759527, 34.65755861], [134.98763389, 34.65757056], [134.98804139, 34.65769583], [134.98821945, 34.65775056], [134.98827416, 34.6577675], [134.98889222, 34.6579575], [134.98894028, 34.65795139], [134.98908639, 34.65793278], [134.98938389, 34.65774944], [134.98944389, 34.6577125], [134.98950111, 34.65767722], [134.98958777, 34.65767917], [134.98978778, 34.65768333], [134.99063945, 34.65760861], [134.99089584, 34.65763973], [134.99134834, 34.65776444], [134.991635, 34.65782056], [134.99183861, 34.65782667], [134.99236084, 34.65757722], [134.99251916, 34.65759], [134.99265472, 34.65763333], [134.993145, 34.65786417], [134.9935975, 34.6579825], [134.99397416, 34.65805111], [134.9943225, 34.658095], [134.99441916, 34.65810722], [134.99457, 34.65815083], [134.99485639, 34.65833167], [134.99523305, 34.65851223], [134.99554509, 34.65866185], [134.99570111, 34.65873667], [134.99601028, 34.6589425], [134.99629666, 34.65902973], [134.99633675, 34.65903064], [134.99657584, 34.65903611], [134.99684723, 34.65899222], [134.99701195, 34.65892194], [134.99709445, 34.65888528], [134.99715834, 34.65887778], [134.99723361, 34.65888167], [134.99727305, 34.65888639], [134.99731945, 34.65886639], [134.99736714, 34.65875225], [134.99737528, 34.65873277], [134.99748972, 34.65861778], [134.99770834, 34.65850694], [134.99794666, 34.65839611], [134.99802611, 34.6583425], [134.99816028, 34.65811667], [134.99817972, 34.65809438]]]}}, {"type": "Feature", "id": "did-1960-35", "properties": {"A16_001": "280081", "A16_002": "00288", "A16_003": "垂水区", "A16_004": "1", "A16_005": "61564", "A16_006": "6.6", "A16_007": "0", "A16_008": "0.0", "A16_009": "55.4", "A16_010": "3.86", "A16_011": "1960", "year": 1960, "population": 61564.0, "areaKm2": 6.6, "density": 9327.878787878788}, "geometry": {"type": "Polygon", "coordinates": [[[135.09302501, 34.63524362], [135.09426826, 34.63530137], [135.09410081, 34.63462242], [135.09378075, 34.63332479], [135.09367995, 34.63307299], [135.09358474, 34.63294429], [135.09336073, 34.63279321], [135.09283991, 34.63266451], [135.09138047, 34.63247286], [135.09074204, 34.63246167], [135.09031082, 34.63251763], [135.08985159, 34.63265192], [135.08906474, 34.63280884], [135.08843191, 34.63283122], [135.08653667, 34.63274051], [135.08616705, 34.63267336], [135.08593184, 34.63253906], [135.08549959, 34.6322646], [135.08488916, 34.63206876], [135.08390351, 34.63186732], [135.08191727, 34.63150818], [135.07904163, 34.6310032], [135.07568388, 34.63036995], [135.07425792, 34.63001997], [135.07326137, 34.62977538], [135.07139414, 34.62919804], [135.06955997, 34.62882773], [135.06731425, 34.62846401], [135.06485201, 34.62823424], [135.0640929, 34.62817632], [135.06394763, 34.62813709], [135.06388874, 34.62807825], [135.06377488, 34.62785073], [135.06369244, 34.6277762], [135.06350006, 34.62768989], [135.06261186, 34.62763084], [135.06254511, 34.62766615], [135.06252548, 34.62772107], [135.06250978, 34.62785837], [135.06246267, 34.6278819], [135.06229777, 34.62787798], [135.06105432, 34.6275002], [135.06079127, 34.62734721], [135.06021806, 34.62697455], [135.05973288, 34.62675817], [135.05921027, 34.62668671], [135.05916667, 34.62686111], [135.05805556, 34.62686111], [135.05791857, 34.62665564], [135.0575, 34.62602778], [135.05722222, 34.62602778], [135.05722222, 34.62666712], [135.05722222, 34.62686111], [135.05472222, 34.62686111], [135.05472222, 34.62671675], [135.05472222, 34.62630556], [135.05388889, 34.62630556], [135.05366516, 34.62675302], [135.05361111, 34.62686111], [135.05224399, 34.62686111], [135.05166667, 34.62686111], [135.05166667, 34.62694924], [135.05166667, 34.62713889], [135.04694444, 34.62769444], [135.04055556, 34.62825], [135.03898981, 34.62898682], [135.03583333, 34.63047222], [135.03178458, 34.63362125], [135.0305621, 34.63457207], [135.02833333, 34.63630556], [135.02638889, 34.63769444], [135.02638889, 34.63741667], [135.02533308, 34.63873643], [135.02533308, 34.63987881], [135.02537614, 34.64037593], [135.02576824, 34.64205185], [135.02632751, 34.64356981], [135.02648179, 34.64410229], [135.02647802, 34.64433533], [135.02643262, 34.64464501], [135.02634985, 34.64499834], [135.02622947, 34.64509982], [135.02610157, 34.64515245], [135.02593228, 34.64516372], [135.02505296, 34.64509344], [135.02490249, 34.64513479], [135.02468806, 34.64525131], [135.02399158, 34.64588819], [135.02393139, 34.64601223], [135.02378022, 34.64706597], [135.02378813, 34.64714766], [135.02383824, 34.6472188], [135.02389362, 34.64724515], [135.02400175, 34.64723988], [135.02432781, 34.64710464], [135.0260136, 34.64647165], [135.02614784, 34.6464493], [135.02631724, 34.64645568], [135.02642591, 34.64651636], [135.02739222, 34.64723574], [135.02744336, 34.64724532], [135.02752007, 34.64722616], [135.02863653, 34.64649683], [135.02863973, 34.6464585], [135.02862375, 34.64640421], [135.02798424, 34.646132], [135.02935255, 34.64541195], [135.02994391, 34.6450869], [135.02912641, 34.64417332], [135.02912641, 34.64414351], [135.02915625, 34.64408885], [135.0296942, 34.64375063], [135.0297688, 34.64374567], [135.02986329, 34.64377051], [135.03056536, 34.64444699], [135.03065239, 34.64448426], [135.03074937, 34.64448426], [135.03119288, 34.64431293], [135.031357, 34.64428311], [135.03150869, 34.64429554], [135.0318046, 34.64438498], [135.03198116, 34.64447691], [135.03208311, 34.64450176], [135.03225718, 34.6445266], [135.03310924, 34.64456383], [135.03398455, 34.64458868], [135.03513977, 34.64462099], [135.03613081, 34.64461121], [135.03612163, 34.64346532], [135.03489373, 34.64349034], [135.03372834, 34.64358485], [135.03365376, 34.64358047], [135.03362086, 34.64355636], [135.03360331, 34.64351253], [135.03361647, 34.64344897], [135.03409983, 34.64302449], [135.03492805, 34.64246345], [135.03564259, 34.64208679], [135.03614444, 34.64187991], [135.03683579, 34.6417116], [135.03845403, 34.64138882], [135.04066819, 34.64114425], [135.04075479, 34.64110492], [135.04081384, 34.64102232], [135.04091592, 34.64087853], [135.04097387, 34.64085647], [135.04172262, 34.64085424], [135.04178057, 34.64088733], [135.04181369, 34.64094799], [135.04203161, 34.64173427], [135.0462327, 34.64134676], [135.0474746, 34.64120709], [135.04794628, 34.64111024], [135.04802418, 34.64104409], [135.04804365, 34.64092735], [135.04793846, 34.64019767], [135.04779047, 34.63971903], [135.04765026, 34.63943496], [135.0473376, 34.63909074], [135.04716234, 34.63897789], [135.04698319, 34.6389273], [135.04580472, 34.63873381], [135.04573919, 34.6386847], [135.04572827, 34.63862196], [135.04575012, 34.63856739], [135.04735407, 34.63825159], [135.04919253, 34.63775405], [135.0492691, 34.63774487], [135.04933953, 34.63775711], [135.04964317, 34.63832767], [135.04977508, 34.63851439], [135.05023367, 34.63884374], [135.0502958, 34.63891662], [135.05032822, 34.63899759], [135.05017599, 34.64059364], [135.05017115, 34.64074865], [135.05022447, 34.6409521], [135.05053507, 34.64167257], [135.05056416, 34.64187117], [135.05062921, 34.64236622], [135.05067925, 34.64243049], [135.05078647, 34.64246859], [135.051609, 34.64271876], [135.0516638, 34.64270685], [135.05168286, 34.642664], [135.05140157, 34.64011895], [135.0513801, 34.63886061], [135.05292461, 34.63965724], [135.05396708, 34.64029979], [135.0547794, 34.64109113], [135.05553906, 34.64204184], [135.05609415, 34.64298199], [135.05658259, 34.64402748], [135.05677336, 34.64464735], [135.06058984, 34.64364717], [135.06223419, 34.64323975], [135.06223838, 34.64369563], [135.06439591, 34.64304235], [135.06442883, 34.64300946], [135.06443088, 34.64294574], [135.06440002, 34.64283269], [135.06393993, 34.64215821], [135.06367134, 34.64187932], [135.06292294, 34.64128809], [135.06273334, 34.6410776], [135.06247781, 34.64069088], [135.06245969, 34.64063399], [135.06247264, 34.64057709], [135.06251923, 34.64052536], [135.06527396, 34.64028063], [135.06508163, 34.63826037], [135.06500261, 34.63806538], [135.06489303, 34.63794494], [135.06448712, 34.63763737], [135.06441772, 34.63755343], [135.06437023, 34.63744393], [135.06423486, 34.63708147], [135.06417276, 34.63696102], [135.06408874, 34.63686978], [135.06376687, 34.63660234], [135.06372668, 34.63653664], [135.06370842, 34.63643445], [135.06388048, 34.63530923], [135.06390605, 34.63518879], [135.06398277, 34.63516324], [135.0648643, 34.63533812], [135.06511635, 34.63536002], [135.06604499, 34.63534153], [135.0661217, 34.63534518], [135.06616554, 34.63531599], [135.06618015, 34.63527219], [135.06616189, 34.63515539], [135.06605238, 34.63494687], [135.06605238, 34.63486293], [135.06609986, 34.63482278], [135.06694834, 34.63479293], [135.06711637, 34.63478928], [135.06732459, 34.63473088], [135.06800836, 34.63436255], [135.06808775, 34.63437023], [135.06811592, 34.63440605], [135.06814937, 34.63538551], [135.06816576, 34.63550424], [135.06822312, 34.6355984], [135.06851443, 34.6359523], [135.06852262, 34.63602189], [135.06848984, 34.63609149], [135.06733782, 34.63684611], [135.06731324, 34.63689933], [135.06732553, 34.63698121], [135.06749762, 34.6371941], [135.06756728, 34.63720638], [135.06765332, 34.63717772], [135.06865439, 34.63659635], [135.06874863, 34.63660044], [135.06884287, 34.63663729], [135.06900676, 34.63685427], [135.0691051, 34.63695252], [135.06925671, 34.63703031], [135.06964086, 34.63708731], [135.0697053, 34.63711347], [135.06973349, 34.63717786], [135.06978768, 34.63822819], [135.06982062, 34.63826869], [135.06993717, 34.63827122], [135.07029801, 34.63816952], [135.07044497, 34.63810117], [135.07082293, 34.63796929], [135.0710839, 34.63792625], [135.0713029, 34.6379117], [135.07134553, 34.63789395], [135.07137217, 34.63782651], [135.07138288, 34.637512], [135.0714042, 34.6374694], [135.07148768, 34.63741616], [135.0716725, 34.63734292], [135.07170092, 34.63731452], [135.07170092, 34.63727548], [135.0716725, 34.63721691], [135.07121331, 34.63683404], [135.07118773, 34.63675169], [135.0711991, 34.63663526], [135.07127888, 34.63652412], [135.07135277, 34.63650424], [135.07230019, 34.63664042], [135.07237977, 34.63661202], [135.07242808, 34.63653251], [135.07247383, 34.63622246], [135.07252783, 34.63617987], [135.07260741, 34.63615999], [135.0739759, 34.63600059], [135.07424305, 34.63603751], [135.07461535, 34.6361227], [135.07503155, 34.63625486], [135.07521912, 34.6363798], [135.07556301, 34.63680574], [135.07562553, 34.63683414], [135.07569658, 34.63683414], [135.07574774, 34.63678586], [135.07595285, 34.6358592], [135.07602958, 34.6357371], [135.07615463, 34.63564623], [135.07638857, 34.63561182], [135.0768081, 34.63566544], [135.07700575, 34.63572596], [135.07740423, 34.63588203], [135.07759231, 34.63592025], [135.0779286, 34.6359044], [135.0780593, 34.63586618], [135.07812305, 34.63586299], [135.07817406, 34.63587892], [135.07823144, 34.63592669], [135.07828882, 34.63614965], [135.07833345, 34.63618469], [135.07840677, 34.63619425], [135.07928421, 34.63607437], [135.07936072, 34.63609666], [135.07938303, 34.63616355], [135.07940216, 34.63672414], [135.07943404, 34.63679421], [135.07947548, 34.63680695], [135.07954561, 34.63678784], [135.0802226, 34.6363234], [135.08029273, 34.63632977], [135.08033099, 34.63637436], [135.08042026, 34.63707937], [135.08042026, 34.63724181], [135.08040432, 34.63731189], [135.07977587, 34.63785152], [135.07936109, 34.63825384], [135.07933559, 34.63833347], [135.07935471, 34.63840354], [135.08070558, 34.64010626], [135.08081387, 34.64041484], [135.08081387, 34.64058315], [135.08076173, 34.64075948], [135.08040415, 34.64116247], [135.08033195, 34.64131075], [135.08033195, 34.64144701], [135.0803881, 34.64165539], [135.08059174, 34.64232794], [135.08065923, 34.64236727], [135.08073515, 34.64237008], [135.08126172, 34.64217892], [135.08135451, 34.6421705], [135.0815654, 34.64222107], [135.08171724, 34.64225197], [135.08179034, 34.64223511], [135.08182409, 34.64219297], [135.08193241, 34.6413502], [135.0819729, 34.64129177], [135.08210337, 34.64116141], [135.08275025, 34.64061384], [135.08283225, 34.64051615], [135.08284171, 34.6403838], [135.08278494, 34.64018526], [135.0823967, 34.6395218], [135.08232416, 34.63932957], [135.08228939, 34.63892792], [135.08228939, 34.63852455], [135.0823269, 34.63798695], [135.08230478, 34.63791846], [135.08226941, 34.63786544], [135.08164548, 34.63744023], [135.0816101, 34.63737837], [135.08161453, 34.63730546], [135.08178714, 34.63680972], [135.081838, 34.63676553], [135.08191539, 34.63675669], [135.08195961, 34.63675669], [135.08359282, 34.63757672], [135.08369451, 34.63758415], [135.08377635, 34.63757176], [135.0838954, 34.63748007], [135.08431381, 34.63718708], [135.08441798, 34.63713999], [135.0845519, 34.63709539], [135.08481232, 34.63703839], [135.08493385, 34.63696653], [135.0850405, 34.63682032], [135.08535258, 34.63621502], [135.08537484, 34.63610383], [135.08537484, 34.63594818], [135.08525467, 34.63546222], [135.08525022, 34.63533324], [135.08529473, 34.63521316], [135.08561641, 34.6349634], [135.08570098, 34.63492782], [135.08592799, 34.63489669], [135.08923306, 34.63513243], [135.09101138, 34.63515009], [135.09302501, 34.63524362]]]}}, {"type": "Feature", "id": "did-1960-36", "properties": {"A16_001": "280301", "A16_002": "02830", "A16_003": "淡路町", "A16_004": "1", "A16_005": "5423", "A16_006": "0.4", "A16_007": "0", "A16_008": "0.0", "A16_009": "26.7", "A16_010": "1.06", "A16_011": "1960", "year": 1960, "population": 5423.0, "areaKm2": 0.4, "density": 13557.5}, "geometry": {"type": "Polygon", "coordinates": [[[135.01478787, 34.59334765], [135.01694444, 34.59047222], [135.01833333, 34.58991667], [135.01916667, 34.58963889], [135.02111111, 34.59075], [135.02138889, 34.59047222], [135.02083333, 34.58991667], [135.0225, 34.58797222], [135.02305556, 34.58797222], [135.02361111, 34.58769444], [135.0225, 34.58658333], [135.02276535, 34.58446054], [135.02125184, 34.58509034], [135.02092503, 34.58525669], [135.02061671, 34.58534295], [135.01992249, 34.58539557], [135.01957101, 34.58542946], [135.01914555, 34.58555822], [135.01873215, 34.58579111], [135.01813844, 34.58624811], [135.01749453, 34.58682071], [135.01783333, 34.58720006], [135.01785532, 34.58729234], [135.01785532, 34.58740659], [135.01759584, 34.58776251], [135.01703193, 34.58805455], [135.01723127, 34.58830384], [135.0172347, 34.58836048], [135.01722783, 34.58839138], [135.01695631, 34.58858619], [135.0168829, 34.58858968], [135.01681649, 34.58856524], [135.01625619, 34.58752386], [135.01507015, 34.58882144], [135.01484644, 34.58910783], [135.01460147, 34.58953415], [135.01446384, 34.58980918], [135.014339, 34.59001775], [135.01426909, 34.59011597], [135.01413146, 34.5902404], [135.01408558, 34.59031679], [135.01407029, 34.59038009], [135.01408623, 34.59057633], [135.01412338, 34.59062583], [135.01465123, 34.59075269], [135.01468838, 34.59078733], [135.01469581, 34.59083188], [135.014676, 34.5908888], [135.0140661, 34.5914171], [135.0129457, 34.59144446], [135.01237624, 34.59176168], [135.01285847, 34.59187285], [135.01370749, 34.59219967], [135.01378991, 34.59226111], [135.01381739, 34.59230555], [135.01382794, 34.59246137], [135.01381224, 34.59250059], [135.01378607, 34.59251366], [135.01351857, 34.59257735], [135.01345734, 34.59262789], [135.01345734, 34.59267044], [135.01348396, 34.59270502], [135.01478787, 34.59334765]]]}}]}