{"type": "FeatureCollection", "features": [{"type": "Feature", "id": "did-1990-0", "properties": {"A16_001": "281011", "A16_002": "28101", "A16_003": "神戸市東灘区", "A16_004": "1", "A16_005": "190159", "A16_006": "22.80", "A16_007": "183099", "A16_008": "22.70", "A16_009": "99.90", "A16_010": "78.60", "A16_011": "1990", "year": 1990, "population": 190159.0, "areaKm2": 22.8, "density": 8340.307017543859}, "geometry": {"type": "Polygon", "coordinates": [[[135.246844, 34.732735], [135.24696, 34.732867], [135.246984, 34.732919], [135.246994, 34.73294], [135.247103, 34.733176], [135.247211, 34.733665], [135.247317, 34.733918], [135.247456, 34.734064], [135.247605, 34.734278], [135.247661, 34.734346], [135.247763, 34.734463], [135.247805, 34.734534], [135.247805, 34.734608], [135.247732, 34.734715], [135.247683, 34.734834], [135.247704, 34.734875], [135.247881, 34.73497], [135.247987, 34.73505], [135.248076, 34.735167], [135.248116, 34.735265], [135.248123, 34.735493], [135.248119, 34.735699], [135.248074, 34.735785], [135.24798, 34.7358], [135.247909, 34.735791], [135.247817, 34.735798], [135.247709, 34.73588], [135.247665, 34.735925], [135.247539, 34.736059], [135.247419, 34.736199], [135.247407, 34.736304], [135.247439, 34.736393], [135.247488, 34.736521], [135.247454, 34.736703], [135.247386, 34.736814], [135.247283, 34.736899], [135.24724, 34.736926], [135.247211, 34.736945], [135.246221, 34.737497], [135.246037, 34.7376], [135.245514, 34.737928], [135.245276, 34.738137], [135.245133, 34.738325], [135.245054, 34.738491], [135.244948, 34.738844], [135.244821, 34.739254], [135.244789, 34.739433], [135.244805, 34.739682], [135.244807, 34.739691], [135.244868, 34.73994], [135.245006, 34.740348], [135.245365, 34.741148], [135.245741, 34.741886], [135.246498, 34.742117], [135.246788, 34.742213], [135.246989, 34.742248], [135.247079, 34.74224], [135.247211, 34.742187], [135.247236, 34.742184], [135.247251, 34.742194], [135.247385, 34.742292], [135.247506, 34.742417], [135.247621, 34.742581], [135.247898, 34.742663], [135.247954, 34.74268], [135.248121, 34.742723], [135.248411, 34.742726], [135.24848, 34.742727], [135.248502, 34.742719], [135.248829, 34.742598], [135.248875, 34.742548], [135.249027, 34.742383], [135.249209, 34.742156], [135.249443, 34.741996], [135.249844, 34.741902], [135.250443, 34.741829], [135.251046, 34.74185], [135.251239, 34.741859], [135.251453, 34.741945], [135.251937, 34.742088], [135.252434, 34.742295], [135.252824, 34.742487], [135.253078, 34.742711], [135.253166, 34.742911], [135.253205, 34.743055], [135.253351, 34.743087], [135.253631, 34.743086], [135.253752, 34.743022], [135.253851, 34.742817], [135.254411, 34.742378], [135.254439, 34.741819], [135.254704, 34.741527], [135.254942, 34.74211], [135.259372, 34.742128], [135.259781, 34.740766], [135.259777, 34.73938], [135.259538, 34.738626], [135.258354, 34.737801], [135.258175, 34.737194], [135.258469, 34.736901], [135.25959, 34.736511], [135.260385, 34.73578], [135.260265, 34.735172], [135.25979, 34.734492], [135.259698, 34.733593], [135.259814, 34.732936], [135.259547, 34.732402], [135.260255, 34.732157], [135.260493, 34.732716], [135.260346, 34.73296], [135.260524, 34.733324], [135.26141, 34.733128], [135.261763, 34.73286], [135.262708, 34.73281], [135.263296, 34.73208], [135.264093, 34.73169], [135.263589, 34.731301], [135.263558, 34.730718], [135.264474, 34.73096], [135.265271, 34.730861], [135.265151, 34.730351], [135.266985, 34.731175], [135.268226, 34.731416], [135.268405, 34.731805], [135.268907, 34.731828], [135.268957, 34.732307], [135.269891, 34.732377], [135.269582, 34.732826], [135.269728, 34.732922], [135.27, 34.732834], [135.270565, 34.733017], [135.270662, 34.732833], [135.270944, 34.732824], [135.271013, 34.733209], [135.271101, 34.733232], [135.271188, 34.733192], [135.271184, 34.732749], [135.271224, 34.732287], [135.271486, 34.732062], [135.272274, 34.732042], [135.272159, 34.73282], [135.272262, 34.732918], [135.272146, 34.732983], [135.271894, 34.732766], [135.271686, 34.732724], [135.271538, 34.73304], [135.271665, 34.733135], [135.271452, 34.733528], [135.27121, 34.733737], [135.271172, 34.734017], [135.271269, 34.734081], [135.271347, 34.733985], [135.271434, 34.733817], [135.27155, 34.73376], [135.271745, 34.733768], [135.271891, 34.733808], [135.271998, 34.73396], [135.272136, 34.734595], [135.272634, 34.73484], [135.273014, 34.73516], [135.273532, 34.735736], [135.273696, 34.735407], [135.273792, 34.735062], [135.273995, 34.734582], [135.274142, 34.733935], [135.275113, 34.732986], [135.274903, 34.732183], [135.275556, 34.73241], [135.275787, 34.732304], [135.276025, 34.732396], [135.276497, 34.731986], [135.277708, 34.732057], [135.278626, 34.732518], [135.278628, 34.733126], [135.279224, 34.733115], [135.279515, 34.732995], [135.279875, 34.732994], [135.279905, 34.733178], [135.280713, 34.733249], [135.280721, 34.732921], [135.281519, 34.732999], [135.282182, 34.733383], [135.282465, 34.733438], [135.283457, 34.733381], [135.283681, 34.733581], [135.284477, 34.733651], [135.284485, 34.735742], [135.28552, 34.736129], [135.286284, 34.735034], [135.287822, 34.735736], [135.289271, 34.736147], [135.288329, 34.737024], [135.288622, 34.7372], [135.288924, 34.737264], [135.289275, 34.737266], [135.289306, 34.737655], [135.28969, 34.737678], [135.289664, 34.738627], [135.289371, 34.739235], [135.289444, 34.740147], [135.289133, 34.740203], [135.289141, 34.740639], [135.289306, 34.740683], [135.28944, 34.740789], [135.28944, 34.740948], [135.289472, 34.741058], [135.289584, 34.741071], [135.289792, 34.741031], [135.289984, 34.740956], [135.290155, 34.740904], [135.290315, 34.74089], [135.290389, 34.740855], [135.290443, 34.740723], [135.290432, 34.740428], [135.290502, 34.740141], [135.290566, 34.739925], [135.290678, 34.739701], [135.290753, 34.739533], [135.29079, 34.739317], [135.290784, 34.739154], [135.290736, 34.738974], [135.290704, 34.738762], [135.290692, 34.738659], [135.290692, 34.738659], [135.290688, 34.738621], [135.290801, 34.738463], [135.290829, 34.738415], [135.290864, 34.738357], [135.290879, 34.73833], [135.290939, 34.738223], [135.290988, 34.738136], [135.291169, 34.737814], [135.2912, 34.737761], [135.29143, 34.737373], [135.291622, 34.73706], [135.291676, 34.737044], [135.291884, 34.736981], [135.292101, 34.736913], [135.292268, 34.736861], [135.292361, 34.736832], [135.292673, 34.736734], [135.292551, 34.736391], [135.292503, 34.736223], [135.292294, 34.73595], [135.29214, 34.735791], [135.292294, 34.735655], [135.292436, 34.735487], [135.292471, 34.735444], [135.292554, 34.735346], [135.292591, 34.735303], [135.292636, 34.735249], [135.292865, 34.734976], [135.292892, 34.734936], [135.292786, 34.734848], [135.292636, 34.734725], [135.292471, 34.734527], [135.292433, 34.734386], [135.292442, 34.734317], [135.292466, 34.734134], [135.292545, 34.733874], [135.292604, 34.733681], [135.29262, 34.73339], [135.292657, 34.733383], [135.292736, 34.73337], [135.292775, 34.733363], [135.292806, 34.733358], [135.292988, 34.733328], [135.293228, 34.733324], [135.293474, 34.73339], [135.293644, 34.733022], [135.293666, 34.732976], [135.293739, 34.732844], [135.294119, 34.73216], [135.294409, 34.731639], [135.294472, 34.731526], [135.294541, 34.731323], [135.294602, 34.731147], [135.294649, 34.731012], [135.294663, 34.73097], [135.294685, 34.730905], [135.294987, 34.730981], [135.295143, 34.731019], [135.295204, 34.731035], [135.295996, 34.731234], [135.296142, 34.73127], [135.296471, 34.730433], [135.296531, 34.730279], [135.296388, 34.730261], [135.296174, 34.730235], [135.296025, 34.730151], [135.295584, 34.730084], [135.295389, 34.730054], [135.295514, 34.729781], [135.29556, 34.72968], [135.295673, 34.729495], [135.295688, 34.729439], [135.295718, 34.729335], [135.295774, 34.729133], [135.295954, 34.728771], [135.296073, 34.728534], [135.296126, 34.72838], [135.295987, 34.728331], [135.295859, 34.728287], [135.295912, 34.728172], [135.295955, 34.728076], [135.295827, 34.728027], [135.296104, 34.727443], [135.296201, 34.727239], [135.296456, 34.727308], [135.296524, 34.727326], [135.297324, 34.727544], [135.297478, 34.727586], [135.297552, 34.727606], [135.297807, 34.727675], [135.298234, 34.727873], [135.298394, 34.727939], [135.298495, 34.727785], [135.298549, 34.727741], [135.29865, 34.727759], [135.298799, 34.72782], [135.298959, 34.727886], [135.299045, 34.727904], [135.299056, 34.728014], [135.299002, 34.728159], [135.299301, 34.728314], [135.2996, 34.728441], [135.299717, 34.72819], [135.299845, 34.72801], [135.299889, 34.72793], [135.299947, 34.727825], [135.300075, 34.727679], [135.300188, 34.727426], [135.300285, 34.727206], [135.300327, 34.727112], [135.300364, 34.727028], [135.300406, 34.726935], [135.300407, 34.726933], [135.300535, 34.726728], [135.300644, 34.726555], [135.300721, 34.726432], [135.300738, 34.726399], [135.301068, 34.725766], [135.301084, 34.725734], [135.301105, 34.725695], [135.301136, 34.725635], [135.301394, 34.725029], [135.301468, 34.724855], [135.301474, 34.724841], [135.301631, 34.724471], [135.301674, 34.724369], [135.301825, 34.724015], [135.301974, 34.72357], [135.302013, 34.723469], [135.302202, 34.722984], [135.302224, 34.722926], [135.302417, 34.722429], [135.302459, 34.722276], [135.302472, 34.722231], [135.302519, 34.722063], [135.302716, 34.721398], [135.302894, 34.720829], [135.302907, 34.720786], [135.302961, 34.720613], [135.303081, 34.720287], [135.303197, 34.719972], [135.303394, 34.719437], [135.303388, 34.719287], [135.303426, 34.719165], [135.303464, 34.719078], [135.303534, 34.718921], [135.303576, 34.718826], [135.303581, 34.718814], [135.303581, 34.718814], [135.303499, 34.718855], [135.303325, 34.71892], [135.302382, 34.719138], [135.301757, 34.719239], [135.30162, 34.719277], [135.301483, 34.719352], [135.301396, 34.719441], [135.300551, 34.719596], [135.300567, 34.719479], [135.300629, 34.71903], [135.29904, 34.719276], [135.297832, 34.719464], [135.29445, 34.719508], [135.293067, 34.718976], [135.292976, 34.719119], [135.293158, 34.719205], [135.293058, 34.719393], [135.292841, 34.71933], [135.292646, 34.719641], [135.292834, 34.719722], [135.292762, 34.719851], [135.293181, 34.720017], [135.292801, 34.720628], [135.292446, 34.720502], [135.292666, 34.720148], [135.292433, 34.720064], [135.292073, 34.72064], [135.291928, 34.720594], [135.291799, 34.720538], [135.292252, 34.719802], [135.292586, 34.719197], [135.293135, 34.717932], [135.293074, 34.71774], [135.292747, 34.717618], [135.292456, 34.718131], [135.291316, 34.717717], [135.291521, 34.717286], [135.291235, 34.717168], [135.291589, 34.716499], [135.291865, 34.716592], [135.292026, 34.716267], [135.29178, 34.716169], [135.291924, 34.715865], [135.291687, 34.715379], [135.291558, 34.715403], [135.291355, 34.714978], [135.290922, 34.71512], [135.290946, 34.715164], [135.290952, 34.715174], [135.290021, 34.714833], [135.289484, 34.71499], [135.288926, 34.714811], [135.288614, 34.714752], [135.288194, 34.714737], [135.287208, 34.714631], [135.287266, 34.714298], [135.286863, 34.714228], [135.285466, 34.714042], [135.285505, 34.713714], [135.284136, 34.713528], [135.284154, 34.713222], [135.283136, 34.713082], [135.283204, 34.712706], [135.28283, 34.712836], [135.28213, 34.712483], [135.281978, 34.7124], [135.281834, 34.712321], [135.282187, 34.711871], [135.280799, 34.711054], [135.280988, 34.710802], [135.280201, 34.710409], [135.280056, 34.7106], [135.279746, 34.710436], [135.279869, 34.710244], [135.278059, 34.709344], [135.27651, 34.708573], [135.276041, 34.708363], [135.274481, 34.707838], [135.274392, 34.707999], [135.270956, 34.706804], [135.269431, 34.706244], [135.268855, 34.706411], [135.268415, 34.706878], [135.268373, 34.706937], [135.268188, 34.706959], [135.267997, 34.706983], [135.267806, 34.706634], [135.264319, 34.707283], [135.264397, 34.707633], [135.264126, 34.707686], [135.26408, 34.707471], [135.263928, 34.707486], [135.263839, 34.707121], [135.263012, 34.707274], [135.261251, 34.707602], [135.260971, 34.707634], [135.259112, 34.707762], [135.257576, 34.70787], [135.257361, 34.70809], [135.257221, 34.708096], [135.257221, 34.708186], [135.257111, 34.708191], [135.257105, 34.708468], [135.256793, 34.708478], [135.256796, 34.708099], [135.255429, 34.708144], [135.254395, 34.708182], [135.25384, 34.708182], [135.253039, 34.708142], [135.252989, 34.708101], [135.252927, 34.708099], [135.252871, 34.708129], [135.252824, 34.70811], [135.252745, 34.708109], [135.252693, 34.708145], [135.252097, 34.708169], [135.25171, 34.708162], [135.251558, 34.708176], [135.251421, 34.708183], [135.250301, 34.708199], [135.250306, 34.708063], [135.250306, 34.708063], [135.250075, 34.708069], [135.247629, 34.708137], [135.247212, 34.708149], [135.247136, 34.708151], [135.246438, 34.708173], [135.245983, 34.708198], [135.2458, 34.708209], [135.24578, 34.70821], [135.245536, 34.70819], [135.245184, 34.708161], [135.245128, 34.708157], [135.245042, 34.708289], [135.24493, 34.70846], [135.244905, 34.708499], [135.244847, 34.708588], [135.244774, 34.7087], [135.244694, 34.708877], [135.244494, 34.709316], [135.244479, 34.709351], [135.244199, 34.709967], [135.244077, 34.709947], [135.243943, 34.710228], [135.243885, 34.71035], [135.243722, 34.710692], [135.243532, 34.711091], [135.243445, 34.711274], [135.243418, 34.711331], [135.243348, 34.711479], [135.243276, 34.71163], [135.243254, 34.711675], [135.243165, 34.711863], [135.243104, 34.71199], [135.24325, 34.712034], [135.243664, 34.712158], [135.244167, 34.712309], [135.244245, 34.712333], [135.244399, 34.712379], [135.244842, 34.712512], [135.245334, 34.712659], [135.24539, 34.712676], [135.245793, 34.712797], [135.246421, 34.712989], [135.246566, 34.713034], [135.247212, 34.713231], [135.247456, 34.713309], [135.247575, 34.713345], [135.247624, 34.713359], [135.247888, 34.713438], [135.248367, 34.713653], [135.248571, 34.713767], [135.24861, 34.713788], [135.248846, 34.71392], [135.248982, 34.713977], [135.249014, 34.71399], [135.249284, 34.714103], [135.249406, 34.714154], [135.249561, 34.714219], [135.249611, 34.714239], [135.249658, 34.714259], [135.249522, 34.714737], [135.249507, 34.714787], [135.249481, 34.714878], [135.249327, 34.715533], [135.249283, 34.715719], [135.249263, 34.715809], [135.249168, 34.716238], [135.249018, 34.716918], [135.24894, 34.717176], [135.248742, 34.717614], [135.248628, 34.717751], [135.248497, 34.717907], [135.248143, 34.718418], [135.24795, 34.718741], [135.247885, 34.719058], [135.247831, 34.719325], [135.247581, 34.719854], [135.247292, 34.720148], [135.247211, 34.720231], [135.247101, 34.720336], [135.24701, 34.720411], [135.246931, 34.720476], [135.246799, 34.720609], [135.246624, 34.720889], [135.246483, 34.7212], [135.246404, 34.721306], [135.24635, 34.721379], [135.246246, 34.721523], [135.246157, 34.721703], [135.246072, 34.721812], [135.246066, 34.721816], [135.245898, 34.721935], [135.245845, 34.721972], [135.245038, 34.722547], [135.244525, 34.72291], [135.244141, 34.723182], [135.243273, 34.723798], [135.243265, 34.723811], [135.243141, 34.724024], [135.243093, 34.724207], [135.24307, 34.724736], [135.24307, 34.725023], [135.24307, 34.72504], [135.243051, 34.725305], [135.24301, 34.725414], [135.24298, 34.725492], [135.242973, 34.725505], [135.242862, 34.725699], [135.242711, 34.725921], [135.242699, 34.725933], [135.242551, 34.726088], [135.242513, 34.726229], [135.242512, 34.726241], [135.242508, 34.726334], [135.242574, 34.726521], [135.24263, 34.726596], [135.242739, 34.726743], [135.242839, 34.726863], [135.242867, 34.727019], [135.242858, 34.727128], [135.242806, 34.727397], [135.242806, 34.727474], [135.242806, 34.727557], [135.24281, 34.727779], [135.242787, 34.727896], [135.242763, 34.728013], [135.242754, 34.728208], [135.242721, 34.728631], [135.242712, 34.728801], [135.242689, 34.729274], [135.242688, 34.729302], [135.242654, 34.729649], [135.242636, 34.730101], [135.242639, 34.730604], [135.24264, 34.730704], [135.242622, 34.731144], [135.242617, 34.731261], [135.242596, 34.731497], [135.242588, 34.731582], [135.242584, 34.731635], [135.242858, 34.731623], [135.243306, 34.731616], [135.243603, 34.731592], [135.243778, 34.731619], [135.244273, 34.73169], [135.244509, 34.731725], [135.244608, 34.731779], [135.244691, 34.731884], [135.244712, 34.731912], [135.244854, 34.732037], [135.244972, 34.732079], [135.245614, 34.732119], [135.24609, 34.732181], [135.24626, 34.732278], [135.246359, 34.732395], [135.246517, 34.732518], [135.246831, 34.73272], [135.246844, 34.732735]]]}}, {"type": "Feature", "id": "did-1990-1", "properties": {"A16_001": "281011", "A16_002": "28101", "A16_003": "神戸市東灘区", "A16_004": "1", "A16_005": "190159", "A16_006": "22.80", "A16_007": "183099", "A16_008": "22.70", "A16_009": "99.90", "A16_010": "78.60", "A16_011": "1990", "year": 1990, "population": 190159.0, "areaKm2": 22.8, "density": 8340.307017543859}, "geometry": {"type": "Polygon", "coordinates": [[[135.294831, 34.704483], [135.297055, 34.704722], [135.297084, 34.704483], [135.29486, 34.704237], [135.294831, 34.704483]]]}}, {"type": "Feature", "id": "did-1990-2", "properties": {"A16_001": "281011", "A16_002": "28101", "A16_003": "神戸市東灘区", "A16_004": "1", "A16_005": "190159", "A16_006": "22.80", "A16_007": "183099", "A16_008": "22.70", "A16_009": "99.90", "A16_010": "78.60", "A16_011": "1990", "year": 1990, "population": 190159.0, "areaKm2": 22.8, "density": 8340.307017543859}, "geometry": {"type": "Polygon", "coordinates": [[[135.302835, 34.7056], [135.293752, 34.704643], [135.293438, 34.704791], [135.29325, 34.706052], [135.29269, 34.70981], [135.29239, 34.709753], [135.29222, 34.71025], [135.292413, 34.710311], [135.292598, 34.71033], [135.292591, 34.710432], [135.292348, 34.712052], [135.293307, 34.714332], [135.293471, 34.71472], [135.29524, 34.715476], [135.294441, 34.716794], [135.29397, 34.717555], [135.293938, 34.718283], [135.294571, 34.718556], [135.296951, 34.718529], [135.298291, 34.717634], [135.298446, 34.717531], [135.303301, 34.716779], [135.303734, 34.711959], [135.304311, 34.705999], [135.304029, 34.705726], [135.302835, 34.7056]]]}}, {"type": "Feature", "id": "did-1990-3", "properties": {"A16_001": "281011", "A16_002": "28101", "A16_003": "神戸市東灘区", "A16_004": "1", "A16_005": "190159", "A16_006": "22.80", "A16_007": "183099", "A16_008": "22.70", "A16_009": "99.90", "A16_010": "78.60", "A16_011": "1990", "year": 1990, "population": 190159.0, "areaKm2": 22.8, "density": 8340.307017543859}, "geometry": {"type": "Polygon", "coordinates": [[[135.265176, 34.6791], [135.254701, 34.677939], [135.254633, 34.678352], [135.253155, 34.687287], [135.252169, 34.693243], [135.252285, 34.693318], [135.255509, 34.694523], [135.264128, 34.697747], [135.264804, 34.696571], [135.265287, 34.695731], [135.27241, 34.696505], [135.272868, 34.698717], [135.276008, 34.698274], [135.277327, 34.698097], [135.281393, 34.697548], [135.281404, 34.697274], [135.283229, 34.697318], [135.283258, 34.697037], [135.285822, 34.697061], [135.285834, 34.697053], [135.285871, 34.696729], [135.287344, 34.69676], [135.288085, 34.696776], [135.289056, 34.690876], [135.286083, 34.691325], [135.278328, 34.692497], [135.278778, 34.689924], [135.278838, 34.689582], [135.289309, 34.687961], [135.289446, 34.687939], [135.290561, 34.681913], [135.28714, 34.681534], [135.276158, 34.680317], [135.265176, 34.6791]]]}}, {"type": "Feature", "id": "did-1990-4", "properties": {"A16_001": "281011", "A16_002": "28101", "A16_003": "神戸市東灘区", "A16_004": "1", "A16_005": "190159", "A16_006": "22.80", "A16_007": "183099", "A16_008": "22.70", "A16_009": "99.90", "A16_010": "78.60", "A16_011": "1990", "year": 1990, "population": 190159.0, "areaKm2": 22.8, "density": 8340.307017543859}, "geometry": {"type": "Polygon", "coordinates": [[[135.285434, 34.703462], [135.285463, 34.703239], [135.282412, 34.702948], [135.282389, 34.703138], [135.285434, 34.703462]]]}}, {"type": "Feature", "id": "did-1990-5", "properties": {"A16_001": "281011", "A16_002": "28101", "A16_003": "神戸市東灘区", "A16_004": "1", "A16_005": "190159", "A16_006": "22.80", "A16_007": "183099", "A16_008": "22.70", "A16_009": "99.90", "A16_010": "78.60", "A16_011": "1990", "year": 1990, "population": 190159.0, "areaKm2": 22.8, "density": 8340.307017543859}, "geometry": {"type": "Polygon", "coordinates": [[[135.254194, 34.70732], [135.254454, 34.707602], [135.260274, 34.707379], [135.260618, 34.707349], [135.26122, 34.707239], [135.267502, 34.706082], [135.267601, 34.706053], [135.267672, 34.706008], [135.267733, 34.70593], [135.267759, 34.705846], [135.268328, 34.702439], [135.268399, 34.702018], [135.268104, 34.701808], [135.258014, 34.700769], [135.255525, 34.700512], [135.255235, 34.700703], [135.254349, 34.706281], [135.254194, 34.70732]]]}}, {"type": "Feature", "id": "did-1990-6", "properties": {"A16_001": "281011", "A16_002": "28101", "A16_003": "神戸市東灘区", "A16_004": "1", "A16_005": "190159", "A16_006": "22.80", "A16_007": "183099", "A16_008": "22.70", "A16_009": "99.90", "A16_010": "78.60", "A16_011": "1990", "year": 1990, "population": 190159.0, "areaKm2": 22.8, "density": 8340.307017543859}, "geometry": {"type": "Polygon", "coordinates": [[[135.281515, 34.703068], [135.281535, 34.702907], [135.279006, 34.702669], [135.278988, 34.702813], [135.281515, 34.703068]]]}}, {"type": "Feature", "id": "did-1990-7", "properties": {"A16_001": "281011", "A16_002": "28101", "A16_003": "神戸市東灘区", "A16_004": "1", "A16_005": "190159", "A16_006": "22.80", "A16_007": "183099", "A16_008": "22.70", "A16_009": "99.90", "A16_010": "78.60", "A16_011": "1990", "year": 1990, "population": 190159.0, "areaKm2": 22.8, "density": 8340.307017543859}, "geometry": {"type": "Polygon", "coordinates": [[[135.265611, 34.701399], [135.265627, 34.701292], [135.263998, 34.701114], [135.263984, 34.701224], [135.265611, 34.701399]]]}}, {"type": "Feature", "id": "did-1990-8", "properties": {"A16_001": "281011", "A16_002": "28101", "A16_003": "神戸市東灘区", "A16_004": "1", "A16_005": "190159", "A16_006": "22.80", "A16_007": "183099", "A16_008": "22.70", "A16_009": "99.90", "A16_010": "78.60", "A16_011": "1990", "year": 1990, "population": 190159.0, "areaKm2": 22.8, "density": 8340.307017543859}, "geometry": {"type": "Polygon", "coordinates": [[[135.271113, 34.705999], [135.271366, 34.706354], [135.274939, 34.70759], [135.276168, 34.708016], [135.276729, 34.708238], [135.280411, 34.710071], [135.280846, 34.710264], [135.283486, 34.711565], [135.2847, 34.711694], [135.286757, 34.711913], [135.287181, 34.709129], [135.287374, 34.709157], [135.287413, 34.708829], [135.287228, 34.708798], [135.287856, 34.704951], [135.288015, 34.703976], [135.281422, 34.703287], [135.278223, 34.70294], [135.272024, 34.702267], [135.271656, 34.702447], [135.271113, 34.705999]]]}}, {"type": "Feature", "id": "did-1990-9", "properties": {"A16_001": "281021", "A16_002": "28102", "A16_003": "神戸市灘区", "A16_004": "1", "A16_005": "128377", "A16_006": "11.00", "A16_007": "131081", "A16_008": "11.00", "A16_009": "99.10", "A16_010": "35.30", "A16_011": "1990", "year": 1990, "population": 128377.0, "areaKm2": 11.0, "density": 11670.636363636364}, "geometry": {"type": "Polygon", "coordinates": [[[135.208836, 34.716348], [135.210506, 34.717154], [135.211032, 34.7177], [135.211593, 34.717988], [135.211977, 34.717815], [135.212576, 34.719082], [135.213664, 34.720205], [135.214888, 34.720203], [135.2158, 34.720807], [135.218042, 34.721496], [135.218043, 34.721871], [135.218988, 34.721956], [135.219163, 34.722129], [135.218884, 34.722446], [135.219866, 34.723022], [135.220285, 34.722762], [135.220496, 34.723136], [135.220496, 34.723309], [135.220989, 34.724375], [135.219943, 34.72573], [135.222046, 34.726621], [135.222013, 34.727428], [135.223027, 34.72711], [135.223846, 34.726169], [135.224294, 34.726337], [135.224477, 34.725888], [135.224847, 34.725823], [135.224629, 34.72437], [135.224944, 34.724283], [135.226345, 34.7248], [135.226378, 34.724253], [135.226798, 34.724252], [135.2268, 34.724771], [135.227115, 34.724828], [135.227289, 34.724626], [135.227745, 34.724943], [135.227746, 34.725317], [135.228026, 34.725288], [135.227783, 34.725865], [135.227327, 34.725664], [135.227049, 34.726154], [135.226348, 34.725953], [135.225791, 34.726818], [135.226037, 34.727048], [135.225897, 34.727337], [135.225866, 34.728547], [135.226462, 34.728806], [135.226254, 34.729728], [135.225592, 34.730507], [135.225383, 34.730882], [135.225698, 34.731083], [135.226083, 34.730938], [135.226328, 34.73114], [135.225666, 34.732149], [135.226017, 34.732379], [135.226331, 34.732119], [135.226752, 34.732321], [135.227031, 34.732119], [135.227557, 34.732493], [135.227732, 34.732348], [135.227661, 34.732003], [135.227905, 34.73157], [135.228254, 34.731483], [135.228256, 34.73206], [135.228502, 34.73229], [135.229097, 34.732289], [135.229133, 34.732721], [135.228748, 34.732808], [135.228645, 34.73324], [135.228155, 34.733299], [135.229033, 34.734421], [135.230467, 34.733987], [135.231033, 34.735946], [135.23401, 34.736749], [135.23436, 34.736749], [135.23639, 34.73666], [135.23723, 34.73663], [135.238557, 34.735533], [135.239215, 34.735885], [135.239431, 34.735446], [135.240548, 34.734551], [135.240892, 34.732476], [135.240331, 34.732159], [135.239523, 34.731238], [135.240258, 34.731151], [135.240432, 34.730863], [135.24075, 34.731813], [135.241312, 34.732475], [135.242291, 34.732157], [135.242712, 34.732416], [135.243377, 34.732472], [135.243728, 34.732818], [135.245431, 34.732342], [135.245514, 34.733103], [135.246844, 34.732735], [135.246844, 34.732735], [135.246831, 34.73272], [135.246517, 34.732518], [135.246359, 34.732395], [135.24626, 34.732278], [135.24609, 34.732181], [135.245614, 34.732119], [135.244972, 34.732079], [135.244854, 34.732037], [135.244712, 34.731912], [135.244691, 34.731884], [135.244608, 34.731779], [135.244509, 34.731725], [135.244273, 34.73169], [135.243778, 34.731619], [135.243603, 34.731592], [135.243306, 34.731616], [135.242858, 34.731623], [135.242584, 34.731635], [135.242588, 34.731582], [135.242596, 34.731497], [135.242617, 34.731261], [135.242622, 34.731144], [135.24264, 34.730704], [135.242639, 34.730604], [135.242636, 34.730101], [135.242654, 34.729649], [135.242688, 34.729302], [135.242689, 34.729274], [135.242712, 34.728801], [135.242721, 34.728631], [135.242754, 34.728208], [135.242763, 34.728013], [135.242787, 34.727896], [135.24281, 34.727779], [135.242806, 34.727557], [135.242806, 34.727474], [135.242806, 34.727397], [135.242858, 34.727128], [135.242867, 34.727019], [135.242839, 34.726863], [135.242739, 34.726743], [135.24263, 34.726596], [135.242574, 34.726521], [135.242508, 34.726334], [135.242512, 34.726241], [135.242513, 34.726229], [135.242551, 34.726088], [135.242699, 34.725933], [135.242711, 34.725921], [135.242862, 34.725699], [135.242973, 34.725505], [135.24298, 34.725492], [135.24301, 34.725414], [135.243051, 34.725305], [135.24307, 34.72504], [135.24307, 34.725023], [135.24307, 34.724736], [135.243093, 34.724207], [135.243141, 34.724024], [135.243265, 34.723811], [135.243273, 34.723798], [135.244141, 34.723182], [135.244525, 34.72291], [135.245038, 34.722547], [135.245845, 34.721972], [135.245898, 34.721935], [135.246066, 34.721816], [135.246072, 34.721812], [135.246157, 34.721703], [135.246246, 34.721523], [135.24635, 34.721379], [135.246404, 34.721306], [135.246483, 34.7212], [135.246624, 34.720889], [135.246799, 34.720609], [135.246931, 34.720476], [135.24701, 34.720411], [135.247101, 34.720336], [135.247211, 34.720231], [135.247292, 34.720148], [135.247581, 34.719854], [135.247831, 34.719325], [135.247885, 34.719058], [135.24795, 34.718741], [135.248143, 34.718418], [135.248497, 34.717907], [135.248628, 34.717751], [135.248742, 34.717614], [135.24894, 34.717176], [135.249018, 34.716918], [135.249168, 34.716238], [135.249263, 34.715809], [135.249283, 34.715719], [135.249327, 34.715533], [135.249481, 34.714878], [135.249507, 34.714787], [135.249522, 34.714737], [135.249658, 34.714259], [135.249611, 34.714239], [135.249561, 34.714219], [135.249406, 34.714154], [135.249284, 34.714103], [135.249014, 34.71399], [135.248982, 34.713977], [135.248846, 34.71392], [135.24861, 34.713788], [135.248571, 34.713767], [135.248367, 34.713653], [135.247888, 34.713438], [135.247624, 34.713359], [135.247575, 34.713345], [135.247456, 34.713309], [135.247212, 34.713231], [135.246566, 34.713034], [135.246421, 34.712989], [135.245793, 34.712797], [135.24539, 34.712676], [135.245334, 34.712659], [135.244842, 34.712512], [135.244399, 34.712379], [135.244245, 34.712333], [135.244167, 34.712309], [135.243664, 34.712158], [135.24325, 34.712034], [135.243104, 34.71199], [135.243165, 34.711863], [135.243254, 34.711675], [135.243276, 34.71163], [135.243348, 34.711479], [135.243418, 34.711331], [135.243445, 34.711274], [135.243532, 34.711091], [135.243722, 34.710692], [135.243885, 34.71035], [135.243943, 34.710228], [135.244077, 34.709947], [135.244199, 34.709967], [135.244479, 34.709351], [135.244494, 34.709316], [135.244694, 34.708877], [135.244774, 34.7087], [135.244847, 34.708588], [135.244905, 34.708499], [135.24493, 34.70846], [135.245042, 34.708289], [135.245128, 34.708157], [135.245184, 34.708161], [135.245536, 34.70819], [135.24578, 34.70821], [135.2458, 34.708209], [135.245983, 34.708198], [135.246438, 34.708173], [135.247136, 34.708151], [135.247212, 34.708149], [135.247629, 34.708137], [135.250075, 34.708069], [135.250306, 34.708063], [135.250306, 34.708063], [135.250312, 34.707925], [135.250444, 34.706842], [135.252118, 34.707017], [135.252185, 34.707012], [135.252243, 34.706984], [135.252431, 34.706827], [135.252454, 34.706786], [135.252874, 34.704182], [135.253459, 34.700553], [135.253447, 34.700455], [135.253367, 34.700323], [135.253269, 34.700225], [135.253172, 34.700186], [135.247212, 34.699508], [135.245816, 34.699363], [135.245135, 34.699292], [135.239764, 34.701448], [135.236704, 34.70111], [135.236343, 34.702389], [135.235107, 34.702277], [135.234856, 34.702391], [135.234375, 34.702353], [135.23504, 34.700923], [135.234712, 34.700895], [135.229657, 34.70033], [135.228073, 34.700106], [135.227931, 34.700086], [135.228133, 34.698836], [135.234665, 34.698601], [135.235968, 34.696538], [135.237443, 34.694206], [135.237723, 34.693757], [135.235996, 34.693557], [135.233947, 34.69674], [135.232048, 34.696535], [135.233937, 34.69333], [135.233215, 34.693236], [135.231774, 34.69307], [135.229897, 34.696236], [135.228043, 34.696012], [135.22991, 34.692901], [135.227736, 34.692659], [135.225687, 34.695808], [135.22381, 34.695565], [135.22568, 34.692366], [135.223366, 34.692099], [135.22147, 34.693548], [135.218988, 34.695447], [135.216986, 34.694323], [135.216589, 34.694761], [135.216518, 34.695049], [135.218597, 34.696236], [135.218619, 34.696796], [135.219565, 34.697017], [135.222019, 34.697591], [135.225868, 34.69851], [135.226341, 34.698648], [135.226156, 34.699781], [135.226329, 34.699803], [135.22627, 34.700208], [135.225813, 34.701737], [135.225693, 34.701709], [135.225596, 34.701687], [135.22445, 34.701427], [135.225079, 34.699604], [135.221547, 34.699023], [135.220513, 34.699296], [135.219327, 34.699018], [135.218697, 34.698649], [135.218697, 34.698649], [135.218638, 34.699018], [135.218593, 34.699303], [135.218486, 34.699972], [135.218407, 34.700196], [135.218366, 34.700312], [135.218122, 34.700893], [135.217943, 34.701312], [135.217816, 34.701836], [135.217804, 34.701883], [135.217781, 34.701975], [135.217776, 34.701996], [135.217749, 34.702107], [135.217564, 34.702039], [135.217361, 34.701965], [135.217103, 34.70186], [135.216929, 34.701789], [135.216636, 34.70216], [135.216469, 34.702349], [135.216408, 34.702418], [135.216351, 34.702483], [135.216229, 34.702621], [135.216146, 34.702604], [135.216057, 34.702863], [135.215845, 34.703269], [135.215818, 34.703321], [135.21577, 34.703422], [135.215412, 34.704182], [135.215329, 34.704358], [135.215312, 34.704393], [135.215244, 34.704538], [135.214934, 34.705178], [135.214908, 34.705247], [135.21489, 34.705293], [135.21482, 34.705478], [135.214713, 34.705759], [135.214618, 34.706005], [135.214578, 34.706066], [135.214486, 34.706202], [135.214394, 34.706311], [135.21439, 34.706315], [135.214373, 34.706336], [135.214275, 34.706449], [135.214234, 34.706498], [135.213952, 34.706888], [135.213906, 34.706951], [135.213775, 34.707133], [135.213507, 34.707702], [135.213281, 34.70809], [135.213024, 34.708534], [135.212929, 34.708706], [135.212873, 34.708808], [135.212716, 34.709092], [135.212654, 34.709204], [135.212632, 34.709245], [135.21261, 34.709284], [135.212505, 34.709475], [135.212141, 34.710044], [135.212114, 34.710086], [135.211273, 34.711459], [135.211228, 34.711531], [135.211189, 34.711593], [135.21079, 34.712225], [135.210611, 34.712575], [135.210512, 34.712772], [135.210492, 34.712812], [135.21049, 34.712814], [135.21046, 34.712855], [135.210283, 34.713097], [135.210003, 34.713413], [135.209935, 34.713487], [135.209898, 34.713528], [135.209861, 34.713568], [135.209683, 34.713766], [135.209648, 34.713805], [135.209608, 34.713849], [135.209561, 34.7139], [135.209514, 34.713974], [135.209451, 34.714164], [135.209438, 34.714204], [135.209422, 34.714251], [135.20922, 34.714863], [135.209203, 34.714929], [135.209189, 34.714984], [135.208838, 34.71634], [135.208836, 34.716348]]]}}, {"type": "Feature", "id": "did-1990-10", "properties": {"A16_001": "281051", "A16_002": "28105", "A16_003": "神戸市兵庫区", "A16_004": "1", "A16_005": "122265", "A16_006": "9.40", "A16_007": "128416", "A16_008": "9.40", "A16_009": "98.70", "A16_010": "65.20", "A16_011": "1990", "year": 1990, "population": 122265.0, "areaKm2": 9.4, "density": 13006.91489361702}, "geometry": {"type": "Polygon", "coordinates": [[[135.151349, 34.68232], [135.151633, 34.68265], [135.15278, 34.683467], [135.15282, 34.684473], [135.152362, 34.684222], [135.151714, 34.684851], [135.152058, 34.685165], [135.151868, 34.685637], [135.152327, 34.685983], [135.152939, 34.686643], [135.153206, 34.686705], [135.15336, 34.687146], [135.154543, 34.687145], [135.154734, 34.687239], [135.154888, 34.687836], [135.155957, 34.687584], [135.155461, 34.688025], [135.155767, 34.68815], [135.156339, 34.688056], [135.156835, 34.688087], [135.156494, 34.689219], [135.156915, 34.689376], [135.157219, 34.68903], [135.158519, 34.689784], [135.159054, 34.690192], [135.159359, 34.690192], [135.159782, 34.691386], [135.159172, 34.691796], [135.159287, 34.692204], [135.158983, 34.692645], [135.159098, 34.692833], [135.15887, 34.693368], [135.159101, 34.694657], [135.159483, 34.694688], [135.15975, 34.694499], [135.159901, 34.693556], [135.160207, 34.693902], [135.160323, 34.694562], [135.160973, 34.695127], [135.161355, 34.695127], [135.162384, 34.694529], [135.163069, 34.693742], [135.164328, 34.693396], [135.164747, 34.692798], [135.165548, 34.692546], [135.166121, 34.692891], [135.166923, 34.692734], [135.167038, 34.692985], [135.166315, 34.693992], [135.166546, 34.695218], [135.166586, 34.695878], [135.166129, 34.696382], [135.165671, 34.696539], [135.164872, 34.697672], [135.165446, 34.698363], [135.166591, 34.698142], [135.16655, 34.69701], [135.167236, 34.696286], [135.16777, 34.695972], [135.167616, 34.695689], [135.167998, 34.695563], [135.168073, 34.694839], [135.167729, 34.694745], [135.16765, 34.693613], [135.167993, 34.693236], [135.16803, 34.692953], [135.168947, 34.693267], [135.168833, 34.693518], [135.169635, 34.693801], [135.170704, 34.693894], [135.170973, 34.694397], [135.172309, 34.69449], [135.172462, 34.694773], [135.172944, 34.69455], [135.172943, 34.694546], [135.172919, 34.694335], [135.172929, 34.694257], [135.173, 34.694229], [135.173033, 34.69423], [135.17317, 34.694233], [135.173516, 34.6943], [135.173705, 34.694312], [135.173908, 34.694316], [135.175995, 34.694741], [135.176487, 34.694816], [135.176487, 34.694816], [135.176643, 34.694784], [135.17669, 34.694694], [135.176808, 34.694183], [135.176847, 34.694095], [135.176875, 34.694031], [135.176898, 34.693797], [135.176709, 34.693731], [135.17591, 34.693492], [135.175124, 34.693258], [135.175156, 34.693194], [135.175285, 34.692929], [135.175379, 34.692799], [135.175426, 34.692734], [135.175474, 34.692668], [135.175583, 34.692515], [135.175624, 34.692439], [135.175744, 34.692214], [135.176033, 34.692297], [135.176103, 34.692219], [135.176151, 34.692166], [135.176241, 34.692066], [135.176224, 34.692054], [135.176199, 34.692037], [135.176144, 34.692022], [135.175856, 34.691942], [135.175753, 34.691919], [135.175586, 34.69188], [135.175536, 34.691853], [135.175442, 34.691802], [135.175358, 34.69175], [135.175311, 34.691721], [135.175099, 34.691508], [135.175026, 34.691411], [135.174966, 34.691331], [135.174711, 34.690989], [135.17471, 34.690989], [135.17443, 34.690658], [135.174383, 34.690611], [135.174335, 34.690564], [135.174186, 34.690415], [135.173957, 34.690273], [135.173936, 34.690262], [135.173396, 34.689989], [135.173381, 34.689982], [135.173173, 34.689884], [135.173034, 34.689818], [135.172821, 34.689648], [135.172655, 34.689562], [135.172616, 34.689541], [135.172546, 34.689503], [135.172504, 34.689481], [135.17246, 34.689457], [135.172345, 34.689395], [135.172213, 34.689295], [135.172176, 34.689266], [135.172136, 34.689236], [135.171983, 34.68912], [135.171948, 34.689092], [135.171755, 34.688932], [135.171725, 34.688907], [135.171721, 34.688898], [135.171679, 34.688794], [135.171681, 34.68875], [135.171683, 34.688713], [135.1717, 34.68871], [135.171728, 34.688706], [135.171748, 34.688702], [135.171824, 34.688721], [135.171869, 34.688732], [135.17197, 34.688756], [135.172273, 34.68888], [135.172374, 34.688891], [135.172508, 34.688864], [135.172655, 34.688764], [135.172721, 34.688681], [135.172766, 34.688624], [135.172776, 34.688535], [135.172746, 34.688411], [135.172678, 34.688299], [135.172652, 34.688258], [135.172661, 34.688172], [135.172727, 34.688097], [135.172844, 34.688078], [135.172887, 34.688067], [135.172688, 34.687905], [135.172596, 34.687884], [135.172506, 34.687893], [135.172455, 34.687898], [135.172355, 34.687908], [135.172325, 34.687911], [135.172197, 34.687909], [135.172117, 34.687908], [135.172073, 34.687891], [135.172025, 34.687872], [135.171971, 34.687851], [135.17195, 34.687843], [135.171705, 34.687698], [135.171569, 34.687585], [135.17149, 34.687477], [135.171389, 34.687218], [135.171313, 34.687015], [135.171295, 34.686968], [135.171283, 34.686963], [135.171235, 34.686941], [135.170528, 34.68662], [135.170249, 34.686503], [135.170201, 34.686483], [135.170152, 34.686462], [135.16964, 34.686247], [135.169661, 34.686185], [135.169674, 34.686146], [135.170019, 34.685118], [135.170126, 34.684844], [135.170182, 34.684569], [135.170244, 34.684329], [135.170256, 34.684306], [135.170417, 34.684006], [135.170479, 34.683813], [135.170531, 34.683678], [135.170635, 34.683406], [135.170701, 34.683269], [135.170779, 34.683106], [135.170814, 34.683043], [135.170835, 34.683004], [135.170863, 34.682953], [135.170978, 34.682745], [135.171071, 34.682635], [135.171251, 34.682419], [135.171262, 34.682406], [135.171377, 34.682287], [135.171501, 34.682159], [135.171507, 34.682153], [135.171629, 34.682027], [135.171738, 34.681913], [135.171965, 34.681683], [135.171994, 34.681654], [135.172034, 34.681614], [135.172319, 34.681323], [135.172532, 34.681109], [135.17256, 34.68108], [135.1726, 34.68104], [135.17277, 34.680868], [135.173296, 34.680328], [135.173331, 34.680291], [135.173374, 34.680246], [135.173774, 34.679836], [135.173803, 34.679806], [135.173848, 34.679759], [135.174127, 34.679473], [135.174186, 34.679413], [135.174362, 34.679233], [135.174376, 34.679218], [135.17461, 34.678978], [135.174403, 34.678859], [135.174277, 34.678788], [135.173488, 34.678336], [135.173738, 34.678099], [135.173774, 34.678064], [135.173814, 34.678026], [135.174099, 34.677756], [135.174135, 34.677722], [135.174176, 34.677683], [135.17451, 34.677365], [135.174544, 34.677333], [135.17458, 34.677298], [135.174811, 34.677079], [135.174849, 34.677043], [135.174885, 34.677009], [135.17493, 34.676966], [135.175124, 34.676777], [135.175161, 34.67674], [135.175169, 34.676732], [135.175196, 34.676706], [135.175351, 34.676555], [135.175453, 34.676487], [135.175504, 34.676452], [135.175601, 34.676394], [135.175684, 34.676344], [135.175738, 34.676312], [135.175775, 34.676291], [135.175654, 34.676021], [135.175729, 34.675997], [135.175775, 34.675982], [135.175833, 34.675963], [135.176406, 34.675777], [135.176434, 34.675768], [135.176446, 34.675763], [135.176499, 34.675742], [135.176594, 34.675704], [135.176597, 34.675703], [135.176644, 34.675684], [135.176885, 34.675589], [135.177106, 34.675501], [135.177168, 34.675476], [135.177286, 34.67543], [135.177686, 34.67531], [135.177858, 34.675258], [135.178131, 34.675176], [135.178219, 34.675149], [135.178859, 34.674903], [135.178896, 34.674889], [135.178944, 34.67487], [135.178991, 34.674852], [135.180056, 34.674439], [135.180256, 34.674357], [135.180295, 34.674341], [135.181223, 34.673956], [135.181355, 34.673901], [135.181988, 34.673698], [135.182245, 34.673601], [135.183336, 34.673191], [135.183287, 34.673083], [135.18316, 34.672801], [135.183143, 34.67268], [135.183398, 34.672579], [135.183884, 34.672408], [135.184338, 34.672248], [135.184442, 34.672167], [135.184524, 34.672046], [135.182739, 34.671812], [135.183078, 34.670315], [135.183135, 34.67012], [135.183135, 34.67012], [135.182953, 34.670142], [135.182282, 34.670222], [135.18234, 34.670407], [135.180803, 34.670781], [135.178491, 34.670537], [135.177648, 34.670447], [135.177502, 34.670454], [135.177499, 34.670092], [135.177583, 34.670089], [135.177587, 34.669918], [135.177622, 34.668387], [135.177864, 34.668082], [135.178126, 34.667754], [135.177908, 34.664863], [135.178673, 34.664899], [135.178854, 34.665129], [135.180484, 34.667855], [135.182437, 34.668054], [135.182985, 34.667912], [135.187036, 34.666863], [135.186669, 34.665868], [135.186659, 34.665878], [135.182438, 34.666956], [135.182016, 34.665895], [135.186285, 34.664825], [135.186117, 34.664369], [135.185775, 34.66348], [135.185716, 34.663427], [135.185643, 34.663419], [135.183522, 34.663948], [135.183425, 34.664102], [135.181562, 34.664539], [135.181328, 34.663912], [135.183313, 34.663392], [135.18269, 34.661742], [135.182556, 34.661701], [135.179875, 34.662351], [135.178641, 34.663823], [135.17737, 34.663783], [135.177365, 34.663486], [135.17789, 34.663486], [135.17789, 34.663231], [135.177383, 34.663231], [135.177379, 34.663036], [135.177698, 34.662728], [135.177954, 34.662468], [135.178616, 34.660738], [135.180446, 34.661098], [135.180481, 34.661], [135.178665, 34.660638], [135.179787, 34.658776], [135.180045, 34.658966], [135.180106, 34.658896], [135.17922, 34.658266], [135.177726, 34.657202], [135.177647, 34.657015], [135.177784, 34.656865], [135.17803, 34.656869], [135.18046, 34.658549], [135.180521, 34.658476], [135.180282, 34.658292], [135.180588, 34.657821], [135.180521, 34.65559], [135.18069, 34.655423], [135.181775, 34.655506], [135.182619, 34.655569], [135.183111, 34.656746], [135.184111, 34.659257], [135.184259, 34.659221], [135.183237, 34.656682], [135.183737, 34.656443], [135.183035, 34.655416], [135.183035, 34.655366], [135.183048, 34.655323], [135.183268, 34.655217], [135.183339, 34.65521], [135.184022, 34.656212], [135.184115, 34.656176], [135.183437, 34.655186], [135.183917, 34.654974], [135.184062, 34.654962], [135.184699, 34.65593], [135.184794, 34.65589], [135.184694, 34.655737], [135.184753, 34.655711], [135.185147, 34.655546], [135.18496, 34.655277], [135.18443, 34.654512], [135.184313, 34.65413], [135.184833, 34.653627], [135.18604, 34.6534], [135.185976, 34.656076], [135.186074, 34.656077], [135.186182, 34.653295], [135.186629, 34.653092], [135.18678, 34.653106], [135.1868, 34.653108], [135.186889, 34.653116], [135.186962, 34.652589], [135.186349, 34.65209], [135.186442, 34.652017], [135.183273, 34.649417], [135.178483, 34.648951], [135.177766, 34.648881], [135.177183, 34.648813], [135.174031, 34.648494], [135.17146, 34.648254], [135.167951, 34.647901], [135.167572, 34.650744], [135.168039, 34.651204], [135.173069, 34.651175], [135.173163, 34.65161], [135.172729, 34.651943], [135.169967, 34.652201], [135.167979, 34.652126], [135.16652, 34.652255], [135.165558, 34.652665], [135.163198, 34.652411], [135.162327, 34.651925], [135.159905, 34.651671], [135.160127, 34.654153], [135.159633, 34.65414], [135.159633, 34.65414], [135.159658, 34.654249], [135.159661, 34.654265], [135.159711, 34.654485], [135.15971, 34.654757], [135.159706, 34.656237], [135.159676, 34.656736], [135.159618, 34.657343], [135.159586, 34.658026], [135.159543, 34.659802], [135.159535, 34.660136], [135.159534, 34.660215], [135.159525, 34.660591], [135.159509, 34.661309], [135.159499, 34.661774], [135.159496, 34.661924], [135.159495, 34.66198], [135.159492, 34.662122], [135.15949, 34.662221], [135.159489, 34.662278], [135.159485, 34.662439], [135.159474, 34.662993], [135.15947, 34.66317], [135.159464, 34.663474], [135.159462, 34.663557], [135.159474, 34.66381], [135.159504, 34.664146], [135.159506, 34.664172], [135.159566, 34.664845], [135.159606, 34.664983], [135.159612, 34.665179], [135.159569, 34.665295], [135.159531, 34.665398], [135.159384, 34.665572], [135.159338, 34.665626], [135.1593, 34.66567], [135.158972, 34.665995], [135.158873, 34.666097], [135.158846, 34.666125], [135.158818, 34.666154], [135.158409, 34.666579], [135.158378, 34.666611], [135.158342, 34.666648], [135.157686, 34.66733], [135.157658, 34.667358], [135.157583, 34.667437], [135.15751, 34.667512], [135.157294, 34.667736], [135.157231, 34.667801], [135.157306, 34.667826], [135.157372, 34.667848], [135.157429, 34.667867], [135.157549, 34.667906], [135.15782, 34.667983], [135.158074, 34.668011], [135.158767, 34.668083], [135.158749, 34.668171], [135.158728, 34.668274], [135.158704, 34.668391], [135.158693, 34.668448], [135.158439, 34.668705], [135.158272, 34.668873], [135.158271, 34.668874], [135.158095, 34.669051], [135.157999, 34.669148], [135.157763, 34.669386], [135.157694, 34.669456], [135.157654, 34.669496], [135.157587, 34.669564], [135.157539, 34.669612], [135.157411, 34.669741], [135.157474, 34.669778], [135.157554, 34.669826], [135.157633, 34.669873], [135.157709, 34.669918], [135.158227, 34.670284], [135.158486, 34.670467], [135.158373, 34.670584], [135.158158, 34.670805], [135.1578, 34.671174], [135.157709, 34.671268], [135.15786, 34.671369], [135.158055, 34.671499], [135.158133, 34.671551], [135.158187, 34.671587], [135.158501, 34.671797], [135.158174, 34.67215], [135.158125, 34.672203], [135.158063, 34.67227], [135.157789, 34.672566], [135.157628, 34.672731], [135.157628, 34.672732], [135.157552, 34.67281], [135.156841, 34.673543], [135.156797, 34.673587], [135.156458, 34.673936], [135.156408, 34.673988], [135.155714, 34.674707], [135.155788, 34.674833], [135.156451, 34.675982], [135.156322, 34.676192], [135.156206, 34.67638], [135.155983, 34.676743], [135.155882, 34.676858], [135.155816, 34.676934], [135.155774, 34.677025], [135.155774, 34.677088], [135.155798, 34.677136], [135.155869, 34.677279], [135.155918, 34.677386], [135.155926, 34.677404], [135.155911, 34.677494], [135.155808, 34.677566], [135.155698, 34.677576], [135.155649, 34.677529], [135.155611, 34.677366], [135.155571, 34.677263], [135.155535, 34.677169], [135.15549, 34.677125], [135.155315, 34.677066], [135.154985, 34.676994], [135.154932, 34.676997], [135.154834, 34.677037], [135.154667, 34.677078], [135.154356, 34.677109], [135.154234, 34.677144], [135.154124, 34.677272], [135.154037, 34.67741], [135.154022, 34.677504], [135.154041, 34.677717], [135.154044, 34.67787], [135.154029, 34.677983], [135.153965, 34.678083], [135.153889, 34.678202], [135.153874, 34.678276], [135.153881, 34.678339], [135.153942, 34.678433], [135.154128, 34.67853], [135.154295, 34.678618], [135.154333, 34.678671], [135.154333, 34.678796], [135.15431, 34.679012], [135.154246, 34.679159], [135.154158, 34.679241], [135.154125, 34.679258], [135.154056, 34.679294], [135.153813, 34.679354], [135.153484, 34.679435], [135.152108, 34.679779], [135.152073, 34.679826], [135.152086, 34.679936], [135.152104, 34.680099], [135.152106, 34.680161], [135.15211, 34.68026], [135.152085, 34.680321], [135.151981, 34.680567], [135.151967, 34.680596], [135.151857, 34.680818], [135.151803, 34.680927], [135.151678, 34.681244], [135.15164, 34.681466], [135.151629, 34.681519], [135.151585, 34.681742], [135.151576, 34.68179], [135.151568, 34.681928], [135.151556, 34.682], [135.151428, 34.682194], [135.151349, 34.68232]]]}}, {"type": "Feature", "id": "did-1990-11", "properties": {"A16_001": "281061", "A16_002": "28106", "A16_003": "神戸市長田区", "A16_004": "1", "A16_005": "136667", "A16_006": "9.80", "A16_007": "147977", "A16_008": "9.80", "A16_009": "99.80", "A16_010": "85.10", "A16_011": "1990", "year": 1990, "population": 136667.0, "areaKm2": 9.8, "density": 13945.612244897959}, "geometry": {"type": "Polygon", "coordinates": [[[135.151349, 34.68232], [135.151428, 34.682194], [135.151556, 34.682], [135.151568, 34.681928], [135.151576, 34.68179], [135.151585, 34.681742], [135.151629, 34.681519], [135.15164, 34.681466], [135.151678, 34.681244], [135.151803, 34.680927], [135.151857, 34.680818], [135.151967, 34.680596], [135.151981, 34.680567], [135.152085, 34.680321], [135.15211, 34.68026], [135.152106, 34.680161], [135.152104, 34.680099], [135.152086, 34.679936], [135.152073, 34.679826], [135.152108, 34.679779], [135.153484, 34.679435], [135.153813, 34.679354], [135.154056, 34.679294], [135.154125, 34.679258], [135.154158, 34.679241], [135.154246, 34.679159], [135.15431, 34.679012], [135.154333, 34.678796], [135.154333, 34.678671], [135.154295, 34.678618], [135.154128, 34.67853], [135.153942, 34.678433], [135.153881, 34.678339], [135.153874, 34.678276], [135.153889, 34.678202], [135.153965, 34.678083], [135.154029, 34.677983], [135.154044, 34.67787], [135.154041, 34.677717], [135.154022, 34.677504], [135.154037, 34.67741], [135.154124, 34.677272], [135.154234, 34.677144], [135.154356, 34.677109], [135.154667, 34.677078], [135.154834, 34.677037], [135.154932, 34.676997], [135.154985, 34.676994], [135.155315, 34.677066], [135.15549, 34.677125], [135.155535, 34.677169], [135.155571, 34.677263], [135.155611, 34.677366], [135.155649, 34.677529], [135.155698, 34.677576], [135.155808, 34.677566], [135.155911, 34.677494], [135.155926, 34.677404], [135.155918, 34.677386], [135.155869, 34.677279], [135.155798, 34.677136], [135.155774, 34.677088], [135.155774, 34.677025], [135.155816, 34.676934], [135.155882, 34.676858], [135.155983, 34.676743], [135.156206, 34.67638], [135.156322, 34.676192], [135.156451, 34.675982], [135.155788, 34.674833], [135.155714, 34.674707], [135.156408, 34.673988], [135.156458, 34.673936], [135.156797, 34.673587], [135.156841, 34.673543], [135.157552, 34.67281], [135.157628, 34.672732], [135.157628, 34.672731], [135.157789, 34.672566], [135.158063, 34.67227], [135.158125, 34.672203], [135.158174, 34.67215], [135.158501, 34.671797], [135.158187, 34.671587], [135.158133, 34.671551], [135.158055, 34.671499], [135.15786, 34.671369], [135.157709, 34.671268], [135.1578, 34.671174], [135.158158, 34.670805], [135.158373, 34.670584], [135.158486, 34.670467], [135.158227, 34.670284], [135.157709, 34.669918], [135.157633, 34.669873], [135.157554, 34.669826], [135.157474, 34.669778], [135.157411, 34.669741], [135.157539, 34.669612], [135.157587, 34.669564], [135.157654, 34.669496], [135.157694, 34.669456], [135.157763, 34.669386], [135.157999, 34.669148], [135.158095, 34.669051], [135.158271, 34.668874], [135.158272, 34.668873], [135.158439, 34.668705], [135.158693, 34.668448], [135.158704, 34.668391], [135.158728, 34.668274], [135.158749, 34.668171], [135.158767, 34.668083], [135.158074, 34.668011], [135.15782, 34.667983], [135.157549, 34.667906], [135.157429, 34.667867], [135.157372, 34.667848], [135.157306, 34.667826], [135.157231, 34.667801], [135.157294, 34.667736], [135.15751, 34.667512], [135.157583, 34.667437], [135.157658, 34.667358], [135.157686, 34.66733], [135.158342, 34.666648], [135.158378, 34.666611], [135.158409, 34.666579], [135.158818, 34.666154], [135.158846, 34.666125], [135.158873, 34.666097], [135.158972, 34.665995], [135.1593, 34.66567], [135.159338, 34.665626], [135.159384, 34.665572], [135.159531, 34.665398], [135.159569, 34.665295], [135.159612, 34.665179], [135.159606, 34.664983], [135.159566, 34.664845], [135.159506, 34.664172], [135.159504, 34.664146], [135.159474, 34.66381], [135.159462, 34.663557], [135.159464, 34.663474], [135.15947, 34.66317], [135.159474, 34.662993], [135.159485, 34.662439], [135.159489, 34.662278], [135.15949, 34.662221], [135.159492, 34.662122], [135.159495, 34.66198], [135.159496, 34.661924], [135.159499, 34.661774], [135.159509, 34.661309], [135.159525, 34.660591], [135.159534, 34.660215], [135.159535, 34.660136], [135.159543, 34.659802], [135.159586, 34.658026], [135.159618, 34.657343], [135.159676, 34.656736], [135.159706, 34.656237], [135.15971, 34.654757], [135.159711, 34.654485], [135.159661, 34.654265], [135.159658, 34.654249], [135.159633, 34.65414], [135.159633, 34.65414], [135.159205, 34.654129], [135.159139, 34.65075], [135.157967, 34.650509], [135.158043, 34.649918], [135.15935, 34.650065], [135.160966, 34.650908], [135.161646, 34.651136], [135.16168, 34.651141], [135.162658, 34.651182], [135.163196, 34.650886], [135.16417, 34.651033], [135.163961, 34.649534], [135.166613, 34.649969], [135.166869, 34.648051], [135.166474, 34.648019], [135.16649, 34.647929], [135.166289, 34.64773], [135.163379, 34.647402], [135.15747, 34.646775], [135.156859, 34.647574], [135.156784, 34.648525], [135.155375, 34.648483], [135.155326, 34.649497], [135.157633, 34.649854], [135.157634, 34.650382], [135.155302, 34.650236], [135.155201, 34.651165], [135.155, 34.653108], [135.15459, 34.653109], [135.154816, 34.650954], [135.154636, 34.650363], [135.153918, 34.650258], [135.154196, 34.648336], [135.154964, 34.648167], [135.155872, 34.646595], [135.155556, 34.646539], [135.154629, 34.646438], [135.150949, 34.646033], [135.150778, 34.646213], [135.150697, 34.646277], [135.149823, 34.647831], [135.149909, 34.647868], [135.150623, 34.648179], [135.150386, 34.648998], [135.15049, 34.649051], [135.150162, 34.649603], [135.150034, 34.649547], [135.150297, 34.649107], [135.14945, 34.648743], [135.149279, 34.648996], [135.149157, 34.648953], [135.148725, 34.648774], [135.148465, 34.648657], [135.148229, 34.648539], [135.147969, 34.648418], [135.146209, 34.647676], [135.146684, 34.647134], [135.149396, 34.646817], [135.149812, 34.646122], [135.149863, 34.646037], [135.149916, 34.645936], [135.149814, 34.645924], [135.147561, 34.645676], [135.147463, 34.645656], [135.147367, 34.645623], [135.144159, 34.644285], [135.141984, 34.643401], [135.141723, 34.643281], [135.13971, 34.642429], [135.13971, 34.642429], [135.139702, 34.642445], [135.139647, 34.642555], [135.139618, 34.642613], [135.139065, 34.643702], [135.138398, 34.645279], [135.13833, 34.645518], [135.138261, 34.6458], [135.138208, 34.646039], [135.138134, 34.646372], [135.138082, 34.646545], [135.138024, 34.646739], [135.137961, 34.646863], [135.137886, 34.647012], [135.137782, 34.647169], [135.137493, 34.647494], [135.137443, 34.64755], [135.137313, 34.647695], [135.137272, 34.64774], [135.137183, 34.647841], [135.137109, 34.647923], [135.136771, 34.648299], [135.136719, 34.648358], [135.136712, 34.648366], [135.136522, 34.648577], [135.136505, 34.648597], [135.136458, 34.648649], [135.136302, 34.648823], [135.136245, 34.648886], [135.136155, 34.648984], [135.136078, 34.649068], [135.135936, 34.649219], [135.135899, 34.649259], [135.135827, 34.649313], [135.135783, 34.649346], [135.135701, 34.649408], [135.135691, 34.649416], [135.135539, 34.649504], [135.135437, 34.649564], [135.1352, 34.64976], [135.135119, 34.649848], [135.134959, 34.650021], [135.13492, 34.650063], [135.134882, 34.650104], [135.134716, 34.650284], [135.1345, 34.650517], [135.134497, 34.650521], [135.134577, 34.650563], [135.134983, 34.650777], [135.135406, 34.651001], [135.135582, 34.651093], [135.135699, 34.651228], [135.135715, 34.651246], [135.135724, 34.651269], [135.135747, 34.651328], [135.135813, 34.651494], [135.135883, 34.651609], [135.13608, 34.651714], [135.13612, 34.651736], [135.136169, 34.651762], [135.136814, 34.652107], [135.137103, 34.652291], [135.137144, 34.652318], [135.137345, 34.652446], [135.137443, 34.652521], [135.137789, 34.65279], [135.137807, 34.652804], [135.138021, 34.652979], [135.138103, 34.653046], [135.138211, 34.653134], [135.138373, 34.653267], [135.138445, 34.653318], [135.138633, 34.65345], [135.138719, 34.65351], [135.138735, 34.65352], [135.13882, 34.653571], [135.138927, 34.653636], [135.139069, 34.653722], [135.139194, 34.653798], [135.139316, 34.653872], [135.139435, 34.653941], [135.139869, 34.654192], [135.139983, 34.654258], [135.140124, 34.654339], [135.14069, 34.654702], [135.140918, 34.654841], [135.140961, 34.654867], [135.141021, 34.654904], [135.141676, 34.655303], [135.141649, 34.65533], [135.141608, 34.655372], [135.141516, 34.655464], [135.141427, 34.655553], [135.141296, 34.655684], [135.141232, 34.655749], [135.141106, 34.655875], [135.141068, 34.655913], [135.140958, 34.656023], [135.140883, 34.656098], [135.140875, 34.656106], [135.140831, 34.656151], [135.140681, 34.656301], [135.140348, 34.656635], [135.140214, 34.656771], [135.14014, 34.656847], [135.140052, 34.656936], [135.139954, 34.657036], [135.139916, 34.657074], [135.139736, 34.657259], [135.139719, 34.657276], [135.139645, 34.657354], [135.139168, 34.657858], [135.139125, 34.657903], [135.139057, 34.657974], [135.138773, 34.658274], [135.138715, 34.658335], [135.138703, 34.658344], [135.138649, 34.658388], [135.138566, 34.658456], [135.138446, 34.658553], [135.138335, 34.658643], [135.138109, 34.658826], [135.137968, 34.65896], [135.137934, 34.658993], [135.137883, 34.659041], [135.137843, 34.659079], [135.137819, 34.659104], [135.137595, 34.659335], [135.137532, 34.6594], [135.137505, 34.659427], [135.137351, 34.659586], [135.137288, 34.659651], [135.137172, 34.65977], [135.137101, 34.659843], [135.137063, 34.659882], [135.137021, 34.659926], [135.136716, 34.66024], [135.136681, 34.660275], [135.136517, 34.660444], [135.136486, 34.660477], [135.136131, 34.660835], [135.136091, 34.660875], [135.136056, 34.660911], [135.136006, 34.660961], [135.135885, 34.661083], [135.135761, 34.661208], [135.135721, 34.66125], [135.135423, 34.66155], [135.135319, 34.66166], [135.135286, 34.661694], [135.135249, 34.661734], [135.135228, 34.661755], [135.135187, 34.661798], [135.135123, 34.661866], [135.134822, 34.662182], [135.134587, 34.662428], [135.134554, 34.662463], [135.134525, 34.662493], [135.134458, 34.662564], [135.134193, 34.66282], [135.134135, 34.662876], [135.134019, 34.662988], [135.134003, 34.663006], [135.13386, 34.663153], [135.133523, 34.663504], [135.133507, 34.663516], [135.133402, 34.663598], [135.133354, 34.663636], [135.133309, 34.66367], [135.133211, 34.663747], [135.132835, 34.664054], [135.13268, 34.664181], [135.132423, 34.664347], [135.132405, 34.664359], [135.132388, 34.664379], [135.132353, 34.66442], [135.132313, 34.664468], [135.13231, 34.664484], [135.132295, 34.664569], [135.132334, 34.6647], [135.132341, 34.664726], [135.132337, 34.664743], [135.132318, 34.664817], [135.132266, 34.664922], [135.132027, 34.665155], [135.131943, 34.665238], [135.131787, 34.665389], [135.131741, 34.665499], [135.131747, 34.665536], [135.131758, 34.665599], [135.131775, 34.665619], [135.131881, 34.665749], [135.131989, 34.665881], [135.132087, 34.666053], [135.132101, 34.666165], [135.132105, 34.666201], [135.132093, 34.666329], [135.132047, 34.666501], [135.132038, 34.66652], [135.131952, 34.666696], [135.131843, 34.666963], [135.131833, 34.667021], [135.131814, 34.66714], [135.131819, 34.667364], [135.13186, 34.667717], [135.131906, 34.667941], [135.131941, 34.668261], [135.131964, 34.6686], [135.131965, 34.668619], [135.131966, 34.668659], [135.131968, 34.668746], [135.131971, 34.668867], [135.131942, 34.668982], [135.131861, 34.669139], [135.131813, 34.669198], [135.131746, 34.669281], [135.131696, 34.669343], [135.131648, 34.669402], [135.13163, 34.669423], [135.131596, 34.669466], [135.131555, 34.669516], [135.131527, 34.669607], [135.131515, 34.669645], [135.131505, 34.669711], [135.131499, 34.669759], [135.131497, 34.669772], [135.131477, 34.669908], [135.131476, 34.669918], [135.131452, 34.670319], [135.131448, 34.670391], [135.131441, 34.670441], [135.131402, 34.670753], [135.131368, 34.670927], [135.131309, 34.670982], [135.131231, 34.671053], [135.131205, 34.671103], [135.131186, 34.671138], [135.131214, 34.671234], [135.13122, 34.671255], [135.131254, 34.67134], [135.13126, 34.671495], [135.131244, 34.671825], [135.131243, 34.671865], [135.131214, 34.672325], [135.131202, 34.672457], [135.131184, 34.672652], [135.131169, 34.672814], [135.131132, 34.672862], [135.131132, 34.672862], [135.131844, 34.67323], [135.131431, 34.672611], [135.131445, 34.672599], [135.131875, 34.672783], [135.132245, 34.672585], [135.132799, 34.672706], [135.132799, 34.672386], [135.133039, 34.67228], [135.133464, 34.672493], [135.13461, 34.672401], [135.135293, 34.671563], [135.135607, 34.671578], [135.135091, 34.672279], [135.135756, 34.672187], [135.136053, 34.672811], [135.136958, 34.67275], [135.136939, 34.672171], [135.137216, 34.672141], [135.1374, 34.67179], [135.137548, 34.671958], [135.138307, 34.672277], [135.138584, 34.672186], [135.138677, 34.672582], [135.137772, 34.673069], [135.138105, 34.673298], [135.139287, 34.672597], [135.139288, 34.672993], [135.138845, 34.673495], [135.138883, 34.673709], [135.139789, 34.673784], [135.139106, 34.674348], [135.139365, 34.674729], [135.139809, 34.67485], [135.140272, 34.675307], [135.139904, 34.675962], [135.140071, 34.676312], [135.140496, 34.676571], [135.140719, 34.677271], [135.141664, 34.678444], [135.141555, 34.67919], [135.14187, 34.679784], [135.140891, 34.68018], [135.140707, 34.680607], [135.140171, 34.680531], [135.140041, 34.680181], [135.138821, 34.680288], [135.138543, 34.680044], [135.137103, 34.681141], [135.136362, 34.680426], [135.13481, 34.680457], [135.134145, 34.680701], [135.133869, 34.681661], [135.134259, 34.682635], [135.133797, 34.68262], [135.132797, 34.68189], [135.132725, 34.682651], [135.131214, 34.68263], [135.131208, 34.682641], [135.131015, 34.683043], [135.130969, 34.683139], [135.130753, 34.683482], [135.130281, 34.683468], [135.129832, 34.68345], [135.129815, 34.683449], [135.129122, 34.683473], [135.128871, 34.683482], [135.128592, 34.683472], [135.128466, 34.683468], [135.128458, 34.683909], [135.129017, 34.683933], [135.129445, 34.684333], [135.129916, 34.684273], [135.130565, 34.684988], [135.131155, 34.685364], [135.132068, 34.685327], [135.132289, 34.685448], [135.132024, 34.685618], [135.131126, 34.685643], [135.131141, 34.685861], [135.132451, 34.685824], [135.132468, 34.686734], [135.133161, 34.687097], [135.133162, 34.68791], [135.132809, 34.688068], [135.132029, 34.688614], [135.130543, 34.689003], [135.12851, 34.688846], [135.126032, 34.687935], [135.126004, 34.687972], [135.126003, 34.687973], [135.125846, 34.688153], [135.125736, 34.68828], [135.125726, 34.688291], [135.125653, 34.688375], [135.1256, 34.688436], [135.125594, 34.688443], [135.12558, 34.688462], [135.125574, 34.68847], [135.125514, 34.688546], [135.125498, 34.688567], [135.125496, 34.688573], [135.125473, 34.688645], [135.125468, 34.688662], [135.125466, 34.688667], [135.125452, 34.688713], [135.125458, 34.688835], [135.125536, 34.688982], [135.125543, 34.688994], [135.125704, 34.689212], [135.125713, 34.689225], [135.125787, 34.689307], [135.125963, 34.689504], [135.126083, 34.689638], [135.126095, 34.689658], [135.12622, 34.689868], [135.126253, 34.689972], [135.126282, 34.690066], [135.126348, 34.690218], [135.126368, 34.690263], [135.12644, 34.690358], [135.126448, 34.690369], [135.126481, 34.690413], [135.126732, 34.690612], [135.126783, 34.690653], [135.127157, 34.690874], [135.127545, 34.691104], [135.127793, 34.691228], [135.128028, 34.691347], [135.128112, 34.691392], [135.128217, 34.691448], [135.128874, 34.691801], [135.12918, 34.691965], [135.129217, 34.691985], [135.129518, 34.692156], [135.12981, 34.692321], [135.130155, 34.692517], [135.130179, 34.69253], [135.13041, 34.692705], [135.13052, 34.692789], [135.130676, 34.69288], [135.131168, 34.693167], [135.131189, 34.693177], [135.131442, 34.693308], [135.131612, 34.693104], [135.132544, 34.69202], [135.132826, 34.69221], [135.133927, 34.691344], [135.134825, 34.691914], [135.134365, 34.692674], [135.134972, 34.693222], [135.136382, 34.693363], [135.136519, 34.692757], [135.136853, 34.692884], [135.137365, 34.692652], [135.138566, 34.693092], [135.13904, 34.693396], [135.139532, 34.693191], [135.139778, 34.69306], [135.14051, 34.692671], [135.140909, 34.692404], [135.14117, 34.692195], [135.141337, 34.691982], [135.141343, 34.691975], [135.141597, 34.691632], [135.141844, 34.691244], [135.141961, 34.691001], [135.142094, 34.690728], [135.14228, 34.69042], [135.142388, 34.690242], [135.142517, 34.690026], [135.142608, 34.689941], [135.142798, 34.689822], [135.142991, 34.689778], [135.143207, 34.689775], [135.14345, 34.689819], [135.143715, 34.689878], [135.143583, 34.686418], [135.144249, 34.68589], [135.145866, 34.68703], [135.145662, 34.6876], [135.145868, 34.688022], [135.146729, 34.688131], [135.147155, 34.688153], [135.147159, 34.688145], [135.147232, 34.687963], [135.147292, 34.687832], [135.147383, 34.68775], [135.14752, 34.687675], [135.147835, 34.687609], [135.147964, 34.687597], [135.148115, 34.687613], [135.148173, 34.687628], [135.148177, 34.687629], [135.148256, 34.68765], [135.148281, 34.68766], [135.148663, 34.687816], [135.148732, 34.687844], [135.14878, 34.687861], [135.149005, 34.687938], [135.149051, 34.687937], [135.149099, 34.687935], [135.149088, 34.687826], [135.148978, 34.68751], [135.148952, 34.687437], [135.148845, 34.687114], [135.148914, 34.686923], [135.148916, 34.686905], [135.14894, 34.686754], [135.148891, 34.686523], [135.14883, 34.686359], [135.148815, 34.686206], [135.148872, 34.686097], [135.149043, 34.685906], [135.149521, 34.685476], [135.149676, 34.685333], [135.149688, 34.685311], [135.149722, 34.685248], [135.149722, 34.685242], [135.149725, 34.685132], [135.149704, 34.684999], [135.149667, 34.684853], [135.149654, 34.684801], [135.149639, 34.684617], [135.149666, 34.684473], [135.149711, 34.684303], [135.149786, 34.684168], [135.149829, 34.68409], [135.149969, 34.683997], [135.150163, 34.683818], [135.150432, 34.683608], [135.15058, 34.68342], [135.150663, 34.683295], [135.150743, 34.683178], [135.150824, 34.683059], [135.151223, 34.68252], [135.151309, 34.682383], [135.151349, 34.68232]]]}}, {"type": "Feature", "id": "did-1990-12", "properties": {"A16_001": "281071", "A16_002": "28107", "A16_003": "神戸市須磨区", "A16_004": "1", "A16_005": "100500", "A16_006": "8.70", "A16_007": "90427", "A16_008": "8.20", "A16_009": "53.40", "A16_010": "30.60", "A16_011": "1990", "year": 1990, "population": 100500.0, "areaKm2": 8.7, "density": 11551.724137931036}, "geometry": {"type": "Polygon", "coordinates": [[[135.081102, 34.664586], [135.080973, 34.664555], [135.080656, 34.664533], [135.080486, 34.66455], [135.080378, 34.66456], [135.080108, 34.664626], [135.079869, 34.664729], [135.079671, 34.664858], [135.079533, 34.664948], [135.079309, 34.665123], [135.079268, 34.665155], [135.079083, 34.665248], [135.078918, 34.665297], [135.078773, 34.665319], [135.078588, 34.665308], [135.078275, 34.665237], [135.078139, 34.665206], [135.07796, 34.665165], [135.077894, 34.66515], [135.077822, 34.665084], [135.077812, 34.665047], [135.077795, 34.664986], [135.077803, 34.664919], [135.077812, 34.664848], [135.077815, 34.664822], [135.077841, 34.664604], [135.077815, 34.664451], [135.077743, 34.664342], [135.077604, 34.664276], [135.077445, 34.664276], [135.077313, 34.664347], [135.077095, 34.664565], [135.077095, 34.664565], [135.07689, 34.664871], [135.07686, 34.664976], [135.076837, 34.665057], [135.076815, 34.665286], [135.076804, 34.665395], [135.076738, 34.665564], [135.076474, 34.66593], [135.076401, 34.666039], [135.07633, 34.666145], [135.076247, 34.666269], [135.076229, 34.666296], [135.076189, 34.66633], [135.076091, 34.666411], [135.076085, 34.666416], [135.076038, 34.666471], [135.075998, 34.666624], [135.075945, 34.666754], [135.075919, 34.666842], [135.075972, 34.666929], [135.076091, 34.666978], [135.076195, 34.666988], [135.076269, 34.666995], [135.076514, 34.666994], [135.076526, 34.666997], [135.076646, 34.667022], [135.07693, 34.667142], [135.077055, 34.667164], [135.077227, 34.667142], [135.077353, 34.667065], [135.077488, 34.666943], [135.077558, 34.666879], [135.077652, 34.666833], [135.077756, 34.666781], [135.077861, 34.666793], [135.077954, 34.666847], [135.077993, 34.666945], [135.077987, 34.667153], [135.078046, 34.667295], [135.078185, 34.66748], [135.078218, 34.667611], [135.078185, 34.667639], [135.078006, 34.667595], [135.077841, 34.667616], [135.077689, 34.667726], [135.077688, 34.667729], [135.077667, 34.667782], [135.077656, 34.667808], [135.077703, 34.668228], [135.077675, 34.668284], [135.077656, 34.668321], [135.077612, 34.668353], [135.077576, 34.668379], [135.077498, 34.668436], [135.0773, 34.668594], [135.077246, 34.668621], [135.076989, 34.668752], [135.076935, 34.668801], [135.076851, 34.668878], [135.076771, 34.669058], [135.076745, 34.669227], [135.076771, 34.669413], [135.076824, 34.669496], [135.076857, 34.669549], [135.07689, 34.669585], [135.076953, 34.669651], [135.077125, 34.669763], [135.077245, 34.669853], [135.077292, 34.669916], [135.077352, 34.670027], [135.077437, 34.670101], [135.077494, 34.670151], [135.07768, 34.670255], [135.078131, 34.670334], [135.078064, 34.670378], [135.077923, 34.67047], [135.077843, 34.670523], [135.077548, 34.670715], [135.077685, 34.670848], [135.077856, 34.671013], [135.0781, 34.670923], [135.078585, 34.670743], [135.078747, 34.670683], [135.078787, 34.670665], [135.079174, 34.670485], [135.079502, 34.670334], [135.080146, 34.669916], [135.080298, 34.669784], [135.080478, 34.669683], [135.080556, 34.669666], [135.080616, 34.669653], [135.080709, 34.669653], [135.080722, 34.669653], [135.080849, 34.66969], [135.080966, 34.669724], [135.08101, 34.66973], [135.081186, 34.669753], [135.081211, 34.669756], [135.081252, 34.669762], [135.081382, 34.669779], [135.081516, 34.669771], [135.081685, 34.669761], [135.081858, 34.669751], [135.082055, 34.669769], [135.082173, 34.669817], [135.082188, 34.669823], [135.082298, 34.669916], [135.082397, 34.670006], [135.0824, 34.670008], [135.082634, 34.67017], [135.082785, 34.670291], [135.082807, 34.670309], [135.082768, 34.670348], [135.082578, 34.670522], [135.082529, 34.670573], [135.08244, 34.670664], [135.082283, 34.671047], [135.081977, 34.671605], [135.081891, 34.671826], [135.081884, 34.671847], [135.081857, 34.671926], [135.08185, 34.671979], [135.081839, 34.672061], [135.081852, 34.672196], [135.081876, 34.672429], [135.08186, 34.672473], [135.081768, 34.672728], [135.081634, 34.673064], [135.081521, 34.673346], [135.081484, 34.673439], [135.081468, 34.67347], [135.081389, 34.673623], [135.081329, 34.673738], [135.081301, 34.673793], [135.081219, 34.673843], [135.081055, 34.673943], [135.080922, 34.674142], [135.080922, 34.674206], [135.080922, 34.674273], [135.080991, 34.674359], [135.080999, 34.674437], [135.081103, 34.674498], [135.081347, 34.67457], [135.081654, 34.674661], [135.081675, 34.674667], [135.081814, 34.674704], [135.082012, 34.674775], [135.082249, 34.674878], [135.082494, 34.674985], [135.082555, 34.675018], [135.082711, 34.675104], [135.082743, 34.675125], [135.082893, 34.675225], [135.08316, 34.675404], [135.083612, 34.675705], [135.083642, 34.675725], [135.083905, 34.675897], [135.08427, 34.67616], [135.084271, 34.676161], [135.084153, 34.676317], [135.084028, 34.676483], [135.08436, 34.676676], [135.084437, 34.676721], [135.084564, 34.676879], [135.084566, 34.676881], [135.084564, 34.676884], [135.084557, 34.676893], [135.084663, 34.676965], [135.089654, 34.678281], [135.092484, 34.67768], [135.092402, 34.678765], [135.092067, 34.680151], [135.086013, 34.680174], [135.08604, 34.679643], [135.083966, 34.679666], [135.083406, 34.680636], [135.083351, 34.681514], [135.083576, 34.681791], [135.083184, 34.682322], [135.083297, 34.682692], [135.082317, 34.683661], [135.081952, 34.683754], [135.081421, 34.684931], [135.080917, 34.685093], [135.08089, 34.686132], [135.081115, 34.686964], [135.080528, 34.688049], [135.080276, 34.688234], [135.080192, 34.688926], [135.080462, 34.689467], [135.080463, 34.689543], [135.080612, 34.689502], [135.080683, 34.689483], [135.08076, 34.689502], [135.080873, 34.689531], [135.081007, 34.689565], [135.081156, 34.689658], [135.081296, 34.689747], [135.08147, 34.689857], [135.081539, 34.68992], [135.081691, 34.690104], [135.081801, 34.69023], [135.082125, 34.690406], [135.082125, 34.690407], [135.082225, 34.69046], [135.082276, 34.690523], [135.082302, 34.690593], [135.082351, 34.690729], [135.082319, 34.690911], [135.082271, 34.691079], [135.082254, 34.691213], [135.082256, 34.691344], [135.082258, 34.691403], [135.08243, 34.691614], [135.082431, 34.691616], [135.082537, 34.691731], [135.082681, 34.691824], [135.082744, 34.691858], [135.082829, 34.691904], [135.082875, 34.691904], [135.08306, 34.691904], [135.083236, 34.691904], [135.083295, 34.691885], [135.083582, 34.691792], [135.083796, 34.691726], [135.083982, 34.691712], [135.08434, 34.691695], [135.084509, 34.691678], [135.084609, 34.69169], [135.084626, 34.691692], [135.084716, 34.691706], [135.084813, 34.691755], [135.084947, 34.691823], [135.08504, 34.691908], [135.085142, 34.691944], [135.085262, 34.691987], [135.085476, 34.692075], [135.085941, 34.692251], [135.086275, 34.692297], [135.086471, 34.692291], [135.086894, 34.692199], [135.086941, 34.692185], [135.087755, 34.691951], [135.087765, 34.691948], [135.088038, 34.691894], [135.088481, 34.691805], [135.088687, 34.691783], [135.089025, 34.691748], [135.089414, 34.691773], [135.089501, 34.691788], [135.089575, 34.691855], [135.089707, 34.691975], [135.090003, 34.692228], [135.090143, 34.692347], [135.090525, 34.692699], [135.090691, 34.692795], [135.09087, 34.692899], [135.09118, 34.692913], [135.091671, 34.692934], [135.092116, 34.6929], [135.092336, 34.692892], [135.09244, 34.692897], [135.092626, 34.692894], [135.092753, 34.692909], [135.092853, 34.692946], [135.092896, 34.692987], [135.093053, 34.693137], [135.093063, 34.693147], [135.093139, 34.693219], [135.093249, 34.693464], [135.093266, 34.693575], [135.093259, 34.693649], [135.093235, 34.693723], [135.093204, 34.693828], [135.0932, 34.694008], [135.093198, 34.694089], [135.093397, 34.69424], [135.093467, 34.694293], [135.093487, 34.694309], [135.093575, 34.694375], [135.093682, 34.694455], [135.093813, 34.694589], [135.093878, 34.694664], [135.093903, 34.694694], [135.093911, 34.694703], [135.093949, 34.694747], [135.094121, 34.694946], [135.094262, 34.695176], [135.094354, 34.695331], [135.094404, 34.695416], [135.094534, 34.695575], [135.094533, 34.695607], [135.094531, 34.695654], [135.094532, 34.695693], [135.094535, 34.695758], [135.094537, 34.695839], [135.094538, 34.695859], [135.094583, 34.696059], [135.094616, 34.696205], [135.094627, 34.696254], [135.094666, 34.696425], [135.09468, 34.696488], [135.094696, 34.696561], [135.09481, 34.697035], [135.094838, 34.697152], [135.094839, 34.697157], [135.094928, 34.697505], [135.094954, 34.697609], [135.095034, 34.697926], [135.095046, 34.697972], [135.095875, 34.698024], [135.096492, 34.697908], [135.097501, 34.697492], [135.097669, 34.697285], [135.098482, 34.697308], [135.097977, 34.696938], [135.098341, 34.696684], [135.099042, 34.697284], [135.099519, 34.697261], [135.099434, 34.696869], [135.099826, 34.696615], [135.100387, 34.696614], [135.100304, 34.697169], [135.101285, 34.697053], [135.101593, 34.696776], [135.102013, 34.696683], [135.102237, 34.696175], [135.101956, 34.695506], [135.102264, 34.695413], [135.102403, 34.695021], [135.103019, 34.694374], [135.10344, 34.69442], [135.103133, 34.695205], [135.103191, 34.696499], [135.102939, 34.697122], [135.103864, 34.697076], [135.104145, 34.697283], [135.107032, 34.697098], [135.107173, 34.697167], [135.108153, 34.696613], [135.108349, 34.696659], [135.108711, 34.694673], [135.109552, 34.694881], [135.110589, 34.694857], [135.111206, 34.694696], [135.112131, 34.694303], [135.11171, 34.694164], [135.111457, 34.693749], [135.111176, 34.693703], [135.110868, 34.693934], [135.110587, 34.693287], [135.111007, 34.692617], [135.111259, 34.692594], [135.111118, 34.692086], [135.110529, 34.69211], [135.110417, 34.691786], [135.110136, 34.691763], [135.110164, 34.691394], [135.109743, 34.691371], [135.109434, 34.691024], [135.109126, 34.691048], [135.108846, 34.691279], [135.107837, 34.691163], [135.107809, 34.691556], [135.107613, 34.691995], [135.107165, 34.692318], [135.106633, 34.692318], [135.106772, 34.691718], [135.106408, 34.691718], [135.105875, 34.691926], [135.105876, 34.692157], [135.105567, 34.692249], [135.1054, 34.692619], [135.105063, 34.692596], [135.105063, 34.692226], [135.104586, 34.691995], [135.104585, 34.691695], [135.103911, 34.690933], [135.105144, 34.690448], [135.105312, 34.690032], [135.105282, 34.68897], [135.105955, 34.688947], [135.10587, 34.688254], [135.105253, 34.68807], [135.105196, 34.687793], [135.105392, 34.687585], [135.105447, 34.686753], [135.105783, 34.686361], [135.105726, 34.685783], [135.10595, 34.685668], [135.10595, 34.685229], [135.106202, 34.68516], [135.106088, 34.684028], [135.106844, 34.683589], [135.106956, 34.683151], [135.106815, 34.682666], [135.107627, 34.682134], [135.108216, 34.68225], [135.108581, 34.682804], [135.108945, 34.68255], [135.108748, 34.682019], [135.108719, 34.681742], [135.109224, 34.681742], [135.109253, 34.682573], [135.109534, 34.682873], [135.109983, 34.682873], [135.11029, 34.682319], [135.110598, 34.682226], [135.110515, 34.683011], [135.110039, 34.683335], [135.10931, 34.683243], [135.109564, 34.683889], [135.111216, 34.683034], [135.111218, 34.68435], [135.112368, 34.684512], [135.113207, 34.683611], [135.114553, 34.684049], [135.114441, 34.683611], [135.114889, 34.683611], [135.115338, 34.683795], [135.118, 34.68294], [135.118701, 34.683402], [135.11985, 34.683424], [135.120356, 34.683794], [135.120859, 34.682893], [135.121195, 34.68287], [135.121446, 34.682246], [135.121473, 34.681553], [135.121753, 34.681507], [135.121753, 34.681299], [135.121501, 34.681184], [135.121528, 34.681045], [135.122145, 34.681068], [135.121835, 34.680306], [135.123882, 34.680606], [135.125115, 34.680582], [135.126124, 34.680443], [135.127329, 34.680374], [135.1273, 34.679496], [135.126964, 34.679496], [135.126486, 34.679127], [135.125646, 34.67915], [135.125645, 34.678665], [135.125279, 34.677904], [135.122727, 34.676981], [135.122419, 34.677143], [135.12183, 34.676843], [135.120454, 34.675642], [135.120482, 34.675157], [135.120396, 34.674303], [135.120816, 34.674026], [135.120479, 34.673772], [135.120479, 34.673356], [135.12017, 34.673333], [135.119778, 34.67361], [135.119106, 34.673634], [135.117733, 34.67435], [135.11667, 34.675158], [135.11566, 34.674789], [135.115127, 34.674281], [135.11437, 34.674351], [135.114033, 34.673774], [135.113669, 34.673958], [135.113472, 34.673889], [135.113444, 34.673589], [135.113192, 34.673497], [135.11294, 34.67382], [135.112855, 34.673543], [135.112575, 34.673358], [135.112601, 34.672458], [135.113105, 34.672111], [135.114032, 34.672965], [135.114928, 34.672619], [135.115013, 34.673011], [135.114732, 34.673058], [135.114957, 34.673381], [135.115489, 34.673265], [135.116387, 34.673819], [135.117228, 34.673519], [135.116975, 34.673011], [135.116526, 34.672826], [135.116076, 34.672157], [135.116076, 34.67181], [135.116748, 34.671787], [135.116805, 34.672156], [135.117029, 34.672156], [135.117197, 34.672018], [135.11745, 34.672179], [135.117758, 34.672179], [135.11787, 34.672018], [135.118571, 34.672433], [135.119188, 34.672248], [135.119103, 34.671717], [135.11927, 34.671509], [135.119129, 34.671001], [135.119969, 34.670539], [135.119577, 34.670216], [135.119772, 34.669569], [135.119126, 34.669038], [135.117949, 34.668969], [135.117136, 34.668739], [135.115426, 34.668693], [135.11509, 34.668739], [135.114865, 34.668508], [135.113184, 34.668694], [135.113017, 34.669132], [135.11254, 34.669225], [135.112288, 34.668879], [135.112008, 34.669063], [135.111504, 34.669779], [135.110831, 34.669687], [135.110103, 34.66978], [135.109655, 34.669988], [135.10873, 34.669942], [135.107552, 34.669595], [135.106206, 34.668788], [135.105223, 34.667795], [135.104463, 34.665416], [135.103764, 34.666363], [135.103456, 34.666363], [135.103315, 34.665994], [135.102867, 34.666156], [135.103232, 34.666964], [135.103821, 34.667033], [135.104103, 34.668303], [135.104217, 34.669296], [135.105451, 34.670196], [135.105985, 34.671489], [135.106379, 34.672321], [135.10739, 34.673313], [135.108456, 34.674468], [135.109243, 34.675599], [135.108879, 34.675922], [135.109637, 34.67673], [135.109862, 34.6774], [135.110171, 34.677931], [135.109023, 34.678278], [135.108322, 34.678647], [135.108182, 34.678509], [135.108546, 34.678024], [135.107705, 34.678232], [135.107172, 34.677562], [135.106975, 34.677239], [135.10633, 34.677147], [135.106301, 34.676593], [135.1056, 34.676108], [135.105348, 34.67657], [135.10504, 34.676454], [135.104479, 34.676016], [135.103664, 34.674538], [135.100355, 34.673753], [135.10083, 34.672783], [135.10167, 34.67179], [135.103913, 34.67246], [135.10394, 34.671928], [135.103883, 34.671397], [135.103518, 34.670705], [135.103461, 34.67022], [135.103545, 34.670012], [135.10405, 34.670173], [135.104133, 34.669827], [135.103432, 34.669435], [135.103012, 34.669527], [135.102507, 34.668973], [135.102478, 34.668465], [135.102673, 34.667541], [135.102308, 34.667449], [135.101859, 34.667126], [135.101803, 34.666895], [135.101383, 34.666872], [135.101047, 34.667195], [135.100794, 34.66708], [135.099981, 34.667057], [135.099841, 34.66671], [135.099448, 34.666479], [135.099475, 34.665879], [135.098213, 34.665256], [135.097765, 34.665117], [135.095971, 34.665071], [135.09583, 34.664679], [135.095579, 34.665602], [135.095776, 34.665672], [135.095804, 34.665995], [135.096478, 34.666572], [135.095889, 34.666688], [135.095468, 34.665764], [135.094991, 34.665626], [135.094823, 34.66581], [135.095188, 34.666087], [135.095357, 34.666826], [135.094656, 34.66678], [135.094655, 34.66618], [135.094011, 34.666111], [135.09401, 34.665718], [135.093646, 34.665764], [135.093508, 34.667242], [135.093956, 34.667242], [135.09376, 34.667566], [135.093649, 34.668304], [135.093173, 34.66805], [135.092444, 34.667866], [135.092527, 34.667589], [135.092863, 34.667404], [135.092106, 34.666573], [135.091938, 34.667104], [135.09104, 34.666411], [135.090284, 34.66625], [135.089807, 34.666273], [135.089584, 34.667035], [135.088967, 34.66685], [135.088967, 34.666688], [135.089163, 34.666665], [135.089163, 34.666388], [135.088994, 34.666296], [135.089246, 34.665949], [135.088966, 34.665834], [135.088405, 34.665857], [135.088042, 34.666388], [135.088042, 34.667012], [135.087455, 34.66752], [135.08723, 34.66752], [135.087315, 34.667912], [135.087175, 34.668282], [135.086951, 34.668282], [135.086642, 34.667935], [135.085998, 34.668282], [135.085578, 34.668674], [135.084905, 34.668166], [135.084429, 34.668374], [135.084008, 34.668097], [135.083307, 34.668028], [135.08314, 34.668651], [135.082579, 34.668698], [135.081963, 34.668513], [135.081541, 34.667612], [135.0814, 34.666781], [135.081287, 34.666134], [135.081847, 34.665765], [135.082222, 34.664917], [135.082251, 34.66479], [135.082228, 34.664779], [135.082059, 34.664769], [135.081998, 34.664766], [135.081838, 34.664757], [135.081681, 34.664724], [135.081653, 34.664718], [135.081369, 34.66465], [135.081102, 34.664586]]]}}, {"type": "Feature", "id": "did-1990-13", "properties": {"A16_001": "281072", "A16_002": "28107", "A16_003": "神戸市須磨区", "A16_004": "2", "A16_005": "70288", "A16_006": "6.10", "A16_007": "72389", "A16_008": "5.70", "A16_009": "37.40", "A16_010": "21.50", "A16_011": "1990", "year": 1990, "population": 70288.0, "areaKm2": 6.1, "density": 11522.622950819672}, "geometry": {"type": "Polygon", "coordinates": [[[135.131132, 34.672862], [135.131169, 34.672814], [135.131184, 34.672652], [135.131202, 34.672457], [135.131214, 34.672325], [135.131243, 34.671865], [135.131244, 34.671825], [135.13126, 34.671495], [135.131254, 34.67134], [135.13122, 34.671255], [135.131214, 34.671234], [135.131186, 34.671138], [135.131205, 34.671103], [135.131231, 34.671053], [135.131309, 34.670982], [135.131368, 34.670927], [135.131402, 34.670753], [135.131441, 34.670441], [135.131448, 34.670391], [135.131452, 34.670319], [135.131476, 34.669918], [135.131477, 34.669908], [135.131497, 34.669772], [135.131499, 34.669759], [135.131505, 34.669711], [135.131515, 34.669645], [135.131527, 34.669607], [135.131555, 34.669516], [135.131596, 34.669466], [135.13163, 34.669423], [135.131648, 34.669402], [135.131696, 34.669343], [135.131746, 34.669281], [135.131813, 34.669198], [135.131861, 34.669139], [135.131942, 34.668982], [135.131971, 34.668867], [135.131968, 34.668746], [135.131966, 34.668659], [135.131965, 34.668619], [135.131964, 34.6686], [135.131941, 34.668261], [135.131906, 34.667941], [135.13186, 34.667717], [135.131819, 34.667364], [135.131814, 34.66714], [135.131833, 34.667021], [135.131843, 34.666963], [135.131952, 34.666696], [135.132038, 34.66652], [135.132047, 34.666501], [135.132093, 34.666329], [135.132105, 34.666201], [135.132101, 34.666165], [135.132087, 34.666053], [135.131989, 34.665881], [135.131881, 34.665749], [135.131775, 34.665619], [135.131758, 34.665599], [135.131747, 34.665536], [135.131741, 34.665499], [135.131787, 34.665389], [135.131943, 34.665238], [135.132027, 34.665155], [135.132266, 34.664922], [135.132318, 34.664817], [135.132337, 34.664743], [135.132341, 34.664726], [135.132334, 34.6647], [135.132295, 34.664569], [135.13231, 34.664484], [135.132313, 34.664468], [135.132353, 34.66442], [135.132388, 34.664379], [135.132405, 34.664359], [135.132423, 34.664347], [135.13268, 34.664181], [135.132835, 34.664054], [135.133211, 34.663747], [135.133309, 34.66367], [135.133354, 34.663636], [135.133402, 34.663598], [135.133507, 34.663516], [135.133523, 34.663504], [135.13386, 34.663153], [135.134003, 34.663006], [135.134019, 34.662988], [135.134135, 34.662876], [135.134193, 34.66282], [135.134458, 34.662564], [135.134525, 34.662493], [135.134554, 34.662463], [135.134587, 34.662428], [135.134822, 34.662182], [135.135123, 34.661866], [135.135187, 34.661798], [135.135228, 34.661755], [135.135249, 34.661734], [135.135286, 34.661694], [135.135319, 34.66166], [135.135423, 34.66155], [135.135721, 34.66125], [135.135761, 34.661208], [135.135885, 34.661083], [135.136006, 34.660961], [135.136056, 34.660911], [135.136091, 34.660875], [135.136131, 34.660835], [135.136486, 34.660477], [135.136517, 34.660444], [135.136681, 34.660275], [135.136716, 34.66024], [135.137021, 34.659926], [135.137063, 34.659882], [135.137101, 34.659843], [135.137172, 34.65977], [135.137288, 34.659651], [135.137351, 34.659586], [135.137505, 34.659427], [135.137532, 34.6594], [135.137595, 34.659335], [135.137819, 34.659104], [135.137843, 34.659079], [135.137883, 34.659041], [135.137934, 34.658993], [135.137968, 34.65896], [135.138109, 34.658826], [135.138335, 34.658643], [135.138446, 34.658553], [135.138566, 34.658456], [135.138649, 34.658388], [135.138703, 34.658344], [135.138715, 34.658335], [135.138773, 34.658274], [135.139057, 34.657974], [135.139125, 34.657903], [135.139168, 34.657858], [135.139645, 34.657354], [135.139719, 34.657276], [135.139736, 34.657259], [135.139916, 34.657074], [135.139954, 34.657036], [135.140052, 34.656936], [135.14014, 34.656847], [135.140214, 34.656771], [135.140348, 34.656635], [135.140681, 34.656301], [135.140831, 34.656151], [135.140875, 34.656106], [135.140883, 34.656098], [135.140958, 34.656023], [135.141068, 34.655913], [135.141106, 34.655875], [135.141232, 34.655749], [135.141296, 34.655684], [135.141427, 34.655553], [135.141516, 34.655464], [135.141608, 34.655372], [135.141649, 34.65533], [135.141676, 34.655303], [135.141021, 34.654904], [135.140961, 34.654867], [135.140918, 34.654841], [135.14069, 34.654702], [135.140124, 34.654339], [135.139983, 34.654258], [135.139869, 34.654192], [135.139435, 34.653941], [135.139316, 34.653872], [135.139194, 34.653798], [135.139069, 34.653722], [135.138927, 34.653636], [135.13882, 34.653571], [135.138735, 34.65352], [135.138719, 34.65351], [135.138633, 34.65345], [135.138445, 34.653318], [135.138373, 34.653267], [135.138211, 34.653134], [135.138103, 34.653046], [135.138021, 34.652979], [135.137807, 34.652804], [135.137789, 34.65279], [135.137443, 34.652521], [135.137345, 34.652446], [135.137144, 34.652318], [135.137103, 34.652291], [135.136814, 34.652107], [135.136169, 34.651762], [135.13612, 34.651736], [135.13608, 34.651714], [135.135883, 34.651609], [135.135813, 34.651494], [135.135747, 34.651328], [135.135724, 34.651269], [135.135715, 34.651246], [135.135699, 34.651228], [135.135582, 34.651093], [135.135406, 34.651001], [135.134983, 34.650777], [135.134577, 34.650563], [135.134497, 34.650521], [135.1345, 34.650517], [135.134716, 34.650284], [135.134882, 34.650104], [135.13492, 34.650063], [135.134959, 34.650021], [135.135119, 34.649848], [135.1352, 34.64976], [135.135437, 34.649564], [135.135539, 34.649504], [135.135691, 34.649416], [135.135701, 34.649408], [135.135783, 34.649346], [135.135827, 34.649313], [135.135899, 34.649259], [135.135936, 34.649219], [135.136078, 34.649068], [135.136155, 34.648984], [135.136245, 34.648886], [135.136302, 34.648823], [135.136458, 34.648649], [135.136505, 34.648597], [135.136522, 34.648577], [135.136712, 34.648366], [135.136719, 34.648358], [135.136771, 34.648299], [135.137109, 34.647923], [135.137183, 34.647841], [135.137272, 34.64774], [135.137313, 34.647695], [135.137443, 34.64755], [135.137493, 34.647494], [135.137782, 34.647169], [135.137886, 34.647012], [135.137961, 34.646863], [135.138024, 34.646739], [135.138082, 34.646545], [135.138134, 34.646372], [135.138208, 34.646039], [135.138261, 34.6458], [135.13833, 34.645518], [135.138398, 34.645279], [135.139065, 34.643702], [135.139618, 34.642613], [135.139647, 34.642555], [135.139702, 34.642445], [135.13971, 34.642429], [135.13971, 34.642429], [135.139692, 34.642421], [135.139538, 34.642357], [135.136988, 34.641313], [135.136522, 34.641362], [135.136507, 34.641468], [135.136257, 34.641824], [135.13608, 34.641739], [135.136026, 34.641829], [135.135819, 34.64183], [135.135825, 34.641869], [135.135575, 34.641918], [135.135577, 34.641928], [135.135157, 34.641931], [135.134465, 34.641937], [135.134465, 34.641915], [135.134073, 34.641923], [135.134043, 34.641096], [135.132081, 34.641274], [135.13209, 34.642459], [135.131096, 34.642448], [135.131081, 34.642519], [135.130821, 34.642518], [135.130821, 34.64244], [135.129856, 34.642409], [135.129857, 34.641888], [135.129754, 34.641876], [135.129646, 34.641884], [135.129523, 34.641904], [135.129376, 34.641957], [135.129209, 34.64201], [135.128826, 34.642131], [135.128448, 34.642253], [135.128216, 34.642326], [135.128054, 34.642371], [135.127863, 34.642391], [135.127666, 34.642431], [135.127465, 34.642464], [135.127269, 34.64248], [135.127082, 34.642492], [135.126839, 34.64248], [135.126574, 34.64246], [135.126398, 34.642439], [135.126226, 34.642395], [135.125976, 34.642306], [135.12576, 34.642241], [135.125475, 34.642143], [135.125166, 34.642026], [135.124941, 34.641929], [135.124673, 34.641784], [135.12457, 34.641731], [135.124486, 34.641711], [135.124428, 34.641719], [135.124241, 34.641812], [135.124015, 34.641909], [135.123834, 34.641994], [135.123677, 34.642055], [135.123485, 34.642112], [135.123319, 34.642161], [135.123117, 34.642205], [135.122999, 34.642218], [135.122779, 34.642234], [135.122617, 34.642238], [135.122534, 34.642226], [135.122416, 34.642193], [135.122313, 34.642185], [135.122224, 34.642199], [135.121964, 34.642208], [135.121713, 34.642208], [135.121552, 34.642198], [135.121409, 34.642176], [135.121007, 34.642118], [135.120901, 34.642089], [135.120624, 34.64201], [135.120486, 34.641955], [135.120322, 34.641871], [135.120163, 34.641771], [135.119994, 34.64164], [135.119851, 34.641503], [135.119687, 34.641298], [135.119631, 34.641255], [135.119556, 34.641234], [135.119464, 34.641243], [135.11938, 34.641268], [135.11906, 34.641431], [135.118838, 34.64153], [135.118201, 34.641773], [135.118068, 34.641806], [135.117907, 34.641821], [135.117776, 34.641816], [135.11766, 34.641796], [135.116958, 34.641568], [135.116569, 34.641438], [135.11635, 34.641354], [135.115854, 34.641156], [135.115699, 34.642049], [135.115569, 34.642038], [135.115576, 34.641985], [135.115126, 34.641955], [135.115103, 34.641947], [135.115093, 34.641928], [135.115106, 34.641816], [135.115164, 34.641813], [135.115203, 34.641593], [135.115047, 34.641589], [135.114621, 34.641556], [135.114394, 34.641551], [135.114153, 34.641541], [135.113893, 34.641531], [135.113232, 34.641486], [135.112979, 34.641457], [135.11293, 34.64144], [135.112909, 34.641402], [135.112917, 34.641302], [135.112731, 34.641364], [135.112603, 34.641395], [135.112439, 34.641413], [135.112248, 34.641409], [135.112097, 34.641395], [135.111981, 34.641376], [135.111863, 34.641341], [135.111743, 34.641281], [135.111616, 34.641207], [135.11147, 34.641116], [135.111439, 34.641266], [135.110529, 34.641125], [135.110466, 34.64111], [135.110364, 34.64107], [135.110312, 34.641029], [135.110275, 34.640981], [135.110467, 34.640483], [135.108796, 34.640017], [135.108601, 34.640098], [135.108488, 34.639948], [135.108334, 34.640017], [135.108158, 34.639981], [135.107868, 34.64059], [135.107702, 34.64055], [135.107488, 34.640489], [135.107295, 34.640428], [135.107105, 34.64036], [135.106862, 34.640271], [135.10668, 34.640199], [135.106507, 34.64012], [135.106317, 34.640022], [135.106074, 34.639895], [135.105875, 34.639777], [135.10567, 34.639656], [135.105519, 34.639578], [135.105386, 34.639521], [135.105173, 34.639448], [135.105009, 34.63939], [135.104888, 34.639336], [135.104766, 34.639269], [135.104624, 34.639176], [135.104511, 34.639086], [135.104419, 34.639009], [135.104332, 34.638916], [135.104168, 34.638771], [135.104013, 34.63866], [135.103933, 34.638595], [135.103822, 34.638528], [135.103758, 34.638471], [135.103667, 34.638381], [135.103515, 34.638216], [135.1034, 34.638113], [135.103241, 34.637973], [135.103205, 34.637936], [135.103108, 34.637837], [135.102999, 34.637755], [135.102894, 34.637685], [135.102802, 34.63762], [135.10272, 34.637539], [135.102636, 34.637476], [135.10258, 34.637425], [135.102563, 34.637375], [135.102567, 34.637307], [135.102554, 34.637246], [135.102506, 34.637153], [135.102449, 34.636994], [135.102398, 34.636927], [135.102329, 34.636892], [135.102191, 34.636852], [135.102035, 34.636831], [135.101606, 34.636756], [135.101312, 34.63672], [135.101064, 34.636688], [135.100896, 34.636663], [135.100709, 34.636609], [135.100523, 34.636548], [135.100346, 34.63648], [135.100103, 34.63638], [135.099956, 34.636323], [135.099631, 34.636216], [135.099428, 34.636133], [135.099164, 34.636043], [135.098621, 34.636743], [135.099132, 34.637337], [135.099492, 34.637831], [135.099254, 34.639266], [135.099255, 34.639711], [135.099465, 34.639934], [135.099526, 34.640132], [135.099886, 34.640156], [135.100427, 34.640997], [135.101267, 34.640972], [135.101538, 34.641244], [135.100909, 34.642135], [135.101059, 34.642333], [135.10088, 34.642654], [135.1013, 34.642778], [135.10154, 34.642555], [135.1022, 34.64258], [135.102231, 34.64305], [135.102981, 34.643446], [135.103132, 34.643891], [135.104123, 34.644187], [135.104303, 34.644608], [135.104724, 34.645078], [135.105145, 34.645473], [135.104965, 34.645869], [135.105476, 34.646215], [135.105926, 34.646265], [135.105208, 34.647526], [135.104488, 34.647848], [135.105059, 34.648046], [135.105389, 34.647972], [135.105329, 34.648194], [135.1062, 34.648565], [135.106978, 34.647353], [135.107099, 34.647922], [135.10743, 34.648021], [135.10797, 34.64802], [135.109862, 34.649281], [135.109805, 34.651062], [135.111875, 34.650617], [135.112055, 34.650765], [135.112836, 34.65121], [135.113617, 34.651507], [135.113977, 34.651531], [135.114189, 34.652347], [135.114639, 34.65252], [135.11464, 34.653238], [135.114281, 34.653881], [135.113712, 34.654376], [135.114283, 34.65492], [135.115423, 34.654425], [135.116352, 34.653658], [135.116651, 34.653064], [135.116739, 34.651728], [135.11809, 34.651777], [135.120552, 34.652321], [135.120582, 34.65242], [135.119562, 34.652989], [135.119953, 34.653558], [135.119145, 34.654646], [135.117735, 34.65529], [135.117796, 34.655834], [135.118246, 34.655685], [135.118786, 34.655809], [135.119237, 34.656031], [135.119508, 34.656625], [135.119209, 34.657367], [135.11849, 34.658307], [135.11738, 34.658382], [135.117321, 34.658852], [135.116631, 34.659223], [135.116721, 34.659495], [135.117832, 34.659519], [135.118372, 34.659099], [135.119122, 34.659049], [135.119933, 34.659296], [135.119933, 34.659816], [135.119483, 34.659791], [135.119123, 34.659519], [135.118493, 34.659767], [135.118494, 34.660434], [135.118794, 34.660805], [135.118585, 34.661349], [135.119516, 34.661201], [135.119756, 34.661374], [135.120266, 34.661027], [135.120805, 34.660508], [135.124136, 34.660235], [135.124286, 34.659987], [135.124947, 34.660036], [135.125488, 34.660605], [135.126329, 34.660976], [135.12744, 34.661099], [135.127709, 34.660852], [135.12807, 34.661297], [135.127561, 34.661618], [135.127622, 34.662138], [135.127262, 34.662262], [135.126902, 34.662806], [135.125942, 34.662955], [135.125763, 34.663474], [135.124862, 34.663499], [135.124863, 34.664019], [135.124563, 34.664241], [135.124895, 34.665255], [135.124957, 34.666492], [135.125288, 34.666962], [135.12529, 34.66763], [135.12571, 34.667877], [135.125711, 34.668421], [135.124842, 34.669064], [135.124301, 34.668867], [135.12364, 34.668818], [135.123401, 34.668966], [135.12328, 34.668645], [135.120547, 34.667928], [135.12037, 34.669858], [135.120791, 34.670228], [135.120853, 34.671317], [135.121064, 34.671836], [135.121815, 34.672083], [135.122146, 34.672429], [135.123496, 34.672305], [135.124036, 34.671983], [135.124005, 34.671415], [135.123644, 34.671118], [135.123614, 34.670796], [135.124364, 34.670549], [135.125085, 34.670697], [135.125984, 34.670202], [135.126313, 34.669435], [135.127063, 34.668989], [135.127902, 34.668396], [135.129254, 34.668717], [135.129165, 34.669261], [135.129525, 34.669409], [135.129256, 34.669656], [135.129677, 34.67025], [135.129617, 34.670621], [135.129347, 34.670572], [135.129079, 34.671487], [135.129619, 34.671536], [135.129722, 34.672139], [135.129738, 34.672353], [135.129758, 34.67236], [135.129803, 34.672377], [135.129863, 34.672414], [135.13002, 34.672512], [135.130082, 34.672551], [135.130107, 34.672576], [135.130209, 34.672682], [135.130236, 34.67271], [135.130354, 34.672786], [135.130441, 34.672842], [135.130703, 34.67294], [135.130793, 34.672973], [135.13093, 34.672989], [135.130958, 34.672992], [135.131078, 34.672936], [135.131121, 34.672877], [135.131132, 34.672862]]]}}, {"type": "Feature", "id": "did-1990-14", "properties": {"A16_001": "281073", "A16_002": "28107", "A16_003": "神戸市須磨区", "A16_004": "3", "A16_005": "10125", "A16_006": "0.90", "A16_007": "10802", "A16_008": "0.90", "A16_009": "5.40", "A16_010": "3.20", "A16_011": "1990", "year": 1990, "population": 10125.0, "areaKm2": 0.9, "density": 11250.0}, "geometry": {"type": "Polygon", "coordinates": [[[135.095738, 34.653508], [135.096167, 34.653963], [135.096907, 34.653879], [135.097265, 34.654174], [135.097061, 34.654468], [135.097495, 34.654531], [135.097547, 34.654931], [135.097904, 34.654952], [135.098008, 34.655688], [135.097728, 34.656445], [135.098085, 34.656445], [135.099029, 34.656046], [135.099208, 34.656172], [135.098877, 34.656719], [135.098468, 34.656656], [135.098469, 34.657034], [135.098827, 34.657455], [135.099414, 34.657581], [135.099644, 34.657918], [135.099339, 34.658675], [135.099314, 34.658885], [135.09985, 34.658843], [135.099979, 34.659769], [135.099391, 34.659727], [135.100158, 34.660337], [135.099903, 34.660673], [135.10044, 34.661178], [135.100721, 34.660926], [135.101308, 34.661115], [135.101793, 34.661073], [135.102252, 34.660799], [135.103068, 34.660042], [135.104396, 34.660694], [135.104728, 34.660693], [135.10562, 34.659747], [135.106844, 34.658863], [135.109088, 34.657453], [135.1097, 34.656591], [135.110619, 34.656569], [135.111181, 34.656716], [135.111588, 34.656317], [135.11266, 34.656295], [135.11289, 34.656127], [135.112634, 34.655706], [135.111254, 34.654781], [135.109108, 34.653141], [135.107038, 34.651437], [135.106067, 34.651038], [135.104561, 34.650723], [135.103437, 34.650702], [135.103672, 34.653983], [135.103289, 34.65432], [135.102652, 34.654552], [135.101835, 34.654404], [135.101094, 34.6539], [135.100404, 34.653248], [135.100362, 34.653156], [135.100383, 34.653098], [135.100158, 34.652879], [135.100002, 34.652725], [135.09996, 34.652683], [135.098962, 34.651858], [135.0989, 34.651817], [135.098764, 34.651727], [135.09848, 34.651645], [135.097621, 34.651536], [135.096987, 34.651579], [135.09698, 34.651579], [135.096637, 34.651634], [135.096279, 34.651719], [135.096221, 34.651733], [135.096009, 34.651831], [135.095771, 34.651913], [135.095615, 34.651978], [135.095537, 34.65201], [135.095507, 34.652022], [135.095512, 34.652029], [135.09559, 34.652124], [135.095679, 34.652234], [135.096013, 34.652174], [135.096135, 34.652153], [135.096174, 34.652185], [135.096161, 34.65224], [135.096082, 34.652281], [135.096044, 34.6523], [135.09595, 34.652349], [135.095917, 34.652409], [135.096009, 34.652748], [135.096062, 34.652786], [135.096167, 34.652788], [135.096293, 34.652791], [135.096333, 34.652819], [135.096379, 34.65295], [135.096363, 34.652997], [135.096339, 34.653064], [135.09626, 34.653124], [135.095989, 34.653261], [135.095851, 34.65337], [135.095751, 34.653485], [135.095738, 34.653508]]]}}, {"type": "Feature", "id": "did-1990-15", "properties": {"A16_001": "281081", "A16_002": "28108", "A16_003": "神戸市垂水区", "A16_004": "1", "A16_005": "214471", "A16_006": "17.60", "A16_007": "205663", "A16_008": "16.30", "A16_009": "91.20", "A16_010": "61.60", "A16_011": "1990", "year": 1990, "population": 214471.0, "areaKm2": 17.6, "density": 12185.852272727272}, "geometry": {"type": "Polygon", "coordinates": [[[135.018687, 34.643312], [135.018731, 34.643393], [135.01883, 34.643573], [135.018914, 34.643726], [135.018992, 34.643868], [135.018993, 34.64387], [135.019038, 34.64398], [135.019116, 34.64431], [135.019152, 34.644463], [135.019206, 34.644644], [135.019432, 34.645084], [135.019594, 34.6454], [135.019629, 34.645463], [135.01978, 34.645731], [135.0199, 34.646078], [135.019996, 34.646255], [135.020021, 34.646292], [135.020071, 34.646368], [135.020234, 34.646613], [135.020266, 34.646783], [135.020252, 34.646832], [135.020172, 34.647116], [135.020166, 34.647135], [135.02011, 34.647336], [135.020115, 34.647389], [135.020116, 34.647397], [135.020517, 34.647826], [135.020871, 34.648168], [135.021374, 34.648593], [135.021721, 34.648852], [135.021727, 34.648856], [135.021931, 34.648977], [135.022087, 34.649069], [135.022132, 34.649096], [135.022233, 34.649154], [135.022755, 34.649453], [135.022802, 34.649482], [135.023237, 34.649751], [135.023247, 34.649758], [135.023516, 34.649973], [135.02395, 34.650498], [135.024297, 34.650944], [135.024494, 34.651231], [135.024534, 34.651274], [135.024782, 34.651538], [135.025447, 34.652038], [135.025646, 34.652189], [135.025818, 34.652318], [135.025933, 34.652396], [135.026151, 34.652542], [135.026776, 34.652964], [135.026788, 34.652971], [135.026997, 34.653113], [135.027226, 34.653267], [135.027319, 34.653329], [135.027623, 34.653534], [135.028498, 34.654178], [135.028788, 34.654409], [135.029115, 34.654668], [135.029349, 34.654888], [135.02948, 34.65501], [135.02969, 34.655268], [135.030062, 34.65584], [135.030151, 34.655976], [135.030315, 34.656295], [135.030372, 34.656407], [135.030413, 34.656459], [135.030455, 34.656513], [135.030534, 34.656615], [135.030605, 34.6567], [135.030851, 34.656996], [135.031158, 34.657299], [135.031305, 34.657444], [135.031391, 34.657529], [135.031488, 34.657608], [135.031659, 34.657749], [135.031765, 34.657835], [135.031853, 34.657907], [135.03215, 34.65815], [135.032349, 34.658312], [135.032505, 34.65844], [135.032517, 34.658509], [135.031766, 34.659039], [135.031653, 34.659119], [135.031059, 34.659491], [135.030913, 34.659583], [135.030913, 34.659583], [135.031085, 34.65989], [135.031368, 34.660225], [135.031482, 34.660421], [135.031566, 34.660654], [135.031887, 34.661305], [135.032038, 34.661517], [135.032216, 34.661766], [135.032453, 34.662113], [135.032659, 34.662347], [135.03298, 34.662606], [135.033043, 34.662622], [135.03311, 34.662638], [135.033118, 34.662637], [135.033176, 34.662635], [135.033369, 34.662625], [135.033599, 34.662625], [135.033649, 34.662636], [135.033798, 34.662669], [135.033996, 34.662745], [135.034223, 34.662933], [135.034317, 34.663011], [135.034712, 34.663414], [135.034923, 34.663578], [135.035074, 34.663696], [135.035193, 34.663768], [135.035241, 34.663798], [135.035299, 34.663881], [135.035313, 34.664111], [135.035314, 34.664122], [135.035331, 34.664407], [135.035334, 34.664453], [135.035341, 34.664583], [135.035343, 34.6646], [135.035365, 34.664634], [135.03538, 34.664656], [135.035415, 34.664708], [135.035524, 34.66478], [135.035781, 34.664816], [135.035871, 34.664828], [135.036038, 34.664852], [135.036125, 34.6649], [135.036172, 34.664968], [135.036191, 34.664996], [135.036278, 34.665277], [135.036372, 34.665469], [135.03639, 34.665485], [135.036444, 34.665535], [135.036494, 34.665535], [135.036553, 34.665535], [135.036809, 34.665323], [135.036879, 34.665265], [135.03693, 34.665277], [135.036946, 34.665291], [135.03706, 34.665393], [135.037173, 34.665494], [135.037198, 34.665517], [135.037213, 34.665583], [135.036825, 34.665937], [135.036912, 34.66602], [135.036944, 34.666049], [135.036909, 34.666079], [135.036806, 34.666166], [135.036681, 34.666074], [135.036478, 34.666278], [135.036408, 34.666348], [135.036394, 34.666419], [135.036408, 34.666509], [135.036408, 34.666719], [135.036792, 34.66721], [135.036894, 34.667258], [135.036929, 34.667258], [135.036991, 34.667258], [135.037111, 34.667214], [135.037192, 34.667206], [135.037259, 34.667236], [135.037483, 34.667554], [135.037756, 34.667858], [135.037882, 34.667925], [135.038029, 34.667951], [135.039261, 34.668028], [135.039427, 34.668103], [135.039543, 34.668224], [135.03968, 34.668586], [135.03979, 34.668727], [135.039861, 34.668819], [135.040216, 34.669089], [135.040303, 34.669131], [135.040455, 34.669179], [135.040477, 34.669233], [135.040426, 34.669389], [135.040339, 34.669473], [135.040238, 34.669515], [135.039999, 34.669557], [135.039999, 34.669557], [135.039963, 34.669604], [135.040029, 34.669916], [135.040078, 34.670036], [135.04013, 34.670082], [135.040207, 34.670119], [135.040266, 34.670122], [135.040339, 34.670105], [135.040443, 34.670056], [135.040551, 34.670013], [135.040638, 34.669961], [135.04069, 34.669916], [135.040701, 34.66991], [135.040843, 34.669841], [135.041256, 34.669715], [135.041343, 34.669661], [135.041358, 34.669578], [135.041247, 34.669354], [135.041242, 34.669344], [135.041235, 34.669194], [135.041293, 34.669146], [135.041464, 34.66909], [135.041892, 34.668951], [135.042177, 34.668859], [135.042199, 34.668775], [135.041967, 34.668403], [135.041964, 34.6684], [135.041768, 34.668161], [135.041775, 34.668094], [135.041795, 34.668089], [135.041858, 34.668074], [135.042173, 34.668214], [135.041944, 34.667944], [135.041773, 34.667714], [135.041836, 34.667348], [135.041603, 34.667069], [135.041201, 34.667034], [135.040439, 34.665936], [135.039825, 34.664943], [135.039889, 34.664508], [135.040311, 34.664438], [135.04084, 34.664856], [135.041073, 34.66463], [135.04194, 34.66477], [135.04304, 34.665362], [135.043737, 34.665432], [135.043991, 34.665711], [135.043421, 34.666164], [135.043506, 34.666687], [135.043908, 34.666983], [135.045091, 34.666147], [135.044753, 34.665781], [135.045196, 34.665572], [135.044964, 34.665363], [135.045069, 34.664788], [135.044773, 34.664631], [135.044815, 34.66423], [135.045217, 34.664231], [135.045195, 34.663847], [135.045892, 34.663046], [135.046082, 34.662628], [135.04642, 34.662227], [135.046484, 34.661827], [135.047033, 34.661879], [135.04754, 34.661304], [135.04881, 34.662211], [135.049782, 34.662594], [135.051728, 34.662839], [135.053546, 34.66256], [135.054772, 34.662212], [135.056082, 34.661655], [135.057224, 34.661934], [135.058451, 34.661864], [135.059762, 34.662875], [135.058368, 34.664199], [135.059045, 34.664304], [135.058834, 34.66507], [135.059172, 34.665314], [135.058792, 34.665453], [135.057819, 34.665453], [135.058412, 34.66629], [135.057947, 34.666742], [135.060488, 34.670541], [135.060911, 34.670367], [135.061841, 34.670123], [135.063152, 34.670228], [135.064633, 34.670576], [135.065902, 34.670716], [135.06662, 34.670542], [135.067338, 34.66981], [135.067971, 34.668138], [135.068435, 34.66643], [135.068392, 34.666047], [135.068012, 34.66657], [135.067716, 34.666709], [135.067463, 34.667092], [135.066955, 34.667057], [135.067039, 34.666361], [135.066658, 34.666395], [135.064819, 34.66636], [135.064713, 34.665942], [135.064522, 34.665298], [135.064733, 34.664897], [135.064289, 34.664496], [135.063992, 34.664287], [135.064415, 34.663608], [135.063145, 34.662527], [135.063123, 34.662109], [135.063503, 34.66143], [135.062065, 34.661081], [135.061262, 34.660698], [135.059887, 34.660662], [135.059168, 34.660471], [135.059082, 34.659199], [135.059399, 34.659025], [135.059844, 34.659321], [135.060901, 34.6596], [135.061218, 34.659373], [135.06181, 34.659356], [135.061958, 34.65906], [135.061598, 34.658433], [135.061449, 34.657893], [135.060836, 34.65784], [135.060709, 34.658102], [135.060139, 34.658032], [135.060138, 34.657317], [135.061005, 34.657405], [135.05982, 34.656255], [135.05817, 34.655645], [135.057642, 34.655435], [135.057007, 34.654808], [135.055463, 34.654302], [135.053707, 34.653239], [135.053622, 34.652542], [135.052797, 34.651706], [135.052163, 34.651323], [135.05157, 34.650765], [135.05121, 34.650277], [135.051273, 34.649754], [135.05269, 34.649772], [135.05364, 34.648657], [135.054571, 34.648919], [135.05548, 34.648989], [135.056156, 34.648919], [135.057044, 34.64885], [135.057847, 34.649181], [135.058186, 34.649181], [135.05863, 34.649756], [135.058673, 34.650209], [135.059096, 34.650941], [135.059899, 34.650174], [135.060194, 34.649687], [135.060173, 34.649477], [135.060363, 34.649251], [135.060659, 34.649303], [135.061335, 34.648607], [135.062011, 34.648415], [135.062054, 34.649094], [135.061463, 34.649443], [135.061421, 34.649844], [135.06197, 34.649931], [135.06326, 34.649426], [135.063957, 34.6496], [135.063915, 34.649896], [135.063493, 34.650262], [135.062584, 34.650453], [135.061971, 34.650715], [135.062014, 34.651063], [135.063007, 34.651081], [135.063134, 34.651238], [135.063726, 34.651116], [135.063832, 34.650889], [135.065586, 34.650855], [135.066347, 34.651012], [135.066284, 34.650506], [135.065903, 34.650489], [135.065987, 34.650088], [135.066304, 34.650088], [135.066304, 34.649722], [135.066705, 34.649548], [135.066556, 34.647876], [135.069621, 34.647771], [135.069663, 34.647249], [135.070296, 34.646883], [135.070719, 34.646796], [135.070888, 34.646482], [135.070782, 34.645803], [135.071585, 34.646029], [135.072537, 34.646204], [135.073, 34.644862], [135.075749, 34.645594], [135.076404, 34.645455], [135.07763, 34.645664], [135.077843, 34.646744], [135.079092, 34.648155], [135.080402, 34.648033], [135.080529, 34.648225], [135.081079, 34.648033], [135.082517, 34.648312], [135.083067, 34.649009], [135.083237, 34.649723], [135.083216, 34.650141], [135.084633, 34.650176], [135.086515, 34.650769], [135.088186, 34.651518], [135.089349, 34.651971], [135.089899, 34.652092], [135.090131, 34.651814], [135.090406, 34.652058], [135.090808, 34.651883], [135.09102, 34.652319], [135.091295, 34.652267], [135.0914, 34.652005], [135.091929, 34.652092], [135.093133, 34.651988], [135.094211, 34.651883], [135.095278, 34.651861], [135.09533, 34.650402], [135.095668, 34.650036], [135.095139, 34.649914], [135.094969, 34.64927], [135.094398, 34.649339], [135.094229, 34.64913], [135.093088, 34.6492], [135.093002, 34.64873], [135.093806, 34.648643], [135.093762, 34.647737], [135.094227, 34.647231], [135.094014, 34.646587], [135.093571, 34.646744], [135.093233, 34.647336], [135.093043, 34.647336], [135.093105, 34.646413], [135.092555, 34.646082], [135.092047, 34.645263], [135.091878, 34.645733], [135.091434, 34.645472], [135.091433, 34.645036], [135.09027, 34.644688], [135.090038, 34.64488], [135.089382, 34.644688], [135.08934, 34.644374], [135.089572, 34.644322], [135.089508, 34.643712], [135.089043, 34.643608], [135.089803, 34.642789], [135.089591, 34.64258], [135.089169, 34.642667], [135.08883, 34.642423], [135.089231, 34.641848], [135.090161, 34.641813], [135.090372, 34.6415], [135.090012, 34.641273], [135.08904, 34.641343], [135.088511, 34.641029], [135.088089, 34.641064], [135.087666, 34.64143], [135.08754, 34.642023], [135.086779, 34.642145], [135.086378, 34.64251], [135.085829, 34.642929], [135.085385, 34.642894], [135.085321, 34.642092], [135.084623, 34.642214], [135.084327, 34.641831], [135.084686, 34.641639], [135.084812, 34.641239], [135.085679, 34.641256], [135.085657, 34.640158], [135.086396, 34.639758], [135.086882, 34.639392], [135.087113, 34.638782], [135.087049, 34.638399], [135.086774, 34.638207], [135.086561, 34.636866], [135.086075, 34.636709], [135.085483, 34.636169], [135.085545, 34.635542], [135.086201, 34.635594], [135.086539, 34.635507], [135.087257, 34.635594], [135.088421, 34.636813], [135.088907, 34.636744], [135.08895, 34.637075], [135.089774, 34.637057], [135.089816, 34.636639], [135.090387, 34.636796], [135.090492, 34.636447], [135.090809, 34.636447], [135.090893, 34.636047], [135.090703, 34.635576], [135.091118, 34.634237], [135.090836, 34.634193], [135.090516, 34.634151], [135.090178, 34.634097], [135.089974, 34.634054], [135.089702, 34.634014], [135.089481, 34.633989], [135.088602, 34.633878], [135.088264, 34.633828], [135.087953, 34.633796], [135.08771, 34.633775], [135.087493, 34.633768], [135.08726, 34.633746], [135.086697, 34.633714], [135.086173, 34.633671], [135.085856, 34.633648], [135.085675, 34.633621], [135.085519, 34.633587], [135.085329, 34.633534], [135.085143, 34.633471], [135.084985, 34.633416], [135.084772, 34.633316], [135.084463, 34.633195], [135.084258, 34.633104], [135.084004, 34.632987], [135.083818, 34.632891], [135.083601, 34.632798], [135.08335, 34.632683], [135.083017, 34.632547], [135.082701, 34.632422], [135.082597, 34.6324], [135.082531, 34.632402], [135.082469, 34.632421], [135.08239, 34.632478], [135.082367, 34.632573], [135.082334, 34.632567], [135.082228, 34.632549], [135.082132, 34.632533], [135.082411, 34.631148], [135.082261, 34.630981], [135.080408, 34.630627], [135.080377, 34.630731], [135.081691, 34.630978], [135.081507, 34.631777], [135.080654, 34.631665], [135.080618, 34.631833], [135.080321, 34.631762], [135.080226, 34.631751], [135.080131, 34.631762], [135.079853, 34.631815], [135.079715, 34.631819], [135.079588, 34.631805], [135.079459, 34.631758], [135.079338, 34.631701], [135.079234, 34.631658], [135.078944, 34.631568], [135.078818, 34.631536], [135.078693, 34.631522], [135.078554, 34.631518], [135.078174, 34.631526], [135.077875, 34.631543], [135.077749, 34.631543], [135.077649, 34.631536], [135.077446, 34.631543], [135.074167, 34.630899], [135.07471, 34.628624], [135.074418, 34.628256], [135.070766, 34.627559], [135.070281, 34.627466], [135.062832, 34.626038], [135.059969, 34.625524], [135.059483, 34.625858], [135.059194, 34.627031], [135.058447, 34.627001], [135.057952, 34.626981], [135.057986, 34.626684], [135.058085, 34.625697], [135.058178, 34.624622], [135.057642, 34.624309], [135.056327, 34.624149], [135.056235, 34.625601], [135.055464, 34.625559], [135.055317, 34.625719], [135.056262, 34.626229], [135.057336, 34.62632], [135.057262, 34.627126], [135.055386, 34.627063], [135.055011, 34.62705], [135.055028, 34.626413], [135.053946, 34.626388], [135.053914, 34.626908], [135.053535, 34.626918], [135.052162, 34.626898], [135.052152, 34.627212], [135.05109, 34.627664], [135.049205, 34.62772], [135.045743, 34.627916], [135.042418, 34.628141], [135.039608, 34.628875], [135.03505, 34.631445], [135.032394, 34.633226], [135.03185, 34.633699], [135.031464, 34.634071], [135.031239, 34.634314], [135.030889, 34.634633], [135.030327, 34.635105], [135.029979, 34.635399], [135.02904, 34.636262], [135.029047, 34.636309], [135.028894, 34.636427], [135.028823, 34.636469], [135.028693, 34.636518], [135.028575, 34.636556], [135.028528, 34.636597], [135.028476, 34.636726], [135.028416, 34.636801], [135.028359, 34.636848], [135.028321, 34.636866], [135.028282, 34.636862], [135.028173, 34.63681], [135.028113, 34.636868], [135.028214, 34.636944], [135.028142, 34.63703], [135.028034, 34.637134], [135.027909, 34.637221], [135.027729, 34.637314], [135.027492, 34.637432], [135.02673, 34.637741], [135.026689, 34.637745], [135.026657, 34.637725], [135.026609, 34.637632], [135.026551, 34.637543], [135.026488, 34.637474], [135.026091, 34.637831], [135.026132, 34.637903], [135.02615, 34.637993], [135.026134, 34.638092], [135.02605, 34.638266], [135.025935, 34.638414], [135.025767, 34.638592], [135.02546, 34.638906], [135.025304, 34.639053], [135.025165, 34.639149], [135.025057, 34.639224], [135.024978, 34.639307], [135.024813, 34.639482], [135.024643, 34.639677], [135.024523, 34.639804], [135.024437, 34.639926], [135.024389, 34.640019], [135.024336, 34.640126], [135.023834, 34.640427], [135.023599, 34.640569], [135.023198, 34.640853], [135.022691, 34.641155], [135.022023, 34.641578], [135.022125, 34.641696], [135.021931, 34.641813], [135.02168, 34.641954], [135.020593, 34.642491], [135.019605, 34.642959], [135.019198, 34.643121], [135.018687, 34.643312]]]}}, {"type": "Feature", "id": "did-1990-16", "properties": {"A16_001": "281082", "A16_002": "28108", "A16_003": "神戸市垂水区", "A16_004": "2", "A16_005": "13920", "A16_006": "1.70", "A16_007": "10787", "A16_008": "1.50", "A16_009": "5.90", "A16_010": "5.90", "A16_011": "1990", "year": 1990, "population": 13920.0, "areaKm2": 1.7, "density": 8188.235294117647}, "geometry": {"type": "Polygon", "coordinates": [[[135.077095, 34.664565], [135.077313, 34.664347], [135.077445, 34.664276], [135.077604, 34.664276], [135.077743, 34.664342], [135.077815, 34.664451], [135.077841, 34.664604], [135.077815, 34.664822], [135.077812, 34.664848], [135.077803, 34.664919], [135.077795, 34.664986], [135.077812, 34.665047], [135.077822, 34.665084], [135.077894, 34.66515], [135.07796, 34.665165], [135.078139, 34.665206], [135.078275, 34.665237], [135.078588, 34.665308], [135.078773, 34.665319], [135.078918, 34.665297], [135.079083, 34.665248], [135.079268, 34.665155], [135.079309, 34.665123], [135.079533, 34.664948], [135.079671, 34.664858], [135.079869, 34.664729], [135.080108, 34.664626], [135.080378, 34.66456], [135.080486, 34.66455], [135.080656, 34.664533], [135.080973, 34.664555], [135.081102, 34.664586], [135.081102, 34.664586], [135.081203, 34.664184], [135.080949, 34.66387], [135.080483, 34.662825], [135.079848, 34.662302], [135.080101, 34.662128], [135.081412, 34.662023], [135.081368, 34.660769], [135.082468, 34.660769], [135.082636, 34.660386], [135.083144, 34.660386], [135.083272, 34.661082], [135.083483, 34.661082], [135.083567, 34.660804], [135.084879, 34.661292], [135.085596, 34.660002], [135.086484, 34.660246], [135.086715, 34.660967], [135.086746, 34.661441], [135.086993, 34.661437], [135.086952, 34.661378], [135.086932, 34.661313], [135.086914, 34.661107], [135.086886, 34.660799], [135.086879, 34.660723], [135.086892, 34.660529], [135.086892, 34.660526], [135.086978, 34.66033], [135.087099, 34.660149], [135.087159, 34.66006], [135.087167, 34.660047], [135.087312, 34.659831], [135.087425, 34.659663], [135.087582, 34.659428], [135.087787, 34.659123], [135.08787, 34.658998], [135.088286, 34.658409], [135.088306, 34.658381], [135.088621, 34.658005], [135.088496, 34.657922], [135.087157, 34.657215], [135.086819, 34.657459], [135.086185, 34.657319], [135.086185, 34.657598], [135.085826, 34.657598], [135.085867, 34.657267], [135.085656, 34.657041], [135.086247, 34.656588], [135.086141, 34.656431], [135.085697, 34.656535], [135.085634, 34.656117], [135.086521, 34.655507], [135.087112, 34.654758], [135.086076, 34.654514], [135.085906, 34.654236], [135.086751, 34.653713], [135.088232, 34.654741], [135.088338, 34.654479], [135.087046, 34.65272], [135.085566, 34.652354], [135.085312, 34.652807], [135.085651, 34.653068], [135.08544, 34.653243], [135.085144, 34.653225], [135.085145, 34.654044], [135.084743, 34.654044], [135.084722, 34.653713], [135.08303, 34.6538], [135.082924, 34.65333], [135.083135, 34.653121], [135.082649, 34.65279], [135.08231, 34.652389], [135.081972, 34.652424], [135.081887, 34.652128], [135.082035, 34.651953], [135.081801, 34.651413], [135.080702, 34.651239], [135.080194, 34.651152], [135.080131, 34.650734], [135.07994, 34.650438], [135.07939, 34.65035], [135.079284, 34.649932], [135.078607, 34.649845], [135.078291, 34.650246], [135.078038, 34.6511], [135.078039, 34.651866], [135.078315, 34.652702], [135.078844, 34.653417], [135.078506, 34.653504], [135.078464, 34.654183], [135.078845, 34.654706], [135.07893, 34.655037], [135.079396, 34.655351], [135.079206, 34.655769], [135.079333, 34.656239], [135.079059, 34.656588], [135.077683, 34.655385], [135.07743, 34.655385], [135.07616, 34.654497], [135.075928, 34.65481], [135.075802, 34.655281], [135.074913, 34.654863], [135.07487, 34.653974], [135.074279, 34.654323], [135.0732, 34.65373], [135.072587, 34.654166], [135.072165, 34.65495], [135.071002, 34.655002], [135.070495, 34.654671], [135.070431, 34.654235], [135.071318, 34.653085], [135.071444, 34.652615], [135.071275, 34.652371], [135.070746, 34.65211], [135.070407, 34.651779], [135.07049, 34.650193], [135.069856, 34.650611], [135.069328, 34.650663], [135.069138, 34.650872], [135.0688, 34.651151], [135.068313, 34.650872], [135.06825, 34.651169], [135.068378, 34.651639], [135.066645, 34.653102], [135.06745, 34.654183], [135.067873, 34.654183], [135.068381, 34.654914], [135.068931, 34.655298], [135.069058, 34.655716], [135.070116, 34.656552], [135.070752, 34.657737], [135.07088, 34.658922], [135.071262, 34.660246], [135.072024, 34.661326], [135.072659, 34.662615], [135.073253, 34.664358], [135.07376, 34.663626], [135.076931, 34.663069], [135.076551, 34.663696], [135.076467, 34.66387], [135.07651, 34.664671], [135.077095, 34.664565]]]}}, {"type": "Feature", "id": "did-1990-17", "properties": {"A16_001": "281091", "A16_002": "28109", "A16_003": "神戸市北区", "A16_004": "1", "A16_005": "92986", "A16_006": "8.10", "A16_007": "83679", "A16_008": "6.80", "A16_009": "46.90", "A16_010": "3.40", "A16_011": "1990", "year": 1990, "population": 92986.0, "areaKm2": 8.1, "density": 11479.753086419754}, "geometry": {"type": "Polygon", "coordinates": [[[135.142576, 34.752876], [135.14272, 34.753522], [135.143721, 34.753875], [135.144651, 34.754521], [135.144652, 34.755403], [135.146474, 34.755666], [135.146506, 34.753785], [135.146217, 34.751728], [135.145747, 34.749141], [135.145638, 34.74823], [135.14614, 34.748817], [135.146426, 34.748994], [135.146569, 34.749523], [135.146892, 34.750081], [135.147249, 34.750022], [135.147465, 34.750698], [135.147679, 34.750698], [135.14768, 34.751256], [135.148144, 34.751374], [135.148146, 34.751991], [135.147969, 34.753167], [135.148793, 34.754136], [135.149866, 34.754988], [135.151684, 34.753488], [135.152148, 34.753341], [135.151575, 34.752665], [135.151253, 34.75243], [135.152074, 34.751871], [135.152001, 34.751136], [135.151429, 34.750901], [135.151069, 34.749697], [135.151425, 34.74905], [135.15203, 34.748197], [135.151958, 34.747903], [135.152921, 34.747344], [135.153208, 34.747549], [135.153743, 34.747255], [135.154172, 34.747519], [135.153992, 34.746961], [135.154778, 34.746961], [135.154026, 34.746344], [135.15374, 34.745991], [135.153738, 34.744786], [135.153378, 34.743728], [135.153163, 34.743082], [135.153698, 34.743052], [135.153876, 34.742581], [135.154376, 34.742581], [135.154733, 34.742463], [135.155804, 34.74261], [135.155911, 34.742345], [135.156589, 34.742227], [135.156982, 34.742374], [135.157696, 34.742138], [135.158411, 34.742579], [135.158445, 34.741991], [135.158766, 34.741755], [135.158694, 34.741432], [135.158942, 34.740785], [135.158939, 34.739345], [135.159403, 34.73908], [135.159045, 34.73858], [135.158971, 34.737611], [135.159005, 34.736464], [135.159039, 34.735935], [135.159968, 34.735876], [135.16029, 34.736434], [135.160897, 34.736345], [135.160895, 34.735552], [135.16018, 34.735229], [135.158931, 34.7352], [135.159108, 34.734436], [135.158892, 34.733907], [135.158927, 34.733378], [135.158177, 34.733202], [135.15814, 34.732526], [135.157854, 34.73235], [135.157745, 34.731732], [135.157424, 34.731644], [135.156852, 34.731704], [135.156781, 34.731586], [135.156281, 34.731645], [135.155533, 34.732322], [135.155068, 34.732087], [135.154747, 34.732263], [135.154247, 34.732087], [135.153855, 34.732411], [135.154142, 34.733087], [135.153177, 34.732441], [135.152819, 34.732382], [135.151747, 34.731501], [135.150783, 34.731619], [135.150532, 34.731208], [135.151245, 34.730884], [135.151637, 34.730384], [135.152208, 34.730237], [135.152316, 34.73056], [135.152922, 34.730383], [135.152922, 34.730119], [135.153315, 34.730207], [135.153886, 34.730089], [135.153992, 34.729707], [135.154563, 34.729559], [135.154528, 34.729736], [135.156205, 34.729352], [135.156347, 34.729117], [135.15674, 34.728941], [135.156989, 34.728529], [135.157667, 34.728499], [135.157701, 34.727735], [135.157879, 34.727529], [135.15777, 34.726735], [135.157378, 34.726794], [135.157378, 34.726912], [135.156878, 34.726912], [135.156949, 34.726589], [135.156591, 34.725943], [135.158089, 34.725354], [135.158052, 34.724707], [135.158373, 34.724619], [135.158372, 34.724148], [135.157872, 34.724149], [135.157728, 34.723825], [135.157621, 34.723414], [135.156478, 34.723356], [135.156476, 34.722268], [135.156047, 34.722298], [135.155726, 34.722063], [135.155546, 34.72174], [135.156474, 34.721533], [135.157901, 34.721033], [135.15772, 34.719945], [135.157147, 34.719093], [135.158644, 34.717593], [135.159108, 34.717799], [135.159499, 34.717064], [135.159963, 34.716799], [135.159926, 34.71627], [135.159425, 34.715947], [135.158995, 34.714859], [135.155676, 34.715126], [135.155715, 34.716772], [135.155896, 34.718036], [135.15604, 34.718859], [135.155648, 34.719006], [135.155614, 34.720035], [135.155723, 34.720711], [135.155403, 34.721328], [135.153474, 34.72083], [135.151152, 34.720214], [135.151259, 34.719979], [135.150687, 34.719744], [135.150402, 34.719891], [135.149653, 34.719921], [135.14926, 34.719921], [135.149296, 34.720362], [135.148725, 34.720421], [135.14826, 34.719863], [135.147974, 34.719598], [135.148294, 34.71904], [135.148329, 34.718481], [135.148114, 34.718099], [135.147649, 34.717747], [135.147862, 34.717012], [135.147361, 34.716659], [135.147147, 34.716336], [135.146575, 34.716072], [135.146039, 34.715572], [135.145717, 34.715543], [135.145538, 34.715338], [135.144539, 34.715456], [135.14411, 34.715221], [135.143966, 34.714633], [135.144179, 34.714045], [135.143358, 34.714016], [135.143575, 34.715074], [135.144112, 34.716308], [135.14465, 34.717278], [135.145044, 34.718013], [135.144258, 34.717954], [135.143509, 34.718131], [135.14333, 34.717925], [135.143116, 34.717955], [135.142507, 34.716721], [135.141649, 34.715898], [135.142077, 34.71581], [135.141611, 34.714987], [135.140717, 34.714135], [135.139646, 34.713812], [135.13861, 34.713783], [135.137825, 34.71396], [135.137398, 34.714254], [135.137006, 34.714842], [135.136935, 34.714842], [135.137076, 34.714166], [135.137433, 34.713901], [135.137289, 34.713313], [135.136147, 34.713784], [135.135898, 34.713931], [135.136041, 34.714108], [135.135684, 34.714372], [135.135578, 34.714872], [135.13465, 34.71502], [135.134651, 34.715343], [135.135223, 34.71596], [135.134474, 34.716019], [135.134153, 34.716519], [135.133404, 34.71649], [135.132869, 34.716843], [135.132546, 34.716079], [135.132047, 34.716079], [135.132117, 34.715315], [135.131542, 34.713551], [135.130079, 34.713611], [135.129723, 34.714346], [135.129189, 34.71511], [135.127405, 34.71564], [135.126798, 34.715405], [135.124729, 34.716376], [135.124373, 34.716493], [135.123838, 34.716846], [135.123124, 34.717023], [135.12266, 34.717258], [135.122124, 34.7167], [135.120946, 34.716553], [135.120482, 34.716877], [135.120018, 34.716818], [135.119802, 34.715907], [135.119375, 34.716672], [135.118697, 34.716554], [135.118377, 34.717348], [135.118378, 34.718259], [135.118451, 34.719112], [135.11863, 34.719582], [135.118203, 34.719876], [135.118025, 34.720405], [135.118026, 34.721346], [135.117884, 34.72164], [135.117885, 34.722051], [135.118885, 34.722521], [135.118815, 34.723197], [135.118637, 34.723638], [135.118852, 34.724226], [135.119673, 34.724285], [135.120745, 34.724755], [135.120388, 34.724931], [135.120676, 34.726136], [135.121498, 34.72643], [135.122282, 34.72593], [135.122818, 34.726135], [135.123175, 34.72593], [135.123245, 34.725547], [135.123959, 34.725371], [135.124137, 34.725136], [135.124495, 34.725371], [135.124959, 34.725341], [135.125138, 34.725752], [135.125388, 34.725723], [135.125636, 34.724841], [135.12685, 34.724929], [135.127064, 34.724517], [135.128278, 34.724605], [135.128778, 34.725134], [135.129493, 34.725398], [135.130814, 34.725309], [135.131708, 34.726367], [135.132172, 34.726249], [135.132172, 34.726602], [135.132638, 34.727131], [135.132174, 34.727366], [135.130996, 34.72772], [135.130355, 34.728278], [135.130034, 34.728455], [135.130321, 34.729307], [135.131071, 34.729542], [135.131214, 34.729424], [135.132214, 34.729924], [135.1325, 34.730041], [135.133107, 34.729923], [135.1335, 34.730305], [135.133645, 34.731363], [135.133216, 34.731364], [135.132859, 34.731334], [135.132609, 34.730982], [135.132077, 34.732922], [135.131649, 34.733598], [135.131473, 34.734921], [135.131332, 34.73548], [135.129835, 34.737009], [135.130407, 34.737685], [135.130158, 34.73789], [135.129765, 34.73792], [135.129803, 34.739213], [135.130731, 34.739184], [135.131124, 34.73936], [135.131339, 34.739712], [135.131732, 34.739771], [135.132088, 34.739477], [135.132339, 34.739594], [135.133339, 34.739682], [135.133517, 34.739829], [135.133767, 34.739506], [135.13441, 34.739917], [135.135124, 34.739711], [135.135517, 34.740093], [135.135482, 34.740416], [135.136269, 34.740798], [135.13709, 34.741003], [135.13734, 34.740915], [135.137554, 34.741032], [135.137376, 34.741268], [135.13827, 34.741943], [135.138591, 34.741826], [135.139056, 34.741884], [135.139592, 34.742266], [135.140199, 34.742266], [135.140556, 34.742001], [135.141699, 34.742059], [135.141878, 34.742353], [135.14252, 34.742176], [135.143413, 34.742205], [135.144055, 34.742117], [135.14402, 34.742469], [135.143807, 34.742705], [135.144557, 34.743145], [135.145484, 34.742292], [135.145949, 34.742468], [135.146411, 34.741439], [135.147052, 34.740616], [135.146157, 34.739676], [135.145264, 34.739177], [135.14487, 34.738853], [135.143941, 34.73856], [135.143762, 34.738237], [135.143369, 34.738119], [135.143083, 34.737767], [135.142903, 34.73712], [135.142296, 34.737267], [135.140475, 34.737327], [135.139868, 34.736945], [135.138263, 34.737769], [135.13819, 34.737387], [135.137726, 34.737476], [135.137655, 34.73727], [135.137155, 34.737211], [135.136904, 34.736859], [135.136404, 34.736859], [135.136046, 34.736154], [135.13551, 34.73586], [135.135722, 34.735007], [135.136329, 34.735066], [135.136758, 34.735095], [135.137757, 34.734859], [135.138079, 34.735065], [135.138471, 34.734947], [135.138471, 34.734477], [135.139505, 34.734036], [135.140112, 34.734182], [135.140362, 34.734123], [135.140361, 34.733712], [135.140576, 34.733623], [135.140826, 34.733859], [135.141219, 34.73377], [135.141074, 34.733006], [135.141252, 34.732859], [135.142573, 34.732829], [135.14318, 34.732682], [135.143573, 34.732799], [135.144429, 34.732505], [135.145501, 34.732827], [135.146609, 34.733121], [135.147286, 34.732621], [135.148249, 34.732297], [135.148713, 34.732296], [135.149465, 34.733325], [135.149825, 34.734471], [135.149969, 34.735294], [135.150399, 34.736264], [135.149972, 34.736528], [135.149221, 34.736264], [135.149115, 34.736617], [135.148829, 34.736617], [135.148758, 34.73697], [135.14758, 34.737029], [135.147374, 34.741174], [135.146697, 34.741821], [135.146519, 34.742233], [135.14645, 34.743262], [135.146702, 34.744379], [135.146098, 34.745672], [135.145919, 34.745614], [135.143886, 34.747114], [135.144388, 34.747819], [135.143175, 34.748319], [135.143782, 34.748731], [135.143928, 34.750024], [135.142286, 34.75026], [135.142431, 34.751494], [135.144323, 34.751405], [135.144541, 34.753022], [135.14322, 34.753169], [135.143147, 34.752787], [135.142576, 34.752876]]]}}, {"type": "Feature", "id": "did-1990-18", "properties": {"A16_001": "281092", "A16_002": "28109", "A16_003": "神戸市北区", "A16_004": "2", "A16_005": "14762", "A16_006": "1.50", "A16_007": "15048", "A16_008": "1.30", "A16_009": "7.40", "A16_010": "0.60", "A16_011": "1990", "year": 1990, "population": 14762.0, "areaKm2": 1.5, "density": 9841.333333333334}, "geometry": {"type": "Polygon", "coordinates": [[[135.233044, 34.817341], [135.233096, 34.817295], [135.233183, 34.81714], [135.233276, 34.816925], [135.233327, 34.816716], [135.233336, 34.816588], [135.233349, 34.8164], [135.233334, 34.816239], [135.233248, 34.81609], [135.233096, 34.815971], [135.23298, 34.815869], [135.232917, 34.815761], [135.232879, 34.815696], [135.23285, 34.815479], [135.23285, 34.815476], [135.232888, 34.815366], [135.232984, 34.815088], [135.232998, 34.814923], [135.233006, 34.814838], [135.232969, 34.814563], [135.233107, 34.814378], [135.233171, 34.814332], [135.233338, 34.814211], [135.233461, 34.814068], [135.233524, 34.813937], [135.233548, 34.813889], [135.233555, 34.813704], [135.233497, 34.813525], [135.233454, 34.813316], [135.23349, 34.813179], [135.233606, 34.813099], [135.233678, 34.813048], [135.233736, 34.812964], [135.233729, 34.812881], [135.233697, 34.812703], [135.233689, 34.81266], [135.233739, 34.812481], [135.233964, 34.812422], [135.23418, 34.812338], [135.234499, 34.812147], [135.234614, 34.811992], [135.234716, 34.811783], [135.234788, 34.811604], [135.234998, 34.811438], [135.235222, 34.811324], [135.235362, 34.811282], [135.23554, 34.811229], [135.235749, 34.811211], [135.235959, 34.811175], [135.236061, 34.811133], [135.236194, 34.810984], [135.236397, 34.810638], [135.236491, 34.810555], [135.236574, 34.810508], [135.23665, 34.810465], [135.236722, 34.810453], [135.23691, 34.810459], [135.23712, 34.810471], [135.237329, 34.810453], [135.237705, 34.810358], [135.237756, 34.810327], [135.237785, 34.81031], [135.237893, 34.810191], [135.237987, 34.810006], [135.238103, 34.809881], [135.238334, 34.809827], [135.238588, 34.809749], [135.238711, 34.809648], [135.238783, 34.809493], [135.238855, 34.809308], [135.238938, 34.809231], [135.239104, 34.809141], [135.239271, 34.809099], [135.239358, 34.809058], [135.239423, 34.808974], [135.239509, 34.808825], [135.239639, 34.808706], [135.23969, 34.808658], [135.239806, 34.808622], [135.239958, 34.808616], [135.240319, 34.808724], [135.240471, 34.808724], [135.240746, 34.808646], [135.240876, 34.808624], [135.240927, 34.808616], [135.241062, 34.808569], [135.241115, 34.808551], [135.241393, 34.808348], [135.241515, 34.808209], [135.241567, 34.808151], [135.24174, 34.807883], [135.241849, 34.807596], [135.24187, 34.807418], [135.241892, 34.807268], [135.242015, 34.806809], [135.242029, 34.806546], [135.241986, 34.806362], [135.24182, 34.805976], [135.242076, 34.80599], [135.242173, 34.805974], [135.242061, 34.805928], [135.241339, 34.805047], [135.23891, 34.805285], [135.238659, 34.805109], [135.234552, 34.805732], [135.234269, 34.80682], [135.231592, 34.807852], [135.231593, 34.808234], [135.230308, 34.808706], [135.228378, 34.808444], [135.225735, 34.809123], [135.225626, 34.808271], [135.225017, 34.807772], [135.224803, 34.80789], [135.223659, 34.807803], [135.22348, 34.807862], [135.223337, 34.807568], [135.222836, 34.80751], [135.223369, 34.806422], [135.221582, 34.806453], [135.221224, 34.806219], [135.220582, 34.806513], [135.220261, 34.806837], [135.219975, 34.806778], [135.219262, 34.807308], [135.218833, 34.807221], [135.218584, 34.807485], [135.217797, 34.807251], [135.217795, 34.806575], [135.216973, 34.806547], [135.217476, 34.807575], [135.218513, 34.807691], [135.218443, 34.808367], [135.219481, 34.808807], [135.220019, 34.809483], [135.221128, 34.81004], [135.221522, 34.81048], [135.221562, 34.811803], [135.224925, 34.81318], [135.225001, 34.814709], [135.225287, 34.814797], [135.224824, 34.815297], [135.224466, 34.815092], [135.22368, 34.815093], [135.223718, 34.81571], [135.224897, 34.815738], [135.225542, 34.816266], [135.225901, 34.816736], [135.225902, 34.817089], [135.226116, 34.817147], [135.226119, 34.817941], [135.226441, 34.818146], [135.226654, 34.817823], [135.227979, 34.818556], [135.228516, 34.818849], [135.229766, 34.818554], [135.230158, 34.818112], [135.232858, 34.817322], [135.233044, 34.817341]]]}}, {"type": "Feature", "id": "did-1990-19", "properties": {"A16_001": "281093", "A16_002": "28109", "A16_003": "神戸市北区", "A16_004": "3", "A16_005": "12638", "A16_006": "1.40", "A16_007": "9003", "A16_008": "1.00", "A16_009": "6.40", "A16_010": "0.60", "A16_011": "1990", "year": 1990, "population": 12638.0, "areaKm2": 1.4, "density": 9027.142857142857}, "geometry": {"type": "Polygon", "coordinates": [[[135.163896, 34.752804], [135.165431, 34.752685], [135.165578, 34.75439], [135.168613, 34.754123], [135.168466, 34.752448], [135.168752, 34.752419], [135.168751, 34.751948], [135.170072, 34.751859], [135.17007, 34.750713], [135.170534, 34.750654], [135.170388, 34.749507], [135.170065, 34.74889], [135.169638, 34.749243], [135.169173, 34.749067], [135.168458, 34.748744], [135.168778, 34.748186], [135.168349, 34.747892], [135.169382, 34.746686], [135.170738, 34.746362], [135.17063, 34.745656], [135.170843, 34.745421], [135.170807, 34.744951], [135.170628, 34.744745], [135.170769, 34.744363], [135.171197, 34.743951], [135.170446, 34.743481], [135.170909, 34.743099], [135.1713, 34.742187], [135.170871, 34.741982], [135.169943, 34.742012], [135.169122, 34.742189], [135.168623, 34.742483], [135.167158, 34.741926], [135.167191, 34.741044], [135.167047, 34.740486], [135.165834, 34.740663], [135.164083, 34.7404], [135.162155, 34.740283], [135.16169, 34.739784], [135.16144, 34.739725], [135.161083, 34.740078], [135.160298, 34.740167], [135.159835, 34.740785], [135.159442, 34.740814], [135.159444, 34.741343], [135.15973, 34.741578], [135.160304, 34.742959], [135.16077, 34.743929], [135.160914, 34.744282], [135.1607, 34.744488], [135.160236, 34.744517], [135.160381, 34.745517], [135.160666, 34.745487], [135.160953, 34.746104], [135.160383, 34.746604], [135.159883, 34.746575], [135.158706, 34.747311], [135.157887, 34.748281], [135.157317, 34.749105], [135.157068, 34.749193], [135.15739, 34.749663], [135.156355, 34.749752], [135.156356, 34.750428], [135.156642, 34.750457], [135.156678, 34.750928], [135.156822, 34.751045], [135.157178, 34.750869], [135.157572, 34.751397], [135.157681, 34.752015], [135.158288, 34.752102], [135.158146, 34.752367], [135.15886, 34.752572], [135.159538, 34.752219], [135.163217, 34.75254], [135.164285, 34.751099], [135.164536, 34.751393], [135.163788, 34.752363], [135.163896, 34.752804]]]}}, {"type": "Feature", "id": "did-1990-20", "properties": {"A16_001": "281094", "A16_002": "28109", "A16_003": "神戸市北区", "A16_004": "4", "A16_005": "11753", "A16_006": "1.10", "A16_007": "11476", "A16_008": "1.20", "A16_009": "5.90", "A16_010": "0.50", "A16_011": "1990", "year": 1990, "population": 11753.0, "areaKm2": 1.1, "density": 10684.545454545454}, "geometry": {"type": "Polygon", "coordinates": [[[135.118881, 34.692755], [135.118812, 34.692832], [135.118757, 34.692893], [135.118739, 34.692913], [135.11864, 34.693022], [135.118364, 34.693326], [135.118331, 34.693363], [135.118169, 34.693543], [135.118105, 34.693614], [135.118049, 34.693707], [135.118024, 34.69375], [135.118023, 34.694029], [135.118023, 34.694273], [135.117926, 34.694431], [135.117891, 34.69446], [135.117767, 34.694563], [135.117672, 34.69467], [135.117629, 34.694748], [135.117667, 34.69495], [135.117672, 34.694976], [135.117453, 34.695029], [135.117362, 34.695022], [135.117356, 34.695015], [135.117289, 34.694936], [135.117279, 34.694878], [135.117276, 34.694858], [135.117241, 34.694816], [135.117203, 34.694801], [135.117198, 34.694801], [135.117222, 34.694889], [135.117285, 34.695285], [135.115974, 34.695424], [135.115808, 34.696449], [135.116447, 34.696726], [135.115846, 34.699495], [135.116353, 34.701046], [135.117026, 34.701323], [135.117261, 34.70124], [135.117261, 34.700852], [135.118202, 34.700907], [135.118438, 34.701018], [135.118944, 34.701987], [135.119482, 34.701821], [135.119785, 34.702181], [135.119181, 34.703012], [135.119081, 34.703649], [135.119149, 34.704231], [135.118444, 34.704508], [135.119151, 34.705144], [135.11969, 34.705754], [135.119455, 34.706308], [135.119457, 34.707388], [135.11865, 34.707471], [135.119156, 34.708163], [135.119493, 34.708606], [135.119392, 34.708939], [135.119595, 34.70941], [135.119764, 34.71024], [135.120201, 34.709991], [135.121009, 34.710406], [135.121109, 34.710102], [135.120906, 34.708828], [135.120835, 34.706944], [135.121168, 34.704895], [135.121637, 34.703759], [135.122108, 34.703925], [135.123081, 34.702623], [135.124626, 34.701431], [135.124861, 34.701376], [135.125198, 34.701653], [135.126509, 34.701181], [135.127954, 34.700433], [135.12849, 34.699768], [135.1296, 34.699795], [135.130608, 34.699213], [135.130438, 34.698133], [135.129025, 34.698078], [135.127443, 34.696639], [135.126598, 34.69423], [135.123974, 34.693787], [135.121922, 34.693206], [135.12135, 34.693124], [135.121116, 34.693511], [135.120948, 34.693456], [135.120947, 34.693041], [135.119736, 34.692958], [135.118881, 34.692755]]]}}, {"type": "Feature", "id": "did-1990-21", "properties": {"A16_001": "281095", "A16_002": "28109", "A16_003": "神戸市北区", "A16_004": "5", "A16_005": "8355", "A16_006": "0.90", "A16_007": "8029", "A16_008": "0.70", "A16_009": "4.20", "A16_010": "0.40", "A16_011": "1990", "year": 1990, "population": 8355.0, "areaKm2": 0.9, "density": 9283.333333333334}, "geometry": {"type": "Polygon", "coordinates": [[[135.194052, 34.772826], [135.194702, 34.775501], [135.195922, 34.777557], [135.197929, 34.779995], [135.198645, 34.780582], [135.198395, 34.780847], [135.199003, 34.781169], [135.198935, 34.78214], [135.198399, 34.782405], [135.198686, 34.782757], [135.199614, 34.782492], [135.200258, 34.782697], [135.200687, 34.782814], [135.201256, 34.782049], [135.202758, 34.782665], [135.204011, 34.783575], [135.205443, 34.784631], [135.206266, 34.785277], [135.207161, 34.785688], [135.207124, 34.785306], [135.206551, 34.78466], [135.20655, 34.784454], [135.206943, 34.784453], [135.207156, 34.783836], [135.20737, 34.78363], [135.207369, 34.783395], [135.20794, 34.783189], [135.207974, 34.782659], [135.207617, 34.78263], [135.207473, 34.782248], [135.207187, 34.782249], [135.206901, 34.781926], [135.207256, 34.781337], [135.206792, 34.781338], [135.206718, 34.780515], [135.206503, 34.780309], [135.206428, 34.779075], [135.205429, 34.77937], [135.205002, 34.780135], [135.204111, 34.78087], [135.203789, 34.780459], [135.203859, 34.77993], [135.204466, 34.779929], [135.204465, 34.779489], [135.204214, 34.779224], [135.204213, 34.778783], [135.203641, 34.778813], [135.203712, 34.77849], [135.203068, 34.778255], [135.202853, 34.777962], [135.203102, 34.777403], [135.202994, 34.77705], [135.203136, 34.776697], [135.202813, 34.776286], [135.203347, 34.775786], [135.202846, 34.775199], [135.202665, 34.774435], [135.202771, 34.773876], [135.202342, 34.773847], [135.201983, 34.773289], [135.201126, 34.773437], [135.200626, 34.773349], [135.200947, 34.772967], [135.199661, 34.773174], [135.199374, 34.772762], [135.19948, 34.772292], [135.198836, 34.77194], [135.198942, 34.771352], [135.198442, 34.771411], [135.198157, 34.771794], [135.197585, 34.771618], [135.196585, 34.771707], [135.194977, 34.771415], [135.1948, 34.772091], [135.194015, 34.772121], [135.194552, 34.77265], [135.194052, 34.772826]]]}}, {"type": "Feature", "id": "did-1990-22", "properties": {"A16_001": "281096", "A16_002": "28109", "A16_003": "神戸市北区", "A16_004": "6", "A16_005": "6240", "A16_006": "0.60", "A16_007": "6624", "A16_008": "0.60", "A16_009": "3.10", "A16_010": "0.20", "A16_011": "1990", "year": 1990, "population": 6240.0, "areaKm2": 0.6, "density": 10400.0}, "geometry": {"type": "Polygon", "coordinates": [[[135.210057, 34.786625], [135.210776, 34.788241], [135.211745, 34.789916], [135.211674, 34.789974], [135.211962, 34.790709], [135.212141, 34.790738], [135.212894, 34.791913], [135.21472, 34.793351], [135.216295, 34.794378], [135.217369, 34.794936], [135.217904, 34.794729], [135.218118, 34.794494], [135.218368, 34.794582], [135.218367, 34.794141], [135.218258, 34.793524], [135.218399, 34.792906], [135.218145, 34.791643], [135.217571, 34.79082], [135.217498, 34.790115], [135.21771, 34.789174], [135.217565, 34.788528], [135.217242, 34.788146], [135.216635, 34.788], [135.216131, 34.786942], [135.216917, 34.786912], [135.217417, 34.786764], [135.217737, 34.786205], [135.217054, 34.784766], [135.217018, 34.784472], [135.21505, 34.783592], [135.214871, 34.783269], [135.214192, 34.783241], [135.21387, 34.783006], [135.213905, 34.782682], [135.213476, 34.782595], [135.21312, 34.783359], [135.2128, 34.783624], [135.211551, 34.784243], [135.211195, 34.784714], [135.210698, 34.785684], [135.210057, 34.786625]]]}}, {"type": "Feature", "id": "did-1990-23", "properties": {"A16_001": "281097", "A16_002": "28109", "A16_003": "神戸市北区", "A16_004": "7", "A16_005": "5138", "A16_006": "0.50", "A16_007": "0", "A16_008": "0.00", "A16_009": "2.60", "A16_010": "0.20", "A16_011": "1990", "year": 1990, "population": 5138.0, "areaKm2": 0.5, "density": 10276.0}, "geometry": {"type": "Polygon", "coordinates": [[[135.181532, 34.765254], [135.181998, 34.765841], [135.183249, 34.766222], [135.184464, 34.766662], [135.188257, 34.769363], [135.189363, 34.769068], [135.190754, 34.768215], [135.191182, 34.767656], [135.191967, 34.767449], [135.192894, 34.766861], [135.193107, 34.766508], [135.193821, 34.766331], [135.193428, 34.766037], [135.193497, 34.76539], [135.19453, 34.764067], [135.192993, 34.763568], [135.191207, 34.763541], [135.191137, 34.76404], [135.190709, 34.764335], [135.190566, 34.764482], [135.190173, 34.764394], [135.190279, 34.763777], [135.189885, 34.763483], [135.189314, 34.76366], [135.188779, 34.76369], [135.188599, 34.763308], [135.188207, 34.763455], [135.187492, 34.763485], [135.187277, 34.763162], [135.187419, 34.762897], [135.186955, 34.762839], [135.186741, 34.762986], [135.186384, 34.762986], [135.186348, 34.762839], [135.185776, 34.76284], [135.185242, 34.763399], [135.185279, 34.76384], [135.18485, 34.763958], [135.184744, 34.764193], [135.184351, 34.764193], [135.184171, 34.763782], [135.183386, 34.763871], [135.182671, 34.763636], [135.18235, 34.763901], [135.181957, 34.763784], [135.18178, 34.764284], [135.181494, 34.764401], [135.181495, 34.764813], [135.181889, 34.765136], [135.181532, 34.765254]]]}}, {"type": "Feature", "id": "did-1990-24", "properties": {"A16_001": "281101", "A16_002": "28110", "A16_003": "神戸市中央区", "A16_004": "1", "A16_005": "115445", "A16_006": "14.50", "A16_007": "118298", "A16_008": "14.60", "A16_009": "99.30", "A16_010": "66.70", "A16_011": "1990", "year": 1990, "population": 115445.0, "areaKm2": 14.5, "density": 7961.724137931034}, "geometry": {"type": "Polygon", "coordinates": [[[135.176487, 34.694816], [135.176919, 34.694941], [135.176764, 34.695171], [135.177417, 34.695427], [135.177014, 34.695708], [135.177046, 34.696092], [135.176518, 34.696041], [135.176674, 34.696502], [135.176519, 34.696835], [135.176986, 34.697167], [135.17739, 34.696987], [135.177265, 34.696629], [135.177791, 34.696066], [135.178291, 34.697166], [135.177982, 34.697729], [135.179007, 34.697907], [135.179723, 34.698265], [135.179629, 34.697881], [135.179627, 34.697318], [135.179098, 34.696858], [135.179656, 34.696372], [135.180372, 34.696857], [135.180681, 34.696371], [135.181273, 34.696754], [135.181491, 34.697086], [135.181988, 34.697188], [135.182081, 34.697035], [135.18261, 34.697316], [135.182765, 34.697392], [135.183448, 34.697162], [135.18345, 34.697699], [135.183077, 34.697981], [135.182674, 34.698032], [135.182551, 34.698519], [135.183358, 34.698364], [135.184695, 34.698824], [135.184727, 34.699105], [135.184013, 34.699566], [135.184387, 34.699899], [135.185007, 34.699489], [135.18538, 34.699437], [135.185752, 34.699207], [135.186095, 34.699539], [135.186096, 34.699974], [135.186407, 34.700204], [135.186408, 34.700434], [135.186936, 34.700408], [135.187932, 34.701073], [135.188306, 34.701712], [135.187965, 34.701994], [135.188587, 34.702173], [135.189955, 34.702581], [135.189769, 34.702965], [135.190671, 34.703348], [135.191075, 34.703424], [135.193222, 34.704599], [135.193223, 34.70483], [135.193939, 34.705622], [135.194436, 34.705545], [135.195247, 34.706645], [135.196989, 34.707462], [135.198016, 34.708305], [135.198018, 34.709073], [135.197399, 34.709943], [135.197246, 34.710839], [135.197342, 34.711709], [135.197836, 34.710787], [135.198178, 34.710838], [135.198335, 34.711427], [135.19902, 34.711989], [135.19905, 34.71158], [135.199764, 34.711349], [135.199886, 34.710427], [135.200385, 34.711015], [135.200106, 34.71122], [135.200605, 34.711834], [135.200791, 34.711757], [135.200663, 34.710554], [135.201036, 34.710554], [135.201285, 34.710759], [135.202217, 34.710553], [135.202499, 34.711269], [135.202903, 34.711525], [135.203028, 34.711908], [135.203712, 34.712036], [135.204709, 34.712802], [135.205426, 34.71362], [135.206328, 34.714131], [135.206081, 34.714541], [135.207387, 34.715154], [135.207638, 34.715716], [135.207545, 34.7161], [135.208447, 34.716099], [135.208825, 34.716343], [135.208836, 34.716348], [135.208836, 34.716348], [135.208838, 34.71634], [135.209189, 34.714984], [135.209203, 34.714929], [135.20922, 34.714863], [135.209422, 34.714251], [135.209438, 34.714204], [135.209451, 34.714164], [135.209514, 34.713974], [135.209561, 34.7139], [135.209608, 34.713849], [135.209648, 34.713805], [135.209683, 34.713766], [135.209861, 34.713568], [135.209898, 34.713528], [135.209935, 34.713487], [135.210003, 34.713413], [135.210283, 34.713097], [135.21046, 34.712855], [135.21049, 34.712814], [135.210492, 34.712812], [135.210512, 34.712772], [135.210611, 34.712575], [135.21079, 34.712225], [135.211189, 34.711593], [135.211228, 34.711531], [135.211273, 34.711459], [135.212114, 34.710086], [135.212141, 34.710044], [135.212505, 34.709475], [135.21261, 34.709284], [135.212632, 34.709245], [135.212654, 34.709204], [135.212716, 34.709092], [135.212873, 34.708808], [135.212929, 34.708706], [135.213024, 34.708534], [135.213281, 34.70809], [135.213507, 34.707702], [135.213775, 34.707133], [135.213906, 34.706951], [135.213952, 34.706888], [135.214234, 34.706498], [135.214275, 34.706449], [135.214373, 34.706336], [135.21439, 34.706315], [135.214394, 34.706311], [135.214486, 34.706202], [135.214578, 34.706066], [135.214618, 34.706005], [135.214713, 34.705759], [135.21482, 34.705478], [135.21489, 34.705293], [135.214908, 34.705247], [135.214934, 34.705178], [135.215244, 34.704538], [135.215312, 34.704393], [135.215329, 34.704358], [135.215412, 34.704182], [135.21577, 34.703422], [135.215818, 34.703321], [135.215845, 34.703269], [135.216057, 34.702863], [135.216146, 34.702604], [135.216229, 34.702621], [135.216351, 34.702483], [135.216408, 34.702418], [135.216469, 34.702349], [135.216636, 34.70216], [135.216929, 34.701789], [135.217103, 34.70186], [135.217361, 34.701965], [135.217564, 34.702039], [135.217749, 34.702107], [135.217776, 34.701996], [135.217781, 34.701975], [135.217804, 34.701883], [135.217816, 34.701836], [135.217943, 34.701312], [135.218122, 34.700893], [135.218366, 34.700312], [135.218407, 34.700196], [135.218486, 34.699972], [135.218593, 34.699303], [135.218638, 34.699018], [135.218697, 34.698649], [135.218697, 34.698649], [135.217178, 34.697759], [135.215033, 34.696507], [135.213439, 34.695126], [135.21342, 34.69511], [135.213453, 34.695068], [135.213039, 34.694751], [135.212643, 34.694778], [135.212427, 34.694827], [135.211426, 34.695917], [135.210603, 34.695405], [135.209477, 34.694664], [135.208812, 34.694215], [135.20806, 34.693776], [135.208103, 34.693709], [135.207557, 34.69337], [135.207517, 34.693433], [135.207286, 34.693283], [135.207219, 34.693374], [135.207015, 34.693195], [135.206651, 34.692968], [135.206034, 34.692657], [135.205834, 34.69244], [135.205605, 34.692416], [135.205452, 34.692389], [135.205309, 34.692326], [135.205139, 34.692245], [135.204959, 34.692248], [135.204809, 34.692251], [135.204426, 34.69228], [135.204098, 34.690494], [135.204586, 34.69031], [135.204784, 34.690429], [135.20691, 34.691693], [135.206825, 34.691824], [135.210959, 34.694024], [135.213214, 34.693192], [135.21393, 34.693567], [135.214443, 34.693837], [135.215516, 34.693703], [135.214462, 34.692737], [135.217945, 34.69033], [135.217448, 34.689965], [135.214022, 34.692421], [135.21386, 34.692157], [135.216778, 34.689878], [135.21616, 34.689525], [135.213189, 34.691892], [135.211766, 34.691187], [135.213479, 34.68997], [135.213022, 34.689617], [135.211255, 34.690834], [135.210987, 34.690702], [135.212486, 34.689573], [135.211894, 34.689198], [135.210369, 34.690415], [135.209053, 34.689732], [135.212674, 34.687049], [135.212071, 34.686731], [135.208703, 34.689157], [135.208246, 34.689003], [135.211582, 34.686474], [135.211551, 34.686457], [135.210903, 34.686116], [135.207254, 34.688806], [135.205776, 34.687945], [135.209254, 34.685247], [135.208929, 34.685076], [135.20896, 34.685038], [135.207565, 34.684296], [135.206978, 34.684755], [135.204065, 34.687034], [135.203103, 34.686181], [135.204273, 34.684719], [135.20386, 34.684491], [135.202736, 34.685863], [135.202093, 34.685297], [135.201725, 34.684974], [135.203482, 34.679327], [135.202339, 34.678694], [135.201843, 34.680268], [135.200707, 34.683874], [135.198973, 34.683518], [135.199512, 34.68013], [135.198996, 34.680078], [135.198482, 34.680026], [135.197897, 34.683245], [135.196388, 34.683068], [135.196857, 34.679831], [135.19583, 34.679739], [135.195776, 34.679734], [135.195229, 34.682946], [135.193698, 34.682774], [135.194173, 34.679551], [135.193094, 34.679439], [135.193031, 34.679778], [135.192797, 34.681033], [135.192515, 34.682636], [135.192172, 34.684628], [135.193143, 34.684734], [135.193162, 34.685516], [135.193358, 34.685536], [135.194001, 34.685594], [135.194428, 34.685655], [135.192984, 34.68565], [135.192588, 34.685638], [135.18998, 34.685555], [135.190303, 34.681343], [135.188229, 34.681138], [135.188889, 34.680327], [135.189624, 34.679421], [135.18873, 34.678943], [135.187036, 34.680976], [135.186318, 34.682643], [135.185904, 34.684495], [135.184956, 34.684134], [135.185224, 34.683213], [135.184546, 34.682851], [135.184378, 34.683353], [135.184072, 34.682545], [135.184296, 34.68205], [135.18422, 34.681547], [135.184444, 34.680993], [135.184699, 34.68087], [135.185058, 34.680696], [135.185161, 34.680421], [135.185013, 34.680378], [135.185999, 34.678001], [135.185572, 34.677874], [135.183737, 34.677857], [135.183261, 34.677399], [135.18294, 34.677362], [135.182873, 34.677439], [135.182816, 34.677893], [135.182774, 34.677859], [135.182613, 34.677732], [135.182664, 34.677407], [135.182613, 34.677329], [135.182298, 34.677307], [135.182289, 34.677374], [135.182071, 34.677372], [135.182051, 34.676782], [135.18225, 34.676769], [135.182263, 34.676999], [135.18335, 34.677049], [135.183532, 34.677389], [135.183804, 34.677422], [135.18413, 34.676674], [135.184656, 34.6767], [135.18467, 34.67676], [135.186791, 34.676848], [135.186798, 34.676728], [135.184787, 34.676623], [135.184722, 34.676618], [135.184656, 34.676586], [135.184619, 34.676541], [135.184598, 34.676495], [135.184608, 34.676453], [135.184636, 34.676396], [135.184687, 34.676353], [135.184801, 34.676322], [135.185046, 34.676334], [135.186947, 34.676427], [135.187291, 34.675839], [135.185832, 34.675251], [135.186081, 34.674865], [135.186787, 34.675143], [135.186949, 34.675053], [135.185968, 34.674024], [135.185971, 34.673961], [135.186009, 34.673921], [135.186054, 34.673899], [135.186136, 34.673893], [135.18625, 34.673918], [135.187186, 34.674922], [135.187309, 34.6749], [135.187546, 34.674824], [135.187685, 34.674756], [135.187764, 34.674687], [135.187807, 34.674636], [135.188159, 34.673912], [135.188293, 34.673637], [135.188473, 34.67366], [135.18876, 34.672778], [135.189227, 34.672862], [135.189397, 34.672323], [135.188936, 34.672218], [135.18904, 34.671823], [135.188559, 34.670914], [135.187618, 34.670394], [135.187594, 34.670197], [135.186158, 34.670174], [135.18614, 34.670251], [135.185028, 34.670247], [135.185019, 34.670126], [135.18326, 34.670105], [135.183135, 34.67012], [135.183135, 34.67012], [135.183078, 34.670315], [135.182739, 34.671812], [135.184524, 34.672046], [135.184442, 34.672167], [135.184338, 34.672248], [135.183884, 34.672408], [135.183398, 34.672579], [135.183143, 34.67268], [135.18316, 34.672801], [135.183287, 34.673083], [135.183336, 34.673191], [135.182245, 34.673601], [135.181988, 34.673698], [135.181355, 34.673901], [135.181223, 34.673956], [135.180295, 34.674341], [135.180256, 34.674357], [135.180056, 34.674439], [135.178991, 34.674852], [135.178944, 34.67487], [135.178896, 34.674889], [135.178859, 34.674903], [135.178219, 34.675149], [135.178131, 34.675176], [135.177858, 34.675258], [135.177686, 34.67531], [135.177286, 34.67543], [135.177168, 34.675476], [135.177106, 34.675501], [135.176885, 34.675589], [135.176644, 34.675684], [135.176597, 34.675703], [135.176594, 34.675704], [135.176499, 34.675742], [135.176446, 34.675763], [135.176434, 34.675768], [135.176406, 34.675777], [135.175833, 34.675963], [135.175775, 34.675982], [135.175729, 34.675997], [135.175654, 34.676021], [135.175775, 34.676291], [135.175738, 34.676312], [135.175684, 34.676344], [135.175601, 34.676394], [135.175504, 34.676452], [135.175453, 34.676487], [135.175351, 34.676555], [135.175196, 34.676706], [135.175169, 34.676732], [135.175161, 34.67674], [135.175124, 34.676777], [135.17493, 34.676966], [135.174885, 34.677009], [135.174849, 34.677043], [135.174811, 34.677079], [135.17458, 34.677298], [135.174544, 34.677333], [135.17451, 34.677365], [135.174176, 34.677683], [135.174135, 34.677722], [135.174099, 34.677756], [135.173814, 34.678026], [135.173774, 34.678064], [135.173738, 34.678099], [135.173488, 34.678336], [135.174277, 34.678788], [135.174403, 34.678859], [135.17461, 34.678978], [135.174376, 34.679218], [135.174362, 34.679233], [135.174186, 34.679413], [135.174127, 34.679473], [135.173848, 34.679759], [135.173803, 34.679806], [135.173774, 34.679836], [135.173374, 34.680246], [135.173331, 34.680291], [135.173296, 34.680328], [135.17277, 34.680868], [135.1726, 34.68104], [135.17256, 34.68108], [135.172532, 34.681109], [135.172319, 34.681323], [135.172034, 34.681614], [135.171994, 34.681654], [135.171965, 34.681683], [135.171738, 34.681913], [135.171629, 34.682027], [135.171507, 34.682153], [135.171501, 34.682159], [135.171377, 34.682287], [135.171262, 34.682406], [135.171251, 34.682419], [135.171071, 34.682635], [135.170978, 34.682745], [135.170863, 34.682953], [135.170835, 34.683004], [135.170814, 34.683043], [135.170779, 34.683106], [135.170701, 34.683269], [135.170635, 34.683406], [135.170531, 34.683678], [135.170479, 34.683813], [135.170417, 34.684006], [135.170256, 34.684306], [135.170244, 34.684329], [135.170182, 34.684569], [135.170126, 34.684844], [135.170019, 34.685118], [135.169674, 34.686146], [135.169661, 34.686185], [135.16964, 34.686247], [135.170152, 34.686462], [135.170201, 34.686483], [135.170249, 34.686503], [135.170528, 34.68662], [135.171235, 34.686941], [135.171283, 34.686963], [135.171295, 34.686968], [135.171313, 34.687015], [135.171389, 34.687218], [135.17149, 34.687477], [135.171569, 34.687585], [135.171705, 34.687698], [135.17195, 34.687843], [135.171971, 34.687851], [135.172025, 34.687872], [135.172073, 34.687891], [135.172117, 34.687908], [135.172197, 34.687909], [135.172325, 34.687911], [135.172355, 34.687908], [135.172455, 34.687898], [135.172506, 34.687893], [135.172596, 34.687884], [135.172688, 34.687905], [135.172887, 34.688067], [135.172844, 34.688078], [135.172727, 34.688097], [135.172661, 34.688172], [135.172652, 34.688258], [135.172678, 34.688299], [135.172746, 34.688411], [135.172776, 34.688535], [135.172766, 34.688624], [135.172721, 34.688681], [135.172655, 34.688764], [135.172508, 34.688864], [135.172374, 34.688891], [135.172273, 34.68888], [135.17197, 34.688756], [135.171869, 34.688732], [135.171824, 34.688721], [135.171748, 34.688702], [135.171728, 34.688706], [135.1717, 34.68871], [135.171683, 34.688713], [135.171681, 34.68875], [135.171679, 34.688794], [135.171721, 34.688898], [135.171725, 34.688907], [135.171755, 34.688932], [135.171948, 34.689092], [135.171983, 34.68912], [135.172136, 34.689236], [135.172176, 34.689266], [135.172213, 34.689295], [135.172345, 34.689395], [135.17246, 34.689457], [135.172504, 34.689481], [135.172546, 34.689503], [135.172616, 34.689541], [135.172655, 34.689562], [135.172821, 34.689648], [135.173034, 34.689818], [135.173173, 34.689884], [135.173381, 34.689982], [135.173396, 34.689989], [135.173936, 34.690262], [135.173957, 34.690273], [135.174186, 34.690415], [135.174335, 34.690564], [135.174383, 34.690611], [135.17443, 34.690658], [135.17471, 34.690989], [135.174711, 34.690989], [135.174966, 34.691331], [135.175026, 34.691411], [135.175099, 34.691508], [135.175311, 34.691721], [135.175358, 34.69175], [135.175442, 34.691802], [135.175536, 34.691853], [135.175586, 34.69188], [135.175753, 34.691919], [135.175856, 34.691942], [135.176144, 34.692022], [135.176199, 34.692037], [135.176224, 34.692054], [135.176241, 34.692066], [135.176151, 34.692166], [135.176103, 34.692219], [135.176033, 34.692297], [135.175744, 34.692214], [135.175624, 34.692439], [135.175583, 34.692515], [135.175474, 34.692668], [135.175426, 34.692734], [135.175379, 34.692799], [135.175285, 34.692929], [135.175156, 34.693194], [135.175124, 34.693258], [135.17591, 34.693492], [135.176709, 34.693731], [135.176898, 34.693797], [135.176875, 34.694031], [135.176847, 34.694095], [135.176808, 34.694183], [135.17669, 34.694694], [135.176643, 34.694784], [135.176487, 34.694816]]]}}, {"type": "Feature", "id": "did-1990-25", "properties": {"A16_001": "281101", "A16_002": "28110", "A16_003": "神戸市中央区", "A16_004": "1", "A16_005": "115445", "A16_006": "14.50", "A16_007": "118298", "A16_008": "14.60", "A16_009": "99.30", "A16_010": "66.70", "A16_011": "1990", "year": 1990, "population": 115445.0, "areaKm2": 14.5, "density": 7961.724137931034}, "geometry": {"type": "Polygon", "coordinates": [[[135.206987, 34.677004], [135.210813, 34.678857], [135.21046, 34.680588], [135.210525, 34.680593], [135.210399, 34.681251], [135.21393, 34.681782], [135.219981, 34.682693], [135.222688, 34.680474], [135.223455, 34.679848], [135.225319, 34.678325], [135.225547, 34.677843], [135.222465, 34.676892], [135.218766, 34.675763], [135.218244, 34.675599], [135.216362, 34.675008], [135.217766, 34.672618], [135.220763, 34.673526], [135.223199, 34.674282], [135.223204, 34.674283], [135.225465, 34.674976], [135.227924, 34.67572], [135.231562, 34.673771], [135.231748, 34.673408], [135.230621, 34.673062], [135.224668, 34.671231], [135.222234, 34.670493], [135.221185, 34.670184], [135.220234, 34.669918], [135.219525, 34.669694], [135.2202, 34.668526], [135.220968, 34.667196], [135.229621, 34.669918], [135.233276, 34.671046], [135.233765, 34.669919], [135.233998, 34.669353], [135.233419, 34.669115], [135.205738, 34.657697], [135.204259, 34.657128], [135.204117, 34.659256], [135.203601, 34.659236], [135.203058, 34.658956], [135.202696, 34.658959], [135.202532, 34.659199], [135.202254, 34.659191], [135.202133, 34.660917], [135.201502, 34.669918], [135.201402, 34.671617], [135.201339, 34.673534], [135.201524, 34.673533], [135.201646, 34.673532], [135.20165, 34.673622], [135.202919, 34.673686], [135.202857, 34.674724], [135.204343, 34.675831], [135.203361, 34.677039], [135.204747, 34.677823], [135.206405, 34.676723], [135.206987, 34.677004]]]}}, {"type": "Feature", "id": "did-1990-26", "properties": {"A16_001": "281111", "A16_002": "28111", "A16_003": "神戸市西区", "A16_004": "1", "A16_005": "27266", "A16_006": "4.10", "A16_007": "0", "A16_008": "0.00", "A16_009": "17.20", "A16_010": "3.00", "A16_011": "1990", "year": 1990, "population": 27266.0, "areaKm2": 4.1, "density": 6650.243902439025}, "geometry": {"type": "Polygon", "coordinates": [[[135.039999, 34.669557], [135.040238, 34.669515], [135.040339, 34.669473], [135.040426, 34.669389], [135.040477, 34.669233], [135.040455, 34.669179], [135.040303, 34.669131], [135.040216, 34.669089], [135.039861, 34.668819], [135.03979, 34.668727], [135.03968, 34.668586], [135.039543, 34.668224], [135.039427, 34.668103], [135.039261, 34.668028], [135.038029, 34.667951], [135.037882, 34.667925], [135.037756, 34.667858], [135.037483, 34.667554], [135.037259, 34.667236], [135.037192, 34.667206], [135.037111, 34.667214], [135.036991, 34.667258], [135.036929, 34.667258], [135.036894, 34.667258], [135.036792, 34.66721], [135.036408, 34.666719], [135.036408, 34.666509], [135.036394, 34.666419], [135.036408, 34.666348], [135.036478, 34.666278], [135.036681, 34.666074], [135.036806, 34.666166], [135.036909, 34.666079], [135.036944, 34.666049], [135.036912, 34.66602], [135.036825, 34.665937], [135.037213, 34.665583], [135.037198, 34.665517], [135.037173, 34.665494], [135.03706, 34.665393], [135.036946, 34.665291], [135.03693, 34.665277], [135.036879, 34.665265], [135.036809, 34.665323], [135.036553, 34.665535], [135.036494, 34.665535], [135.036444, 34.665535], [135.03639, 34.665485], [135.036372, 34.665469], [135.036278, 34.665277], [135.036191, 34.664996], [135.036172, 34.664968], [135.036125, 34.6649], [135.036038, 34.664852], [135.035871, 34.664828], [135.035781, 34.664816], [135.035524, 34.66478], [135.035415, 34.664708], [135.03538, 34.664656], [135.035365, 34.664634], [135.035343, 34.6646], [135.035341, 34.664583], [135.035334, 34.664453], [135.035331, 34.664407], [135.035314, 34.664122], [135.035313, 34.664111], [135.035299, 34.663881], [135.035241, 34.663798], [135.035193, 34.663768], [135.035074, 34.663696], [135.034923, 34.663578], [135.034712, 34.663414], [135.034317, 34.663011], [135.034223, 34.662933], [135.033996, 34.662745], [135.033798, 34.662669], [135.033649, 34.662636], [135.033599, 34.662625], [135.033369, 34.662625], [135.033176, 34.662635], [135.033118, 34.662637], [135.03311, 34.662638], [135.033043, 34.662622], [135.03298, 34.662606], [135.032659, 34.662347], [135.032453, 34.662113], [135.032216, 34.661766], [135.032038, 34.661517], [135.031887, 34.661305], [135.031566, 34.660654], [135.031482, 34.660421], [135.031368, 34.660225], [135.031085, 34.65989], [135.030913, 34.659583], [135.030913, 34.659583], [135.030337, 34.65994], [135.029803, 34.660298], [135.029743, 34.660338], [135.029547, 34.660469], [135.029216, 34.660716], [135.029169, 34.660751], [135.028995, 34.66088], [135.028654, 34.661054], [135.028406, 34.66118], [135.027431, 34.661614], [135.027378, 34.661638], [135.026866, 34.661866], [135.026856, 34.661862], [135.026826, 34.661849], [135.026794, 34.661685], [135.026766, 34.661539], [135.026748, 34.661443], [135.026734, 34.661404], [135.026629, 34.661112], [135.026614, 34.661069], [135.026456, 34.660749], [135.0264, 34.660634], [135.025978, 34.660792], [135.025663, 34.660852], [135.025328, 34.660917], [135.025248, 34.660933], [135.025148, 34.660952], [135.025083, 34.660954], [135.024939, 34.660958], [135.02487, 34.66096], [135.02483, 34.660931], [135.024857, 34.660817], [135.024865, 34.660783], [135.025102, 34.660598], [135.025223, 34.660504], [135.025538, 34.660459], [135.025541, 34.660459], [135.025759, 34.660381], [135.025774, 34.660348], [135.025474, 34.66013], [135.025173, 34.659913], [135.025167, 34.659908], [135.024627, 34.659563], [135.024623, 34.659561], [135.023868, 34.658933], [135.023803, 34.65883], [135.023788, 34.658715], [135.023795, 34.658617], [135.023798, 34.658571], [135.023868, 34.658366], [135.023818, 34.658301], [135.023714, 34.65828], [135.023634, 34.658329], [135.023555, 34.658506], [135.023361, 34.658801], [135.023282, 34.659018], [135.023247, 34.659114], [135.023197, 34.659183], [135.023073, 34.65929], [135.02301, 34.659304], [135.022979, 34.659311], [135.022884, 34.65929], [135.022843, 34.659246], [135.022758, 34.659021], [135.0227, 34.658767], [135.022659, 34.658581], [135.022495, 34.65831], [135.022457, 34.658208], [135.022435, 34.65815], [135.022415, 34.657986], [135.022426, 34.657908], [135.022445, 34.65776], [135.02244, 34.657592], [135.022414, 34.657519], [135.022376, 34.657415], [135.022301, 34.657353], [135.022158, 34.657326], [135.022088, 34.657312], [135.021829, 34.657312], [135.021591, 34.657284], [135.021506, 34.6573], [135.021442, 34.657349], [135.021303, 34.657575], [135.021074, 34.657682], [135.021066, 34.657692], [135.021024, 34.657748], [135.02103, 34.657827], [135.021034, 34.657883], [135.021039, 34.657953], [135.021049, 34.658089], [135.021019, 34.65815], [135.02087, 34.658216], [135.020835, 34.658146], [135.020807, 34.658137], [135.020706, 34.658105], [135.020633, 34.658138], [135.020597, 34.658212], [135.020589, 34.658216], [135.020542, 34.658244], [135.020423, 34.658274], [135.020299, 34.658306], [135.019972, 34.658421], [135.019893, 34.658405], [135.019813, 34.65831], [135.019776, 34.658326], [135.019615, 34.658397], [135.019461, 34.658434], [135.019351, 34.658429], [135.019161, 34.65832], [135.018994, 34.658224], [135.018721, 34.658006], [135.018649, 34.657965], [135.018479, 34.657867], [135.018285, 34.657805], [135.018141, 34.657785], [135.018086, 34.657797], [135.018081, 34.657842], [135.018098, 34.657873], [135.018205, 34.658068], [135.018209, 34.658109], [135.01822, 34.658216], [135.018131, 34.658355], [135.018016, 34.658443], [135.017997, 34.658458], [135.017972, 34.658503], [135.018012, 34.658639], [135.018007, 34.658766], [135.017969, 34.658887], [135.017947, 34.658959], [135.017831, 34.658904], [135.017403, 34.658701], [135.017264, 34.658636], [135.017202, 34.658607], [135.017157, 34.658585], [135.017089, 34.658548], [135.017024, 34.658513], [135.016911, 34.658451], [135.016893, 34.658442], [135.016809, 34.658396], [135.016596, 34.658248], [135.016589, 34.658242], [135.016464, 34.658135], [135.016382, 34.658064], [135.015944, 34.657669], [135.015622, 34.657378], [135.01541, 34.657288], [135.015294, 34.657224], [135.015006, 34.657068], [135.014757, 34.656933], [135.014744, 34.656926], [135.014665, 34.656943], [135.0146, 34.657014], [135.01456, 34.657058], [135.014566, 34.657101], [135.01457, 34.657136], [135.015004, 34.657376], [135.01515, 34.657457], [135.015186, 34.657477], [135.015206, 34.657542], [135.015067, 34.657714], [135.014955, 34.657801], [135.014905, 34.657841], [135.014893, 34.65785], [135.014714, 34.657939], [135.014501, 34.657996], [135.013974, 34.658055], [135.013909, 34.658096], [135.013914, 34.658158], [135.014024, 34.658281], [135.014133, 34.658462], [135.014342, 34.658711], [135.014431, 34.658789], [135.014586, 34.658828], [135.014634, 34.658813], [135.014689, 34.658797], [135.014878, 34.658666], [135.015057, 34.658571], [135.015478, 34.658399], [135.015612, 34.658386], [135.015726, 34.658415], [135.015885, 34.658522], [135.015888, 34.658529], [135.015905, 34.658567], [135.015855, 34.658592], [135.015627, 34.6586], [135.015503, 34.658633], [135.01524, 34.658783], [135.015225, 34.658792], [135.015061, 34.658886], [135.014827, 34.659023], [135.014733, 34.659109], [135.014683, 34.65921], [135.014693, 34.659333], [135.014758, 34.659436], [135.014857, 34.659506], [135.015001, 34.659555], [135.015175, 34.65958], [135.015363, 34.659584], [135.01585, 34.659555], [135.016635, 34.659461], [135.016814, 34.659399], [135.016874, 34.659403], [135.016973, 34.659481], [135.017068, 34.659502], [135.017396, 34.659453], [135.01752, 34.659461], [135.017599, 34.659555], [135.017609, 34.659662], [135.017569, 34.659732], [135.0175, 34.659753], [135.017386, 34.659753], [135.017167, 34.659716], [135.017064, 34.659743], [135.017043, 34.659748], [135.016966, 34.659807], [135.016859, 34.659888], [135.016675, 34.659925], [135.016506, 34.659917], [135.016367, 34.659933], [135.016347, 34.65997], [135.016387, 34.660073], [135.016461, 34.660258], [135.016496, 34.660413], [135.016456, 34.660545], [135.016403, 34.660586], [135.016317, 34.660652], [135.016211, 34.660693], [135.015968, 34.660701], [135.015913, 34.660668], [135.015786, 34.660525], [135.015749, 34.660483], [135.015674, 34.660467], [135.015605, 34.660504], [135.015565, 34.660598], [135.015565, 34.660616], [135.01557, 34.660861], [135.01554, 34.660931], [135.015535, 34.660932], [135.015481, 34.660947], [135.015441, 34.660902], [135.015322, 34.66068], [135.015262, 34.66045], [135.015193, 34.660385], [135.015128, 34.660405], [135.015098, 34.660496], [135.015222, 34.660853], [135.015262, 34.660951], [135.015227, 34.661001], [135.015163, 34.661005], [135.015108, 34.660931], [135.015068, 34.660767], [135.015004, 34.66059], [135.014895, 34.660467], [135.014746, 34.660376], [135.014418, 34.660282], [135.013896, 34.66006], [135.013831, 34.660081], [135.013831, 34.660142], [135.013956, 34.660282], [135.013961, 34.660335], [135.013882, 34.660448], [135.013811, 34.660549], [135.013816, 34.660611], [135.01432, 34.661007], [135.014339, 34.66113], [135.014354, 34.661229], [135.014051, 34.661591], [135.013992, 34.661603], [135.013515, 34.661398], [135.013475, 34.66141], [135.013469, 34.661419], [135.013411, 34.661508], [135.013028, 34.661521], [135.012993, 34.661517], [135.01265, 34.66148], [135.012173, 34.661488], [135.012153, 34.661485], [135.011663, 34.661422], [135.01139, 34.661398], [135.011221, 34.661418], [135.011042, 34.661469], [135.010864, 34.661485], [135.01063, 34.661481], [135.010549, 34.661465], [135.010317, 34.66142], [135.010019, 34.661309], [135.009795, 34.66119], [135.009751, 34.661099], [135.009754, 34.66107], [135.00977, 34.660943], [135.009825, 34.660869], [135.009994, 34.660787], [135.010233, 34.660726], [135.010476, 34.660701], [135.010819, 34.660742], [135.010958, 34.660742], [135.011062, 34.660713], [135.011142, 34.660648], [135.011167, 34.660545], [135.011142, 34.660434], [135.011057, 34.660348], [135.010923, 34.660274], [135.01064, 34.660241], [135.010342, 34.660163], [135.010108, 34.660175], [135.009909, 34.660237], [135.0098, 34.660253], [135.009502, 34.660233], [135.009234, 34.660266], [135.009036, 34.660321], [135.008864, 34.660368], [135.008673, 34.660182], [135.008438, 34.659952], [135.008337, 34.659854], [135.008318, 34.659834], [135.008297, 34.659851], [135.008, 34.660095], [135.00795, 34.660103], [135.007796, 34.660017], [135.007538, 34.659795], [135.006783, 34.658971], [135.006281, 34.658371], [135.006233, 34.658253], [135.006233, 34.658138], [135.006186, 34.658035], [135.006087, 34.65794], [135.005709, 34.657739], [135.0054, 34.657602], [135.005296, 34.657556], [135.005148, 34.65749], [135.005001, 34.657425], [135.004921, 34.65739], [135.004769, 34.657739], [135.00459, 34.657953], [135.00459, 34.657953], [135.003936, 34.659016], [135.004364, 34.659632], [135.004293, 34.659955], [135.004614, 34.660631], [135.005148, 34.660573], [135.005255, 34.660925], [135.005683, 34.661131], [135.005932, 34.660896], [135.00579, 34.660632], [135.006004, 34.660632], [135.006966, 34.661484], [135.005897, 34.662452], [135.005862, 34.662922], [135.006218, 34.663157], [135.006752, 34.662864], [135.007109, 34.662864], [135.007465, 34.66213], [135.007821, 34.662219], [135.008178, 34.662689], [135.007537, 34.663041], [135.007643, 34.663246], [135.008534, 34.662924], [135.009176, 34.663042], [135.009782, 34.663717], [135.009782, 34.664099], [135.007965, 34.664303], [135.007965, 34.664538], [135.008713, 34.665097], [135.00996, 34.664774], [135.010174, 34.665098], [135.011421, 34.664981], [135.011956, 34.66548], [135.013061, 34.664864], [135.014094, 34.664836], [135.014522, 34.665129], [135.015377, 34.66513], [135.015413, 34.6656], [135.0147, 34.665658], [135.014593, 34.666098], [135.01609, 34.666393], [135.016126, 34.666863], [135.016447, 34.667303], [135.017659, 34.666893], [135.018407, 34.666864], [135.018764, 34.667892], [135.018835, 34.668274], [135.01855, 34.668597], [135.017837, 34.66842], [135.017374, 34.66842], [135.017374, 34.66889], [135.012242, 34.667565], [135.011743, 34.667653], [135.012492, 34.669151], [135.011494, 34.669415], [135.011316, 34.66918], [135.010389, 34.669267], [135.009997, 34.66915], [135.008857, 34.669178], [135.008572, 34.66862], [135.006932, 34.669001], [135.008109, 34.66956], [135.006826, 34.670117], [135.006755, 34.670322], [135.005614, 34.671026], [135.005614, 34.671496], [135.00647, 34.672378], [135.00647, 34.672642], [135.006542, 34.674022], [135.007718, 34.673964], [135.007754, 34.674316], [135.007077, 34.674844], [135.006792, 34.675314], [135.005972, 34.67593], [135.006008, 34.676694], [135.006614, 34.677105], [135.006935, 34.677017], [135.007541, 34.677458], [135.007612, 34.678251], [135.008895, 34.678252], [135.009537, 34.677812], [135.009929, 34.677812], [135.010784, 34.677254], [135.011604, 34.677049], [135.011497, 34.676756], [135.011033, 34.676667], [135.010605, 34.67608], [135.011104, 34.675728], [135.011104, 34.675493], [135.010605, 34.674935], [135.010783, 34.674612], [135.010676, 34.674289], [135.011139, 34.674054], [135.013492, 34.675993], [135.013706, 34.675524], [135.016272, 34.674791], [135.015024, 34.672559], [135.015272, 34.671032], [135.017161, 34.671473], [135.019336, 34.672238], [135.020584, 34.673266], [135.019515, 34.674264], [135.020014, 34.674441], [135.020014, 34.675556], [135.020122, 34.676555], [135.023044, 34.67638], [135.023116, 34.677026], [135.024648, 34.677086], [135.02586, 34.677027], [135.026573, 34.676852], [135.026894, 34.676587], [135.027927, 34.676441], [135.028925, 34.676148], [135.029566, 34.675796], [135.0301, 34.675033], [135.030457, 34.675003], [135.030849, 34.674622], [135.031133, 34.674005], [135.03149, 34.674005], [135.031739, 34.673477], [135.032273, 34.67333], [135.033093, 34.67245], [135.033449, 34.672744], [135.03409, 34.672186], [135.034019, 34.671599], [135.034553, 34.671012], [135.035159, 34.670982], [135.035194, 34.670513], [135.033769, 34.670453], [135.033768, 34.669367], [135.034908, 34.669514], [135.0353, 34.66925], [135.03637, 34.669661], [135.038044, 34.668429], [135.03931, 34.668512], [135.039999, 34.669557]]]}}, {"type": "Feature", "id": "did-1990-27", "properties": {"A16_001": "281112", "A16_002": "28111", "A16_003": "神戸市西区", "A16_004": "2", "A16_005": "18304", "A16_006": "2.40", "A16_007": "16109", "A16_008": "2.00", "A16_009": "11.50", "A16_010": "1.70", "A16_011": "1990", "year": 1990, "population": 18304.0, "areaKm2": 2.4, "density": 7626.666666666667}, "geometry": {"type": "Polygon", "coordinates": [[[134.983731, 34.660971], [134.983625, 34.661001], [134.983617, 34.661003], [134.983488, 34.661012], [134.983335, 34.66099], [134.983262, 34.660991], [134.983086, 34.660996], [134.982853, 34.661039], [134.982664, 34.661064], [134.982551, 34.661014], [134.982456, 34.660955], [134.982423, 34.660934], [134.982363, 34.660934], [134.982294, 34.660934], [134.982223, 34.660935], [134.982031, 34.66094], [134.981917, 34.660896], [134.981864, 34.660778], [134.981812, 34.660722], [134.981654, 34.660746], [134.981518, 34.660946], [134.981367, 34.661183], [134.981292, 34.661208], [134.981081, 34.661052], [134.980975, 34.660996], [134.980892, 34.661089], [134.980734, 34.661239], [134.980598, 34.661245], [134.980523, 34.66117], [134.980289, 34.660628], [134.980274, 34.660413], [134.980338, 34.660298], [134.980364, 34.660251], [134.980598, 34.660108], [134.980898, 34.659996], [134.981186, 34.659889], [134.980726, 34.659061], [134.980656, 34.659002], [134.980652, 34.658999], [134.980462, 34.658843], [134.980315, 34.658518], [134.980029, 34.657885], [134.979974, 34.657763], [134.979949, 34.657708], [134.979756, 34.65776], [134.979659, 34.657786], [134.979489, 34.657832], [134.978965, 34.657973], [134.977635, 34.658331], [134.977203, 34.658406], [134.976949, 34.658514], [134.976675, 34.658631], [134.976864, 34.659029], [134.976811, 34.659079], [134.976701, 34.659125], [134.976645, 34.659148], [134.976215, 34.659316], [134.97617, 34.659366], [134.9762, 34.659484], [134.976223, 34.659615], [134.976328, 34.659815], [134.976426, 34.659958], [134.976411, 34.660123], [134.976358, 34.660198], [134.976268, 34.660248], [134.976217, 34.660258], [134.97614, 34.660273], [134.975996, 34.660335], [134.975941, 34.660378], [134.975883, 34.660423], [134.975755, 34.660572], [134.97565, 34.660734], [134.975604, 34.660908], [134.975604, 34.66112], [134.975619, 34.661388], [134.975597, 34.661544], [134.975491, 34.661625], [134.975386, 34.66165], [134.975114, 34.661619], [134.975001, 34.661694], [134.974956, 34.6618], [134.974956, 34.661912], [134.975009, 34.662005], [134.97501, 34.662007], [134.975092, 34.662136], [134.975393, 34.662342], [134.975484, 34.662442], [134.975529, 34.662641], [134.97551, 34.662677], [134.975431, 34.662828], [134.975401, 34.662965], [134.975431, 34.663109], [134.975461, 34.663314], [134.975431, 34.663501], [134.975401, 34.663598], [134.975369, 34.663698], [134.975353, 34.663747], [134.975348, 34.663763], [134.975248, 34.663889], [134.975231, 34.66391], [134.975182, 34.663972], [134.975099, 34.664059], [134.975107, 34.664153], [134.975054, 34.664252], [134.974858, 34.664371], [134.974757, 34.664532], [134.974745, 34.664551], [134.974741, 34.66456], [134.974689, 34.664679], [134.974639, 34.664794], [134.974594, 34.664931], [134.974567, 34.665011], [134.974556, 34.665044], [134.974559, 34.665098], [134.974571, 34.665324], [134.974492, 34.665674], [134.974394, 34.665973], [134.974393, 34.665974], [134.974258, 34.666098], [134.974085, 34.666166], [134.973603, 34.666278], [134.973497, 34.666359], [134.973512, 34.666428], [134.973655, 34.66654], [134.973738, 34.66664], [134.973738, 34.666714], [134.973588, 34.666936], [134.973459, 34.667023], [134.973218, 34.667141], [134.973128, 34.667228], [134.972984, 34.667465], [134.972788, 34.667609], [134.972532, 34.667671], [134.972193, 34.667727], [134.971981, 34.667864], [134.971949, 34.667911], [134.971863, 34.668035], [134.971832, 34.668079], [134.971802, 34.668122], [134.971778, 34.668157], [134.971778, 34.668278], [134.971778, 34.668301], [134.971913, 34.668587], [134.971959, 34.668806], [134.971894, 34.669008], [134.971891, 34.669018], [134.971823, 34.669125], [134.971747, 34.669245], [134.971681, 34.669349], [134.971627, 34.669435], [134.971478, 34.669619], [134.971239, 34.669915], [134.971172, 34.669979], [134.971129, 34.670021], [134.971081, 34.67008], [134.970984, 34.670197], [134.970961, 34.670225], [134.970902, 34.670315], [134.970832, 34.670421], [134.970674, 34.670593], [134.970486, 34.670699], [134.970402, 34.670912], [134.970313, 34.671141], [134.970243, 34.671211], [134.970174, 34.671279], [134.970142, 34.671329], [134.970046, 34.671475], [134.969986, 34.671729], [134.969931, 34.671949], [134.969878, 34.672162], [134.969848, 34.672383], [134.970066, 34.672448], [134.970115, 34.672522], [134.970194, 34.673176], [134.970234, 34.673306], [134.970292, 34.673366], [134.970338, 34.673413], [134.970536, 34.673527], [134.970743, 34.673633], [134.971011, 34.673805], [134.971129, 34.673871], [134.971298, 34.673903], [134.971538, 34.673987], [134.971743, 34.674058], [134.971807, 34.674062], [134.971891, 34.674067], [134.971976, 34.674116], [134.97206, 34.674165], [134.97205, 34.674467], [134.971935, 34.674568], [134.971891, 34.674606], [134.971509, 34.674898], [134.971437, 34.674953], [134.971367, 34.675007], [134.971535, 34.675317], [134.971836, 34.675794], [134.971906, 34.675906], [134.971996, 34.676282], [134.971902, 34.676374], [134.971748, 34.676527], [134.971748, 34.676527], [134.971718, 34.676625], [134.971699, 34.67696], [134.971669, 34.677214], [134.97153, 34.677393], [134.971382, 34.677499], [134.969878, 34.677868], [134.969491, 34.677974], [134.969303, 34.67808], [134.96922, 34.678183], [134.9692, 34.678208], [134.969184, 34.678227], [134.969142, 34.678277], [134.96898, 34.678466], [134.968921, 34.678534], [134.968863, 34.678603], [134.968779, 34.678702], [134.968724, 34.678766], [134.968594, 34.678919], [134.968536, 34.678988], [134.968474, 34.679061], [134.968467, 34.679069], [134.968403, 34.679122], [134.968322, 34.679188], [134.968251, 34.679248], [134.968219, 34.679273], [134.96815, 34.67933], [134.968148, 34.679332], [134.968058, 34.679405], [134.967988, 34.679461], [134.967923, 34.679514], [134.967853, 34.67957], [134.967714, 34.679682], [134.967495, 34.679835], [134.967417, 34.67989], [134.967407, 34.679897], [134.967351, 34.679936], [134.967329, 34.679952], [134.967284, 34.680015], [134.967241, 34.680075], [134.967186, 34.680153], [134.967161, 34.680189], [134.96713, 34.680292], [134.967109, 34.680367], [134.967093, 34.680421], [134.967074, 34.680483], [134.967058, 34.680538], [134.967037, 34.680613], [134.967022, 34.680663], [134.966997, 34.680736], [134.96697, 34.680817], [134.966946, 34.680888], [134.966918, 34.68097], [134.966896, 34.681033], [134.966864, 34.681129], [134.967238, 34.681412], [134.967467, 34.681587], [134.968001, 34.681039], [134.96829, 34.680938], [134.969486, 34.679546], [134.969651, 34.679801], [134.97064, 34.679547], [134.970826, 34.679072], [134.971135, 34.680023], [134.971712, 34.680057], [134.972434, 34.679158], [134.972908, 34.679107], [134.973114, 34.678819], [134.974104, 34.678701], [134.974372, 34.679329], [134.976784, 34.678635], [134.975712, 34.675866], [134.977856, 34.67529], [134.977856, 34.674814], [134.979278, 34.674476], [134.979526, 34.674612], [134.981999, 34.673935], [134.982391, 34.677943], [134.983154, 34.677621], [134.984535, 34.676807], [134.98503, 34.676162], [134.985628, 34.676095], [134.987318, 34.675484], [134.987689, 34.675502], [134.989462, 34.674824], [134.988843, 34.67343], [134.988658, 34.672666], [134.98806, 34.672683], [134.987648, 34.672869], [134.987442, 34.672699], [134.987648, 34.672292], [134.9874, 34.67168], [134.986782, 34.670949], [134.986493, 34.670388], [134.986555, 34.669879], [134.987215, 34.667587], [134.987297, 34.666907], [134.987132, 34.666211], [134.985092, 34.663594], [134.984411, 34.662727], [134.984039, 34.662221], [134.983913, 34.661812], [134.983816, 34.661426], [134.983731, 34.660971]]]}}, {"type": "Feature", "id": "did-1990-28", "properties": {"A16_001": "281113", "A16_002": "28111", "A16_003": "神戸市西区", "A16_004": "3", "A16_005": "13943", "A16_006": "1.40", "A16_007": "0", "A16_008": "0.00", "A16_009": "8.80", "A16_010": "1.00", "A16_011": "1990", "year": 1990, "population": 13943.0, "areaKm2": 1.4, "density": 9959.285714285716}, "geometry": {"type": "Polygon", "coordinates": [[[135.02072, 34.72141], [135.022893, 34.722365], [135.023955, 34.72328], [135.025404, 34.724116], [135.02666, 34.725349], [135.028205, 34.725667], [135.029413, 34.726542], [135.030427, 34.725986], [135.031343, 34.725152], [135.03142, 34.725071], [135.031742, 34.725279], [135.032198, 34.72541], [135.032423, 34.725552], [135.032551, 34.725788], [135.031875, 34.725748], [135.031054, 34.725987], [135.031055, 34.726384], [135.030861, 34.726543], [135.031393, 34.726782], [135.033613, 34.72559], [135.03482, 34.725511], [135.035448, 34.725153], [135.036653, 34.723166], [135.037667, 34.723166], [135.038246, 34.722054], [135.037232, 34.721576], [135.036024, 34.72082], [135.036217, 34.720343], [135.03612, 34.720145], [135.036603, 34.719668], [135.036843, 34.718356], [135.034864, 34.717719], [135.031821, 34.71577], [135.031531, 34.716167], [135.031145, 34.715611], [135.030566, 34.716286], [135.030084, 34.716922], [135.027138, 34.715688], [135.02709, 34.716205], [135.026414, 34.716165], [135.026558, 34.714138], [135.025834, 34.714376], [135.025447, 34.713938], [135.024723, 34.713978], [135.02453, 34.71358], [135.023564, 34.713301], [135.023082, 34.713778], [135.02173, 34.714811], [135.021441, 34.715646], [135.02072, 34.72141]]]}}, {"type": "Feature", "id": "did-1990-29", "properties": {"A16_001": "281114", "A16_002": "28111", "A16_003": "神戸市西区", "A16_004": "4", "A16_005": "12529", "A16_006": "1.50", "A16_007": "0", "A16_008": "0.00", "A16_009": "7.90", "A16_010": "1.10", "A16_011": "1990", "year": 1990, "population": 12529.0, "areaKm2": 1.5, "density": 8352.666666666666}, "geometry": {"type": "Polygon", "coordinates": [[[135.006987, 34.715098], [135.009064, 34.716491], [135.01143, 34.717645], [135.013216, 34.7186], [135.013699, 34.718123], [135.013795, 34.717805], [135.013795, 34.716096], [135.01447, 34.715222], [135.015146, 34.71558], [135.017319, 34.715899], [135.017801, 34.714707], [135.019297, 34.7126], [135.018283, 34.712162], [135.017994, 34.71248], [135.017221, 34.712082], [135.016448, 34.710611], [135.016255, 34.710531], [135.017075, 34.709379], [135.016592, 34.70918], [135.015772, 34.710094], [135.015386, 34.710094], [135.015096, 34.709418], [135.013696, 34.709337], [135.012875, 34.70882], [135.011862, 34.710052], [135.012827, 34.710569], [135.012297, 34.711205], [135.011524, 34.711046], [135.010848, 34.711244], [135.010366, 34.711721], [135.009497, 34.712635], [135.005489, 34.708617], [135.00351, 34.710286], [135.002255, 34.71108], [134.998779, 34.708056], [134.997427, 34.705431], [134.996606, 34.705789], [134.996027, 34.706464], [134.996172, 34.70722], [134.994965, 34.707457], [134.9954, 34.709167], [134.994773, 34.710876], [134.993035, 34.710954], [134.995642, 34.714733], [134.996077, 34.715131], [134.999794, 34.716127], [135.000904, 34.715055], [135.002208, 34.714578], [135.004429, 34.716965], [135.006987, 34.715098]]]}}, {"type": "Feature", "id": "did-1990-30", "properties": {"A16_001": "281115", "A16_002": "28111", "A16_003": "神戸市西区", "A16_004": "5", "A16_005": "11162", "A16_006": "1.40", "A16_007": "10494", "A16_008": "1.30", "A16_009": "7.00", "A16_010": "1.00", "A16_011": "1990", "year": 1990, "population": 11162.0, "areaKm2": 1.4, "density": 7972.857142857143}, "geometry": {"type": "Polygon", "coordinates": [[[135.052921, 34.748665], [135.054041, 34.748203], [135.054976, 34.748716], [135.054447, 34.749459], [135.055101, 34.749767], [135.055258, 34.750357], [135.055507, 34.750382], [135.055507, 34.751254], [135.055757, 34.751279], [135.055912, 34.751023], [135.056566, 34.751664], [135.056691, 34.751356], [135.057345, 34.751357], [135.057532, 34.75169], [135.057874, 34.75169], [135.057968, 34.751972], [135.058622, 34.7521], [135.059151, 34.751716], [135.059431, 34.751716], [135.0594, 34.751895], [135.059774, 34.751947], [135.059868, 34.752228], [135.060179, 34.752177], [135.060116, 34.75187], [135.060241, 34.751716], [135.060147, 34.751408], [135.060489, 34.75128], [135.061454, 34.750409], [135.061921, 34.750153], [135.06245, 34.750178], [135.062388, 34.749922], [135.061827, 34.749409], [135.061951, 34.749204], [135.061701, 34.748615], [135.062168, 34.74841], [135.062449, 34.749256], [135.062636, 34.749256], [135.063009, 34.748846], [135.064036, 34.748385], [135.064036, 34.747769], [135.064472, 34.747667], [135.064659, 34.748257], [135.065344, 34.748308], [135.065438, 34.748462], [135.0655, 34.748744], [135.065811, 34.748641], [135.066621, 34.748974], [135.067307, 34.749179], [135.068241, 34.749205], [135.068553, 34.749897], [135.069828, 34.749], [135.069766, 34.74859], [135.069921, 34.748155], [135.070045, 34.747386], [135.070044, 34.746976], [135.071289, 34.74654], [135.071008, 34.74572], [135.07107, 34.745207], [135.07163, 34.744643], [135.071941, 34.744233], [135.072033, 34.743208], [135.07222, 34.74308], [135.07197, 34.742798], [135.072219, 34.742298], [135.071674, 34.742285], [135.071674, 34.742029], [135.072032, 34.741991], [135.071922, 34.741811], [135.071658, 34.741798], [135.071066, 34.741376], [135.07049, 34.741196], [135.070319, 34.741491], [135.070054, 34.741491], [135.069696, 34.741247], [135.069042, 34.741388], [135.06859, 34.741081], [135.06831, 34.741183], [135.068248, 34.740914], [135.067096, 34.740939], [135.06694, 34.740888], [135.066909, 34.740632], [135.066753, 34.740619], [135.066753, 34.740247], [135.06655, 34.740132], [135.065151, 34.742131], [135.066304, 34.742849], [135.065589, 34.744028], [135.06425, 34.743489], [135.064778, 34.74249], [135.064497, 34.742362], [135.063596, 34.743694], [135.063253, 34.743566], [135.063098, 34.743848], [135.061603, 34.743284], [135.0621, 34.74231], [135.060325, 34.741464], [135.058614, 34.74377], [135.058303, 34.743642], [135.058645, 34.742976], [135.057399, 34.742386], [135.056559, 34.743411], [135.055189, 34.742898], [135.054442, 34.743283], [135.053851, 34.744026], [135.053167, 34.74482], [135.052887, 34.745358], [135.052794, 34.746332], [135.05239, 34.747075], [135.052297, 34.747767], [135.052547, 34.748408], [135.052921, 34.748665]]]}}, {"type": "Feature", "id": "did-1990-31", "properties": {"A16_001": "281116", "A16_002": "28111", "A16_003": "神戸市西区", "A16_004": "6", "A16_005": "10712", "A16_006": "1.20", "A16_007": "9919", "A16_008": "1.00", "A16_009": "6.80", "A16_010": "0.90", "A16_011": "1990", "year": 1990, "population": 10712.0, "areaKm2": 1.2, "density": 8926.666666666668}, "geometry": {"type": "Polygon", "coordinates": [[[135.028354, 34.764544], [135.02862, 34.764549], [135.028793, 34.764569], [135.028986, 34.76461], [135.029159, 34.764635], [135.029781, 34.764769], [135.029994, 34.764875], [135.030152, 34.764965], [135.030327, 34.765069], [135.030855, 34.765354], [135.03113, 34.765479], [135.031321, 34.765581], [135.031477, 34.765644], [135.031538, 34.765664], [135.031603, 34.765686], [135.031748, 34.765735], [135.032147, 34.765717], [135.032338, 34.765728], [135.032529, 34.765738], [135.03273, 34.765748], [135.032759, 34.76575], [135.032817, 34.76574], [135.032884, 34.765728], [135.033097, 34.765779], [135.033368, 34.76586], [135.033608, 34.765933], [135.033795, 34.765976], [135.033883, 34.765995], [135.03394, 34.765983], [135.034021, 34.765966], [135.035148, 34.765552], [135.035374, 34.765472], [135.035561, 34.765395], [135.035872, 34.765314], [135.036645, 34.765144], [135.036819, 34.765105], [135.037035, 34.765058], [135.037153, 34.765029], [135.037397, 34.764971], [135.037523, 34.764941], [135.037714, 34.764889], [135.037793, 34.764876], [135.038356, 34.764783], [135.038499, 34.76476], [135.038669, 34.764732], [135.038669, 34.764732], [135.038834, 34.764653], [135.038911, 34.764472], [135.038921, 34.763915], [135.039136, 34.763876], [135.039396, 34.76364], [135.03975, 34.763819], [135.039777, 34.763281], [135.040212, 34.763259], [135.040239, 34.762677], [135.039803, 34.76252], [135.039749, 34.762206], [135.040183, 34.761176], [135.040292, 34.760548], [135.040701, 34.761109], [135.041327, 34.761154], [135.041736, 34.761714], [135.041953, 34.761512], [135.041844, 34.761109], [135.042334, 34.761109], [135.04296, 34.761513], [135.043587, 34.76167], [135.044594, 34.76167], [135.045247, 34.761984], [135.045601, 34.761715], [135.045901, 34.761894], [135.046173, 34.761625], [135.04669, 34.76185], [135.047534, 34.761828], [135.047997, 34.761895], [135.048324, 34.762388], [135.050421, 34.763105], [135.051536, 34.762411], [135.052436, 34.763419], [135.054423, 34.763487], [135.055131, 34.763218], [135.055212, 34.76295], [135.051235, 34.75979], [135.051398, 34.759274], [135.05069, 34.75905], [135.05001, 34.759812], [135.049302, 34.760349], [135.048568, 34.760618], [135.047942, 34.76064], [135.047615, 34.760326], [135.047424, 34.76017], [135.047369, 34.759744], [135.047097, 34.759542], [135.047096, 34.759049], [135.04677, 34.759004], [135.046633, 34.758646], [135.046633, 34.758467], [135.046143, 34.758332], [135.046143, 34.758063], [135.045516, 34.757682], [135.04489, 34.757525], [135.044291, 34.757525], [135.043992, 34.757413], [135.043746, 34.756875], [135.043664, 34.75636], [135.043637, 34.755934], [135.039173, 34.756179], [135.037866, 34.756447], [135.037866, 34.756156], [135.037621, 34.756246], [135.037621, 34.755641], [135.037213, 34.75629], [135.037132, 34.756716], [135.036478, 34.756895], [135.036479, 34.757276], [135.036179, 34.757321], [135.036098, 34.757634], [135.035172, 34.758037], [135.033948, 34.758149], [135.033621, 34.758641], [135.033594, 34.759202], [135.033867, 34.759583], [135.033513, 34.760434], [135.032751, 34.760478], [135.032207, 34.760859], [135.03218, 34.761262], [135.032289, 34.761374], [135.031636, 34.761934], [135.031091, 34.761688], [135.030655, 34.76097], [135.02992, 34.761082], [135.029921, 34.761687], [135.030193, 34.761911], [135.030193, 34.762001], [135.029023, 34.76209], [135.028696, 34.762829], [135.028479, 34.763725], [135.028363, 34.764356], [135.028354, 34.764544]]]}}, {"type": "Feature", "id": "did-1990-32", "properties": {"A16_001": "281117", "A16_002": "28111", "A16_003": "神戸市西区", "A16_004": "7", "A16_005": "8774", "A16_006": "1.00", "A16_007": "0", "A16_008": "0.00", "A16_009": "5.50", "A16_010": "0.70", "A16_011": "1990", "year": 1990, "population": 8774.0, "areaKm2": 1.0, "density": 8774.0}, "geometry": {"type": "Polygon", "coordinates": [[[135.063737, 34.685189], [135.063686, 34.679932], [135.062261, 34.679727], [135.062057, 34.679335], [135.06054, 34.678682], [135.060472, 34.678179], [135.060223, 34.678142], [135.059997, 34.67844], [135.059431, 34.678309], [135.056286, 34.678067], [135.052305, 34.680265], [135.049319, 34.680526], [135.049566, 34.678773], [135.049317, 34.678475], [135.048299, 34.678624], [135.048028, 34.678978], [135.046648, 34.679425], [135.047508, 34.68019], [135.047282, 34.680413], [135.047418, 34.6806], [135.047463, 34.680786], [135.047283, 34.681103], [135.046943, 34.681271], [135.046378, 34.681848], [135.047148, 34.682315], [135.046763, 34.682799], [135.047239, 34.682986], [135.047601, 34.68334], [135.047352, 34.683563], [135.04742, 34.683769], [135.049343, 34.683023], [135.050317, 34.684384], [135.050974, 34.68513], [135.051585, 34.685503], [135.052355, 34.685727], [135.053373, 34.685821], [135.058917, 34.685523], [135.059075, 34.685374], [135.063737, 34.685189]]]}}, {"type": "Feature", "id": "did-1990-42", "properties": {"A16_001": "282021", "A16_002": "28202", "A16_003": "尼崎市", "A16_004": "1", "A16_005": "498999", "A16_006": "49.70", "A16_007": "509115", "A16_008": "49.50", "A16_009": "100.00", "A16_010": "100.00", "A16_011": "1990", "year": 1990, "population": 498999.0, "areaKm2": 49.7, "density": 10040.221327967807}, "geometry": {"type": "Polygon", "coordinates": [[[135.380313, 34.711252], [135.380348, 34.711356], [135.380351, 34.711366], [135.380488, 34.711614], [135.380857, 34.712729], [135.381348, 34.714203], [135.381578, 34.714836], [135.381881, 34.715669], [135.381926, 34.715793], [135.38197, 34.715903], [135.382005, 34.715988], [135.382044, 34.716084], [135.382086, 34.716186], [135.382112, 34.71625], [135.382113, 34.716251], [135.382156, 34.716359], [135.382193, 34.716448], [135.382284, 34.716674], [135.382337, 34.716804], [135.38266, 34.717532], [135.382987, 34.718271], [135.383051, 34.718437], [135.383275, 34.71902], [135.383327, 34.719154], [135.383414, 34.719356], [135.384013, 34.720746], [135.384179, 34.721164], [135.384242, 34.72138], [135.384266, 34.721462], [135.384299, 34.721653], [135.384304, 34.721682], [135.384312, 34.721728], [135.384316, 34.721755], [135.384316, 34.721864], [135.384316, 34.722244], [135.384294, 34.72253], [135.384266, 34.722655], [135.384172, 34.723059], [135.384034, 34.723477], [135.383919, 34.723774], [135.383716, 34.724096], [135.38326, 34.724818], [135.383103, 34.725068], [135.382723, 34.72568], [135.382718, 34.725686], [135.382355, 34.726109], [135.381445, 34.727177], [135.380751, 34.727951], [135.380484, 34.728309], [135.380289, 34.728667], [135.379993, 34.729267], [135.379798, 34.729767], [135.379754, 34.729951], [135.379718, 34.730101], [135.379661, 34.730435], [135.379633, 34.730715], [135.379617, 34.730875], [135.379689, 34.73134], [135.379714, 34.731439], [135.379827, 34.731884], [135.379876, 34.732076], [135.379949, 34.732365], [135.380202, 34.733146], [135.380263, 34.733335], [135.380442, 34.733888], [135.380481, 34.734007], [135.380534, 34.734174], [135.380686, 34.735092], [135.38078, 34.735902], [135.380784, 34.736217], [135.380787, 34.736451], [135.380801, 34.736926], [135.380795, 34.73702], [135.380758, 34.737571], [135.380754, 34.737617], [135.380729, 34.73794], [135.380664, 34.73838], [135.380649, 34.738428], [135.380573, 34.738673], [135.380573, 34.738674], [135.380476, 34.738983], [135.380429, 34.739068], [135.380274, 34.739351], [135.380072, 34.73981], [135.380007, 34.739918], [135.379855, 34.740168], [135.379212, 34.741091], [135.378938, 34.741556], [135.37867, 34.741995], [135.378254, 34.742616], [135.378223, 34.742663], [135.377652, 34.743593], [135.377629, 34.743638], [135.377315, 34.744242], [135.377226, 34.744414], [135.377088, 34.744746], [135.377007, 34.74494], [135.376988, 34.744986], [135.376886, 34.745159], [135.376728, 34.745475], [135.376547, 34.746072], [135.376409, 34.7466], [135.376229, 34.74722], [135.376224, 34.747241], [135.376149, 34.747588], [135.376043, 34.747868], [135.375976, 34.748042], [135.375824, 34.748596], [135.375746, 34.748841], [135.375696, 34.748997], [135.375593, 34.749318], [135.375289, 34.750311], [135.374993, 34.751469], [135.374876, 34.751814], [135.374719, 34.752277], [135.374589, 34.752581], [135.374527, 34.752683], [135.374488, 34.752748], [135.374242, 34.753245], [135.374147, 34.753479], [135.374089, 34.753634], [135.373966, 34.754165], [135.373948, 34.754254], [135.373894, 34.754517], [135.3738, 34.754868], [135.373719, 34.755388], [135.373706, 34.755471], [135.373661, 34.755676], [135.373612, 34.755894], [135.373518, 34.756557], [135.373506, 34.756602], [135.373481, 34.756693], [135.37341, 34.756956], [135.373352, 34.757299], [135.373318, 34.75759], [135.373294, 34.7578], [135.373251, 34.758206], [135.373229, 34.758886], [135.373207, 34.759071], [135.373222, 34.759351], [135.373222, 34.759706], [135.373207, 34.759891], [135.373236, 34.76007], [135.373224, 34.760661], [135.373222, 34.760756], [135.373224, 34.760812], [135.373229, 34.760964], [135.373237, 34.761054], [135.373272, 34.761448], [135.37333, 34.761752], [135.373366, 34.76197], [135.37341, 34.762125], [135.373424, 34.762304], [135.373468, 34.7625], [135.373489, 34.762638], [135.373569, 34.763007], [135.373598, 34.76321], [135.373684, 34.763586], [135.373778, 34.764033], [135.373836, 34.764251], [135.373837, 34.764253], [135.373869, 34.764375], [135.373899, 34.764493], [135.374017, 34.764949], [135.374111, 34.765217], [135.374134, 34.765361], [135.374161, 34.765528], [135.374154, 34.765701], [135.374215, 34.766009], [135.37427, 34.766285], [135.374305, 34.766512], [135.374313, 34.766568], [135.374313, 34.767111], [135.374299, 34.767236], [135.374309, 34.767432], [135.374321, 34.767678], [135.374323, 34.767755], [135.374342, 34.76831], [135.374349, 34.768495], [135.374332, 34.768611], [135.374321, 34.768689], [135.37433, 34.769019], [135.374335, 34.769202], [135.374342, 34.769357], [135.374364, 34.76956], [135.374357, 34.769733], [135.374299, 34.770216], [135.374284, 34.770407], [135.374234, 34.770609], [135.374219, 34.770812], [135.374186, 34.771154], [135.374154, 34.771471], [135.374151, 34.771615], [135.374133, 34.772354], [135.374125, 34.772539], [135.374147, 34.772724], [135.374147, 34.772921], [135.374176, 34.773201], [135.374176, 34.773574], [135.37414, 34.773747], [135.374118, 34.774212], [135.374147, 34.774415], [135.374161, 34.77463], [135.374154, 34.774827], [135.374133, 34.775071], [135.374104, 34.775477], [135.374108, 34.775573], [135.374111, 34.775641], [135.374081, 34.775796], [135.374075, 34.775831], [135.374073, 34.775863], [135.374052, 34.776391], [135.37405, 34.776429], [135.374041, 34.776661], [135.374039, 34.776714], [135.374038, 34.776888], [135.373995, 34.777108], [135.37398, 34.777728], [135.373923, 34.778596], [135.373928, 34.778724], [135.37393, 34.778781], [135.373951, 34.778984], [135.373947, 34.779017], [135.373915, 34.779253], [135.37385, 34.779688], [135.373831, 34.779793], [135.373785, 34.780046], [135.373496, 34.781039], [135.37345, 34.78123], [135.37345, 34.78123], [135.373688, 34.780936], [135.373963, 34.780715], [135.374158, 34.78059], [135.374269, 34.780559], [135.374367, 34.780532], [135.374484, 34.7805], [135.374571, 34.780493], [135.37463, 34.780488], [135.374701, 34.780482], [135.374903, 34.780507], [135.374955, 34.780513], [135.375031, 34.780522], [135.375048, 34.780524], [135.375268, 34.780603], [135.375279, 34.780608], [135.375416, 34.780703], [135.375511, 34.780775], [135.375698, 34.780727], [135.375807, 34.780631], [135.375843, 34.780506], [135.375937, 34.780375], [135.376031, 34.780345], [135.376183, 34.78036], [135.376184, 34.78036], [135.376342, 34.780375], [135.376378, 34.779791], [135.37636, 34.779435], [135.376356, 34.779361], [135.376393, 34.77917], [135.37641, 34.779132], [135.376417, 34.779117], [135.376488, 34.778962], [135.376494, 34.778949], [135.376494, 34.778836], [135.376537, 34.778783], [135.376747, 34.778771], [135.377144, 34.778788], [135.377333, 34.778783], [135.377499, 34.778818], [135.377745, 34.778914], [135.377839, 34.77892], [135.377918, 34.778884], [135.377962, 34.778764], [135.378034, 34.778615], [135.378215, 34.778627], [135.37832, 34.778659], [135.378527, 34.778721], [135.378604, 34.778744], [135.378664, 34.778762], [135.378775, 34.778795], [135.378894, 34.77883], [135.378988, 34.778744], [135.379064, 34.778576], [135.379105, 34.778484], [135.379176, 34.778326], [135.379299, 34.778016], [135.379437, 34.777557], [135.37948, 34.777217], [135.379502, 34.77696], [135.379525, 34.776776], [135.379596, 34.776229], [135.379639, 34.776092], [135.37974, 34.775913], [135.379943, 34.775687], [135.380116, 34.77555], [135.380164, 34.775526], [135.380297, 34.77546], [135.380406, 34.775413], [135.380461, 34.775382], [135.380745, 34.775228], [135.380883, 34.775126], [135.381027, 34.774965], [135.381099, 34.774843], [135.381138, 34.774777], [135.381142, 34.774769], [135.381237, 34.774607], [135.381331, 34.774506], [135.381439, 34.77444], [135.381599, 34.774273], [135.381613, 34.774076], [135.381613, 34.773864], [135.381656, 34.773811], [135.381837, 34.773805], [135.382466, 34.773823], [135.382531, 34.773827], [135.382688, 34.773837], [135.382835, 34.773847], [135.383297, 34.773966], [135.383312, 34.77397], [135.383433, 34.774001], [135.383435, 34.774002], [135.383616, 34.774026], [135.383585, 34.773958], [135.383551, 34.773883], [135.383283, 34.773561], [135.383211, 34.773477], [135.383235, 34.773348], [135.383241, 34.773316], [135.383278, 34.773123], [135.383278, 34.773121], [135.383319, 34.772902], [135.383334, 34.772821], [135.383696, 34.772857], [135.383876, 34.772159], [135.383934, 34.771819], [135.383949, 34.771673], [135.383944, 34.77164], [135.383922, 34.771501], [135.383913, 34.77144], [135.383912, 34.771428], [135.383905, 34.771303], [135.383862, 34.771166], [135.383484, 34.770854], [135.383457, 34.770832], [135.383233, 34.770748], [135.38298, 34.770694], [135.382821, 34.770677], [135.382659, 34.770631], [135.382611, 34.770617], [135.382546, 34.770504], [135.382531, 34.770343], [135.382539, 34.769901], [135.382553, 34.769746], [135.382609, 34.769723], [135.382654, 34.769704], [135.382684, 34.7697], [135.382736, 34.769693], [135.382864, 34.769674], [135.3829, 34.769639], [135.382922, 34.769478], [135.383349, 34.769491], [135.38339, 34.769492], [135.383433, 34.769494], [135.383864, 34.769507], [135.383949, 34.76951], [135.383956, 34.76951], [135.383987, 34.768952], [135.383999, 34.768735], [135.384041, 34.768736], [135.384664, 34.768741], [135.384919, 34.768732], [135.385065, 34.768726], [135.385648, 34.768705], [135.385959, 34.768723], [135.386183, 34.768759], [135.38632, 34.768792], [135.386437, 34.768803], [135.386508, 34.76881], [135.386674, 34.768839], [135.386817, 34.768862], [135.386863, 34.768869], [135.386954, 34.76888], [135.386964, 34.768881], [135.387, 34.768935], [135.386973, 34.768979], [135.386946, 34.76902], [135.386879, 34.769127], [135.386829, 34.769208], [135.386783, 34.76928], [135.386737, 34.769354], [135.386666, 34.769466], [135.386611, 34.769554], [135.386595, 34.769579], [135.386573, 34.769668], [135.386559, 34.769726], [135.386537, 34.769812], [135.386552, 34.769931], [135.386602, 34.769991], [135.386841, 34.77002], [135.386978, 34.770038], [135.38721, 34.770062], [135.387347, 34.770098], [135.387333, 34.770253], [135.387335, 34.770323], [135.387339, 34.7704], [135.38734, 34.770428], [135.387383, 34.770613], [135.387513, 34.770702], [135.387673, 34.770711], [135.387716, 34.770714], [135.387839, 34.770684], [135.387925, 34.770547], [135.388193, 34.770458], [135.388562, 34.770446], [135.38893, 34.770487], [135.389111, 34.770511], [135.389213, 34.770577], [135.389256, 34.770684], [135.389299, 34.77075], [135.389574, 34.770827], [135.389624, 34.770824], [135.389651, 34.770751], [135.389675, 34.770687], [135.389711, 34.770538], [135.389755, 34.770431], [135.389798, 34.770091], [135.389915, 34.770009], [135.390029, 34.769929], [135.390088, 34.769685], [135.390174, 34.769327], [135.390189, 34.769202], [135.39029, 34.768981], [135.39037, 34.768829], [135.390413, 34.768747], [135.390565, 34.768456], [135.390659, 34.768286], [135.39067, 34.7681], [135.390676, 34.768013], [135.39068, 34.767934], [135.390641, 34.767789], [135.390593, 34.767611], [135.390548, 34.767446], [135.390471, 34.76716], [135.390413, 34.766944], [135.390239, 34.766616], [135.390203, 34.766509], [135.390189, 34.766211], [135.390161, 34.76591], [135.39016, 34.765891], [135.390083, 34.765619], [135.390051, 34.765506], [135.390037, 34.765456], [135.390079, 34.765432], [135.390213, 34.765357], [135.390284, 34.765317], [135.390303, 34.765306], [135.390398, 34.765253], [135.390695, 34.765199], [135.390999, 34.765152], [135.391237, 34.765206], [135.391497, 34.765277], [135.391707, 34.765307], [135.391859, 34.765295], [135.392054, 34.765241], [135.392256, 34.765116], [135.392416, 34.765033], [135.392575, 34.764943], [135.392632, 34.764901], [135.392821, 34.764764], [135.393001, 34.764621], [135.393023, 34.764466], [135.39303, 34.764348], [135.393033, 34.764296], [135.393037, 34.764221], [135.393045, 34.764084], [135.393226, 34.764036], [135.393264, 34.764034], [135.393413, 34.764024], [135.393645, 34.763992], [135.393824, 34.763881], [135.393934, 34.763813], [135.394029, 34.763721], [135.394109, 34.763643], [135.394259, 34.763497], [135.394339, 34.763485], [135.394455, 34.763509], [135.394534, 34.763503], [135.394612, 34.763429], [135.394628, 34.763413], [135.394708, 34.763306], [135.394749, 34.763254], [135.394922, 34.763043], [135.395091, 34.762834], [135.395192, 34.762781], [135.395403, 34.762741], [135.395597, 34.762703], [135.395698, 34.762668], [135.39585, 34.76256], [135.395896, 34.762462], [135.395954, 34.76234], [135.395973, 34.7623], [135.396021, 34.7622], [135.396045, 34.762149], [135.396194, 34.761972], [135.396291, 34.761856], [135.396458, 34.761785], [135.396505, 34.761776], [135.396638, 34.761752], [135.397006, 34.761558], [135.397016, 34.761553], [135.39726, 34.761424], [135.397499, 34.76134], [135.397716, 34.761215], [135.39786, 34.761132], [135.398271, 34.761011], [135.398511, 34.760941], [135.398722, 34.760973], [135.398851, 34.760993], [135.398925, 34.761004], [135.399056, 34.761024], [135.399234, 34.761052], [135.399285, 34.76106], [135.399444, 34.761084], [135.399762, 34.761144], [135.400265, 34.761208], [135.400463, 34.761234], [135.400622, 34.761254], [135.40067, 34.761271], [135.400705, 34.761284], [135.400712, 34.761286], [135.400854, 34.761338], [135.400868, 34.761504], [135.40089, 34.761642], [135.400888, 34.761762], [135.400887, 34.761861], [135.400885, 34.762005], [135.400884, 34.762042], [135.400883, 34.762173], [135.400926, 34.762226], [135.401403, 34.762262], [135.401636, 34.762272], [135.40183, 34.76228], [135.402003, 34.762322], [135.402039, 34.762329], [135.402081, 34.762336], [135.402285, 34.762375], [135.402408, 34.762471], [135.402602, 34.762675], [135.402671, 34.762748], [135.402748, 34.762829], [135.402661, 34.763032], [135.40259, 34.763154], [135.402538, 34.763242], [135.402393, 34.763491], [135.402401, 34.763589], [135.402479, 34.763826], [135.40251, 34.763919], [135.402567, 34.76409], [135.402553, 34.764269], [135.402543, 34.764396], [135.402542, 34.764412], [135.402535, 34.764507], [135.402528, 34.76461], [135.402521, 34.764696], [135.402512, 34.764814], [135.402502, 34.764955], [135.402508, 34.765062], [135.402511, 34.765112], [135.402522, 34.765314], [135.402523, 34.765317], [135.402528, 34.765411], [135.402531, 34.765472], [135.402536, 34.765549], [135.402538, 34.765593], [135.402509, 34.765677], [135.402581, 34.765763], [135.402834, 34.76571], [135.402989, 34.765601], [135.403097, 34.765526], [135.403514, 34.765233], [135.403695, 34.765107], [135.403804, 34.765], [135.403984, 34.764863], [135.404064, 34.764719], [135.404096, 34.764641], [135.404138, 34.764536], [135.404143, 34.764523], [135.404203, 34.764481], [135.404236, 34.764457], [135.404333, 34.764388], [135.404351, 34.764376], [135.404539, 34.764241], [135.404606, 34.764194], [135.404686, 34.764142], [135.404816, 34.764057], [135.404953, 34.764028], [135.405293, 34.76398], [135.405413, 34.763964], [135.405477, 34.763955], [135.40556, 34.763944], [135.405669, 34.763902], [135.405748, 34.763795], [135.405777, 34.76344], [135.405799, 34.763101], [135.405802, 34.763056], [135.405805, 34.763016], [135.405821, 34.762766], [135.405857, 34.762534], [135.406067, 34.762537], [135.406084, 34.762537], [135.406151, 34.762538], [135.40624, 34.762539], [135.406259, 34.762505], [135.406278, 34.762468], [135.40632, 34.76239], [135.406443, 34.762259], [135.406754, 34.762259], [135.406761, 34.762033], [135.406784, 34.761954], [135.406811, 34.761859], [135.406818, 34.761796], [135.406826, 34.761716], [135.407001, 34.761234], [135.407028, 34.761161], [135.407137, 34.760861], [135.40738, 34.760855], [135.407428, 34.760854], [135.407618, 34.76085], [135.407938, 34.760843], [135.408207, 34.760837], [135.408311, 34.760783], [135.408362, 34.760756], [135.408412, 34.760731], [135.408554, 34.760658], [135.408952, 34.760669], [135.409284, 34.760723], [135.409406, 34.760751], [135.409449, 34.76076], [135.409492, 34.76077], [135.409711, 34.760819], [135.410188, 34.760986], [135.410282, 34.76102], [135.410321, 34.761034], [135.410354, 34.761047], [135.410441, 34.761078], [135.410549, 34.760929], [135.410695, 34.760695], [135.410716, 34.760661], [135.410737, 34.760628], [135.410839, 34.760464], [135.410923, 34.760356], [135.410983, 34.760279], [135.411054, 34.760185], [135.411113, 34.760106], [135.411656, 34.760052], [135.411659, 34.760052], [135.411853, 34.760039], [135.412038, 34.760028], [135.412119, 34.760022], [135.412408, 34.759947], [135.412415, 34.759945], [135.412565, 34.759891], [135.412733, 34.75975], [135.412768, 34.759721], [135.412781, 34.759709], [135.412999, 34.759527], [135.413137, 34.759384], [135.413853, 34.759348], [135.413996, 34.759307], [135.41406, 34.759289], [135.414087, 34.759281], [135.414229, 34.759241], [135.41432, 34.759131], [135.414337, 34.75911], [135.41434, 34.758979], [135.414341, 34.758919], [135.414342, 34.758859], [135.414344, 34.75877], [135.414388, 34.758631], [135.414416, 34.758543], [135.414497, 34.758362], [135.414518, 34.758316], [135.414663, 34.758072], [135.414937, 34.757702], [135.41506, 34.757577], [135.415198, 34.75738], [135.415209, 34.757292], [135.415214, 34.757248], [135.415221, 34.757196], [135.415263, 34.756873], [135.415393, 34.756784], [135.415444, 34.756784], [135.415489, 34.756784], [135.415704, 34.756786], [135.416155, 34.756789], [135.416193, 34.756789], [135.416296, 34.756789], [135.416383, 34.756808], [135.416419, 34.756903], [135.416441, 34.757046], [135.416419, 34.757511], [135.416448, 34.757577], [135.416463, 34.757583], [135.416501, 34.757601], [135.416658, 34.757672], [135.416781, 34.75772], [135.416901, 34.757831], [135.416969, 34.757893], [135.416947, 34.758006], [135.416862, 34.758119], [135.416708, 34.758321], [135.416571, 34.758501], [135.416195, 34.758871], [135.41579, 34.759259], [135.415679, 34.759418], [135.415508, 34.759664], [135.41547, 34.759735], [135.415443, 34.759784], [135.415382, 34.759831], [135.415334, 34.759867], [135.415494, 34.759879], [135.415624, 34.759939], [135.415677, 34.759949], [135.415834, 34.759981], [135.415843, 34.759989], [135.415857, 34.76], [135.416043, 34.760159], [135.416051, 34.760309], [135.416079, 34.760553], [135.416144, 34.760792], [135.416152, 34.760859], [135.416156, 34.760894], [135.41616, 34.760927], [135.416188, 34.761176], [135.416213, 34.761384], [135.416217, 34.761415], [135.416225, 34.761507], [135.416229, 34.761541], [135.416234, 34.761592], [135.416246, 34.761713], [135.416224, 34.761922], [135.4162, 34.762121], [135.416195, 34.762166], [135.416195, 34.762167], [135.416197, 34.762194], [135.416209, 34.762381], [135.416224, 34.762459], [135.416296, 34.762494], [135.416448, 34.762513], [135.416571, 34.76259], [135.416708, 34.762608], [135.416766, 34.762608], [135.416812, 34.762609], [135.417141, 34.762611], [135.417547, 34.762614], [135.417592, 34.762613], [135.418126, 34.762596], [135.418159, 34.762593], [135.418501, 34.762566], [135.41866, 34.762575], [135.418789, 34.762572], [135.418899, 34.762569], [135.418928, 34.762787], [135.418935, 34.762838], [135.418942, 34.762989], [135.418947, 34.763105], [135.418954, 34.76326], [135.418959, 34.763357], [135.418963, 34.763449], [135.418972, 34.763648], [135.418973, 34.763688], [135.418979, 34.763804], [135.418892, 34.764001], [135.41878, 34.764139], [135.418657, 34.764292], [135.418545, 34.76443], [135.418502, 34.764597], [135.418487, 34.764854], [135.418303, 34.764929], [135.418183, 34.764979], [135.418128, 34.765018], [135.417956, 34.765138], [135.417851, 34.765211], [135.4178, 34.765325], [135.417793, 34.765432], [135.417844, 34.765566], [135.417922, 34.765666], [135.417952, 34.765705], [135.418003, 34.765769], [135.418147, 34.765835], [135.418244, 34.765844], [135.418301, 34.765849], [135.418463, 34.765863], [135.418564, 34.765872], [135.418682, 34.765883], [135.419203, 34.765901], [135.419868, 34.765883], [135.420229, 34.765871], [135.420363, 34.765985], [135.420447, 34.766057], [135.420503, 34.766104], [135.420558, 34.766151], [135.420663, 34.766241], [135.420826, 34.76638], [135.42093, 34.766469], [135.421032, 34.766557], [135.421289, 34.766994], [135.421334, 34.767071], [135.421406, 34.767194], [135.421458, 34.767283], [135.421509, 34.767371], [135.421564, 34.767468], [135.42161, 34.767549], [135.421669, 34.767652], [135.421726, 34.767753], [135.421731, 34.767786], [135.421739, 34.767842], [135.421748, 34.767902], [135.421704, 34.768188], [135.421574, 34.768934], [135.421458, 34.769014], [135.421314, 34.769116], [135.42131, 34.769433], [135.421304, 34.769861], [135.421301, 34.770014], [135.4213, 34.770141], [135.421297, 34.770258], [135.421296, 34.770305], [135.421285, 34.770774], [135.421339, 34.770786], [135.421389, 34.770797], [135.421502, 34.770821], [135.421473, 34.771299], [135.421466, 34.771558], [135.421531, 34.771588], [135.421657, 34.771571], [135.421712, 34.771564], [135.42182, 34.77151], [135.42195, 34.771391], [135.422131, 34.771242], [135.422225, 34.771182], [135.422319, 34.771123], [135.422406, 34.770986], [135.422442, 34.770848], [135.422525, 34.770845], [135.422575, 34.770843], [135.422613, 34.770841], [135.422709, 34.770836], [135.422818, 34.770789], [135.422876, 34.770622], [135.422903, 34.770394], [135.422912, 34.770317], [135.422936, 34.77031], [135.423039, 34.77028], [135.423196, 34.770233], [135.423369, 34.770181], [135.423406, 34.77017], [135.42359, 34.770115], [135.423704, 34.770081], [135.423818, 34.770047], [135.424011, 34.769989], [135.424052, 34.769995], [135.424243, 34.770019], [135.424421, 34.770019], [135.424626, 34.770019], [135.424828, 34.769989], [135.425038, 34.769886], [135.425161, 34.769826], [135.425638, 34.769653], [135.425819, 34.769634], [135.426144, 34.769688], [135.426408, 34.769698], [135.426519, 34.769702], [135.426751, 34.76971], [135.426961, 34.769718], [135.427156, 34.7697], [135.427279, 34.76967], [135.427439, 34.769578], [135.427496, 34.769545], [135.427633, 34.769413], [135.427757, 34.769294], [135.427851, 34.769259], [135.428034, 34.769299], [135.428162, 34.769327], [135.428212, 34.769346], [135.428343, 34.769397], [135.428513, 34.769462], [135.428564, 34.769482], [135.428783, 34.769566], [135.429224, 34.769769], [135.429745, 34.769936], [135.429832, 34.769979], [135.430125, 34.770124], [135.430396, 34.770258], [135.430764, 34.770407], [135.430916, 34.770497], [135.431096, 34.770598], [135.431394, 34.770765], [135.431748, 34.770965], [135.431893, 34.771013], [135.432044, 34.771024], [135.432204, 34.771013], [135.432422, 34.771023], [135.432587, 34.77103], [135.432601, 34.771031], [135.432615, 34.77103], [135.43267, 34.771028], [135.433048, 34.771015], [135.433303, 34.771007], [135.433401, 34.771009], [135.433527, 34.771013], [135.433831, 34.771013], [135.434062, 34.771043], [135.434119, 34.771061], [135.434223, 34.771095], [135.4343, 34.77112], [135.434346, 34.771134], [135.434568, 34.771203], [135.434684, 34.771239], [135.434853, 34.771306], [135.435168, 34.77143], [135.435303, 34.771453], [135.435459, 34.771479], [135.435645, 34.771511], [135.436108, 34.771517], [135.436235, 34.771549], [135.436347, 34.771576], [135.436448, 34.771648], [135.436506, 34.771797], [135.436521, 34.772181], [135.436535, 34.772519], [135.437525, 34.772531], [135.437887, 34.772537], [135.43848, 34.772525], [135.438494, 34.773113], [135.438516, 34.773297], [135.438523, 34.773446], [135.438567, 34.773594], [135.438595, 34.773691], [135.438639, 34.774114], [135.438675, 34.774222], [135.438733, 34.774431], [135.438801, 34.774428], [135.438873, 34.774426], [135.439388, 34.774406], [135.439709, 34.774395], [135.439767, 34.774383], [135.439781, 34.774096], [135.439716, 34.773721], [135.439881, 34.773699], [135.440035, 34.773679], [135.440093, 34.773671], [135.440171, 34.773661], [135.440337, 34.773638], [135.440452, 34.773623], [135.440583, 34.773606], [135.440701, 34.77359], [135.440794, 34.773578], [135.441119, 34.773566], [135.441481, 34.77353], [135.44203, 34.773482], [135.442175, 34.773455], [135.44216, 34.772746], [135.442327, 34.772686], [135.442565, 34.772669], [135.442992, 34.772638], [135.443216, 34.77262], [135.44331, 34.772578], [135.443368, 34.772507], [135.44336, 34.772411], [135.443259, 34.772233], [135.443216, 34.772072], [135.443252, 34.771881], [135.443266, 34.771756], [135.443216, 34.771571], [135.443201, 34.771433], [135.443223, 34.771231], [135.44325, 34.771121], [135.443295, 34.770935], [135.443324, 34.770768], [135.443317, 34.770667], [135.443202, 34.770595], [135.44317, 34.770589], [135.443059, 34.770569], [135.443001, 34.770559], [135.44297, 34.770554], [135.442811, 34.770542], [135.442774, 34.770543], [135.442709, 34.770546], [135.442606, 34.77055], [135.442483, 34.770555], [135.442465, 34.770556], [135.442378, 34.770559], [135.442356, 34.77056], [135.441929, 34.770577], [135.441878, 34.770536], [135.441849, 34.770452], [135.441813, 34.770231], [135.441777, 34.770166], [135.441705, 34.770088], [135.441574, 34.770058], [135.440989, 34.77007], [135.440938, 34.770072], [135.440808, 34.770076], [135.440548, 34.770011], [135.440389, 34.769987], [135.440143, 34.769903], [135.43994, 34.769826], [135.439803, 34.769847], [135.439622, 34.76996], [135.439145, 34.770187], [135.438689, 34.770413], [135.438104, 34.770586], [135.437873, 34.770658], [135.437742, 34.770664], [135.437641, 34.770658], [135.437562, 34.770575], [135.437475, 34.770485], [135.43747, 34.770476], [135.437381, 34.7703], [135.437352, 34.770175], [135.437357, 34.770163], [135.437403, 34.770055], [135.43762, 34.769957], [135.437818, 34.769867], [135.437851, 34.769853], [135.438364, 34.769632], [135.438596, 34.769596], [135.438925, 34.769447], [135.439268, 34.769292], [135.439485, 34.769173], [135.439687, 34.769023], [135.439919, 34.768886], [135.439921, 34.768885], [135.440302, 34.768719], [135.440404, 34.768675], [135.440533, 34.768618], [135.440704, 34.768567], [135.441276, 34.768395], [135.441329, 34.768379], [135.441448, 34.768352], [135.44159, 34.768319], [135.441741, 34.768284], [135.442024, 34.768238], [135.44229, 34.768194], [135.442291, 34.768194], [135.442362, 34.768193], [135.442713, 34.768184], [135.442768, 34.768183], [135.442873, 34.768188], [135.443296, 34.768212], [135.443467, 34.768247], [135.443578, 34.768269], [135.443709, 34.768305], [135.444149, 34.768424], [135.444466, 34.768504], [135.444481, 34.768508], [135.444697, 34.768529], [135.444697, 34.768529], [135.444808, 34.768529], [135.444906, 34.768529], [135.44521, 34.768577], [135.445386, 34.768598], [135.445514, 34.768613], [135.446186, 34.768613], [135.446418, 34.768606], [135.446714, 34.768598], [135.44688, 34.768586], [135.447061, 34.768574], [135.447106, 34.768568], [135.447379, 34.768532], [135.447683, 34.768467], [135.448059, 34.768324], [135.448573, 34.768085], [135.448739, 34.76796], [135.448999, 34.767829], [135.449039, 34.767801], [135.449491, 34.767489], [135.449643, 34.76731], [135.449823, 34.767083], [135.45004, 34.766731], [135.450042, 34.766729], [135.450308, 34.766442], [135.450409, 34.766323], [135.450461, 34.766204], [135.450474, 34.766173], [135.45046, 34.766088], [135.450453, 34.766042], [135.450429, 34.766006], [135.450279, 34.76578], [135.450278, 34.765778], [135.450104, 34.765543], [135.450072, 34.7655], [135.450019, 34.765428], [135.449946, 34.765249], [135.449903, 34.764963], [135.449954, 34.764554], [135.449975, 34.764327], [135.450026, 34.764035], [135.450279, 34.763367], [135.450357, 34.763137], [135.45038, 34.763069], [135.450503, 34.762598], [135.450496, 34.762326], [135.450511, 34.762094], [135.450483, 34.762004], [135.450352, 34.761588], [135.450309, 34.761451], [135.450274, 34.761342], [135.450258, 34.761288], [135.450245, 34.761238], [135.450221, 34.761143], [135.450207, 34.761087], [135.450184, 34.760998], [135.450166, 34.760924], [135.450144, 34.760835], [135.450125, 34.760761], [135.450103, 34.760673], [135.450087, 34.760609], [135.450065, 34.760523], [135.450048, 34.760453], [135.450033, 34.760274], [135.450069, 34.760033], [135.450142, 34.759921], [135.450236, 34.759776], [135.450641, 34.759365], [135.450874, 34.759078], [135.450953, 34.75898], [135.451053, 34.758858], [135.451124, 34.758803], [135.451526, 34.75849], [135.451611, 34.758424], [135.451918, 34.758186], [135.451921, 34.758184], [135.451997, 34.758145], [135.452014, 34.758136], [135.452152, 34.758066], [135.452278, 34.758003], [135.452383, 34.757949], [135.452593, 34.757844], [135.452889, 34.757844], [135.453063, 34.757891], [135.453201, 34.758093], [135.453367, 34.758336], [135.45367, 34.758908], [135.45376, 34.759056], [135.453894, 34.759278], [135.454032, 34.759457], [135.454143, 34.759571], [135.454456, 34.759893], [135.454696, 34.760032], [135.454825, 34.760006], [135.455007, 34.759969], [135.455243, 34.760179], [135.45534, 34.760265], [135.455351, 34.760275], [135.455458, 34.760329], [135.455531, 34.760365], [135.455538, 34.760368], [135.455658, 34.760411], [135.45572, 34.760434], [135.45588, 34.760491], [135.455984, 34.760455], [135.456289, 34.760348], [135.456409, 34.760197], [135.456447, 34.760149], [135.456524, 34.759965], [135.456638, 34.759542], [135.456671, 34.759216], [135.456683, 34.759038], [135.456693, 34.758896], [135.456693, 34.758889], [135.456698, 34.758689], [135.456736, 34.758451], [135.456732, 34.758263], [135.456731, 34.758212], [135.456658, 34.758034], [135.45659, 34.757868], [135.456573, 34.757825], [135.456436, 34.757496], [135.456417, 34.757422], [135.456354, 34.757179], [135.456218, 34.756756], [135.456185, 34.756653], [135.456088, 34.756441], [135.456033, 34.756203], [135.455996, 34.756093], [135.455956, 34.755973], [135.45588, 34.755629], [135.455842, 34.755471], [135.455836, 34.755228], [135.45582, 34.755071], [135.455831, 34.754904], [135.455852, 34.754806], [135.455918, 34.754486], [135.455984, 34.754216], [135.456006, 34.754058], [135.456041, 34.753905], [135.456044, 34.753892], [135.456164, 34.753509], [135.456218, 34.753361], [135.456232, 34.753246], [135.456311, 34.752955], [135.456391, 34.752658], [135.456492, 34.752378], [135.456571, 34.751966], [135.45661, 34.751843], [135.456665, 34.751668], [135.456766, 34.751429], [135.45686, 34.751239], [135.456989, 34.751061], [135.457025, 34.75101], [135.457063, 34.750958], [135.457229, 34.751161], [135.457304, 34.751217], [135.457561, 34.751406], [135.457922, 34.751686], [135.458218, 34.751871], [135.458507, 34.751996], [135.458803, 34.752086], [135.459114, 34.752098], [135.459251, 34.752091], [135.459352, 34.752032], [135.459358, 34.752023], [135.459778, 34.75137], [135.459906, 34.751074], [135.459937, 34.751], [135.459937, 34.750917], [135.459757, 34.750829], [135.459244, 34.750542], [135.459186, 34.750471], [135.459186, 34.750387], [135.459241, 34.750241], [135.459244, 34.750232], [135.459388, 34.749899], [135.459814, 34.748768], [135.45985, 34.748679], [135.460168, 34.747885], [135.460181, 34.747812], [135.460197, 34.747725], [135.459973, 34.747063], [135.459836, 34.746212], [135.459807, 34.745938], [135.459793, 34.7458], [135.459796, 34.745603], [135.459807, 34.745038], [135.459805, 34.744846], [135.459804, 34.744709], [135.459803, 34.74467], [135.459802, 34.744507], [135.4598, 34.74436], [135.459706, 34.743531], [135.459569, 34.742596], [135.459461, 34.741589], [135.459401, 34.740858], [135.459396, 34.740797], [135.459389, 34.7407], [135.45936, 34.740535], [135.459298, 34.739492], [135.459288, 34.739313], [135.459265, 34.739069], [135.459192, 34.738277], [135.459186, 34.738218], [135.459133, 34.737947], [135.459056, 34.737555], [135.458894, 34.736964], [135.45889, 34.736948], [135.458724, 34.736496], [135.458486, 34.736091], [135.458629, 34.735994], [135.458839, 34.735853], [135.458861, 34.735781], [135.458854, 34.735596], [135.458897, 34.735198], [135.459034, 34.735126], [135.459105, 34.734815], [135.459114, 34.734774], [135.459208, 34.734589], [135.459316, 34.734477], [135.459316, 34.734476], [135.459345, 34.734446], [135.459714, 34.734178], [135.459734, 34.734156], [135.459862, 34.734018], [135.459996, 34.733807], [135.459999, 34.733803], [135.460014, 34.73377], [135.460294, 34.733138], [135.460295, 34.733136], [135.460251, 34.733152], [135.459892, 34.733283], [135.459334, 34.733488], [135.458934, 34.7336], [135.458931, 34.733601], [135.458493, 34.733724], [135.45821, 34.733791], [135.457135, 34.734046], [135.456196, 34.734202], [135.455449, 34.734301], [135.455387, 34.734309], [135.454773, 34.734333], [135.453061, 34.734357], [135.45252, 34.734342], [135.451891, 34.734324], [135.451775, 34.734321], [135.449796, 34.734169], [135.448987, 34.734097], [135.448583, 34.734014], [135.448113, 34.733859], [135.447709, 34.73362], [135.447369, 34.733351], [135.447087, 34.733047], [135.447081, 34.733039], [135.446849, 34.732713], [135.446582, 34.732291], [135.446091, 34.731333], [135.445904, 34.730837], [135.445802, 34.730564], [135.445636, 34.730034], [135.445556, 34.729504], [135.445556, 34.729343], [135.445556, 34.729082], [135.445556, 34.728997], [135.445621, 34.728414], [135.445852, 34.727527], [135.446026, 34.726913], [135.446257, 34.72621], [135.446416, 34.725811], [135.446512, 34.725637], [135.446575, 34.725524], [135.446799, 34.725205], [135.447268, 34.724454], [135.447579, 34.723893], [135.447634, 34.723742], [135.447832, 34.723203], [135.447991, 34.722737], [135.448026, 34.72253], [135.448063, 34.722308], [135.448106, 34.721689], [135.448034, 34.721289], [135.447882, 34.720776], [135.447608, 34.720199], [135.447333, 34.719674], [135.44695, 34.719127], [135.446517, 34.718662], [135.44617, 34.71834], [135.445813, 34.718086], [135.445236, 34.717788], [135.445156, 34.717746], [135.44444, 34.717371], [135.443487, 34.71702], [135.442824, 34.716779], [135.442028, 34.716489], [135.441405, 34.716302], [135.441316, 34.716276], [135.44073, 34.716099], [135.439583, 34.715755], [135.438191, 34.715318], [135.438164, 34.715309], [135.436979, 34.714951], [135.43591, 34.714558], [135.434671, 34.714058], [135.43366, 34.713599], [135.43271, 34.713159], [135.432699, 34.713154], [135.432358, 34.712984], [135.432054, 34.712833], [135.4318, 34.712706], [135.431558, 34.712582], [135.431099, 34.712348], [135.430547, 34.712015], [135.430191, 34.711794], [135.430135, 34.711759], [135.429741, 34.711467], [135.429579, 34.711347], [135.429423, 34.711204], [135.428795, 34.710627], [135.428686, 34.710504], [135.428536, 34.710334], [135.428362, 34.710138], [135.427863, 34.709499], [135.427412, 34.708864], [135.427091, 34.708411], [135.426556, 34.707679], [135.426209, 34.707154], [135.42587, 34.706784], [135.425842, 34.706759], [135.42557, 34.706517], [135.425531, 34.706487], [135.425194, 34.706225], [135.424913, 34.706052], [135.424626, 34.705924], [135.424566, 34.705897], [135.423981, 34.705712], [135.422284, 34.705256], [135.419799, 34.704551], [135.418925, 34.704255], [135.417776, 34.703879], [135.416702, 34.703525], [135.41635, 34.703409], [135.415354, 34.703033], [135.414645, 34.702765], [135.413854, 34.702432], [135.413679, 34.702355], [135.413488, 34.702271], [135.412865, 34.701997], [135.411651, 34.701263], [135.410835, 34.70072], [135.409986, 34.700085], [135.40956, 34.699751], [135.409069, 34.699292], [135.408578, 34.698782], [135.407509, 34.697386], [135.407298, 34.697101], [135.406271, 34.697642], [135.405983, 34.697271], [135.405272, 34.696427], [135.404939, 34.695969], [135.404872, 34.695849], [135.404587, 34.695808], [135.404379, 34.695603], [135.404351, 34.695513], [135.404496, 34.695433], [135.404498, 34.69541], [135.40339, 34.694024], [135.402641, 34.693089], [135.401971, 34.692279], [135.401611, 34.691793], [135.40144, 34.69186], [135.401178, 34.691586], [135.400837, 34.691124], [135.400436, 34.690644], [135.400396, 34.690576], [135.400111, 34.690248], [135.399061, 34.688911], [135.39893, 34.688722], [135.399026, 34.688665], [135.398773, 34.688315], [135.398787, 34.688304], [135.398726, 34.688214], [135.398738, 34.688203], [135.398542, 34.68796], [135.394694, 34.686861], [135.392472, 34.687972], [135.391892, 34.687753], [135.39268, 34.688203], [135.392681, 34.688191], [135.392735, 34.688214], [135.393008, 34.688592], [135.393452, 34.689146], [135.39357, 34.689116], [135.395513, 34.691608], [135.395269, 34.691747], [135.395585, 34.692171], [135.396143, 34.692832], [135.396385, 34.693142], [135.397171, 34.694153], [135.397171, 34.694175], [135.397345, 34.694392], [135.397403, 34.69442], [135.39745, 34.694398], [135.397457, 34.694408], [135.397463, 34.694385], [135.397594, 34.694328], [135.397823, 34.694589], [135.398555, 34.695489], [135.398882, 34.695941], [135.399179, 34.69627], [135.399928, 34.697275], [135.40019, 34.697819], [135.400896, 34.698695], [135.401257, 34.699177], [135.399701, 34.699918], [135.399773, 34.700015], [135.399704, 34.700048], [135.399634, 34.700082], [135.399549, 34.699983], [135.399537, 34.699949], [135.399168, 34.699913], [135.398964, 34.700015], [135.398746, 34.700146], [135.398744, 34.700174], [135.399014, 34.700489], [135.398898, 34.700543], [135.398759, 34.700607], [135.39873, 34.700575], [135.398424, 34.700267], [135.398352, 34.700249], [135.398302, 34.700263], [135.39835, 34.700409], [135.398329, 34.700409], [135.398269, 34.700363], [135.398072, 34.700126], [135.398037, 34.700167], [135.398063, 34.700267], [135.399038, 34.701403], [135.398872, 34.701481], [135.398548, 34.701142], [135.398446, 34.701028], [135.397943, 34.700493], [135.397805, 34.700346], [135.397593, 34.70026], [135.396651, 34.700165], [135.396521, 34.700179], [135.396304, 34.700235], [135.396015, 34.700332], [135.394868, 34.698867], [135.394689, 34.698838], [135.393269, 34.700904], [135.393176, 34.701004], [135.393049, 34.701091], [135.392933, 34.701159], [135.392777, 34.701214], [135.392634, 34.701235], [135.392251, 34.701243], [135.392199, 34.701224], [135.392274, 34.701076], [135.392274, 34.700994], [135.392124, 34.700555], [135.392101, 34.70046], [135.392159, 34.700307], [135.392842, 34.699331], [135.393442, 34.698475], [135.393591, 34.698213], [135.393649, 34.698031], [135.393664, 34.697941], [135.393672, 34.697836], [135.393643, 34.697698], [135.393452, 34.697454], [135.393988, 34.697134], [135.393658, 34.696756], [135.39204, 34.694734], [135.391703, 34.69492], [135.390672, 34.69361], [135.390073, 34.692849], [135.390171, 34.692782], [135.389783, 34.692252], [135.389539, 34.691918], [135.38892, 34.691723], [135.388256, 34.691909], [135.388104, 34.691833], [135.386521, 34.692324], [135.386501, 34.692459], [135.385585, 34.692768], [135.385452, 34.692777], [135.385307, 34.692744], [135.385244, 34.692768], [135.385227, 34.692815], [135.385251, 34.692886], [135.385641, 34.693527], [135.385975, 34.694108], [135.386021, 34.694233], [135.386057, 34.69474], [135.386194, 34.694818], [135.386229, 34.694863], [135.386249, 34.694925], [135.386261, 34.695027], [135.386336, 34.695184], [135.386494, 34.695514], [135.387439, 34.697104], [135.388386, 34.698699], [135.389379, 34.700326], [135.388848, 34.700989], [135.38807, 34.702078], [135.388056, 34.702072], [135.387831, 34.701982], [135.387736, 34.701964], [135.387744, 34.70192], [135.388043, 34.701243], [135.38807, 34.701159], [135.38807, 34.70104], [135.387973, 34.70086], [135.386919, 34.699147], [135.385939, 34.697553], [135.385013, 34.696046], [135.384781, 34.695855], [135.383494, 34.693735], [135.383389, 34.693614], [135.383138, 34.693506], [135.382998, 34.693232], [135.381751, 34.691235], [135.381609, 34.691008], [135.381479, 34.691074], [135.382978, 34.693532], [135.382959, 34.693554], [135.382899, 34.693578], [135.382776, 34.693544], [135.382653, 34.693488], [135.382545, 34.693363], [135.381986, 34.692495], [135.381971, 34.692496], [135.381309, 34.691444], [135.381162, 34.691247], [135.381048, 34.691173], [135.380908, 34.691108], [135.380784, 34.691113], [135.379052, 34.691581], [135.378917, 34.691634], [135.378862, 34.691692], [135.378802, 34.69179], [135.378779, 34.691893], [135.378779, 34.692016], [135.378872, 34.692239], [135.378506, 34.692344], [135.378549, 34.692453], [135.378426, 34.692488], [135.378315, 34.692519], [135.378267, 34.692405], [135.377605, 34.692589], [135.377331, 34.691951], [135.377506, 34.691893], [135.37737, 34.691542], [135.3772, 34.691596], [135.376039, 34.688876], [135.375319, 34.687187], [135.376903, 34.68561], [135.377744, 34.684773], [135.377655, 34.684703], [135.376726, 34.685634], [135.375477, 34.684555], [135.375026, 34.684166], [135.374113, 34.683377], [135.374318, 34.683197], [135.374058, 34.683011], [135.37386, 34.683157], [135.373772, 34.683084], [135.374119, 34.682819], [135.373847, 34.682549], [135.373471, 34.682828], [135.372829, 34.682241], [135.372203, 34.681692], [135.371231, 34.680772], [135.368453, 34.683223], [135.372194, 34.689611], [135.373583, 34.692944], [135.376713, 34.700376], [135.381173, 34.710914], [135.380313, 34.711252]]]}}, {"type": "Feature", "id": "did-1990-43", "properties": {"A16_001": "282031", "A16_002": "28203", "A16_003": "明石市", "A16_004": "1", "A16_005": "259991", "A16_006": "35.30", "A16_007": "246099", "A16_008": "30.50", "A16_009": "96.00", "A16_010": "72.00", "A16_011": "1990", "year": 1990, "population": 259991.0, "areaKm2": 35.3, "density": 7365.184135977338}, "geometry": {"type": "Polygon", "coordinates": [[[134.884944, 34.717744], [134.88498, 34.718053], [134.884989, 34.718127], [134.885073, 34.718542], [134.885233, 34.718831], [134.885316, 34.718895], [134.885411, 34.718969], [134.885602, 34.719001], [134.885906, 34.719013], [134.886226, 34.719007], [134.886522, 34.718975], [134.886713, 34.718969], [134.887329, 34.71885], [134.887481, 34.71885], [134.887542, 34.7189], [134.887595, 34.719038], [134.887717, 34.719158], [134.8879, 34.719227], [134.888288, 34.719365], [134.888452, 34.719396], [134.889151, 34.719459], [134.888938, 34.719861], [134.888809, 34.720238], [134.888847, 34.720301], [134.889025, 34.720313], [134.889228, 34.720326], [134.889452, 34.720309], [134.889592, 34.720299], [134.889722, 34.720289], [134.889981, 34.720282], [134.890161, 34.720256], [134.890407, 34.720219], [134.890712, 34.720163], [134.891305, 34.720012], [134.891633, 34.719943], [134.891538, 34.720119], [134.891286, 34.720615], [134.89113, 34.720824], [134.891066, 34.720909], [134.89105, 34.72093], [134.890897, 34.721065], [134.890716, 34.721225], [134.890716, 34.721225], [134.890822, 34.721464], [134.890823, 34.721555], [134.890825, 34.721686], [134.890827, 34.721888], [134.890829, 34.722017], [134.89083, 34.722072], [134.890834, 34.72211], [134.890853, 34.722286], [134.890881, 34.722414], [134.890891, 34.722459], [134.890908, 34.722539], [134.890913, 34.722562], [134.890997, 34.722669], [134.89144, 34.723001], [134.891476, 34.723027], [134.891616, 34.723173], [134.891651, 34.723209], [134.891705, 34.723267], [134.891849, 34.723423], [134.891864, 34.723432], [134.891913, 34.723463], [134.892123, 34.723593], [134.892363, 34.723725], [134.892614, 34.72397], [134.892728, 34.724184], [134.892888, 34.724341], [134.893238, 34.724523], [134.893611, 34.724573], [134.893706, 34.724552], [134.893798, 34.724532], [134.893923, 34.724504], [134.894194, 34.724413], [134.894398, 34.724344], [134.894463, 34.724322], [134.894589, 34.724337], [134.894683, 34.724349], [134.894821, 34.724366], [134.895495, 34.724724], [134.895663, 34.724799], [134.895754, 34.72484], [134.895874, 34.724893], [134.895963, 34.724933], [134.896004, 34.724951], [134.896058, 34.724976], [134.896099, 34.724989], [134.896679, 34.725177], [134.896999, 34.725276], [134.897032, 34.725286], [134.897105, 34.725309], [134.897251, 34.72534], [134.897363, 34.725364], [134.897546, 34.725403], [134.897708, 34.725419], [134.897912, 34.72544], [134.898292, 34.725478], [134.899099, 34.725548], [134.899981, 34.725591], [134.899981, 34.725591], [134.90035, 34.725596], [134.900534, 34.725599], [134.90109, 34.725607], [134.901931, 34.725618], [134.902045, 34.72562], [134.902163, 34.725622], [134.902469, 34.725626], [134.902635, 34.725627], [134.902715, 34.725151], [134.903025, 34.725224], [134.903178, 34.724864], [134.902869, 34.724844], [134.902866, 34.724293], [134.903083, 34.723921], [134.902695, 34.723763], [134.902609, 34.723934], [134.902007, 34.723949], [134.90213, 34.723612], [134.902122, 34.723363], [134.90224, 34.723161], [134.902594, 34.723176], [134.902591, 34.722662], [134.901026, 34.722667], [134.9003, 34.72347], [134.899741, 34.722957], [134.898806, 34.723846], [134.898248, 34.723534], [134.898974, 34.722674], [134.895723, 34.720714], [134.89372, 34.719353], [134.897533, 34.716711], [134.898432, 34.715622], [134.899251, 34.71639], [134.899045, 34.716581], [134.899241, 34.716919], [134.899758, 34.717172], [134.900717, 34.715728], [134.901103, 34.715398], [134.901721, 34.715226], [134.90288, 34.714864], [134.903394, 34.714574], [134.904197, 34.713945], [134.904953, 34.713128], [134.905506, 34.712872], [134.905708, 34.711949], [134.905872, 34.711207], [134.906139, 34.710634], [134.90675, 34.71005], [134.907716, 34.708732], [134.908788, 34.707954], [134.909244, 34.708213], [134.909867, 34.707639], [134.910003, 34.707067], [134.910445, 34.706741], [134.910614, 34.706984], [134.910756, 34.706983], [134.910972, 34.706453], [134.911528, 34.70662], [134.912731, 34.707368], [134.913686, 34.707503], [134.913824, 34.70675], [134.914274, 34.706484], [134.914067, 34.706368], [134.914168, 34.705452], [134.91215, 34.705402], [134.911312, 34.704719], [134.914013, 34.702709], [134.913692, 34.702428], [134.913625, 34.702269], [134.913766, 34.702141], [134.913585, 34.701972], [134.913367, 34.702142], [134.911368, 34.702376], [134.911085, 34.701348], [134.911775, 34.700488], [134.911565, 34.700089], [134.916693, 34.696699], [134.91677, 34.698013], [134.917259, 34.698411], [134.917191, 34.698812], [134.91768, 34.699096], [134.919688, 34.697431], [134.920176, 34.697715], [134.921425, 34.697082], [134.921705, 34.697424], [134.923237, 34.697876], [134.923649, 34.696788], [134.923508, 34.69656], [134.924693, 34.695925], [134.924794, 34.695607], [134.925064, 34.695415], [134.925644, 34.695476], [134.92598, 34.695475], [134.926006, 34.695549], [134.926406, 34.69559], [134.926755, 34.695684], [134.927052, 34.69589], [134.927399, 34.695861], [134.927539, 34.696031], [134.927955, 34.695773], [134.927812, 34.695059], [134.92913, 34.694483], [134.929325, 34.69417], [134.929335, 34.693767], [134.92881, 34.693284], [134.92874, 34.693084], [134.929921, 34.692851], [134.931347, 34.69296], [134.931624, 34.692759], [134.932184, 34.6933], [134.932328, 34.694214], [134.930876, 34.695648], [134.93067, 34.696134], [134.929666, 34.697081], [134.929532, 34.69791], [134.929709, 34.698201], [134.929853, 34.698201], [134.93012, 34.698308], [134.930338, 34.698528], [134.930526, 34.698913], [134.930645, 34.699149], [134.930912, 34.699346], [134.931179, 34.699436], [134.931526, 34.699583], [134.931674, 34.699754], [134.931803, 34.699902], [134.93204, 34.699975], [134.932298, 34.700106], [134.932583, 34.700271], [134.932595, 34.700277], [134.932882, 34.700531], [134.932951, 34.700686], [134.932941, 34.700882], [134.932842, 34.701087], [134.932781, 34.701369], [134.932768, 34.70143], [134.932738, 34.701855], [134.932768, 34.702068], [134.932887, 34.702117], [134.93299, 34.702109], [134.933083, 34.702101], [134.933095, 34.7021], [134.933451, 34.701986], [134.933541, 34.701965], [134.933738, 34.70192], [134.933956, 34.701871], [134.934167, 34.701833], [134.934824, 34.701717], [134.934797, 34.701969], [134.935089, 34.701968], [134.93532, 34.701499], [134.936298, 34.701376], [134.936471, 34.700979], [134.937187, 34.700964], [134.937318, 34.700868], [134.937858, 34.700673], [134.938617, 34.700575], [134.938648, 34.700935], [134.939116, 34.700897], [134.939161, 34.701209], [134.93941, 34.701244], [134.939424, 34.7011], [134.939716, 34.701087], [134.939733, 34.701543], [134.938557, 34.702868], [134.93843, 34.703565], [134.938751, 34.70354], [134.938723, 34.703792], [134.939074, 34.703767], [134.93909, 34.703983], [134.938345, 34.704166], [134.93835, 34.704898], [134.938861, 34.704932], [134.938658, 34.705125], [134.938849, 34.705304], [134.939211, 34.705768], [134.939703, 34.706116], [134.939807, 34.706254], [134.939847, 34.706465], [134.939628, 34.706477], [134.939511, 34.706297], [134.939238, 34.705938], [134.938798, 34.70551], [134.938609, 34.706278], [134.938994, 34.706841], [134.939131, 34.706878], [134.93936, 34.706939], [134.939783, 34.707499], [134.939835, 34.707568], [134.940278, 34.70801], [134.940508, 34.708238], [134.940894, 34.708933], [134.94131, 34.709689], [134.942258, 34.709522], [134.941873, 34.709038], [134.941454, 34.708697], [134.941521, 34.708411], [134.942183, 34.708465], [134.942456, 34.707721], [134.942836, 34.707234], [134.942243, 34.706894], [134.942727, 34.706349], [134.944009, 34.705544], [134.943762, 34.704916], [134.94477, 34.704941], [134.94529, 34.70451], [134.945672, 34.704537], [134.945983, 34.704165], [134.946158, 34.704393], [134.94654, 34.704163], [134.946543, 34.704648], [134.946927, 34.70499], [134.94724, 34.705046], [134.947593, 34.705902], [134.949821, 34.706208], [134.95017, 34.706492], [134.950657, 34.706405], [134.951764, 34.705486], [134.954055, 34.704706], [134.954331, 34.704305], [134.955202, 34.704501], [134.95499, 34.703931], [134.953771, 34.703678], [134.953417, 34.702622], [134.954133, 34.700248], [134.953464, 34.698936], [134.952803, 34.698852], [134.951727, 34.699114], [134.951029, 34.698859], [134.950922, 34.698317], [134.95168, 34.697114], [134.951467, 34.696371], [134.954978, 34.696158], [134.954691, 34.694787], [134.954021, 34.693161], [134.950903, 34.695202], [134.950205, 34.694662], [134.950865, 34.694573], [134.950793, 34.694202], [134.951209, 34.694001], [134.951315, 34.694172], [134.951593, 34.694142], [134.95159, 34.693742], [134.951972, 34.693569], [134.9511, 34.693115], [134.950613, 34.693117], [134.95051, 34.693403], [134.950197, 34.693404], [134.949782, 34.69372], [134.949673, 34.692978], [134.949322, 34.692465], [134.949009, 34.692466], [134.948449, 34.691868], [134.948136, 34.691812], [134.948133, 34.691326], [134.950388, 34.690346], [134.949619, 34.689777], [134.949338, 34.689207], [134.949093, 34.689008], [134.948536, 34.688781], [134.94822, 34.688382], [134.947665, 34.688499], [134.94728, 34.688129], [134.9478, 34.687812], [134.948671, 34.688209], [134.950726, 34.688773], [134.952491, 34.687337], [134.953014, 34.687621], [134.953014, 34.687621], [134.953219, 34.686906], [134.953568, 34.687219], [134.953776, 34.687047], [134.953389, 34.686248], [134.952344, 34.685995], [134.951652, 34.686512], [134.950988, 34.685971], [134.951121, 34.685057], [134.950737, 34.684715], [134.951812, 34.684168], [134.952229, 34.684166], [134.952336, 34.68468], [134.952857, 34.684593], [134.952853, 34.683935], [134.953339, 34.683819], [134.953123, 34.682591], [134.952532, 34.682565], [134.952632, 34.681736], [134.952042, 34.681967], [134.951725, 34.681396], [134.951793, 34.681139], [134.951411, 34.681055], [134.950751, 34.681229], [134.950435, 34.680801], [134.949808, 34.680575], [134.949497, 34.680862], [134.949111, 34.680292], [134.948906, 34.680836], [134.94859, 34.68038], [134.948311, 34.680266], [134.947895, 34.680354], [134.947089, 34.679414], [134.948437, 34.67798], [134.948995, 34.678292], [134.949652, 34.677718], [134.951396, 34.67854], [134.952054, 34.678109], [134.954008, 34.679359], [134.955258, 34.678982], [134.955741, 34.678495], [134.956473, 34.678778], [134.95699, 34.677947], [134.958073, 34.678914], [134.959462, 34.678538], [134.959777, 34.678908], [134.961996, 34.677842], [134.962764, 34.678325], [134.962249, 34.679413], [134.963401, 34.680294], [134.96427, 34.680205], [134.965038, 34.680659], [134.965935, 34.679627], [134.965795, 34.679399], [134.966688, 34.677652], [134.966684, 34.676909], [134.967374, 34.676135], [134.967506, 34.674991], [134.967919, 34.674304], [134.968926, 34.673985], [134.96948, 34.674807], [134.969953, 34.674869], [134.970805, 34.674692], [134.970949, 34.674744], [134.971084, 34.674837], [134.971407, 34.675314], [134.971555, 34.675613], [134.971732, 34.675955], [134.971783, 34.676107], [134.971748, 34.676527], [134.971748, 34.676527], [134.971902, 34.676374], [134.971996, 34.676282], [134.971906, 34.675906], [134.971836, 34.675794], [134.971535, 34.675317], [134.971367, 34.675007], [134.971437, 34.674953], [134.971509, 34.674898], [134.971891, 34.674606], [134.971935, 34.674568], [134.97205, 34.674467], [134.97206, 34.674165], [134.971976, 34.674116], [134.971891, 34.674067], [134.971807, 34.674062], [134.971743, 34.674058], [134.971538, 34.673987], [134.971298, 34.673903], [134.971129, 34.673871], [134.971011, 34.673805], [134.970743, 34.673633], [134.970536, 34.673527], [134.970338, 34.673413], [134.970292, 34.673366], [134.970234, 34.673306], [134.970194, 34.673176], [134.970115, 34.672522], [134.970066, 34.672448], [134.969848, 34.672383], [134.969878, 34.672162], [134.969931, 34.671949], [134.969986, 34.671729], [134.970046, 34.671475], [134.970142, 34.671329], [134.970174, 34.671279], [134.970243, 34.671211], [134.970313, 34.671141], [134.970402, 34.670912], [134.970486, 34.670699], [134.970674, 34.670593], [134.970832, 34.670421], [134.970902, 34.670315], [134.970961, 34.670225], [134.970984, 34.670197], [134.971081, 34.67008], [134.971129, 34.670021], [134.971172, 34.669979], [134.971239, 34.669915], [134.971478, 34.669619], [134.971627, 34.669435], [134.971681, 34.669349], [134.971747, 34.669245], [134.971823, 34.669125], [134.971891, 34.669018], [134.971894, 34.669008], [134.971959, 34.668806], [134.971913, 34.668587], [134.971778, 34.668301], [134.971778, 34.668278], [134.971778, 34.668157], [134.971802, 34.668122], [134.971832, 34.668079], [134.971863, 34.668035], [134.971949, 34.667911], [134.971981, 34.667864], [134.972193, 34.667727], [134.972532, 34.667671], [134.972788, 34.667609], [134.972984, 34.667465], [134.973128, 34.667228], [134.973218, 34.667141], [134.973459, 34.667023], [134.973588, 34.666936], [134.973738, 34.666714], [134.973738, 34.66664], [134.973655, 34.66654], [134.973512, 34.666428], [134.973497, 34.666359], [134.973603, 34.666278], [134.974085, 34.666166], [134.974258, 34.666098], [134.974393, 34.665974], [134.974394, 34.665973], [134.974492, 34.665674], [134.974571, 34.665324], [134.974559, 34.665098], [134.974556, 34.665044], [134.974567, 34.665011], [134.974594, 34.664931], [134.974639, 34.664794], [134.974689, 34.664679], [134.974741, 34.66456], [134.974745, 34.664551], [134.974757, 34.664532], [134.974858, 34.664371], [134.975054, 34.664252], [134.975107, 34.664153], [134.975099, 34.664059], [134.975182, 34.663972], [134.975231, 34.66391], [134.975248, 34.663889], [134.975348, 34.663763], [134.975353, 34.663747], [134.975369, 34.663698], [134.975401, 34.663598], [134.975431, 34.663501], [134.975461, 34.663314], [134.975431, 34.663109], [134.975401, 34.662965], [134.975431, 34.662828], [134.97551, 34.662677], [134.975529, 34.662641], [134.975484, 34.662442], [134.975393, 34.662342], [134.975092, 34.662136], [134.97501, 34.662007], [134.975009, 34.662005], [134.974956, 34.661912], [134.974956, 34.6618], [134.975001, 34.661694], [134.975114, 34.661619], [134.975386, 34.66165], [134.975491, 34.661625], [134.975597, 34.661544], [134.975619, 34.661388], [134.975604, 34.66112], [134.975604, 34.660908], [134.97565, 34.660734], [134.975755, 34.660572], [134.975883, 34.660423], [134.975941, 34.660378], [134.975996, 34.660335], [134.97614, 34.660273], [134.976217, 34.660258], [134.976268, 34.660248], [134.976358, 34.660198], [134.976411, 34.660123], [134.976426, 34.659958], [134.976328, 34.659815], [134.976223, 34.659615], [134.9762, 34.659484], [134.97617, 34.659366], [134.976215, 34.659316], [134.976645, 34.659148], [134.976701, 34.659125], [134.976811, 34.659079], [134.976864, 34.659029], [134.976675, 34.658631], [134.976949, 34.658514], [134.977203, 34.658406], [134.977635, 34.658331], [134.978965, 34.657973], [134.979489, 34.657832], [134.979659, 34.657786], [134.979756, 34.65776], [134.979949, 34.657708], [134.979974, 34.657763], [134.980029, 34.657885], [134.980315, 34.658518], [134.980462, 34.658843], [134.980652, 34.658999], [134.980656, 34.659002], [134.980726, 34.659061], [134.981186, 34.659889], [134.980898, 34.659996], [134.980598, 34.660108], [134.980364, 34.660251], [134.980338, 34.660298], [134.980274, 34.660413], [134.980289, 34.660628], [134.980523, 34.66117], [134.980598, 34.661245], [134.980734, 34.661239], [134.980892, 34.661089], [134.980975, 34.660996], [134.981081, 34.661052], [134.981292, 34.661208], [134.981367, 34.661183], [134.981518, 34.660946], [134.981654, 34.660746], [134.981812, 34.660722], [134.981864, 34.660778], [134.981917, 34.660896], [134.982031, 34.66094], [134.982223, 34.660935], [134.982294, 34.660934], [134.982363, 34.660934], [134.982423, 34.660934], [134.982456, 34.660955], [134.982551, 34.661014], [134.982664, 34.661064], [134.982853, 34.661039], [134.983086, 34.660996], [134.983262, 34.660991], [134.983335, 34.66099], [134.983488, 34.661012], [134.983617, 34.661003], [134.983625, 34.661001], [134.983731, 34.660971], [134.983731, 34.660971], [134.983927, 34.660641], [134.984206, 34.660367], [134.984317, 34.660264], [134.984515, 34.66008], [134.984689, 34.659913], [134.984968, 34.659647], [134.985456, 34.659268], [134.985458, 34.659266], [134.985759, 34.65893], [134.985918, 34.658649], [134.985933, 34.658616], [134.986046, 34.658363], [134.986046, 34.658241], [134.986046, 34.657746], [134.986253, 34.657529], [134.986302, 34.657478], [134.986483, 34.657409], [134.986812, 34.6574], [134.986903, 34.657398], [134.986932, 34.657397], [134.987595, 34.657559], [134.987634, 34.657571], [134.988041, 34.657696], [134.988219, 34.657751], [134.988274, 34.657768], [134.988892, 34.657958], [134.98894, 34.657951], [134.989086, 34.657933], [134.989384, 34.657749], [134.989444, 34.657713], [134.989501, 34.657677], [134.989588, 34.657679], [134.989788, 34.657683], [134.990639, 34.657609], [134.990896, 34.65764], [134.991348, 34.657764], [134.991635, 34.657821], [134.991839, 34.657827], [134.992361, 34.657577], [134.992519, 34.65759], [134.992655, 34.657633], [134.993145, 34.657864], [134.993598, 34.657983], [134.993974, 34.658051], [134.994323, 34.658095], [134.994419, 34.658107], [134.99457, 34.658151], [134.994856, 34.658332], [134.995233, 34.658512], [134.995701, 34.658737], [134.99601, 34.658943], [134.996297, 34.65903], [134.996576, 34.659036], [134.996847, 34.658992], [134.997012, 34.658922], [134.997094, 34.658885], [134.997158, 34.658878], [134.997234, 34.658882], [134.997273, 34.658886], [134.997319, 34.658866], [134.997367, 34.658752], [134.997375, 34.658733], [134.99749, 34.658618], [134.997708, 34.658507], [134.997947, 34.658396], [134.998026, 34.658343], [134.99816, 34.658117], [134.99825, 34.658014], [134.998409, 34.657924], [134.998513, 34.657838], [134.998655, 34.657648], [134.998816, 34.657434], [134.998901, 34.657322], [134.99902, 34.657235], [134.999199, 34.657166], [134.999539, 34.656972], [134.999631, 34.656919], [134.999731, 34.656907], [135.000082, 34.657207], [135.000188, 34.657297], [135.000219, 34.657323], [135.000246, 34.657346], [135.000496, 34.657534], [135.000599, 34.657611], [135.000781, 34.657747], [135.001002, 34.657912], [135.001264, 34.658109], [135.001396, 34.65817], [135.001594, 34.658261], [135.001602, 34.658264], [135.002154, 34.658744], [135.002293, 34.658864], [135.002523, 34.659119], [135.003172, 34.658769], [135.003316, 34.658691], [135.003566, 34.658556], [135.003609, 34.658531], [135.00459, 34.657953], [135.00459, 34.657953], [135.004769, 34.657739], [135.004921, 34.65739], [135.005001, 34.657425], [135.005148, 34.65749], [135.005296, 34.657556], [135.0054, 34.657602], [135.005709, 34.657739], [135.006087, 34.65794], [135.006186, 34.658035], [135.006233, 34.658138], [135.006233, 34.658253], [135.006281, 34.658371], [135.006783, 34.658971], [135.007538, 34.659795], [135.007796, 34.660017], [135.00795, 34.660103], [135.008, 34.660095], [135.008297, 34.659851], [135.008318, 34.659834], [135.008337, 34.659854], [135.008438, 34.659952], [135.008673, 34.660182], [135.008864, 34.660368], [135.009036, 34.660321], [135.009234, 34.660266], [135.009502, 34.660233], [135.0098, 34.660253], [135.009909, 34.660237], [135.010108, 34.660175], [135.010342, 34.660163], [135.01064, 34.660241], [135.010923, 34.660274], [135.011057, 34.660348], [135.011142, 34.660434], [135.011167, 34.660545], [135.011142, 34.660648], [135.011062, 34.660713], [135.010958, 34.660742], [135.010819, 34.660742], [135.010476, 34.660701], [135.010233, 34.660726], [135.009994, 34.660787], [135.009825, 34.660869], [135.00977, 34.660943], [135.009754, 34.66107], [135.009751, 34.661099], [135.009795, 34.66119], [135.010019, 34.661309], [135.010317, 34.66142], [135.010549, 34.661465], [135.01063, 34.661481], [135.010864, 34.661485], [135.011042, 34.661469], [135.011221, 34.661418], [135.01139, 34.661398], [135.011663, 34.661422], [135.012153, 34.661485], [135.012173, 34.661488], [135.01265, 34.66148], [135.012993, 34.661517], [135.013028, 34.661521], [135.013411, 34.661508], [135.013469, 34.661419], [135.013475, 34.66141], [135.013515, 34.661398], [135.013992, 34.661603], [135.014051, 34.661591], [135.014354, 34.661229], [135.014339, 34.66113], [135.01432, 34.661007], [135.013816, 34.660611], [135.013811, 34.660549], [135.013882, 34.660448], [135.013961, 34.660335], [135.013956, 34.660282], [135.013831, 34.660142], [135.013831, 34.660081], [135.013896, 34.66006], [135.014418, 34.660282], [135.014746, 34.660376], [135.014895, 34.660467], [135.015004, 34.66059], [135.015068, 34.660767], [135.015108, 34.660931], [135.015163, 34.661005], [135.015227, 34.661001], [135.015262, 34.660951], [135.015222, 34.660853], [135.015098, 34.660496], [135.015128, 34.660405], [135.015193, 34.660385], [135.015262, 34.66045], [135.015322, 34.66068], [135.015441, 34.660902], [135.015481, 34.660947], [135.015535, 34.660932], [135.01554, 34.660931], [135.01557, 34.660861], [135.015565, 34.660616], [135.015565, 34.660598], [135.015605, 34.660504], [135.015674, 34.660467], [135.015749, 34.660483], [135.015786, 34.660525], [135.015913, 34.660668], [135.015968, 34.660701], [135.016211, 34.660693], [135.016317, 34.660652], [135.016403, 34.660586], [135.016456, 34.660545], [135.016496, 34.660413], [135.016461, 34.660258], [135.016387, 34.660073], [135.016347, 34.65997], [135.016367, 34.659933], [135.016506, 34.659917], [135.016675, 34.659925], [135.016859, 34.659888], [135.016966, 34.659807], [135.017043, 34.659748], [135.017064, 34.659743], [135.017167, 34.659716], [135.017386, 34.659753], [135.0175, 34.659753], [135.017569, 34.659732], [135.017609, 34.659662], [135.017599, 34.659555], [135.01752, 34.659461], [135.017396, 34.659453], [135.017068, 34.659502], [135.016973, 34.659481], [135.016874, 34.659403], [135.016814, 34.659399], [135.016635, 34.659461], [135.01585, 34.659555], [135.015363, 34.659584], [135.015175, 34.65958], [135.015001, 34.659555], [135.014857, 34.659506], [135.014758, 34.659436], [135.014693, 34.659333], [135.014683, 34.65921], [135.014733, 34.659109], [135.014827, 34.659023], [135.015061, 34.658886], [135.015225, 34.658792], [135.01524, 34.658783], [135.015503, 34.658633], [135.015627, 34.6586], [135.015855, 34.658592], [135.015905, 34.658567], [135.015888, 34.658529], [135.015885, 34.658522], [135.015726, 34.658415], [135.015612, 34.658386], [135.015478, 34.658399], [135.015057, 34.658571], [135.014878, 34.658666], [135.014689, 34.658797], [135.014634, 34.658813], [135.014586, 34.658828], [135.014431, 34.658789], [135.014342, 34.658711], [135.014133, 34.658462], [135.014024, 34.658281], [135.013914, 34.658158], [135.013909, 34.658096], [135.013974, 34.658055], [135.014501, 34.657996], [135.014714, 34.657939], [135.014893, 34.65785], [135.014905, 34.657841], [135.014955, 34.657801], [135.015067, 34.657714], [135.015206, 34.657542], [135.015186, 34.657477], [135.01515, 34.657457], [135.015004, 34.657376], [135.01457, 34.657136], [135.014566, 34.657101], [135.01456, 34.657058], [135.0146, 34.657014], [135.014665, 34.656943], [135.014744, 34.656926], [135.014757, 34.656933], [135.015006, 34.657068], [135.015294, 34.657224], [135.01541, 34.657288], [135.015622, 34.657378], [135.015944, 34.657669], [135.016382, 34.658064], [135.016464, 34.658135], [135.016589, 34.658242], [135.016596, 34.658248], [135.016809, 34.658396], [135.016893, 34.658442], [135.016911, 34.658451], [135.017024, 34.658513], [135.017089, 34.658548], [135.017157, 34.658585], [135.017202, 34.658607], [135.017264, 34.658636], [135.017403, 34.658701], [135.017831, 34.658904], [135.017947, 34.658959], [135.017969, 34.658887], [135.018007, 34.658766], [135.018012, 34.658639], [135.017972, 34.658503], [135.017997, 34.658458], [135.018016, 34.658443], [135.018131, 34.658355], [135.01822, 34.658216], [135.018209, 34.658109], [135.018205, 34.658068], [135.018098, 34.657873], [135.018081, 34.657842], [135.018086, 34.657797], [135.018141, 34.657785], [135.018285, 34.657805], [135.018479, 34.657867], [135.018649, 34.657965], [135.018721, 34.658006], [135.018994, 34.658224], [135.019161, 34.65832], [135.019351, 34.658429], [135.019461, 34.658434], [135.019615, 34.658397], [135.019776, 34.658326], [135.019813, 34.65831], [135.019893, 34.658405], [135.019972, 34.658421], [135.020299, 34.658306], [135.020423, 34.658274], [135.020542, 34.658244], [135.020589, 34.658216], [135.020597, 34.658212], [135.020633, 34.658138], [135.020706, 34.658105], [135.020807, 34.658137], [135.020835, 34.658146], [135.02087, 34.658216], [135.021019, 34.65815], [135.021049, 34.658089], [135.021039, 34.657953], [135.021034, 34.657883], [135.02103, 34.657827], [135.021024, 34.657748], [135.021066, 34.657692], [135.021074, 34.657682], [135.021303, 34.657575], [135.021442, 34.657349], [135.021506, 34.6573], [135.021591, 34.657284], [135.021829, 34.657312], [135.022088, 34.657312], [135.022158, 34.657326], [135.022301, 34.657353], [135.022376, 34.657415], [135.022414, 34.657519], [135.02244, 34.657592], [135.022445, 34.65776], [135.022426, 34.657908], [135.022415, 34.657986], [135.022435, 34.65815], [135.022457, 34.658208], [135.022495, 34.65831], [135.022659, 34.658581], [135.0227, 34.658767], [135.022758, 34.659021], [135.022843, 34.659246], [135.022884, 34.65929], [135.022979, 34.659311], [135.02301, 34.659304], [135.023073, 34.65929], [135.023197, 34.659183], [135.023247, 34.659114], [135.023282, 34.659018], [135.023361, 34.658801], [135.023555, 34.658506], [135.023634, 34.658329], [135.023714, 34.65828], [135.023818, 34.658301], [135.023868, 34.658366], [135.023798, 34.658571], [135.023795, 34.658617], [135.023788, 34.658715], [135.023803, 34.65883], [135.023868, 34.658933], [135.024623, 34.659561], [135.024627, 34.659563], [135.025167, 34.659908], [135.025173, 34.659913], [135.025474, 34.66013], [135.025774, 34.660348], [135.025759, 34.660381], [135.025541, 34.660459], [135.025538, 34.660459], [135.025223, 34.660504], [135.025102, 34.660598], [135.024865, 34.660783], [135.024857, 34.660817], [135.02483, 34.660931], [135.02487, 34.66096], [135.024939, 34.660958], [135.025083, 34.660954], [135.025148, 34.660952], [135.025248, 34.660933], [135.025328, 34.660917], [135.025663, 34.660852], [135.025978, 34.660792], [135.0264, 34.660634], [135.026456, 34.660749], [135.026614, 34.661069], [135.026629, 34.661112], [135.026734, 34.661404], [135.026748, 34.661443], [135.026766, 34.661539], [135.026794, 34.661685], [135.026826, 34.661849], [135.026856, 34.661862], [135.026866, 34.661866], [135.027378, 34.661638], [135.027431, 34.661614], [135.028406, 34.66118], [135.028654, 34.661054], [135.028995, 34.66088], [135.029169, 34.660751], [135.029216, 34.660716], [135.029547, 34.660469], [135.029743, 34.660338], [135.029803, 34.660298], [135.030337, 34.65994], [135.030913, 34.659583], [135.030913, 34.659583], [135.031059, 34.659491], [135.031653, 34.659119], [135.031766, 34.659039], [135.032517, 34.658509], [135.032505, 34.65844], [135.032349, 34.658312], [135.03215, 34.65815], [135.031853, 34.657907], [135.031765, 34.657835], [135.031659, 34.657749], [135.031488, 34.657608], [135.031391, 34.657529], [135.031305, 34.657444], [135.031158, 34.657299], [135.030851, 34.656996], [135.030605, 34.6567], [135.030534, 34.656615], [135.030455, 34.656513], [135.030413, 34.656459], [135.030372, 34.656407], [135.030315, 34.656295], [135.030151, 34.655976], [135.030062, 34.65584], [135.02969, 34.655268], [135.02948, 34.65501], [135.029349, 34.654888], [135.029115, 34.654668], [135.028788, 34.654409], [135.028498, 34.654178], [135.027623, 34.653534], [135.027319, 34.653329], [135.027226, 34.653267], [135.026997, 34.653113], [135.026788, 34.652971], [135.026776, 34.652964], [135.026151, 34.652542], [135.025933, 34.652396], [135.025818, 34.652318], [135.025646, 34.652189], [135.025447, 34.652038], [135.024782, 34.651538], [135.024534, 34.651274], [135.024494, 34.651231], [135.024297, 34.650944], [135.02395, 34.650498], [135.023516, 34.649973], [135.023247, 34.649758], [135.023237, 34.649751], [135.022802, 34.649482], [135.022755, 34.649453], [135.022233, 34.649154], [135.022132, 34.649096], [135.022087, 34.649069], [135.021931, 34.648977], [135.021727, 34.648856], [135.021721, 34.648852], [135.021374, 34.648593], [135.020871, 34.648168], [135.020517, 34.647826], [135.020116, 34.647397], [135.020115, 34.647389], [135.02011, 34.647336], [135.020166, 34.647135], [135.020172, 34.647116], [135.020252, 34.646832], [135.020266, 34.646783], [135.020234, 34.646613], [135.020071, 34.646368], [135.020021, 34.646292], [135.019996, 34.646255], [135.0199, 34.646078], [135.01978, 34.645731], [135.019629, 34.645463], [135.019594, 34.6454], [135.019432, 34.645084], [135.019206, 34.644644], [135.019152, 34.644463], [135.019116, 34.64431], [135.019038, 34.64398], [135.018993, 34.64387], [135.018992, 34.643868], [135.018914, 34.643726], [135.01883, 34.643573], [135.018731, 34.643393], [135.018687, 34.643312], [135.018687, 34.643312], [135.018615, 34.643149], [135.01841, 34.643208], [135.017873, 34.642265], [135.01775, 34.642248], [135.017153, 34.640973], [135.016399, 34.641144], [135.01642, 34.641212], [135.01643, 34.641471], [135.016443, 34.641528], [135.016473, 34.641524], [135.016486, 34.641499], [135.016551, 34.641363], [135.016599, 34.641342], [135.016668, 34.641363], [135.016837, 34.641431], [135.016971, 34.641521], [135.017092, 34.641632], [135.017187, 34.641725], [135.017213, 34.641789], [135.017222, 34.641922], [135.017213, 34.642068], [135.01717, 34.642208], [135.017006, 34.642469], [135.016928, 34.642569], [135.016854, 34.642634], [135.016772, 34.642677], [135.016636, 34.642716], [135.016454, 34.642752], [135.016282, 34.642774], [135.016121, 34.64277], [135.016026, 34.642759], [135.015939, 34.642706], [135.015879, 34.642659], [135.015857, 34.642594], [135.015857, 34.642373], [135.01584, 34.642312], [135.015805, 34.642308], [135.015784, 34.64233], [135.015766, 34.642391], [135.015684, 34.642602], [135.015636, 34.642648], [135.015554, 34.64267], [135.015234, 34.642734], [135.015, 34.642756], [135.014768, 34.642763], [135.014608, 34.642752], [135.014483, 34.642731], [135.014335, 34.642688], [135.014227, 34.642656], [135.014162, 34.642648], [135.014084, 34.642663], [135.014019, 34.642659], [135.013954, 34.64262], [135.013816, 34.642487], [135.013703, 34.642412], [135.013638, 34.642387], [135.013576, 34.642369], [135.0134, 34.642176], [135.013344, 34.64209], [135.013339, 34.642036], [135.013378, 34.641986], [135.013456, 34.641961], [135.013521, 34.641911], [135.013538, 34.641857], [135.013543, 34.641782], [135.011959, 34.642116], [135.011374, 34.643913], [135.011375, 34.643984], [135.011231, 34.643985], [135.011089, 34.643985], [135.01108, 34.643916], [135.011015, 34.643436], [135.010834, 34.64209], [135.008161, 34.642095], [135.008061, 34.64218], [135.007561, 34.642959], [135.007504, 34.643006], [135.007348, 34.643078], [135.007019, 34.643203], [135.00688, 34.643239], [135.006749, 34.643242], [135.006608, 34.643239], [135.006516, 34.64321], [135.006316, 34.643103], [135.006226, 34.643074], [135.006152, 34.643078], [135.00597, 34.643106], [135.005784, 34.643124], [135.005671, 34.643121], [135.005554, 34.643096], [135.005377, 34.643009], [135.005303, 34.642967], [135.005246, 34.642963], [135.005034, 34.643002], [135.004891, 34.643013], [135.004783, 34.643009], [135.004688, 34.642992], [135.004484, 34.642888], [135.004415, 34.64287], [135.004333, 34.642877], [135.004133, 34.642895], [135.00396, 34.642895], [135.003865, 34.642881], [135.003765, 34.642838], [135.003649, 34.642769], [135.003685, 34.642125], [135.001793, 34.642154], [135.001579, 34.642347], [134.998383, 34.642226], [134.998204, 34.642662], [134.997234, 34.642481], [134.996294, 34.642249], [134.99548, 34.642181], [134.994787, 34.642131], [134.994549, 34.642079], [134.993033, 34.641824], [134.991359, 34.641543], [134.991338, 34.64165], [134.993294, 34.641979], [134.993253, 34.642256], [134.994195, 34.642396], [134.995316, 34.644286], [134.99477, 34.644239], [134.994787, 34.644516], [134.995855, 34.644582], [134.996194, 34.644659], [134.997234, 34.644766], [134.997316, 34.644775], [134.997314, 34.644867], [134.997234, 34.644859], [134.995828, 34.644691], [134.994745, 34.644621], [134.994808, 34.644856], [134.994758, 34.644898], [134.994371, 34.644891], [134.993496, 34.644874], [134.993071, 34.644941], [134.990162, 34.645225], [134.990127, 34.645037], [134.989804, 34.645079], [134.989859, 34.645573], [134.988639, 34.645687], [134.98876, 34.645372], [134.989683, 34.645279], [134.989503, 34.643508], [134.989593, 34.643395], [134.989745, 34.643235], [134.989844, 34.643105], [134.989924, 34.642851], [134.989928, 34.642836], [134.990039, 34.642459], [134.990102, 34.642363], [134.990266, 34.642361], [134.9903, 34.642182], [134.990136, 34.642158], [134.990139, 34.642039], [134.989966, 34.642031], [134.989994, 34.641683], [134.990585, 34.641259], [134.990535, 34.641164], [134.989878, 34.641632], [134.988536, 34.641298], [134.988507, 34.641352], [134.989893, 34.641739], [134.989844, 34.642182], [134.98959, 34.642168], [134.989567, 34.64232], [134.988861, 34.642223], [134.988817, 34.642127], [134.988543, 34.641859], [134.988305, 34.641859], [134.988204, 34.641471], [134.987836, 34.641495], [134.987829, 34.641626], [134.987338, 34.641638], [134.987316, 34.641531], [134.987064, 34.641519], [134.987059, 34.641497], [134.987028, 34.641364], [134.986754, 34.641364], [134.986754, 34.64165], [134.985743, 34.641686], [134.985714, 34.641316], [134.985224, 34.64134], [134.985253, 34.641763], [134.983439, 34.641928], [134.981536, 34.642073], [134.981783, 34.64145], [134.982721, 34.641056], [134.982627, 34.640889], [134.981559, 34.641307], [134.981348, 34.641937], [134.981148, 34.641986], [134.980903, 34.642067], [134.980703, 34.642159], [134.980276, 34.642365], [134.979977, 34.642479], [134.979512, 34.642638], [134.978947, 34.642803], [134.978481, 34.642955], [134.978378, 34.642999], [134.97845, 34.643179], [134.978626, 34.643324], [134.978588, 34.643501], [134.978575, 34.643741], [134.978878, 34.644063], [134.979268, 34.644261], [134.982807, 34.64702], [134.982397, 34.647379], [134.982234, 34.647077], [134.981213, 34.646234], [134.980873, 34.646161], [134.97748, 34.643647], [134.977921, 34.643283], [134.977568, 34.643095], [134.977077, 34.643303], [134.976737, 34.643123], [134.976519, 34.64314], [134.976391, 34.643149], [134.976281, 34.643182], [134.976218, 34.643274], [134.976152, 34.643288], [134.97609, 34.6433], [134.975818, 34.643489], [134.975799, 34.643496], [134.975019, 34.643765], [134.974285, 34.643904], [134.974147, 34.643889], [134.974121, 34.643884], [134.973847, 34.643825], [134.973645, 34.64371], [134.973443, 34.643574], [134.97318, 34.643321], [134.972661, 34.643603], [134.972471, 34.643708], [134.972541, 34.643815], [134.971574, 34.644352], [134.971699, 34.644558], [134.969205, 34.645846], [134.969383, 34.646072], [134.969391, 34.646083], [134.969378, 34.64612], [134.969354, 34.646157], [134.969239, 34.646118], [134.969188, 34.646101], [134.969104, 34.646085], [134.967742, 34.646838], [134.966824, 34.647381], [134.966778, 34.647327], [134.966596, 34.647417], [134.966019, 34.646676], [134.966071, 34.646599], [134.966426, 34.64627], [134.966281, 34.646163], [134.966053, 34.646353], [134.965866, 34.646351], [134.965863, 34.64627], [134.965621, 34.646234], [134.965416, 34.646268], [134.963626, 34.647199], [134.963961, 34.648419], [134.963339, 34.648998], [134.96318, 34.649123], [134.962961, 34.649229], [134.962588, 34.649293], [134.962352, 34.649336], [134.962259, 34.649378], [134.96195, 34.649641], [134.961585, 34.649886], [134.961319, 34.649988], [134.960813, 34.650084], [134.960654, 34.650127], [134.960538, 34.650184], [134.960349, 34.650333], [134.959941, 34.650588], [134.959555, 34.650764], [134.958958, 34.651023], [134.959164, 34.651289], [134.958561, 34.651656], [134.958505, 34.651683], [134.95847, 34.651683], [134.958434, 34.651683], [134.958363, 34.651596], [134.957865, 34.651889], [134.957899, 34.651942], [134.957734, 34.652068], [134.957533, 34.652151], [134.957227, 34.651845], [134.956924, 34.652253], [134.95654, 34.652594], [134.956256, 34.652775], [134.955992, 34.652869], [134.955683, 34.652924], [134.955634, 34.652876], [134.955617, 34.65301], [134.955585, 34.653211], [134.955531, 34.653387], [134.955421, 34.653585], [134.955234, 34.653833], [134.955039, 34.653966], [134.9547, 34.654046], [134.954431, 34.654075], [134.95427, 34.654145], [134.954203, 34.654084], [134.954061, 34.654287], [134.953966, 34.654502], [134.953868, 34.654687], [134.953703, 34.654877], [134.953468, 34.655104], [134.953192, 34.65528], [134.953035, 34.655359], [134.953307, 34.655615], [134.952928, 34.656034], [134.952498, 34.656404], [134.952259, 34.656589], [134.952139, 34.656656], [134.951807, 34.656723], [134.951611, 34.656784], [134.951462, 34.656888], [134.951347, 34.65695], [134.951178, 34.657026], [134.950933, 34.657103], [134.950777, 34.657184], [134.95075, 34.657235], [134.950716, 34.657492], [134.950653, 34.657704], [134.950584, 34.657795], [134.950348, 34.657951], [134.950153, 34.658037], [134.950096, 34.658084], [134.949866, 34.658364], [134.949772, 34.658439], [134.949611, 34.658453], [134.949443, 34.658291], [134.949243, 34.658483], [134.948847, 34.658739], [134.948635, 34.658815], [134.948285, 34.65891], [134.948107, 34.659], [134.947986, 34.659142], [134.947906, 34.659284], [134.947751, 34.659432], [134.947619, 34.659531], [134.947259, 34.659649], [134.94705, 34.659425], [134.946948, 34.659669], [134.946813, 34.65983], [134.946738, 34.659906], [134.946422, 34.660096], [134.946261, 34.660209], [134.946124, 34.660352], [134.946015, 34.660461], [134.945762, 34.660575], [134.945615, 34.660617], [134.945688, 34.660691], [134.945681, 34.661033], [134.945653, 34.661092], [134.945423, 34.661249], [134.945239, 34.661365], [134.945086, 34.661492], [134.944924, 34.661628], [134.944745, 34.661699], [134.944497, 34.661764], [134.94422, 34.661792], [134.943995, 34.661587], [134.943883, 34.661799], [134.943775, 34.662009], [134.943718, 34.662121], [134.94366, 34.662185], [134.943498, 34.662345], [134.943357, 34.662472], [134.943236, 34.662551], [134.943044, 34.662627], [134.942792, 34.662686], [134.942644, 34.662689], [134.942568, 34.662755], [134.942966, 34.663142], [134.942913, 34.663248], [134.942832, 34.663334], [134.942606, 34.663456], [134.942894, 34.663771], [134.942893, 34.664349], [134.942685, 34.665098], [134.942232, 34.665083], [134.94249, 34.66438], [134.942528, 34.663787], [134.942424, 34.663572], [134.942298, 34.663594], [134.942224, 34.6636], [134.942063, 34.663718], [134.941948, 34.663791], [134.941862, 34.663808], [134.941784, 34.663829], [134.941713, 34.663865], [134.941518, 34.664032], [134.941354, 34.66414], [134.941247, 34.664178], [134.941045, 34.664252], [134.940924, 34.66434], [134.940665, 34.66452], [134.940505, 34.664582], [134.94035, 34.66461], [134.940109, 34.664719], [134.939948, 34.664852], [134.939575, 34.66518], [134.939383, 34.665313], [134.93911, 34.665502], [134.938239, 34.666065], [134.93754, 34.665346], [134.937414, 34.665711], [134.937207, 34.666114], [134.937058, 34.666318], [134.936972, 34.666404], [134.936404, 34.666636], [134.936177, 34.666703], [134.936039, 34.666703], [134.935913, 34.666745], [134.935764, 34.666836], [134.93539, 34.66713], [134.934885, 34.667543], [134.934083, 34.668188], [134.933195, 34.66888], [134.93269, 34.669271], [134.932356, 34.669469], [134.931873, 34.66972], [134.931506, 34.669915], [134.931098, 34.670117], [134.930738, 34.670287], [134.93054, 34.670398], [134.930335, 34.67049], [134.930061, 34.670589], [134.929788, 34.670758], [134.929574, 34.670886], [134.929258, 34.671104], [134.928958, 34.671302], [134.928676, 34.671478], [134.928334, 34.671662], [134.927606, 34.671994], [134.926828, 34.672269], [134.926554, 34.672375], [134.926371, 34.672506], [134.926218, 34.67255], [134.925317, 34.672792], [134.925102, 34.672864], [134.924831, 34.672958], [134.924414, 34.673107], [134.924191, 34.673187], [134.92357, 34.673436], [134.923277, 34.673551], [134.923019, 34.673642], [134.922679, 34.673726], [134.922508, 34.673765], [134.92232, 34.673801], [134.921992, 34.673819], [134.921175, 34.673808], [134.92089, 34.673801], [134.920746, 34.673826], [134.920628, 34.67387], [134.92044, 34.673974], [134.920241, 34.674103], [134.919983, 34.674279], [134.919813, 34.674377], [134.919642, 34.674467], [134.919414, 34.674565], [134.919121, 34.674655], [134.918609, 34.674774], [134.917003, 34.675183], [134.916592, 34.675274], [134.916387, 34.675306], [134.91615, 34.675317], [134.915972, 34.675288], [134.915631, 34.675223], [134.915467, 34.675192], [134.91541, 34.675192], [134.914937, 34.674561], [134.914811, 34.674611], [134.915004, 34.674907], [134.914952, 34.675016], [134.914841, 34.675137], [134.914584, 34.675285], [134.914294, 34.675433], [134.914135, 34.675454], [134.913974, 34.675472], [134.913744, 34.675136], [134.913591, 34.675198], [134.913943, 34.675716], [134.913831, 34.675786], [134.913651, 34.675835], [134.91342, 34.675863], [134.913164, 34.675856], [134.912984, 34.675807], [134.912813, 34.675736], [134.912728, 34.675645], [134.912339, 34.675645], [134.912337, 34.675488], [134.912031, 34.67548], [134.91174, 34.675452], [134.911616, 34.675791], [134.911288, 34.675789], [134.911203, 34.675776], [134.911125, 34.675753], [134.910961, 34.675692], [134.909811, 34.676399], [134.909731, 34.676325], [134.909723, 34.676264], [134.909958, 34.676111], [134.909888, 34.675988], [134.910073, 34.675904], [134.910296, 34.675804], [134.910348, 34.675846], [134.910666, 34.675703], [134.910669, 34.675636], [134.910925, 34.675444], [134.910881, 34.675399], [134.910645, 34.675551], [134.91023, 34.675417], [134.90914, 34.676064], [134.908575, 34.675399], [134.908567, 34.675338], [134.909538, 34.674746], [134.909723, 34.674768], [134.91012, 34.674487], [134.910118, 34.67439], [134.909285, 34.674311], [134.907694, 34.675291], [134.907645, 34.675494], [134.908542, 34.676563], [134.9084, 34.676666], [134.908255, 34.676766], [134.908075, 34.676872], [134.907982, 34.676681], [134.907776, 34.676575], [134.907657, 34.67642], [134.907606, 34.676596], [134.907541, 34.676771], [134.907378, 34.676997], [134.907096, 34.677266], [134.906848, 34.677506], [134.906557, 34.677724], [134.906301, 34.677816], [134.906284, 34.677986], [134.906258, 34.67819], [134.906156, 34.678395], [134.905984, 34.67867], [134.905762, 34.678903], [134.905514, 34.679101], [134.905249, 34.679249], [134.905053, 34.679313], [134.90542, 34.67956], [134.905224, 34.679772], [134.905076, 34.679957], [134.904854, 34.680246], [134.904589, 34.680507], [134.904299, 34.68086], [134.904017, 34.68122], [134.904068, 34.681248], [134.903931, 34.681531], [134.903718, 34.681806], [134.903452, 34.682074], [134.903119, 34.682378], [134.902674, 34.682689], [134.902512, 34.682759], [134.902238, 34.682562], [134.902255, 34.682787], [134.902136, 34.683056], [134.902016, 34.683274], [134.901811, 34.683451], [134.901616, 34.683568], [134.901342, 34.683723], [134.901061, 34.683836], [134.900873, 34.683858], [134.900701, 34.683851], [134.900556, 34.683808], [134.900359, 34.683787], [134.900197, 34.683815], [134.900069, 34.683893], [134.900701, 34.684359], [134.90053, 34.684535], [134.900539, 34.684613], [134.900568, 34.684699], [134.900445, 34.684655], [134.900368, 34.684641], [134.900265, 34.684705], [134.900137, 34.684811], [134.900026, 34.684917], [134.900009, 34.684973], [134.900026, 34.685051], [134.899992, 34.685093], [134.899915, 34.685136], [134.899641, 34.685199], [134.899479, 34.68527], [134.899402, 34.685347], [134.899282, 34.685516], [134.899171, 34.685629], [134.898991, 34.685799], [134.898821, 34.685975], [134.89859, 34.686159], [134.898384, 34.686343], [134.898111, 34.686604], [134.897718, 34.686921], [134.897393, 34.687218], [134.897136, 34.687388], [134.896914, 34.6875], [134.896786, 34.687571], [134.896765, 34.687651], [134.896722, 34.68773], [134.896678, 34.687866], [134.896661, 34.687916], [134.8966, 34.687937], [134.896453, 34.687951], [134.896366, 34.688002], [134.895759, 34.688474], [134.895707, 34.688546], [134.895707, 34.688625], [134.895785, 34.688696], [134.895575, 34.688833], [134.896396, 34.69027], [134.895969, 34.690528], [134.895103, 34.689141], [134.895004, 34.689205], [134.894865, 34.689141], [134.894753, 34.689141], [134.894657, 34.689176], [134.894536, 34.689248], [134.894406, 34.689298], [134.894319, 34.689334], [134.89425, 34.689406], [134.894163, 34.689463], [134.893946, 34.689606], [134.893833, 34.689656], [134.893719, 34.689777], [134.893563, 34.689906], [134.893467, 34.690049], [134.89345, 34.690164], [134.893328, 34.690264], [134.893268, 34.690185], [134.893216, 34.690142], [134.893164, 34.690178], [134.892999, 34.690285], [134.892773, 34.6905], [134.892895, 34.690636], [134.892418, 34.69113], [134.892053, 34.691467], [134.891993, 34.691417], [134.891464, 34.691947], [134.890912, 34.692389], [134.8906, 34.692554], [134.890209, 34.692755], [134.889776, 34.692898], [134.889359, 34.692991], [134.889084, 34.69301], [134.888158, 34.692059], [134.88783, 34.692246], [134.888701, 34.693238], [134.888597, 34.693319], [134.88859, 34.693392], [134.886358, 34.694823], [134.886347, 34.694829], [134.886284, 34.694811], [134.886086, 34.694369], [134.886094, 34.694309], [134.88618, 34.694168], [134.886131, 34.694084], [134.886786, 34.693607], [134.886893, 34.693701], [134.887596, 34.693221], [134.88652, 34.692092], [134.885577, 34.691997], [134.885566, 34.692081], [134.886482, 34.692181], [134.887148, 34.69291], [134.886936, 34.693056], [134.886839, 34.692971], [134.886207, 34.693464], [134.886118, 34.693399], [134.885711, 34.693727], [134.885054, 34.693098], [134.884882, 34.693225], [134.8848, 34.693286], [134.885474, 34.693933], [134.884849, 34.694581], [134.884466, 34.694904], [134.882344, 34.696518], [134.882185, 34.696364], [134.880685, 34.697391], [134.880885, 34.697703], [134.879966, 34.698186], [134.879834, 34.698015], [134.878597, 34.698672], [134.878146, 34.698911], [134.878261, 34.699086], [134.875702, 34.700438], [134.87563, 34.700424], [134.875141, 34.700685], [134.874806, 34.700371], [134.874701, 34.699989], [134.874596, 34.699999], [134.874744, 34.700551], [134.874611, 34.700634], [134.874524, 34.700546], [134.872564, 34.70147], [134.872587, 34.701509], [134.873205, 34.702473], [134.874113, 34.703384], [134.874529, 34.702983], [134.877931, 34.701886], [134.880036, 34.705651], [134.880878, 34.707077], [134.882802, 34.706261], [134.884012, 34.707924], [134.883178, 34.709015], [134.884471, 34.709668], [134.885431, 34.710788], [134.887024, 34.711971], [134.88702, 34.710062], [134.890167, 34.710137], [134.890169, 34.710592], [134.890918, 34.710653], [134.89064, 34.711988], [134.891162, 34.711986], [134.890856, 34.713358], [134.891101, 34.713557], [134.891032, 34.713672], [134.890719, 34.713702], [134.890375, 34.714388], [134.889887, 34.714333], [134.889953, 34.71359], [134.888109, 34.713482], [134.887104, 34.714028], [134.886059, 34.713803], [134.88481, 34.714321], [134.885125, 34.714691], [134.884195, 34.715335], [134.88446, 34.715613], [134.884643, 34.715846], [134.884696, 34.716072], [134.884711, 34.716361], [134.884749, 34.716575], [134.884829, 34.716926], [134.88486, 34.71714], [134.884936, 34.717392], [134.884943, 34.717731], [134.884944, 34.717744]], [[134.91892, 34.695473], [134.918755, 34.694842], [134.917656, 34.693947], [134.917092, 34.694282], [134.916198, 34.69372], [134.916196, 34.69332], [134.916072, 34.692955], [134.915586, 34.69289], [134.914819, 34.693392], [134.914007, 34.692929], [134.913883, 34.692463], [134.91457, 34.692195], [134.914162, 34.691564], [134.913794, 34.691], [134.913348, 34.690935], [134.912499, 34.691071], [134.911808, 34.690641], [134.911446, 34.690908], [134.911402, 34.69031], [134.909665, 34.690981], [134.909137, 34.69065], [134.908896, 34.69105], [134.907925, 34.691187], [134.907189, 34.689858], [134.906701, 34.689494], [134.903595, 34.691468], [134.903107, 34.69107], [134.902824, 34.691204], [134.901806, 34.690143], [134.902007, 34.689843], [134.901722, 34.689611], [134.904183, 34.688039], [134.903898, 34.687707], [134.906399, 34.686102], [134.907088, 34.686232], [134.908065, 34.687127], [134.910296, 34.687951], [134.912283, 34.688576], [134.913052, 34.688507], [134.912966, 34.687543], [134.912513, 34.686147], [134.91267, 34.685315], [134.913317, 34.685113], [134.913433, 34.684281], [134.915012, 34.684209], [134.914398, 34.68308], [134.91634, 34.682807], [134.916092, 34.681876], [134.91767, 34.681737], [134.918038, 34.682368], [134.918564, 34.6823], [134.918689, 34.683064], [134.918454, 34.684496], [134.918662, 34.685427], [134.920476, 34.684023], [134.92043, 34.683058], [134.921402, 34.683121], [134.920303, 34.682061], [134.919654, 34.681863], [134.918072, 34.681237], [134.917257, 34.680308], [134.920284, 34.6787], [134.922829, 34.677727], [134.924528, 34.677454], [134.927275, 34.676646], [134.930406, 34.678997], [134.931215, 34.678961], [134.932391, 34.679289], [134.933203, 34.679719], [134.934134, 34.679848], [134.933411, 34.680716], [134.932853, 34.682248], [134.932327, 34.68235], [134.932249, 34.682916], [134.931967, 34.68305], [134.931688, 34.683783], [134.932988, 34.684577], [134.932066, 34.68621], [134.92952, 34.686985], [134.930541, 34.688511], [134.929083, 34.68845], [134.929452, 34.689314], [134.923074, 34.692631], [134.91892, 34.695473]], [[134.93649, 34.672562], [134.938584, 34.671474], [134.938471, 34.670904], [134.937953, 34.669765], [134.942373, 34.666942], [134.942577, 34.667406], [134.942872, 34.667976], [134.94277, 34.669117], [134.942519, 34.670048], [134.942651, 34.670633], [134.943496, 34.67159], [134.945442, 34.670202], [134.945528, 34.669331], [134.947753, 34.668948], [134.948672, 34.66995], [134.949823, 34.670021], [134.950251, 34.6714], [134.949049, 34.672035], [134.948646, 34.671736], [134.948338, 34.672112], [134.947644, 34.672115], [134.947555, 34.672596], [134.947775, 34.67261], [134.947959, 34.672864], [134.947722, 34.67297], [134.947761, 34.67333], [134.947122, 34.673423], [134.946366, 34.67215], [134.946057, 34.672346], [134.94626, 34.672736], [134.945932, 34.672947], [134.945546, 34.672408], [134.944945, 34.672666], [134.944983, 34.673026], [134.945203, 34.673085], [134.945333, 34.673414], [134.944986, 34.673431], [134.94501, 34.674406], [134.943073, 34.674278], [134.941485, 34.674329], [134.940972, 34.673911], [134.940202, 34.673449], [134.939252, 34.673377], [134.937756, 34.673623], [134.93649, 34.672562]]]}}, {"type": "Feature", "id": "did-1990-44", "properties": {"A16_001": "282031", "A16_002": "28203", "A16_003": "明石市", "A16_004": "1", "A16_005": "259991", "A16_006": "35.30", "A16_007": "246099", "A16_008": "30.50", "A16_009": "96.00", "A16_010": "72.00", "A16_011": "1990", "year": 1990, "population": 259991.0, "areaKm2": 35.3, "density": 7365.184135977338}, "geometry": {"type": "Polygon", "coordinates": [[[134.994448, 34.644522], [134.994462, 34.644311], [134.994469, 34.644209], [134.994393, 34.643994], [134.993533, 34.643933], [134.993288, 34.643393], [134.992638, 34.643269], [134.992563, 34.643364], [134.992497, 34.643357], [134.992481, 34.643291], [134.992366, 34.643267], [134.991951, 34.643591], [134.991206, 34.643436], [134.991181, 34.643295], [134.99112, 34.643248], [134.990858, 34.643117], [134.990814, 34.642974], [134.990699, 34.642986], [134.990699, 34.643052], [134.990302, 34.643028], [134.990309, 34.643708], [134.991081, 34.644298], [134.991543, 34.644257], [134.991594, 34.644328], [134.993068, 34.644502], [134.993551, 34.644548], [134.99437, 34.644564], [134.994448, 34.644522]]]}}, {"type": "Feature", "id": "did-1990-45", "properties": {"A16_001": "282031", "A16_002": "28203", "A16_003": "明石市", "A16_004": "1", "A16_005": "259991", "A16_006": "35.30", "A16_007": "246099", "A16_008": "30.50", "A16_009": "96.00", "A16_010": "72.00", "A16_011": "1990", "year": 1990, "population": 259991.0, "areaKm2": 35.3, "density": 7365.184135977338}, "geometry": {"type": "Polygon", "coordinates": [[[134.862868, 34.689881], [134.862965, 34.690039], [134.863764, 34.691345], [134.863839, 34.691468], [134.863934, 34.691624], [134.864057, 34.691823], [134.864274, 34.692179], [134.864406, 34.692395], [134.864648, 34.69279], [134.86472, 34.692908], [134.864877, 34.693164], [134.864996, 34.693359], [134.864917, 34.693425], [134.864966, 34.693511], [134.866032, 34.695358], [134.866618, 34.696374], [134.867638, 34.696028], [134.867702, 34.696121], [134.868002, 34.696141], [134.86891, 34.695837], [134.870305, 34.698512], [134.868351, 34.699192], [134.868346, 34.699194], [134.869021, 34.700303], [134.869354, 34.700849], [134.869738, 34.701479], [134.869836, 34.701445], [134.87209, 34.70073], [134.872244, 34.700645], [134.874494, 34.699491], [134.874462, 34.699191], [134.876849, 34.697637], [134.880612, 34.695129], [134.880808, 34.694998], [134.883387, 34.692592], [134.884039, 34.691919], [134.883476, 34.691301], [134.880625, 34.688052], [134.879516, 34.686789], [134.877569, 34.684539], [134.872245, 34.686397], [134.862868, 34.689881]]]}}, {"type": "Feature", "id": "did-1990-46", "properties": {"A16_001": "282031", "A16_002": "28203", "A16_003": "明石市", "A16_004": "1", "A16_005": "259991", "A16_006": "35.30", "A16_007": "246099", "A16_008": "30.50", "A16_009": "96.00", "A16_010": "72.00", "A16_011": "1990", "year": 1990, "population": 259991.0, "areaKm2": 35.3, "density": 7365.184135977338}, "geometry": {"type": "Polygon", "coordinates": [[[134.953014, 34.687621], [134.953089, 34.68845], [134.953301, 34.688992], [134.954013, 34.688876], [134.954103, 34.689389], [134.954415, 34.689216], [134.954413, 34.688873], [134.954725, 34.688729], [134.953744, 34.687561], [134.953014, 34.687621]]]}}, {"type": "Feature", "id": "did-1990-47", "properties": {"A16_001": "282041", "A16_002": "28204", "A16_003": "西宮市", "A16_004": "1", "A16_005": "397893", "A16_006": "36.60", "A16_007": "398016", "A16_008": "36.60", "A16_009": "93.20", "A16_010": "37.00", "A16_011": "1990", "year": 1990, "population": 397893.0, "areaKm2": 36.6, "density": 10871.39344262295}, "geometry": {"type": "Polygon", "coordinates": [[[135.342094, 34.776791], [135.34232, 34.776441], [135.342349, 34.77625], [135.342294, 34.77577], [135.34228, 34.775609], [135.342381, 34.775448], [135.342468, 34.775341], [135.342757, 34.775258], [135.343046, 34.775204], [135.343601, 34.775072], [135.344214, 34.774926], [135.344337, 34.774893], [135.344814, 34.774765], [135.345115, 34.774687], [135.346022, 34.774449], [135.346139, 34.774421], [135.346217, 34.774403], [135.34634, 34.774373], [135.346351, 34.774371], [135.346398, 34.774359], [135.3466, 34.774354], [135.346832, 34.774395], [135.346979, 34.774439], [135.346986, 34.774441], [135.347114, 34.774479], [135.347396, 34.774551], [135.347519, 34.774563], [135.34762, 34.774551], [135.347848, 34.774458], [135.347931, 34.774407], [135.348013, 34.774357], [135.348014, 34.774357], [135.348158, 34.774237], [135.348274, 34.774094], [135.34853, 34.77397], [135.348802, 34.773838], [135.348918, 34.773769], [135.348965, 34.773741], [135.349091, 34.773665], [135.349214, 34.773504], [135.349412, 34.773441], [135.349481, 34.773419], [135.349543, 34.773399], [135.351148, 34.773381], [135.351654, 34.773399], [135.351888, 34.773361], [135.351942, 34.773351], [135.352018, 34.773339], [135.352262, 34.773298], [135.352938, 34.773265], [135.35301, 34.773241], [135.35309, 34.77317], [135.353249, 34.772889], [135.353466, 34.772454], [135.353551, 34.772271], [135.353566, 34.772238], [135.353591, 34.772187], [135.35364, 34.77208], [135.353647, 34.772066], [135.353907, 34.772168], [135.354012, 34.772221], [135.354399, 34.772418], [135.354919, 34.772722], [135.355772, 34.773275], [135.356195, 34.773549], [135.356875, 34.773972], [135.357133, 34.774122], [135.357266, 34.774199], [135.357348, 34.774234], [135.357576, 34.77433], [135.357607, 34.774343], [135.357699, 34.774384], [135.357947, 34.774456], [135.357963, 34.77446], [135.357967, 34.774461], [135.358455, 34.774587], [135.358639, 34.774634], [135.35925, 34.774764], [135.35972, 34.774864], [135.360349, 34.775025], [135.360536, 34.77509], [135.361211, 34.775326], [135.36201, 34.775605], [135.362041, 34.775616], [135.362641, 34.775842], [135.362851, 34.775934], [135.362895, 34.775953], [135.363274, 34.776119], [135.363759, 34.776257], [135.36385, 34.776268], [135.364286, 34.776322], [135.364479, 34.776327], [135.364966, 34.77634], [135.365508, 34.776334], [135.36621, 34.776293], [135.366427, 34.776274], [135.366835, 34.776194], [135.367428, 34.776033], [135.367956, 34.775908], [135.368212, 34.775838], [135.368585, 34.775735], [135.368751, 34.775681], [135.36912, 34.775556], [135.369424, 34.775443], [135.369608, 34.775346], [135.36972, 34.775288], [135.37019, 34.774977], [135.37033, 34.774858], [135.370639, 34.774596], [135.370754, 34.774478], [135.370903, 34.774328], [135.370986, 34.774244], [135.371042, 34.774213], [135.371051, 34.774208], [135.371205, 34.774309], [135.371434, 34.774459], [135.371456, 34.774524], [135.371386, 34.774669], [135.371376, 34.774691], [135.371266, 34.774794], [135.371192, 34.774863], [135.371066, 34.77498], [135.370992, 34.775049], [135.370837, 34.775193], [135.370763, 34.775262], [135.370602, 34.775413], [135.370536, 34.775474], [135.370381, 34.775619], [135.370375, 34.775624], [135.370301, 34.775679], [135.370057, 34.775856], [135.369976, 34.775916], [135.36981, 34.776037], [135.369746, 34.776084], [135.369721, 34.776103], [135.369594, 34.776203], [135.36955, 34.776311], [135.369558, 34.77643], [135.369652, 34.776746], [135.369646, 34.776871], [135.369641, 34.776998], [135.369635, 34.777118], [135.36963, 34.777247], [135.369735, 34.777471], [135.369966, 34.77796], [135.370009, 34.778133], [135.369995, 34.778329], [135.369706, 34.779116], [135.369615, 34.779364], [135.369109, 34.780909], [135.369116, 34.780987], [135.369247, 34.781166], [135.369594, 34.781224], [135.37046, 34.78137], [135.370664, 34.781404], [135.370414, 34.782196], [135.37035, 34.782398], [135.370348, 34.782405], [135.37033, 34.782461], [135.370241, 34.782743], [135.370426, 34.782896], [135.370477, 34.782939], [135.370552, 34.783], [135.371001, 34.78336], [135.371021, 34.783375], [135.371155, 34.783483], [135.371275, 34.783579], [135.371583, 34.783829], [135.371609, 34.783851], [135.371858, 34.784053], [135.372018, 34.784183], [135.3722, 34.784331], [135.372257, 34.784375], [135.372359, 34.784454], [135.372359, 34.784454], [135.372469, 34.784269], [135.372693, 34.783863], [135.372748, 34.783701], [135.372816, 34.783499], [135.372939, 34.783166], [135.373055, 34.782855], [135.373163, 34.782309], [135.373264, 34.782076], [135.373359, 34.781737], [135.37338, 34.781522], [135.37345, 34.78123], [135.37345, 34.78123], [135.373496, 34.781039], [135.373785, 34.780046], [135.373831, 34.779793], [135.37385, 34.779688], [135.373915, 34.779253], [135.373947, 34.779017], [135.373951, 34.778984], [135.37393, 34.778781], [135.373928, 34.778724], [135.373923, 34.778596], [135.37398, 34.777728], [135.373995, 34.777108], [135.374038, 34.776888], [135.374039, 34.776714], [135.374041, 34.776661], [135.37405, 34.776429], [135.374052, 34.776391], [135.374073, 34.775863], [135.374075, 34.775831], [135.374081, 34.775796], [135.374111, 34.775641], [135.374108, 34.775573], [135.374104, 34.775477], [135.374133, 34.775071], [135.374154, 34.774827], [135.374161, 34.77463], [135.374147, 34.774415], [135.374118, 34.774212], [135.37414, 34.773747], [135.374176, 34.773574], [135.374176, 34.773201], [135.374147, 34.772921], [135.374147, 34.772724], [135.374125, 34.772539], [135.374133, 34.772354], [135.374151, 34.771615], [135.374154, 34.771471], [135.374186, 34.771154], [135.374219, 34.770812], [135.374234, 34.770609], [135.374284, 34.770407], [135.374299, 34.770216], [135.374357, 34.769733], [135.374364, 34.76956], [135.374342, 34.769357], [135.374335, 34.769202], [135.37433, 34.769019], [135.374321, 34.768689], [135.374332, 34.768611], [135.374349, 34.768495], [135.374342, 34.76831], [135.374323, 34.767755], [135.374321, 34.767678], [135.374309, 34.767432], [135.374299, 34.767236], [135.374313, 34.767111], [135.374313, 34.766568], [135.374305, 34.766512], [135.37427, 34.766285], [135.374215, 34.766009], [135.374154, 34.765701], [135.374161, 34.765528], [135.374134, 34.765361], [135.374111, 34.765217], [135.374017, 34.764949], [135.373899, 34.764493], [135.373869, 34.764375], [135.373837, 34.764253], [135.373836, 34.764251], [135.373778, 34.764033], [135.373684, 34.763586], [135.373598, 34.76321], [135.373569, 34.763007], [135.373489, 34.762638], [135.373468, 34.7625], [135.373424, 34.762304], [135.37341, 34.762125], [135.373366, 34.76197], [135.37333, 34.761752], [135.373272, 34.761448], [135.373237, 34.761054], [135.373229, 34.760964], [135.373224, 34.760812], [135.373222, 34.760756], [135.373224, 34.760661], [135.373236, 34.76007], [135.373207, 34.759891], [135.373222, 34.759706], [135.373222, 34.759351], [135.373207, 34.759071], [135.373229, 34.758886], [135.373251, 34.758206], [135.373294, 34.7578], [135.373318, 34.75759], [135.373352, 34.757299], [135.37341, 34.756956], [135.373481, 34.756693], [135.373506, 34.756602], [135.373518, 34.756557], [135.373612, 34.755894], [135.373661, 34.755676], [135.373706, 34.755471], [135.373719, 34.755388], [135.3738, 34.754868], [135.373894, 34.754517], [135.373948, 34.754254], [135.373966, 34.754165], [135.374089, 34.753634], [135.374147, 34.753479], [135.374242, 34.753245], [135.374488, 34.752748], [135.374527, 34.752683], [135.374589, 34.752581], [135.374719, 34.752277], [135.374876, 34.751814], [135.374993, 34.751469], [135.375289, 34.750311], [135.375593, 34.749318], [135.375696, 34.748997], [135.375746, 34.748841], [135.375824, 34.748596], [135.375976, 34.748042], [135.376043, 34.747868], [135.376149, 34.747588], [135.376224, 34.747241], [135.376229, 34.74722], [135.376409, 34.7466], [135.376547, 34.746072], [135.376728, 34.745475], [135.376886, 34.745159], [135.376988, 34.744986], [135.377007, 34.74494], [135.377088, 34.744746], [135.377226, 34.744414], [135.377315, 34.744242], [135.377629, 34.743638], [135.377652, 34.743593], [135.378223, 34.742663], [135.378254, 34.742616], [135.37867, 34.741995], [135.378938, 34.741556], [135.379212, 34.741091], [135.379855, 34.740168], [135.380007, 34.739918], [135.380072, 34.73981], [135.380274, 34.739351], [135.380429, 34.739068], [135.380476, 34.738983], [135.380573, 34.738674], [135.380573, 34.738673], [135.380649, 34.738428], [135.380664, 34.73838], [135.380729, 34.73794], [135.380754, 34.737617], [135.380758, 34.737571], [135.380795, 34.73702], [135.380801, 34.736926], [135.380787, 34.736451], [135.380784, 34.736217], [135.38078, 34.735902], [135.380686, 34.735092], [135.380534, 34.734174], [135.380481, 34.734007], [135.380442, 34.733888], [135.380263, 34.733335], [135.380202, 34.733146], [135.379949, 34.732365], [135.379876, 34.732076], [135.379827, 34.731884], [135.379714, 34.731439], [135.379689, 34.73134], [135.379617, 34.730875], [135.379633, 34.730715], [135.379661, 34.730435], [135.379718, 34.730101], [135.379754, 34.729951], [135.379798, 34.729767], [135.379993, 34.729267], [135.380289, 34.728667], [135.380484, 34.728309], [135.380751, 34.727951], [135.381445, 34.727177], [135.382355, 34.726109], [135.382718, 34.725686], [135.382723, 34.72568], [135.383103, 34.725068], [135.38326, 34.724818], [135.383716, 34.724096], [135.383919, 34.723774], [135.384034, 34.723477], [135.384172, 34.723059], [135.384266, 34.722655], [135.384294, 34.72253], [135.384316, 34.722244], [135.384316, 34.721864], [135.384316, 34.721755], [135.384312, 34.721728], [135.384304, 34.721682], [135.384299, 34.721653], [135.384266, 34.721462], [135.384242, 34.72138], [135.384179, 34.721164], [135.384013, 34.720746], [135.383414, 34.719356], [135.383327, 34.719154], [135.383275, 34.71902], [135.383051, 34.718437], [135.382987, 34.718271], [135.38266, 34.717532], [135.382337, 34.716804], [135.382284, 34.716674], [135.382193, 34.716448], [135.382156, 34.716359], [135.382113, 34.716251], [135.382112, 34.71625], [135.382086, 34.716186], [135.382044, 34.716084], [135.382005, 34.715988], [135.38197, 34.715903], [135.381926, 34.715793], [135.381881, 34.715669], [135.381578, 34.714836], [135.381348, 34.714203], [135.380857, 34.712729], [135.380488, 34.711614], [135.380351, 34.711366], [135.380348, 34.711356], [135.380313, 34.711252], [135.380313, 34.711252], [135.380197, 34.711298], [135.379875, 34.711358], [135.378105, 34.706695], [135.376877, 34.70512], [135.374287, 34.700454], [135.372585, 34.69638], [135.372107, 34.696491], [135.371188, 34.694187], [135.368928, 34.696396], [135.368587, 34.696395], [135.365105, 34.693802], [135.365037, 34.693577], [135.367399, 34.691453], [135.363204, 34.688338], [135.359848, 34.69142], [135.359718, 34.691543], [135.356988, 34.694034], [135.35394, 34.696815], [135.355934, 34.69832], [135.357636, 34.699608], [135.358699, 34.700421], [135.359655, 34.701153], [135.360534, 34.701091], [135.361325, 34.700361], [135.363251, 34.698761], [135.364719, 34.699945], [135.36299, 34.70164], [135.361608, 34.702914], [135.362176, 34.703235], [135.362082, 34.703419], [135.363657, 34.704868], [135.36367, 34.704883], [135.363722, 34.705027], [135.36372, 34.705161], [135.363655, 34.705299], [135.36362, 34.705392], [135.363614, 34.705434], [135.363833, 34.705307], [135.363561, 34.705769], [135.363218, 34.70629], [135.361844, 34.705887], [135.361355, 34.705841], [135.361046, 34.705863], [135.360728, 34.705917], [135.360502, 34.706013], [135.360223, 34.706191], [135.359929, 34.706489], [135.358633, 34.707926], [135.358689, 34.708061], [135.35876, 34.708162], [135.358808, 34.708272], [135.358641, 34.708241], [135.358368, 34.708119], [135.358264, 34.708108], [135.358196, 34.708155], [135.357901, 34.708577], [135.357798, 34.708662], [135.357536, 34.708779], [135.357181, 34.708853], [135.357129, 34.708903], [135.357094, 34.709047], [135.357064, 34.709175], [135.356983, 34.709295], [135.356275, 34.709985], [135.356137, 34.710076], [135.355803, 34.710265], [135.355559, 34.710464], [135.355464, 34.710572], [135.355164, 34.711004], [135.354988, 34.711236], [135.354928, 34.711337], [135.354885, 34.711413], [135.354833, 34.711633], [135.354804, 34.711666], [135.354729, 34.71171], [135.354401, 34.711793], [135.354306, 34.711832], [135.353977, 34.712091], [135.353552, 34.712468], [135.353359, 34.712613], [135.353169, 34.712732], [135.352963, 34.71286], [135.352834, 34.713006], [135.352628, 34.713154], [135.352491, 34.713285], [135.352298, 34.713564], [135.351968, 34.713874], [135.351156, 34.714571], [135.350966, 34.714714], [135.350781, 34.714814], [135.350515, 34.714886], [135.349653, 34.715013], [135.349545, 34.715017], [135.349421, 34.715003], [135.349059, 34.71467], [135.347627, 34.715737], [135.347512, 34.71582], [135.343747, 34.718547], [135.344267, 34.719284], [135.344443, 34.719218], [135.345866, 34.720092], [135.3462, 34.720073], [135.348273, 34.72146], [135.348342, 34.721506], [135.348411, 34.721551], [135.348789, 34.721801], [135.348814, 34.721918], [135.34861, 34.722159], [135.346926, 34.721178], [135.346773, 34.721076], [135.346668, 34.720928], [135.346534, 34.720836], [135.346313, 34.720705], [135.346032, 34.720577], [135.345936, 34.720704], [135.345942, 34.720818], [135.346018, 34.720961], [135.345356, 34.721582], [135.345163, 34.721559], [135.345123, 34.721348], [135.344898, 34.721379], [135.344761, 34.721402], [135.344629, 34.721425], [135.344527, 34.721443], [135.344611, 34.7219], [135.3443, 34.721948], [135.344181, 34.721811], [135.344302, 34.720827], [135.343209, 34.719676], [135.338941, 34.722268], [135.338928, 34.722502], [135.338844, 34.723955], [135.338584, 34.724099], [135.338459, 34.723959], [135.33823, 34.724098], [135.338357, 34.724239], [135.337813, 34.724565], [135.337737, 34.724472], [135.337307, 34.724553], [135.337358, 34.724736], [135.337076, 34.724906], [135.337154, 34.72499], [135.336758, 34.725202], [135.336693, 34.725147], [135.336161, 34.725454], [135.336264, 34.725562], [135.335889, 34.725788], [135.335955, 34.726545], [135.336138, 34.726678], [135.337426, 34.726673], [135.337461, 34.727107], [135.336145, 34.727151], [135.336099, 34.727161], [135.336032, 34.727199], [135.335927, 34.727188], [135.335833, 34.727176], [135.335769, 34.727164], [135.335651, 34.727173], [135.335561, 34.726677], [135.335466, 34.726268], [135.335354, 34.725793], [135.335278, 34.725633], [135.335199, 34.725511], [135.335112, 34.725412], [135.334921, 34.725176], [135.334775, 34.724928], [135.334366, 34.724187], [135.334305, 34.724086], [135.334656, 34.723949], [135.334787, 34.724248], [135.334886, 34.724216], [135.334805, 34.724], [135.335391, 34.72381], [135.335168, 34.723202], [135.335049, 34.723234], [135.334778, 34.722434], [135.334762, 34.722356], [135.334716, 34.722266], [135.334649, 34.722191], [135.334596, 34.721935], [135.334492, 34.721916], [135.33435, 34.722039], [135.334118, 34.722215], [135.333178, 34.722818], [135.332834, 34.722962], [135.331565, 34.723427], [135.32966, 34.724207], [135.329287, 34.724296], [135.329175, 34.724334], [135.329109, 34.724392], [135.329017, 34.724584], [135.328984, 34.724765], [135.328752, 34.724833], [135.328489, 34.72491], [135.328315, 34.724748], [135.328204, 34.724683], [135.328046, 34.724673], [135.327876, 34.724704], [135.326533, 34.725131], [135.326477, 34.725186], [135.326301, 34.725171], [135.325785, 34.725255], [135.325481, 34.725373], [135.325364, 34.725449], [135.325315, 34.72549], [135.325254, 34.725566], [135.325246, 34.725575], [135.325129, 34.725618], [135.324783, 34.725664], [135.324447, 34.725695], [135.32447, 34.725912], [135.324346, 34.725921], [135.324346, 34.725921], [135.324369, 34.726277], [135.324372, 34.726313], [135.324374, 34.726352], [135.324383, 34.726478], [135.324406, 34.726571], [135.324547, 34.726699], [135.324645, 34.726788], [135.324668, 34.726856], [135.324632, 34.727005], [135.324565, 34.727389], [135.324541, 34.727524], [135.324526, 34.727591], [135.324495, 34.727726], [135.324473, 34.727823], [135.324419, 34.727968], [135.324342, 34.728088], [135.324265, 34.728248], [135.32413, 34.728651], [135.324071, 34.728827], [135.324011, 34.729029], [135.323985, 34.729118], [135.323971, 34.729163], [135.323959, 34.729263], [135.32394, 34.729419], [135.323931, 34.7295], [135.323921, 34.729653], [135.32391, 34.729742], [135.323894, 34.729865], [135.323896, 34.729957], [135.323898, 34.730042], [135.323899, 34.730127], [135.323917, 34.730381], [135.323921, 34.73059], [135.323867, 34.730683], [135.32379, 34.730724], [135.323716, 34.730741], [135.323641, 34.730758], [135.323584, 34.730767], [135.323395, 34.730796], [135.323183, 34.730804], [135.322943, 34.730834], [135.322803, 34.73086], [135.322764, 34.730908], [135.322699, 34.73099], [135.322594, 34.731218], [135.322789, 34.731289], [135.322884, 34.73133], [135.322879, 34.731371], [135.322842, 34.731443], [135.322793, 34.731536], [135.322613, 34.731793], [135.322558, 34.731943], [135.322585, 34.73201], [135.32268, 34.732043], [135.322852, 34.732084], [135.322866, 34.732122], [135.322823, 34.732183], [135.322815, 34.732194], [135.322772, 34.732254], [135.322759, 34.732272], [135.322729, 34.732315], [135.322656, 34.732417], [135.32265, 34.732426], [135.322581, 34.732523], [135.322539, 34.732583], [135.322501, 34.732636], [135.322445, 34.732714], [135.322328, 34.732841], [135.32222, 34.732924], [135.322081, 34.733031], [135.321821, 34.73323], [135.321817, 34.733244], [135.321794, 34.733323], [135.321776, 34.733386], [135.321753, 34.733551], [135.321731, 34.733726], [135.32172, 34.733778], [135.321712, 34.73382], [135.3217, 34.733878], [135.3217, 34.73388], [135.321681, 34.733975], [135.321681, 34.733977], [135.321604, 34.73413], [135.321495, 34.734227], [135.321387, 34.734234], [135.321184, 34.734219], [135.321061, 34.734177], [135.321021, 34.734163], [135.320863, 34.734163], [135.320862, 34.734165], [135.320849, 34.734264], [135.320867, 34.734454], [135.320836, 34.734598], [135.32079, 34.734806], [135.32093, 34.734888], [135.320935, 34.734929], [135.320837, 34.735167], [135.320779, 34.735308], [135.320716, 34.73546], [135.320618, 34.735699], [135.320573, 34.735852], [135.320654, 34.735968], [135.320758, 34.73611], [135.320794, 34.736203], [135.320757, 34.736301], [135.320736, 34.736356], [135.320623, 34.736591], [135.320541, 34.736648], [135.320446, 34.736666], [135.32022, 34.7367], [135.319994, 34.736722], [135.319766, 34.736799], [135.319741, 34.736808], [135.319556, 34.736895], [135.319352, 34.736991], [135.319189, 34.737081], [135.319067, 34.737163], [135.319031, 34.73723], [135.319076, 34.737268], [135.31918, 34.737275], [135.319306, 34.737256], [135.319415, 34.73726], [135.319519, 34.73729], [135.319573, 34.737409], [135.319567, 34.737528], [135.319564, 34.737581], [135.319533, 34.737828], [135.319397, 34.738078], [135.31932, 34.738138], [135.319189, 34.73813], [135.319126, 34.738126], [135.31908, 34.738213], [135.319019, 34.738279], [135.318967, 34.738336], [135.318881, 34.738366], [135.318723, 34.738358], [135.318556, 34.738336], [135.318528, 34.738343], [135.318525, 34.738344], [135.318447, 34.738366], [135.318433, 34.738384], [135.318379, 34.738455], [135.318308, 34.73852], [135.318255, 34.73857], [135.318149, 34.738668], [135.318091, 34.738777], [135.318019, 34.738915], [135.317977, 34.738996], [135.317891, 34.739109], [135.317868, 34.739258], [135.317782, 34.739336], [135.317606, 34.739378], [135.317551, 34.739412], [135.317439, 34.739482], [135.317325, 34.739673], [135.317231, 34.739848], [135.317312, 34.739912], [135.317322, 34.739913], [135.317471, 34.739933], [135.317506, 34.739938], [135.317574, 34.739986], [135.317565, 34.740173], [135.317561, 34.740263], [135.317551, 34.74048], [135.317547, 34.740561], [135.31736, 34.740561], [135.317108, 34.740561], [135.31709, 34.740614], [135.317066, 34.740679], [135.317045, 34.740733], [135.317059, 34.740787], [135.317235, 34.740884], [135.317218, 34.74101], [135.317199, 34.741155], [135.317185, 34.741254], [135.317163, 34.741388], [135.317154, 34.741444], [135.316932, 34.741444], [135.316796, 34.741474], [135.316764, 34.741579], [135.316728, 34.741814], [135.316666, 34.742289], [135.316615, 34.742677], [135.316552, 34.743405], [135.316538, 34.743471], [135.316439, 34.74395], [135.316353, 34.744761], [135.316466, 34.744758], [135.316921, 34.744748], [135.317033, 34.744746], [135.317096, 34.744745], [135.317221, 34.744742], [135.317298, 34.745052], [135.317339, 34.745258], [135.31734, 34.745282], [135.317344, 34.745388], [135.31738, 34.745713], [135.31738, 34.74609], [135.317339, 34.746244], [135.317307, 34.746363], [135.317095, 34.746361], [135.316941, 34.746359], [135.316851, 34.746576], [135.316679, 34.746912], [135.316629, 34.746973], [135.316502, 34.747132], [135.316321, 34.747341], [135.316088, 34.74754], [135.316026, 34.747593], [135.315883, 34.747714], [135.315886, 34.747757], [135.3158, 34.747877], [135.315638, 34.747993], [135.315425, 34.748048], [135.315325, 34.748086], [135.315276, 34.748187], [135.315185, 34.748314], [135.315022, 34.748441], [135.314878, 34.748497], [135.314688, 34.748486], [135.314412, 34.748433], [135.314263, 34.748414], [135.314181, 34.748452], [135.314154, 34.748527], [135.314186, 34.748613], [135.314335, 34.74881], [135.314584, 34.749076], [135.314665, 34.749289], [135.314665, 34.749483], [135.314629, 34.749625], [135.314487, 34.74975], [135.314487, 34.74975], [135.314362, 34.74986], [135.314195, 34.750028], [135.314123, 34.750218], [135.314018, 34.750398], [135.313937, 34.750711], [135.313806, 34.750921], [135.31367, 34.751059], [135.313453, 34.751178], [135.313204, 34.75138], [135.313013, 34.751437], [135.312865, 34.751481], [135.312417, 34.751651], [135.312346, 34.751677], [135.312254, 34.751712], [135.3123, 34.751888], [135.312555, 34.75233], [135.312578, 34.752371], [135.312599, 34.752408], [135.312612, 34.752429], [135.312815, 34.752661], [135.313146, 34.752874], [135.313143, 34.752903], [135.313137, 34.752953], [135.313132, 34.753001], [135.313008, 34.753244], [135.312978, 34.753271], [135.31283, 34.7534], [135.312476, 34.753687], [135.312441, 34.753695], [135.312372, 34.753711], [135.312309, 34.753726], [135.312273, 34.753734], [135.311948, 34.754003], [135.311874, 34.754069], [135.311829, 34.754109], [135.311634, 34.754283], [135.31163, 34.754287], [135.311521, 34.754384], [135.311478, 34.754432], [135.31145, 34.754461], [135.311413, 34.754501], [135.311377, 34.754539], [135.310959, 34.754971], [135.310919, 34.755012], [135.310856, 34.755076], [135.310545, 34.755333], [135.310538, 34.75534], [135.310069, 34.755821], [135.310043, 34.755848], [135.309926, 34.755969], [135.309848, 34.75605], [135.309823, 34.756075], [135.30975, 34.75615], [135.309117, 34.756714], [135.308691, 34.757095], [135.308423, 34.757519], [135.308294, 34.757637], [135.308246, 34.757681], [135.30796, 34.757943], [135.307566, 34.758291], [135.307161, 34.758709], [135.306807, 34.759126], [135.306453, 34.759586], [135.306279, 34.759824], [135.305967, 34.760376], [135.305958, 34.760394], [135.305806, 34.760644], [135.305733, 34.760859], [135.305701, 34.760976], [135.30569, 34.761014], [135.305668, 34.761301], [135.305683, 34.761587], [135.305686, 34.761709], [135.30565, 34.761846], [135.305614, 34.761984], [135.305563, 34.762109], [135.305506, 34.762174], [135.305245, 34.762454], [135.305137, 34.76258], [135.305014, 34.762747], [135.304913, 34.762896], [135.304717, 34.763281], [135.304823, 34.763183], [135.307133, 34.762164], [135.30778, 34.761486], [135.308363, 34.761388], [135.30907, 34.761491], [135.309746, 34.761116], [135.30987, 34.760587], [135.310115, 34.760891], [135.310392, 34.760866], [135.310639, 34.760212], [135.310916, 34.759987], [135.312479, 34.761605], [135.312508, 34.762336], [135.313492, 34.761911], [135.314043, 34.762694], [135.313612, 34.762869], [135.311769, 34.762837], [135.310632, 34.763336], [135.309771, 34.763761], [135.308757, 34.763808], [135.307584, 34.764022], [135.307644, 34.764551], [135.308074, 34.764552], [135.308074, 34.764703], [135.309669, 34.764962], [135.309882, 34.765944], [135.31028, 34.766424], [135.310771, 34.766401], [135.31016, 34.765089], [135.311202, 34.765924], [135.311048, 34.766176], [135.31114, 34.766528], [135.313225, 34.767519], [135.313563, 34.767268], [135.313315, 34.768249], [135.313745, 34.768402], [135.314116, 34.767396], [135.315038, 34.766795], [135.315192, 34.766846], [135.315252, 34.767098], [135.317187, 34.767206], [135.317556, 34.76683], [135.317495, 34.766502], [135.317035, 34.766224], [135.317129, 34.765569], [135.317039, 34.764662], [135.317932, 34.763608], [135.317657, 34.762776], [135.317658, 34.762398], [135.317198, 34.76217], [135.317445, 34.761793], [135.317261, 34.761692], [135.317385, 34.761189], [135.316617, 34.761236], [135.31582, 34.760629], [135.316559, 34.75975], [135.316592, 34.758592], [135.316808, 34.75819], [135.31678, 34.757283], [135.31721, 34.756907], [135.317425, 34.757034], [135.318347, 34.756383], [135.3189, 34.756359], [135.319022, 34.756536], [135.31976, 34.756388], [135.320097, 34.75649], [135.320311, 34.756818], [135.32031, 34.757196], [135.320648, 34.757222], [135.320617, 34.757474], [135.320217, 34.757573], [135.319878, 34.758504], [135.319814, 34.759259], [135.320704, 34.759514], [135.320549, 34.760244], [135.320119, 34.760494], [135.319811, 34.76087], [135.31895, 34.761346], [135.319625, 34.761424], [135.320209, 34.761199], [135.320732, 34.760723], [135.321347, 34.760549], [135.322389, 34.760981], [135.323372, 34.76101], [135.323772, 34.760659], [135.32457, 34.760637], [135.324662, 34.760738], [135.32503, 34.760689], [135.325215, 34.760312], [135.325707, 34.760213], [135.325399, 34.760514], [135.325829, 34.760616], [135.326043, 34.761045], [135.326564, 34.761148], [135.326808, 34.762055], [135.326195, 34.761499], [135.325582, 34.761371], [135.325489, 34.761622], [135.325826, 34.761825], [135.325825, 34.762253], [135.326255, 34.762481], [135.326254, 34.762909], [135.325732, 34.762832], [135.325702, 34.762504], [135.325088, 34.762326], [135.325087, 34.762955], [135.324718, 34.763029], [135.324686, 34.763533], [135.324409, 34.763834], [135.324224, 34.764564], [135.323669, 34.765342], [135.323821, 34.765947], [135.32382, 34.766375], [135.323605, 34.766752], [135.323665, 34.767231], [135.323909, 34.767811], [135.323571, 34.768011], [135.324184, 34.768719], [135.325013, 34.768621], [135.325136, 34.768319], [135.325536, 34.768321], [135.325628, 34.767994], [135.32609, 34.767618], [135.325691, 34.767238], [135.326768, 34.766487], [135.326953, 34.76616], [135.327321, 34.766011], [135.327354, 34.765255], [135.328336, 34.765334], [135.329011, 34.765564], [135.330025, 34.765316], [135.329809, 34.765844], [135.329502, 34.765868], [135.329224, 34.766597], [135.329745, 34.767027], [135.330051, 34.767355], [135.330296, 34.76786], [135.331247, 34.76804], [135.331677, 34.768167], [135.332444, 34.768095], [135.332417, 34.766634], [135.332202, 34.766608], [135.332694, 34.766207], [135.332695, 34.765678], [135.33153, 34.76517], [135.330701, 34.765117], [135.330793, 34.76489], [135.332236, 34.764845], [135.332604, 34.765048], [135.332973, 34.764999], [135.332945, 34.763513], [135.332485, 34.763461], [135.332485, 34.763235], [135.334419, 34.763594], [135.334049, 34.764197], [135.33414, 34.764953], [135.334538, 34.765559], [135.333585, 34.765883], [135.333522, 34.766588], [135.334872, 34.767021], [135.335056, 34.767374], [135.334902, 34.767625], [135.335208, 34.767903], [135.335424, 34.767753], [135.335576, 34.768459], [135.33539, 34.768936], [135.335021, 34.769338], [135.33502, 34.770068], [135.335481, 34.769591], [135.336065, 34.769442], [135.337755, 34.768819], [135.340396, 34.768602], [135.340332, 34.769559], [135.340054, 34.77054], [135.339592, 34.77147], [135.340298, 34.771472], [135.341004, 34.771651], [135.341801, 34.772183], [135.343244, 34.772163], [135.343397, 34.772415], [135.342629, 34.772891], [135.342013, 34.773871], [135.341828, 34.774122], [135.342042, 34.774375], [135.341428, 34.7747], [135.341027, 34.775227], [135.340781, 34.775528], [135.340565, 34.775956], [135.340564, 34.776333], [135.341332, 34.776311], [135.341758, 34.776693], [135.342094, 34.776791]]]}}, {"type": "Feature", "id": "did-1990-48", "properties": {"A16_001": "282042", "A16_002": "28204", "A16_003": "西宮市", "A16_004": "2", "A16_005": "7928", "A16_006": "1.30", "A16_007": "6741", "A16_008": "1.20", "A16_009": "1.90", "A16_010": "1.30", "A16_011": "1990", "year": 1990, "population": 7928.0, "areaKm2": 1.3, "density": 6098.461538461538}, "geometry": {"type": "Polygon", "coordinates": [[[135.334438, 34.818465], [135.334442, 34.818458], [135.334682, 34.818046], [135.334756, 34.81792], [135.334843, 34.817824], [135.335254, 34.817723], [135.335674, 34.817609], [135.335808, 34.817562], [135.336191, 34.817428], [135.336733, 34.817261], [135.336881, 34.817227], [135.337153, 34.817165], [135.337246, 34.817111], [135.337362, 34.81698], [135.337406, 34.816801], [135.337418, 34.816677], [135.337421, 34.816646], [135.337427, 34.816587], [135.337432, 34.816572], [135.337478, 34.816431], [135.337738, 34.816098], [135.337811, 34.815913], [135.337811, 34.815817], [135.337753, 34.815686], [135.337659, 34.815596], [135.337541, 34.815549], [135.336817, 34.815257], [135.336723, 34.815219], [135.33668, 34.815202], [135.336595, 34.815167], [135.336496, 34.815128], [135.336372, 34.815078], [135.336044, 34.814945], [135.335933, 34.814901], [135.335856, 34.814869], [135.335749, 34.814826], [135.335687, 34.814801], [135.335569, 34.814754], [135.33549, 34.814722], [135.335331, 34.814658], [135.335204, 34.814606], [135.335155, 34.814587], [135.33475, 34.814423], [135.334683, 34.814396], [135.334576, 34.814353], [135.334502, 34.814324], [135.334405, 34.814284], [135.334199, 34.814201], [135.334084, 34.814155], [135.333959, 34.814104], [135.333833, 34.814054], [135.333709, 34.814004], [135.333334, 34.813853], [135.332931, 34.81369], [135.332416, 34.813483], [135.33207, 34.813343], [135.331997, 34.813313], [135.331983, 34.813294], [135.33173, 34.812967], [135.331368, 34.812526], [135.331253, 34.812406], [135.331093, 34.812317], [135.330916, 34.812224], [135.330728, 34.812093], [135.330446, 34.811873], [135.330078, 34.811711], [135.329933, 34.811628], [135.329767, 34.811485], [135.32966, 34.811297], [135.32966, 34.811297], [135.329651, 34.811282], [135.329555, 34.811149], [135.329535, 34.811121], [135.329478, 34.811044], [135.329488, 34.811123], [135.32934, 34.811012], [135.32902, 34.811216], [135.329597, 34.812017], [135.329698, 34.812101], [135.329669, 34.814352], [135.329541, 34.81433], [135.329218, 34.813656], [135.32933, 34.812941], [135.329083, 34.812247], [135.328773, 34.812519], [135.327464, 34.812977], [135.326968, 34.813838], [135.326634, 34.813984], [135.32663, 34.814257], [135.328003, 34.814746], [135.329156, 34.814476], [135.32923, 34.814687], [135.329025, 34.814749], [135.328839, 34.815274], [135.329396, 34.815655], [135.330114, 34.815426], [135.330116, 34.815258], [135.32999, 34.815173], [135.32985, 34.814121], [135.330159, 34.813954], [135.33029, 34.813744], [135.330467, 34.81385], [135.330257, 34.814291], [135.330272, 34.815048], [135.33086, 34.81505], [135.331009, 34.815345], [135.331339, 34.815493], [135.331326, 34.818459], [135.330892, 34.818415], [135.330454, 34.818708], [135.330356, 34.818413], [135.328081, 34.818553], [135.327934, 34.818089], [135.325918, 34.817893], [135.325897, 34.817535], [135.324927, 34.81749], [135.324881, 34.81709], [135.325089, 34.816839], [135.325098, 34.816166], [135.325284, 34.815598], [135.325168, 34.814715], [135.325934, 34.81478], [135.326017, 34.814276], [135.326323, 34.814298], [135.326173, 34.814045], [135.325841, 34.814044], [135.325931, 34.813035], [135.326186, 34.813078], [135.326425, 34.812384], [135.326172, 34.812173], [135.32584, 34.812214], [135.325844, 34.811878], [135.325408, 34.812023], [135.324413, 34.811915], [135.323465, 34.812206], [135.323107, 34.812226], [135.322871, 34.81458], [135.32257, 34.816136], [135.322902, 34.816137], [135.323026, 34.816369], [135.323637, 34.816518], [135.323574, 34.817422], [135.320764, 34.817433], [135.320723, 34.818611], [135.318911, 34.818541], [135.317985, 34.819001], [135.317412, 34.819819], [135.317352, 34.820492], [135.317548, 34.821081], [135.317012, 34.821079], [135.317057, 34.821563], [135.317328, 34.822258], [135.317246, 34.822679], [135.317139, 34.823036], [135.317388, 34.82352], [135.317484, 34.824005], [135.317298, 34.824572], [135.315545, 34.825764], [135.31511, 34.825805], [135.314452, 34.825361], [135.314023, 34.82496], [135.313696, 34.824517], [135.313257, 34.824915], [135.314165, 34.825801], [135.31467, 34.826203], [135.315461, 34.826332], [135.315947, 34.826249], [135.316414, 34.825746], [135.316506, 34.826483], [135.316325, 34.826629], [135.316291, 34.827281], [135.316666, 34.827893], [135.317279, 34.827895], [135.317682, 34.828338], [135.318142, 34.82836], [135.318264, 34.828739], [135.318902, 34.828784], [135.319059, 34.828553], [135.319548, 34.82826], [135.319681, 34.827903], [135.319582, 34.827608], [135.319817, 34.827252], [135.320891, 34.827171], [135.321201, 34.826899], [135.32166, 34.826943], [135.321765, 34.826754], [135.321694, 34.826354], [135.321106, 34.826331], [135.320878, 34.826204], [135.320444, 34.826181], [135.320652, 34.825951], [135.320197, 34.825592], [135.319765, 34.825401], [135.319558, 34.825547], [135.319355, 34.825483], [135.319077, 34.82523], [135.318441, 34.82506], [135.318235, 34.825164], [135.318059, 34.824974], [135.318598, 34.824787], [135.319311, 34.824915], [135.320537, 34.824962], [135.320951, 34.824585], [135.321032, 34.824206], [135.321209, 34.824375], [135.321982, 34.823852], [135.32269, 34.824444], [135.323146, 34.824677], [135.323989, 34.82468], [135.324417, 34.824611], [135.323741, 34.824111], [135.323578, 34.822975], [135.323118, 34.822973], [135.32297, 34.822552], [135.322689, 34.822551], [135.322134, 34.822023], [135.321165, 34.821935], [135.321121, 34.821388], [135.32133, 34.82099], [135.322608, 34.820973], [135.323517, 34.821755], [135.323604, 34.820998], [135.323761, 34.820725], [135.325465, 34.821278], [135.326918, 34.821514], [135.328528, 34.821436], [135.329884, 34.821272], [135.331165, 34.821024], [135.332194, 34.820444], [135.332579, 34.820095], [135.33274, 34.820181], [135.332872, 34.820141], [135.33308, 34.820126], [135.333262, 34.820112], [135.333342, 34.820076], [135.333385, 34.820034], [135.333566, 34.819724], [135.333583, 34.819694], [135.333812, 34.819283], [135.334098, 34.818826], [135.334191, 34.818737], [135.334242, 34.818689], [135.334387, 34.818552], [135.33439, 34.818546], [135.334416, 34.818502], [135.334438, 34.818465]]]}}, {"type": "Feature", "id": "did-1990-50", "properties": {"A16_001": "282061", "A16_002": "28206", "A16_003": "芦屋市", "A16_004": "1", "A16_005": "85341", "A16_006": "7.80", "A16_007": "84744", "A16_008": "7.60", "A16_009": "97.50", "A16_010": "45.20", "A16_011": "1990", "year": 1990, "population": 85341.0, "areaKm2": 7.8, "density": 10941.153846153846}, "geometry": {"type": "Polygon", "coordinates": [[[135.290692, 34.738659], [135.29146, 34.73923], [135.291712, 34.739047], [135.291543, 34.738887], [135.291682, 34.738727], [135.292326, 34.738612], [135.29297, 34.738429], [135.293306, 34.738292], [135.293559, 34.738498], [135.293478, 34.739184], [135.293872, 34.739619], [135.294152, 34.739505], [135.29494, 34.740283], [135.293429, 34.740809], [135.293013, 34.741586], [135.292566, 34.74209], [135.294219, 34.741884], [135.294472, 34.742113], [135.295258, 34.742364], [135.295878, 34.743188], [135.296553, 34.743577], [135.296475, 34.744972], [135.295692, 34.745316], [135.295499, 34.745956], [135.296143, 34.745796], [135.296257, 34.746185], [135.2969, 34.745979], [135.296426, 34.746551], [135.296597, 34.747031], [135.297324, 34.746803], [135.297941, 34.746871], [135.298473, 34.746665], [135.298641, 34.746574], [135.299314, 34.746826], [135.299065, 34.747397], [135.300887, 34.747535], [135.302572, 34.748175], [135.303724, 34.748793], [135.304706, 34.748999], [135.306082, 34.749548], [135.305831, 34.749822], [135.305693, 34.750349], [135.304378, 34.750829], [135.305138, 34.751424], [135.304692, 34.75195], [135.305506, 34.752156], [135.30598, 34.75179], [135.306708, 34.75163], [135.307043, 34.751309], [135.307546, 34.751058], [135.308218, 34.750783], [135.308776, 34.750303], [135.309281, 34.75044], [135.309758, 34.750554], [135.310037, 34.750257], [135.309728, 34.75012], [135.309895, 34.749891], [135.31012, 34.749937], [135.310203, 34.749754], [135.309417, 34.749479], [135.309443, 34.749182], [135.309777, 34.748518], [135.310056, 34.748335], [135.310589, 34.748427], [135.31149, 34.749319], [135.311655, 34.748679], [135.312609, 34.748839], [135.312774, 34.748221], [135.314279, 34.749563], [135.314487, 34.74975], [135.314487, 34.74975], [135.314629, 34.749625], [135.314665, 34.749483], [135.314665, 34.749289], [135.314584, 34.749076], [135.314335, 34.74881], [135.314186, 34.748613], [135.314154, 34.748527], [135.314181, 34.748452], [135.314263, 34.748414], [135.314412, 34.748433], [135.314688, 34.748486], [135.314878, 34.748497], [135.315022, 34.748441], [135.315185, 34.748314], [135.315276, 34.748187], [135.315325, 34.748086], [135.315425, 34.748048], [135.315638, 34.747993], [135.3158, 34.747877], [135.315886, 34.747757], [135.315883, 34.747714], [135.316026, 34.747593], [135.316088, 34.74754], [135.316321, 34.747341], [135.316502, 34.747132], [135.316629, 34.746973], [135.316679, 34.746912], [135.316851, 34.746576], [135.316941, 34.746359], [135.317095, 34.746361], [135.317307, 34.746363], [135.317339, 34.746244], [135.31738, 34.74609], [135.31738, 34.745713], [135.317344, 34.745388], [135.31734, 34.745282], [135.317339, 34.745258], [135.317298, 34.745052], [135.317221, 34.744742], [135.317096, 34.744745], [135.317033, 34.744746], [135.316921, 34.744748], [135.316466, 34.744758], [135.316353, 34.744761], [135.316439, 34.74395], [135.316538, 34.743471], [135.316552, 34.743405], [135.316615, 34.742677], [135.316666, 34.742289], [135.316728, 34.741814], [135.316764, 34.741579], [135.316796, 34.741474], [135.316932, 34.741444], [135.317154, 34.741444], [135.317163, 34.741388], [135.317185, 34.741254], [135.317199, 34.741155], [135.317218, 34.74101], [135.317235, 34.740884], [135.317059, 34.740787], [135.317045, 34.740733], [135.317066, 34.740679], [135.31709, 34.740614], [135.317108, 34.740561], [135.31736, 34.740561], [135.317547, 34.740561], [135.317551, 34.74048], [135.317561, 34.740263], [135.317565, 34.740173], [135.317574, 34.739986], [135.317506, 34.739938], [135.317471, 34.739933], [135.317322, 34.739913], [135.317312, 34.739912], [135.317231, 34.739848], [135.317325, 34.739673], [135.317439, 34.739482], [135.317551, 34.739412], [135.317606, 34.739378], [135.317782, 34.739336], [135.317868, 34.739258], [135.317891, 34.739109], [135.317977, 34.738996], [135.318019, 34.738915], [135.318091, 34.738777], [135.318149, 34.738668], [135.318255, 34.73857], [135.318308, 34.73852], [135.318379, 34.738455], [135.318433, 34.738384], [135.318447, 34.738366], [135.318525, 34.738344], [135.318528, 34.738343], [135.318556, 34.738336], [135.318723, 34.738358], [135.318881, 34.738366], [135.318967, 34.738336], [135.319019, 34.738279], [135.31908, 34.738213], [135.319126, 34.738126], [135.319189, 34.73813], [135.31932, 34.738138], [135.319397, 34.738078], [135.319533, 34.737828], [135.319564, 34.737581], [135.319567, 34.737528], [135.319573, 34.737409], [135.319519, 34.73729], [135.319415, 34.73726], [135.319306, 34.737256], [135.31918, 34.737275], [135.319076, 34.737268], [135.319031, 34.73723], [135.319067, 34.737163], [135.319189, 34.737081], [135.319352, 34.736991], [135.319556, 34.736895], [135.319741, 34.736808], [135.319766, 34.736799], [135.319994, 34.736722], [135.32022, 34.7367], [135.320446, 34.736666], [135.320541, 34.736648], [135.320623, 34.736591], [135.320736, 34.736356], [135.320757, 34.736301], [135.320794, 34.736203], [135.320758, 34.73611], [135.320654, 34.735968], [135.320573, 34.735852], [135.320618, 34.735699], [135.320716, 34.73546], [135.320779, 34.735308], [135.320837, 34.735167], [135.320935, 34.734929], [135.32093, 34.734888], [135.32079, 34.734806], [135.320836, 34.734598], [135.320867, 34.734454], [135.320849, 34.734264], [135.320862, 34.734165], [135.320863, 34.734163], [135.321021, 34.734163], [135.321061, 34.734177], [135.321184, 34.734219], [135.321387, 34.734234], [135.321495, 34.734227], [135.321604, 34.73413], [135.321681, 34.733977], [135.321681, 34.733975], [135.3217, 34.73388], [135.3217, 34.733878], [135.321712, 34.73382], [135.32172, 34.733778], [135.321731, 34.733726], [135.321753, 34.733551], [135.321776, 34.733386], [135.321794, 34.733323], [135.321817, 34.733244], [135.321821, 34.73323], [135.322081, 34.733031], [135.32222, 34.732924], [135.322328, 34.732841], [135.322445, 34.732714], [135.322501, 34.732636], [135.322539, 34.732583], [135.322581, 34.732523], [135.32265, 34.732426], [135.322656, 34.732417], [135.322729, 34.732315], [135.322759, 34.732272], [135.322772, 34.732254], [135.322815, 34.732194], [135.322823, 34.732183], [135.322866, 34.732122], [135.322852, 34.732084], [135.32268, 34.732043], [135.322585, 34.73201], [135.322558, 34.731943], [135.322613, 34.731793], [135.322793, 34.731536], [135.322842, 34.731443], [135.322879, 34.731371], [135.322884, 34.73133], [135.322789, 34.731289], [135.322594, 34.731218], [135.322699, 34.73099], [135.322764, 34.730908], [135.322803, 34.73086], [135.322943, 34.730834], [135.323183, 34.730804], [135.323395, 34.730796], [135.323584, 34.730767], [135.323641, 34.730758], [135.323716, 34.730741], [135.32379, 34.730724], [135.323867, 34.730683], [135.323921, 34.73059], [135.323917, 34.730381], [135.323899, 34.730127], [135.323898, 34.730042], [135.323896, 34.729957], [135.323894, 34.729865], [135.32391, 34.729742], [135.323921, 34.729653], [135.323931, 34.7295], [135.32394, 34.729419], [135.323959, 34.729263], [135.323971, 34.729163], [135.323985, 34.729118], [135.324011, 34.729029], [135.324071, 34.728827], [135.32413, 34.728651], [135.324265, 34.728248], [135.324342, 34.728088], [135.324419, 34.727968], [135.324473, 34.727823], [135.324495, 34.727726], [135.324526, 34.727591], [135.324541, 34.727524], [135.324565, 34.727389], [135.324632, 34.727005], [135.324668, 34.726856], [135.324645, 34.726788], [135.324547, 34.726699], [135.324406, 34.726571], [135.324383, 34.726478], [135.324374, 34.726352], [135.324372, 34.726313], [135.324369, 34.726277], [135.324346, 34.725921], [135.324346, 34.725921], [135.324232, 34.72593], [135.324206, 34.725647], [135.324164, 34.725676], [135.324128, 34.725764], [135.324024, 34.725847], [135.323888, 34.725891], [135.323716, 34.72593], [135.322512, 34.725914], [135.322411, 34.725836], [135.322315, 34.72575], [135.323857, 34.724714], [135.323853, 34.724526], [135.32371, 34.724525], [135.323704, 34.724244], [135.323854, 34.724239], [135.323813, 34.722215], [135.323797, 34.720753], [135.323776, 34.718924], [135.323837, 34.718405], [135.323837, 34.717986], [135.316806, 34.71657], [135.31676, 34.71657], [135.316717, 34.716588], [135.316483, 34.71679], [135.316327, 34.716814], [135.316189, 34.716809], [135.316028, 34.716403], [135.311264, 34.715445], [135.30628, 34.714442], [135.305915, 34.714599], [135.305851, 34.715029], [135.305959, 34.715255], [135.30564, 34.718679], [135.305167, 34.718762], [135.304938, 34.718799], [135.304696, 34.718842], [135.304746, 34.718784], [135.304764, 34.718709], [135.304746, 34.718627], [135.304646, 34.718602], [135.304542, 34.718598], [135.303661, 34.718773], [135.303581, 34.718814], [135.303581, 34.718814], [135.303576, 34.718826], [135.303534, 34.718921], [135.303464, 34.719078], [135.303426, 34.719165], [135.303388, 34.719287], [135.303394, 34.719437], [135.303197, 34.719972], [135.303081, 34.720287], [135.302961, 34.720613], [135.302907, 34.720786], [135.302894, 34.720829], [135.302716, 34.721398], [135.302519, 34.722063], [135.302472, 34.722231], [135.302459, 34.722276], [135.302417, 34.722429], [135.302224, 34.722926], [135.302202, 34.722984], [135.302013, 34.723469], [135.301974, 34.72357], [135.301825, 34.724015], [135.301674, 34.724369], [135.301631, 34.724471], [135.301474, 34.724841], [135.301468, 34.724855], [135.301394, 34.725029], [135.301136, 34.725635], [135.301105, 34.725695], [135.301084, 34.725734], [135.301068, 34.725766], [135.300738, 34.726399], [135.300721, 34.726432], [135.300644, 34.726555], [135.300535, 34.726728], [135.300407, 34.726933], [135.300406, 34.726935], [135.300364, 34.727028], [135.300327, 34.727112], [135.300285, 34.727206], [135.300188, 34.727426], [135.300075, 34.727679], [135.299947, 34.727825], [135.299889, 34.72793], [135.299845, 34.72801], [135.299717, 34.72819], [135.2996, 34.728441], [135.299301, 34.728314], [135.299002, 34.728159], [135.299056, 34.728014], [135.299045, 34.727904], [135.298959, 34.727886], [135.298799, 34.72782], [135.29865, 34.727759], [135.298549, 34.727741], [135.298495, 34.727785], [135.298394, 34.727939], [135.298234, 34.727873], [135.297807, 34.727675], [135.297552, 34.727606], [135.297478, 34.727586], [135.297324, 34.727544], [135.296524, 34.727326], [135.296456, 34.727308], [135.296201, 34.727239], [135.296104, 34.727443], [135.295827, 34.728027], [135.295955, 34.728076], [135.295912, 34.728172], [135.295859, 34.728287], [135.295987, 34.728331], [135.296126, 34.72838], [135.296073, 34.728534], [135.295954, 34.728771], [135.295774, 34.729133], [135.295718, 34.729335], [135.295688, 34.729439], [135.295673, 34.729495], [135.29556, 34.72968], [135.295514, 34.729781], [135.295389, 34.730054], [135.295584, 34.730084], [135.296025, 34.730151], [135.296174, 34.730235], [135.296388, 34.730261], [135.296531, 34.730279], [135.296471, 34.730433], [135.296142, 34.73127], [135.295996, 34.731234], [135.295204, 34.731035], [135.295143, 34.731019], [135.294987, 34.730981], [135.294685, 34.730905], [135.294663, 34.73097], [135.294649, 34.731012], [135.294602, 34.731147], [135.294541, 34.731323], [135.294472, 34.731526], [135.294409, 34.731639], [135.294119, 34.73216], [135.293739, 34.732844], [135.293666, 34.732976], [135.293644, 34.733022], [135.293474, 34.73339], [135.293228, 34.733324], [135.292988, 34.733328], [135.292806, 34.733358], [135.292775, 34.733363], [135.292736, 34.73337], [135.292657, 34.733383], [135.29262, 34.73339], [135.292604, 34.733681], [135.292545, 34.733874], [135.292466, 34.734134], [135.292442, 34.734317], [135.292433, 34.734386], [135.292471, 34.734527], [135.292636, 34.734725], [135.292786, 34.734848], [135.292892, 34.734936], [135.292865, 34.734976], [135.292636, 34.735249], [135.292591, 34.735303], [135.292554, 34.735346], [135.292471, 34.735444], [135.292436, 34.735487], [135.292294, 34.735655], [135.29214, 34.735791], [135.292294, 34.73595], [135.292503, 34.736223], [135.292551, 34.736391], [135.292673, 34.736734], [135.292361, 34.736832], [135.292268, 34.736861], [135.292101, 34.736913], [135.291884, 34.736981], [135.291676, 34.737044], [135.291622, 34.73706], [135.29143, 34.737373], [135.2912, 34.737761], [135.291169, 34.737814], [135.290988, 34.738136], [135.290939, 34.738223], [135.290879, 34.73833], [135.290864, 34.738357], [135.290829, 34.738415], [135.290801, 34.738463], [135.290688, 34.738621], [135.290692, 34.738659]]]}}, {"type": "Feature", "id": "did-1990-51", "properties": {"A16_001": "282071", "A16_002": "28207", "A16_003": "伊丹市", "A16_004": "1", "A16_005": "185326", "A16_006": "24.40", "A16_007": "182351", "A16_008": "24.50", "A16_009": "99.60", "A16_010": "97.80", "A16_011": "1990", "year": 1990, "population": 185326.0, "areaKm2": 24.4, "density": 7595.32786885246}, "geometry": {"type": "Polygon", "coordinates": [[[135.378143, 34.80528], [135.379225, 34.805627], [135.377167, 34.80927], [135.377509, 34.809816], [135.378971, 34.809796], [135.379007, 34.809442], [135.380848, 34.810174], [135.38045, 34.811018], [135.38101, 34.811238], [135.381046, 34.811533], [135.381424, 34.811517], [135.381948, 34.811752], [135.383103, 34.810906], [135.383157, 34.810004], [135.384222, 34.810399], [135.385521, 34.810173], [135.38646, 34.810155], [135.386442, 34.81048], [135.387163, 34.810803], [135.387344, 34.810669], [135.388426, 34.811138], [135.388282, 34.811553], [135.388408, 34.811715], [135.388119, 34.811893], [135.388119, 34.811982], [135.389202, 34.812244], [135.389365, 34.812125], [135.390345, 34.812444], [135.390561, 34.812501], [135.390683, 34.812394], [135.390827, 34.812227], [135.390936, 34.812012], [135.391051, 34.811774], [135.391116, 34.811594], [135.39121, 34.811523], [135.391666, 34.810915], [135.391688, 34.810748], [135.391723, 34.810666], [135.391773, 34.810553], [135.391795, 34.810502], [135.391819, 34.810447], [135.391819, 34.810447], [135.391865, 34.810343], [135.391932, 34.810189], [135.391964, 34.810115], [135.391988, 34.810062], [135.391996, 34.810044], [135.39201, 34.810011], [135.392029, 34.809967], [135.392067, 34.809881], [135.392107, 34.80979], [135.392147, 34.809718], [135.392201, 34.809621], [135.392297, 34.80945], [135.392359, 34.809337], [135.392394, 34.809274], [135.392433, 34.809206], [135.392693, 34.80858], [135.392758, 34.808365], [135.392816, 34.80815], [135.39283, 34.807977], [135.392903, 34.807813], [135.393027, 34.807615], [135.393061, 34.80756], [135.393095, 34.807506], [135.393145, 34.807428], [135.393206, 34.80733], [135.393531, 34.807044], [135.393886, 34.806751], [135.39404, 34.806616], [135.39406, 34.806599], [135.394153, 34.806518], [135.394165, 34.806507], [135.394216, 34.806462], [135.394247, 34.806435], [135.394319, 34.80634], [135.394388, 34.806268], [135.394479, 34.806173], [135.394667, 34.805916], [135.394797, 34.805749], [135.395354, 34.805925], [135.395701, 34.806033], [135.396113, 34.8062], [135.396428, 34.806259], [135.396525, 34.806277], [135.396648, 34.806325], [135.396801, 34.806474], [135.396923, 34.806593], [135.397038, 34.806647], [135.397051, 34.806651], [135.397139, 34.806676], [135.397515, 34.806784], [135.397559, 34.806987], [135.397602, 34.807148], [135.397602, 34.807279], [135.397649, 34.807402], [135.397688, 34.807506], [135.397729, 34.807615], [135.397776, 34.807739], [135.39779, 34.807882], [135.397863, 34.807947], [135.398072, 34.807974], [135.398195, 34.807974], [135.398222, 34.807978], [135.398335, 34.807993], [135.398434, 34.808006], [135.398516, 34.808017], [135.398668, 34.808038], [135.398829, 34.808059], [135.398904, 34.808069], [135.399027, 34.808069], [135.399092, 34.808052], [135.3992, 34.807926], [135.399323, 34.807789], [135.399446, 34.807694], [135.399663, 34.807515], [135.399764, 34.807497], [135.399894, 34.807539], [135.400111, 34.80773], [135.400335, 34.807914], [135.400424, 34.808058], [135.400521, 34.808181], [135.400649, 34.808344], [135.400649, 34.808344], [135.400786, 34.807813], [135.400887, 34.807494], [135.400918, 34.80738], [135.401068, 34.80682], [135.401148, 34.806468], [135.401163, 34.806409], [135.401184, 34.806328], [135.401236, 34.806132], [135.401321, 34.805812], [135.401381, 34.805693], [135.401451, 34.805556], [135.401683, 34.805117], [135.401735, 34.805015], [135.401779, 34.80493], [135.401951, 34.804598], [135.401992, 34.80452], [135.402319, 34.803888], [135.402397, 34.803728], [135.402413, 34.803694], [135.402568, 34.803376], [135.402582, 34.803346], [135.402628, 34.803252], [135.402663, 34.80318], [135.402789, 34.802919], [135.403028, 34.802424], [135.403085, 34.802326], [135.403116, 34.802272], [135.403171, 34.802179], [135.403208, 34.802115], [135.403251, 34.802041], [135.403286, 34.801981], [135.403329, 34.801907], [135.403396, 34.801792], [135.403469, 34.801649], [135.403506, 34.801577], [135.403707, 34.801195], [135.403789, 34.801054], [135.403813, 34.801013], [135.403874, 34.800909], [135.40391, 34.800784], [135.404026, 34.800611], [135.404105, 34.800486], [135.404213, 34.800444], [135.404474, 34.800432], [135.404806, 34.80048], [135.404969, 34.800566], [135.405096, 34.800632], [135.405305, 34.800742], [135.405428, 34.800873], [135.405645, 34.800975], [135.405978, 34.801041], [135.406158, 34.801058], [135.406303, 34.801112], [135.406679, 34.801136], [135.406806, 34.801143], [135.40712, 34.80116], [135.407279, 34.801178], [135.407568, 34.801208], [135.407684, 34.801237], [135.407776, 34.801256], [135.408315, 34.801369], [135.408438, 34.801395], [135.408609, 34.801431], [135.408699, 34.801455], [135.409007, 34.801539], [135.409332, 34.801583], [135.409441, 34.801598], [135.409904, 34.801694], [135.410067, 34.801679], [135.410171, 34.801669], [135.410256, 34.801661], [135.410584, 34.801631], [135.410699, 34.80162], [135.410744, 34.801616], [135.410878, 34.801604], [135.411021, 34.801591], [135.411084, 34.801585], [135.411181, 34.801576], [135.411306, 34.801564], [135.411439, 34.801552], [135.411486, 34.801548], [135.411531, 34.801544], [135.411643, 34.801534], [135.411784, 34.801521], [135.412203, 34.801473], [135.412666, 34.801449], [135.412879, 34.801474], [135.413016, 34.80149], [135.413179, 34.801509], [135.413358, 34.801519], [135.413412, 34.801522], [135.413995, 34.801554], [135.414158, 34.801564], [135.414235, 34.801568], [135.414392, 34.801577], [135.414611, 34.801589], [135.414868, 34.801593], [135.415016, 34.801595], [135.415785, 34.801642], [135.415804, 34.801643], [135.415957, 34.801644], [135.416519, 34.801649], [135.41678, 34.801643], [135.417019, 34.801677], [135.417163, 34.801697], [135.417586, 34.801759], [135.417734, 34.80178], [135.418212, 34.801801], [135.418315, 34.801806], [135.418559, 34.801819], [135.418826, 34.801813], [135.418956, 34.801811], [135.419103, 34.801808], [135.41915, 34.801807], [135.419379, 34.801803], [135.419689, 34.801797], [135.419773, 34.801795], [135.420091, 34.801807], [135.420518, 34.801795], [135.421024, 34.801753], [135.421116, 34.801737], [135.42114, 34.801733], [135.421282, 34.801721], [135.421436, 34.801708], [135.421454, 34.801707], [135.421581, 34.801697], [135.42165, 34.801685], [135.421941, 34.801634], [135.422094, 34.801607], [135.42247, 34.801488], [135.422854, 34.801416], [135.423085, 34.80141], [135.423277, 34.801429], [135.42334, 34.801435], [135.423634, 34.801464], [135.423692, 34.801792], [135.423739, 34.802046], [135.42374, 34.802053], [135.42374, 34.802053], [135.423829, 34.802015], [135.423943, 34.802002], [135.423988, 34.801997], [135.424087, 34.801994], [135.424158, 34.801992], [135.424478, 34.801983], [135.424603, 34.801979], [135.424963, 34.80197], [135.425278, 34.801962], [135.425571, 34.801955], [135.426446, 34.801937], [135.42668, 34.801935], [135.426774, 34.801935], [135.426837, 34.801934], [135.426913, 34.801941], [135.427435, 34.801985], [135.427606, 34.802298], [135.427726, 34.802519], [135.427835, 34.802686], [135.428001, 34.802722], [135.428283, 34.802763], [135.428355, 34.802823], [135.428362, 34.802966], [135.428383, 34.80311], [135.428384, 34.803115], [135.428449, 34.803181], [135.428546, 34.803181], [135.428637, 34.803181], [135.428695, 34.803133], [135.428695, 34.80305], [135.428644, 34.802913], [135.428666, 34.802656], [135.428769, 34.802642], [135.428818, 34.802636], [135.42889, 34.802626], [135.428906, 34.802545], [135.428913, 34.802512], [135.428919, 34.802478], [135.428956, 34.802291], [135.429107, 34.801523], [135.429302, 34.801505], [135.42949, 34.801445], [135.429548, 34.801326], [135.429628, 34.801284], [135.429787, 34.80126], [135.429895, 34.80121], [135.429924, 34.801114], [135.429931, 34.800989], [135.42996, 34.80081], [135.430057, 34.800691], [135.430153, 34.800573], [135.430175, 34.800544], [135.430252, 34.800451], [135.430274, 34.800423], [135.430288, 34.800405], [135.430312, 34.800376], [135.430315, 34.800373], [135.430385, 34.800286], [135.430432, 34.800228], [135.430481, 34.800167], [135.430504, 34.800139], [135.430588, 34.800036], [135.430643, 34.799968], [135.430686, 34.799915], [135.430735, 34.799855], [135.430744, 34.799842], [135.430807, 34.799765], [135.430829, 34.799738], [135.430835, 34.79973], [135.43085, 34.799695], [135.430915, 34.799535], [135.431023, 34.799271], [135.431168, 34.799248], [135.43119, 34.798958], [135.431233, 34.798487], [135.431341, 34.798471], [135.431535, 34.798443], [135.431648, 34.798426], [135.431768, 34.798409], [135.432419, 34.798421], [135.432628, 34.798332], [135.432802, 34.798224], [135.432856, 34.798144], [135.432968, 34.79798], [135.433026, 34.797928], [135.433236, 34.797741], [135.433446, 34.797807], [135.433603, 34.797955], [135.433739, 34.798083], [135.433858, 34.798194], [135.434269, 34.798228], [135.434443, 34.798242], [135.434463, 34.798148], [135.43451, 34.797926], [135.434523, 34.797866], [135.434528, 34.797832], [135.434557, 34.797611], [135.434603, 34.79727], [135.434547, 34.797258], [135.434053, 34.797151], [135.434053, 34.796841], [135.434075, 34.796593], [135.434631, 34.796003], [135.434841, 34.795782], [135.435383, 34.795209], [135.435693, 34.794898], [135.436037, 34.794553], [135.436186, 34.794404], [135.43636, 34.794218], [135.436432, 34.794142], [135.43701, 34.793548], [135.437667, 34.792851], [135.437741, 34.792773], [135.437895, 34.792615], [135.437972, 34.792536], [135.438143, 34.79236], [135.438189, 34.792313], [135.438388, 34.792098], [135.438478, 34.792], [135.438695, 34.791893], [135.438798, 34.791886], [135.439167, 34.791862], [135.439606, 34.791833], [135.440582, 34.791774], [135.440686, 34.791795], [135.440703, 34.791798], [135.440853, 34.791829], [135.441053, 34.79187], [135.441143, 34.791888], [135.441265, 34.791913], [135.441515, 34.791964], [135.441609, 34.791959], [135.441703, 34.791809], [135.442426, 34.791234], [135.442672, 34.79121], [135.442788, 34.791174], [135.442795, 34.791067], [135.442759, 34.791019], [135.442665, 34.790989], [135.442454, 34.790937], [135.442256, 34.790887], [135.442063, 34.790838], [135.441904, 34.790798], [135.441833, 34.790781], [135.441684, 34.790776], [135.441435, 34.790769], [135.441276, 34.790697], [135.44137, 34.790596], [135.441436, 34.790563], [135.441594, 34.790482], [135.441805, 34.790416], [135.442008, 34.790351], [135.442044, 34.79034], [135.442216, 34.790286], [135.442332, 34.79013], [135.442563, 34.790053], [135.442708, 34.790005], [135.442737, 34.789892], [135.442686, 34.789832], [135.442477, 34.789773], [135.442368, 34.789707], [135.442325, 34.789618], [135.442874, 34.789313], [135.442387, 34.789338], [135.442274, 34.789343], [135.442159, 34.789331], [135.442086, 34.789355], [135.442043, 34.78954], [135.441946, 34.789639], [135.441891, 34.789695], [135.441846, 34.7897], [135.441732, 34.789713], [135.441638, 34.789647], [135.441594, 34.789549], [135.441601, 34.789498], [135.441616, 34.789376], [135.441645, 34.789149], [135.441681, 34.788945], [135.441696, 34.788863], [135.442144, 34.787879], [135.442477, 34.787142], [135.442723, 34.786516], [135.442766, 34.786331], [135.442759, 34.786236], [135.442694, 34.786128], [135.442638, 34.786003], [135.442593, 34.785901], [135.442578, 34.785609], [135.442549, 34.785538], [135.44252, 34.785466], [135.442397, 34.785305], [135.442371, 34.785188], [135.442303, 34.784881], [135.442318, 34.784485], [135.442491, 34.784336], [135.442691, 34.7843], [135.442925, 34.784258], [135.443107, 34.784239], [135.443308, 34.784217], [135.443706, 34.784211], [135.443814, 34.784157], [135.443829, 34.784068], [135.443829, 34.7839], [135.443827, 34.783789], [135.4438, 34.78237], [135.44383, 34.782311], [135.443857, 34.782259], [135.443858, 34.782257], [135.443981, 34.782239], [135.444299, 34.782221], [135.44448, 34.78212], [135.444509, 34.781571], [135.444704, 34.781416], [135.444791, 34.781291], [135.444885, 34.781106], [135.44513, 34.780742], [135.445188, 34.780491], [135.445165, 34.780443], [135.445123, 34.780354], [135.444986, 34.780265], [135.444964, 34.780166], [135.444972, 34.780129], [135.445008, 34.779952], [135.445123, 34.779343], [135.445297, 34.778568], [135.445369, 34.778276], [135.44539, 34.778153], [135.44542, 34.77798], [135.445434, 34.777599], [135.445478, 34.777473], [135.445579, 34.777396], [135.44594, 34.777354], [135.446114, 34.777306], [135.446172, 34.777229], [135.446185, 34.777155], [135.446201, 34.777068], [135.446201, 34.776431], [135.446201, 34.776293], [135.446208, 34.775958], [135.446223, 34.775714], [135.446215, 34.775383], [135.446179, 34.775287], [135.445986, 34.775249], [135.445722, 34.775198], [135.445671, 34.775096], [135.445644, 34.775043], [135.445666, 34.774906], [135.445651, 34.774596], [135.445593, 34.774249], [135.445514, 34.774047], [135.445487, 34.773456], [135.445471, 34.773117], [135.445469, 34.773079], [135.445465, 34.772988], [135.445463, 34.77294], [135.445457, 34.772808], [135.445452, 34.772697], [135.445432, 34.772271], [135.445427, 34.772171], [135.445434, 34.772052], [135.44542, 34.771682], [135.445384, 34.771419], [135.445268, 34.771199], [135.444979, 34.77076], [135.444856, 34.770498], [135.444792, 34.770348], [135.444762, 34.770277], [135.444665, 34.770104], [135.444501, 34.769812], [135.444516, 34.769615], [135.444503, 34.769396], [135.444499, 34.769328], [135.444487, 34.769132], [135.4445, 34.769095], [135.444541, 34.768978], [135.444657, 34.768644], [135.444681, 34.768575], [135.444697, 34.768529], [135.444697, 34.768529], [135.444481, 34.768508], [135.444466, 34.768504], [135.444149, 34.768424], [135.443709, 34.768305], [135.443578, 34.768269], [135.443467, 34.768247], [135.443296, 34.768212], [135.442873, 34.768188], [135.442768, 34.768183], [135.442713, 34.768184], [135.442362, 34.768193], [135.442291, 34.768194], [135.44229, 34.768194], [135.442024, 34.768238], [135.441741, 34.768284], [135.44159, 34.768319], [135.441448, 34.768352], [135.441329, 34.768379], [135.441276, 34.768395], [135.440704, 34.768567], [135.440533, 34.768618], [135.440404, 34.768675], [135.440302, 34.768719], [135.439921, 34.768885], [135.439919, 34.768886], [135.439687, 34.769023], [135.439485, 34.769173], [135.439268, 34.769292], [135.438925, 34.769447], [135.438596, 34.769596], [135.438364, 34.769632], [135.437851, 34.769853], [135.437818, 34.769867], [135.43762, 34.769957], [135.437403, 34.770055], [135.437357, 34.770163], [135.437352, 34.770175], [135.437381, 34.7703], [135.43747, 34.770476], [135.437475, 34.770485], [135.437562, 34.770575], [135.437641, 34.770658], [135.437742, 34.770664], [135.437873, 34.770658], [135.438104, 34.770586], [135.438689, 34.770413], [135.439145, 34.770187], [135.439622, 34.76996], [135.439803, 34.769847], [135.43994, 34.769826], [135.440143, 34.769903], [135.440389, 34.769987], [135.440548, 34.770011], [135.440808, 34.770076], [135.440938, 34.770072], [135.440989, 34.77007], [135.441574, 34.770058], [135.441705, 34.770088], [135.441777, 34.770166], [135.441813, 34.770231], [135.441849, 34.770452], [135.441878, 34.770536], [135.441929, 34.770577], [135.442356, 34.77056], [135.442378, 34.770559], [135.442465, 34.770556], [135.442483, 34.770555], [135.442606, 34.77055], [135.442709, 34.770546], [135.442774, 34.770543], [135.442811, 34.770542], [135.44297, 34.770554], [135.443001, 34.770559], [135.443059, 34.770569], [135.44317, 34.770589], [135.443202, 34.770595], [135.443317, 34.770667], [135.443324, 34.770768], [135.443295, 34.770935], [135.44325, 34.771121], [135.443223, 34.771231], [135.443201, 34.771433], [135.443216, 34.771571], [135.443266, 34.771756], [135.443252, 34.771881], [135.443216, 34.772072], [135.443259, 34.772233], [135.44336, 34.772411], [135.443368, 34.772507], [135.44331, 34.772578], [135.443216, 34.77262], [135.442992, 34.772638], [135.442565, 34.772669], [135.442327, 34.772686], [135.44216, 34.772746], [135.442175, 34.773455], [135.44203, 34.773482], [135.441481, 34.77353], [135.441119, 34.773566], [135.440794, 34.773578], [135.440701, 34.77359], [135.440583, 34.773606], [135.440452, 34.773623], [135.440337, 34.773638], [135.440171, 34.773661], [135.440093, 34.773671], [135.440035, 34.773679], [135.439881, 34.773699], [135.439716, 34.773721], [135.439781, 34.774096], [135.439767, 34.774383], [135.439709, 34.774395], [135.439388, 34.774406], [135.438873, 34.774426], [135.438801, 34.774428], [135.438733, 34.774431], [135.438675, 34.774222], [135.438639, 34.774114], [135.438595, 34.773691], [135.438567, 34.773594], [135.438523, 34.773446], [135.438516, 34.773297], [135.438494, 34.773113], [135.43848, 34.772525], [135.437887, 34.772537], [135.437525, 34.772531], [135.436535, 34.772519], [135.436521, 34.772181], [135.436506, 34.771797], [135.436448, 34.771648], [135.436347, 34.771576], [135.436235, 34.771549], [135.436108, 34.771517], [135.435645, 34.771511], [135.435459, 34.771479], [135.435303, 34.771453], [135.435168, 34.77143], [135.434853, 34.771306], [135.434684, 34.771239], [135.434568, 34.771203], [135.434346, 34.771134], [135.4343, 34.77112], [135.434223, 34.771095], [135.434119, 34.771061], [135.434062, 34.771043], [135.433831, 34.771013], [135.433527, 34.771013], [135.433401, 34.771009], [135.433303, 34.771007], [135.433048, 34.771015], [135.43267, 34.771028], [135.432615, 34.77103], [135.432601, 34.771031], [135.432587, 34.77103], [135.432422, 34.771023], [135.432204, 34.771013], [135.432044, 34.771024], [135.431893, 34.771013], [135.431748, 34.770965], [135.431394, 34.770765], [135.431096, 34.770598], [135.430916, 34.770497], [135.430764, 34.770407], [135.430396, 34.770258], [135.430125, 34.770124], [135.429832, 34.769979], [135.429745, 34.769936], [135.429224, 34.769769], [135.428783, 34.769566], [135.428564, 34.769482], [135.428513, 34.769462], [135.428343, 34.769397], [135.428212, 34.769346], [135.428162, 34.769327], [135.428034, 34.769299], [135.427851, 34.769259], [135.427757, 34.769294], [135.427633, 34.769413], [135.427496, 34.769545], [135.427439, 34.769578], [135.427279, 34.76967], [135.427156, 34.7697], [135.426961, 34.769718], [135.426751, 34.76971], [135.426519, 34.769702], [135.426408, 34.769698], [135.426144, 34.769688], [135.425819, 34.769634], [135.425638, 34.769653], [135.425161, 34.769826], [135.425038, 34.769886], [135.424828, 34.769989], [135.424626, 34.770019], [135.424421, 34.770019], [135.424243, 34.770019], [135.424052, 34.769995], [135.424011, 34.769989], [135.423818, 34.770047], [135.423704, 34.770081], [135.42359, 34.770115], [135.423406, 34.77017], [135.423369, 34.770181], [135.423196, 34.770233], [135.423039, 34.77028], [135.422936, 34.77031], [135.422912, 34.770317], [135.422903, 34.770394], [135.422876, 34.770622], [135.422818, 34.770789], [135.422709, 34.770836], [135.422613, 34.770841], [135.422575, 34.770843], [135.422525, 34.770845], [135.422442, 34.770848], [135.422406, 34.770986], [135.422319, 34.771123], [135.422225, 34.771182], [135.422131, 34.771242], [135.42195, 34.771391], [135.42182, 34.77151], [135.421712, 34.771564], [135.421657, 34.771571], [135.421531, 34.771588], [135.421466, 34.771558], [135.421473, 34.771299], [135.421502, 34.770821], [135.421389, 34.770797], [135.421339, 34.770786], [135.421285, 34.770774], [135.421296, 34.770305], [135.421297, 34.770258], [135.4213, 34.770141], [135.421301, 34.770014], [135.421304, 34.769861], [135.42131, 34.769433], [135.421314, 34.769116], [135.421458, 34.769014], [135.421574, 34.768934], [135.421704, 34.768188], [135.421748, 34.767902], [135.421739, 34.767842], [135.421731, 34.767786], [135.421726, 34.767753], [135.421669, 34.767652], [135.42161, 34.767549], [135.421564, 34.767468], [135.421509, 34.767371], [135.421458, 34.767283], [135.421406, 34.767194], [135.421334, 34.767071], [135.421289, 34.766994], [135.421032, 34.766557], [135.42093, 34.766469], [135.420826, 34.76638], [135.420663, 34.766241], [135.420558, 34.766151], [135.420503, 34.766104], [135.420447, 34.766057], [135.420363, 34.765985], [135.420229, 34.765871], [135.419868, 34.765883], [135.419203, 34.765901], [135.418682, 34.765883], [135.418564, 34.765872], [135.418463, 34.765863], [135.418301, 34.765849], [135.418244, 34.765844], [135.418147, 34.765835], [135.418003, 34.765769], [135.417952, 34.765705], [135.417922, 34.765666], [135.417844, 34.765566], [135.417793, 34.765432], [135.4178, 34.765325], [135.417851, 34.765211], [135.417956, 34.765138], [135.418128, 34.765018], [135.418183, 34.764979], [135.418303, 34.764929], [135.418487, 34.764854], [135.418502, 34.764597], [135.418545, 34.76443], [135.418657, 34.764292], [135.41878, 34.764139], [135.418892, 34.764001], [135.418979, 34.763804], [135.418973, 34.763688], [135.418972, 34.763648], [135.418963, 34.763449], [135.418959, 34.763357], [135.418954, 34.76326], [135.418947, 34.763105], [135.418942, 34.762989], [135.418935, 34.762838], [135.418928, 34.762787], [135.418899, 34.762569], [135.418789, 34.762572], [135.41866, 34.762575], [135.418501, 34.762566], [135.418159, 34.762593], [135.418126, 34.762596], [135.417592, 34.762613], [135.417547, 34.762614], [135.417141, 34.762611], [135.416812, 34.762609], [135.416766, 34.762608], [135.416708, 34.762608], [135.416571, 34.76259], [135.416448, 34.762513], [135.416296, 34.762494], [135.416224, 34.762459], [135.416209, 34.762381], [135.416197, 34.762194], [135.416195, 34.762167], [135.416195, 34.762166], [135.4162, 34.762121], [135.416224, 34.761922], [135.416246, 34.761713], [135.416234, 34.761592], [135.416229, 34.761541], [135.416225, 34.761507], [135.416217, 34.761415], [135.416213, 34.761384], [135.416188, 34.761176], [135.41616, 34.760927], [135.416156, 34.760894], [135.416152, 34.760859], [135.416144, 34.760792], [135.416079, 34.760553], [135.416051, 34.760309], [135.416043, 34.760159], [135.415857, 34.76], [135.415843, 34.759989], [135.415834, 34.759981], [135.415677, 34.759949], [135.415624, 34.759939], [135.415494, 34.759879], [135.415334, 34.759867], [135.415382, 34.759831], [135.415443, 34.759784], [135.41547, 34.759735], [135.415508, 34.759664], [135.415679, 34.759418], [135.41579, 34.759259], [135.416195, 34.758871], [135.416571, 34.758501], [135.416708, 34.758321], [135.416862, 34.758119], [135.416947, 34.758006], [135.416969, 34.757893], [135.416901, 34.757831], [135.416781, 34.75772], [135.416658, 34.757672], [135.416501, 34.757601], [135.416463, 34.757583], [135.416448, 34.757577], [135.416419, 34.757511], [135.416441, 34.757046], [135.416419, 34.756903], [135.416383, 34.756808], [135.416296, 34.756789], [135.416193, 34.756789], [135.416155, 34.756789], [135.415704, 34.756786], [135.415489, 34.756784], [135.415444, 34.756784], [135.415393, 34.756784], [135.415263, 34.756873], [135.415221, 34.757196], [135.415214, 34.757248], [135.415209, 34.757292], [135.415198, 34.75738], [135.41506, 34.757577], [135.414937, 34.757702], [135.414663, 34.758072], [135.414518, 34.758316], [135.414497, 34.758362], [135.414416, 34.758543], [135.414388, 34.758631], [135.414344, 34.75877], [135.414342, 34.758859], [135.414341, 34.758919], [135.41434, 34.758979], [135.414337, 34.75911], [135.41432, 34.759131], [135.414229, 34.759241], [135.414087, 34.759281], [135.41406, 34.759289], [135.413996, 34.759307], [135.413853, 34.759348], [135.413137, 34.759384], [135.412999, 34.759527], [135.412781, 34.759709], [135.412768, 34.759721], [135.412733, 34.75975], [135.412565, 34.759891], [135.412415, 34.759945], [135.412408, 34.759947], [135.412119, 34.760022], [135.412038, 34.760028], [135.411853, 34.760039], [135.411659, 34.760052], [135.411656, 34.760052], [135.411113, 34.760106], [135.411054, 34.760185], [135.410983, 34.760279], [135.410923, 34.760356], [135.410839, 34.760464], [135.410737, 34.760628], [135.410716, 34.760661], [135.410695, 34.760695], [135.410549, 34.760929], [135.410441, 34.761078], [135.410354, 34.761047], [135.410321, 34.761034], [135.410282, 34.76102], [135.410188, 34.760986], [135.409711, 34.760819], [135.409492, 34.76077], [135.409449, 34.76076], [135.409406, 34.760751], [135.409284, 34.760723], [135.408952, 34.760669], [135.408554, 34.760658], [135.408412, 34.760731], [135.408362, 34.760756], [135.408311, 34.760783], [135.408207, 34.760837], [135.407938, 34.760843], [135.407618, 34.76085], [135.407428, 34.760854], [135.40738, 34.760855], [135.407137, 34.760861], [135.407028, 34.761161], [135.407001, 34.761234], [135.406826, 34.761716], [135.406818, 34.761796], [135.406811, 34.761859], [135.406784, 34.761954], [135.406761, 34.762033], [135.406754, 34.762259], [135.406443, 34.762259], [135.40632, 34.76239], [135.406278, 34.762468], [135.406259, 34.762505], [135.40624, 34.762539], [135.406151, 34.762538], [135.406084, 34.762537], [135.406067, 34.762537], [135.405857, 34.762534], [135.405821, 34.762766], [135.405805, 34.763016], [135.405802, 34.763056], [135.405799, 34.763101], [135.405777, 34.76344], [135.405748, 34.763795], [135.405669, 34.763902], [135.40556, 34.763944], [135.405477, 34.763955], [135.405413, 34.763964], [135.405293, 34.76398], [135.404953, 34.764028], [135.404816, 34.764057], [135.404686, 34.764142], [135.404606, 34.764194], [135.404539, 34.764241], [135.404351, 34.764376], [135.404333, 34.764388], [135.404236, 34.764457], [135.404203, 34.764481], [135.404143, 34.764523], [135.404138, 34.764536], [135.404096, 34.764641], [135.404064, 34.764719], [135.403984, 34.764863], [135.403804, 34.765], [135.403695, 34.765107], [135.403514, 34.765233], [135.403097, 34.765526], [135.402989, 34.765601], [135.402834, 34.76571], [135.402581, 34.765763], [135.402509, 34.765677], [135.402538, 34.765593], [135.402536, 34.765549], [135.402531, 34.765472], [135.402528, 34.765411], [135.402523, 34.765317], [135.402522, 34.765314], [135.402511, 34.765112], [135.402508, 34.765062], [135.402502, 34.764955], [135.402512, 34.764814], [135.402521, 34.764696], [135.402528, 34.76461], [135.402535, 34.764507], [135.402542, 34.764412], [135.402543, 34.764396], [135.402553, 34.764269], [135.402567, 34.76409], [135.40251, 34.763919], [135.402479, 34.763826], [135.402401, 34.763589], [135.402393, 34.763491], [135.402538, 34.763242], [135.40259, 34.763154], [135.402661, 34.763032], [135.402748, 34.762829], [135.402671, 34.762748], [135.402602, 34.762675], [135.402408, 34.762471], [135.402285, 34.762375], [135.402081, 34.762336], [135.402039, 34.762329], [135.402003, 34.762322], [135.40183, 34.76228], [135.401636, 34.762272], [135.401403, 34.762262], [135.400926, 34.762226], [135.400883, 34.762173], [135.400884, 34.762042], [135.400885, 34.762005], [135.400887, 34.761861], [135.400888, 34.761762], [135.40089, 34.761642], [135.400868, 34.761504], [135.400854, 34.761338], [135.400712, 34.761286], [135.400705, 34.761284], [135.40067, 34.761271], [135.400622, 34.761254], [135.400463, 34.761234], [135.400265, 34.761208], [135.399762, 34.761144], [135.399444, 34.761084], [135.399285, 34.76106], [135.399234, 34.761052], [135.399056, 34.761024], [135.398925, 34.761004], [135.398851, 34.760993], [135.398722, 34.760973], [135.398511, 34.760941], [135.398271, 34.761011], [135.39786, 34.761132], [135.397716, 34.761215], [135.397499, 34.76134], [135.39726, 34.761424], [135.397016, 34.761553], [135.397006, 34.761558], [135.396638, 34.761752], [135.396505, 34.761776], [135.396458, 34.761785], [135.396291, 34.761856], [135.396194, 34.761972], [135.396045, 34.762149], [135.396021, 34.7622], [135.395973, 34.7623], [135.395954, 34.76234], [135.395896, 34.762462], [135.39585, 34.76256], [135.395698, 34.762668], [135.395597, 34.762703], [135.395403, 34.762741], [135.395192, 34.762781], [135.395091, 34.762834], [135.394922, 34.763043], [135.394749, 34.763254], [135.394708, 34.763306], [135.394628, 34.763413], [135.394612, 34.763429], [135.394534, 34.763503], [135.394455, 34.763509], [135.394339, 34.763485], [135.394259, 34.763497], [135.394109, 34.763643], [135.394029, 34.763721], [135.393934, 34.763813], [135.393824, 34.763881], [135.393645, 34.763992], [135.393413, 34.764024], [135.393264, 34.764034], [135.393226, 34.764036], [135.393045, 34.764084], [135.393037, 34.764221], [135.393033, 34.764296], [135.39303, 34.764348], [135.393023, 34.764466], [135.393001, 34.764621], [135.392821, 34.764764], [135.392632, 34.764901], [135.392575, 34.764943], [135.392416, 34.765033], [135.392256, 34.765116], [135.392054, 34.765241], [135.391859, 34.765295], [135.391707, 34.765307], [135.391497, 34.765277], [135.391237, 34.765206], [135.390999, 34.765152], [135.390695, 34.765199], [135.390398, 34.765253], [135.390303, 34.765306], [135.390284, 34.765317], [135.390213, 34.765357], [135.390079, 34.765432], [135.390037, 34.765456], [135.390051, 34.765506], [135.390083, 34.765619], [135.39016, 34.765891], [135.390161, 34.76591], [135.390189, 34.766211], [135.390203, 34.766509], [135.390239, 34.766616], [135.390413, 34.766944], [135.390471, 34.76716], [135.390548, 34.767446], [135.390593, 34.767611], [135.390641, 34.767789], [135.39068, 34.767934], [135.390676, 34.768013], [135.39067, 34.7681], [135.390659, 34.768286], [135.390565, 34.768456], [135.390413, 34.768747], [135.39037, 34.768829], [135.39029, 34.768981], [135.390189, 34.769202], [135.390174, 34.769327], [135.390088, 34.769685], [135.390029, 34.769929], [135.389915, 34.770009], [135.389798, 34.770091], [135.389755, 34.770431], [135.389711, 34.770538], [135.389675, 34.770687], [135.389651, 34.770751], [135.389624, 34.770824], [135.389574, 34.770827], [135.389299, 34.77075], [135.389256, 34.770684], [135.389213, 34.770577], [135.389111, 34.770511], [135.38893, 34.770487], [135.388562, 34.770446], [135.388193, 34.770458], [135.387925, 34.770547], [135.387839, 34.770684], [135.387716, 34.770714], [135.387673, 34.770711], [135.387513, 34.770702], [135.387383, 34.770613], [135.38734, 34.770428], [135.387339, 34.7704], [135.387335, 34.770323], [135.387333, 34.770253], [135.387347, 34.770098], [135.38721, 34.770062], [135.386978, 34.770038], [135.386841, 34.77002], [135.386602, 34.769991], [135.386552, 34.769931], [135.386537, 34.769812], [135.386559, 34.769726], [135.386573, 34.769668], [135.386595, 34.769579], [135.386611, 34.769554], [135.386666, 34.769466], [135.386737, 34.769354], [135.386783, 34.76928], [135.386829, 34.769208], [135.386879, 34.769127], [135.386946, 34.76902], [135.386973, 34.768979], [135.387, 34.768935], [135.386964, 34.768881], [135.386954, 34.76888], [135.386863, 34.768869], [135.386817, 34.768862], [135.386674, 34.768839], [135.386508, 34.76881], [135.386437, 34.768803], [135.38632, 34.768792], [135.386183, 34.768759], [135.385959, 34.768723], [135.385648, 34.768705], [135.385065, 34.768726], [135.384919, 34.768732], [135.384664, 34.768741], [135.384041, 34.768736], [135.383999, 34.768735], [135.383987, 34.768952], [135.383956, 34.76951], [135.383949, 34.76951], [135.383864, 34.769507], [135.383433, 34.769494], [135.38339, 34.769492], [135.383349, 34.769491], [135.382922, 34.769478], [135.3829, 34.769639], [135.382864, 34.769674], [135.382736, 34.769693], [135.382684, 34.7697], [135.382654, 34.769704], [135.382609, 34.769723], [135.382553, 34.769746], [135.382539, 34.769901], [135.382531, 34.770343], [135.382546, 34.770504], [135.382611, 34.770617], [135.382659, 34.770631], [135.382821, 34.770677], [135.38298, 34.770694], [135.383233, 34.770748], [135.383457, 34.770832], [135.383484, 34.770854], [135.383862, 34.771166], [135.383905, 34.771303], [135.383912, 34.771428], [135.383913, 34.77144], [135.383922, 34.771501], [135.383944, 34.77164], [135.383949, 34.771673], [135.383934, 34.771819], [135.383876, 34.772159], [135.383696, 34.772857], [135.383334, 34.772821], [135.383319, 34.772902], [135.383278, 34.773121], [135.383278, 34.773123], [135.383241, 34.773316], [135.383235, 34.773348], [135.383211, 34.773477], [135.383283, 34.773561], [135.383551, 34.773883], [135.383585, 34.773958], [135.383616, 34.774026], [135.383435, 34.774002], [135.383433, 34.774001], [135.383312, 34.77397], [135.383297, 34.773966], [135.382835, 34.773847], [135.382688, 34.773837], [135.382531, 34.773827], [135.382466, 34.773823], [135.381837, 34.773805], [135.381656, 34.773811], [135.381613, 34.773864], [135.381613, 34.774076], [135.381599, 34.774273], [135.381439, 34.77444], [135.381331, 34.774506], [135.381237, 34.774607], [135.381142, 34.774769], [135.381138, 34.774777], [135.381099, 34.774843], [135.381027, 34.774965], [135.380883, 34.775126], [135.380745, 34.775228], [135.380461, 34.775382], [135.380406, 34.775413], [135.380297, 34.77546], [135.380164, 34.775526], [135.380116, 34.77555], [135.379943, 34.775687], [135.37974, 34.775913], [135.379639, 34.776092], [135.379596, 34.776229], [135.379525, 34.776776], [135.379502, 34.77696], [135.37948, 34.777217], [135.379437, 34.777557], [135.379299, 34.778016], [135.379176, 34.778326], [135.379105, 34.778484], [135.379064, 34.778576], [135.378988, 34.778744], [135.378894, 34.77883], [135.378775, 34.778795], [135.378664, 34.778762], [135.378604, 34.778744], [135.378527, 34.778721], [135.37832, 34.778659], [135.378215, 34.778627], [135.378034, 34.778615], [135.377962, 34.778764], [135.377918, 34.778884], [135.377839, 34.77892], [135.377745, 34.778914], [135.377499, 34.778818], [135.377333, 34.778783], [135.377144, 34.778788], [135.376747, 34.778771], [135.376537, 34.778783], [135.376494, 34.778836], [135.376494, 34.778949], [135.376488, 34.778962], [135.376417, 34.779117], [135.37641, 34.779132], [135.376393, 34.77917], [135.376356, 34.779361], [135.37636, 34.779435], [135.376378, 34.779791], [135.376342, 34.780375], [135.376184, 34.78036], [135.376183, 34.78036], [135.376031, 34.780345], [135.375937, 34.780375], [135.375843, 34.780506], [135.375807, 34.780631], [135.375698, 34.780727], [135.375511, 34.780775], [135.375416, 34.780703], [135.375279, 34.780608], [135.375268, 34.780603], [135.375048, 34.780524], [135.375031, 34.780522], [135.374955, 34.780513], [135.374903, 34.780507], [135.374701, 34.780482], [135.37463, 34.780488], [135.374571, 34.780493], [135.374484, 34.7805], [135.374367, 34.780532], [135.374269, 34.780559], [135.374158, 34.78059], [135.373963, 34.780715], [135.373688, 34.780936], [135.37345, 34.78123], [135.37345, 34.78123], [135.37338, 34.781522], [135.373359, 34.781737], [135.373264, 34.782076], [135.373163, 34.782309], [135.373055, 34.782855], [135.372939, 34.783166], [135.372816, 34.783499], [135.372748, 34.783701], [135.372693, 34.783863], [135.372469, 34.784269], [135.372359, 34.784454], [135.372359, 34.784454], [135.37231, 34.784537], [135.3722, 34.784695], [135.372151, 34.784773], [135.372105, 34.784844], [135.372066, 34.78492], [135.372064, 34.784923], [135.371809, 34.785417], [135.371715, 34.78559], [135.371555, 34.785883], [135.371462, 34.786055], [135.371316, 34.786325], [135.371194, 34.78655], [135.371136, 34.786681], [135.371013, 34.787069], [135.370955, 34.787289], [135.37092, 34.787419], [135.370883, 34.787558], [135.370621, 34.788361], [135.370597, 34.788436], [135.370518, 34.788677], [135.370222, 34.789434], [135.370191, 34.789528], [135.370162, 34.789616], [135.370138, 34.789688], [135.370081, 34.789849], [135.370044, 34.789986], [135.370016, 34.790129], [135.369964, 34.790478], [135.369922, 34.790768], [135.369828, 34.791316], [135.369801, 34.791482], [135.369796, 34.791517], [135.369766, 34.791707], [135.369769, 34.791756], [135.369773, 34.791844], [135.369783, 34.791892], [135.369817, 34.792064], [135.369792, 34.792183], [135.369788, 34.792202], [135.369766, 34.792315], [135.369781, 34.792399], [135.369903, 34.792524], [135.370024, 34.792586], [135.370172, 34.792664], [135.370236, 34.792697], [135.37053, 34.79291], [135.370828, 34.793126], [135.370829, 34.793127], [135.370875, 34.793161], [135.370894, 34.793174], [135.37097, 34.793314], [135.370981, 34.79361], [135.370984, 34.793708], [135.371028, 34.793851], [135.3711, 34.793934], [135.371116, 34.793936], [135.371161, 34.793942], [135.371201, 34.793946], [135.371244, 34.793911], [135.371241, 34.793825], [135.371231, 34.793524], [135.37123, 34.793511], [135.371252, 34.793515], [135.371321, 34.793528], [135.371325, 34.793529], [135.371411, 34.793545], [135.371527, 34.793567], [135.371826, 34.793623], [135.372199, 34.793693], [135.37252, 34.793794], [135.372591, 34.793831], [135.372672, 34.793872], [135.372708, 34.793693], [135.37278, 34.793556], [135.372845, 34.793377], [135.372968, 34.793198], [135.372992, 34.793139], [135.373076, 34.792929], [135.373207, 34.792554], [135.373293, 34.792422], [135.373445, 34.792285], [135.373572, 34.792282], [135.373713, 34.792279], [135.374016, 34.792345], [135.374361, 34.792404], [135.374363, 34.792404], [135.374544, 34.792404], [135.374609, 34.792393], [135.374696, 34.792261], [135.374761, 34.792255], [135.374949, 34.792285], [135.375056, 34.792316], [135.375113, 34.792332], [135.375218, 34.792363], [135.375311, 34.792389], [135.375405, 34.792416], [135.3755, 34.792427], [135.375571, 34.792434], [135.375592, 34.792414], [135.375629, 34.792381], [135.375694, 34.79216], [135.3757, 34.792072], [135.375706, 34.791988], [135.375716, 34.791862], [135.375723, 34.791677], [135.375658, 34.791474], [135.375513, 34.791319], [135.375491, 34.791265], [135.375542, 34.791158], [135.375701, 34.790997], [135.375846, 34.791044], [135.376019, 34.791134], [135.376106, 34.791128], [135.376207, 34.791056], [135.376316, 34.790913], [135.376345, 34.790809], [135.376309, 34.790606], [135.376287, 34.790457], [135.376359, 34.790409], [135.376446, 34.790451], [135.376504, 34.790588], [135.376504, 34.790698], [135.376504, 34.790857], [135.376482, 34.791036], [135.376424, 34.791244], [135.376431, 34.791399], [135.376482, 34.791465], [135.376602, 34.791537], [135.376612, 34.791543], [135.376815, 34.791561], [135.376981, 34.791537], [135.377097, 34.791489], [135.377176, 34.791352], [135.377286, 34.791108], [135.377321, 34.79103], [135.377401, 34.790952], [135.377596, 34.790928], [135.377699, 34.790941], [135.377791, 34.790952], [135.377845, 34.790932], [135.377921, 34.790904], [135.37796, 34.790876], [135.378094, 34.790779], [135.378174, 34.790725], [135.378246, 34.790743], [135.378441, 34.790874], [135.378485, 34.790982], [135.37847, 34.791101], [135.378465, 34.791211], [135.378463, 34.791256], [135.378434, 34.791334], [135.378376, 34.791459], [135.378384, 34.791555], [135.378419, 34.791607], [135.378483, 34.791699], [135.37853, 34.791769], [135.378608, 34.791883], [135.378644, 34.792014], [135.378767, 34.792229], [135.378854, 34.7923], [135.378998, 34.792342], [135.37928, 34.792348], [135.37936, 34.79239], [135.379381, 34.792903], [135.379396, 34.79304], [135.379483, 34.793254], [135.379562, 34.793401], [135.379591, 34.79352], [135.379635, 34.793603], [135.379685, 34.793806], [135.379691, 34.793823], [135.379716, 34.793899], [135.379722, 34.793916], [135.379758, 34.794021], [135.380066, 34.794423], [135.380149, 34.794531], [135.380222, 34.794626], [135.380305, 34.794735], [135.380416, 34.794879], [135.380444, 34.794916], [135.380531, 34.794999], [135.38077, 34.795196], [135.38095, 34.795286], [135.381254, 34.795405], [135.381708, 34.795566], [135.381778, 34.79559], [135.381903, 34.795634], [135.381957, 34.795654], [135.38197, 34.795658], [135.382216, 34.795694], [135.382389, 34.795706], [135.382498, 34.795682], [135.382606, 34.795587], [135.3827, 34.795491], [135.382787, 34.795444], [135.382939, 34.795462], [135.383098, 34.795521], [135.383293, 34.795593], [135.383431, 34.795724], [135.383423, 34.795885], [135.383394, 34.796112], [135.383286, 34.796279], [135.383011, 34.796571], [135.382989, 34.796604], [135.382933, 34.796686], [135.382319, 34.797584], [135.382216, 34.797736], [135.382093, 34.797915], [135.381846, 34.798347], [135.381771, 34.798477], [135.381551, 34.798863], [135.381341, 34.799239], [135.380719, 34.800411], [135.380535, 34.800739], [135.380485, 34.800828], [135.380455, 34.800882], [135.380409, 34.800964], [135.380321, 34.801121], [135.380271, 34.801228], [135.380119, 34.801556], [135.379555, 34.802507], [135.379532, 34.802552], [135.379403, 34.802811], [135.379344, 34.802913], [135.379121, 34.803294], [135.379049, 34.803462], [135.378978, 34.803592], [135.378774, 34.803969], [135.378674, 34.804177], [135.378511, 34.804516], [135.378174, 34.805218], [135.378143, 34.80528]]]}}, {"type": "Feature", "id": "did-1990-55", "properties": {"A16_001": "282101", "A16_002": "28210", "A16_003": "加古川市", "A16_004": "1", "A16_005": "158930", "A16_006": "33.80", "A16_007": "136903", "A16_008": "31.30", "A16_009": "66.30", "A16_010": "24.40", "A16_011": "1990", "year": 1990, "population": 158930.0, "areaKm2": 33.8, "density": 4702.07100591716}, "geometry": {"type": "Polygon", "coordinates": [[[134.810344, 34.747597], [134.810342, 34.747604], [134.8103, 34.747776], [134.810223, 34.74809], [134.810112, 34.748544], [134.809956, 34.749346], [134.80993, 34.749471], [134.809827, 34.749972], [134.809772, 34.750236], [134.809281, 34.752426], [134.809244, 34.7526], [134.809244, 34.7526], [134.81261, 34.753058], [134.813183, 34.752988], [134.814041, 34.752547], [134.815972, 34.75378], [134.816918, 34.754749], [134.816799, 34.755489], [134.816349, 34.755525], [134.816309, 34.75576], [134.815981, 34.755762], [134.815372, 34.756739], [134.815863, 34.756703], [134.816726, 34.757236], [134.817136, 34.757369], [134.817873, 34.757399], [134.817997, 34.7577], [134.817016, 34.758075], [134.816276, 34.75744], [134.814358, 34.758828], [134.816743, 34.760865], [134.820172, 34.758428], [134.82013, 34.758227], [134.822538, 34.756501], [134.822783, 34.7565], [134.823845, 34.755789], [134.82331, 34.755355], [134.824289, 34.754611], [134.824205, 34.754074], [134.82551, 34.752958], [134.824892, 34.752256], [134.826073, 34.750839], [134.825375, 34.750473], [134.824596, 34.750342], [134.825044, 34.749836], [134.82529, 34.750003], [134.82631, 34.749091], [134.827412, 34.748413], [134.831149, 34.750443], [134.825477, 34.754537], [134.826175, 34.754971], [134.825808, 34.755241], [134.826795, 34.75611], [134.822591, 34.759121], [134.821203, 34.760036], [134.821511, 34.760084], [134.821472, 34.760437], [134.822066, 34.760535], [134.821678, 34.76084], [134.822686, 34.761792], [134.822258, 34.762113], [134.822443, 34.762331], [134.822974, 34.762009], [134.82318, 34.762276], [134.823343, 34.762091], [134.823732, 34.762122], [134.823674, 34.76266], [134.82437, 34.762707], [134.824803, 34.763175], [134.82419, 34.763598], [134.823761, 34.763735], [134.823167, 34.763788], [134.825387, 34.76549], [134.824567, 34.765327], [134.824034, 34.765128], [134.823565, 34.765634], [134.823177, 34.765771], [134.822458, 34.765237], [134.821533, 34.764704], [134.820309, 34.765701], [134.820064, 34.76577], [134.819797, 34.76557], [134.819656, 34.766041], [134.820292, 34.766407], [134.820293, 34.766541], [134.820089, 34.766677], [134.820994, 34.767394], [134.818627, 34.769321], [134.819473, 34.77098], [134.819543, 34.771094], [134.819543, 34.771094], [134.819809, 34.771038], [134.820688, 34.770958], [134.821116, 34.77092], [134.821594, 34.77092], [134.821602, 34.77092], [134.822328, 34.77096], [134.822347, 34.770961], [134.822867, 34.770982], [134.823235, 34.771051], [134.823294, 34.771113], [134.823294, 34.771114], [134.823286, 34.771314], [134.823223, 34.771631], [134.823202, 34.771742], [134.822862, 34.773301], [134.822858, 34.773318], [134.822859, 34.773348], [134.822862, 34.773562], [134.822865, 34.773766], [134.822866, 34.773829], [134.822808, 34.774105], [134.822657, 34.774285], [134.822439, 34.774313], [134.821144, 34.774233], [134.821007, 34.774225], [134.821001, 34.774225], [134.820856, 34.774216], [134.820856, 34.774217], [134.821083, 34.77488], [134.821535, 34.776206], [134.821445, 34.77621], [134.820483, 34.776254], [134.820483, 34.776356], [134.820479, 34.776718], [134.820478, 34.776787], [134.820475, 34.777166], [134.82049, 34.777399], [134.820537, 34.778112], [134.82055, 34.778313], [134.820558, 34.778445], [134.820559, 34.778452], [134.820574, 34.778711], [134.820584, 34.778887], [134.820551, 34.779122], [134.820487, 34.779237], [134.820458, 34.779288], [134.820444, 34.779301], [134.819891, 34.779796], [134.819621, 34.780037], [134.819355, 34.780223], [134.819344, 34.780231], [134.819272, 34.780248], [134.819086, 34.780292], [134.818986, 34.780316], [134.818912, 34.780334], [134.818909, 34.780334], [134.818711, 34.780368], [134.818607, 34.780385], [134.818446, 34.780411], [134.818038, 34.780479], [134.81795, 34.780506], [134.817761, 34.780563], [134.817698, 34.780619], [134.817694, 34.780624], [134.817678, 34.780639], [134.817653, 34.780643], [134.817638, 34.780646], [134.817527, 34.780666], [134.817519, 34.780666], [134.81728, 34.780666], [134.81715, 34.780666], [134.817036, 34.780666], [134.816977, 34.780666], [134.816551, 34.780666], [134.816249, 34.780639], [134.815989, 34.780687], [134.815721, 34.780694], [134.815487, 34.780556], [134.815177, 34.780493], [134.815173, 34.780493], [134.814934, 34.780507], [134.814894, 34.780528], [134.81484, 34.780556], [134.814681, 34.78064], [134.814658, 34.780652], [134.814558, 34.780749], [134.814516, 34.780791], [134.814381, 34.780922], [134.814248, 34.781046], [134.814071, 34.781115], [134.813879, 34.781157], [134.813196, 34.781329], [134.812886, 34.781385], [134.81288, 34.781384], [134.812593, 34.781343], [134.812208, 34.781205], [134.812207, 34.781207], [134.812092, 34.781441], [134.812032, 34.781564], [134.811646, 34.782104], [134.811549, 34.782222], [134.811471, 34.782318], [134.811455, 34.782364], [134.811424, 34.782457], [134.811387, 34.782567], [134.811002, 34.782981], [134.810926, 34.783065], [134.81039, 34.783658], [134.810147, 34.783859], [134.810063, 34.783904], [134.809393, 34.784261], [134.809206, 34.78436], [134.808981, 34.784479], [134.808966, 34.784488], [134.808966, 34.784488], [134.808981, 34.784489], [134.809037, 34.784494], [134.80919, 34.784506], [134.809356, 34.784519], [134.809726, 34.78455], [134.809945, 34.784572], [134.810152, 34.784594], [134.810388, 34.784618], [134.810522, 34.784632], [134.810688, 34.784649], [134.810791, 34.784659], [134.810974, 34.784678], [134.810999, 34.784681], [134.811042, 34.784727], [134.811081, 34.784769], [134.811165, 34.784858], [134.811846, 34.784536], [134.812133, 34.784392], [134.812289, 34.784314], [134.81247, 34.784224], [134.81253, 34.784194], [134.812885, 34.784018], [134.812887, 34.784021], [134.812893, 34.784018], [134.812982, 34.78412], [134.81306, 34.784208], [134.813212, 34.784381], [134.813586, 34.784807], [134.813688, 34.784923], [134.81365, 34.784945], [134.813377, 34.785106], [134.813336, 34.78513], [134.813467, 34.785335], [134.813696, 34.785696], [134.813613, 34.785745], [134.813676, 34.785864], [134.813914, 34.786308], [134.814346, 34.786713], [134.81435, 34.786716], [134.814354, 34.786745], [134.814366, 34.786833], [134.814343, 34.786858], [134.8143, 34.786902], [134.814266, 34.786937], [134.814203, 34.786931], [134.814191, 34.78693], [134.814126, 34.78688], [134.81394, 34.787084], [134.814885, 34.787667], [134.815641, 34.787109], [134.816422, 34.78771], [134.817687, 34.786679], [134.817461, 34.786579], [134.818155, 34.786038], [134.818647, 34.786052], [134.819362, 34.785713], [134.819851, 34.785206], [134.820078, 34.785575], [134.820648, 34.784732], [134.821099, 34.784898], [134.820876, 34.785218], [134.823073, 34.786399], [134.825425, 34.785614], [134.827142, 34.784833], [134.828838, 34.7839], [134.830859, 34.782512], [134.83243, 34.781412], [134.832557, 34.782083], [134.833559, 34.781792], [134.834459, 34.781586], [134.835729, 34.781529], [134.836647, 34.78092], [134.837586, 34.780108], [134.838851, 34.779144], [134.839504, 34.77867], [134.839972, 34.778114], [134.844161, 34.780241], [134.847404, 34.781467], [134.85122, 34.782656], [134.854131, 34.78301], [134.854938, 34.780654], [134.854446, 34.780589], [134.854525, 34.780152], [134.855221, 34.780014], [134.85587, 34.7787], [134.855868, 34.778331], [134.856156, 34.778531], [134.856278, 34.778463], [134.856112, 34.778061], [134.856644, 34.777923], [134.857262, 34.778592], [134.857506, 34.778322], [134.859636, 34.778243], [134.859798, 34.777873], [134.860207, 34.777837], [134.860328, 34.777366], [134.860491, 34.777264], [134.860158, 34.776292], [134.859972, 34.776024], [134.860237, 34.77572], [134.859315, 34.775658], [134.859298, 34.776246], [134.858766, 34.776417], [134.857478, 34.776911], [134.856592, 34.775942], [134.856041, 34.776264], [134.85561, 34.775997], [134.85514, 34.776218], [134.853883, 34.774881], [134.854434, 34.774425], [134.85466, 34.774591], [134.854844, 34.77449], [134.85476, 34.774238], [134.855209, 34.773849], [134.855864, 34.773779], [134.855778, 34.773006], [134.855633, 34.772755], [134.857639, 34.772425], [134.857043, 34.772092], [134.856939, 34.771807], [134.859222, 34.769796], [134.857947, 34.768812], [134.853214, 34.772231], [134.852473, 34.771596], [134.851569, 34.771097], [134.851954, 34.770238], [134.853137, 34.769291], [134.853403, 34.769374], [134.856726, 34.766467], [134.855862, 34.765783], [134.856475, 34.765376], [134.856084, 34.765042], [134.855754, 34.764574], [134.855443, 34.76387], [134.853837, 34.762199], [134.852831, 34.761885], [134.850936, 34.763693], [134.851081, 34.76386], [134.850612, 34.764249], [134.848308, 34.762346], [134.847268, 34.763124], [134.846342, 34.762273], [134.849812, 34.76007], [134.848599, 34.759304], [134.846648, 34.758239], [134.849503, 34.755822], [134.850058, 34.756273], [134.85006, 34.756693], [134.850307, 34.75696], [134.84992, 34.757348], [134.850599, 34.758], [134.850803, 34.757848], [134.850968, 34.757998], [134.851233, 34.757778], [134.851171, 34.757678], [134.851476, 34.75734], [134.850756, 34.756722], [134.850632, 34.756354], [134.851084, 34.756653], [134.851758, 34.75628], [134.852107, 34.756547], [134.85252, 34.757267], [134.853302, 34.757851], [134.855282, 34.756664], [134.856312, 34.757851], [134.858831, 34.757972], [134.857853, 34.758817], [134.858203, 34.759185], [134.858856, 34.758745], [134.859287, 34.759028], [134.859288, 34.75923], [134.858922, 34.759652], [134.858863, 34.760055], [134.862302, 34.759851], [134.862979, 34.763863], [134.863655, 34.763808], [134.86374, 34.764396], [134.865173, 34.764321], [134.865253, 34.7639], [134.865457, 34.763899], [134.865414, 34.763429], [134.865042, 34.762877], [134.864959, 34.762558], [134.86493, 34.761047], [134.864533, 34.759587], [134.864286, 34.759454], [134.863671, 34.759306], [134.863384, 34.759174], [134.8618, 34.757788], [134.861168, 34.758363], [134.859952, 34.756958], [134.863763, 34.753544], [134.866965, 34.754954], [134.867412, 34.75428], [134.868911, 34.755128], [134.869254, 34.754219], [134.870692, 34.755018], [134.871555, 34.755483], [134.871965, 34.755649], [134.872867, 34.755778], [134.873462, 34.756027], [134.873445, 34.756615], [134.873633, 34.757303], [134.874513, 34.75713], [134.874881, 34.757111], [134.874723, 34.758153], [134.87413, 34.758207], [134.874131, 34.758409], [134.872419, 34.759913], [134.871497, 34.759935], [134.87115, 34.760122], [134.870903, 34.759922], [134.870824, 34.760392], [134.870416, 34.76063], [134.8697, 34.760768], [134.869454, 34.760753], [134.869595, 34.760349], [134.868532, 34.76059], [134.868784, 34.761748], [134.869134, 34.762132], [134.869565, 34.762365], [134.869954, 34.762363], [134.871304, 34.761918], [134.871507, 34.761649], [134.872243, 34.761477], [134.872856, 34.761171], [134.873692, 34.760612], [134.874307, 34.760575], [134.874798, 34.760639], [134.875725, 34.761508], [134.875991, 34.761506], [134.876485, 34.76194], [134.876282, 34.762344], [134.876569, 34.76236], [134.877876, 34.761663], [134.877768, 34.760606], [134.87911, 34.759019], [134.880422, 34.759212], [134.880432, 34.759174], [134.880369, 34.759016], [134.880346, 34.758787], [134.880328, 34.758587], [134.880299, 34.758351], [134.881034, 34.757511], [134.881387, 34.757062], [134.881219, 34.756953], [134.880681, 34.756704], [134.88049, 34.75659], [134.88044, 34.756545], [134.880346, 34.756461], [134.880247, 34.756323], [134.880178, 34.756132], [134.880137, 34.755909], [134.880131, 34.755823], [134.880189, 34.755732], [134.880323, 34.755608], [134.880456, 34.755413], [134.880641, 34.755246], [134.880837, 34.755131], [134.880918, 34.755036], [134.881063, 34.754711], [134.881179, 34.754506], [134.8813, 34.754353], [134.881462, 34.754239], [134.881734, 34.754105], [134.881826, 34.754], [134.881861, 34.753857], [134.881948, 34.753723], [134.882035, 34.753542], [134.882063, 34.753349], [134.882062, 34.753292], [134.882043, 34.75326], [134.882011, 34.753239], [134.881862, 34.753174], [134.881825, 34.753161], [134.881606, 34.753082], [134.881216, 34.753016], [134.880896, 34.752963], [134.880768, 34.75291], [134.880719, 34.752839], [134.880778, 34.752817], [134.881146, 34.752786], [134.881435, 34.752764], [134.881675, 34.752716], [134.881963, 34.752645], [134.882139, 34.752566], [134.882204, 34.7525], [134.88222, 34.752393], [134.882246, 34.752222], [134.882246, 34.752206], [134.882007, 34.752157], [134.879196, 34.752333], [134.8775, 34.749252], [134.877745, 34.749116], [134.879422, 34.748804], [134.879911, 34.748365], [134.880522, 34.74779], [134.88175, 34.747783], [134.882568, 34.747476], [134.883309, 34.748278], [134.884252, 34.748408], [134.884946, 34.748101], [134.885274, 34.748083], [134.885641, 34.747913], [134.885392, 34.747192], [134.884673, 34.747129], [134.884478, 34.747053], [134.884406, 34.74671], [134.884814, 34.746506], [134.885627, 34.745406], [134.885783, 34.745247], [134.885708, 34.745157], [134.885599, 34.745031], [134.885481, 34.745101], [134.885321, 34.745139], [134.885184, 34.745126], [134.88507, 34.745076], [134.884994, 34.744913], [134.884975, 34.744779], [134.884929, 34.744572], [134.884853, 34.744333], [134.884689, 34.744096], [134.884522, 34.74385], [134.884412, 34.743704], [134.884324, 34.743637], [134.884199, 34.743541], [134.884016, 34.743384], [134.883668, 34.743058], [134.883514, 34.742913], [134.883483, 34.742812], [134.883575, 34.742624], [134.883933, 34.742291], [134.884366, 34.741926], [134.884587, 34.741724], [134.884648, 34.741669], [134.884792, 34.74143], [134.884857, 34.741308], [134.884884, 34.741287], [134.884956, 34.741233], [134.885108, 34.741163], [134.885275, 34.741063], [134.885557, 34.740811], [134.885861, 34.740529], [134.886097, 34.740353], [134.886318, 34.740164], [134.886501, 34.739969], [134.886607, 34.739907], [134.886652, 34.739907], [134.886744, 34.739907], [134.886912, 34.739888], [134.887056, 34.739781], [134.887284, 34.739561], [134.887521, 34.739404], [134.887718, 34.739215], [134.88781, 34.739046], [134.887806, 34.738794], [134.887776, 34.738618], [134.887699, 34.738493], [134.887539, 34.738423], [134.887288, 34.738417], [134.887098, 34.738373], [134.886938, 34.738266], [134.886809, 34.738078], [134.886649, 34.737946], [134.886406, 34.737877], [134.886048, 34.73777], [134.885873, 34.737669], [134.885797, 34.7375], [134.885819, 34.73733], [134.885987, 34.73716], [134.886238, 34.737035], [134.886379, 34.736959], [134.886527, 34.736875], [134.886577, 34.736846], [134.886744, 34.736702], [134.886858, 34.736607], [134.886995, 34.736582], [134.887094, 34.736601], [134.887178, 34.736683], [134.887208, 34.736846], [134.887231, 34.736972], [134.887338, 34.737085], [134.887452, 34.737123], [134.887604, 34.737047], [134.88781, 34.736878], [134.888236, 34.73645], [134.888365, 34.736287], [134.888335, 34.736193], [134.888266, 34.736104], [134.888076, 34.736067], [134.887871, 34.736142], [134.887741, 34.736149], [134.887703, 34.736029], [134.887703, 34.735803], [134.887779, 34.735677], [134.887901, 34.735445], [134.888137, 34.735018], [134.888339, 34.734722], [134.888559, 34.734414], [134.888757, 34.734244], [134.888925, 34.734119], [134.889024, 34.733893], [134.889077, 34.733654], [134.889115, 34.733566], [134.889198, 34.733503], [134.889343, 34.733541], [134.88948, 34.733673], [134.88964, 34.733648], [134.889754, 34.733553], [134.889777, 34.733396], [134.889769, 34.733258], [134.889716, 34.733107], [134.88961, 34.732951], [134.889537, 34.732843], [134.889545, 34.732724], [134.889583, 34.732617], [134.889788, 34.732516], [134.890081, 34.732387], [134.890151, 34.732357], [134.890206, 34.732332], [134.89023, 34.732322], [134.890397, 34.732246], [134.890595, 34.732083], [134.890724, 34.731989], [134.890823, 34.731888], [134.89093, 34.731775], [134.890967, 34.731703], [134.890998, 34.731643], [134.891038, 34.731555], [134.891052, 34.731524], [134.891074, 34.731467], [134.891137, 34.731463], [134.891166, 34.731461], [134.891288, 34.731486], [134.891736, 34.731838], [134.892208, 34.732152], [134.892408, 34.732266], [134.892539, 34.732266], [134.892608, 34.732232], [134.892704, 34.732185], [134.893051, 34.732445], [134.893168, 34.732518], [134.893298, 34.732397], [134.89361, 34.732089], [134.893854, 34.731907], [134.893911, 34.731874], [134.894097, 34.731769], [134.894401, 34.731593], [134.894706, 34.731417], [134.894988, 34.731297], [134.895182, 34.731148], [134.895342, 34.73094], [134.895472, 34.73084], [134.895647, 34.730771], [134.895768, 34.730739], [134.895817, 34.730712], [134.895989, 34.730614], [134.896009, 34.730594], [134.896065, 34.730538], [134.89621, 34.730507], [134.89643, 34.730551], [134.89659, 34.730538], [134.896735, 34.730457], [134.896784, 34.730375], [134.896792, 34.73018], [134.896822, 34.730004], [134.896936, 34.729954], [134.897264, 34.729904], [134.89753, 34.729828], [134.897728, 34.729734], [134.897888, 34.729665], [134.897941, 34.72952], [134.897933, 34.729394], [134.897842, 34.729338], [134.897713, 34.729269], [134.897796, 34.729219], [134.898124, 34.729105], [134.898398, 34.729049], [134.898542, 34.728986], [134.898664, 34.728841], [134.898687, 34.728739], [134.898725, 34.728571], [134.898729, 34.728482], [134.898821, 34.728319], [134.898859, 34.728174], [134.898836, 34.728055], [134.898897, 34.727929], [134.899079, 34.727772], [134.899177, 34.727642], [134.899216, 34.72759], [134.8993, 34.727408], [134.899375, 34.727305], [134.899391, 34.727282], [134.899475, 34.727074], [134.899879, 34.725899], [134.899925, 34.72576], [134.899981, 34.725591], [134.899981, 34.725591], [134.899099, 34.725548], [134.898292, 34.725478], [134.897912, 34.72544], [134.897708, 34.725419], [134.897546, 34.725403], [134.897363, 34.725364], [134.897251, 34.72534], [134.897105, 34.725309], [134.897032, 34.725286], [134.896999, 34.725276], [134.896679, 34.725177], [134.896099, 34.724989], [134.896058, 34.724976], [134.896004, 34.724951], [134.895963, 34.724933], [134.895874, 34.724893], [134.895754, 34.72484], [134.895663, 34.724799], [134.895495, 34.724724], [134.894821, 34.724366], [134.894683, 34.724349], [134.894589, 34.724337], [134.894463, 34.724322], [134.894398, 34.724344], [134.894194, 34.724413], [134.893923, 34.724504], [134.893798, 34.724532], [134.893706, 34.724552], [134.893611, 34.724573], [134.893238, 34.724523], [134.892888, 34.724341], [134.892728, 34.724184], [134.892614, 34.72397], [134.892363, 34.723725], [134.892123, 34.723593], [134.891913, 34.723463], [134.891864, 34.723432], [134.891849, 34.723423], [134.891705, 34.723267], [134.891651, 34.723209], [134.891616, 34.723173], [134.891476, 34.723027], [134.89144, 34.723001], [134.890997, 34.722669], [134.890913, 34.722562], [134.890908, 34.722539], [134.890891, 34.722459], [134.890881, 34.722414], [134.890853, 34.722286], [134.890834, 34.72211], [134.89083, 34.722072], [134.890829, 34.722017], [134.890827, 34.721888], [134.890825, 34.721686], [134.890823, 34.721555], [134.890822, 34.721464], [134.890716, 34.721225], [134.890716, 34.721225], [134.890433, 34.721473], [134.890347, 34.721549], [134.890266, 34.72162], [134.89, 34.721854], [134.889674, 34.722116], [134.889419, 34.722321], [134.889304, 34.722414], [134.889062, 34.72261], [134.888217, 34.723163], [134.887656, 34.723388], [134.88709, 34.723676], [134.886803, 34.723822], [134.886579, 34.723959], [134.886579, 34.723959], [134.886194, 34.724193], [134.885661, 34.724488], [134.885083, 34.724934], [134.884985, 34.725039], [134.884718, 34.725323], [134.884569, 34.725562], [134.884455, 34.725789], [134.884341, 34.725876], [134.884143, 34.725927], [134.883923, 34.725964], [134.883778, 34.726096], [134.883717, 34.726254], [134.883733, 34.72648], [134.883869, 34.726618], [134.883968, 34.726794], [134.884075, 34.727071], [134.884143, 34.727303], [134.884146, 34.727437], [134.884147, 34.727491], [134.884071, 34.727799], [134.883919, 34.728032], [134.883721, 34.728208], [134.883515, 34.728252], [134.883348, 34.728227], [134.883287, 34.728057], [134.883158, 34.727755], [134.883128, 34.727661], [134.883021, 34.727579], [134.882876, 34.727636], [134.882377, 34.728065], [134.882257, 34.728168], [134.882123, 34.728283], [134.881317, 34.729031], [134.880774, 34.729535], [134.88063, 34.729656], [134.880546, 34.729726], [134.880405, 34.729845], [134.880345, 34.729895], [134.88019, 34.730026], [134.880096, 34.730104], [134.879996, 34.730189], [134.879869, 34.730296], [134.8798, 34.730277], [134.879603, 34.730013], [134.879405, 34.729629], [134.87926, 34.729473], [134.879224, 34.729444], [134.879111, 34.729354], [134.879039, 34.729296], [134.879034, 34.729286], [134.878925, 34.729051], [134.878896, 34.728973], [134.87886, 34.728873], [134.878849, 34.728844], [134.878819, 34.728683], [134.878788, 34.728517], [134.878906, 34.728416], [134.879002, 34.728335], [134.879237, 34.728134], [134.879326, 34.728059], [134.879564, 34.727855], [134.879608, 34.727818], [134.879872, 34.727592], [134.879921, 34.72755], [134.879954, 34.727522], [134.880182, 34.727328], [134.880256, 34.727264], [134.880539, 34.727023], [134.880584, 34.726985], [134.88061, 34.726947], [134.880706, 34.726809], [134.880719, 34.726685], [134.880724, 34.726644], [134.880736, 34.726526], [134.880744, 34.726404], [134.880749, 34.726316], [134.880751, 34.726275], [134.880262, 34.726175], [134.879861, 34.726093], [134.879576, 34.726036], [134.879502, 34.726006], [134.879211, 34.725885], [134.878921, 34.726419], [134.878739, 34.726841], [134.878617, 34.727079], [134.878427, 34.727381], [134.878084, 34.72762], [134.877573, 34.728102], [134.87739, 34.728354], [134.877144, 34.728819], [134.87707, 34.728957], [134.87696, 34.728979], [134.876662, 34.729002], [134.876368, 34.728982], [134.876035, 34.728828], [134.875588, 34.728202], [134.872996, 34.731312], [134.872998, 34.731673], [134.872768, 34.732183], [134.872382, 34.732545], [134.871761, 34.732316], [134.871684, 34.732443], [134.871503, 34.732338], [134.871271, 34.73253], [134.870521, 34.732322], [134.870135, 34.732664], [134.868421, 34.73121], [134.867752, 34.731659], [134.867545, 34.731533], [134.86721, 34.731747], [134.867574, 34.732169], [134.867833, 34.732231], [134.868041, 34.732485], [134.867732, 34.732719], [134.867862, 34.73291], [134.867554, 34.733208], [134.86618, 34.732516], [134.865796, 34.733091], [134.86551, 34.732732], [134.864941, 34.732629], [134.864911, 34.731972], [134.864291, 34.731996], [134.864139, 34.732485], [134.863958, 34.732465], [134.863749, 34.732105], [134.863335, 34.731959], [134.862586, 34.732027], [134.862175, 34.732389], [134.86207, 34.732072], [134.861427, 34.732796], [134.860831, 34.732354], [134.859519, 34.733464], [134.858669, 34.734041], [134.858615, 34.733554], [134.856463, 34.732124], [134.856098, 34.731596], [134.855607, 34.731598], [134.854518, 34.730756], [134.854671, 34.730522], [134.853684, 34.729488], [134.852961, 34.729619], [134.852697, 34.728497], [134.857214, 34.725722], [134.857223, 34.725704], [134.857223, 34.725704], [134.857192, 34.725682], [134.857106, 34.725663], [134.856978, 34.725678], [134.856931, 34.725693], [134.856707, 34.725763], [134.856453, 34.725792], [134.856233, 34.725792], [134.856161, 34.725771], [134.856127, 34.725761], [134.856054, 34.725739], [134.855875, 34.725687], [134.855696, 34.725668], [134.854814, 34.725674], [134.854361, 34.72567], [134.853872, 34.725666], [134.85363, 34.725664], [134.853497, 34.725659], [134.853381, 34.725612], [134.853344, 34.725512], [134.853329, 34.725473], [134.853335, 34.725316], [134.853324, 34.725158], [134.853278, 34.724961], [134.85327, 34.724925], [134.853254, 34.724858], [134.853191, 34.724691], [134.85311, 34.724566], [134.853069, 34.724505], [134.853041, 34.72442], [134.853018, 34.724347], [134.853023, 34.724242], [134.853088, 34.723987], [134.853106, 34.723834], [134.853083, 34.723696], [134.853079, 34.72369], [134.853021, 34.723604], [134.852828, 34.723314], [134.852834, 34.723262], [134.853036, 34.723152], [134.853083, 34.723071], [134.853065, 34.722956], [134.852992, 34.722813], [134.852955, 34.722741], [134.852655, 34.722393], [134.85247, 34.722379], [134.852389, 34.722417], [134.852321, 34.722467], [134.852207, 34.72255], [134.852083, 34.722641], [134.851817, 34.722813], [134.851713, 34.722837], [134.851626, 34.722803], [134.851535, 34.722353], [134.851316, 34.72229], [134.851168, 34.722236], [134.851119, 34.722219], [134.851004, 34.722138], [134.850975, 34.722028], [134.850992, 34.721918], [134.85109, 34.72178], [134.85131, 34.721608], [134.851472, 34.721556], [134.851576, 34.721545], [134.851709, 34.721532], [134.852101, 34.721528], [134.852171, 34.721527], [134.852188, 34.721475], [134.852175, 34.721379], [134.852159, 34.721265], [134.85209, 34.721203], [134.851928, 34.721169], [134.851789, 34.721177], [134.851406, 34.721198], [134.851157, 34.721211], [134.850605, 34.721241], [134.850168, 34.721267], [134.850011, 34.721277], [134.849637, 34.721299], [134.849475, 34.72129], [134.849366, 34.721251], [134.849333, 34.721224], [134.849279, 34.72118], [134.849193, 34.721023], [134.849183, 34.720991], [134.849147, 34.720867], [134.849054, 34.720545], [134.849039, 34.720458], [134.848944, 34.719896], [134.848944, 34.719783], [134.848944, 34.719507], [134.848948, 34.71946], [134.848949, 34.719456], [134.848973, 34.719186], [134.848982, 34.719089], [134.848998, 34.718914], [134.849058, 34.718251], [134.849065, 34.718176], [134.849041, 34.718149], [134.848817, 34.717899], [134.848666, 34.717694], [134.848505, 34.717684], [134.84803, 34.716773], [134.84797, 34.716656], [134.847929, 34.716578], [134.847505, 34.71576], [134.847281, 34.715369], [134.847281, 34.715369], [134.847116, 34.715401], [134.847919, 34.716835], [134.847922, 34.716841], [134.847915, 34.716844], [134.847637, 34.716947], [134.847578, 34.716995], [134.847534, 34.717048], [134.847534, 34.717129], [134.847931, 34.718135], [134.84799, 34.718263], [134.848452, 34.720199], [134.848184, 34.72036], [134.848373, 34.721235], [134.848313, 34.721868], [134.846596, 34.723889], [134.846621, 34.725195], [134.846253, 34.725161], [134.846174, 34.723641], [134.847479, 34.722095], [134.847588, 34.721825], [134.847589, 34.721442], [134.847317, 34.720958], [134.847161, 34.720701], [134.847096, 34.720564], [134.847052, 34.720434], [134.847037, 34.720289], [134.847062, 34.720082], [134.847219, 34.719072], [134.847244, 34.718824], [134.847234, 34.718678], [134.847204, 34.718546], [134.845544, 34.715239], [134.845112, 34.715385], [134.845667, 34.716448], [134.845593, 34.716508], [134.8455, 34.716622], [134.845417, 34.716756], [134.845363, 34.716906], [134.845343, 34.717048], [134.845353, 34.717202], [134.845392, 34.717312], [134.845724, 34.717881], [134.846302, 34.71764], [134.846303, 34.717643], [134.84631, 34.71764], [134.846939, 34.718846], [134.846536, 34.718988], [134.84663, 34.719166], [134.846522, 34.719198], [134.846625, 34.719411], [134.846239, 34.719548], [134.843788, 34.720418], [134.84396, 34.720786], [134.843847, 34.720835], [134.84476, 34.722672], [134.840251, 34.725031], [134.839751, 34.725292], [134.834299, 34.727429], [134.830259, 34.72892], [134.826273, 34.730391], [134.826122, 34.730441], [134.82605, 34.730451], [134.821873, 34.730803], [134.821053, 34.730353], [134.820834, 34.729326], [134.820816, 34.729241], [134.820807, 34.729111], [134.820797, 34.729007], [134.820817, 34.728825], [134.820851, 34.728651], [134.820896, 34.728525], [134.821063, 34.728212], [134.821156, 34.728326], [134.821112, 34.728606], [134.821092, 34.728813], [134.821097, 34.729003], [134.821112, 34.729174], [134.821313, 34.730251], [134.821981, 34.730588], [134.825925, 34.730256], [134.828084, 34.729478], [134.828483, 34.729335], [134.833961, 34.727292], [134.83815, 34.725704], [134.839506, 34.72519], [134.841235, 34.724234], [134.841603, 34.724021], [134.844397, 34.722571], [134.842987, 34.719761], [134.842731, 34.719252], [134.841093, 34.715998], [134.841263, 34.715939], [134.841308, 34.715925], [134.839083, 34.711523], [134.838795, 34.710955], [134.838672, 34.710987], [134.838756, 34.71115], [134.838663, 34.71118], [134.836698, 34.70724], [134.83241, 34.708711], [134.828588, 34.710023], [134.826894, 34.706621], [134.826811, 34.706455], [134.826755, 34.706345], [134.826486, 34.706526], [134.825989, 34.706864], [134.825185, 34.707424], [134.823209, 34.708799], [134.816771, 34.713292], [134.815108, 34.714452], [134.812151, 34.716527], [134.81197, 34.716636], [134.811854, 34.716533], [134.80953, 34.718078], [134.809668, 34.718237], [134.809083, 34.718606], [134.808995, 34.718338], [134.808887, 34.718381], [134.808926, 34.718499], [134.811828, 34.7272], [134.812131, 34.728108], [134.812153, 34.728177], [134.811964, 34.728212], [134.812104, 34.728756], [134.812449, 34.728694], [134.81247, 34.728774], [134.813128, 34.730847], [134.814399, 34.730432], [134.814895, 34.730253], [134.815254, 34.730144], [134.818568, 34.729045], [134.820886, 34.728276], [134.820811, 34.728415], [134.820749, 34.728543], [134.820724, 34.728636], [134.820716, 34.728636], [134.820517, 34.728636], [134.820509, 34.728637], [134.821103, 34.731042], [134.824295, 34.73069], [134.824383, 34.732067], [134.825731, 34.731321], [134.825891, 34.730615], [134.829365, 34.729387], [134.830112, 34.7315], [134.830934, 34.732067], [134.831347, 34.732736], [134.830163, 34.733347], [134.829957, 34.733113], [134.828976, 34.733555], [134.826972, 34.734036], [134.826975, 34.734506], [134.825749, 34.735084], [134.825791, 34.735319], [134.825505, 34.735421], [134.825217, 34.735154], [134.823089, 34.735333], [134.823095, 34.736475], [134.821908, 34.736615], [134.822205, 34.738663], [134.821959, 34.738698], [134.82159, 34.738498], [134.819392, 34.741164], [134.818614, 34.741168], [134.818489, 34.740832], [134.815255, 34.74105], [134.815429, 34.743099], [134.811664, 34.743488], [134.811953, 34.744057], [134.811709, 34.744462], [134.811997, 34.744763], [134.812167, 34.746005], [134.812213, 34.747046], [134.812052, 34.747652], [134.810344, 34.747597]], [[134.837696, 34.751058], [134.837306, 34.751658], [134.83711, 34.751567], [134.836798, 34.750948], [134.836547, 34.751202], [134.836239, 34.751227], [134.836239, 34.751319], [134.835961, 34.751596], [134.835117, 34.751141], [134.834247, 34.750893], [134.833852, 34.750389], [134.833266, 34.750806], [134.832394, 34.750281], [134.832056, 34.7498], [134.832893, 34.749198], [134.831627, 34.748101], [134.830845, 34.748634], [134.830056, 34.747902], [134.82924, 34.747171], [134.83273, 34.744485], [134.833517, 34.745079], [134.833657, 34.74494], [134.834129, 34.744179], [134.834298, 34.74427], [134.834441, 34.744867], [134.834553, 34.74489], [134.834663, 34.744429], [134.834941, 34.744014], [134.836304, 34.741845], [134.838443, 34.743651], [134.839421, 34.743071], [134.839702, 34.743253], [134.840259, 34.742698], [134.841385, 34.743543], [134.840882, 34.743822], [134.841135, 34.744004], [134.841526, 34.743703], [134.841806, 34.743702], [134.841947, 34.743816], [134.841109, 34.744395], [134.841278, 34.744555], [134.841195, 34.744855], [134.841114, 34.745361], [134.841814, 34.74538], [134.841872, 34.745679], [134.842489, 34.745745], [134.843656, 34.743853], [134.843966, 34.74415], [134.84419, 34.744149], [134.844359, 34.744263], [134.844389, 34.744608], [134.844896, 34.745226], [134.845656, 34.745797], [134.845183, 34.746351], [134.844986, 34.746306], [134.844177, 34.746931], [134.843505, 34.747119], [134.843029, 34.747144], [134.842861, 34.747329], [134.843341, 34.747947], [134.844242, 34.748793], [134.844943, 34.74879], [134.84525, 34.748604], [134.845563, 34.749476], [134.84506, 34.749801], [134.844558, 34.750148], [134.844053, 34.750151], [134.843859, 34.75052], [134.844785, 34.750745], [134.84762, 34.751673], [134.847062, 34.752066], [134.845387, 34.753294], [134.84536, 34.753501], [134.845221, 34.753709], [134.844043, 34.753669], [134.844158, 34.754174], [134.844385, 34.754656], [134.84492, 34.755159], [134.843184, 34.755513], [134.843242, 34.755881], [134.843439, 34.756133], [134.843076, 34.756318], [134.841638, 34.754694], [134.84068, 34.753664], [134.839693, 34.75245], [134.838708, 34.751674], [134.837696, 34.751058]]]}}, {"type": "Feature", "id": "did-1990-56", "properties": {"A16_001": "282102", "A16_002": "28210", "A16_003": "加古川市", "A16_004": "2", "A16_005": "11447", "A16_006": "2.00", "A16_007": "11559", "A16_008": "1.90", "A16_009": "4.80", "A16_010": "1.40", "A16_011": "1990", "year": 1990, "population": 11447.0, "areaKm2": 2.0, "density": 5723.5}, "geometry": {"type": "Polygon", "coordinates": [[[134.886134, 34.794455], [134.885928, 34.79226], [134.884259, 34.791646], [134.883316, 34.791584], [134.88229, 34.791254], [134.882039, 34.790348], [134.881801, 34.790071], [134.882226, 34.789804], [134.882178, 34.789354], [134.881825, 34.788631], [134.882925, 34.787588], [134.885069, 34.788137], [134.885106, 34.787829], [134.885794, 34.787841], [134.885909, 34.787179], [134.888863, 34.787185], [134.888853, 34.785438], [134.888565, 34.785305], [134.889179, 34.785201], [134.888643, 34.784499], [134.888272, 34.784098], [134.888681, 34.784028], [134.888844, 34.783859], [134.888883, 34.783523], [134.891493, 34.781492], [134.892771, 34.782862], [134.892808, 34.78219], [134.89319, 34.782163], [134.893656, 34.782414], [134.894313, 34.782262], [134.893985, 34.781322], [134.895792, 34.781216], [134.896057, 34.780781], [134.89612, 34.780537], [134.896142, 34.779859], [134.896371, 34.779233], [134.896428, 34.779064], [134.896426, 34.778736], [134.896392, 34.778441], [134.896209, 34.778001], [134.896059, 34.777785], [134.896, 34.777472], [134.89596, 34.777282], [134.895802, 34.777327], [134.89487, 34.777573], [134.89509, 34.77818], [134.894262, 34.778486], [134.894015, 34.778387], [134.89378, 34.778173], [134.89247, 34.77867], [134.892629, 34.779504], [134.891807, 34.778971], [134.889766, 34.780326], [134.888975, 34.778113], [134.889998, 34.778007], [134.890362, 34.777165], [134.889459, 34.776834], [134.889498, 34.776531], [134.888268, 34.776202], [134.887899, 34.776272], [134.887371, 34.777081], [134.886265, 34.776953], [134.88594, 34.777459], [134.884709, 34.77713], [134.884915, 34.77733], [134.884834, 34.777482], [134.884076, 34.777452], [134.882565, 34.778284], [134.882486, 34.778788], [134.882856, 34.779139], [134.883082, 34.779155], [134.883306, 34.779019], [134.884148, 34.779384], [134.882985, 34.780079], [134.883049, 34.780566], [134.883381, 34.78127], [134.884343, 34.781264], [134.884529, 34.781448], [134.88456, 34.783363], [134.884215, 34.78402], [134.884098, 34.785028], [134.884387, 34.785329], [134.884368, 34.785665], [134.883794, 34.785651], [134.882937, 34.786177], [134.882347, 34.786852], [134.882182, 34.786668], [134.881301, 34.786623], [134.881265, 34.787547], [134.880184, 34.788326], [134.880144, 34.788511], [134.879449, 34.788901], [134.878835, 34.788972], [134.878366, 34.789327], [134.87892, 34.789459], [134.878864, 34.790534], [134.879132, 34.790684], [134.879132, 34.790801], [134.878743, 34.79082], [134.878619, 34.790686], [134.877307, 34.790475], [134.877203, 34.79009], [134.877119, 34.789872], [134.877178, 34.789384], [134.877279, 34.789182], [134.877278, 34.788981], [134.876971, 34.788949], [134.877007, 34.788092], [134.877232, 34.788007], [134.877229, 34.787519], [134.876877, 34.786883], [134.876527, 34.786549], [134.87585, 34.786318], [134.875826, 34.785713], [134.874146, 34.785722], [134.874007, 34.786395], [134.873349, 34.785996], [134.872835, 34.78573], [134.871258, 34.785705], [134.871032, 34.785622], [134.87052, 34.785625], [134.870175, 34.786164], [134.870031, 34.786165], [134.869805, 34.785931], [134.869497, 34.785883], [134.869375, 34.785967], [134.868985, 34.785869], [134.868206, 34.785823], [134.868062, 34.785571], [134.867795, 34.785573], [134.867794, 34.785371], [134.866545, 34.785462], [134.867678, 34.786649], [134.867805, 34.787404], [134.865395, 34.788627], [134.86675, 34.790285], [134.868399, 34.79204], [134.870704, 34.794009], [134.871588, 34.794592], [134.872512, 34.794957], [134.87379, 34.795333], [134.875798, 34.795355], [134.877436, 34.795229], [134.880691, 34.794757], [134.882927, 34.794632], [134.886134, 34.794455]]]}}, {"type": "Feature", "id": "did-1990-60", "properties": {"A16_001": "282131", "A16_002": "28213", "A16_003": "西脇市", "A16_004": "1", "A16_005": "13554", "A16_006": "4.10", "A16_007": "13588", "A16_008": "3.80", "A16_009": "35.50", "A16_010": "4.20", "A16_011": "1990", "year": 1990, "population": 13554.0, "areaKm2": 4.1, "density": 3305.8536585365855}, "geometry": {"type": "Polygon", "coordinates": [[[134.965173, 34.997223], [134.966153, 34.99742], [134.968274, 34.996882], [134.968759, 34.99754], [134.968983, 34.997341], [134.969013, 34.996659], [134.969655, 34.996777], [134.97025, 34.995846], [134.970603, 34.995872], [134.970684, 34.996213], [134.971053, 34.996252], [134.971085, 34.996646], [134.97176, 34.996331], [134.97176, 34.995269], [134.971439, 34.994914], [134.971937, 34.994573], [134.971922, 34.99397], [134.971793, 34.993865], [134.971793, 34.993576], [134.971713, 34.993524], [134.971617, 34.993117], [134.972275, 34.992789], [134.972774, 34.991688], [134.973208, 34.991478], [134.973898, 34.991661], [134.974284, 34.991543], [134.974461, 34.991556], [134.97475, 34.991766], [134.974717, 34.992448], [134.97491, 34.992593], [134.974926, 34.992789], [134.975183, 34.992789], [134.975601, 34.992501], [134.975601, 34.991805], [134.975874, 34.991674], [134.976211, 34.991661], [134.978106, 34.993169], [134.978668, 34.993904], [134.978716, 34.994088], [134.978459, 34.994258], [134.978813, 34.994534], [134.979118, 34.994337], [134.979086, 34.994678], [134.979519, 34.994848], [134.979519, 34.995176], [134.979921, 34.995373], [134.979921, 34.995753], [134.980563, 34.995766], [134.980596, 34.995425], [134.980981, 34.995425], [134.981575, 34.995766], [134.981961, 34.99574], [134.981897, 34.995281], [134.981287, 34.994507], [134.981768, 34.994599], [134.982202, 34.994782], [134.982684, 34.994258], [134.982395, 34.994127], [134.982363, 34.993825], [134.982106, 34.993707], [134.981913, 34.993707], [134.981351, 34.99334], [134.981078, 34.992867], [134.981271, 34.9925], [134.981239, 34.992093], [134.98087, 34.992028], [134.980629, 34.992395], [134.980323, 34.992356], [134.980356, 34.992041], [134.980468, 34.991871], [134.98042, 34.991451], [134.980581, 34.991215], [134.980549, 34.990979], [134.980838, 34.990821], [134.980822, 34.990454], [134.980935, 34.990113], [134.981095, 34.990113], [134.98132, 34.989509], [134.980437, 34.9893], [134.980453, 34.988893], [134.97912, 34.988775], [134.978799, 34.988618], [134.978028, 34.988618], [134.978028, 34.987411], [134.978285, 34.986637], [134.978446, 34.986624], [134.97851, 34.986821], [134.978767, 34.986807], [134.978799, 34.986388], [134.978992, 34.986375], [134.979056, 34.986545], [134.979249, 34.986545], [134.979281, 34.986283], [134.981145, 34.98623], [134.981369, 34.986479], [134.98214, 34.9864], [134.982751, 34.986886], [134.98267, 34.98842], [134.982268, 34.988434], [134.982252, 34.989142], [134.982605, 34.989142], [134.982621, 34.988932], [134.982814, 34.988945], [134.983457, 34.989273], [134.983585, 34.989706], [134.983778, 34.989837], [134.984035, 34.989837], [134.984195, 34.989693], [134.984163, 34.989247], [134.984999, 34.989246], [134.985015, 34.988997], [134.984854, 34.988905], [134.984838, 34.988604], [134.98516, 34.988197], [134.985144, 34.987305], [134.984839, 34.987292], [134.983923, 34.985967], [134.983923, 34.985823], [134.984116, 34.985823], [134.985289, 34.986479], [134.985545, 34.98678], [134.985722, 34.986754], [134.986076, 34.986361], [134.98614, 34.986046], [134.986622, 34.985508], [134.985931, 34.984904], [134.985514, 34.984222], [134.985241, 34.983685], [134.984728, 34.982111], [134.984182, 34.981166], [134.983604, 34.980668], [134.982158, 34.980143], [134.977758, 34.979173], [134.976409, 34.978832], [134.975445, 34.978413], [134.974643, 34.977626], [134.974418, 34.977258], [134.974322, 34.976681], [134.974548, 34.973323], [134.97564, 34.973349], [134.97564, 34.973244], [134.976218, 34.973244], [134.976218, 34.972903], [134.976026, 34.97293], [134.975384, 34.971775], [134.975031, 34.970726], [134.975031, 34.970464], [134.971369, 34.971015], [134.9688, 34.97091], [134.969409, 34.97335], [134.968253, 34.973087], [134.964623, 34.97272], [134.964301, 34.97453], [134.965104, 34.974557], [134.96732, 34.975134], [134.967159, 34.975527], [134.967191, 34.976236], [134.96642, 34.976708], [134.966195, 34.977652], [134.965103, 34.977678], [134.963529, 34.978019], [134.963883, 34.976131], [134.962984, 34.975947], [134.962181, 34.975868], [134.961891, 34.976367], [134.960542, 34.976052], [134.96006, 34.976235], [134.959386, 34.975789], [134.958744, 34.975999], [134.958229, 34.976393], [134.957426, 34.97634], [134.957201, 34.976629], [134.957168, 34.978308], [134.956526, 34.978098], [134.956397, 34.978177], [134.956365, 34.979252], [134.957136, 34.9792], [134.957939, 34.978911], [134.958196, 34.978937], [134.958934, 34.979488], [134.958645, 34.979567], [134.959191, 34.980066], [134.959287, 34.980407], [134.960444, 34.980433], [134.960379, 34.980695], [134.959769, 34.980721], [134.960347, 34.981351], [134.961824, 34.981036], [134.963045, 34.981141], [134.96314, 34.983004], [134.963075, 34.98484], [134.963235, 34.986651], [134.961661, 34.986808], [134.961756, 34.988225], [134.961563, 34.988225], [134.961498, 34.989668], [134.962944, 34.989668], [134.962815, 34.991032], [134.962493, 34.991924], [134.962139, 34.993052], [134.964581, 34.993131], [134.963552, 34.994941], [134.96519, 34.994967], [134.966925, 34.995702], [134.965173, 34.997223]]]}}, {"type": "Feature", "id": "did-1990-61", "properties": {"A16_001": "282141", "A16_002": "28214", "A16_003": "宝塚市", "A16_004": "1", "A16_005": "190180", "A16_006": "23.40", "A16_007": "181959", "A16_008": "22.30", "A16_009": "94.20", "A16_010": "23.00", "A16_011": "1990", "year": 1990, "population": 190180.0, "areaKm2": 23.4, "density": 8127.350427350428}, "geometry": {"type": "Polygon", "coordinates": [[[135.32966, 34.811297], [135.329767, 34.811485], [135.329933, 34.811628], [135.330078, 34.811711], [135.330446, 34.811873], [135.330728, 34.812093], [135.330916, 34.812224], [135.331093, 34.812317], [135.331253, 34.812406], [135.331368, 34.812526], [135.33173, 34.812967], [135.331983, 34.813294], [135.331997, 34.813313], [135.33207, 34.813343], [135.332416, 34.813483], [135.332931, 34.81369], [135.333334, 34.813853], [135.333709, 34.814004], [135.333833, 34.814054], [135.333959, 34.814104], [135.334084, 34.814155], [135.334199, 34.814201], [135.334405, 34.814284], [135.334502, 34.814324], [135.334576, 34.814353], [135.334683, 34.814396], [135.33475, 34.814423], [135.335155, 34.814587], [135.335204, 34.814606], [135.335331, 34.814658], [135.33549, 34.814722], [135.335569, 34.814754], [135.335687, 34.814801], [135.335749, 34.814826], [135.335856, 34.814869], [135.335933, 34.814901], [135.336044, 34.814945], [135.336372, 34.815078], [135.336496, 34.815128], [135.336595, 34.815167], [135.33668, 34.815202], [135.336723, 34.815219], [135.336817, 34.815257], [135.337541, 34.815549], [135.337659, 34.815596], [135.337753, 34.815686], [135.337811, 34.815817], [135.337811, 34.815913], [135.337738, 34.816098], [135.337478, 34.816431], [135.337432, 34.816572], [135.337427, 34.816587], [135.337421, 34.816646], [135.337418, 34.816677], [135.337406, 34.816801], [135.337362, 34.81698], [135.337246, 34.817111], [135.337153, 34.817165], [135.336881, 34.817227], [135.336733, 34.817261], [135.336191, 34.817428], [135.335808, 34.817562], [135.335674, 34.817609], [135.335254, 34.817723], [135.334843, 34.817824], [135.334756, 34.81792], [135.334682, 34.818046], [135.334442, 34.818458], [135.334438, 34.818465], [135.334438, 34.818465], [135.334827, 34.818981], [135.335215, 34.819028], [135.335542, 34.818903], [135.33578, 34.818901], [135.335844, 34.819345], [135.337036, 34.819338], [135.337276, 34.819533], [135.337751, 34.819284], [135.338795, 34.819401], [135.34046, 34.818972], [135.340616, 34.819662], [135.341568, 34.819434], [135.341867, 34.819531], [135.342314, 34.819504], [135.342607, 34.819058], [135.343798, 34.818854], [135.343743, 34.819397], [135.344308, 34.819171], [135.34456, 34.820649], [135.345135, 34.821484], [135.345317, 34.821878], [135.345795, 34.821973], [135.346246, 34.822365], [135.347972, 34.822034], [135.348658, 34.822154], [135.348983, 34.821807], [135.348738, 34.821142], [135.34838, 34.821144], [135.348314, 34.820405], [135.346825, 34.820537], [135.346761, 34.820143], [135.346134, 34.820023], [135.345739, 34.819286], [135.346811, 34.819107], [135.34681, 34.819033], [135.346092, 34.818766], [135.346091, 34.818667], [135.346865, 34.818564], [135.346801, 34.818145], [135.346265, 34.818149], [135.345068, 34.817687], [135.345031, 34.816874], [135.346521, 34.81684], [135.346756, 34.816543], [135.347765, 34.816093], [135.348801, 34.815322], [135.348975, 34.814828], [135.349217, 34.815147], [135.35044, 34.815313], [135.350385, 34.815707], [135.350599, 34.816347], [135.350279, 34.817089], [135.351176, 34.817429], [135.35169, 34.81819], [135.35223, 34.818483], [135.351925, 34.817819], [135.351652, 34.817303], [135.351291, 34.816984], [135.351226, 34.816442], [135.351847, 34.815871], [135.351968, 34.816068], [135.352742, 34.816014], [135.35331, 34.816208], [135.353342, 34.816405], [135.35409, 34.816696], [135.354241, 34.816868], [135.354124, 34.817115], [135.355021, 34.81743], [135.355327, 34.818168], [135.356527, 34.819049], [135.356323, 34.819494], [135.356417, 34.819962], [135.356747, 34.820206], [135.356486, 34.820923], [135.356133, 34.821369], [135.355595, 34.821298], [135.355533, 34.821027], [135.355061, 34.821474], [135.355098, 34.822263], [135.355673, 34.823123], [135.356693, 34.823856], [135.356869, 34.823485], [135.358598, 34.823499], [135.358595, 34.823228], [135.358297, 34.82323], [135.358295, 34.823008], [135.358473, 34.822908], [135.358529, 34.822538], [135.359134, 34.823472], [135.35923, 34.824137], [135.359681, 34.824504], [135.360853, 34.822475], [135.361823, 34.821063], [135.361843, 34.820101], [135.362231, 34.820148], [135.362467, 34.819876], [135.362648, 34.820047], [135.363094, 34.819995], [135.36327, 34.819674], [135.365121, 34.819934], [135.365421, 34.820203], [135.365514, 34.820498], [135.365634, 34.820596], [135.364836, 34.821341], [135.364634, 34.821959], [135.365376, 34.821658], [135.365469, 34.821978], [135.365561, 34.822298], [135.365149, 34.822794], [135.3653, 34.823015], [135.365833, 34.822666], [135.366584, 34.823254], [135.36831, 34.822972], [135.368136, 34.823466], [135.367809, 34.823517], [135.367573, 34.823815], [135.367874, 34.824109], [135.367553, 34.824776], [135.367136, 34.824853], [135.366481, 34.824906], [135.365977, 34.825131], [135.365799, 34.82528], [135.36592, 34.825452], [135.365211, 34.826098], [135.365451, 34.826269], [135.364859, 34.826618], [135.364205, 34.826819], [135.363732, 34.827241], [135.364927, 34.82748], [135.365166, 34.827528], [135.364933, 34.828097], [135.365178, 34.828761], [135.365122, 34.829156], [135.365398, 34.829968], [135.36522, 34.830043], [135.365195, 34.830536], [135.365551, 34.830288], [135.365642, 34.830509], [135.365884, 34.830803], [135.365769, 34.831248], [135.363115, 34.831165], [135.363136, 34.830327], [135.362005, 34.830457], [135.361824, 34.830286], [135.361467, 34.830337], [135.360836, 34.829823], [135.360182, 34.830049], [135.360364, 34.830344], [135.360188, 34.83069], [135.360282, 34.831084], [135.361419, 34.831546], [135.361551, 34.832827], [135.360924, 34.832732], [135.360837, 34.832979], [135.360959, 34.833275], [135.360694, 34.833572], [135.360455, 34.833574], [135.360368, 34.833796], [135.360042, 34.834045], [135.359747, 34.834342], [135.359661, 34.834639], [135.359366, 34.835035], [135.359762, 34.835871], [135.359704, 34.836044], [135.359346, 34.836046], [135.359262, 34.836564], [135.360224, 34.837372], [135.360226, 34.83752], [135.360797, 34.837985], [135.360625, 34.838726], [135.360899, 34.839341], [135.360515, 34.839713], [135.360216, 34.839567], [135.360195, 34.840455], [135.359807, 34.840457], [135.35984, 34.840827], [135.359364, 34.840904], [135.359401, 34.841619], [135.359134, 34.841793], [135.359138, 34.842212], [135.359052, 34.842484], [135.360991, 34.842595], [135.360995, 34.843015], [135.361527, 34.842592], [135.362721, 34.842684], [135.362385, 34.841847], [135.362085, 34.841652], [135.362198, 34.841084], [135.363003, 34.841079], [135.364012, 34.840604], [135.364099, 34.840333], [135.364251, 34.840628], [135.365116, 34.840672], [135.36521, 34.84109], [135.364922, 34.842128], [135.36516, 34.842126], [135.365367, 34.841903], [135.365968, 34.842343], [135.365964, 34.841973], [135.367904, 34.842134], [135.367578, 34.842333], [135.367581, 34.842703], [135.368687, 34.842918], [135.369011, 34.842546], [135.36877, 34.842351], [135.369268, 34.841386], [135.3703, 34.84027], [135.370297, 34.839925], [135.370113, 34.839457], [135.370109, 34.839038], [135.370371, 34.838445], [135.371109, 34.8377], [135.370987, 34.837381], [135.371014, 34.83706], [135.371309, 34.836738], [135.371487, 34.836662], [135.371424, 34.836318], [135.370287, 34.835905], [135.369506, 34.835368], [135.370217, 34.834944], [135.370242, 34.834426], [135.370538, 34.834202], [135.370529, 34.833241], [135.371121, 34.832818], [135.370638, 34.832303], [135.370848, 34.832351], [135.371262, 34.832028], [135.371951, 34.832344], [135.372127, 34.832047], [135.371947, 34.831974], [135.373147, 34.829772], [135.373443, 34.829499], [135.372753, 34.829084], [135.371617, 34.828746], [135.371146, 34.829366], [135.371032, 34.829859], [135.370763, 34.829836], [135.371049, 34.828626], [135.370185, 34.828632], [135.369353, 34.828982], [135.369499, 34.828587], [135.370089, 34.82804], [135.370411, 34.827447], [135.369963, 34.827326], [135.369516, 34.827329], [135.369275, 34.827108], [135.370966, 34.826284], [135.371047, 34.825396], [135.371402, 34.825147], [135.371302, 34.824063], [135.371676, 34.822704], [135.371978, 34.823097], [135.372628, 34.822501], [135.372779, 34.822722], [135.373506, 34.820893], [135.371657, 34.820757], [135.371743, 34.820411], [135.373233, 34.820451], [135.374486, 34.820468], [135.374288, 34.821628], [135.374797, 34.821773], [135.374832, 34.82234], [135.374684, 34.822464], [135.37419, 34.823725], [135.374872, 34.823375], [135.375353, 34.823767], [135.375592, 34.823815], [135.375836, 34.824356], [135.376131, 34.824058], [135.376197, 34.824723], [135.376559, 34.825115], [135.376797, 34.82504], [135.376912, 34.82462], [135.377121, 34.824668], [135.37734, 34.825727], [135.378058, 34.826019], [135.378272, 34.82656], [135.378541, 34.826607], [135.378749, 34.826483], [135.379436, 34.826626], [135.379849, 34.826229], [135.380624, 34.8262], [135.381036, 34.825729], [135.381033, 34.825359], [135.381684, 34.824911], [135.38175, 34.825527], [135.381513, 34.825726], [135.381577, 34.826169], [135.382801, 34.826285], [135.384145, 34.826572], [135.3845, 34.826324], [135.384522, 34.825485], [135.384904, 34.82494], [135.384842, 34.824768], [135.384035, 34.824502], [135.383494, 34.824086], [135.383731, 34.823912], [135.384119, 34.823959], [135.384563, 34.823709], [135.384715, 34.824004], [135.384953, 34.823904], [135.385492, 34.824147], [135.386149, 34.824316], [135.386068, 34.825081], [135.385863, 34.825427], [135.385868, 34.825994], [135.386085, 34.826807], [135.38561, 34.827032], [135.385554, 34.827353], [135.385107, 34.827331], [135.38499, 34.827627], [135.384156, 34.827633], [135.383893, 34.828177], [135.384164, 34.828471], [135.384492, 34.828469], [135.384965, 34.828096], [135.385591, 34.828043], [135.386093, 34.827571], [135.386482, 34.827717], [135.386839, 34.82769], [135.387022, 34.828108], [135.387006, 34.829439], [135.387453, 34.829437], [135.387443, 34.82845], [135.387321, 34.828155], [135.38738, 34.828081], [135.387588, 34.828055], [135.387404, 34.827563], [135.387165, 34.827515], [135.386773, 34.827024], [135.387693, 34.826624], [135.387814, 34.826821], [135.387459, 34.82702], [135.387491, 34.827242], [135.387998, 34.827337], [135.38818, 34.827607], [135.388183, 34.827879], [135.388514, 34.828172], [135.388491, 34.828863], [135.389386, 34.828981], [135.389627, 34.829226], [135.390046, 34.829396], [135.390463, 34.829319], [135.391095, 34.829931], [135.391244, 34.829906], [135.391118, 34.82929], [135.391354, 34.829017], [135.391165, 34.828008], [135.391278, 34.82739], [135.390797, 34.826999], [135.39121, 34.826602], [135.391689, 34.826722], [135.392404, 34.826767], [135.39229, 34.827211], [135.393367, 34.827648], [135.393694, 34.827523], [135.393776, 34.826808], [135.393863, 34.82656], [135.39338, 34.825972], [135.393673, 34.825452], [135.393698, 34.824983], [135.394024, 34.824858], [135.394406, 34.824239], [135.394851, 34.824039], [135.394343, 34.823944], [135.394195, 34.824068], [135.393926, 34.823946], [135.393391, 34.824098], [135.393593, 34.82348], [135.391952, 34.823367], [135.391827, 34.822776], [135.395382, 34.823542], [135.397777, 34.824538], [135.397331, 34.824615], [135.397184, 34.824813], [135.397305, 34.82501], [135.396803, 34.825481], [135.396357, 34.825583], [135.396151, 34.825855], [135.395893, 34.826868], [135.395126, 34.827637], [135.394536, 34.828282], [135.394153, 34.828679], [135.394157, 34.829098], [135.393979, 34.829198], [135.395387, 34.829806], [135.395388, 34.829929], [135.395718, 34.830124], [135.395484, 34.830619], [135.395935, 34.830912], [135.396286, 34.830318], [135.396735, 34.830463], [135.397127, 34.830954], [135.397366, 34.830927], [135.397784, 34.831048], [135.397787, 34.83127], [135.398177, 34.831588], [135.398651, 34.831289], [135.399068, 34.831212], [135.399308, 34.831408], [135.399367, 34.831309], [135.399968, 34.831798], [135.400117, 34.831723], [135.400657, 34.832115], [135.399955, 34.833426], [135.399238, 34.833233], [135.39873, 34.833163], [135.397953, 34.832921], [135.397299, 34.833122], [135.397281, 34.834306], [135.396893, 34.834259], [135.396808, 34.834679], [135.396092, 34.834684], [135.395412, 34.835156], [135.39437, 34.835311], [135.393926, 34.835634], [135.393887, 34.835722], [135.394417, 34.835722], [135.394972, 34.836], [135.397472, 34.835167], [135.397472, 34.835429], [135.397512, 34.835464], [135.397518, 34.835469], [135.397583, 34.835525], [135.397647, 34.835582], [135.397655, 34.835597], [135.397698, 34.83568], [135.397698, 34.835788], [135.397575, 34.835901], [135.397481, 34.836026], [135.396916, 34.836183], [135.396859, 34.836199], [135.396686, 34.836247], [135.396526, 34.836283], [135.396518, 34.836286], [135.396858, 34.836701], [135.397275, 34.836575], [135.397489, 34.837116], [135.397585, 34.837806], [135.397351, 34.838226], [135.397487, 34.838373], [135.398465, 34.837824], [135.397771, 34.83699], [135.398868, 34.836441], [135.398685, 34.836048], [135.398592, 34.835679], [135.399038, 34.835627], [135.399124, 34.835256], [135.401688, 34.835412], [135.4014, 34.836326], [135.403216, 34.836191], [135.403252, 34.836807], [135.4037, 34.836854], [135.404847, 34.835343], [135.404629, 34.834457], [135.405132, 34.834108], [135.405159, 34.833837], [135.405489, 34.834057], [135.405726, 34.833883], [135.405664, 34.833661], [135.406114, 34.834003], [135.406919, 34.834023], [135.406973, 34.83348], [135.407274, 34.833381], [135.407434, 34.833371], [135.407434, 34.833371], [135.407442, 34.833331], [135.40745, 34.833286], [135.407459, 34.833241], [135.407484, 34.83321], [135.407513, 34.833174], [135.407533, 34.83315], [135.407563, 34.833113], [135.407625, 34.833038], [135.407785, 34.832935], [135.407792, 34.832931], [135.407829, 34.832926], [135.407965, 34.832907], [135.408088, 34.832877], [135.408089, 34.832877], [135.408356, 34.832794], [135.408386, 34.832769], [135.408437, 34.832726], [135.408488, 34.832684], [135.408558, 34.832626], [135.408572, 34.832593], [135.408599, 34.83253], [135.408609, 34.832506], [135.408623, 34.832473], [135.408644, 34.832426], [135.408653, 34.832404], [135.408665, 34.832376], [135.408707, 34.832279], [135.408739, 34.832203], [135.408913, 34.832185], [135.4092, 34.832185], [135.409259, 34.832185], [135.409353, 34.832174], [135.409361, 34.832173], [135.409366, 34.832126], [135.409368, 34.8321], [135.409371, 34.832075], [135.409383, 34.831949], [135.409386, 34.831911], [135.409397, 34.831803], [135.409469, 34.8318], [135.409523, 34.831798], [135.40957, 34.831796], [135.409614, 34.831794], [135.409794, 34.8318], [135.410315, 34.831908], [135.410807, 34.831967], [135.411363, 34.832063], [135.411719, 34.832128], [135.411913, 34.832164], [135.412053, 34.832216], [135.412216, 34.832277], [135.412217, 34.832278], [135.41244, 34.832307], [135.412441, 34.832307], [135.412687, 34.832372], [135.412781, 34.832397], [135.413215, 34.832498], [135.413249, 34.832409], [135.413287, 34.832307], [135.413216, 34.832261], [135.413183, 34.83224], [135.413012, 34.832128], [135.412875, 34.832036], [135.412708, 34.831958], [135.412564, 34.831929], [135.412376, 34.831929], [135.412278, 34.831917], [135.412246, 34.831914], [135.412145, 34.831902], [135.41176, 34.831857], [135.411756, 34.831857], [135.411653, 34.831845], [135.41119, 34.831779], [135.410901, 34.831744], [135.410713, 34.831702], [135.410431, 34.83163], [135.41025, 34.831613], [135.41012, 34.831499], [135.410062, 34.831308], [135.410033, 34.831207], [135.409918, 34.831123], [135.409729, 34.831105], [135.409592, 34.831162], [135.409014, 34.831419], [135.408652, 34.831598], [135.408642, 34.831602], [135.408371, 34.831714], [135.408302, 34.831742], [135.408291, 34.831747], [135.408038, 34.831878], [135.408033, 34.831884], [135.407975, 34.831961], [135.4079, 34.832063], [135.407842, 34.832182], [135.407792, 34.832301], [135.407678, 34.832408], [135.40764, 34.832444], [135.407359, 34.832607], [135.4073, 34.832641], [135.407172, 34.832677], [135.407128, 34.832689], [135.407075, 34.832703], [135.406996, 34.832725], [135.406779, 34.832725], [135.406403, 34.832719], [135.406216, 34.832701], [135.406048, 34.832669], [135.405935, 34.832647], [135.405875, 34.832636], [135.405755, 34.832612], [135.405725, 34.832607], [135.405633, 34.832589], [135.405616, 34.832586], [135.405483, 34.83256], [135.405443, 34.832552], [135.405442, 34.832552], [135.405355, 34.832516], [135.40543, 34.832392], [135.405442, 34.832373], [135.405528, 34.832272], [135.405637, 34.832164], [135.405757, 34.832012], [135.405811, 34.831943], [135.406013, 34.831764], [135.406085, 34.831624], [135.406136, 34.831451], [135.406197, 34.831299], [135.40623, 34.831219], [135.406256, 34.831076], [135.406288, 34.830903], [135.406297, 34.830757], [135.406322, 34.830381], [135.406324, 34.830348], [135.406314, 34.830038], [135.406311, 34.829945], [135.406309, 34.829883], [135.406304, 34.829851], [135.406298, 34.829812], [135.406272, 34.829653], [135.406259, 34.829573], [135.406194, 34.829459], [135.406189, 34.829456], [135.406148, 34.829425], [135.406143, 34.829421], [135.406122, 34.829405], [135.406067, 34.829363], [135.406064, 34.829361], [135.406023, 34.829359], [135.405967, 34.829356], [135.405811, 34.829349], [135.405558, 34.829343], [135.405485, 34.82942], [135.405454, 34.829442], [135.405356, 34.829511], [135.405295, 34.829555], [135.405239, 34.829594], [135.405181, 34.829635], [135.40503, 34.82951], [135.404921, 34.829389], [135.404842, 34.829301], [135.404574, 34.829068], [135.404401, 34.829236], [135.404213, 34.829373], [135.404198, 34.829381], [135.403909, 34.82954], [135.403736, 34.829605], [135.403631, 34.829586], [135.403605, 34.829581], [135.403597, 34.829556], [135.403574, 34.829486], [135.403562, 34.82945], [135.403519, 34.829206], [135.403455, 34.829151], [135.403432, 34.829132], [135.403359, 34.829069], [135.403334, 34.829048], [135.403331, 34.829045], [135.403211, 34.828942], [135.403135, 34.828878], [135.402788, 34.828684], [135.402742, 34.828645], [135.402668, 34.828584], [135.402601, 34.828529], [135.402544, 34.828483], [135.402482, 34.828431], [135.402471, 34.828422], [135.402441, 34.828397], [135.402405, 34.828368], [135.402418, 34.828339], [135.402507, 34.828143], [135.402529, 34.828094], [135.402547, 34.828055], [135.402578, 34.827986], [135.4026, 34.827878], [135.402607, 34.827843], [135.402618, 34.827748], [135.402629, 34.827661], [135.402642, 34.827547], [135.402649, 34.827489], [135.402653, 34.827453], [135.402656, 34.82743], [135.402664, 34.827358], [135.402669, 34.827314], [135.402682, 34.827204], [135.402698, 34.827066], [135.402701, 34.827038], [135.402658, 34.826905], [135.402629, 34.826817], [135.402535, 34.826632], [135.402333, 34.826435], [135.402311, 34.826354], [135.402304, 34.826169], [135.402232, 34.82602], [135.40217, 34.82589], [135.402152, 34.825853], [135.402008, 34.825704], [135.402051, 34.825496], [135.402116, 34.825269], [135.402094, 34.825108], [135.402064, 34.825096], [135.402013, 34.825074], [135.401935, 34.825042], [135.401827, 34.825013], [135.40174, 34.825036], [135.401689, 34.82511], [135.401653, 34.825161], [135.401592, 34.825279], [135.401556, 34.825347], [135.401494, 34.825466], [135.401364, 34.825615], [135.401263, 34.82568], [135.40119, 34.825686], [135.400981, 34.825621], [135.400576, 34.825436], [135.400513, 34.825375], [135.400453, 34.825316], [135.40044, 34.82529], [135.400402, 34.825209], [135.400407, 34.824986], [135.400409, 34.824857], [135.400249, 34.824811], [135.400185, 34.824792], [135.399455, 34.824649], [135.39926, 34.824631], [135.399018, 34.824587], [135.398906, 34.824567], [135.398723, 34.824534], [135.398436, 34.824482], [135.39844, 34.824455], [135.398462, 34.824305], [135.398492, 34.82411], [135.398493, 34.8241], [135.399141, 34.824127], [135.399246, 34.824132], [135.399354, 34.824136], [135.399481, 34.824142], [135.400041, 34.824166], [135.400046, 34.824138], [135.400091, 34.823905], [135.400109, 34.823816], [135.400128, 34.823718], [135.400236, 34.823494], [135.400285, 34.823424], [135.400346, 34.823337], [135.400377, 34.823292], [135.400449, 34.823189], [135.400489, 34.823131], [135.400625, 34.823156], [135.400863, 34.823199], [135.401104, 34.823244], [135.401154, 34.823226], [135.401204, 34.823125], [135.401265, 34.823003], [135.401295, 34.822943], [135.401335, 34.822862], [135.401364, 34.822737], [135.401357, 34.822546], [135.401287, 34.822452], [135.401255, 34.822409], [135.400851, 34.82229], [135.400809, 34.822271], [135.400648, 34.8222], [135.400598, 34.822113], [135.400549, 34.822031], [135.400495, 34.821939], [135.40047, 34.821897], [135.400428, 34.821825], [135.400417, 34.821807], [135.40041, 34.821794], [135.400336, 34.821606], [135.400326, 34.821581], [135.400308, 34.821535], [135.400287, 34.821484], [135.400275, 34.821453], [135.400232, 34.821344], [135.400207, 34.821281], [135.400202, 34.821227], [135.400198, 34.821186], [135.40019, 34.821094], [135.400182, 34.821011], [135.400178, 34.820965], [135.400164, 34.820813], [135.400207, 34.820584], [135.400212, 34.820558], [135.400219, 34.820519], [135.400236, 34.820431], [135.40026, 34.820333], [135.400268, 34.8203], [135.400279, 34.820258], [135.400308, 34.820139], [135.400318, 34.820097], [135.400327, 34.820062], [135.40035, 34.819968], [135.400358, 34.819934], [135.400381, 34.819841], [135.400467, 34.819574], [135.400468, 34.819573], [135.400497, 34.819433], [135.400508, 34.81938], [135.400535, 34.819251], [135.400567, 34.819099], [135.400619, 34.818848], [135.400628, 34.818619], [135.400631, 34.818517], [135.400633, 34.81847], [135.400636, 34.818384], [135.400639, 34.8183], [135.400642, 34.818208], [135.400648, 34.818025], [135.400644, 34.817927], [135.400637, 34.817755], [135.400634, 34.817673], [135.400663, 34.8175], [135.400701, 34.817321], [135.400702, 34.817318], [135.400764, 34.817026], [135.400764, 34.816829], [135.400829, 34.816656], [135.400851, 34.816304], [135.400844, 34.816131], [135.400865, 34.815797], [135.400909, 34.815663], [135.401043, 34.815251], [135.401104, 34.815063], [135.401263, 34.814696], [135.401299, 34.814618], [135.401393, 34.814416], [135.401516, 34.814172], [135.401617, 34.813951], [135.401648, 34.813885], [135.401697, 34.813778], [135.401769, 34.813587], [135.401863, 34.813468], [135.401906, 34.813379], [135.401972, 34.813241], [135.40205, 34.813168], [135.402196, 34.813032], [135.40192, 34.812967], [135.40141, 34.812846], [135.401292, 34.812818], [135.401487, 34.81229], [135.401559, 34.812057], [135.401653, 34.81161], [135.401839, 34.811478], [135.402387, 34.81109], [135.402779, 34.810811], [135.402964, 34.81068], [135.403201, 34.810513], [135.403425, 34.810518], [135.403577, 34.810548], [135.403895, 34.810542], [135.403917, 34.810023], [135.403829, 34.809827], [135.4037, 34.809537], [135.403093, 34.80929], [135.402559, 34.809072], [135.402442, 34.809024], [135.401784, 34.808761], [135.401408, 34.808627], [135.401234, 34.808565], [135.401028, 34.808487], [135.400649, 34.808344], [135.400649, 34.808344], [135.400521, 34.808181], [135.400424, 34.808058], [135.400335, 34.807914], [135.400111, 34.80773], [135.399894, 34.807539], [135.399764, 34.807497], [135.399663, 34.807515], [135.399446, 34.807694], [135.399323, 34.807789], [135.3992, 34.807926], [135.399092, 34.808052], [135.399027, 34.808069], [135.398904, 34.808069], [135.398829, 34.808059], [135.398668, 34.808038], [135.398516, 34.808017], [135.398434, 34.808006], [135.398335, 34.807993], [135.398222, 34.807978], [135.398195, 34.807974], [135.398072, 34.807974], [135.397863, 34.807947], [135.39779, 34.807882], [135.397776, 34.807739], [135.397729, 34.807615], [135.397688, 34.807506], [135.397649, 34.807402], [135.397602, 34.807279], [135.397602, 34.807148], [135.397559, 34.806987], [135.397515, 34.806784], [135.397139, 34.806676], [135.397051, 34.806651], [135.397038, 34.806647], [135.396923, 34.806593], [135.396801, 34.806474], [135.396648, 34.806325], [135.396525, 34.806277], [135.396428, 34.806259], [135.396113, 34.8062], [135.395701, 34.806033], [135.395354, 34.805925], [135.394797, 34.805749], [135.394667, 34.805916], [135.394479, 34.806173], [135.394388, 34.806268], [135.394319, 34.80634], [135.394247, 34.806435], [135.394216, 34.806462], [135.394165, 34.806507], [135.394153, 34.806518], [135.39406, 34.806599], [135.39404, 34.806616], [135.393886, 34.806751], [135.393531, 34.807044], [135.393206, 34.80733], [135.393145, 34.807428], [135.393095, 34.807506], [135.393061, 34.80756], [135.393027, 34.807615], [135.392903, 34.807813], [135.39283, 34.807977], [135.392816, 34.80815], [135.392758, 34.808365], [135.392693, 34.80858], [135.392433, 34.809206], [135.392394, 34.809274], [135.392359, 34.809337], [135.392297, 34.80945], [135.392201, 34.809621], [135.392147, 34.809718], [135.392107, 34.80979], [135.392067, 34.809881], [135.392029, 34.809967], [135.39201, 34.810011], [135.391996, 34.810044], [135.391988, 34.810062], [135.391964, 34.810115], [135.391932, 34.810189], [135.391865, 34.810343], [135.391819, 34.810447], [135.391819, 34.810447], [135.39288, 34.810497], [135.394767, 34.810736], [135.393239, 34.81388], [135.390983, 34.813157], [135.390554, 34.812824], [135.390311, 34.812762], [135.39014, 34.813005], [135.389808, 34.813399], [135.389591, 34.813751], [135.389482, 34.814043], [135.389446, 34.814198], [135.38933, 34.814467], [135.389215, 34.814756], [135.389186, 34.814831], [135.389084, 34.815004], [135.388998, 34.815087], [135.38873, 34.815248], [135.388383, 34.815433], [135.388211, 34.815493], [135.388144, 34.815516], [135.388108, 34.815528], [135.387913, 34.815534], [135.387891, 34.815534], [135.387747, 34.815499], [135.387508, 34.815391], [135.387419, 34.815324], [135.387413, 34.81532], [135.387247, 34.815195], [135.386977, 34.814994], [135.386357, 34.81453], [135.386192, 34.814407], [135.386026, 34.814323], [135.385845, 34.814252], [135.385686, 34.814186], [135.385476, 34.81418], [135.385106, 34.814101], [135.38483, 34.814042], [135.384247, 34.813917], [135.384066, 34.81429], [135.384011, 34.814793], [135.383775, 34.815515], [135.383437, 34.816171], [135.382835, 34.816677], [135.381839, 34.816415], [135.380218, 34.816375], [135.379165, 34.81846], [135.375134, 34.818468], [135.374983, 34.817514], [135.375401, 34.81674], [135.376028, 34.816652], [135.376145, 34.816199], [135.375902, 34.816201], [135.3756, 34.816437], [135.371874, 34.816611], [135.371284, 34.816313], [135.371272, 34.815106], [135.371429, 34.814586], [135.371591, 34.814585], [135.37175, 34.814333], [135.371886, 34.813695], [135.372312, 34.813759], [135.372518, 34.81406], [135.373815, 34.814186], [135.374253, 34.813345], [135.373158, 34.813235], [135.373234, 34.812815], [135.373128, 34.81233], [135.373365, 34.811658], [135.376798, 34.811418], [135.376756, 34.811375], [135.376604, 34.811286], [135.376358, 34.81118], [135.376202, 34.811113], [135.376081, 34.811061], [135.375939, 34.810999], [135.375737, 34.810892], [135.375523, 34.810815], [135.3754, 34.81077], [135.375376, 34.810761], [135.375326, 34.81071], [135.375289, 34.810671], [135.375296, 34.81057], [135.375332, 34.810403], [135.375419, 34.810296], [135.375549, 34.810254], [135.375759, 34.810176], [135.37586, 34.810087], [135.375844, 34.809915], [135.375841, 34.80987], [135.375831, 34.809765], [135.375838, 34.809745], [135.37599, 34.809335], [135.376077, 34.809183], [135.376431, 34.808587], [135.376539, 34.808381], [135.376633, 34.808199], [135.376952, 34.807638], [135.377017, 34.80748], [135.377103, 34.807307], [135.377342, 34.806854], [135.377516, 34.806532], [135.377598, 34.806367], [135.377703, 34.806157], [135.377791, 34.805982], [135.377887, 34.805791], [135.37796, 34.805645], [135.377986, 34.805594], [135.378143, 34.80528], [135.378143, 34.80528], [135.378174, 34.805218], [135.378511, 34.804516], [135.378674, 34.804177], [135.378774, 34.803969], [135.378978, 34.803592], [135.379049, 34.803462], [135.379121, 34.803294], [135.379344, 34.802913], [135.379403, 34.802811], [135.379532, 34.802552], [135.379555, 34.802507], [135.380119, 34.801556], [135.380271, 34.801228], [135.380321, 34.801121], [135.380409, 34.800964], [135.380455, 34.800882], [135.380485, 34.800828], [135.380535, 34.800739], [135.380719, 34.800411], [135.381341, 34.799239], [135.381551, 34.798863], [135.381771, 34.798477], [135.381846, 34.798347], [135.382093, 34.797915], [135.382216, 34.797736], [135.382319, 34.797584], [135.382933, 34.796686], [135.382989, 34.796604], [135.383011, 34.796571], [135.383286, 34.796279], [135.383394, 34.796112], [135.383423, 34.795885], [135.383431, 34.795724], [135.383293, 34.795593], [135.383098, 34.795521], [135.382939, 34.795462], [135.382787, 34.795444], [135.3827, 34.795491], [135.382606, 34.795587], [135.382498, 34.795682], [135.382389, 34.795706], [135.382216, 34.795694], [135.38197, 34.795658], [135.381957, 34.795654], [135.381903, 34.795634], [135.381778, 34.79559], [135.381708, 34.795566], [135.381254, 34.795405], [135.38095, 34.795286], [135.38077, 34.795196], [135.380531, 34.794999], [135.380444, 34.794916], [135.380416, 34.794879], [135.380305, 34.794735], [135.380222, 34.794626], [135.380149, 34.794531], [135.380066, 34.794423], [135.379758, 34.794021], [135.379722, 34.793916], [135.379716, 34.793899], [135.379691, 34.793823], [135.379685, 34.793806], [135.379635, 34.793603], [135.379591, 34.79352], [135.379562, 34.793401], [135.379483, 34.793254], [135.379396, 34.79304], [135.379381, 34.792903], [135.37936, 34.79239], [135.37928, 34.792348], [135.378998, 34.792342], [135.378854, 34.7923], [135.378767, 34.792229], [135.378644, 34.792014], [135.378608, 34.791883], [135.37853, 34.791769], [135.378483, 34.791699], [135.378419, 34.791607], [135.378384, 34.791555], [135.378376, 34.791459], [135.378434, 34.791334], [135.378463, 34.791256], [135.378465, 34.791211], [135.37847, 34.791101], [135.378485, 34.790982], [135.378441, 34.790874], [135.378246, 34.790743], [135.378174, 34.790725], [135.378094, 34.790779], [135.37796, 34.790876], [135.377921, 34.790904], [135.377845, 34.790932], [135.377791, 34.790952], [135.377699, 34.790941], [135.377596, 34.790928], [135.377401, 34.790952], [135.377321, 34.79103], [135.377286, 34.791108], [135.377176, 34.791352], [135.377097, 34.791489], [135.376981, 34.791537], [135.376815, 34.791561], [135.376612, 34.791543], [135.376602, 34.791537], [135.376482, 34.791465], [135.376431, 34.791399], [135.376424, 34.791244], [135.376482, 34.791036], [135.376504, 34.790857], [135.376504, 34.790698], [135.376504, 34.790588], [135.376446, 34.790451], [135.376359, 34.790409], [135.376287, 34.790457], [135.376309, 34.790606], [135.376345, 34.790809], [135.376316, 34.790913], [135.376207, 34.791056], [135.376106, 34.791128], [135.376019, 34.791134], [135.375846, 34.791044], [135.375701, 34.790997], [135.375542, 34.791158], [135.375491, 34.791265], [135.375513, 34.791319], [135.375658, 34.791474], [135.375723, 34.791677], [135.375716, 34.791862], [135.375706, 34.791988], [135.3757, 34.792072], [135.375694, 34.79216], [135.375629, 34.792381], [135.375592, 34.792414], [135.375571, 34.792434], [135.3755, 34.792427], [135.375405, 34.792416], [135.375311, 34.792389], [135.375218, 34.792363], [135.375113, 34.792332], [135.375056, 34.792316], [135.374949, 34.792285], [135.374761, 34.792255], [135.374696, 34.792261], [135.374609, 34.792393], [135.374544, 34.792404], [135.374363, 34.792404], [135.374361, 34.792404], [135.374016, 34.792345], [135.373713, 34.792279], [135.373572, 34.792282], [135.373445, 34.792285], [135.373293, 34.792422], [135.373207, 34.792554], [135.373076, 34.792929], [135.372992, 34.793139], [135.372968, 34.793198], [135.372845, 34.793377], [135.37278, 34.793556], [135.372708, 34.793693], [135.372672, 34.793872], [135.372591, 34.793831], [135.37252, 34.793794], [135.372199, 34.793693], [135.371826, 34.793623], [135.371527, 34.793567], [135.371411, 34.793545], [135.371325, 34.793529], [135.371321, 34.793528], [135.371252, 34.793515], [135.37123, 34.793511], [135.371231, 34.793524], [135.371241, 34.793825], [135.371244, 34.793911], [135.371201, 34.793946], [135.371161, 34.793942], [135.371116, 34.793936], [135.3711, 34.793934], [135.371028, 34.793851], [135.370984, 34.793708], [135.370981, 34.79361], [135.37097, 34.793314], [135.370894, 34.793174], [135.370875, 34.793161], [135.370829, 34.793127], [135.370828, 34.793126], [135.37053, 34.79291], [135.370236, 34.792697], [135.370172, 34.792664], [135.370024, 34.792586], [135.369903, 34.792524], [135.369781, 34.792399], [135.369766, 34.792315], [135.369788, 34.792202], [135.369792, 34.792183], [135.369817, 34.792064], [135.369783, 34.791892], [135.369773, 34.791844], [135.369769, 34.791756], [135.369766, 34.791707], [135.369796, 34.791517], [135.369801, 34.791482], [135.369828, 34.791316], [135.369922, 34.790768], [135.369964, 34.790478], [135.370016, 34.790129], [135.370044, 34.789986], [135.370081, 34.789849], [135.370138, 34.789688], [135.370162, 34.789616], [135.370191, 34.789528], [135.370222, 34.789434], [135.370518, 34.788677], [135.370597, 34.788436], [135.370621, 34.788361], [135.370883, 34.787558], [135.37092, 34.787419], [135.370955, 34.787289], [135.371013, 34.787069], [135.371136, 34.786681], [135.371194, 34.78655], [135.371316, 34.786325], [135.371462, 34.786055], [135.371555, 34.785883], [135.371715, 34.78559], [135.371809, 34.785417], [135.372064, 34.784923], [135.372066, 34.78492], [135.372105, 34.784844], [135.372151, 34.784773], [135.3722, 34.784695], [135.37231, 34.784537], [135.372359, 34.784454], [135.372359, 34.784454], [135.372257, 34.784375], [135.3722, 34.784331], [135.372018, 34.784183], [135.371858, 34.784053], [135.371609, 34.783851], [135.371583, 34.783829], [135.371275, 34.783579], [135.371155, 34.783483], [135.371021, 34.783375], [135.371001, 34.78336], [135.370552, 34.783], [135.370477, 34.782939], [135.370426, 34.782896], [135.370241, 34.782743], [135.37033, 34.782461], [135.370348, 34.782405], [135.37035, 34.782398], [135.370414, 34.782196], [135.370664, 34.781404], [135.37046, 34.78137], [135.369594, 34.781224], [135.369247, 34.781166], [135.369116, 34.780987], [135.369109, 34.780909], [135.369615, 34.779364], [135.369706, 34.779116], [135.369995, 34.778329], [135.370009, 34.778133], [135.369966, 34.77796], [135.369735, 34.777471], [135.36963, 34.777247], [135.369635, 34.777118], [135.369641, 34.776998], [135.369646, 34.776871], [135.369652, 34.776746], [135.369558, 34.77643], [135.36955, 34.776311], [135.369594, 34.776203], [135.369721, 34.776103], [135.369746, 34.776084], [135.36981, 34.776037], [135.369976, 34.775916], [135.370057, 34.775856], [135.370301, 34.775679], [135.370375, 34.775624], [135.370381, 34.775619], [135.370536, 34.775474], [135.370602, 34.775413], [135.370763, 34.775262], [135.370837, 34.775193], [135.370992, 34.775049], [135.371066, 34.77498], [135.371192, 34.774863], [135.371266, 34.774794], [135.371376, 34.774691], [135.371386, 34.774669], [135.371456, 34.774524], [135.371434, 34.774459], [135.371205, 34.774309], [135.371051, 34.774208], [135.371042, 34.774213], [135.370986, 34.774244], [135.370903, 34.774328], [135.370754, 34.774478], [135.370639, 34.774596], [135.37033, 34.774858], [135.37019, 34.774977], [135.36972, 34.775288], [135.369608, 34.775346], [135.369424, 34.775443], [135.36912, 34.775556], [135.368751, 34.775681], [135.368585, 34.775735], [135.368212, 34.775838], [135.367956, 34.775908], [135.367428, 34.776033], [135.366835, 34.776194], [135.366427, 34.776274], [135.36621, 34.776293], [135.365508, 34.776334], [135.364966, 34.77634], [135.364479, 34.776327], [135.364286, 34.776322], [135.36385, 34.776268], [135.363759, 34.776257], [135.363274, 34.776119], [135.362895, 34.775953], [135.362851, 34.775934], [135.362641, 34.775842], [135.362041, 34.775616], [135.36201, 34.775605], [135.361211, 34.775326], [135.360536, 34.77509], [135.360349, 34.775025], [135.35972, 34.774864], [135.35925, 34.774764], [135.358639, 34.774634], [135.358455, 34.774587], [135.357967, 34.774461], [135.357963, 34.77446], [135.357947, 34.774456], [135.357699, 34.774384], [135.357607, 34.774343], [135.357576, 34.77433], [135.357348, 34.774234], [135.357266, 34.774199], [135.357133, 34.774122], [135.356875, 34.773972], [135.356195, 34.773549], [135.355772, 34.773275], [135.354919, 34.772722], [135.354399, 34.772418], [135.354012, 34.772221], [135.353907, 34.772168], [135.353647, 34.772066], [135.35364, 34.77208], [135.353591, 34.772187], [135.353566, 34.772238], [135.353551, 34.772271], [135.353466, 34.772454], [135.353249, 34.772889], [135.35309, 34.77317], [135.35301, 34.773241], [135.352938, 34.773265], [135.352262, 34.773298], [135.352018, 34.773339], [135.351942, 34.773351], [135.351888, 34.773361], [135.351654, 34.773399], [135.351148, 34.773381], [135.349543, 34.773399], [135.349481, 34.773419], [135.349412, 34.773441], [135.349214, 34.773504], [135.349091, 34.773665], [135.348965, 34.773741], [135.348918, 34.773769], [135.348802, 34.773838], [135.34853, 34.77397], [135.348274, 34.774094], [135.348158, 34.774237], [135.348014, 34.774357], [135.348013, 34.774357], [135.347931, 34.774407], [135.347848, 34.774458], [135.34762, 34.774551], [135.347519, 34.774563], [135.347396, 34.774551], [135.347114, 34.774479], [135.346986, 34.774441], [135.346979, 34.774439], [135.346832, 34.774395], [135.3466, 34.774354], [135.346398, 34.774359], [135.346351, 34.774371], [135.34634, 34.774373], [135.346217, 34.774403], [135.346139, 34.774421], [135.346022, 34.774449], [135.345115, 34.774687], [135.344814, 34.774765], [135.344337, 34.774893], [135.344214, 34.774926], [135.343601, 34.775072], [135.343046, 34.775204], [135.342757, 34.775258], [135.342468, 34.775341], [135.342381, 34.775448], [135.34228, 34.775609], [135.342294, 34.77577], [135.342349, 34.77625], [135.34232, 34.776441], [135.342094, 34.776791], [135.342094, 34.776791], [135.341828, 34.777205], [135.341731, 34.777413], [135.341662, 34.777563], [135.34167, 34.777701], [135.341683, 34.777927], [135.34185, 34.778565], [135.341853, 34.778693], [135.341843, 34.778832], [135.343083, 34.778467], [135.343771, 34.778734], [135.344753, 34.77863], [135.345738, 34.778846], [135.345986, 34.779806], [135.346347, 34.780198], [135.346765, 34.780344], [135.346859, 34.780762], [135.3468, 34.780812], [135.346572, 34.781898], [135.346304, 34.781974], [135.346359, 34.781406], [135.345826, 34.781779], [135.345446, 34.782546], [135.346165, 34.782986], [135.346462, 34.782885], [135.347182, 34.78335], [135.347805, 34.783124], [135.34843, 34.783022], [135.348052, 34.78401], [135.347166, 34.787887], [135.346266, 34.790383], [135.34564, 34.790387], [135.345525, 34.790831], [135.344212, 34.790543], [135.343586, 34.790522], [135.342952, 34.789712], [135.342117, 34.789618], [135.341426, 34.788981], [135.339102, 34.788995], [135.338716, 34.789195], [135.338148, 34.789001], [135.328429, 34.788466], [135.325239, 34.788262], [135.324678, 34.788734], [135.324858, 34.788955], [135.325484, 34.788902], [135.325907, 34.789565], [135.326354, 34.789612], [135.326768, 34.789191], [135.327571, 34.789087], [135.329361, 34.789274], [135.328742, 34.790017], [135.328267, 34.790242], [135.328271, 34.790637], [135.327888, 34.791058], [135.327808, 34.792045], [135.328944, 34.792458], [135.329539, 34.792429], [135.330549, 34.792004], [135.33061, 34.792152], [135.330256, 34.792622], [135.329454, 34.792874], [135.328596, 34.79352], [135.329346, 34.794009], [135.329941, 34.793981], [135.330271, 34.794127], [135.330596, 34.793927], [135.331132, 34.79385], [135.331254, 34.794096], [135.330127, 34.79467], [135.330619, 34.796295], [135.331165, 34.797352], [135.331494, 34.797424], [135.331437, 34.797769], [135.33081, 34.79765], [135.330217, 34.797949], [135.329804, 34.79842], [135.328912, 34.798598], [135.328949, 34.799387], [135.329186, 34.799188], [135.329663, 34.799185], [135.330624, 34.800043], [135.331012, 34.800016], [135.331849, 34.800381], [135.332414, 34.800205], [135.33292, 34.800153], [135.333185, 34.799855], [135.333934, 34.800245], [135.334035, 34.801478], [135.335555, 34.801469], [135.335703, 34.801345], [135.338741, 34.801203], [135.33885, 34.8032], [135.339149, 34.803346], [135.33829, 34.803918], [135.337399, 34.80417], [135.336781, 34.805086], [135.336034, 34.804893], [135.335051, 34.804924], [135.335049, 34.804702], [135.333639, 34.803724], [135.333403, 34.803947], [135.333885, 34.804487], [135.334128, 34.805003], [135.333413, 34.805032], [135.333415, 34.805254], [135.332673, 34.805505], [135.332557, 34.805851], [135.332259, 34.805853], [135.331724, 34.806078], [135.331756, 34.80625], [135.332264, 34.806395], [135.332268, 34.806839], [135.333405, 34.807301], [135.33238, 34.809255], [135.329707, 34.811287], [135.32966, 34.811297]]]}}, {"type": "Feature", "id": "did-1990-62", "properties": {"A16_001": "282151", "A16_002": "28215", "A16_003": "三木市", "A16_004": "1", "A16_005": "52069", "A16_006": "8.70", "A16_007": "49884", "A16_008": "7.50", "A16_009": "68.10", "A16_010": "7.20", "A16_011": "1990", "year": 1990, "population": 52069.0, "areaKm2": 8.7, "density": 5984.942528735633}, "geometry": {"type": "Polygon", "coordinates": [[[135.038898, 34.76487], [135.038775, 34.76479], [135.038669, 34.764732], [135.038669, 34.764732], [135.038499, 34.76476], [135.038356, 34.764783], [135.037793, 34.764876], [135.037714, 34.764889], [135.037523, 34.764941], [135.037397, 34.764971], [135.037153, 34.765029], [135.037035, 34.765058], [135.036819, 34.765105], [135.036645, 34.765144], [135.035872, 34.765314], [135.035561, 34.765395], [135.035374, 34.765472], [135.035148, 34.765552], [135.034021, 34.765966], [135.03394, 34.765983], [135.033883, 34.765995], [135.033795, 34.765976], [135.033608, 34.765933], [135.033368, 34.76586], [135.033097, 34.765779], [135.032884, 34.765728], [135.032817, 34.76574], [135.032759, 34.76575], [135.03273, 34.765748], [135.032529, 34.765738], [135.032338, 34.765728], [135.032147, 34.765717], [135.031748, 34.765735], [135.031603, 34.765686], [135.031538, 34.765664], [135.031477, 34.765644], [135.031321, 34.765581], [135.03113, 34.765479], [135.030855, 34.765354], [135.030327, 34.765069], [135.030152, 34.764965], [135.029994, 34.764875], [135.029781, 34.764769], [135.029159, 34.764635], [135.028986, 34.76461], [135.028793, 34.764569], [135.02862, 34.764549], [135.028354, 34.764544], [135.028354, 34.764544], [135.028209, 34.764541], [135.028104, 34.76453], [135.027967, 34.764516], [135.027581, 34.764513], [135.027324, 34.764484], [135.027307, 34.764481], [135.02672, 34.764399], [135.026716, 34.764398], [135.026553, 34.764378], [135.0264, 34.764353], [135.026276, 34.764317], [135.026054, 34.764251], [135.025891, 34.764203], [135.025723, 34.764167], [135.025624, 34.764145], [135.025771, 34.76446], [135.025842, 34.764572], [135.026152, 34.764834], [135.024834, 34.767039], [135.026409, 34.767635], [135.026665, 34.768301], [135.026495, 34.768896], [135.025815, 34.769911], [135.024709, 34.771031], [135.024113, 34.770786], [135.023432, 34.77096], [135.023177, 34.771521], [135.023177, 34.771871], [135.022284, 34.773271], [135.022008, 34.773218], [135.020838, 34.774566], [135.020222, 34.775143], [135.019562, 34.775493], [135.018689, 34.774477], [135.018604, 34.77425], [135.01803, 34.774355], [135.016222, 34.775282], [135.016094, 34.774739], [135.015285, 34.774686], [135.015073, 34.774843], [135.01437, 34.774738], [135.013136, 34.774562], [135.012753, 34.774597], [135.012669, 34.775507], [135.012881, 34.775683], [135.01286, 34.776313], [135.012563, 34.776768], [135.012584, 34.777276], [135.012861, 34.777608], [135.012606, 34.777923], [135.010202, 34.77934], [135.010074, 34.779603], [135.009734, 34.779533], [135.006436, 34.780371], [135.00533, 34.780703], [135.006309, 34.781947], [135.005521, 34.782139], [135.004075, 34.782401], [135.002713, 34.782452], [135.001798, 34.782207], [135.000606, 34.781873], [134.999351, 34.782135], [134.999479, 34.782923], [135.001777, 34.784115], [135.002096, 34.783695], [135.002075, 34.782767], [135.003224, 34.782855], [135.003203, 34.783661], [135.002777, 34.783748], [135.002777, 34.784151], [135.002586, 34.784326], [135.002735, 34.785061], [135.00216, 34.784991], [135.00248, 34.786427], [135.002863, 34.786497], [135.002756, 34.786847], [135.001905, 34.787582], [135.001267, 34.787949], [135.00082, 34.788404], [135.001395, 34.788527], [135.001672, 34.788282], [135.002289, 34.788247], [135.002651, 34.788703], [135.002651, 34.789561], [135.002991, 34.789911], [135.002821, 34.790734], [135.002779, 34.791574], [135.00263, 34.79252], [135.002907, 34.793465], [135.003227, 34.794096], [135.002822, 34.794166], [135.002546, 34.794358], [135.002014, 34.794323], [135.001269, 34.793937], [135.001566, 34.793377], [134.999012, 34.792552], [134.998204, 34.792569], [134.998119, 34.792202], [134.997565, 34.792026], [134.997523, 34.792341], [134.997352, 34.792394], [134.997118, 34.792201], [134.996693, 34.792166], [134.99631, 34.792236], [134.995948, 34.792375], [134.995693, 34.792673], [134.995522, 34.792988], [134.995352, 34.793075], [134.995416, 34.793793], [134.995267, 34.794423], [134.996821, 34.794477], [134.996949, 34.795755], [134.996587, 34.795807], [134.996587, 34.796578], [134.995161, 34.796594], [134.995247, 34.797872], [134.99514, 34.79817], [134.995225, 34.79887], [134.993331, 34.798624], [134.993395, 34.797976], [134.993714, 34.797871], [134.993778, 34.797521], [134.993331, 34.797416], [134.993246, 34.796856], [134.993033, 34.796453], [134.992969, 34.79584], [134.993139, 34.795455], [134.992926, 34.79514], [134.992522, 34.795192], [134.991011, 34.796591], [134.990607, 34.796574], [134.989436, 34.79687], [134.988819, 34.79694], [134.98884, 34.797133], [134.988181, 34.797342], [134.987798, 34.797009], [134.987627, 34.796589], [134.987989, 34.796362], [134.988436, 34.79652], [134.988351, 34.796064], [134.987819, 34.795906], [134.987393, 34.795416], [134.98701, 34.795363], [134.986989, 34.795013], [134.986265, 34.794925], [134.986116, 34.794714], [134.986265, 34.794329], [134.985797, 34.794154], [134.985393, 34.793979], [134.985137, 34.793663], [134.985541, 34.792858], [134.98569, 34.792683], [134.985669, 34.79221], [134.985818, 34.791755], [134.985627, 34.79158], [134.985158, 34.791807], [134.985095, 34.792245], [134.984456, 34.792455], [134.98435, 34.79277], [134.984392, 34.793172], [134.983903, 34.793802], [134.983307, 34.793907], [134.983073, 34.793784], [134.982966, 34.793574], [134.983009, 34.793311], [134.983733, 34.792437], [134.983647, 34.791964], [134.983286, 34.791858], [134.982775, 34.791158], [134.98252, 34.791893], [134.981732, 34.792102], [134.981817, 34.791402], [134.981307, 34.791122], [134.981051, 34.791629], [134.980647, 34.791926], [134.980647, 34.792662], [134.980583, 34.792889], [134.980115, 34.792801], [134.979583, 34.792626], [134.97888, 34.792573], [134.978476, 34.792135], [134.977944, 34.792204], [134.977774, 34.791994], [134.977753, 34.791416], [134.977263, 34.791539], [134.976838, 34.791503], [134.976327, 34.791608], [134.975922, 34.791537], [134.975369, 34.791607], [134.974965, 34.792009], [134.974646, 34.792202], [134.974369, 34.791956], [134.974262, 34.791799], [134.973879, 34.792026], [134.973986, 34.791571], [134.974092, 34.791046], [134.974837, 34.790258], [134.974603, 34.789996], [134.97405, 34.790538], [134.973539, 34.791903], [134.973369, 34.791833], [134.97339, 34.791168], [134.973667, 34.790748], [134.973858, 34.790118], [134.974071, 34.789312], [134.974454, 34.788822], [134.974625, 34.788297], [134.974497, 34.787614], [134.973497, 34.788261], [134.973071, 34.788576], [134.97288, 34.788944], [134.972858, 34.790379], [134.972475, 34.790396], [134.972262, 34.790589], [134.972368, 34.791674], [134.97222, 34.791814], [134.970347, 34.792005], [134.970347, 34.792005], [134.969878, 34.792653], [134.969219, 34.79337], [134.968963, 34.793878], [134.969048, 34.794613], [134.969772, 34.795314], [134.970304, 34.795752], [134.970665, 34.796033], [134.970772, 34.796488], [134.971687, 34.796489], [134.971793, 34.797259], [134.972134, 34.797364], [134.973283, 34.797418], [134.973283, 34.798416], [134.969707, 34.799778], [134.970175, 34.800987], [134.974389, 34.799415], [134.974921, 34.800606], [134.974687, 34.800903], [134.973581, 34.801025], [134.973495, 34.800727], [134.972751, 34.800884], [134.972751, 34.801112], [134.971814, 34.801636], [134.974453, 34.802426], [134.974581, 34.803022], [134.976241, 34.803181], [134.976709, 34.804284], [134.978476, 34.80404], [134.978156, 34.804881], [134.979093, 34.806912], [134.975645, 34.80747], [134.975198, 34.806997], [134.975219, 34.806296], [134.974581, 34.804422], [134.97407, 34.803914], [134.973921, 34.803196], [134.97241, 34.803177], [134.972963, 34.803966], [134.97292, 34.804386], [134.973027, 34.804719], [134.972814, 34.804946], [134.97324, 34.805402], [134.973452, 34.805384], [134.973303, 34.806067], [134.973537, 34.80633], [134.973261, 34.806715], [134.973303, 34.807065], [134.972941, 34.807345], [134.973176, 34.807625], [134.97226, 34.807677], [134.97209, 34.807537], [134.970919, 34.807641], [134.971345, 34.806993], [134.971303, 34.806048], [134.970771, 34.80596], [134.970579, 34.805189], [134.968578, 34.80566], [134.965535, 34.805955], [134.966513, 34.80853], [134.967045, 34.808565], [134.966811, 34.808933], [134.966832, 34.809405], [134.967428, 34.809406], [134.968301, 34.809722], [134.968578, 34.809162], [134.971026, 34.809199], [134.971558, 34.809147], [134.972537, 34.808815], [134.973431, 34.808693], [134.972324, 34.809585], [134.972345, 34.810198], [134.973856, 34.810445], [134.974005, 34.81083], [134.974729, 34.810883], [134.974687, 34.810235], [134.9759, 34.810534], [134.975708, 34.811322], [134.977305, 34.811551], [134.976985, 34.8105], [134.976155, 34.810324], [134.975687, 34.809763], [134.974985, 34.80936], [134.974708, 34.808379], [134.975857, 34.808048], [134.975943, 34.80838], [134.977156, 34.808416], [134.977433, 34.808067], [134.977901, 34.808242], [134.979455, 34.808068], [134.979412, 34.808471], [134.97922, 34.808506], [134.979753, 34.809697], [134.979242, 34.809924], [134.979284, 34.810449], [134.979029, 34.810677], [134.979242, 34.811342], [134.979071, 34.812497], [134.979731, 34.812515], [134.979901, 34.812848], [134.981541, 34.813445], [134.982413, 34.811187], [134.982669, 34.810995], [134.981115, 34.810888], [134.981136, 34.810258], [134.980498, 34.8101], [134.980327, 34.809697], [134.98037, 34.809417], [134.9812, 34.808542], [134.980881, 34.807947], [134.980859, 34.807649], [134.980455, 34.807229], [134.98037, 34.806441], [134.981072, 34.805881], [134.980902, 34.805618], [134.980306, 34.8056], [134.980391, 34.805128], [134.980817, 34.805005], [134.980881, 34.805338], [134.981221, 34.805653], [134.981562, 34.804813], [134.981668, 34.804253], [134.98186, 34.804253], [134.983137, 34.807563], [134.983903, 34.807354], [134.985265, 34.806234], [134.9865, 34.80599], [134.988713, 34.805256], [134.988926, 34.804346], [134.989437, 34.804662], [134.989352, 34.805152], [134.989948, 34.805292], [134.98982, 34.804312], [134.989735, 34.803051], [134.990331, 34.802911], [134.990842, 34.802982], [134.991523, 34.805083], [134.991268, 34.805538], [134.992034, 34.806379], [134.992715, 34.80596], [134.993779, 34.805785], [134.993226, 34.805435], [134.993098, 34.805084], [134.993566, 34.804595], [134.993481, 34.804244], [134.994886, 34.803685], [134.995056, 34.803965], [134.996078, 34.804001], [134.996184, 34.804106], [134.996057, 34.804736], [134.996291, 34.804736], [134.996035, 34.805226], [134.995993, 34.805594], [134.996163, 34.80626], [134.994609, 34.806259], [134.994609, 34.806469], [134.99544, 34.807082], [134.996887, 34.807451], [134.997717, 34.807539], [134.998526, 34.806961], [134.998696, 34.806489], [134.998952, 34.806226], [134.999036, 34.804283], [134.998568, 34.80374], [134.998376, 34.803477], [134.99827, 34.801971], [134.99844, 34.801254], [134.998461, 34.800186], [134.998737, 34.799888], [134.999653, 34.799941], [135.000078, 34.799732], [135.0011, 34.79975], [135.000865, 34.798892], [135.000738, 34.798471], [135.000376, 34.798576], [135.000205, 34.797648], [135.00012, 34.79714], [134.999652, 34.796667], [134.999673, 34.796335], [135.000162, 34.796107], [135.000588, 34.795863], [135.000673, 34.796458], [135.001014, 34.796493], [135.001014, 34.79623], [135.001759, 34.796459], [135.002376, 34.796249], [135.003035, 34.795759], [135.00344, 34.794971], [135.003801, 34.794972], [135.004248, 34.794272], [135.005248, 34.794447], [135.005376, 34.794587], [135.005993, 34.794448], [135.00627, 34.79464], [135.006993, 34.794273], [135.007568, 34.794431], [135.007504, 34.793871], [135.007334, 34.793766], [135.007334, 34.793503], [135.007866, 34.793486], [135.008291, 34.793276], [135.008483, 34.792873], [135.008908, 34.792751], [135.008822, 34.79072], [135.008631, 34.790667], [135.008695, 34.79016], [135.008205, 34.790054], [135.007716, 34.789669], [135.007694, 34.789564], [135.008099, 34.789547], [135.008035, 34.789354], [135.007715, 34.789196], [135.007566, 34.788881], [135.007439, 34.788531], [135.006949, 34.788495], [135.006949, 34.787602], [135.007247, 34.787428], [135.007694, 34.788128], [135.008034, 34.788776], [135.008247, 34.788811], [135.008502, 34.788479], [135.008694, 34.788286], [135.009013, 34.788304], [135.009056, 34.788917], [135.009226, 34.78946], [135.009631, 34.790055], [135.009631, 34.790755], [135.009993, 34.790826], [135.010078, 34.790703], [135.01027, 34.790843], [135.010546, 34.790668], [135.010397, 34.790178], [135.010078, 34.78967], [135.009907, 34.789022], [135.010013, 34.788007], [135.010034, 34.787482], [135.009523, 34.786939], [135.009459, 34.786588], [135.009906, 34.786956], [135.010673, 34.788112], [135.010715, 34.787149], [135.01097, 34.786484], [135.011183, 34.786099], [135.011864, 34.786064], [135.011779, 34.787027], [135.012034, 34.787028], [135.012184, 34.787658], [135.012375, 34.788183], [135.012673, 34.788394], [135.012929, 34.788901], [135.013206, 34.789129], [135.013738, 34.789252], [135.013908, 34.78969], [135.013993, 34.790093], [135.014185, 34.79018], [135.014292, 34.791266], [135.014526, 34.791441], [135.01476, 34.791879], [135.014909, 34.792036], [135.015356, 34.791651], [135.015462, 34.791091], [135.015845, 34.790934], [135.016313, 34.790426], [135.01627, 34.789866], [135.01644, 34.789709], [135.016249, 34.789463], [135.01627, 34.788448], [135.016291, 34.787993], [135.01629, 34.786995], [135.01678, 34.786505], [135.017078, 34.787153], [135.017503, 34.78731], [135.018397, 34.786348], [135.019184, 34.785841], [135.01912, 34.785403], [135.01946, 34.785421], [135.01946, 34.785613], [135.019992, 34.785561], [135.020205, 34.785333], [135.021184, 34.785299], [135.022014, 34.785194], [135.021801, 34.784844], [135.021885, 34.783881], [135.022524, 34.783741], [135.023119, 34.783794], [135.023481, 34.784039], [135.023523, 34.783269], [135.0238, 34.782779], [135.023566, 34.782516], [135.023608, 34.782236], [135.0238, 34.782201], [135.02348, 34.781798], [135.023629, 34.781325], [135.023905, 34.781116], [135.023395, 34.781028], [135.023394, 34.780362], [135.02382, 34.78038], [135.023926, 34.779697], [135.024479, 34.778542], [135.024649, 34.778542], [135.024882, 34.777772], [135.024606, 34.777562], [135.024627, 34.776826], [135.024882, 34.776529], [135.02486, 34.776249], [135.024499, 34.776213], [135.024818, 34.775881], [135.025009, 34.775934], [135.024924, 34.775513], [135.025137, 34.775496], [135.025413, 34.775356], [135.025775, 34.775356], [135.025562, 34.775724], [135.025818, 34.775846], [135.025605, 34.776442], [135.026073, 34.776879], [135.025797, 34.777037], [135.025925, 34.777527], [135.026308, 34.777877], [135.026053, 34.778123], [135.026117, 34.77828], [135.026627, 34.77828], [135.026734, 34.778018], [135.027372, 34.778403], [135.027457, 34.778193], [135.028032, 34.778421], [135.028011, 34.778561], [135.028479, 34.778841], [135.028776, 34.778456], [135.028585, 34.778054], [135.028585, 34.777668], [135.029563, 34.776811], [135.030605, 34.776251], [135.031414, 34.776391], [135.03201, 34.776619], [135.033477, 34.775114], [135.036477, 34.775395], [135.036287, 34.777444], [135.039372, 34.777655], [135.039013, 34.781699], [135.041652, 34.78184], [135.041673, 34.781245], [135.041459, 34.780544], [135.041225, 34.780089], [135.041416, 34.779494], [135.041245, 34.778986], [135.040777, 34.778443], [135.040394, 34.778233], [135.040394, 34.7779], [135.040713, 34.777813], [135.040734, 34.77734], [135.041138, 34.777183], [135.041244, 34.776728], [135.041669, 34.776535], [135.041648, 34.776202], [135.040818, 34.77601], [135.040626, 34.776027], [135.040392, 34.775747], [135.039477, 34.775414], [135.039583, 34.775169], [135.039987, 34.774906], [135.040157, 34.774906], [135.040092, 34.772735], [135.041645, 34.772526], [135.041794, 34.772911], [135.044432, 34.772789], [135.045432, 34.771879], [135.046049, 34.771704], [135.04673, 34.771739], [135.046729, 34.771597], [135.046705, 34.771584], [135.04668, 34.771557], [135.046589, 34.771456], [135.046523, 34.771328], [135.046447, 34.771218], [135.046314, 34.77113], [135.046208, 34.771082], [135.046114, 34.771039], [135.045923, 34.770999], [135.045794, 34.771021], [135.045653, 34.771068], [135.045537, 34.770999], [135.045444, 34.770907], [135.045426, 34.770889], [135.045288, 34.770786], [135.045271, 34.770706], [135.045297, 34.770537], [135.045302, 34.770427], [135.045191, 34.770277], [135.044946, 34.770145], [135.044636, 34.770032], [135.04444, 34.77005], [135.044298, 34.770083], [135.044152, 34.770167], [135.043987, 34.770251], [135.04377, 34.770369], [135.043588, 34.770409], [135.043441, 34.770431], [135.043362, 34.77042], [135.043277, 34.770394], [135.043139, 34.770277], [135.043011, 34.770153], [135.042837, 34.770045], [135.042833, 34.770043], [135.04262, 34.769922], [135.042296, 34.769808], [135.041932, 34.769823], [135.041745, 34.769885], [135.04155, 34.769918], [135.04131, 34.769936], [135.041133, 34.769914], [135.040831, 34.769911], [135.040807, 34.769907], [135.040671, 34.769885], [135.040574, 34.769845], [135.04048, 34.769728], [135.040485, 34.769544], [135.040485, 34.769542], [135.040494, 34.769321], [135.040503, 34.769153], [135.040596, 34.768933], [135.040609, 34.768794], [135.040604, 34.768654], [135.040569, 34.768499], [135.04056, 34.76846], [135.040541, 34.768416], [135.040507, 34.768336], [135.040423, 34.7682], [135.040312, 34.768076], [135.040285, 34.767977], [135.040298, 34.767881], [135.040351, 34.767801], [135.040462, 34.767634], [135.040489, 34.767593], [135.040523, 34.767492], [135.040551, 34.767409], [135.040525, 34.767303], [135.040523, 34.7673], [135.040457, 34.767205], [135.040454, 34.767201], [135.040372, 34.767116], [135.040316, 34.767058], [135.040201, 34.766933], [135.040166, 34.766865], [135.040125, 34.766783], [135.040058, 34.7666], [135.040014, 34.766428], [135.039961, 34.766252], [135.039712, 34.765757], [135.039628, 34.7656], [135.039521, 34.765442], [135.039366, 34.76527], [135.039059, 34.764992], [135.038922, 34.764886], [135.038898, 34.76487]]]}}, {"type": "Feature", "id": "did-1990-63", "properties": {"A16_001": "282151", "A16_002": "28215", "A16_003": "三木市", "A16_004": "1", "A16_005": "52069", "A16_006": "8.70", "A16_007": "49884", "A16_008": "7.50", "A16_009": "68.10", "A16_010": "7.20", "A16_011": "1990", "year": 1990, "population": 52069.0, "areaKm2": 8.7, "density": 5984.942528735633}, "geometry": {"type": "Polygon", "coordinates": [[[134.970986, 34.785808], [134.971858, 34.785599], [134.971497, 34.784915], [134.970922, 34.785055], [134.970986, 34.785808]]]}}, {"type": "Feature", "id": "did-1990-64", "properties": {"A16_001": "282151", "A16_002": "28215", "A16_003": "三木市", "A16_004": "1", "A16_005": "52069", "A16_006": "8.70", "A16_007": "49884", "A16_008": "7.50", "A16_009": "68.10", "A16_010": "7.20", "A16_011": "1990", "year": 1990, "population": 52069.0, "areaKm2": 8.7, "density": 5984.942528735633}, "geometry": {"type": "Polygon", "coordinates": [[[134.970347, 34.792005], [134.970623, 34.791585], [134.971198, 34.790903], [134.971262, 34.790395], [134.971071, 34.78987], [134.970943, 34.78966], [134.970432, 34.789502], [134.970305, 34.789064], [134.970113, 34.788363], [134.970369, 34.787926], [134.970581, 34.787926], [134.970581, 34.788084], [134.971135, 34.788032], [134.97122, 34.787524], [134.971752, 34.787524], [134.971858, 34.787892], [134.972411, 34.787893], [134.97239, 34.787017], [134.971816, 34.787209], [134.971667, 34.787174], [134.971539, 34.786456], [134.970965, 34.786491], [134.970986, 34.785808], [134.970986, 34.785808], [134.970709, 34.78579], [134.970582, 34.785002], [134.970029, 34.784687], [134.969603, 34.784599], [134.968731, 34.784755], [134.96905, 34.785088], [134.969646, 34.784914], [134.970156, 34.785159], [134.970369, 34.785807], [134.969369, 34.785982], [134.969432, 34.786945], [134.968241, 34.787084], [134.967687, 34.787293], [134.967134, 34.787906], [134.967006, 34.788238], [134.967134, 34.788851], [134.968113, 34.788834], [134.968326, 34.788379], [134.968751, 34.7881], [134.968751, 34.78929], [134.968985, 34.789623], [134.96956, 34.789624], [134.969538, 34.790131], [134.968921, 34.790148], [134.9689, 34.791059], [134.968559, 34.791391], [134.968623, 34.791741], [134.968878, 34.791952], [134.969517, 34.792005], [134.970347, 34.792005]]]}}, {"type": "Feature", "id": "did-1990-65", "properties": {"A16_001": "282161", "A16_002": "28216", "A16_003": "高砂市", "A16_004": "1", "A16_005": "76900", "A16_006": "19.90", "A16_007": "73510", "A16_008": "19.10", "A16_009": "82.40", "A16_010": "57.80", "A16_011": "1990", "year": 1990, "population": 76900.0, "areaKm2": 19.9, "density": 3864.321608040201}, "geometry": {"type": "Polygon", "coordinates": [[[134.764929, 34.772772], [134.765523, 34.77444], [134.76555, 34.774541], [134.76562, 34.774803], [134.765627, 34.774829], [134.765627, 34.774912], [134.765627, 34.775071], [134.765658, 34.775313], [134.765857, 34.775494], [134.766129, 34.775537], [134.766316, 34.775507], [134.766611, 34.775459], [134.766768, 34.775477], [134.766789, 34.775539], [134.766841, 34.775693], [134.766843, 34.775719], [134.76685, 34.775873], [134.766855, 34.775997], [134.766862, 34.776155], [134.766914, 34.776276], [134.766931, 34.776293], [134.767155, 34.776535], [134.767235, 34.776599], [134.767325, 34.776671], [134.767398, 34.776729], [134.767407, 34.776737], [134.767501, 34.776811], [134.767513, 34.776867], [134.767532, 34.776949], [134.76728, 34.777659], [134.767257, 34.777725], [134.767199, 34.777889], [134.767134, 34.778072], [134.767026, 34.778398], [134.766967, 34.778577], [134.766823, 34.779014], [134.766823, 34.779014], [134.76682, 34.779022], [134.766603, 34.779695], [134.7666, 34.779704], [134.76659, 34.780041], [134.766605, 34.780215], [134.766611, 34.780283], [134.766569, 34.780511], [134.766527, 34.780753], [134.766558, 34.780926], [134.766715, 34.781133], [134.766776, 34.781217], [134.766904, 34.781393], [134.766966, 34.781463], [134.767176, 34.781703], [134.767182, 34.781717], [134.767239, 34.78185], [134.767239, 34.781954], [134.76704, 34.782049], [134.767031, 34.782054], [134.766804, 34.782166], [134.766541, 34.782297], [134.766538, 34.782299], [134.766161, 34.78255], [134.76593, 34.7828], [134.765812, 34.782921], [134.765668, 34.783068], [134.765633, 34.783093], [134.765453, 34.78322], [134.765375, 34.783275], [134.765243, 34.783425], [134.765124, 34.78356], [134.765046, 34.783668], [134.764864, 34.78392], [134.765901, 34.784853], [134.766196, 34.784853], [134.766386, 34.785147], [134.765965, 34.785129], [134.765986, 34.785405], [134.765292, 34.785922], [134.765608, 34.78625], [134.765293, 34.786923], [134.765126, 34.787561], [134.76561, 34.787631], [134.765026, 34.791392], [134.767132, 34.791499], [134.766965, 34.792759], [134.767029, 34.793328], [134.767241, 34.794088], [134.767252, 34.794379], [134.765002, 34.796084], [134.764342, 34.796579], [134.764424, 34.796675], [134.764482, 34.796743], [134.764504, 34.79677], [134.764507, 34.796778], [134.764527, 34.79686], [134.764551, 34.796955], [134.76462, 34.797171], [134.764653, 34.797249], [134.76467, 34.797291], [134.764697, 34.797356], [134.764722, 34.797395], [134.76496, 34.797776], [134.765099, 34.798044], [134.765137, 34.798309], [134.765176, 34.798544], [134.765276, 34.798786], [134.765419, 34.798961], [134.765489, 34.799047], [134.765497, 34.799044], [134.770078, 34.795678], [134.771625, 34.795047], [134.77389, 34.795097], [134.779078, 34.795081], [134.779195, 34.796608], [134.782376, 34.796495], [134.781485, 34.795202], [134.781454, 34.793229], [134.784148, 34.793162], [134.783864, 34.795041], [134.785613, 34.794996], [134.787045, 34.794717], [134.786898, 34.792062], [134.779303, 34.79238], [134.777922, 34.789184], [134.778007, 34.788761], [134.779038, 34.788058], [134.780012, 34.787989], [134.780068, 34.78712], [134.779465, 34.786132], [134.771444, 34.788845], [134.771327, 34.7876], [134.772674, 34.787367], [134.772558, 34.786357], [134.771125, 34.786496], [134.771125, 34.786214], [134.771125, 34.786214], [134.767633, 34.789215], [134.76826, 34.786961], [134.76946, 34.784755], [134.770777, 34.783817], [134.771178, 34.783513], [134.771206, 34.782832], [134.771807, 34.782739], [134.771923, 34.783537], [134.77536, 34.782368], [134.77513, 34.781804], [134.77533, 34.781475], [134.775158, 34.781358], [134.775731, 34.780983], [134.775587, 34.780724], [134.780026, 34.779016], [134.778704, 34.776266], [134.77982, 34.775469], [134.78157, 34.776293], [134.782029, 34.776905], [134.781198, 34.776904], [134.781227, 34.777279], [134.781514, 34.777491], [134.782348, 34.779442], [134.786671, 34.776747], [134.790964, 34.773605], [134.795314, 34.770111], [134.796689, 34.770348], [134.796548, 34.771358], [134.798956, 34.771666], [134.799128, 34.772089], [134.799759, 34.772254], [134.798214, 34.773333], [134.798501, 34.773639], [134.798387, 34.77385], [134.799705, 34.774204], [134.80074, 34.775967], [134.802317, 34.776345], [134.803207, 34.777074], [134.804877, 34.781374], [134.804706, 34.781609], [134.804189, 34.781139], [134.803473, 34.781584], [134.80284, 34.780127], [134.802095, 34.780408], [134.800489, 34.779278], [134.799972, 34.778667], [134.798339, 34.779205], [134.797654, 34.780473], [134.797658, 34.783198], [134.798607, 34.784585], [134.798925, 34.786417], [134.798955, 34.787192], [134.799186, 34.787921], [134.799504, 34.789589], [134.802111, 34.788582], [134.801911, 34.788817], [134.80257, 34.789099], [134.80197, 34.789897], [134.802658, 34.790063], [134.80223, 34.791002], [134.803015, 34.79096], [134.803061, 34.791261], [134.803095, 34.791431], [134.803177, 34.791778], [134.801601, 34.791705], [134.801545, 34.792668], [134.803495, 34.792976], [134.80361, 34.793399], [134.80405, 34.793469], [134.804236, 34.793508], [134.804348, 34.793345], [134.804521, 34.793254], [134.804576, 34.793163], [134.804524, 34.79299], [134.804181, 34.792817], [134.803946, 34.792617], [134.803821, 34.792437], [134.803813, 34.792271], [134.803796, 34.792016], [134.803738, 34.791945], [134.803686, 34.791882], [134.80362, 34.791801], [134.803558, 34.791707], [134.80346, 34.791555], [134.803429, 34.791509], [134.803368, 34.791414], [134.803352, 34.791338], [134.803503, 34.791256], [134.804072, 34.791034], [134.804399, 34.790924], [134.804818, 34.79082], [134.804898, 34.790777], [134.805044, 34.790696], [134.805128, 34.79053], [134.805345, 34.790268], [134.80562, 34.789994], [134.805789, 34.789825], [134.80594, 34.789736], [134.806108, 34.789715], [134.806231, 34.789715], [134.806275, 34.789715], [134.806443, 34.789639], [134.806786, 34.789155], [134.806853, 34.789031], [134.806945, 34.788789], [134.807104, 34.78854], [134.807217, 34.788374], [134.807313, 34.78823], [134.807402, 34.788098], [134.807644, 34.787704], [134.807726, 34.787605], [134.807791, 34.787526], [134.808059, 34.787333], [134.808068, 34.787327], [134.808307, 34.787171], [134.808665, 34.786939], [134.808884, 34.786852], [134.808985, 34.786923], [134.80927, 34.787165], [134.809687, 34.787577], [134.809697, 34.787586], [134.809714, 34.787605], [134.809822, 34.787725], [134.810308, 34.788056], [134.810467, 34.788209], [134.810543, 34.788312], [134.810668, 34.788305], [134.810855, 34.788209], [134.811124, 34.78807], [134.810967, 34.787792], [134.810402, 34.786043], [134.80887, 34.784543], [134.808966, 34.784488], [134.808966, 34.784488], [134.808981, 34.784479], [134.809206, 34.78436], [134.809393, 34.784261], [134.810063, 34.783904], [134.810147, 34.783859], [134.81039, 34.783658], [134.810926, 34.783065], [134.811002, 34.782981], [134.811387, 34.782567], [134.811424, 34.782457], [134.811455, 34.782364], [134.811471, 34.782318], [134.811549, 34.782222], [134.811646, 34.782104], [134.812032, 34.781564], [134.812092, 34.781441], [134.812207, 34.781207], [134.812208, 34.781205], [134.812593, 34.781343], [134.81288, 34.781384], [134.812886, 34.781385], [134.813196, 34.781329], [134.813879, 34.781157], [134.814071, 34.781115], [134.814248, 34.781046], [134.814381, 34.780922], [134.814516, 34.780791], [134.814558, 34.780749], [134.814658, 34.780652], [134.814681, 34.78064], [134.81484, 34.780556], [134.814894, 34.780528], [134.814934, 34.780507], [134.815173, 34.780493], [134.815177, 34.780493], [134.815487, 34.780556], [134.815721, 34.780694], [134.815989, 34.780687], [134.816249, 34.780639], [134.816551, 34.780666], [134.816977, 34.780666], [134.817036, 34.780666], [134.81715, 34.780666], [134.81728, 34.780666], [134.817519, 34.780666], [134.817527, 34.780666], [134.817638, 34.780646], [134.817653, 34.780643], [134.817678, 34.780639], [134.817694, 34.780624], [134.817698, 34.780619], [134.817761, 34.780563], [134.81795, 34.780506], [134.818038, 34.780479], [134.818446, 34.780411], [134.818607, 34.780385], [134.818711, 34.780368], [134.818909, 34.780334], [134.818912, 34.780334], [134.818986, 34.780316], [134.819086, 34.780292], [134.819272, 34.780248], [134.819344, 34.780231], [134.819355, 34.780223], [134.819621, 34.780037], [134.819891, 34.779796], [134.820444, 34.779301], [134.820458, 34.779288], [134.820487, 34.779237], [134.820551, 34.779122], [134.820584, 34.778887], [134.820574, 34.778711], [134.820559, 34.778452], [134.820558, 34.778445], [134.82055, 34.778313], [134.820537, 34.778112], [134.82049, 34.777399], [134.820475, 34.777166], [134.820478, 34.776787], [134.820479, 34.776718], [134.820483, 34.776356], [134.820483, 34.776254], [134.821445, 34.77621], [134.821535, 34.776206], [134.821083, 34.77488], [134.820856, 34.774217], [134.820856, 34.774216], [134.821001, 34.774225], [134.821007, 34.774225], [134.821144, 34.774233], [134.822439, 34.774313], [134.822657, 34.774285], [134.822808, 34.774105], [134.822866, 34.773829], [134.822865, 34.773766], [134.822862, 34.773562], [134.822859, 34.773348], [134.822858, 34.773318], [134.822862, 34.773301], [134.823202, 34.771742], [134.823223, 34.771631], [134.823286, 34.771314], [134.823294, 34.771114], [134.823294, 34.771113], [134.823235, 34.771051], [134.822867, 34.770982], [134.822347, 34.770961], [134.822328, 34.77096], [134.821602, 34.77092], [134.821594, 34.77092], [134.821116, 34.77092], [134.820688, 34.770958], [134.819809, 34.771038], [134.819543, 34.771094], [134.819543, 34.771094], [134.818464, 34.771328], [134.817317, 34.771611], [134.816588, 34.771756], [134.816111, 34.771818], [134.815675, 34.771818], [134.815089, 34.771701], [134.814143, 34.771404], [134.81338, 34.771051], [134.813269, 34.770976], [134.812641, 34.770554], [134.812029, 34.770022], [134.811626, 34.769531], [134.811427, 34.769289], [134.811234, 34.76903], [134.810807, 34.768429], [134.810647, 34.768152], [134.810379, 34.767689], [134.81011, 34.767155], [134.809927, 34.766791], [134.809559, 34.765903], [134.809492, 34.765741], [134.809408, 34.765243], [134.809391, 34.765136], [134.809333, 34.764777], [134.809341, 34.764279], [134.809383, 34.763215], [134.809402, 34.762901], [134.809433, 34.7624], [134.809383, 34.762124], [134.809347, 34.761971], [134.809316, 34.761841], [134.809307, 34.761804], [134.809282, 34.761699], [134.809123, 34.761028], [134.808956, 34.760551], [134.808746, 34.759943], [134.808645, 34.759752], [134.808252, 34.759011], [134.807892, 34.758493], [134.807711, 34.758286], [134.807293, 34.757812], [134.806891, 34.757286], [134.806698, 34.75692], [134.806598, 34.756699], [134.806589, 34.756596], [134.80669, 34.756513], [134.806933, 34.756471], [134.807561, 34.756402], [134.807684, 34.756389], [134.807813, 34.756376], [134.808223, 34.756333], [134.808365, 34.756202], [134.808558, 34.755856], [134.808692, 34.755511], [134.80886, 34.754606], [134.808876, 34.754499], [134.808934, 34.754115], [134.808985, 34.753776], [134.809053, 34.753534], [134.809112, 34.753326], [134.809136, 34.753239], [134.809154, 34.753033], [134.809206, 34.75278], [134.809244, 34.7526], [134.809244, 34.7526], [134.809281, 34.752426], [134.809772, 34.750236], [134.809827, 34.749972], [134.80993, 34.749471], [134.809956, 34.749346], [134.810112, 34.748544], [134.810223, 34.74809], [134.8103, 34.747776], [134.810342, 34.747604], [134.810344, 34.747597], [134.810344, 34.747597], [134.808113, 34.747384], [134.808108, 34.744915], [134.807893, 34.744253], [134.80789, 34.742348], [134.807344, 34.742444], [134.807344, 34.742308], [134.807794, 34.741842], [134.807816, 34.74089], [134.808099, 34.740384], [134.807695, 34.73984], [134.80703, 34.739353], [134.80646, 34.738594], [134.805962, 34.738535], [134.804674, 34.734878], [134.804413, 34.734586], [134.80377, 34.732542], [134.803713, 34.732508], [134.803499, 34.732538], [134.803478, 34.732705], [134.803543, 34.732936], [134.803489, 34.733091], [134.803428, 34.733227], [134.803387, 34.733304], [134.803319, 34.733361], [134.803254, 34.733402], [134.80319, 34.733419], [134.802854, 34.733537], [134.802477, 34.733633], [134.802368, 34.733655], [134.802269, 34.733655], [134.802173, 34.73365], [134.802094, 34.733636], [134.80198, 34.733591], [134.801705, 34.732278], [134.801533, 34.732287], [134.801367, 34.732295], [134.801541, 34.732599], [134.802043, 34.734914], [134.802994, 34.736393], [134.803899, 34.738532], [134.803615, 34.738649], [134.804044, 34.739952], [134.803594, 34.74001], [134.801477, 34.736585], [134.800238, 34.733103], [134.79966, 34.733103], [134.79967, 34.733491], [134.799685, 34.734077], [134.799118, 34.734227], [134.799254, 34.734485], [134.799811, 34.73547], [134.799816, 34.7355], [134.799787, 34.735533], [134.799498, 34.735785], [134.799213, 34.735809], [134.799046, 34.73553], [134.799166, 34.735479], [134.79813, 34.733694], [134.798031, 34.733711], [134.797587, 34.732933], [134.797235, 34.732316], [134.797186, 34.732356], [134.795559, 34.733664], [134.787678, 34.740003], [134.787655, 34.740021], [134.78776, 34.740129], [134.787815, 34.740186], [134.788395, 34.740788], [134.789746, 34.742188], [134.791047, 34.743537], [134.792103, 34.744631], [134.789528, 34.746354], [134.789736, 34.746736], [134.789708, 34.746761], [134.789679, 34.746786], [134.789149, 34.747108], [134.788988, 34.746945], [134.788588, 34.747185], [134.788577, 34.747482], [134.788166, 34.747778], [134.787906, 34.747482], [134.788069, 34.747367], [134.787989, 34.74728], [134.787828, 34.747387], [134.78721, 34.746711], [134.786839, 34.746305], [134.788727, 34.745029], [134.788823, 34.744538], [134.785756, 34.741211], [134.785546, 34.741324], [134.783852, 34.742237], [134.775358, 34.746815], [134.774613, 34.747216], [134.771419, 34.748941], [134.768964, 34.75026], [134.768961, 34.750301], [134.768958, 34.750346], [134.76914, 34.750633], [134.769019, 34.750695], [134.769476, 34.751472], [134.77115, 34.7542], [134.772631, 34.756259], [134.773215, 34.756091], [134.773318, 34.756204], [134.772838, 34.756569], [134.775799, 34.760181], [134.776659, 34.760407], [134.78006, 34.759877], [134.779958, 34.760187], [134.780302, 34.760553], [134.780715, 34.760582], [134.781954, 34.762021], [134.783297, 34.763263], [134.784604, 34.764054], [134.788043, 34.764988], [134.787838, 34.76558], [134.788251, 34.765834], [134.788183, 34.766425], [134.786257, 34.765803], [134.786017, 34.766], [134.785604, 34.765887], [134.7855, 34.765689], [134.783953, 34.765349], [134.78354, 34.764926], [134.782646, 34.76484], [134.77979, 34.762638], [134.778932, 34.763313], [134.779001, 34.763736], [134.778349, 34.764016], [134.776524, 34.761985], [134.77508, 34.761588], [134.775079, 34.761363], [134.774358, 34.761587], [134.773429, 34.761107], [134.773463, 34.7606], [134.773188, 34.76074], [134.772121, 34.75964], [134.772258, 34.759584], [134.771707, 34.759019], [134.771433, 34.759047], [134.770228, 34.757721], [134.767321, 34.752511], [134.766588, 34.752841], [134.765446, 34.750882], [134.765118, 34.751032], [134.763637, 34.748663], [134.76358, 34.748599], [134.763535, 34.748582], [134.763491, 34.748564], [134.763403, 34.748552], [134.763283, 34.748577], [134.762944, 34.748757], [134.761988, 34.749264], [134.762669, 34.750132], [134.762565, 34.750192], [134.762383, 34.750008], [134.761692, 34.749436], [134.757246, 34.75185], [134.757646, 34.752546], [134.758136, 34.753238], [134.760214, 34.756668], [134.760515, 34.757164], [134.760382, 34.757244], [134.760728, 34.757851], [134.760886, 34.757793], [134.761294, 34.758479], [134.760928, 34.758644], [134.760991, 34.758738], [134.761381, 34.758613], [134.761648, 34.758697], [134.762449, 34.759104], [134.765249, 34.758482], [134.766044, 34.759958], [134.766481, 34.760057], [134.766724, 34.760528], [134.766863, 34.760542], [134.766595, 34.760626], [134.769177, 34.768004], [134.768696, 34.768172], [134.768249, 34.767777], [134.765968, 34.760811], [134.765254, 34.760996], [134.761804, 34.761952], [134.764463, 34.769633], [134.765011, 34.770903], [134.765401, 34.771382], [134.765994, 34.772065], [134.766634, 34.772614], [134.767257, 34.772939], [134.768312, 34.773147], [134.768681, 34.773279], [134.768956, 34.7734], [134.769579, 34.773909], [134.770071, 34.774401], [134.770374, 34.774737], [134.770504, 34.77506], [134.770532, 34.775455], [134.77053, 34.776149], [134.770211, 34.776173], [134.770184, 34.775419], [134.770098, 34.774964], [134.769925, 34.774712], [134.76952, 34.774316], [134.768774, 34.773704], [134.768557, 34.77362], [134.768253, 34.77353], [134.767271, 34.773274], [134.766068, 34.772972], [134.76637, 34.773894], [134.766079, 34.773966], [134.765792, 34.773067], [134.765559, 34.773115], [134.765315, 34.772504], [134.764947, 34.772074], [134.764929, 34.772138], [134.764831, 34.772497], [134.764929, 34.772772]]]}}, {"type": "Feature", "id": "did-1990-66", "properties": {"A16_001": "282161", "A16_002": "28216", "A16_003": "高砂市", "A16_004": "1", "A16_005": "76900", "A16_006": "19.90", "A16_007": "73510", "A16_008": "19.10", "A16_009": "82.40", "A16_010": "57.80", "A16_011": "1990", "year": 1990, "population": 76900.0, "areaKm2": 19.9, "density": 3864.321608040201}, "geometry": {"type": "Polygon", "coordinates": [[[134.80236, 34.731855], [134.802251, 34.731898], [134.802173, 34.731979], [134.802142, 34.732121], [134.802147, 34.73222], [134.80222, 34.73228], [134.802449, 34.732361], [134.802703, 34.732396], [134.803166, 34.732404], [134.803276, 34.732366], [134.803301, 34.732168], [134.803281, 34.732108], [134.803234, 34.732052], [134.803031, 34.731958], [134.802828, 34.731893], [134.802547, 34.731859], [134.80236, 34.731855]]]}}, {"type": "Feature", "id": "did-1990-68", "properties": {"A16_001": "282171", "A16_002": "28217", "A16_003": "川西市", "A16_004": "1", "A16_005": "115344", "A16_006": "16.30", "A16_007": "110081", "A16_008": "14.80", "A16_009": "81.70", "A16_010": "30.50", "A16_011": "1990", "year": 1990, "population": 115344.0, "areaKm2": 16.3, "density": 7076.319018404908}, "geometry": {"type": "Polygon", "coordinates": [[[135.406519, 34.895405], [135.407091, 34.895259], [135.407169, 34.894972], [135.407997, 34.895086], [135.408095, 34.895609], [135.408763, 34.895541], [135.408939, 34.895906], [135.408288, 34.896079], [135.408433, 34.896653], [135.407941, 34.89676], [135.408005, 34.89706], [135.40764, 34.897114], [135.407912, 34.897597], [135.408344, 34.897974], [135.408854, 34.898273], [135.409412, 34.898506], [135.409939, 34.898949], [135.410544, 34.898895], [135.410698, 34.8979], [135.411145, 34.89816], [135.412385, 34.897816], [135.412606, 34.897449], [135.412987, 34.89716], [135.412216, 34.895542], [135.413362, 34.895538], [135.41339, 34.894753], [135.413133, 34.8941], [135.414184, 34.894384], [135.416348, 34.894272], [135.416314, 34.893854], [135.41765, 34.89377], [135.417392, 34.892935], [135.419619, 34.892848], [135.42048, 34.893159], [135.420706, 34.893916], [135.422875, 34.894876], [135.424051, 34.894662], [135.425292, 34.894475], [135.426983, 34.895436], [135.427686, 34.896166], [135.428195, 34.896007], [135.42861, 34.896398], [135.429598, 34.896525], [135.430013, 34.896889], [135.430428, 34.897045], [135.430553, 34.896704], [135.431122, 34.895787], [135.431759, 34.895941], [135.432146, 34.8954], [135.431893, 34.895058], [135.431784, 34.894903], [135.431683, 34.894509], [135.431605, 34.894341], [135.431603, 34.894336], [135.43143, 34.894149], [135.43127, 34.893982], [135.430713, 34.893671], [135.430503, 34.893516], [135.43048, 34.893166], [135.430453, 34.892741], [135.430568, 34.892562], [135.430594, 34.892543], [135.430116, 34.891503], [135.429924, 34.891399], [135.429602, 34.890459], [135.429217, 34.889911], [135.428294, 34.889862], [135.427494, 34.888871], [135.427016, 34.888742], [135.426216, 34.887699], [135.425961, 34.8877], [135.425255, 34.886448], [135.424996, 34.885298], [135.424994, 34.884984], [135.423847, 34.884675], [135.423941, 34.88423], [135.423553, 34.88295], [135.423204, 34.883213], [135.422692, 34.882561], [135.422182, 34.882197], [135.422291, 34.881765], [135.422116, 34.881701], [135.421957, 34.881845], [135.420446, 34.881798], [135.419772, 34.880559], [135.420815, 34.878934], [135.420876, 34.87845], [135.419364, 34.878259], [135.416845, 34.87704], [135.416714, 34.876282], [135.415951, 34.876311], [135.415701, 34.877331], [135.415224, 34.877464], [135.414905, 34.877282], [135.414601, 34.87693], [135.414107, 34.876683], [135.414441, 34.87663], [135.41434, 34.875362], [135.413862, 34.875194], [135.413877, 34.875102], [135.414147, 34.874905], [135.414241, 34.874644], [135.41381, 34.874292], [135.413867, 34.872606], [135.415152, 34.87183], [135.415087, 34.871464], [135.414927, 34.871373], [135.414705, 34.871491], [135.413733, 34.871194], [135.413732, 34.870907], [135.413969, 34.870618], [135.413666, 34.870371], [135.413492, 34.870515], [135.413014, 34.870295], [135.412457, 34.870297], [135.412073, 34.869762], [135.41169, 34.86958], [135.411719, 34.869018], [135.412085, 34.868834], [135.412245, 34.869043], [135.412562, 34.868976], [135.412225, 34.868167], [135.412797, 34.867995], [135.412731, 34.867603], [135.414336, 34.867166], [135.415069, 34.867268], [135.415767, 34.866925], [135.414982, 34.865699], [135.41498, 34.865229], [135.415122, 34.865045], [135.415793, 34.86567], [135.415795, 34.865997], [135.417226, 34.865927], [135.417738, 34.866461], [135.418246, 34.866263], [135.418564, 34.86634], [135.418835, 34.866509], [135.419424, 34.866559], [135.419387, 34.865409], [135.419865, 34.865394], [135.419561, 34.865016], [135.419351, 34.864442], [135.42029, 34.864465], [135.420431, 34.86402], [135.420796, 34.863848], [135.420621, 34.863718], [135.41997, 34.864034], [135.419905, 34.863708], [135.419729, 34.863565], [135.419919, 34.863303], [135.419918, 34.863133], [135.41952, 34.863056], [135.418741, 34.863058], [135.418453, 34.862837], [135.417324, 34.862828], [135.417303, 34.86173], [135.419594, 34.861787], [135.419623, 34.861068], [135.420036, 34.861067], [135.420019, 34.860753], [135.421626, 34.86076], [135.421895, 34.860459], [135.421607, 34.860198], [135.421526, 34.859702], [135.421063, 34.859416], [135.420868, 34.858515], [135.421233, 34.858317], [135.421599, 34.858342], [135.421841, 34.859047], [135.42235, 34.859045], [135.423033, 34.858873], [135.423061, 34.857997], [135.422822, 34.857906], [135.421708, 34.857845], [135.421675, 34.857518], [135.421341, 34.857519], [135.421196, 34.857128], [135.421258, 34.856762], [135.423151, 34.85682], [135.423121, 34.857069], [135.424234, 34.857117], [135.424411, 34.857508], [135.42481, 34.857794], [135.424827, 34.85799], [135.426577, 34.858102], [135.426463, 34.857514], [135.426956, 34.857617], [135.428274, 34.85705], [135.428828, 34.856394], [135.428189, 34.855847], [135.428286, 34.854363], [135.428079, 34.854214], [135.427842, 34.854059], [135.427596, 34.853964], [135.426995, 34.853797], [135.42699, 34.853796], [135.425794, 34.853516], [135.425548, 34.853319], [135.425215, 34.852777], [135.425122, 34.852717], [135.425019, 34.85265], [135.424979, 34.852624], [135.424809, 34.852514], [135.424578, 34.852401], [135.42397, 34.852174], [135.423644, 34.852126], [135.423152, 34.852091], [135.422877, 34.852049], [135.422754, 34.851965], [135.422639, 34.851938], [135.422529, 34.851912], [135.422254, 34.851876], [135.42127, 34.851721], [135.421046, 34.851661], [135.420605, 34.851527], [135.420517, 34.8515], [135.42035, 34.851494], [135.42009, 34.851548], [135.419214, 34.851882], [135.418895, 34.851995], [135.418029, 34.8523], [135.417998, 34.852311], [135.41788, 34.852302], [135.417876, 34.852302], [135.417859, 34.852301], [135.41784, 34.852299], [135.417771, 34.852294], [135.417711, 34.852289], [135.417679, 34.852287], [135.417475, 34.852271], [135.417021, 34.852236], [135.417019, 34.852236], [135.416878, 34.852225], [135.417392, 34.851742], [135.417537, 34.851584], [135.417676, 34.851431], [135.417778, 34.85132], [135.417856, 34.851235], [135.417986, 34.85105], [135.418019, 34.850785], [135.418021, 34.850762], [135.418022, 34.850758], [135.418058, 34.850537], [135.418059, 34.850534], [135.418116, 34.850358], [135.418391, 34.849893], [135.418422, 34.849833], [135.418507, 34.849672], [135.418637, 34.849469], [135.419126, 34.848777], [135.419604, 34.848145], [135.419799, 34.84796], [135.419966, 34.847781], [135.42035, 34.847274], [135.420468, 34.847116], [135.420594, 34.846948], [135.42069, 34.846821], [135.420828, 34.846517], [135.420893, 34.846374], [135.420909, 34.846325], [135.420973, 34.846141], [135.421001, 34.846058], [135.421066, 34.845819], [135.421117, 34.84564], [135.42116, 34.845031], [135.421226, 34.844799], [135.421305, 34.844572], [135.421558, 34.844059], [135.421696, 34.843845], [135.421834, 34.843618], [135.421908, 34.843458], [135.422087, 34.843075], [135.422282, 34.842664], [135.422491, 34.842103], [135.422528, 34.841864], [135.422622, 34.841638], [135.422836, 34.841153], [135.422955, 34.840886], [135.423433, 34.83986], [135.42354, 34.839655], [135.423891, 34.838981], [135.423918, 34.83893], [135.424229, 34.83822], [135.424294, 34.837904], [135.424314, 34.83774], [135.424315, 34.837737], [135.42433, 34.837618], [135.42433, 34.837123], [135.424279, 34.836569], [135.424233, 34.836456], [135.424197, 34.836368], [135.424096, 34.8361], [135.424089, 34.836073], [135.423973, 34.835541], [135.423962, 34.835496], [135.423954, 34.835456], [135.423929, 34.835345], [135.42385, 34.835089], [135.423756, 34.834749], [135.423597, 34.834147], [135.423595, 34.834017], [135.423595, 34.833974], [135.423594, 34.833917], [135.423594, 34.833837], [135.423593, 34.833721], [135.423592, 34.833634], [135.423591, 34.833613], [135.423591, 34.833535], [135.423589, 34.833407], [135.423636, 34.833277], [135.423683, 34.833148], [135.42372, 34.832634], [135.423741, 34.832056], [135.423727, 34.831734], [135.423753, 34.831179], [135.423763, 34.830961], [135.423785, 34.830609], [135.423789, 34.830384], [135.423792, 34.830174], [135.423799, 34.829948], [135.423769, 34.829863], [135.423727, 34.829745], [135.42359, 34.82919], [135.423481, 34.828998], [135.423402, 34.828856], [135.423337, 34.828573], [135.423228, 34.828388], [135.423199, 34.82834], [135.422997, 34.828024], [135.422953, 34.827881], [135.422787, 34.827589], [135.422625, 34.827316], [135.422426, 34.826981], [135.422382, 34.826909], [135.422154, 34.82659], [135.42197, 34.826333], [135.421761, 34.826178], [135.421678, 34.826069], [135.4216, 34.825967], [135.421421, 34.82573], [135.421052, 34.825295], [135.420821, 34.825068], [135.420692, 34.824981], [135.420664, 34.824963], [135.420466, 34.82483], [135.42032, 34.824661], [135.420221, 34.824546], [135.420141, 34.824454], [135.419707, 34.824045], [135.419455, 34.82383], [135.419331, 34.823723], [135.41882, 34.82332], [135.418673, 34.823204], [135.418642, 34.823175], [135.418434, 34.822984], [135.418283, 34.822811], [135.417661, 34.82219], [135.417509, 34.822023], [135.41727, 34.821776], [135.41693, 34.821376], [135.416518, 34.820851], [135.416292, 34.820583], [135.416186, 34.820458], [135.416114, 34.820201], [135.416092, 34.819789], [135.416093, 34.819785], [135.416128, 34.81956], [135.416061, 34.818652], [135.416054, 34.818558], [135.416051, 34.81852], [135.416041, 34.818385], [135.416032, 34.818255], [135.416022, 34.818117], [135.416012, 34.81798], [135.416, 34.817824], [135.415991, 34.817705], [135.415991, 34.817693], [135.416047, 34.817564], [135.416091, 34.817465], [135.416163, 34.817303], [135.416309, 34.816974], [135.416319, 34.816943], [135.416435, 34.816557], [135.416475, 34.816426], [135.416489, 34.816282], [135.416575, 34.816018], [135.416663, 34.815748], [135.416714, 34.81559], [135.416959, 34.814889], [135.417041, 34.814784], [135.417103, 34.814705], [135.417191, 34.814591], [135.417466, 34.813983], [135.417489, 34.81387], [135.417516, 34.813732], [135.41759, 34.813631], [135.41769, 34.813494], [135.417986, 34.812737], [135.41803, 34.812626], [135.418084, 34.812506], [135.418117, 34.812432], [135.418399, 34.811809], [135.41845, 34.811688], [135.418524, 34.811515], [135.418664, 34.811188], [135.418709, 34.811081], [135.418759, 34.810911], [135.418819, 34.810702], [135.418828, 34.81067], [135.418892, 34.810448], [135.418948, 34.810255], [135.419216, 34.80979], [135.419498, 34.809265], [135.419736, 34.808829], [135.419906, 34.808603], [135.419993, 34.808488], [135.420206, 34.808203], [135.420494, 34.807847], [135.420507, 34.80783], [135.420539, 34.807792], [135.420712, 34.807508], [135.421016, 34.807067], [135.421277, 34.806708], [135.421479, 34.806429], [135.42157, 34.806285], [135.421645, 34.806166], [135.421783, 34.805987], [135.421818, 34.805907], [135.421848, 34.805838], [135.421876, 34.805683], [135.421876, 34.80562], [135.421876, 34.805367], [135.421876, 34.805179], [135.421972, 34.805043], [135.422057, 34.804923], [135.42218, 34.804666], [135.422368, 34.804165], [135.422665, 34.803425], [135.422759, 34.803229], [135.423078, 34.802878], [135.423308, 34.802623], [135.423496, 34.802379], [135.423691, 34.802074], [135.423735, 34.802056], [135.42374, 34.802053], [135.42374, 34.802053], [135.423739, 34.802046], [135.423692, 34.801792], [135.423634, 34.801464], [135.42334, 34.801435], [135.423277, 34.801429], [135.423085, 34.80141], [135.422854, 34.801416], [135.42247, 34.801488], [135.422094, 34.801607], [135.421941, 34.801634], [135.42165, 34.801685], [135.421581, 34.801697], [135.421454, 34.801707], [135.421436, 34.801708], [135.421282, 34.801721], [135.42114, 34.801733], [135.421116, 34.801737], [135.421024, 34.801753], [135.420518, 34.801795], [135.420091, 34.801807], [135.419773, 34.801795], [135.419689, 34.801797], [135.419379, 34.801803], [135.41915, 34.801807], [135.419103, 34.801808], [135.418956, 34.801811], [135.418826, 34.801813], [135.418559, 34.801819], [135.418315, 34.801806], [135.418212, 34.801801], [135.417734, 34.80178], [135.417586, 34.801759], [135.417163, 34.801697], [135.417019, 34.801677], [135.41678, 34.801643], [135.416519, 34.801649], [135.415957, 34.801644], [135.415804, 34.801643], [135.415785, 34.801642], [135.415016, 34.801595], [135.414868, 34.801593], [135.414611, 34.801589], [135.414392, 34.801577], [135.414235, 34.801568], [135.414158, 34.801564], [135.413995, 34.801554], [135.413412, 34.801522], [135.413358, 34.801519], [135.413179, 34.801509], [135.413016, 34.80149], [135.412879, 34.801474], [135.412666, 34.801449], [135.412203, 34.801473], [135.411784, 34.801521], [135.411643, 34.801534], [135.411531, 34.801544], [135.411486, 34.801548], [135.411439, 34.801552], [135.411306, 34.801564], [135.411181, 34.801576], [135.411084, 34.801585], [135.411021, 34.801591], [135.410878, 34.801604], [135.410744, 34.801616], [135.410699, 34.80162], [135.410584, 34.801631], [135.410256, 34.801661], [135.410171, 34.801669], [135.410067, 34.801679], [135.409904, 34.801694], [135.409441, 34.801598], [135.409332, 34.801583], [135.409007, 34.801539], [135.408699, 34.801455], [135.408609, 34.801431], [135.408438, 34.801395], [135.408315, 34.801369], [135.407776, 34.801256], [135.407684, 34.801237], [135.407568, 34.801208], [135.407279, 34.801178], [135.40712, 34.80116], [135.406806, 34.801143], [135.406679, 34.801136], [135.406303, 34.801112], [135.406158, 34.801058], [135.405978, 34.801041], [135.405645, 34.800975], [135.405428, 34.800873], [135.405305, 34.800742], [135.405096, 34.800632], [135.404969, 34.800566], [135.404806, 34.80048], [135.404474, 34.800432], [135.404213, 34.800444], [135.404105, 34.800486], [135.404026, 34.800611], [135.40391, 34.800784], [135.403874, 34.800909], [135.403813, 34.801013], [135.403789, 34.801054], [135.403707, 34.801195], [135.403506, 34.801577], [135.403469, 34.801649], [135.403396, 34.801792], [135.403329, 34.801907], [135.403286, 34.801981], [135.403251, 34.802041], [135.403208, 34.802115], [135.403171, 34.802179], [135.403116, 34.802272], [135.403085, 34.802326], [135.403028, 34.802424], [135.402789, 34.802919], [135.402663, 34.80318], [135.402628, 34.803252], [135.402582, 34.803346], [135.402568, 34.803376], [135.402413, 34.803694], [135.402397, 34.803728], [135.402319, 34.803888], [135.401992, 34.80452], [135.401951, 34.804598], [135.401779, 34.80493], [135.401735, 34.805015], [135.401683, 34.805117], [135.401451, 34.805556], [135.401381, 34.805693], [135.401321, 34.805812], [135.401236, 34.806132], [135.401184, 34.806328], [135.401163, 34.806409], [135.401148, 34.806468], [135.401068, 34.80682], [135.400918, 34.80738], [135.400887, 34.807494], [135.400786, 34.807813], [135.400649, 34.808344], [135.400649, 34.808344], [135.401028, 34.808487], [135.401234, 34.808565], [135.401408, 34.808627], [135.401784, 34.808761], [135.402442, 34.809024], [135.402559, 34.809072], [135.403093, 34.80929], [135.4037, 34.809537], [135.403829, 34.809827], [135.403917, 34.810023], [135.403895, 34.810542], [135.403577, 34.810548], [135.403425, 34.810518], [135.403201, 34.810513], [135.402964, 34.81068], [135.402779, 34.810811], [135.402387, 34.81109], [135.401839, 34.811478], [135.401653, 34.81161], [135.401559, 34.812057], [135.401487, 34.81229], [135.401292, 34.812818], [135.40141, 34.812846], [135.40192, 34.812967], [135.402196, 34.813032], [135.40205, 34.813168], [135.401972, 34.813241], [135.401906, 34.813379], [135.401863, 34.813468], [135.401769, 34.813587], [135.401697, 34.813778], [135.401648, 34.813885], [135.401617, 34.813951], [135.401516, 34.814172], [135.401393, 34.814416], [135.401299, 34.814618], [135.401263, 34.814696], [135.401104, 34.815063], [135.401043, 34.815251], [135.400909, 34.815663], [135.400865, 34.815797], [135.400844, 34.816131], [135.400851, 34.816304], [135.400829, 34.816656], [135.400764, 34.816829], [135.400764, 34.817026], [135.400702, 34.817318], [135.400701, 34.817321], [135.400663, 34.8175], [135.400634, 34.817673], [135.400637, 34.817755], [135.400644, 34.817927], [135.400648, 34.818025], [135.400642, 34.818208], [135.400639, 34.8183], [135.400636, 34.818384], [135.400633, 34.81847], [135.400631, 34.818517], [135.400628, 34.818619], [135.400619, 34.818848], [135.400567, 34.819099], [135.400535, 34.819251], [135.400508, 34.81938], [135.400497, 34.819433], [135.400468, 34.819573], [135.400467, 34.819574], [135.400381, 34.819841], [135.400358, 34.819934], [135.40035, 34.819968], [135.400327, 34.820062], [135.400318, 34.820097], [135.400308, 34.820139], [135.400279, 34.820258], [135.400268, 34.8203], [135.40026, 34.820333], [135.400236, 34.820431], [135.400219, 34.820519], [135.400212, 34.820558], [135.400207, 34.820584], [135.400164, 34.820813], [135.400178, 34.820965], [135.400182, 34.821011], [135.40019, 34.821094], [135.400198, 34.821186], [135.400202, 34.821227], [135.400207, 34.821281], [135.400232, 34.821344], [135.400275, 34.821453], [135.400287, 34.821484], [135.400308, 34.821535], [135.400326, 34.821581], [135.400336, 34.821606], [135.40041, 34.821794], [135.400417, 34.821807], [135.400428, 34.821825], [135.40047, 34.821897], [135.400495, 34.821939], [135.400549, 34.822031], [135.400598, 34.822113], [135.400648, 34.8222], [135.400809, 34.822271], [135.400851, 34.82229], [135.401255, 34.822409], [135.401287, 34.822452], [135.401357, 34.822546], [135.401364, 34.822737], [135.401335, 34.822862], [135.401295, 34.822943], [135.401265, 34.823003], [135.401204, 34.823125], [135.401154, 34.823226], [135.401104, 34.823244], [135.400863, 34.823199], [135.400625, 34.823156], [135.400489, 34.823131], [135.400449, 34.823189], [135.400377, 34.823292], [135.400346, 34.823337], [135.400285, 34.823424], [135.400236, 34.823494], [135.400128, 34.823718], [135.400109, 34.823816], [135.400091, 34.823905], [135.400046, 34.824138], [135.400041, 34.824166], [135.399481, 34.824142], [135.399354, 34.824136], [135.399246, 34.824132], [135.399141, 34.824127], [135.398493, 34.8241], [135.398492, 34.82411], [135.398462, 34.824305], [135.39844, 34.824455], [135.398436, 34.824482], [135.398723, 34.824534], [135.398906, 34.824567], [135.399018, 34.824587], [135.39926, 34.824631], [135.399455, 34.824649], [135.400185, 34.824792], [135.400249, 34.824811], [135.400409, 34.824857], [135.400407, 34.824986], [135.400402, 34.825209], [135.40044, 34.82529], [135.400453, 34.825316], [135.400513, 34.825375], [135.400576, 34.825436], [135.400981, 34.825621], [135.40119, 34.825686], [135.401263, 34.82568], [135.401364, 34.825615], [135.401494, 34.825466], [135.401556, 34.825347], [135.401592, 34.825279], [135.401653, 34.825161], [135.401689, 34.82511], [135.40174, 34.825036], [135.401827, 34.825013], [135.401935, 34.825042], [135.402013, 34.825074], [135.402064, 34.825096], [135.402094, 34.825108], [135.402116, 34.825269], [135.402051, 34.825496], [135.402008, 34.825704], [135.402152, 34.825853], [135.40217, 34.82589], [135.402232, 34.82602], [135.402304, 34.826169], [135.402311, 34.826354], [135.402333, 34.826435], [135.402535, 34.826632], [135.402629, 34.826817], [135.402658, 34.826905], [135.402701, 34.827038], [135.402698, 34.827066], [135.402682, 34.827204], [135.402669, 34.827314], [135.402664, 34.827358], [135.402656, 34.82743], [135.402653, 34.827453], [135.402649, 34.827489], [135.402642, 34.827547], [135.402629, 34.827661], [135.402618, 34.827748], [135.402607, 34.827843], [135.4026, 34.827878], [135.402578, 34.827986], [135.402547, 34.828055], [135.402529, 34.828094], [135.402507, 34.828143], [135.402418, 34.828339], [135.402405, 34.828368], [135.402441, 34.828397], [135.402471, 34.828422], [135.402482, 34.828431], [135.402544, 34.828483], [135.402601, 34.828529], [135.402668, 34.828584], [135.402742, 34.828645], [135.402788, 34.828684], [135.403135, 34.828878], [135.403211, 34.828942], [135.403331, 34.829045], [135.403334, 34.829048], [135.403359, 34.829069], [135.403432, 34.829132], [135.403455, 34.829151], [135.403519, 34.829206], [135.403562, 34.82945], [135.403574, 34.829486], [135.403597, 34.829556], [135.403605, 34.829581], [135.403631, 34.829586], [135.403736, 34.829605], [135.403909, 34.82954], [135.404198, 34.829381], [135.404213, 34.829373], [135.404401, 34.829236], [135.404574, 34.829068], [135.404842, 34.829301], [135.404921, 34.829389], [135.40503, 34.82951], [135.405181, 34.829635], [135.405239, 34.829594], [135.405295, 34.829555], [135.405356, 34.829511], [135.405454, 34.829442], [135.405485, 34.82942], [135.405558, 34.829343], [135.405811, 34.829349], [135.405967, 34.829356], [135.406023, 34.829359], [135.406064, 34.829361], [135.406067, 34.829363], [135.406122, 34.829405], [135.406143, 34.829421], [135.406148, 34.829425], [135.406189, 34.829456], [135.406194, 34.829459], [135.406259, 34.829573], [135.406272, 34.829653], [135.406298, 34.829812], [135.406304, 34.829851], [135.406309, 34.829883], [135.406311, 34.829945], [135.406314, 34.830038], [135.406324, 34.830348], [135.406322, 34.830381], [135.406297, 34.830757], [135.406288, 34.830903], [135.406256, 34.831076], [135.40623, 34.831219], [135.406197, 34.831299], [135.406136, 34.831451], [135.406085, 34.831624], [135.406013, 34.831764], [135.405811, 34.831943], [135.405757, 34.832012], [135.405637, 34.832164], [135.405528, 34.832272], [135.405442, 34.832373], [135.40543, 34.832392], [135.405355, 34.832516], [135.405442, 34.832552], [135.405443, 34.832552], [135.405483, 34.83256], [135.405616, 34.832586], [135.405633, 34.832589], [135.405725, 34.832607], [135.405755, 34.832612], [135.405875, 34.832636], [135.405935, 34.832647], [135.406048, 34.832669], [135.406216, 34.832701], [135.406403, 34.832719], [135.406779, 34.832725], [135.406996, 34.832725], [135.407075, 34.832703], [135.407128, 34.832689], [135.407172, 34.832677], [135.4073, 34.832641], [135.407359, 34.832607], [135.40764, 34.832444], [135.407678, 34.832408], [135.407792, 34.832301], [135.407842, 34.832182], [135.4079, 34.832063], [135.407975, 34.831961], [135.408033, 34.831884], [135.408038, 34.831878], [135.408291, 34.831747], [135.408302, 34.831742], [135.408371, 34.831714], [135.408642, 34.831602], [135.408652, 34.831598], [135.409014, 34.831419], [135.409592, 34.831162], [135.409729, 34.831105], [135.409918, 34.831123], [135.410033, 34.831207], [135.410062, 34.831308], [135.41012, 34.831499], [135.41025, 34.831613], [135.410431, 34.83163], [135.410713, 34.831702], [135.410901, 34.831744], [135.41119, 34.831779], [135.411653, 34.831845], [135.411756, 34.831857], [135.41176, 34.831857], [135.412145, 34.831902], [135.412246, 34.831914], [135.412278, 34.831917], [135.412376, 34.831929], [135.412564, 34.831929], [135.412708, 34.831958], [135.412875, 34.832036], [135.413012, 34.832128], [135.413183, 34.83224], [135.413216, 34.832261], [135.413287, 34.832307], [135.413249, 34.832409], [135.413215, 34.832498], [135.412781, 34.832397], [135.412687, 34.832372], [135.412441, 34.832307], [135.41244, 34.832307], [135.412217, 34.832278], [135.412216, 34.832277], [135.412053, 34.832216], [135.411913, 34.832164], [135.411719, 34.832128], [135.411363, 34.832063], [135.410807, 34.831967], [135.410315, 34.831908], [135.409794, 34.8318], [135.409614, 34.831794], [135.40957, 34.831796], [135.409523, 34.831798], [135.409469, 34.8318], [135.409397, 34.831803], [135.409386, 34.831911], [135.409383, 34.831949], [135.409371, 34.832075], [135.409368, 34.8321], [135.409366, 34.832126], [135.409361, 34.832173], [135.409353, 34.832174], [135.409259, 34.832185], [135.4092, 34.832185], [135.408913, 34.832185], [135.408739, 34.832203], [135.408707, 34.832279], [135.408665, 34.832376], [135.408653, 34.832404], [135.408644, 34.832426], [135.408623, 34.832473], [135.408609, 34.832506], [135.408599, 34.83253], [135.408572, 34.832593], [135.408558, 34.832626], [135.408488, 34.832684], [135.408437, 34.832726], [135.408386, 34.832769], [135.408356, 34.832794], [135.408089, 34.832877], [135.408088, 34.832877], [135.407965, 34.832907], [135.407829, 34.832926], [135.407792, 34.832931], [135.407785, 34.832935], [135.407625, 34.833038], [135.407563, 34.833113], [135.407533, 34.83315], [135.407513, 34.833174], [135.407484, 34.83321], [135.407459, 34.833241], [135.40745, 34.833286], [135.407442, 34.833331], [135.407434, 34.833371], [135.407434, 34.833371], [135.407423, 34.833432], [135.40742, 34.833553], [135.407418, 34.833622], [135.407416, 34.833724], [135.407429, 34.83375], [135.40756, 34.83401], [135.407599, 34.834054], [135.407634, 34.834095], [135.407659, 34.834123], [135.407792, 34.834276], [135.407936, 34.834401], [135.408038, 34.834407], [135.408168, 34.834347], [135.408229, 34.834298], [135.408235, 34.834294], [135.408345, 34.834205], [135.408438, 34.834131], [135.408534, 34.834054], [135.408652, 34.833959], [135.408761, 34.833816], [135.408842, 34.833779], [135.408891, 34.833755], [135.408923, 34.83374], [135.409093, 34.833661], [135.409259, 34.833614], [135.409276, 34.833606], [135.409498, 34.833506], [135.409657, 34.833434], [135.409794, 34.833381], [135.40985, 34.833376], [135.409921, 34.833371], [135.410091, 34.833357], [135.410344, 34.833339], [135.410367, 34.833345], [135.410546, 34.833387], [135.410662, 34.833453], [135.410776, 34.833579], [135.41083, 34.833639], [135.410872, 34.833685], [135.410878, 34.833764], [135.410879, 34.833772], [135.410879, 34.833879], [135.410951, 34.834058], [135.411103, 34.834183], [135.411148, 34.834213], [135.411212, 34.834255], [135.411233, 34.834308], [135.411053, 34.83444], [135.411045, 34.834454], [135.410988, 34.834565], [135.410975, 34.83461], [135.410959, 34.834672], [135.410879, 34.834875], [135.410799, 34.835024], [135.41072, 34.835114], [135.410589, 34.835212], [135.410394, 34.835358], [135.410337, 34.835443], [135.410286, 34.835519], [135.410191, 34.83563], [135.410114, 34.835719], [135.410004, 34.835847], [135.409874, 34.836002], [135.409968, 34.836071], [135.410045, 34.836132], [135.410104, 34.836179], [135.410142, 34.836209], [135.410227, 34.836276], [135.410322, 34.836351], [135.410396, 34.836394], [135.410703, 34.836569], [135.410703, 34.836582], [135.410703, 34.836653], [135.410689, 34.836832], [135.410514, 34.836916], [135.410464, 34.836939], [135.409951, 34.837231], [135.409893, 34.837381], [135.410139, 34.837559], [135.410241, 34.837588], [135.410378, 34.837625], [135.410572, 34.83766], [135.411129, 34.837758], [135.411246, 34.837779], [135.41129, 34.837786], [135.411265, 34.837863], [135.411249, 34.837912], [135.411221, 34.837999], [135.411205, 34.838047], [135.411178, 34.838131], [135.411162, 34.838178], [135.411133, 34.838269], [135.411118, 34.838314], [135.411086, 34.838413], [135.411035, 34.838569], [135.411024, 34.838605], [135.410976, 34.83875], [135.410964, 34.838788], [135.410891, 34.839], [135.410861, 34.839089], [135.410779, 34.839328], [135.410769, 34.839359], [135.410732, 34.839468], [135.410521, 34.840083], [135.410509, 34.84012], [135.410477, 34.840214], [135.410455, 34.840276], [135.410426, 34.840362], [135.410408, 34.840415], [135.410378, 34.840501], [135.410318, 34.840679], [135.410357, 34.840675], [135.410491, 34.840664], [135.410507, 34.840662], [135.411126, 34.840607], [135.411332, 34.840598], [135.411566, 34.840587], [135.411772, 34.840578], [135.411914, 34.840571], [135.412033, 34.840623], [135.412209, 34.8407], [135.411847, 34.841177], [135.411854, 34.841273], [135.411999, 34.841529], [135.411991, 34.841637], [135.411977, 34.841821], [135.411765, 34.841896], [135.411762, 34.841898], [135.411753, 34.841901], [135.411724, 34.841911], [135.41166, 34.841934], [135.411537, 34.841977], [135.411456, 34.842006], [135.410824, 34.842263], [135.410677, 34.842323], [135.410385, 34.842442], [135.410132, 34.842555], [135.409754, 34.842596], [135.409697, 34.842603], [135.409629, 34.8426], [135.409492, 34.842595], [135.409364, 34.842591], [135.409183, 34.842549], [135.409104, 34.842446], [135.409097, 34.842434], [135.409018, 34.842303], [135.408525, 34.842281], [135.408308, 34.842286], [135.40796, 34.842376], [135.40754, 34.842588], [135.407527, 34.842596], [135.407381, 34.842689], [135.407229, 34.842808], [135.407076, 34.842975], [135.406951, 34.843281], [135.40691, 34.843381], [135.4067, 34.843643], [135.406606, 34.843775], [135.406491, 34.843818], [135.406432, 34.84384], [135.406428, 34.84384], [135.405785, 34.844034], [135.405244, 34.844035], [135.40302, 34.844697], [135.403791, 34.846394], [135.405919, 34.845576], [135.406838, 34.848658], [135.407236, 34.848631], [135.407412, 34.848839], [135.407985, 34.84902], [135.407415, 34.849624], [135.406558, 34.850058], [135.406161, 34.850282], [135.4054, 34.850925], [135.40508, 34.850403], [135.404793, 34.850156], [135.404693, 34.849202], [135.404309, 34.848732], [135.403368, 34.848082], [135.40324, 34.84786], [135.402556, 34.847862], [135.401886, 34.847302], [135.401233, 34.847252], [135.400343, 34.847399], [135.399993, 34.847335], [135.399516, 34.847324], [135.399373, 34.847455], [135.398593, 34.847196], [135.398242, 34.847001], [135.397893, 34.847251], [135.397606, 34.84699], [135.397223, 34.846769], [135.396937, 34.846823], [135.396747, 34.846993], [135.396619, 34.846994], [135.396554, 34.846562], [135.394882, 34.846137], [135.394483, 34.845863], [135.394277, 34.846047], [135.394581, 34.846412], [135.394185, 34.846858], [135.393929, 34.846454], [135.393706, 34.846389], [135.393725, 34.847095], [135.394011, 34.847146], [135.394076, 34.847329], [135.393934, 34.847591], [135.393967, 34.848022], [135.393794, 34.848415], [135.393974, 34.849722], [135.394261, 34.849799], [135.394373, 34.850021], [135.395804, 34.849925], [135.395901, 34.85016], [135.396616, 34.850001], [135.397825, 34.850049], [135.397874, 34.850467], [135.399707, 34.851363], [135.399805, 34.851938], [135.401539, 34.851906], [135.402926, 34.85262], [135.404025, 34.852982], [135.404215, 34.852851], [135.405471, 34.852585], [135.405422, 34.852193], [135.405993, 34.851877], [135.40601, 34.852243], [135.406426, 34.852843], [135.407192, 34.853272], [135.407399, 34.853441], [135.407656, 34.853963], [135.407959, 34.854106], [135.408277, 34.854131], [135.408771, 34.854339], [135.408738, 34.853973], [135.408371, 34.85366], [135.408305, 34.853307], [135.408845, 34.85307], [135.409766, 34.852609], [135.410177, 34.852046], [135.410158, 34.851248], [135.410077, 34.850882], [135.410426, 34.850607], [135.410871, 34.850566], [135.411474, 34.85025], [135.411618, 34.850589], [135.411651, 34.850746], [135.41092, 34.85101], [135.410604, 34.851377], [135.410573, 34.851691], [135.410971, 34.851638], [135.41113, 34.851729], [135.410814, 34.852109], [135.410752, 34.852475], [135.411181, 34.852552], [135.411167, 34.852814], [135.410756, 34.853573], [135.41065, 34.854816], [135.411148, 34.855795], [135.411245, 34.856252], [135.409893, 34.856191], [135.409621, 34.855957], [135.409351, 34.856102], [135.40946, 34.8555], [135.407341, 34.854736], [135.406895, 34.854633], [135.406496, 34.854229], [135.405905, 34.853669], [135.405571, 34.853605], [135.404764, 34.854653], [135.404399, 34.85489], [135.404864, 34.855816], [135.404994, 34.856339], [135.404773, 34.856889], [135.404331, 34.857701], [135.405288, 34.858364], [135.406146, 34.857995], [135.408595, 34.857882], [135.408662, 34.858523], [135.4089, 34.858548], [135.408839, 34.859032], [135.410493, 34.858882], [135.412131, 34.858877], [135.411812, 34.858551], [135.411414, 34.858631], [135.410682, 34.858424], [135.41049, 34.858176], [135.411077, 34.857965], [135.41106, 34.857508], [135.412268, 34.85749], [135.412267, 34.857098], [135.412457, 34.857045], [135.412454, 34.856313], [135.413268, 34.856977], [135.413286, 34.857291], [135.413954, 34.857327], [135.414174, 34.856764], [135.414252, 34.856267], [135.41597, 34.856261], [135.416258, 34.856796], [135.416153, 34.858156], [135.415869, 34.858746], [135.415125, 34.859572], [135.414201, 34.859183], [135.413739, 34.859172], [135.412612, 34.859633], [135.412963, 34.860037], [135.412281, 34.860484], [135.411996, 34.860812], [135.409784, 34.860545], [135.409227, 34.860547], [135.40856, 34.860719], [135.407558, 34.860841], [135.406603, 34.860857], [135.406094, 34.860754], [135.404819, 34.860262], [135.403194, 34.859679], [135.403051, 34.85968], [135.402893, 34.859955], [135.402223, 34.859617], [135.401555, 34.859502], [135.401157, 34.859595], [135.400825, 34.859988], [135.400779, 34.860446], [135.400625, 34.86161], [135.400282, 34.863258], [135.400079, 34.86424], [135.401177, 34.86421], [135.40167, 34.864339], [135.402868, 34.865381], [135.402172, 34.866416], [135.400913, 34.865871], [135.39971, 34.867405], [135.399058, 34.867486], [135.398169, 34.867881], [135.397912, 34.867228], [135.396639, 34.867311], [135.396868, 34.868657], [135.397779, 34.869791], [135.397798, 34.870484], [135.396784, 34.871533], [135.395788, 34.872975], [135.395553, 34.873826], [135.394841, 34.874927], [135.394241, 34.875935], [135.393801, 34.877271], [135.393231, 34.878109], [135.39233, 34.879498], [135.392412, 34.8801], [135.392715, 34.880268], [135.394227, 34.880329], [135.394913, 34.880797], [135.395313, 34.881319], [135.395555, 34.882076], [135.396299, 34.881145], [135.396713, 34.881196], [135.396775, 34.880791], [135.397396, 34.880893], [135.39808, 34.880943], [135.39859, 34.880967], [135.398656, 34.881595], [135.399499, 34.8815], [135.399552, 34.882729], [135.400236, 34.882662], [135.400409, 34.88236], [135.400585, 34.88236], [135.400665, 34.882555], [135.401937, 34.882433], [135.402045, 34.881596], [135.402992, 34.879749], [135.405007, 34.878448], [135.404417, 34.878045], [135.404558, 34.877613], [135.40494, 34.877637], [135.405145, 34.877153], [135.406275, 34.877162], [135.40632, 34.876613], [135.406747, 34.87601], [135.407065, 34.87576], [135.407082, 34.876022], [135.40824, 34.875298], [135.408975, 34.875989], [135.40904, 34.876381], [135.409504, 34.876863], [135.410919, 34.876557], [135.411856, 34.876345], [135.412237, 34.876482], [135.41199, 34.876456], [135.412853, 34.877289], [135.412964, 34.877263], [135.413298, 34.877183], [135.41392, 34.877665], [135.414445, 34.877623], [135.414337, 34.878395], [135.414117, 34.879023], [135.414548, 34.87931], [135.415014, 34.880445], [135.41551, 34.881071], [135.416051, 34.881095], [135.4178, 34.880762], [135.417849, 34.881128], [135.418977, 34.880745], [135.419329, 34.881109], [135.418774, 34.881504], [135.418027, 34.881742], [135.41638, 34.883499], [135.416462, 34.884126], [135.415545, 34.885437], [135.414048, 34.885063], [135.41389, 34.885299], [135.412377, 34.884952], [135.410735, 34.884291], [135.410194, 34.884162], [135.409972, 34.884477], [135.409669, 34.88436], [135.409543, 34.884465], [135.409208, 34.884336], [135.409017, 34.884362], [135.408713, 34.883958], [135.408507, 34.88409], [135.408907, 34.884677], [135.407618, 34.884629], [135.407789, 34.883582], [135.406405, 34.883613], [135.406021, 34.883327], [135.405368, 34.883146], [135.404398, 34.883189], [135.404129, 34.883621], [135.404464, 34.883673], [135.404654, 34.883502], [135.405195, 34.883513], [135.405833, 34.883877], [135.406281, 34.884581], [135.406322, 34.886568], [135.40612, 34.887733], [135.405918, 34.888975], [135.405635, 34.889656], [135.407243, 34.889899], [135.406768, 34.890423], [135.406341, 34.891157], [135.406804, 34.891561], [135.406901, 34.891861], [135.406553, 34.892228], [135.406539, 34.89266], [135.407241, 34.893128], [135.408294, 34.893804], [135.408263, 34.893961], [135.406942, 34.894018], [135.406608, 34.893902], [135.405969, 34.893433], [135.405475, 34.893239], [135.406519, 34.895405]]]}}, {"type": "Feature", "id": "did-1990-69", "properties": {"A16_001": "282171", "A16_002": "28217", "A16_003": "川西市", "A16_004": "1", "A16_005": "115344", "A16_006": "16.30", "A16_007": "110081", "A16_008": "14.80", "A16_009": "81.70", "A16_010": "30.50", "A16_011": "1990", "year": 1990, "population": 115344.0, "areaKm2": 16.3, "density": 7076.319018404908}, "geometry": {"type": "Polygon", "coordinates": [[[135.406519, 34.895405], [135.406185, 34.895472], [135.405378, 34.896599], [135.4049, 34.896535], [135.404902, 34.897006], [135.404345, 34.896995], [135.404333, 34.897792], [135.405462, 34.897723], [135.40564, 34.898389], [135.404335, 34.898407], [135.404387, 34.899256], [135.405375, 34.89958], [135.406393, 34.899563], [135.407378, 34.899233], [135.407229, 34.897769], [135.406519, 34.895405]]]}}, {"type": "Feature", "id": "did-1990-70", "properties": {"A16_001": "282172", "A16_002": "28217", "A16_003": "川西市", "A16_004": "2", "A16_005": "11965", "A16_006": "1.30", "A16_007": "11374", "A16_008": "1.30", "A16_009": "8.50", "A16_010": "2.40", "A16_011": "1990", "year": 1990, "population": 11965.0, "areaKm2": 1.3, "density": 9203.846153846154}, "geometry": {"type": "Polygon", "coordinates": [[[135.381051, 34.875241], [135.380851, 34.875833], [135.380946, 34.876027], [135.38099, 34.876265], [135.38104, 34.876426], [135.381178, 34.876575], [135.381381, 34.876706], [135.381654, 34.876821], [135.381749, 34.876863], [135.382002, 34.876976], [135.382327, 34.877107], [135.382757, 34.877254], [135.382771, 34.877257], [135.382846, 34.877272], [135.383136, 34.877333], [135.383271, 34.877361], [135.383532, 34.877451], [135.383676, 34.877504], [135.383749, 34.877666], [135.383727, 34.877803], [135.383724, 34.877823], [135.383684, 34.878053], [135.383633, 34.878186], [135.383398, 34.878479], [135.383351, 34.878538], [135.383271, 34.878705], [135.383213, 34.878931], [135.383192, 34.879176], [135.38317, 34.879313], [135.383065, 34.879478], [135.382995, 34.879588], [135.38296, 34.879643], [135.382923, 34.879677], [135.382821, 34.879771], [135.382786, 34.879804], [135.382783, 34.879803], [135.382432, 34.879756], [135.382316, 34.879863], [135.382201, 34.880038], [135.38197, 34.88027], [135.381926, 34.880336], [135.381876, 34.880413], [135.381789, 34.880635], [135.381745, 34.881076], [135.382373, 34.881117], [135.382351, 34.881388], [135.381431, 34.881953], [135.381751, 34.882298], [135.382683, 34.881677], [135.384073, 34.881692], [135.385032, 34.882025], [135.385513, 34.882604], [135.38574, 34.882472], [135.386333, 34.882471], [135.386922, 34.881776], [135.387514, 34.881643], [135.388266, 34.881528], [135.388265, 34.88134], [135.388126, 34.880667], [135.388422, 34.880666], [135.388922, 34.880346], [135.389128, 34.880514], [135.389219, 34.880513], [135.389603, 34.879688], [135.390034, 34.879275], [135.389645, 34.878864], [135.389667, 34.878639], [135.3901, 34.878638], [135.390209, 34.877458], [135.391029, 34.87738], [135.391142, 34.877024], [135.391185, 34.876349], [135.39169, 34.877396], [135.392006, 34.876553], [135.392505, 34.876083], [135.392002, 34.875654], [135.39125, 34.875656], [135.390295, 34.876221], [135.389635, 34.876205], [135.389542, 34.875962], [135.389132, 34.875944], [135.386254, 34.874362], [135.38791, 34.872297], [135.38944, 34.873134], [135.389668, 34.873171], [135.389849, 34.873002], [135.390146, 34.873095], [135.390373, 34.872832], [135.390647, 34.873112], [135.390717, 34.873392], [135.391173, 34.873391], [135.391606, 34.873577], [135.392288, 34.87305], [135.392428, 34.873798], [135.392771, 34.874078], [135.393113, 34.874152], [135.3935, 34.874151], [135.394664, 34.874596], [135.394845, 34.874296], [135.394434, 34.874054], [135.394364, 34.873736], [135.394432, 34.873567], [135.395207, 34.87362], [135.395364, 34.873039], [135.394772, 34.873023], [135.394542, 34.872555], [135.394654, 34.872143], [135.39488, 34.871786], [135.394742, 34.871394], [135.393877, 34.871603], [135.393601, 34.871061], [135.396012, 34.869891], [135.395737, 34.869667], [135.395204, 34.870072], [135.394942, 34.870148], [135.39444, 34.870075], [135.394201, 34.870169], [135.393713, 34.870517], [135.393269, 34.870509], [135.39263, 34.870259], [135.392356, 34.870203], [135.392309, 34.869904], [135.392594, 34.869847], [135.392775, 34.869518], [135.392807, 34.86906], [135.393307, 34.868852], [135.396098, 34.868767], [135.395733, 34.86846], [135.395551, 34.868629], [135.395243, 34.86863], [135.395254, 34.868415], [135.394946, 34.868397], [135.394873, 34.86732], [135.394235, 34.867341], [135.394313, 34.866714], [135.393834, 34.866659], [135.393153, 34.867429], [135.390724, 34.869554], [135.390438, 34.869339], [135.390688, 34.869123], [135.38974, 34.868518], [135.389621, 34.867282], [135.389301, 34.867077], [135.387649, 34.867073], [135.387477, 34.866634], [135.387192, 34.866813], [135.386975, 34.866701], [135.386929, 34.866552], [135.386542, 34.86659], [135.38619, 34.866891], [135.385837, 34.866883], [135.385713, 34.867211], [135.38537, 34.86695], [135.384949, 34.866942], [135.384653, 34.867224], [135.384163, 34.867104], [135.383834, 34.867489], [135.382981, 34.867857], [135.382686, 34.868176], [135.38214, 34.868374], [135.381799, 34.868619], [135.381583, 34.868563], [135.381593, 34.868423], [135.381468, 34.868405], [135.380968, 34.868762], [135.380948, 34.869502], [135.380835, 34.869615], [135.380744, 34.869755], [135.380368, 34.869719], [135.380119, 34.870235], [135.380473, 34.870318], [135.380143, 34.870525], [135.380326, 34.870684], [135.380531, 34.870674], [135.38051, 34.870945], [135.380817, 34.870944], [135.380797, 34.871525], [135.381402, 34.871916], [135.381199, 34.87246], [135.383025, 34.873034], [135.383389, 34.873024], [135.383449, 34.873669], [135.383027, 34.873708], [135.383006, 34.874074], [135.383177, 34.874129], [135.383179, 34.874541], [135.382531, 34.874899], [135.38179, 34.87492], [135.381518, 34.875202], [135.381051, 34.875241]]]}}, {"type": "Feature", "id": "did-1990-71", "properties": {"A16_001": "282181", "A16_002": "28218", "A16_003": "小野市", "A16_004": "1", "A16_005": "9353", "A16_006": "2.30", "A16_007": "7261", "A16_008": "1.30", "A16_009": "20.30", "A16_010": "2.50", "A16_011": "1990", "year": 1990, "population": 9353.0, "areaKm2": 2.3, "density": 4066.521739130435}, "geometry": {"type": "Polygon", "coordinates": [[[134.943378, 34.852332], [134.944994, 34.852661], [134.946439, 34.853246], [134.946506, 34.852367], [134.946746, 34.852337], [134.946745, 34.851997], [134.946952, 34.851995], [134.946984, 34.851343], [134.947191, 34.851342], [134.947224, 34.850916], [134.947842, 34.850714], [134.948562, 34.849915], [134.948732, 34.849233], [134.948731, 34.848666], [134.948147, 34.848897], [134.946497, 34.84888], [134.946496, 34.848285], [134.946735, 34.847802], [134.946734, 34.847518], [134.946631, 34.847462], [134.946665, 34.847093], [134.946493, 34.847095], [134.94656, 34.846527], [134.946835, 34.846384], [134.946868, 34.8461], [134.947177, 34.845814], [134.947176, 34.845531], [134.945939, 34.845568], [134.944873, 34.84532], [134.943221, 34.844453], [134.943461, 34.844253], [134.943493, 34.843289], [134.944078, 34.843285], [134.94411, 34.842661], [134.943594, 34.842324], [134.943181, 34.842186], [134.941257, 34.842199], [134.940536, 34.842317], [134.939847, 34.841897], [134.939402, 34.842354], [134.938989, 34.842356], [134.938025, 34.841513], [134.937715, 34.841345], [134.93761, 34.840382], [134.937403, 34.839958], [134.936541, 34.838859], [134.936334, 34.838577], [134.936161, 34.838011], [134.936057, 34.837501], [134.935091, 34.835864], [134.934852, 34.836801], [134.935129, 34.837366], [134.93434, 34.838108], [134.934856, 34.838332], [134.935029, 34.838699], [134.934892, 34.839068], [134.934446, 34.839412], [134.933828, 34.839756], [134.93352, 34.840212], [134.933418, 34.840524], [134.931872, 34.840677], [134.929669, 34.839388], [134.929399, 34.841431], [134.929158, 34.841461], [134.929848, 34.842306], [134.929642, 34.842563], [134.929195, 34.842453], [134.928646, 34.842598], [134.928096, 34.842687], [134.927443, 34.842663], [134.925862, 34.842504], [134.923901, 34.841837], [134.924385, 34.842968], [134.925074, 34.843728], [134.92652, 34.845079], [134.927106, 34.845472], [134.927862, 34.845778], [134.928584, 34.845887], [134.927109, 34.846974], [134.927625, 34.847112], [134.927557, 34.847396], [134.927523, 34.84768], [134.927633, 34.850684], [134.928601, 34.853512], [134.929564, 34.85342], [134.930148, 34.853615], [134.930149, 34.854068], [134.930253, 34.854152], [134.930289, 34.855229], [134.930463, 34.856107], [134.931154, 34.857406], [134.931911, 34.858025], [134.932564, 34.85768], [134.932323, 34.857511], [134.932322, 34.857341], [134.932631, 34.857254], [134.932733, 34.856658], [134.932595, 34.856574], [134.932595, 34.856206], [134.932697, 34.856092], [134.932557, 34.854817], [134.933621, 34.854328], [134.933693, 34.855461], [134.935309, 34.855903], [134.934384, 34.856874], [134.934936, 34.858004], [134.933802, 34.858295], [134.933631, 34.858636], [134.933804, 34.858805], [134.93456, 34.85897], [134.934733, 34.859281], [134.935146, 34.859391], [134.935662, 34.859671], [134.936726, 34.859267], [134.937275, 34.858639], [134.937034, 34.858358], [134.937239, 34.858101], [134.937824, 34.858182], [134.938064, 34.857925], [134.938493, 34.857894], [134.938579, 34.857752], [134.939198, 34.85779], [134.939386, 34.857647], [134.939128, 34.85745], [134.93911, 34.857082], [134.938887, 34.857041], [134.938921, 34.856828], [134.939212, 34.856415], [134.939022, 34.856345], [134.938953, 34.855963], [134.938747, 34.85595], [134.937936, 34.854964], [134.937901, 34.854326], [134.937332, 34.853834], [134.937314, 34.853267], [134.93709, 34.853113], [134.936574, 34.85306], [134.936008, 34.853362], [134.935355, 34.853324], [134.935319, 34.852884], [134.934821, 34.852718], [134.934408, 34.852763], [134.934375, 34.853033], [134.933463, 34.852642], [134.932621, 34.85279], [134.932259, 34.852452], [134.931297, 34.852359], [134.93104, 34.852602], [134.930782, 34.852618], [134.93035, 34.851473], [134.931827, 34.851151], [134.93382, 34.851166], [134.934335, 34.850907], [134.9348, 34.851031], [134.935745, 34.851081], [134.936262, 34.851673], [134.936588, 34.851742], [134.936966, 34.851668], [134.937447, 34.851311], [134.937757, 34.851535], [134.937997, 34.85159], [134.938274, 34.852141], [134.938669, 34.852152], [134.938685, 34.851756], [134.939029, 34.851767], [134.939234, 34.851497], [134.939784, 34.851521], [134.939802, 34.851776], [134.940301, 34.851801], [134.940283, 34.851645], [134.940455, 34.851644], [134.940454, 34.851502], [134.94011, 34.851349], [134.94031, 34.848385], [134.941375, 34.848406], [134.94165, 34.848603], [134.941926, 34.848657], [134.942355, 34.848626], [134.942612, 34.848213], [134.942714, 34.847801], [134.94371, 34.847525], [134.94481, 34.847659], [134.944674, 34.848185], [134.945534, 34.848745], [134.945484, 34.84927], [134.945673, 34.849297], [134.94564, 34.849567], [134.945897, 34.849622], [134.94595, 34.84982], [134.946362, 34.849845], [134.94645, 34.850525], [134.946209, 34.850612], [134.946175, 34.850513], [134.945951, 34.850514], [134.945934, 34.850358], [134.945573, 34.850361], [134.945469, 34.850262], [134.945246, 34.850278], [134.945212, 34.850463], [134.945006, 34.850464], [134.944972, 34.850677], [134.944817, 34.850664], [134.944766, 34.850551], [134.943993, 34.850698], [134.943975, 34.850486], [134.943563, 34.850588], [134.943563, 34.850814], [134.942807, 34.850607], [134.942791, 34.851061], [134.942602, 34.851076], [134.942018, 34.851364], [134.942019, 34.851902], [134.942225, 34.851887], [134.942226, 34.852099], [134.94214, 34.852185], [134.942141, 34.852412], [134.94233, 34.852481], [134.942382, 34.852793], [134.942674, 34.852791], [134.942813, 34.853187], [134.943054, 34.853199], [134.943345, 34.852899], [134.943378, 34.852332]]]}}, {"type": "Feature", "id": "did-1990-72", "properties": {"A16_001": "282191", "A16_002": "28219", "A16_003": "三田市", "A16_004": "1", "A16_005": "16812", "A16_006": "2.90", "A16_007": "10974", "A16_008": "1.80", "A16_009": "26.00", "A16_010": "1.40", "A16_011": "1990", "year": 1990, "population": 16812.0, "areaKm2": 2.9, "density": 5797.241379310345}, "geometry": {"type": "Polygon", "coordinates": [[[135.219065, 34.875577], [135.219046, 34.875582], [135.218968, 34.875603], [135.218885, 34.875609], [135.218703, 34.875623], [135.218532, 34.875635], [135.218381, 34.875646], [135.218096, 34.875667], [135.218085, 34.875668], [135.218078, 34.875662], [135.217987, 34.875576], [135.217848, 34.875456], [135.217749, 34.875424], [135.217674, 34.875405], [135.217486, 34.875359], [135.217348, 34.875299], [135.217119, 34.875208], [135.217118, 34.875207], [135.216959, 34.875126], [135.216938, 34.875109], [135.216755, 34.874968], [135.21665, 34.87493], [135.216406, 34.874876], [135.216262, 34.874859], [135.216247, 34.874858], [135.216215, 34.874854], [135.215978, 34.874871], [135.215883, 34.874881], [135.215517, 34.874919], [135.215495, 34.874926], [135.215363, 34.874965], [135.215329, 34.874976], [135.215227, 34.875006], [135.215197, 34.875025], [135.215122, 34.875071], [135.214931, 34.875169], [135.214615, 34.875511], [135.214547, 34.875551], [135.214523, 34.875565], [135.214345, 34.875652], [135.214174, 34.875696], [135.214022, 34.875793], [135.213824, 34.876054], [135.213686, 34.876151], [135.213566, 34.876217], [135.213429, 34.876293], [135.213271, 34.876385], [135.213238, 34.87641], [135.213114, 34.876504], [135.212916, 34.876743], [135.212816, 34.876919], [135.212774, 34.876994], [135.212692, 34.877139], [135.212683, 34.877166], [135.212649, 34.877262], [135.212587, 34.877443], [135.212514, 34.877649], [135.212451, 34.877872], [135.212422, 34.877975], [135.212355, 34.878105], [135.212349, 34.878116], [135.212284, 34.878214], [135.212699, 34.878225], [135.213371, 34.878304], [135.213886, 34.878468], [135.215409, 34.879411], [135.216233, 34.879591], [135.218392, 34.880927], [135.21792, 34.88151], [135.217475, 34.881301], [135.217098, 34.8817], [135.217068, 34.882202], [135.216214, 34.882312], [135.216118, 34.882075], [135.215928, 34.882023], [135.215355, 34.881366], [135.214943, 34.881368], [135.215226, 34.880996], [135.215226, 34.880838], [135.213613, 34.881137], [135.213615, 34.88156], [135.213394, 34.881772], [135.213744, 34.882035], [135.213524, 34.882458], [135.2127, 34.882172], [135.212636, 34.882067], [135.213045, 34.881484], [135.212916, 34.880982], [135.209562, 34.881449], [135.209406, 34.881741], [135.209819, 34.882108], [135.212486, 34.883706], [135.211573, 34.884873], [135.21091, 34.885246], [135.209203, 34.885757], [135.207403, 34.886717], [135.206993, 34.886957], [135.207186, 34.887643], [135.207124, 34.88796], [135.207252, 34.888277], [135.206937, 34.888437], [135.207192, 34.888911], [135.207794, 34.888961], [135.207374, 34.887272], [135.207913, 34.887401], [135.208956, 34.887079], [135.209682, 34.886468], [135.210756, 34.886013], [135.211073, 34.886064], [135.21107, 34.885509], [135.211766, 34.885479], [135.212145, 34.885319], [135.212553, 34.88463], [135.213031, 34.885103], [135.213633, 34.88539], [135.214426, 34.885571], [135.215093, 34.886148], [135.216077, 34.886513], [135.217185, 34.886692], [135.218865, 34.887053], [135.218901, 34.887845], [135.220292, 34.887573], [135.221145, 34.887225], [135.221682, 34.886905], [135.222095, 34.887247], [135.222254, 34.887272], [135.222284, 34.886981], [135.223172, 34.887373], [135.223617, 34.887793], [135.223777, 34.888109], [135.224348, 34.888344], [135.224349, 34.888529], [135.225649, 34.888812], [135.226447, 34.890208], [135.224428, 34.891645], [135.225105, 34.894072], [135.227158, 34.89311], [135.22622, 34.895492], [135.225241, 34.895815], [135.224576, 34.895871], [135.224637, 34.895474], [135.223594, 34.895823], [135.223821, 34.8968], [135.224802, 34.896742], [135.224456, 34.897298], [135.224773, 34.897296], [135.224775, 34.89764], [135.224522, 34.897826], [135.224301, 34.897801], [135.223954, 34.89812], [135.223226, 34.89815], [135.223134, 34.898864], [135.223234, 34.899814], [135.223394, 34.900077], [135.223143, 34.900607], [135.222416, 34.900822], [135.221881, 34.901485], [135.222135, 34.901722], [135.222012, 34.90233], [135.222456, 34.902592], [135.222173, 34.902831], [135.222048, 34.903228], [135.221732, 34.903282], [135.223325, 34.905387], [135.224757, 34.906832], [135.225773, 34.907302], [135.226945, 34.907481], [135.2278, 34.90745], [135.227396, 34.908958], [135.227557, 34.909432], [135.226424, 34.910812], [135.22788, 34.910672], [135.229362, 34.909422], [135.229512, 34.907731], [135.229799, 34.908126], [135.230274, 34.908255], [135.230622, 34.908148], [135.231063, 34.907617], [135.230007, 34.90551], [135.229938, 34.904401], [135.229148, 34.904695], [135.228988, 34.904406], [135.228417, 34.904065], [135.228287, 34.903459], [135.227872, 34.902827], [135.227902, 34.90251], [135.228281, 34.902349], [135.22831, 34.901768], [135.228087, 34.901558], [135.22777, 34.90148], [135.227328, 34.901694], [135.227043, 34.901643], [135.226787, 34.901195], [135.226596, 34.900826], [135.226246, 34.90059], [135.225548, 34.900303], [135.225447, 34.899089], [135.225857, 34.898849], [135.225823, 34.898321], [135.225475, 34.898296], [135.225472, 34.897847], [135.225599, 34.897767], [135.226806, 34.898633], [135.227407, 34.89855], [135.227373, 34.898075], [135.226739, 34.897946], [135.226421, 34.897631], [135.226388, 34.897393], [135.226829, 34.896968], [135.226795, 34.896493], [135.227395, 34.896014], [135.227774, 34.895986], [135.227773, 34.895801], [135.22755, 34.895538], [135.227517, 34.895142], [135.22786, 34.894216], [135.227573, 34.893689], [135.227729, 34.893371], [135.228203, 34.893104], [135.228425, 34.893182], [135.228898, 34.892889], [135.22947, 34.893256], [135.229976, 34.8932], [135.230167, 34.893279], [135.230325, 34.893251], [135.230608, 34.892801], [135.230797, 34.89272], [135.230862, 34.892931], [135.231272, 34.892691], [135.231998, 34.892318], [135.231998, 34.892186], [135.232408, 34.891972], [135.233072, 34.89181], [135.23345, 34.891412], [135.233956, 34.891356], [135.234146, 34.891249], [135.23462, 34.891247], [135.23503, 34.890769], [135.234901, 34.890426], [135.235088, 34.889897], [135.235532, 34.889868], [135.235501, 34.890106], [135.235756, 34.890342], [135.236199, 34.89034], [135.236452, 34.890233], [135.236228, 34.889891], [135.23629, 34.889626], [135.236733, 34.889518], [135.236635, 34.888911], [135.236984, 34.889041], [135.236949, 34.88846], [135.237138, 34.88838], [135.23704, 34.887747], [135.23609, 34.887725], [135.235802, 34.887014], [135.235422, 34.887042], [135.235132, 34.886093], [135.234204, 34.884143], [135.233287, 34.88428], [135.232903, 34.883463], [135.231828, 34.883707], [135.230647, 34.88197], [135.230044, 34.88163], [135.223293, 34.879844], [135.221035, 34.877795], [135.219065, 34.875577]]]}}, {"type": "Feature", "id": "did-1990-73", "properties": {"A16_001": "282192", "A16_002": "28219", "A16_003": "三田市", "A16_004": "2", "A16_005": "6424", "A16_006": "0.60", "A16_007": "0", "A16_008": "0.00", "A16_009": "10.00", "A16_010": "0.30", "A16_011": "1990", "year": 1990, "population": 6424.0, "areaKm2": 0.6, "density": 10706.666666666668}, "geometry": {"type": "Polygon", "coordinates": [[[135.195437, 34.879737], [135.196184, 34.880921], [135.196715, 34.881095], [135.196559, 34.881848], [135.198204, 34.88234], [135.198326, 34.882089], [135.199224, 34.881613], [135.201001, 34.88399], [135.203073, 34.885217], [135.20534, 34.882995], [135.205057, 34.882746], [135.205864, 34.881696], [135.204606, 34.880863], [135.204569, 34.880436], [135.205857, 34.880178], [135.205378, 34.879695], [135.205641, 34.879413], [135.205022, 34.878879], [135.206613, 34.877547], [135.206218, 34.877438], [135.206064, 34.877431], [135.205878, 34.877422], [135.205876, 34.877422], [135.205711, 34.877368], [135.205573, 34.87734], [135.205448, 34.877248], [135.205401, 34.877168], [135.20525, 34.876912], [135.20502, 34.876906], [135.204846, 34.876876], [135.204835, 34.876874], [135.204691, 34.876803], [135.204611, 34.876752], [135.204506, 34.876684], [135.204269, 34.87645], [135.204144, 34.876401], [135.204032, 34.876407], [135.203828, 34.876418], [135.203538, 34.87638], [135.20334, 34.876358], [135.202761, 34.876293], [135.202592, 34.876245], [135.20253, 34.876228], [135.202359, 34.876168], [135.202233, 34.876104], [135.202221, 34.876098], [135.201996, 34.876002], [135.20199, 34.876], [135.201602, 34.875951], [135.201542, 34.875954], [135.201365, 34.875962], [135.201331, 34.875969], [135.201213, 34.875994], [135.201062, 34.876081], [135.200936, 34.876222], [135.20086, 34.876335], [135.200818, 34.876396], [135.200569, 34.876431], [135.200548, 34.876434], [135.200318, 34.876472], [135.200127, 34.876488], [135.200028, 34.876451], [135.199909, 34.87638], [135.199892, 34.876378], [135.199751, 34.876358], [135.199672, 34.87638], [135.199546, 34.876459], [135.199534, 34.876467], [135.199389, 34.87651], [135.199211, 34.876575], [135.199053, 34.876651], [135.198999, 34.876666], [135.198888, 34.876695], [135.19877, 34.876749], [135.198559, 34.876896], [135.198329, 34.877015], [135.198177, 34.877075], [135.197973, 34.877178], [135.197827, 34.877243], [135.197598, 34.877346], [135.197552, 34.877416], [135.197571, 34.877498], [135.197664, 34.877661], [135.197684, 34.877704], [135.197716, 34.877775], [135.197809, 34.877916], [135.197861, 34.878051], [135.197861, 34.878187], [135.197775, 34.878393], [135.197716, 34.878589], [135.19767, 34.878752], [135.197657, 34.878898], [135.197602, 34.879084], [135.197565, 34.879208], [135.197459, 34.879376], [135.19734, 34.879458], [135.197229, 34.879533], [135.197127, 34.879596], [135.197036, 34.879653], [135.197018, 34.879664], [135.196971, 34.879683], [135.196794, 34.879756], [135.196656, 34.879745], [135.196538, 34.879685], [135.196136, 34.879544], [135.195971, 34.879511], [135.195839, 34.879468], [135.195721, 34.879457], [135.195622, 34.879549], [135.195437, 34.879737]]]}}, {"type": "Feature", "id": "did-1990-74", "properties": {"A16_001": "282193", "A16_002": "28219", "A16_003": "三田市", "A16_004": "3", "A16_005": "5000", "A16_006": "0.70", "A16_007": "0", "A16_008": "0.00", "A16_009": "7.70", "A16_010": "0.30", "A16_011": "1990", "year": 1990, "population": 5000.0, "areaKm2": 0.7, "density": 7142.857142857143}, "geometry": {"type": "Polygon", "coordinates": [[[135.183343, 34.900538], [135.184048, 34.899672], [135.185018, 34.898133], [135.185532, 34.897491], [135.188519, 34.897348], [135.191574, 34.899458], [135.189955, 34.901511], [135.190877, 34.901986], [135.191468, 34.901344], [135.191466, 34.900992], [135.191389, 34.900785], [135.192191, 34.90035], [135.19246, 34.900476], [135.1925, 34.900811], [135.193118, 34.901959], [135.192869, 34.902056], [135.193005, 34.902438], [135.192891, 34.902727], [135.192412, 34.902617], [135.192091, 34.903546], [135.193529, 34.903938], [135.193756, 34.903425], [135.194216, 34.903471], [135.194367, 34.902991], [135.194847, 34.903084], [135.19496, 34.9027], [135.194365, 34.902559], [135.194799, 34.901007], [135.195815, 34.901242], [135.196156, 34.900441], [135.197459, 34.900674], [135.197496, 34.900386], [135.197726, 34.900353], [135.197897, 34.899937], [135.199603, 34.900423], [135.199869, 34.899879], [135.199274, 34.899626], [135.198889, 34.899149], [135.198753, 34.898814], [135.198447, 34.898768], [135.198178, 34.898769], [135.197488, 34.898485], [135.19699, 34.898456], [135.19542, 34.898639], [135.195114, 34.898753], [135.194635, 34.898803], [135.194193, 34.89839], [135.193945, 34.898583], [135.193332, 34.898538], [135.193368, 34.898187], [135.192617, 34.897248], [135.192349, 34.897169], [135.192308, 34.896738], [135.191734, 34.896837], [135.191312, 34.896519], [135.191425, 34.896215], [135.191367, 34.896152], [135.191003, 34.896106], [135.191002, 34.895866], [135.190849, 34.895835], [135.190791, 34.895675], [135.190368, 34.895358], [135.19008, 34.895343], [135.189293, 34.89474], [135.189156, 34.894198], [135.18883, 34.894167], [135.188602, 34.894536], [135.188162, 34.894698], [135.187837, 34.89478], [135.187246, 34.895294], [135.187016, 34.895295], [135.186976, 34.894912], [135.186593, 34.89485], [135.186132, 34.894533], [135.18548, 34.894424], [135.184176, 34.894047], [135.18376, 34.895359], [135.182735, 34.897282], [135.181766, 34.89914], [135.18173, 34.89954], [135.182057, 34.89989], [135.183343, 34.900538]]]}}, {"type": "Feature", "id": "did-1990-75", "properties": {"A16_001": "282193", "A16_002": "28219", "A16_003": "三田市", "A16_004": "3", "A16_005": "5000", "A16_006": "0.70", "A16_007": "0", "A16_008": "0.00", "A16_009": "7.70", "A16_010": "0.30", "A16_011": "1990", "year": 1990, "population": 5000.0, "areaKm2": 0.7, "density": 7142.857142857143}, "geometry": {"type": "Polygon", "coordinates": [[[135.183343, 34.900538], [135.18241, 34.901725], [135.180806, 34.902788], [135.181132, 34.902994], [135.181514, 34.90272], [135.182724, 34.903385], [135.182952, 34.903128], [135.18422, 34.903857], [135.184582, 34.903504], [135.186714, 34.904819], [135.186582, 34.905219], [135.186908, 34.905409], [135.188908, 34.902795], [135.187412, 34.902483], [135.185781, 34.901836], [135.183343, 34.900538]]]}}, {"type": "Feature", "id": "did-1990-76", "properties": {"A16_001": "282201", "A16_002": "28220", "A16_003": "加西市", "A16_004": "1", "A16_005": "9490", "A16_006": "1.90", "A16_007": "8162", "A16_008": "1.50", "A16_009": "18.30", "A16_010": "1.30", "A16_011": "1990", "year": 1990, "population": 9490.0, "areaKm2": 1.9, "density": 4994.736842105263}, "geometry": {"type": "Polygon", "coordinates": [[[134.830251, 34.937797], [134.833739, 34.936323], [134.835497, 34.935322], [134.836815, 34.934575], [134.83696, 34.934575], [134.837429, 34.933758], [134.837737, 34.933964], [134.837801, 34.933878], [134.837826, 34.933589], [134.838594, 34.93354], [134.838676, 34.933659], [134.838842, 34.933643], [134.838923, 34.933779], [134.83913, 34.93378], [134.839232, 34.933917], [134.84113, 34.933291], [134.841608, 34.933207], [134.841528, 34.932985], [134.841925, 34.93285], [134.842075, 34.932526], [134.842613, 34.932596], [134.842756, 34.932767], [134.844809, 34.932876], [134.846466, 34.933068], [134.846143, 34.932436], [134.845299, 34.932007], [134.844492, 34.931851], [134.843953, 34.931798], [134.843955, 34.931679], [134.84431, 34.931509], [134.844025, 34.931167], [134.84367, 34.93132], [134.843507, 34.93108], [134.843131, 34.93125], [134.843188, 34.931608], [134.842728, 34.931863], [134.842438, 34.931811], [134.84211, 34.93152], [134.842303, 34.931128], [134.842397, 34.930378], [134.842127, 34.930377], [134.841759, 34.930017], [134.841322, 34.930067], [134.840875, 34.929469], [134.841231, 34.929265], [134.840945, 34.928923], [134.843494, 34.927719], [134.842799, 34.927001], [134.843359, 34.927036], [134.843611, 34.926832], [134.843836, 34.927038], [134.844468, 34.926443], [134.845238, 34.92624], [134.846007, 34.926157], [134.846219, 34.925851], [134.84811, 34.925668], [134.846988, 34.924386], [134.84699, 34.924215], [134.848483, 34.922872], [134.847561, 34.922101], [134.847566, 34.921726], [134.847441, 34.92176], [134.847341, 34.921555], [134.847551, 34.921367], [134.847387, 34.921196], [134.847052, 34.921434], [134.846512, 34.921467], [134.846507, 34.921774], [134.845635, 34.921823], [134.845143, 34.921429], [134.844261, 34.922143], [134.844506, 34.922416], [134.843246, 34.923453], [134.84232, 34.922922], [134.841203, 34.924096], [134.839264, 34.923356], [134.839146, 34.924311], [134.839498, 34.925728], [134.839914, 34.925696], [134.840093, 34.926225], [134.840363, 34.926209], [134.840398, 34.926601], [134.839877, 34.926787], [134.840773, 34.927933], [134.839201, 34.928969], [134.839712, 34.929517], [134.839377, 34.929754], [134.83957, 34.930727], [134.838857, 34.93122], [134.838946, 34.930828], [134.83878, 34.930793], [134.838509, 34.930878], [134.838097, 34.930706], [134.837979, 34.930262], [134.83735, 34.93067], [134.837573, 34.931012], [134.837457, 34.93183], [134.837989, 34.932344], [134.837632, 34.932633], [134.836969, 34.932579], [134.836552, 34.932732], [134.836063, 34.932116], [134.836071, 34.93157], [134.835098, 34.931379], [134.834676, 34.930474], [134.834165, 34.929926], [134.833971, 34.929056], [134.833978, 34.928595], [134.834313, 34.928408], [134.83461, 34.927966], [134.835112, 34.927694], [134.835246, 34.927046], [134.835042, 34.926807], [134.834731, 34.926806], [134.835176, 34.926125], [134.835343, 34.926057], [134.834998, 34.925527], [134.834388, 34.924724], [134.834291, 34.924297], [134.83413, 34.923904], [134.834012, 34.92346], [134.83371, 34.922879], [134.833512, 34.922213], [134.8336, 34.921889], [134.832697, 34.921187], [134.830726, 34.922631], [134.830491, 34.921641], [134.829947, 34.92198], [134.830142, 34.922817], [134.829476, 34.92435], [134.829206, 34.924332], [134.829409, 34.92464], [134.829093, 34.924963], [134.829088, 34.925322], [134.828506, 34.925405], [134.827803, 34.925198], [134.828059, 34.924772], [134.827834, 34.92455], [134.828069, 34.92409], [134.827782, 34.92385], [134.827683, 34.923526], [134.826847, 34.923916], [134.826581, 34.923676], [134.826289, 34.923743], [134.826019, 34.923777], [134.82581, 34.923912], [134.824937, 34.923978], [134.824911, 34.924353], [134.824621, 34.924301], [134.824309, 34.924368], [134.823686, 34.924401], [134.823352, 34.924519], [134.823124, 34.924518], [134.822961, 34.924296], [134.821719, 34.924104], [134.821635, 34.924189], [134.822082, 34.924788], [134.822704, 34.924824], [134.822873, 34.924671], [134.823242, 34.924962], [134.823424, 34.925236], [134.822841, 34.925404], [134.82294, 34.925729], [134.823336, 34.925594], [134.82348, 34.925679], [134.823877, 34.925493], [134.824355, 34.92546], [134.824379, 34.925222], [134.824546, 34.925137], [134.824488, 34.924847], [134.825358, 34.924986], [134.825355, 34.925156], [134.824979, 34.925343], [134.824788, 34.925649], [134.825467, 34.925993], [134.826167, 34.924971], [134.826523, 34.924802], [134.826791, 34.924922], [134.827002, 34.924667], [134.827423, 34.925658], [134.827921, 34.925642], [134.828167, 34.925813], [134.828122, 34.926086], [134.827808, 34.926256], [134.827971, 34.926444], [134.828181, 34.926308], [134.828345, 34.926462], [134.828175, 34.926701], [134.828338, 34.926872], [134.828633, 34.9266], [134.828945, 34.926567], [134.829117, 34.926123], [134.829284, 34.926073], [134.829337, 34.92667], [134.828579, 34.927418], [134.828637, 34.927709], [134.828991, 34.927624], [134.829435, 34.927114], [134.829531, 34.927609], [134.828611, 34.928101], [134.828127, 34.928526], [134.827839, 34.928389], [134.827566, 34.928575], [134.827297, 34.928506], [134.827026, 34.928642], [134.826738, 34.928453], [134.826617, 34.928231], [134.825701, 34.928416], [134.825018, 34.928295], [134.824504, 34.927935], [134.824149, 34.928121], [134.824805, 34.928669], [134.824594, 34.928907], [134.824408, 34.928822], [134.824219, 34.928974], [134.823651, 34.928777], [134.822898, 34.929201], [134.822829, 34.929644], [134.821874, 34.929667], [134.82145, 34.929589], [134.821447, 34.929802], [134.821053, 34.929792], [134.820963, 34.930218], [134.821138, 34.930355], [134.820979, 34.930551], [134.820933, 34.930875], [134.821588, 34.930758], [134.821656, 34.931074], [134.822109, 34.931314], [134.822703, 34.930471], [134.823344, 34.929919], [134.823969, 34.930432], [134.823849, 34.930825], [134.824881, 34.931229], [134.824981, 34.930734], [134.825206, 34.930974], [134.825447, 34.930838], [134.826143, 34.931446], [134.82368, 34.933119], [134.82284, 34.933747], [134.822566, 34.934088], [134.821366, 34.933828], [134.819895, 34.933636], [134.819925, 34.934421], [134.820608, 34.934517], [134.82106, 34.934842], [134.821361, 34.934826], [134.821905, 34.934529], [134.822162, 34.934718], [134.821961, 34.934973], [134.823065, 34.935369], [134.823187, 34.934823], [134.823378, 34.934594], [134.823894, 34.934791], [134.824034, 34.93509], [134.824592, 34.93528], [134.82493, 34.935597], [134.824851, 34.936014], [134.824619, 34.93627], [134.824929, 34.936313], [134.82536, 34.935973], [134.825921, 34.936615], [134.826432, 34.937111], [134.826998, 34.936738], [134.826983, 34.936388], [134.82727, 34.935894], [134.828372, 34.935778], [134.828389, 34.936025], [134.829032, 34.936019], [134.829042, 34.93537], [134.829675, 34.935347], [134.829694, 34.9355], [134.831323, 34.935454], [134.831558, 34.935753], [134.830853, 34.936374], [134.830788, 34.937287], [134.830258, 34.937302], [134.830251, 34.937797]]]}}, {"type": "Feature", "id": "did-1990-77", "properties": {"A16_001": "283011", "A16_002": "28301", "A16_003": "猪名川町", "A16_004": "1", "A16_005": "8858", "A16_006": "1.30", "A16_007": "5246", "A16_008": "1.20", "A16_009": "41.10", "A16_010": "1.40", "A16_011": "1990", "year": 1990, "population": 8858.0, "areaKm2": 1.3, "density": 6813.846153846153}, "geometry": {"type": "Polygon", "coordinates": [[[135.406736, 34.91616], [135.407024, 34.916261], [135.406973, 34.916152], [135.406944, 34.915991], [135.406821, 34.915776], [135.406727, 34.915669], [135.406533, 34.915662], [135.40641, 34.915658], [135.40633, 34.915656], [135.405643, 34.915596], [135.405455, 34.91559], [135.405319, 34.915581], [135.405268, 34.915578], [135.405184, 34.915572], [135.405179, 34.915572], [135.40518, 34.915547], [135.405181, 34.915413], [135.405187, 34.914612], [135.405187, 34.91449], [135.405187, 34.914362], [135.404962, 34.914362], [135.403945, 34.914362], [135.403754, 34.914362], [135.403628, 34.91432], [135.403437, 34.914255], [135.403191, 34.914197], [135.403003, 34.914153], [135.402972, 34.914153], [135.402863, 34.914151], [135.402677, 34.914148], [135.402488, 34.914213], [135.40225, 34.914297], [135.401751, 34.913533], [135.401165, 34.912637], [135.401136, 34.91259], [135.400668, 34.911834], [135.400472, 34.911517], [135.40019, 34.911211], [135.399434, 34.910394], [135.3993, 34.910266], [135.399217, 34.910187], [135.399196, 34.910167], [135.399171, 34.910143], [135.399123, 34.910183], [135.39905, 34.910244], [135.398217, 34.910939], [135.397705, 34.911367], [135.397564, 34.911485], [135.396364, 34.910503], [135.396129, 34.91031], [135.39586, 34.91009], [135.394882, 34.909289], [135.394743, 34.909175], [135.394644, 34.909074], [135.394475, 34.908901], [135.394388, 34.908782], [135.39433, 34.908644], [135.394323, 34.908489], [135.394338, 34.908352], [135.394584, 34.908012], [135.394969, 34.907553], [135.394973, 34.907548], [135.395532, 34.906883], [135.395706, 34.906751], [135.395661, 34.906563], [135.395619, 34.906383], [135.396777, 34.905816], [135.396133, 34.905172], [135.396104, 34.905143], [135.395987, 34.905026], [135.395935, 34.904974], [135.395672, 34.904711], [135.395659, 34.904698], [135.395577, 34.904616], [135.39549, 34.904529], [135.395406, 34.904445], [135.395344, 34.904383], [135.395332, 34.904374], [135.395111, 34.904202], [135.395093, 34.904185], [135.395011, 34.904108], [135.394894, 34.903999], [135.394611, 34.903826], [135.394409, 34.903766], [135.394228, 34.903653], [135.394209, 34.903626], [135.394205, 34.90362], [135.394166, 34.903564], [135.394141, 34.903528], [135.394054, 34.903248], [135.393996, 34.902985], [135.393775, 34.90293], [135.393583, 34.902898], [135.39291, 34.902927], [135.392468, 34.9028], [135.391889, 34.902775], [135.391708, 34.902763], [135.391563, 34.902721], [135.391316, 34.902604], [135.391099, 34.902501], [135.390781, 34.902352], [135.390593, 34.902184], [135.390491, 34.902089], [135.390458, 34.902025], [135.390412, 34.901934], [135.390282, 34.901433], [135.39026, 34.901273], [135.390202, 34.901088], [135.390178, 34.900934], [135.389931, 34.900368], [135.389848, 34.900198], [135.389788, 34.900077], [135.389743, 34.899986], [135.389454, 34.899364], [135.389287, 34.899024], [135.389201, 34.898881], [135.389144, 34.898808], [135.389029, 34.89866], [135.388836, 34.898411], [135.388764, 34.898256], [135.388756, 34.898059], [135.388908, 34.897827], [135.389053, 34.897678], [135.388771, 34.897487], [135.388488, 34.897176], [135.388031, 34.896727], [135.384714, 34.899096], [135.385413, 34.9006], [135.385503, 34.901439], [135.385531, 34.902177], [135.386034, 34.90298], [135.386248, 34.902755], [135.386296, 34.902255], [135.386464, 34.902356], [135.386678, 34.902394], [135.387228, 34.902321], [135.388098, 34.903012], [135.387638, 34.903386], [135.387192, 34.904398], [135.386808, 34.90501], [135.387022, 34.905161], [135.387633, 34.905113], [135.387909, 34.904976], [135.387677, 34.905851], [135.386819, 34.906574], [135.387246, 34.907076], [135.387734, 34.907628], [135.388727, 34.908019], [135.38952, 34.908635], [135.390177, 34.909025], [135.390635, 34.909027], [135.391538, 34.908717], [135.392441, 34.908469], [135.392717, 34.908282], [135.394334, 34.909527], [135.394227, 34.909689], [135.394471, 34.90994], [135.394103, 34.910264], [135.394133, 34.910527], [135.3945, 34.910491], [135.395125, 34.911118], [135.395845, 34.910958], [135.396669, 34.911549], [135.397261, 34.913177], [135.396174, 34.913612], [135.396296, 34.913775], [135.397502, 34.914755], [135.397943, 34.91547], [135.398265, 34.915421], [135.398706, 34.916285], [135.399087, 34.9167], [135.39875, 34.916786], [135.398292, 34.916785], [135.398002, 34.916596], [135.397695, 34.916921], [135.39742, 34.91692], [135.397451, 34.916482], [135.397162, 34.916068], [135.396749, 34.916004], [135.396306, 34.916003], [135.396215, 34.915702], [135.395435, 34.9157], [135.39545, 34.915837], [135.394531, 34.916235], [135.394302, 34.916084], [135.393996, 34.91607], [135.393629, 34.916332], [135.39329, 34.916994], [135.392296, 34.917016], [135.392112, 34.917316], [135.392232, 34.918067], [135.393149, 34.918571], [135.39376, 34.918673], [135.394372, 34.9186], [135.39483, 34.919026], [135.395257, 34.919328], [135.395347, 34.920029], [135.395561, 34.92008], [135.395683, 34.920381], [135.39556, 34.920656], [135.395956, 34.921208], [135.396629, 34.921059], [135.39695, 34.921198], [135.397256, 34.921024], [135.397638, 34.921238], [135.398556, 34.921128], [135.398251, 34.920739], [135.398588, 34.92069], [135.398666, 34.919852], [135.398957, 34.919878], [135.399004, 34.919465], [135.399433, 34.918966], [135.399557, 34.918503], [135.400001, 34.918267], [135.400246, 34.917855], [135.400782, 34.917694], [135.401013, 34.917206], [135.401166, 34.917182], [135.401396, 34.916744], [135.401779, 34.91662], [135.402299, 34.916584], [135.402942, 34.916236], [135.402667, 34.916047], [135.402698, 34.91581], [135.403234, 34.915649], [135.403891, 34.915776], [135.404381, 34.915702], [135.404747, 34.915916], [135.405313, 34.915943], [135.405634, 34.915806], [135.405848, 34.916032], [135.406153, 34.916171], [135.40646, 34.916047], [135.406736, 34.91616]]]}}, {"type": "Feature", "id": "did-1990-78", "properties": {"A16_001": "283821", "A16_002": "28382", "A16_003": "播磨町", "A16_004": "1", "A16_005": "27394", "A16_006": "6.80", "A16_007": "25415", "A16_008": "6.40", "A16_009": "88.90", "A16_010": "75.00", "A16_011": "1990", "year": 1990, "population": 27394.0, "areaKm2": 6.8, "density": 4028.529411764706}, "geometry": {"type": "Polygon", "coordinates": [[[134.847281, 34.715369], [134.847505, 34.71576], [134.847929, 34.716578], [134.84797, 34.716656], [134.84803, 34.716773], [134.848505, 34.717684], [134.848666, 34.717694], [134.848817, 34.717899], [134.849041, 34.718149], [134.849065, 34.718176], [134.849058, 34.718251], [134.848998, 34.718914], [134.848982, 34.719089], [134.848973, 34.719186], [134.848949, 34.719456], [134.848948, 34.71946], [134.848944, 34.719507], [134.848944, 34.719783], [134.848944, 34.719896], [134.849039, 34.720458], [134.849054, 34.720545], [134.849147, 34.720867], [134.849183, 34.720991], [134.849193, 34.721023], [134.849279, 34.72118], [134.849333, 34.721224], [134.849366, 34.721251], [134.849475, 34.72129], [134.849637, 34.721299], [134.850011, 34.721277], [134.850168, 34.721267], [134.850605, 34.721241], [134.851157, 34.721211], [134.851406, 34.721198], [134.851789, 34.721177], [134.851928, 34.721169], [134.85209, 34.721203], [134.852159, 34.721265], [134.852175, 34.721379], [134.852188, 34.721475], [134.852171, 34.721527], [134.852101, 34.721528], [134.851709, 34.721532], [134.851576, 34.721545], [134.851472, 34.721556], [134.85131, 34.721608], [134.85109, 34.72178], [134.850992, 34.721918], [134.850975, 34.722028], [134.851004, 34.722138], [134.851119, 34.722219], [134.851168, 34.722236], [134.851316, 34.72229], [134.851535, 34.722353], [134.851626, 34.722803], [134.851713, 34.722837], [134.851817, 34.722813], [134.852083, 34.722641], [134.852207, 34.72255], [134.852321, 34.722467], [134.852389, 34.722417], [134.85247, 34.722379], [134.852655, 34.722393], [134.852955, 34.722741], [134.852992, 34.722813], [134.853065, 34.722956], [134.853083, 34.723071], [134.853036, 34.723152], [134.852834, 34.723262], [134.852828, 34.723314], [134.853021, 34.723604], [134.853079, 34.72369], [134.853083, 34.723696], [134.853106, 34.723834], [134.853088, 34.723987], [134.853023, 34.724242], [134.853018, 34.724347], [134.853041, 34.72442], [134.853069, 34.724505], [134.85311, 34.724566], [134.853191, 34.724691], [134.853254, 34.724858], [134.85327, 34.724925], [134.853278, 34.724961], [134.853324, 34.725158], [134.853335, 34.725316], [134.853329, 34.725473], [134.853344, 34.725512], [134.853381, 34.725612], [134.853497, 34.725659], [134.85363, 34.725664], [134.853872, 34.725666], [134.854361, 34.72567], [134.854814, 34.725674], [134.855696, 34.725668], [134.855875, 34.725687], [134.856054, 34.725739], [134.856127, 34.725761], [134.856161, 34.725771], [134.856233, 34.725792], [134.856453, 34.725792], [134.856707, 34.725763], [134.856931, 34.725693], [134.856978, 34.725678], [134.857106, 34.725663], [134.857192, 34.725682], [134.857223, 34.725704], [134.857223, 34.725704], [134.857555, 34.725945], [134.857607, 34.725971], [134.857857, 34.726097], [134.858041, 34.72619], [134.858312, 34.726326], [134.858554, 34.726451], [134.858826, 34.726622], [134.858986, 34.726687], [134.859179, 34.726766], [134.859725, 34.726955], [134.859849, 34.726974], [134.859944, 34.726989], [134.860013, 34.72698], [134.860023, 34.726978], [134.860314, 34.726941], [134.860453, 34.726888], [134.860534, 34.726726], [134.860696, 34.726573], [134.861251, 34.726339], [134.861279, 34.726449], [134.861164, 34.726755], [134.861158, 34.726927], [134.861221, 34.72696], [134.861447, 34.726965], [134.861828, 34.727151], [134.861926, 34.727141], [134.862019, 34.727094], [134.862134, 34.726969], [134.862256, 34.726898], [134.862418, 34.726884], [134.862588, 34.726908], [134.862738, 34.726969], [134.862796, 34.72706], [134.862801, 34.727161], [134.862884, 34.727146], [134.865762, 34.724973], [134.864847, 34.724024], [134.863519, 34.721501], [134.864322, 34.720542], [134.866101, 34.722233], [134.866502, 34.721609], [134.867008, 34.721772], [134.86741, 34.72123], [134.868473, 34.721474], [134.869076, 34.720889], [134.868771, 34.720642], [134.867912, 34.720605], [134.867101, 34.720319], [134.866543, 34.719866], [134.869614, 34.717526], [134.870625, 34.717562], [134.87088, 34.717892], [134.871039, 34.71926], [134.871243, 34.719591], [134.872055, 34.720209], [134.870193, 34.721713], [134.871563, 34.722577], [134.872986, 34.724062], [134.876373, 34.724002], [134.877128, 34.723458], [134.87925, 34.723073], [134.879252, 34.723571], [134.879455, 34.723736], [134.881581, 34.724139], [134.881583, 34.724512], [134.883602, 34.72392], [134.884008, 34.724125], [134.885473, 34.723992], [134.885067, 34.723704], [134.885165, 34.723123], [134.885822, 34.723078], [134.885773, 34.723368], [134.886154, 34.72376], [134.886306, 34.723697], [134.886449, 34.723859], [134.886579, 34.723959], [134.886579, 34.723959], [134.886803, 34.723822], [134.88709, 34.723676], [134.887656, 34.723388], [134.888217, 34.723163], [134.889062, 34.72261], [134.889304, 34.722414], [134.889419, 34.722321], [134.889674, 34.722116], [134.89, 34.721854], [134.890266, 34.72162], [134.890347, 34.721549], [134.890433, 34.721473], [134.890716, 34.721225], [134.890716, 34.721225], [134.890897, 34.721065], [134.89105, 34.72093], [134.891066, 34.720909], [134.89113, 34.720824], [134.891286, 34.720615], [134.891538, 34.720119], [134.891633, 34.719943], [134.891305, 34.720012], [134.890712, 34.720163], [134.890407, 34.720219], [134.890161, 34.720256], [134.889981, 34.720282], [134.889722, 34.720289], [134.889592, 34.720299], [134.889452, 34.720309], [134.889228, 34.720326], [134.889025, 34.720313], [134.888847, 34.720301], [134.888809, 34.720238], [134.888938, 34.719861], [134.889151, 34.719459], [134.888452, 34.719396], [134.888288, 34.719365], [134.8879, 34.719227], [134.887717, 34.719158], [134.887595, 34.719038], [134.887542, 34.7189], [134.887481, 34.71885], [134.887329, 34.71885], [134.886713, 34.718969], [134.886522, 34.718975], [134.886226, 34.719007], [134.885906, 34.719013], [134.885602, 34.719001], [134.885411, 34.718969], [134.885316, 34.718895], [134.885233, 34.718831], [134.885073, 34.718542], [134.884989, 34.718127], [134.88498, 34.718053], [134.884944, 34.717744], [134.884944, 34.717744], [134.88483, 34.717735], [134.88473, 34.717711], [134.884476, 34.717547], [134.884171, 34.717175], [134.883613, 34.716825], [134.883129, 34.716164], [134.882698, 34.716001], [134.882013, 34.715528], [134.881632, 34.715136], [134.881403, 34.714971], [134.88077, 34.714684], [134.88016, 34.714107], [134.879903, 34.713361], [134.878765, 34.71316], [134.876105, 34.716598], [134.872535, 34.715539], [134.877117, 34.712215], [134.875338, 34.710441], [134.875351, 34.708222], [134.87108, 34.712975], [134.870878, 34.712976], [134.869725, 34.710037], [134.869876, 34.709891], [134.869564, 34.708337], [134.868879, 34.707842], [134.872005, 34.70495], [134.872044, 34.704913], [134.871908, 34.704703], [134.871736, 34.704443], [134.871559, 34.704262], [134.87124, 34.703978], [134.871151, 34.703846], [134.871117, 34.703795], [134.870979, 34.703332], [134.870876, 34.703166], [134.870756, 34.703051], [134.870556, 34.702859], [134.870182, 34.703127], [134.867793, 34.704838], [134.867694, 34.704939], [134.868652, 34.705876], [134.868459, 34.706008], [134.868456, 34.70601], [134.867513, 34.705146], [134.866134, 34.706806], [134.865869, 34.706871], [134.865731, 34.706973], [134.866419, 34.707475], [134.865933, 34.707869], [134.866001, 34.707929], [134.864451, 34.709199], [134.863897, 34.708412], [134.863864, 34.708444], [134.862801, 34.709477], [134.862781, 34.709495], [134.861912, 34.710039], [134.85986, 34.710821], [134.859813, 34.710725], [134.859282, 34.71092], [134.859155, 34.711035], [134.860694, 34.713281], [134.860493, 34.713365], [134.859679, 34.712498], [134.859306, 34.712889], [134.858412, 34.713668], [134.858005, 34.713291], [134.857801, 34.713279], [134.857094, 34.712301], [134.854553, 34.713122], [134.853036, 34.713613], [134.853054, 34.713637], [134.85376, 34.714618], [134.850177, 34.715985], [134.849533, 34.714748], [134.84952, 34.714724], [134.848219, 34.715146], [134.847779, 34.715271], [134.847281, 34.715369]]]}}, {"type": "Feature", "id": "did-1990-79", "properties": {"A16_001": "283821", "A16_002": "28382", "A16_003": "播磨町", "A16_004": "1", "A16_005": "27394", "A16_006": "6.80", "A16_007": "25415", "A16_008": "6.40", "A16_009": "88.90", "A16_010": "75.00", "A16_011": "1990", "year": 1990, "population": 27394.0, "areaKm2": 6.8, "density": 4028.529411764706}, "geometry": {"type": "Polygon", "coordinates": [[[134.861543, 34.707825], [134.861946, 34.707681], [134.862143, 34.707393], [134.858491, 34.699834], [134.858347, 34.699664], [134.85352, 34.69399], [134.850979, 34.694441], [134.84015, 34.696362], [134.841187, 34.698426], [134.84099, 34.698499], [134.841579, 34.699687], [134.841801, 34.69962], [134.843575, 34.703161], [134.84605, 34.708104], [134.850195, 34.70663], [134.85265, 34.705757], [134.853158, 34.705618], [134.853943, 34.707139], [134.853844, 34.707178], [134.854026, 34.707534], [134.854135, 34.707499], [134.854423, 34.708067], [134.85042, 34.709525], [134.847448, 34.710608], [134.847374, 34.710709], [134.848106, 34.712162], [134.852063, 34.711434], [134.853624, 34.710897], [134.856846, 34.709788], [134.858221, 34.710496], [134.859591, 34.710017], [134.859249, 34.709284], [134.86024, 34.708939], [134.859994, 34.708379], [134.861543, 34.707825]]]}}, {"type": "Feature", "id": "did-1990-89", "properties": {"A16_001": "286821", "A16_002": "28682", "A16_003": "淡路町", "A16_004": "1", "A16_005": "5494", "A16_006": "0.70", "A16_007": "6166", "A16_008": "0.80", "A16_009": "69.20", "A16_010": "5.30", "A16_011": "1990", "year": 1990, "population": 5494.0, "areaKm2": 0.7, "density": 7848.571428571429}, "geometry": {"type": "Polygon", "coordinates": [[[135.009836, 34.600557], [135.009967, 34.600433], [135.010039, 34.600469], [135.010076, 34.600501], [135.010125, 34.600526], [135.010193, 34.600519], [135.010271, 34.600515], [135.010329, 34.600501], [135.010366, 34.600472], [135.010376, 34.600442], [135.010381, 34.600397], [135.010417, 34.600369], [135.010431, 34.600358], [135.010441, 34.600327], [135.010429, 34.600297], [135.010394, 34.600259], [135.010435, 34.600211], [135.010446, 34.600184], [135.010416, 34.600118], [135.010474, 34.600089], [135.010552, 34.600052], [135.010563, 34.600016], [135.010537, 34.599977], [135.010476, 34.599953], [135.010389, 34.599936], [135.010659, 34.599543], [135.010708, 34.599464], [135.011592, 34.597359], [135.011858, 34.597482], [135.01259, 34.596451], [135.012274, 34.596298], [135.012706, 34.595351], [135.012791, 34.595393], [135.014218, 34.593746], [135.014529, 34.593914], [135.014784, 34.593478], [135.014828, 34.593482], [135.014898, 34.59347], [135.014949, 34.59344], [135.014978, 34.593404], [135.014998, 34.593358], [135.014999, 34.593323], [135.014983, 34.593284], [135.014945, 34.593239], [135.015245, 34.592848], [135.015444, 34.592867], [135.015499, 34.592686], [135.015677, 34.592697], [135.015654, 34.592806], [135.015767, 34.592822], [135.015942, 34.592423], [135.016289, 34.592008], [135.016188, 34.591954], [135.016567, 34.591371], [135.016525, 34.591351], [135.016614, 34.591227], [135.016663, 34.591252], [135.017019, 34.590725], [135.017409, 34.590364], [135.017511, 34.590451], [135.017801, 34.590255], [135.017897, 34.590205], [135.017998, 34.590152], [135.018312, 34.589861], [135.018418, 34.58981], [135.018508, 34.589782], [135.018633, 34.589753], [135.018811, 34.589739], [135.019006, 34.589718], [135.019157, 34.589703], [135.019253, 34.589689], [135.019335, 34.589696], [135.019413, 34.589728], [135.019513, 34.589796], [135.019608, 34.589879], [135.019668, 34.589972], [135.019723, 34.590096], [135.019694, 34.590147], [135.021266, 34.59093], [135.021574, 34.590488], [135.021622, 34.590509], [135.021752, 34.590325], [135.021444, 34.590131], [135.021398, 34.590183], [135.021081, 34.590034], [135.02106, 34.589762], [135.0211, 34.589744], [135.021229, 34.589675], [135.021329, 34.58959], [135.0214, 34.589505], [135.021582, 34.589636], [135.021587, 34.589679], [135.021535, 34.589707], [135.021481, 34.589732], [135.021459, 34.589769], [135.021472, 34.589811], [135.021461, 34.58985], [135.021481, 34.589895], [135.02153, 34.589909], [135.021576, 34.589925], [135.021589, 34.58997], [135.021626, 34.589988], [135.021684, 34.590001], [135.021756, 34.589999], [135.021805, 34.590038], [135.021855, 34.590027], [135.021894, 34.58999], [135.021903, 34.589954], [135.02189, 34.589913], [135.021931, 34.589889], [135.02195, 34.58985], [135.021929, 34.589809], [135.02189, 34.589784], [135.021855, 34.589766], [135.021846, 34.589732], [135.021857, 34.589707], [135.021894, 34.589682], [135.021898, 34.589643], [135.02184, 34.589568], [135.021797, 34.589539], [135.021728, 34.589532], [135.021652, 34.589566], [135.021526, 34.589473], [135.021609, 34.589398], [135.021695, 34.589312], [135.021851, 34.589095], [135.021864, 34.589101], [135.022151, 34.588722], [135.021997, 34.588651], [135.022159, 34.588372], [135.022328, 34.588156], [135.022458, 34.588011], [135.022579, 34.587911], [135.022811, 34.587827], [135.023015, 34.587804], [135.023521, 34.588158], [135.023737, 34.588043], [135.023708, 34.587983], [135.023749, 34.58796], [135.023766, 34.587913], [135.023753, 34.587872], [135.023719, 34.58784], [135.023652, 34.587838], [135.023606, 34.587828], [135.023576, 34.587804], [135.023546, 34.587754], [135.023522, 34.587729], [135.023483, 34.587724], [135.02345, 34.587709], [135.02345, 34.58767], [135.023422, 34.587634], [135.023388, 34.587614], [135.023314, 34.587614], [135.023308, 34.587566], [135.023286, 34.587527], [135.023262, 34.587509], [135.022774, 34.587135], [135.022719, 34.586619], [135.02272, 34.586592], [135.022718, 34.586344], [135.022721, 34.586227], [135.022726, 34.586202], [135.02222, 34.586203], [135.021554, 34.585791], [135.020365, 34.585839], [135.019508, 34.585732], [135.018965, 34.585521], [135.018423, 34.585353], [135.017986, 34.585314], [135.017389, 34.584858], [135.016531, 34.584534], [135.016092, 34.584178], [135.015811, 34.583964], [135.015317, 34.583003], [135.015244, 34.582326], [135.015103, 34.582111], [135.014787, 34.581897], [135.014347, 34.581195], [135.013965, 34.581718], [135.014437, 34.5818], [135.014316, 34.582017], [135.014544, 34.582102], [135.014476, 34.582578], [135.013952, 34.582598], [135.013688, 34.582297], [135.013321, 34.582272], [135.012765, 34.582898], [135.013203, 34.583153], [135.0135, 34.583179], [135.01352, 34.58364], [135.014254, 34.583662], [135.014552, 34.583832], [135.015129, 34.583885], [135.015115, 34.58449], [135.015694, 34.584874], [135.016025, 34.58477], [135.016306, 34.584926], [135.016272, 34.585287], [135.016834, 34.585815], [135.016871, 34.586161], [135.016419, 34.586699], [135.016139, 34.586644], [135.015841, 34.586344], [135.015684, 34.586374], [135.015163, 34.58723], [135.014587, 34.587294], [135.014099, 34.587601], [135.013557, 34.587635], [135.012861, 34.588176], [135.012425, 34.588353], [135.012232, 34.58834], [135.012126, 34.587995], [135.012036, 34.58752], [135.011442, 34.58754], [135.011585, 34.588318], [135.011902, 34.588675], [135.012322, 34.588758], [135.012464, 34.589203], [135.01311, 34.589082], [135.013147, 34.589557], [135.013553, 34.590275], [135.013694, 34.59049], [135.013572, 34.590707], [135.013292, 34.590537], [135.013258, 34.590667], [135.011772, 34.590811], [135.0113, 34.590628], [135.011298, 34.59034], [135.011001, 34.590342], [135.010619, 34.590966], [135.01111, 34.591164], [135.011321, 34.591421], [135.012406, 34.591728], [135.012756, 34.591725], [135.012951, 34.592285], [135.012742, 34.592403], [135.012357, 34.592363], [135.012377, 34.592954], [135.012098, 34.592986], [135.011905, 34.592829], [135.011573, 34.592948], [135.011506, 34.593496], [135.011174, 34.593557], [135.011141, 34.59399], [135.011457, 34.594175], [135.011213, 34.594451], [135.010988, 34.594742], [135.010636, 34.594341], [135.010163, 34.594245], [135.010043, 34.594606], [135.009729, 34.594725], [135.009748, 34.595042], [135.008806, 34.595397], [135.008702, 34.595586], [135.008599, 34.596106], [135.009159, 34.596259], [135.009214, 34.596749], [135.00986, 34.59644], [135.010175, 34.596552], [135.01002, 34.597001], [135.010248, 34.597244], [135.010196, 34.597432], [135.009952, 34.597434], [135.009798, 34.598099], [135.010026, 34.598313], [135.009715, 34.598994], [135.0094, 34.598968], [135.009331, 34.5992], [135.009595, 34.599558], [135.009562, 34.599976], [135.009283, 34.600123], [135.009836, 34.600557]]]}}]}