{"type": "FeatureCollection", "features": [{"type": "Feature", "id": "did-1970-6", "properties": {"A16_001": "282131", "A16_002": "28213", "A16_003": "西脇市", "A16_004": "1", "A16_005": "13635", "A16_006": "2.4", "A16_007": "9495", "A16_008": "1.1", "A16_009": "35.9", "A16_010": "2.5", "A16_011": "1970", "year": 1970, "population": 13635.0, "areaKm2": 2.4, "density": 5681.25}, "geometry": {"type": "Polygon", "coordinates": [[[134.97095582, 34.97101315], [134.9705943, 34.97145464], [134.96930809, 34.97160231], [134.96877876, 34.97252622], [134.96925424, 34.97363296], [134.96945552, 34.97574326], [134.96938391, 34.97881358], [134.97039302, 34.97906273], [134.97038031, 34.97990735], [134.96990707, 34.98019908], [134.96969784, 34.98091346], [134.96925143, 34.9815172], [134.96871761, 34.98179535], [134.96757098, 34.98177191], [134.96607815, 34.9819362], [134.96603954, 34.9815446], [134.96619707, 34.9814042], [134.96601393, 34.98110631], [134.96452634, 34.98099326], [134.96327565, 34.981182], [134.96278951, 34.98148579], [134.96260739, 34.98226414], [134.96264675, 34.98400443], [134.96275725, 34.98507661], [134.96120937, 34.98467834], [134.96100986, 34.98530537], [134.96071276, 34.98651314], [134.95998841, 34.98785706], [134.9586303, 34.98897833], [134.96132669, 34.9890716], [134.96177824, 34.98861062], [134.96255382, 34.98853218], [134.96270107, 34.98894412], [134.96218576, 34.99152772], [134.96171944, 34.99255907], [134.96769111, 34.99261207], [134.96766447, 34.99452306], [134.9696381, 34.99439723], [134.96919814, 34.99362795], [134.96937334, 34.99328678], [134.97031346, 34.99277371], [134.97234085, 34.99217458], [134.97419052, 34.99199942], [134.97441574, 34.99301079], [134.97526788, 34.99305156], [134.97535053, 34.99220433], [134.97571766, 34.9921862], [134.97618454, 34.99233111], [134.9775993, 34.99400172], [134.97788154, 34.99386327], [134.97825615, 34.99383762], [134.97849221, 34.99400683], [134.97885766, 34.99476559], [134.97985836, 34.99470408], [134.97985836, 34.99403247], [134.98018173, 34.99386127], [134.97999709, 34.99291597], [134.98046407, 34.99262885], [134.98045893, 34.99215204], [134.98074631, 34.99190595], [134.98071032, 34.99161367], [134.98051025, 34.99155216], [134.98006889, 34.99201359], [134.97925788, 34.99217769], [134.97918057, 34.99096055], [134.97865254, 34.98973168], [134.97856522, 34.98630897], [134.97833693, 34.98459699], [134.97800476, 34.98475833], [134.97792632, 34.98444026], [134.97826316, 34.9843527], [134.97775907, 34.98252366], [134.97683064, 34.98257991], [134.97392044, 34.98351655], [134.97342336, 34.9829637], [134.97417407, 34.98156444], [134.974099, 34.98118961], [134.97421156, 34.98104906], [134.97560977, 34.98056934], [134.97585359, 34.98035386], [134.97575982, 34.98012895], [134.97429635, 34.97977952], [134.97428691, 34.97947032], [134.9747465, 34.97894562], [134.97706361, 34.97703083], [134.97582498, 34.9759878], [134.97559051, 34.97542559], [134.97525209, 34.97343586], [134.97458617, 34.97338902], [134.97415088, 34.97670504], [134.97026401, 34.97500328], [134.97069088, 34.97395028], [134.97233749, 34.97390725], [134.97253157, 34.97374], [134.97235076, 34.97322948], [134.97274575, 34.97312915], [134.97243088, 34.97158853], [134.97108306, 34.97172222], [134.97095582, 34.97101315]]]}}, {"type": "Feature", "id": "did-1970-7", "properties": {"A16_001": "282201", "A16_002": "28220", "A16_003": "加西市", "A16_004": "1", "A16_005": "7000", "A16_006": "1.4", "A16_007": "0", "A16_008": "0.0", "A16_009": "14.5", "A16_010": "0.9", "A16_011": "1970", "year": 1970, "population": 7000.0, "areaKm2": 1.4, "density": 5000.0}, "geometry": {"type": "Polygon", "coordinates": [[[134.82945874, 34.92344722], [134.82905067, 34.92399724], [134.8286118, 34.92438571], [134.82837977, 34.92415557], [134.8280025, 34.92420172], [134.82761752, 34.92445942], [134.82691941, 34.92423628], [134.82594424, 34.92438243], [134.82515889, 34.92409396], [134.82424163, 34.92402856], [134.82391777, 34.92431734], [134.82427646, 34.92466138], [134.82464988, 34.925046], [134.82490634, 34.92578139], [134.8251329, 34.92609675], [134.82544636, 34.92614446], [134.82574472, 34.92576945], [134.82616097, 34.92554829], [134.82657303, 34.92558933], [134.82667889, 34.92582011], [134.82665911, 34.92616982], [134.82775397, 34.92621163], [134.82769775, 34.92885141], [134.82618416, 34.9299541], [134.82633758, 34.93030247], [134.82674903, 34.93019099], [134.82707679, 34.9305951], [134.82602779, 34.93123059], [134.8270576, 34.93233364], [134.82775497, 34.93222913], [134.82872257, 34.93243815], [134.82745783, 34.93308422], [134.82638927, 34.93540302], [134.82475524, 34.93377852], [134.82413544, 34.93397605], [134.82306808, 34.93314044], [134.82281318, 34.93334735], [134.82289284, 34.93409542], [134.82583059, 34.93677458], [134.8286818, 34.93647235], [134.8304721, 34.93649499], [134.83256926, 34.9370137], [134.83357247, 34.93667771], [134.83680857, 34.93496432], [134.8402208, 34.93403282], [134.84345579, 34.93357054], [134.84552862, 34.93367818], [134.84619415, 34.93390887], [134.8461602, 34.93346106], [134.84579993, 34.93292394], [134.8450529, 34.9325779], [134.84298611, 34.93182979], [134.84202676, 34.9312909], [134.84151742, 34.93066668], [134.84107491, 34.92941688], [134.83943143, 34.93018989], [134.83170655, 34.92700494], [134.83270028, 34.92394943], [134.82945874, 34.92344722]]]}}, {"type": "Feature", "id": "did-1970-8", "properties": {"A16_001": "282191", "A16_002": "28219", "A16_003": "三田市", "A16_004": "1", "A16_005": "8555", "A16_006": "1.1", "A16_007": "8341", "A16_008": "0.9", "A16_009": "25.9", "A16_010": "0.5", "A16_011": "1970", "year": 1970, "population": 8555.0, "areaKm2": 1.1, "density": 7777.272727272727}, "geometry": {"type": "Polygon", "coordinates": [[[135.22392763, 34.88025571], [135.22358995, 34.88128048], [135.22360068, 34.88262637], [135.22268057, 34.88288377], [135.22193083, 34.88263881], [135.22119474, 34.88309845], [135.21954919, 34.88314876], [135.21959213, 34.88364517], [135.21869656, 34.8834368], [135.21865362, 34.8841048], [135.21971571, 34.88436319], [135.21969145, 34.88494664], [135.21989388, 34.88516114], [135.22064862, 34.88527291], [135.22071609, 34.88564674], [135.21936585, 34.88600931], [135.21941492, 34.88638928], [135.21931653, 34.88672679], [135.21875833, 34.88680646], [135.21870182, 34.8878308], [135.22006398, 34.88762807], [135.22295994, 34.89081204], [135.22373212, 34.88890198], [135.2247026, 34.88725374], [135.22510188, 34.88754162], [135.22548903, 34.88802802], [135.2251803, 34.8882501], [135.22522999, 34.88890956], [135.22584104, 34.88916116], [135.22694778, 34.89205333], [135.22623715, 34.89239886], [135.22656522, 34.89295898], [135.22696424, 34.8932837], [135.22662193, 34.89434515], [135.22714955, 34.8940091], [135.22827505, 34.89389665], [135.22841025, 34.89381099], [135.22825948, 34.89335883], [135.22839798, 34.89315786], [135.22941695, 34.8933193], [135.23003635, 34.8933828], [135.23074447, 34.89245684], [135.22951535, 34.88892989], [135.23375303, 34.88762296], [135.2328341, 34.8856082], [135.23069266, 34.88233223], [135.22955618, 34.88164997], [135.22392763, 34.88025571]]]}}, {"type": "Feature", "id": "did-1970-11", "properties": {"A16_001": "282181", "A16_002": "28218", "A16_003": "小野市", "A16_004": "1", "A16_005": "6007", "A16_006": "1.1", "A16_007": "6441", "A16_008": "0.8", "A16_009": "15.8", "A16_010": "1.2", "A16_011": "1970", "year": 1970, "population": 6007.0, "areaKm2": 1.1, "density": 5460.90909090909}, "geometry": {"type": "Polygon", "coordinates": [[[134.93659757, 34.83852675], [134.93509696, 34.84076164], [134.93457675, 34.84276166], [134.93387251, 34.84338634], [134.93277705, 34.84382045], [134.93333019, 34.84531208], [134.9334778, 34.84627065], [134.93315062, 34.84749018], [134.93275214, 34.84718916], [134.93202319, 34.84688814], [134.93036265, 34.84670541], [134.9297302, 34.84652616], [134.92962154, 34.84607216], [134.93001668, 34.84476935], [134.92833043, 34.84621237], [134.92814336, 34.84793859], [134.92818838, 34.85005923], [134.92828589, 34.8508265], [134.92843076, 34.85121623], [134.9300366, 34.85104906], [134.93060344, 34.85291125], [134.93080631, 34.85294091], [134.93134567, 34.85285192], [134.93159369, 34.85273406], [134.93183243, 34.85299605], [134.93304089, 34.85263519], [134.93327346, 34.85300597], [134.93371473, 34.8531746], [134.93472051, 34.85318425], [134.93685804, 34.85334607], [134.93763475, 34.85520784], [134.93794042, 34.85532484], [134.9384163, 34.8557363], [134.93851718, 34.85565568], [134.93852842, 34.85497862], [134.93858332, 34.85335679], [134.93837346, 34.85261605], [134.93797525, 34.85205483], [134.9385564, 34.85126743], [134.93893002, 34.8512167], [134.93907874, 34.85135803], [134.93935805, 34.85136166], [134.94106369, 34.8517922], [134.9406963, 34.84979014], [134.94052912, 34.84842678], [134.94121968, 34.84841009], [134.94199495, 34.84900599], [134.94250871, 34.84864999], [134.94048131, 34.84735694], [134.94037773, 34.84629392], [134.93792124, 34.84533228], [134.93805519, 34.84471333], [134.93637671, 34.84355792], [134.93695298, 34.84324732], [134.93706312, 34.84292427], [134.93693801, 34.842572], [134.93705933, 34.84268942], [134.93732092, 34.842697], [134.93748016, 34.84252276], [134.93740124, 34.842128], [134.9375785, 34.8420279], [134.9385727, 34.8418046], [134.93870372, 34.8416275], [134.93850334, 34.8414119], [134.93760026, 34.84117782], [134.93746153, 34.84022303], [134.93659757, 34.83852675]]]}}, {"type": "Feature", "id": "did-1970-12", "properties": {"A16_001": "282171", "A16_002": "28217", "A16_003": "川西市", "A16_004": "1", "A16_005": "64304", "A16_006": "6.7", "A16_007": "40342", "A16_008": "3.6", "A16_009": "73.8", "A16_010": "12.5", "A16_011": "1970", "year": 1970, "population": 64304.0, "areaKm2": 6.7, "density": 9597.611940298508}, "geometry": {"type": "Polygon", "coordinates": [[[135.41907412, 34.80180834], [135.41903135, 34.80180914], [135.41895555, 34.80181056], [135.41882611, 34.80181306], [135.41855861, 34.80181889], [135.41831528, 34.80180639], [135.41821166, 34.80180111], [135.41773445, 34.80178028], [135.41758584, 34.80175861], [135.41716305, 34.80169667], [135.41701916, 34.80167667], [135.41678, 34.80164306], [135.41651945, 34.80164889], [135.41595695, 34.80164444], [135.41580361, 34.80164306], [135.41578527, 34.80164194], [135.41501584, 34.80159527], [135.41486778, 34.80159306], [135.41461084, 34.80158917], [135.41439222, 34.80157694], [135.41423528, 34.80156806], [135.41415834, 34.80156361], [135.41399528, 34.80155444], [135.4138263, 34.80154495], [135.41341166, 34.80152167], [135.4133575, 34.80151861], [135.41317916, 34.80150861], [135.41302539, 34.80149086], [135.41301555, 34.80148973], [135.41288845, 34.80147497], [135.41287916, 34.80147389], [135.41266555, 34.80144917], [135.41231041, 34.80146751], [135.41220305, 34.80147306], [135.41178361, 34.80152056], [135.4116425, 34.80153361], [135.41153139, 34.80154389], [135.41148611, 34.80154806], [135.41143861, 34.80155222], [135.41130611, 34.80156444], [135.41118139, 34.80157611], [135.41108361, 34.801585], [135.41106347, 34.80158689], [135.41102139, 34.80159083], [135.41087805, 34.80160389], [135.41074398, 34.80161619], [135.41069945, 34.80162028], [135.41058361, 34.80163111], [135.4102563, 34.80166122], [135.41017148, 34.80166903], [135.41006722, 34.80167861], [135.40990361, 34.80169361], [135.40944111, 34.80159833], [135.40933195, 34.80158333], [135.40900723, 34.80153861], [135.40869916, 34.80145528], [135.40860945, 34.80143111], [135.40843778, 34.801395], [135.408315, 34.80136944], [135.40777611, 34.80125639], [135.40768389, 34.80123722], [135.40756834, 34.8012075], [135.40727889, 34.80117778], [135.40712, 34.80115972], [135.40680584, 34.80114278], [135.40667916, 34.80113583], [135.40630305, 34.80111194], [135.40615834, 34.80105833], [135.4059775, 34.80104056], [135.405645, 34.80097473], [135.40542805, 34.80087333], [135.405305, 34.80074222], [135.40509611, 34.80063222], [135.40503429, 34.80059969], [135.40503384, 34.80059945], [135.40503342, 34.80059923], [135.40496945, 34.80056556], [135.40480611, 34.80047973], [135.40447361, 34.80043194], [135.40421334, 34.80044389], [135.404105, 34.80048556], [135.40402555, 34.80061083], [135.40390972, 34.80078389], [135.40389017, 34.80085174], [135.40387361, 34.80090917], [135.40381305, 34.80101333], [135.40378916, 34.80105417], [135.40370722, 34.80119528], [135.40350639, 34.80157723], [135.40346861, 34.80164861], [135.40339639, 34.80179194], [135.40332945, 34.80190667], [135.40328611, 34.80198083], [135.40325139, 34.80204056], [135.40320805, 34.80211473], [135.40318428, 34.80215553], [135.40317084, 34.80217861], [135.40311639, 34.80227194], [135.403085, 34.80232556], [135.4030275, 34.80242417], [135.40278889, 34.80291917], [135.4026625, 34.80318], [135.4026275, 34.80325194], [135.40258166, 34.80334611], [135.4025675, 34.80337556], [135.40241305, 34.80369417], [135.40239666, 34.80372778], [135.40231889, 34.80388833], [135.40225431, 34.80401304], [135.40199166, 34.80452028], [135.40195139, 34.80459806], [135.40177945, 34.80492972], [135.40173528, 34.80501528], [135.4016825, 34.80511722], [135.40145111, 34.80555556], [135.40138139, 34.80569306], [135.40132111, 34.80581194], [135.40123639, 34.80613194], [135.40118445, 34.80632806], [135.40116334, 34.80640861], [135.4011475, 34.80646806], [135.40106805, 34.80682], [135.40091775, 34.80738033], [135.40088722, 34.80749417], [135.40078584, 34.80781333], [135.40065475, 34.80832015], [135.40064861, 34.80834389], [135.40064861, 34.80834389], [135.40068644, 34.80835817], [135.40095773, 34.8086837], [135.40128362, 34.80895446], [135.40299779, 34.81009335], [135.4030315, 34.81035152], [135.40296207, 34.81068141], [135.40289648, 34.81099301], [135.40259689, 34.81164933], [135.40199744, 34.81298508], [135.40219584, 34.81303222], [135.40205, 34.81316806], [135.40197166, 34.81324083], [135.40195703, 34.81327146], [135.40363309, 34.81369001], [135.40354388, 34.81439712], [135.40356368, 34.81514872], [135.40350273, 34.8180148], [135.40304821, 34.8175237], [135.4026846, 34.81729497], [135.40206422, 34.81715361], [135.4011091, 34.81716814], [135.40099758, 34.81710296], [135.40072671, 34.81720041], [135.40070166, 34.81731807], [135.40070112, 34.81732057], [135.40066278, 34.8175], [135.40063389, 34.81767278], [135.40063723, 34.81775472], [135.40064445, 34.81792667], [135.40064834, 34.81802472], [135.40064195, 34.81820777], [135.40063861, 34.8183], [135.40063584, 34.81838444], [135.40063278, 34.81846972], [135.40063112, 34.81851694], [135.40062806, 34.81860319], [135.4006275, 34.81861889], [135.40061945, 34.81884777], [135.40056695, 34.81909861], [135.40053499, 34.81925111], [135.40050777, 34.81938], [135.40049666, 34.81943306], [135.40046749, 34.81957277], [135.40046712, 34.81957394], [135.40038477, 34.81982894], [135.40038084, 34.81984111], [135.40035834, 34.81993361], [135.40034973, 34.81996833], [135.40034462, 34.81998914], [135.40032666, 34.82006222], [135.40031805, 34.82009722], [135.40030777, 34.82013944], [135.40027862, 34.82025777], [135.40026834, 34.8203], [135.40026027, 34.8203325], [135.40025359, 34.82035986], [135.40025359, 34.82035986], [135.40023612, 34.82043139], [135.40021945, 34.82051917], [135.40021223, 34.8205575], [135.40020723, 34.82058361], [135.40016389, 34.82081306], [135.40017806, 34.82096472], [135.40018223, 34.82101111], [135.40018741, 34.8210663], [135.40019, 34.82109389], [135.40019834, 34.82118583], [135.40020223, 34.82122722], [135.40020723, 34.82128139], [135.40023195, 34.82134389], [135.40027499, 34.82145307], [135.40028133, 34.8214691], [135.40028728, 34.82148414], [135.4003075, 34.82153528], [135.40032556, 34.82158111], [135.40033555, 34.82160639], [135.40040972, 34.82179444], [135.40041723, 34.82180694], [135.40042798, 34.82182528], [135.40046999, 34.82189694], [135.40049473, 34.82193889], [135.40054889, 34.82203111], [135.40059749, 34.82211333], [135.40064834, 34.8222], [135.40080916, 34.82227139], [135.40085084, 34.82228972], [135.40125528, 34.82240889], [135.40128723, 34.82245194], [135.40135666, 34.82254611], [135.40136389, 34.82273667], [135.40133499, 34.82286194], [135.401295, 34.8229425], [135.40126499, 34.82300277], [135.40121135, 34.8231108], [135.40120416, 34.82312528], [135.40115416, 34.82322583], [135.40110362, 34.82324389], [135.40102375, 34.82322917], [135.40075805, 34.82337506], [135.40038347, 34.82335933], [135.40024675, 34.82356348], [135.40039932, 34.82390024], [135.40034797, 34.82403218], [135.40036779, 34.82412438], [135.40045654, 34.82415675], [135.40055312, 34.82428015], [135.40054436, 34.82462242], [135.40089806, 34.82515589], [135.40137133, 34.82560621], [135.40149416, 34.82546556], [135.40155612, 34.82534694], [135.40159178, 34.82527867], [135.40165306, 34.82516139], [135.40168862, 34.82511], [135.40173999, 34.82503611], [135.40182666, 34.8250125], [135.40193499, 34.82504222], [135.40201306, 34.82507417], [135.40206445, 34.82509556], [135.40209416, 34.82510777], [135.40211584, 34.82526889], [135.40205084, 34.82549557], [135.4020075, 34.82570417], [135.40215195, 34.82585333], [135.40216972, 34.82589], [135.40223195, 34.82601972], [135.40230389, 34.82616944], [135.40231112, 34.82635444], [135.40233278, 34.826435], [135.40253527, 34.82663194], [135.40262945, 34.82681667], [135.40265812, 34.82690467], [135.40270138, 34.8270375], [135.40269806, 34.82706611], [135.40269588, 34.82708474], [135.40268195, 34.82720389], [135.40266889, 34.82731444], [135.40266389, 34.82735778], [135.40265556, 34.82742972], [135.40265278, 34.8274525], [135.40264861, 34.82748944], [135.40264195, 34.82754694], [135.40262862, 34.82766057], [135.40261834, 34.8277475], [135.40260744, 34.8278407], [135.40260723, 34.8278425], [135.40260005, 34.82787806], [135.40257834, 34.82798583], [135.40254666, 34.82805527], [135.40252888, 34.82809444], [135.40250723, 34.8281425], [135.40241806, 34.82833917], [135.402405, 34.8283675], [135.40244084, 34.82839694], [135.40247138, 34.82842222], [135.40248195, 34.82843111], [135.40254416, 34.8284825], [135.40260112, 34.82852917], [135.40266777, 34.82858417], [135.40274181, 34.82864539], [135.40278806, 34.82868361], [135.40313528, 34.8288775], [135.40321084, 34.82894222], [135.40333139, 34.82904539], [135.40333416, 34.82904777], [135.4033451, 34.82905709], [135.40335862, 34.82906861], [135.40343222, 34.82913167], [135.40345473, 34.82915083], [135.40348207, 34.82917426], [135.40351861, 34.82920556], [135.40356195, 34.82945027], [135.40357389, 34.82948611], [135.40357641, 34.82949384], [135.40359666, 34.82955583], [135.40360527, 34.82958139], [135.40363139, 34.82958611], [135.40373555, 34.82960528], [135.40390889, 34.82953972], [135.40419786, 34.82938098], [135.40421278, 34.82937278], [135.40440055, 34.82923556], [135.40444661, 34.82919119], [135.40457416, 34.82906833], [135.40470374, 34.82918109], [135.40484166, 34.82930111], [135.40492052, 34.82938872], [135.40502972, 34.82951], [135.40518139, 34.82963528], [135.40523889, 34.82959444], [135.40529472, 34.829555], [135.40535638, 34.82951139], [135.40545437, 34.82944197], [135.405485, 34.82942028], [135.4055575, 34.82934278], [135.40581056, 34.82934889], [135.4058165, 34.82934918], [135.40596695, 34.82935639], [135.40602305, 34.82935889], [135.40606361, 34.82936083], [135.40606695, 34.82936333], [135.40612195, 34.829405], [135.40614305, 34.82942083], [135.40614805, 34.82942473], [135.40618916, 34.82945583], [135.40619362, 34.82945917], [135.40625889, 34.8295725], [135.40627195, 34.82965277], [135.40629777, 34.82981167], [135.4063043, 34.82985139], [135.40630945, 34.82988277], [135.40631138, 34.829945], [135.40631416, 34.83003807], [135.40632388, 34.83034807], [135.40632172, 34.83038117], [135.40629727, 34.83075677], [135.40628777, 34.8309025], [135.40625602, 34.83107617], [135.40623, 34.83121861], [135.40619723, 34.83129944], [135.40613584, 34.83145139], [135.40608528, 34.83162444], [135.40601305, 34.83176444], [135.4059153, 34.83185079], [135.4059153, 34.83185079], [135.40581055, 34.83194333], [135.40575662, 34.83201197], [135.40563695, 34.83216417], [135.40552834, 34.83227167], [135.40544695, 34.83236688], [135.40544166, 34.83237307], [135.4054302, 34.832392], [135.4053733, 34.8324859], [135.405355, 34.83251611], [135.40544166, 34.83255194], [135.40544259, 34.83255211], [135.40548334, 34.83256], [135.40561556, 34.83258557], [135.40563334, 34.83258889], [135.40572525, 34.83260652], [135.40575499, 34.83261222], [135.40587528, 34.83263556], [135.40593527, 34.83264722], [135.40604749, 34.83266861], [135.40621556, 34.83270111], [135.40640334, 34.83271889], [135.40643203, 34.83271936], [135.40677945, 34.832725], [135.40699638, 34.832725], [135.40707499, 34.83270333], [135.40712834, 34.83268861], [135.40717195, 34.83267667], [135.40729999, 34.83264139], [135.40735937, 34.83260697], [135.40752071, 34.83251344], [135.40781744, 34.83279979], [135.40724261, 34.83347236], [135.4073087, 34.8336584], [135.40741593, 34.83370857], [135.40741556, 34.83372389], [135.40742861, 34.83374975], [135.40756027, 34.83401027], [135.40759862, 34.83405417], [135.40763416, 34.834095], [135.40765862, 34.83412307], [135.40779166, 34.83427556], [135.40793611, 34.83440083], [135.4080375, 34.83440694], [135.4081675, 34.83434722], [135.40822895, 34.83429822], [135.40823472, 34.83429361], [135.40834527, 34.834205], [135.40843777, 34.83413083], [135.40853361, 34.83405417], [135.40865195, 34.83395944], [135.40871501, 34.83387638], [135.40876055, 34.83381639], [135.40884166, 34.83377861], [135.40889138, 34.83375527], [135.40892334, 34.83374027], [135.40909305, 34.83366111], [135.40925945, 34.83361361], [135.40927581, 34.83360625], [135.40949806, 34.83350611], [135.40965723, 34.83343444], [135.40979445, 34.83338083], [135.40985, 34.83337639], [135.40985034, 34.83337636], [135.40992056, 34.83337057], [135.41009112, 34.83335694], [135.41034416, 34.83333917], [135.41036691, 34.83334452], [135.41054638, 34.83338694], [135.41066195, 34.8334525], [135.41077584, 34.83357861], [135.41082999, 34.83363861], [135.41087166, 34.833685], [135.41087827, 34.83376433], [135.41087888, 34.83377167], [135.41087889, 34.83383456], [135.41087889, 34.83387889], [135.41095138, 34.83405777], [135.41110305, 34.83418306], [135.41114834, 34.83421277], [135.41121166, 34.83425472], [135.41123054, 34.83430143], [135.41123334, 34.83430833], [135.41105249, 34.83443972], [135.41104516, 34.83445386], [135.4109875, 34.834565], [135.41097539, 34.83460994], [135.41095861, 34.83467222], [135.41087888, 34.83487527], [135.41079945, 34.83502417], [135.41071999, 34.83511389], [135.41058891, 34.83521231], [135.41039445, 34.83535833], [135.4103372, 34.83544348], [135.41028612, 34.83551944], [135.41019102, 34.83562989], [135.41011416, 34.83571917], [135.41000389, 34.83584722], [135.40987389, 34.83600222], [135.40996777, 34.83607083], [135.41004473, 34.83613167], [135.41010416, 34.83617889], [135.41014195, 34.83620861], [135.41022666, 34.83627583], [135.41032223, 34.83635139], [135.41039584, 34.83639361], [135.41070334, 34.83656917], [135.41070334, 34.83658222], [135.41070334, 34.83665277], [135.41068888, 34.83683194], [135.4106148, 34.83686734], [135.41051388, 34.83691557], [135.41046445, 34.83693917], [135.40995056, 34.83723139], [135.40989278, 34.83738056], [135.41007563, 34.83751346], [135.41012226, 34.83754735], [135.41013455, 34.83755629], [135.41013889, 34.83755944], [135.41024139, 34.83758778], [135.41037778, 34.83762528], [135.41057223, 34.83765972], [135.41067416, 34.83767774], [135.41112862, 34.83775807], [135.41124638, 34.83777861], [135.41128972, 34.83778639], [135.41126472, 34.83786333], [135.41124888, 34.83791194], [135.41122056, 34.83799917], [135.411205, 34.83804668], [135.41117778, 34.83813083], [135.41116223, 34.83817777], [135.41113278, 34.83826889], [135.41111806, 34.83831444], [135.41108584, 34.83841307], [135.41103527, 34.83856889], [135.41102361, 34.83860473], [135.41097612, 34.83875027], [135.41096389, 34.83878806], [135.41089138, 34.83900027], [135.41086111, 34.83908917], [135.41077916, 34.83932833], [135.41076861, 34.83935944], [135.41073166, 34.83946777], [135.41052138, 34.8400825], [135.41050862, 34.84012], [135.41047666, 34.84021361], [135.41045527, 34.84027611], [135.41042584, 34.84036167], [135.41040777, 34.840415], [135.41040254, 34.84043021], [135.41037834, 34.84050057], [135.41031749, 34.84067889], [135.41035666, 34.84067544], [135.41049084, 34.84066361], [135.41050695, 34.84066222], [135.41112555, 34.84060722], [135.41133166, 34.84059778], [135.41156555, 34.84058722], [135.41174228, 34.8405792], [135.41177239, 34.84057783], [135.41191416, 34.84057139], [135.41203334, 34.84062333], [135.41213603, 34.84066802], [135.41220889, 34.84069972], [135.41184695, 34.84117694], [135.41185416, 34.8412725], [135.41193553, 34.84141665], [135.41285835, 34.84120957], [135.41358198, 34.84208135], [135.41407395, 34.84141172], [135.41453155, 34.84120479], [135.41509888, 34.84126753], [135.41580158, 34.84180758], [135.41644205, 34.8417362], [135.41671513, 34.84184239], [135.41718561, 34.84313496], [135.41867365, 34.8432035], [135.4188949, 34.84338632], [135.41886805, 34.84369339], [135.41840483, 34.84483304], [135.41872674, 34.8451994], [135.41959513, 34.84557547], [135.41879677, 34.84703851], [135.41825027, 34.84687257], [135.41802885, 34.84729667], [135.41759486, 34.84794438], [135.41799158, 34.84835863], [135.41770762, 34.84911875], [135.4186208, 34.84949474], [135.41863722, 34.84946917], [135.41905219, 34.84888218], [135.41912639, 34.84877722], [135.41960416, 34.848145], [135.41979945, 34.84796028], [135.41996611, 34.84778111], [135.42034972, 34.84727417], [135.42046836, 34.84711594], [135.42059445, 34.84694777], [135.42068972, 34.84682083], [135.4208275, 34.84651667], [135.4208925, 34.84637361], [135.42090916, 34.846325], [135.4209725, 34.84614056], [135.42100111, 34.8460575], [135.42106611, 34.84581889], [135.42111695, 34.84564], [135.42115129, 34.84515767], [135.42116028, 34.84503139], [135.42122555, 34.84479889], [135.42123212, 34.84478014], [135.421305, 34.84457222], [135.42155834, 34.84405944], [135.42169611, 34.84384472], [135.42183361, 34.84361806], [135.42190834, 34.84345777], [135.42208695, 34.84307527], [135.42210782, 34.84303116], [135.42228166, 34.84266361], [135.42249139, 34.84210278], [135.42252778, 34.84186444], [135.42262166, 34.84163778], [135.42283639, 34.84115333], [135.42295473, 34.84088611], [135.4234325, 34.83986028], [135.42353973, 34.83965473], [135.42389084, 34.83898111], [135.4239175, 34.83892972], [135.42422861, 34.83822], [135.42429389, 34.83790389], [135.42431445, 34.83774028], [135.424315, 34.83773667], [135.42433, 34.8376175], [135.42433, 34.83712277], [135.42427945, 34.83656944], [135.42423272, 34.83645552], [135.42419695, 34.83636833], [135.42409555, 34.8361], [135.42408945, 34.8360725], [135.4239755, 34.835555], [135.4239725, 34.83554139], [135.42396222, 34.83549583], [135.42395361, 34.83545611], [135.42392916, 34.83534528], [135.42384972, 34.83508889], [135.42375584, 34.83474917], [135.42359666, 34.83414667], [135.42359528, 34.83401694], [135.42359518, 34.83400142], [135.423595, 34.83397361], [135.42359445, 34.83391722], [135.42359361, 34.83383694], [135.4235925, 34.83372139], [135.42359166, 34.83363361], [135.42359148, 34.8336125], [135.4235907, 34.83353511], [135.42358945, 34.83340694], [135.42363639, 34.83327723], [135.42368334, 34.8331475], [135.42371973, 34.83263444], [135.42374139, 34.83205611], [135.42372695, 34.83173389], [135.42375278, 34.83117917], [135.42376305, 34.83096139], [135.423785, 34.83060944], [135.42378861, 34.83038417], [135.42379222, 34.83017389], [135.42379945, 34.8299475], [135.42376945, 34.82986333], [135.42372722, 34.82974472], [135.42358972, 34.82919], [135.42351204, 34.82905196], [135.42348139, 34.8289975], [135.42340166, 34.82885583], [135.42333666, 34.8285725], [135.42322777, 34.82838833], [135.42319916, 34.82834], [135.42299666, 34.82802361], [135.42295334, 34.82788056], [135.42278695, 34.82758861], [135.42262498, 34.82731648], [135.42242555, 34.82698139], [135.42238222, 34.82690861], [135.4222119, 34.82667066], [135.42215416, 34.82659], [135.42197, 34.82633277], [135.42176055, 34.82617778], [135.42167805, 34.82606944], [135.42160028, 34.82596694], [135.42142055, 34.82573028], [135.42105195, 34.82529472], [135.42082055, 34.82506806], [135.42069166, 34.82498139], [135.42066445, 34.82496306], [135.42046611, 34.82482972], [135.42032028, 34.82466139], [135.42022084, 34.82454639], [135.42014084, 34.82445389], [135.41970695, 34.82404528], [135.41945527, 34.82382973], [135.41933111, 34.82372333], [135.41882, 34.82332], [135.41867305, 34.82320417], [135.41864175, 34.82317525], [135.41843445, 34.82298361], [135.4182825, 34.82281056], [135.41766084, 34.82219], [135.41750889, 34.82202333], [135.41727028, 34.82177583], [135.41693028, 34.82137611], [135.41651834, 34.82085111], [135.41629166, 34.82058278], [135.41618584, 34.8204575], [135.41611361, 34.82020083], [135.41609195, 34.81978944], [135.41609278, 34.819785], [135.41611114, 34.81966773], [135.41612805, 34.81955972], [135.41606111, 34.81865217], [135.41605416, 34.81855806], [135.41605134, 34.81851964], [135.41604147, 34.81838542], [135.41603191, 34.81825525], [135.41602172, 34.81811667], [135.4160117, 34.81798027], [135.41600016, 34.81782361], [135.41599148, 34.81770528], [135.41599055, 34.81769277], [135.41604736, 34.81756444], [135.4160913, 34.81746519], [135.41616305, 34.81730306], [135.41630889, 34.81697417], [135.41631861, 34.8169425], [135.41643528, 34.81655694], [135.416475, 34.81642556], [135.41648532, 34.81632319], [135.41648945, 34.81628222], [135.41657528, 34.8160175], [135.4166625, 34.81574806], [135.41671361, 34.81559028], [135.41695945, 34.81488944], [135.41704111, 34.81478417], [135.41710305, 34.81470472], [135.41719084, 34.81459139], [135.41746584, 34.81398278], [135.41748861, 34.81387028], [135.41751639, 34.81373223], [135.41759, 34.81363111], [135.41769, 34.81349361], [135.41798639, 34.81273667], [135.41802972, 34.81262583], [135.41808389, 34.81250556], [135.41811714, 34.81243198], [135.41839861, 34.81180889], [135.41845028, 34.81168806], [135.41852416, 34.81151472], [135.41866416, 34.8111875], [135.41870945, 34.81108111], [135.41875861, 34.81091111], [135.41881889, 34.81070222], [135.41882805, 34.81067028], [135.41889222, 34.81044833], [135.41894805, 34.81025472], [135.41921555, 34.80978972], [135.41949778, 34.80926472], [135.41973639, 34.80882944], [135.41990609, 34.80860325], [135.4199925, 34.80848806], [135.42020639, 34.80820306], [135.4202593, 34.80813747], [135.41985072, 34.80782143], [135.41906328, 34.8078015], [135.41988484, 34.80660245], [135.42031869, 34.80541666], [135.42021058, 34.80510134], [135.41984276, 34.80508261], [135.41861471, 34.80523438], [135.41907412, 34.80180834]]]}}, {"type": "Feature", "id": "did-1970-14", "properties": {"A16_001": "282141", "A16_002": "28214", "A16_003": "宝塚市", "A16_004": "1", "A16_005": "105749", "A16_006": "15.0", "A16_007": "62545", "A16_008": "8.8", "A16_009": "83.1", "A16_010": "14.7", "A16_011": "1970", "year": 1970, "population": 105749.0, "areaKm2": 15.0, "density": 7049.933333333333}, "geometry": {"type": "Polygon", "coordinates": [[[135.40025359, 34.82035986], [135.40005186, 34.8203885], [135.39995176, 34.82028605], [135.40006352, 34.81976788], [135.40001469, 34.81950688], [135.40006352, 34.81939955], [135.3998217, 34.81921094], [135.39964591, 34.81915972], [135.3995043, 34.81924753], [135.39943817, 34.81899327], [135.3994577, 34.8189079], [135.39931853, 34.81889814], [135.39928924, 34.81884448], [135.399299, 34.81876398], [135.39851468, 34.81865136], [135.3981627, 34.81816539], [135.39792099, 34.81808489], [135.39784193, 34.81965286], [135.39775259, 34.81983317], [135.39764671, 34.8198649], [135.39730337, 34.81986944], [135.39718536, 34.82057444], [135.39731575, 34.82059153], [135.3973756, 34.82067695], [135.39698673, 34.8219322], [135.39677858, 34.82193826], [135.39664454, 34.82202503], [135.39649936, 34.8226593], [135.39558999, 34.8231328], [135.39012912, 34.82166383], [135.38928092, 34.82162074], [135.38891349, 34.8214826], [135.38869671, 34.82153861], [135.38845377, 34.82138551], [135.3882575, 34.82136288], [135.38758664, 34.82171916], [135.38643668, 34.82126987], [135.38615625, 34.82129851], [135.38575704, 34.82115462], [135.38591718, 34.82095931], [135.38598153, 34.82075515], [135.38618157, 34.82066916], [135.38675752, 34.82065248], [135.38712895, 34.82054435], [135.38733286, 34.82025066], [135.38780982, 34.81902233], [135.38780736, 34.81884195], [135.38796488, 34.8183661], [135.38796488, 34.81817433], [135.38701197, 34.81783693], [135.38686169, 34.81765676], [135.38150117, 34.81609678], [135.37828219, 34.81616308], [135.37764236, 34.81778673], [135.37751487, 34.81852165], [135.37760725, 34.81874725], [135.37985452, 34.81861584], [135.38156776, 34.81763624], [135.38175026, 34.81764706], [135.38175948, 34.81808834], [135.38120285, 34.8197543], [135.38124529, 34.81983439], [135.38154983, 34.81979258], [135.38160877, 34.81991271], [135.38123511, 34.82094441], [135.37873321, 34.82064179], [135.37439801, 34.8206116], [135.37408793, 34.82012579], [135.37413903, 34.81954599], [135.37323906, 34.82012561], [135.37312184, 34.81965334], [135.37281246, 34.81944535], [135.37322103, 34.81916258], [135.37342876, 34.81883784], [135.3735555, 34.81819825], [135.37403247, 34.81824039], [135.37414433, 34.81715566], [135.37486712, 34.81697766], [135.37577931, 34.81680238], [135.37584523, 34.81658191], [135.3749274, 34.81654133], [135.37192292, 34.81683874], [135.37110364, 34.81677744], [135.37105505, 34.81527976], [135.37095509, 34.81499889], [135.37098418, 34.81485668], [135.3709268, 34.81467581], [135.37098586, 34.81438337], [135.37151167, 34.81457286], [135.371664, 34.81451229], [135.37162825, 34.81436165], [135.37138478, 34.8141396], [135.3713915, 34.81315082], [135.37168108, 34.81305132], [135.37188287, 34.81303775], [135.37186299, 34.81239005], [135.37142629, 34.81225802], [135.36965425, 34.81226506], [135.36844603, 34.81241356], [135.36802576, 34.81237319], [135.36760031, 34.81123528], [135.3676194, 34.81112059], [135.36738306, 34.81046184], [135.36801455, 34.81022052], [135.36809937, 34.81052558], [135.36822899, 34.81055138], [135.36857644, 34.81051138], [135.36882029, 34.8107566], [135.36962404, 34.81075249], [135.36990242, 34.80922042], [135.36978621, 34.80883112], [135.36909792, 34.80887368], [135.36901066, 34.80876764], [135.369528, 34.80790307], [135.36731237, 34.80792143], [135.3674836, 34.80689749], [135.36709912, 34.80567482], [135.36718445, 34.8052752], [135.36816644, 34.80451537], [135.36704865, 34.80134086], [135.36363596, 34.80321564], [135.36281886, 34.80355676], [135.36162577, 34.80215178], [135.36153058, 34.80181705], [135.36104394, 34.80117016], [135.3613244, 34.80092362], [135.36137106, 34.80078579], [135.3617627, 34.80054223], [135.36339199, 34.79891339], [135.36525267, 34.79745325], [135.36527367, 34.79719204], [135.36577007, 34.79735176], [135.36594158, 34.79747125], [135.36613113, 34.79747576], [135.36787824, 34.79806959], [135.36737786, 34.79880315], [135.368308, 34.79940995], [135.36807992, 34.79986013], [135.36834833, 34.80002997], [135.36864358, 34.79999868], [135.37281019, 34.79667656], [135.37293347, 34.79683131], [135.37292112, 34.79781507], [135.37278203, 34.79837407], [135.37428444, 34.79833043], [135.37444166, 34.79757773], [135.37486998, 34.79767043], [135.37499345, 34.79697229], [135.3749264, 34.79634617], [135.37455488, 34.7957425], [135.37455194, 34.79540666], [135.37462998, 34.79491243], [135.37291025, 34.79640545], [135.37292736, 34.79553425], [135.37260388, 34.79539725], [135.37282538, 34.79493188], [135.37254761, 34.79485108], [135.37266203, 34.79421825], [135.3725144, 34.79379275], [135.37219945, 34.79369277], [135.37182639, 34.79362278], [135.37152695, 34.79356667], [135.37141138, 34.793545], [135.37135244, 34.79353397], [135.37132527, 34.79352889], [135.37132084, 34.79352806], [135.37125195, 34.79351527], [135.37123, 34.79351111], [135.37123055, 34.79352444], [135.37124138, 34.79382527], [135.37124445, 34.79391056], [135.37120112, 34.79394639], [135.37116138, 34.79394167], [135.37111595, 34.79393633], [135.37110612, 34.79393517], [135.3711, 34.79393444], [135.37102878, 34.79385258], [135.3710275, 34.79385111], [135.37098416, 34.79370806], [135.37098059, 34.79361019], [135.37096972, 34.79331444], [135.37093035, 34.79324161], [135.37089389, 34.79317417], [135.37087499, 34.79316056], [135.37082888, 34.79312694], [135.37082778, 34.79312639], [135.37062016, 34.79297566], [135.37052973, 34.79291], [135.37023612, 34.79269694], [135.37017195, 34.79266361], [135.37002362, 34.79258639], [135.36991124, 34.792528], [135.36990334, 34.79252389], [135.36978056, 34.79239861], [135.36977432, 34.79236253], [135.36976612, 34.792315], [135.36978777, 34.79220167], [135.36979166, 34.79218333], [135.36981666, 34.79206444], [135.36978278, 34.79189167], [135.36977334, 34.79184389], [135.36976862, 34.79175611], [135.36976612, 34.79170667], [135.36979584, 34.79151694], [135.36980139, 34.79148167], [135.36982749, 34.79131583], [135.36988074, 34.79100579], [135.36992166, 34.7907675], [135.36996445, 34.7904775], [135.36997838, 34.79038254], [135.37001556, 34.79012917], [135.37004445, 34.78998583], [135.37008055, 34.78984861], [135.37013834, 34.7896875], [135.37016166, 34.78961639], [135.37019084, 34.78952806], [135.37021896, 34.78944242], [135.37021896, 34.78944242], [135.37022166, 34.78943417], [135.37051806, 34.78867667], [135.37059695, 34.78843556], [135.37062112, 34.78836083], [135.37071514, 34.78807307], [135.37088334, 34.78755833], [135.37092039, 34.78741902], [135.370955, 34.78728889], [135.37101334, 34.78706917], [135.37113638, 34.78668139], [135.37119416, 34.78655027], [135.37131584, 34.78632528], [135.37146166, 34.78605528], [135.37155528, 34.78588333], [135.37163458, 34.78573768], [135.37163458, 34.78573768], [135.371715, 34.78559], [135.37180888, 34.78541694], [135.37206445, 34.78492306], [135.37206612, 34.78492], [135.3720979, 34.78485846], [135.37210527, 34.78484417], [135.37215056, 34.78477277], [135.37219972, 34.784695], [135.37231027, 34.78453694], [135.37235916, 34.78445389], [135.37235916, 34.78445389], [135.37225695, 34.784375], [135.37219973, 34.78433139], [135.37201806, 34.78418333], [135.37185777, 34.78405333], [135.37160916, 34.78385083], [135.37158306, 34.78382944], [135.37127473, 34.78357861], [135.37115473, 34.7834825], [135.37102056, 34.78337527], [135.37100138, 34.78336], [135.37055166, 34.783], [135.37047723, 34.78293861], [135.37042584, 34.78289611], [135.37024056, 34.78274333], [135.37032999, 34.78246056], [135.37033258, 34.78245235], [135.37034749, 34.782405], [135.37034973, 34.78239806], [135.37041362, 34.78219583], [135.37066362, 34.78140444], [135.37048099, 34.78137375], [135.37046027, 34.78137027], [135.36959416, 34.78122444], [135.36924666, 34.78116583], [135.36911638, 34.78098694], [135.36911623, 34.78098528], [135.36910916, 34.78090944], [135.36961527, 34.77936417], [135.36970638, 34.77911583], [135.36999499, 34.77832944], [135.37000945, 34.77813277], [135.36996612, 34.77795972], [135.36978383, 34.77757437], [135.36973473, 34.77747056], [135.36962973, 34.77724694], [135.36963527, 34.77711806], [135.36964056, 34.77699806], [135.36964612, 34.77687056], [135.36965166, 34.77674583], [135.36955749, 34.77642972], [135.36955027, 34.77631056], [135.36959329, 34.77620388], [135.36959362, 34.77620306], [135.36972084, 34.77610333], [135.36974556, 34.77608389], [135.36980973, 34.77603694], [135.36997612, 34.77591556], [135.37005695, 34.77585639], [135.37030056, 34.77567861], [135.37037473, 34.77562444], [135.37038056, 34.77561889], [135.37053584, 34.77547417], [135.37060166, 34.77541277], [135.37076306, 34.77526222], [135.37083695, 34.77519333], [135.37099166, 34.77504944], [135.37106584, 34.77498], [135.37119195, 34.77486277], [135.37126584, 34.77479361], [135.37137584, 34.77469083], [135.37138612, 34.77466917], [135.37145556, 34.77452389], [135.37143388, 34.77445861], [135.37120473, 34.77430861], [135.37105084, 34.77420806], [135.37104195, 34.77421306], [135.37098584, 34.77424389], [135.37093345, 34.77429696], [135.37090249, 34.77432833], [135.37075445, 34.77447806], [135.37063862, 34.77459556], [135.37033027, 34.77485806], [135.37019027, 34.77497722], [135.36972027, 34.7752875], [135.36960806, 34.77534611], [135.36942388, 34.7754425], [135.36911999, 34.77555583], [135.36893699, 34.77561803], [135.36875138, 34.77568111], [135.36858499, 34.775735], [135.36821195, 34.7758375], [135.36795584, 34.77590777], [135.36742834, 34.77603306], [135.36683527, 34.77619417], [135.36642666, 34.77627444], [135.36620973, 34.7762925], [135.36550834, 34.77633417], [135.36496612, 34.77634], [135.36447945, 34.77632722], [135.36428612, 34.77632222], [135.36385027, 34.77626806], [135.36384247, 34.7762671], [135.36375862, 34.77625667], [135.36327416, 34.77611944], [135.36289473, 34.77595306], [135.36285056, 34.77593361], [135.36264138, 34.77584194], [135.36250245, 34.77578954], [135.36204112, 34.77561556], [135.36200999, 34.77560472], [135.36121112, 34.77532583], [135.36053638, 34.77509027], [135.36034945, 34.775025], [135.35972027, 34.77486389], [135.35925027, 34.77476389], [135.35863916, 34.77463417], [135.35845499, 34.77458694], [135.3582049, 34.77452261], [135.35796695, 34.77446139], [135.35796249, 34.77446], [135.35794666, 34.77445556], [135.35769945, 34.77438361], [135.35760695, 34.77434333], [135.35757638, 34.77433], [135.35740228, 34.77425663], [135.35734834, 34.77423389], [135.35726556, 34.77419889], [135.35713306, 34.77412194], [135.35687499, 34.77397222], [135.35619527, 34.77354861], [135.35577223, 34.77327472], [135.35491916, 34.77272222], [135.35439862, 34.77241806], [135.35437885, 34.77240801], [135.35401195, 34.77222139], [135.35390695, 34.77216777], [135.35364666, 34.77206639], [135.35363999, 34.77208027], [135.35359056, 34.77218667], [135.35356638, 34.77223833], [135.35355138, 34.77227056], [135.35346584, 34.77245389], [135.35324888, 34.77288944], [135.35308973, 34.77316972], [135.35301027, 34.77324139], [135.35294371, 34.7732634], [135.35293806, 34.77326527], [135.35226166, 34.77329806], [135.35201749, 34.77333889], [135.35194166, 34.77335139], [135.35188777, 34.77336056], [135.35165445, 34.77339944], [135.35114834, 34.77338139], [135.34975847, 34.77339702], [135.34954306, 34.77339944], [135.34948112, 34.77341917], [135.34941166, 34.77344111], [135.34921416, 34.77350389], [135.34909112, 34.773665], [135.34896473, 34.77374056], [135.34891749, 34.77376889], [135.34888255, 34.77378972], [135.34880195, 34.77383777], [135.34852973, 34.77397], [135.34827416, 34.77409417], [135.34816975, 34.77422313], [135.34815834, 34.77423722], [135.34801362, 34.77435667], [135.34801306, 34.77435722], [135.34793056, 34.77440722], [135.34784749, 34.77445806], [135.34761999, 34.77455056], [135.34751862, 34.7745625], [135.34739584, 34.77455056], [135.34711362, 34.77447889], [135.34698556, 34.77444083], [135.34697916, 34.77443889], [135.34683166, 34.77439527], [135.34660027, 34.77435361], [135.34651742, 34.774356], [135.34639777, 34.77435944], [135.34635084, 34.77437056], [135.34633999, 34.77437333], [135.34621666, 34.77440277], [135.34613945, 34.77442111], [135.34602166, 34.77444917], [135.34511473, 34.77468667], [135.34481416, 34.77476527], [135.34433666, 34.77489333], [135.34421388, 34.77492639], [135.34360138, 34.77507194], [135.34304638, 34.77520361], [135.34275723, 34.7752575], [135.34248903, 34.77533479], [135.34248903, 34.77533479], [135.34246806, 34.77534083], [135.34238112, 34.77544833], [135.34227999, 34.77560944], [135.34229445, 34.77577027], [135.34234862, 34.77625027], [135.34231973, 34.77644111], [135.34182806, 34.77720472], [135.34173138, 34.7774125], [135.34169418, 34.77749269], [135.34473983, 34.77881809], [135.34605437, 34.7792117], [135.3477524, 34.77902762], [135.34808372, 34.77911818], [135.34934694, 34.78117288], [135.34933843, 34.7813796], [135.3488178, 34.78137895], [135.34783841, 34.78180902], [135.34692409, 34.78211222], [135.34759384, 34.78253543], [135.34843085, 34.78288952], [135.3487947, 34.7836561], [135.34937069, 34.78402677], [135.35011729, 34.78479695], [135.35057314, 34.78484865], [135.35092568, 34.78497072], [135.34986618, 34.78613601], [135.34884883, 34.7859899], [135.34693961, 34.78883803], [135.34654238, 34.79017002], [135.34598294, 34.79006083], [135.34548568, 34.79047572], [135.34430539, 34.79023008], [135.34281238, 34.78940495], [135.34234203, 34.78934414], [135.34147035, 34.78869762], [135.34129945, 34.78912574], [135.34090558, 34.78931814], [135.34029267, 34.78908242], [135.33893214, 34.78908151], [135.33812327, 34.78863341], [135.33790675, 34.78885756], [135.33805634, 34.78910135], [135.33740238, 34.79004936], [135.33666738, 34.78981518], [135.33643637, 34.79029971], [135.33721774, 34.79039964], [135.33792835, 34.79065695], [135.33884024, 34.79142724], [135.33884024, 34.79173664], [135.33862587, 34.79177631], [135.33793845, 34.79122928], [135.33786693, 34.79159429], [135.33800987, 34.79222903], [135.33781513, 34.79259904], [135.33743782, 34.7928257], [135.33746156, 34.79308842], [135.33757281, 34.79366371], [135.33748905, 34.79416156], [135.33710743, 34.79488075], [135.33631249, 34.79533016], [135.33543034, 34.79542648], [135.33523177, 34.79566852], [135.33530721, 34.79606128], [135.33579588, 34.79682054], [135.33575605, 34.79739673], [135.33482762, 34.79847011], [135.3364416, 34.79822101], [135.33777035, 34.79885841], [135.3378673, 34.79979665], [135.33835017, 34.80045293], [135.33927346, 34.80091892], [135.3394467, 34.80311903], [135.33911799, 34.80323494], [135.33826603, 34.8040198], [135.33720727, 34.80531553], [135.33633867, 34.80492623], [135.33533489, 34.80508857], [135.33668355, 34.8057727], [135.33612, 34.80625487], [135.33620246, 34.80652942], [135.33652172, 34.80667733], [135.33684547, 34.80672552], [135.33739513, 34.80648839], [135.33761839, 34.80670849], [135.33627297, 34.80815709], [135.33671606, 34.80857335], [135.33713931, 34.80839495], [135.33759626, 34.80923599], [135.33708042, 34.80953993], [135.33724556, 34.81048721], [135.33719265, 34.81108848], [135.3362064, 34.811738], [135.33506229, 34.81180407], [135.33329136, 34.81383514], [135.33333445, 34.8138525], [135.33340987, 34.81388298], [135.33355696, 34.8139424], [135.33370916, 34.81400389], [135.33383334, 34.81405389], [135.33395888, 34.81410444], [135.33408362, 34.814155], [135.33419888, 34.81420139], [135.33440499, 34.81428444], [135.33450195, 34.81432361], [135.33457612, 34.81435333], [135.33468249, 34.81439611], [135.33474973, 34.81442307], [135.3351187, 34.81457212], [135.33515473, 34.81458667], [135.33520416, 34.81460639], [135.33533084, 34.8146575], [135.33548973, 34.81472167], [135.33556862, 34.81475361], [135.33568723, 34.81480111], [135.33574888, 34.81482611], [135.33585638, 34.81486944], [135.33593306, 34.81490057], [135.33604416, 34.81494527], [135.33634887, 34.8150682], [135.33637195, 34.8150775], [135.33649638, 34.81512777], [135.33659473, 34.81516722], [135.33668027, 34.81520194], [135.33672306, 34.81521917], [135.33681666, 34.81525694], [135.33735477, 34.81547396], [135.33754056, 34.81554889], [135.33765862, 34.81559639], [135.33775277, 34.81568583], [135.33781056, 34.81581694], [135.33781056, 34.8159125], [135.33773834, 34.8160975], [135.33747777, 34.81643139], [135.33743195, 34.81657194], [135.33742723, 34.81658667], [135.33742112, 34.81664583], [135.33741806, 34.81667722], [135.33740556, 34.81680139], [135.33736223, 34.81698], [135.33724638, 34.81711139], [135.33715249, 34.817165], [135.33688138, 34.81722667], [135.33673306, 34.81726057], [135.33619084, 34.8174275], [135.33580749, 34.81756222], [135.33567388, 34.81760944], [135.33525445, 34.81772277], [135.33493609, 34.81780113], [135.33484249, 34.81782417], [135.33480056, 34.81787026], [135.33475556, 34.81791972], [135.33468223, 34.81804557], [135.33466301, 34.8180785], [135.33444166, 34.81845777], [135.33441584, 34.81850167], [135.33438999, 34.81854611], [135.33438666, 34.81855194], [135.33424166, 34.81868944], [135.33420794, 34.8187213], [135.33462026, 34.81923988], [135.33560529, 34.81898568], [135.33669459, 34.81906089], [135.33744149, 34.81932698], [135.33763835, 34.81918237], [135.33769156, 34.81878901], [135.33955234, 34.81804818], [135.33983489, 34.81809372], [135.33989879, 34.81894402], [135.34010351, 34.81941133], [135.3403688, 34.81949435], [135.3406277, 34.81939536], [135.34084193, 34.81892871], [135.34113306, 34.81876561], [135.34173077, 34.81895082], [135.34200671, 34.81893482], [135.34192058, 34.81806478], [135.34294056, 34.81773233], [135.34320877, 34.81855658], [135.34321128, 34.81890595], [135.34413767, 34.81869109], [135.34442013, 34.81912279], [135.34452095, 34.82015335], [135.34469822, 34.8204357], [135.34489143, 34.82046385], [135.34498803, 34.82030299], [135.34495181, 34.81994909], [135.34550378, 34.81984786], [135.34547963, 34.81945375], [135.34518565, 34.81883661], [135.345242, 34.81859532], [135.34587428, 34.81849031], [135.34655396, 34.81696145], [135.34729665, 34.8165545], [135.34891217, 34.8152748], [135.34917317, 34.81534592], [135.34993077, 34.81668657], [135.351113, 34.81801577], [135.35202076, 34.81870744], [135.35223245, 34.81864975], [135.35224895, 34.81844649], [135.35134169, 34.81746693], [135.35106, 34.81687237], [135.35111716, 34.81626892], [135.3515177, 34.81555107], [135.35247299, 34.8151939], [135.35426919, 34.81534113], [135.35410657, 34.81565405], [135.35408682, 34.8160782], [135.35445705, 34.81613245], [135.35448174, 34.81655166], [135.35436326, 34.81681799], [135.35511918, 34.81733771], [135.35499601, 34.81790156], [135.35478868, 34.81808897], [135.35488247, 34.81827145], [135.35525764, 34.81841448], [135.35576682, 34.81841027], [135.35650728, 34.81872591], [135.35678866, 34.81866673], [135.35674965, 34.8176533], [135.35683829, 34.81727695], [135.35751544, 34.81703304], [135.35754868, 34.81669542], [135.3590169, 34.81609369], [135.35894697, 34.81579906], [135.35865184, 34.81546305], [135.35883755, 34.815143], [135.35897483, 34.81478984], [135.36019038, 34.81505402], [135.36053613, 34.81498493], [135.36049723, 34.81533468], [135.36059684, 34.81577653], [135.36059252, 34.81630331], [135.36050608, 34.81675438], [135.36064006, 34.81723798], [135.36016494, 34.81782676], [135.35944534, 34.81936054], [135.35851923, 34.81991397], [135.35830085, 34.82018584], [135.3577438, 34.82146503], [135.358313, 34.82270301], [135.35893836, 34.82357154], [135.35901423, 34.82459263], [135.35966129, 34.82479082], [135.36072535, 34.82258412], [135.3613308, 34.82201938], [135.36191275, 34.8219538], [135.36161565, 34.82150254], [135.36184789, 34.82114244], [135.3622077, 34.82125967], [135.36263065, 34.82116813], [135.36282359, 34.82095192], [135.36281861, 34.82043535], [135.36325142, 34.82057342], [135.36541517, 34.82057281], [135.36632171, 34.81967329], [135.36805594, 34.82005054], [135.36883398, 34.81933201], [135.36957716, 34.82004034], [135.36984143, 34.82000779], [135.36956268, 34.82064524], [135.36921136, 34.82088818], [135.36884158, 34.82167073], [135.36876465, 34.82248021], [135.36853443, 34.82252813], [135.36828822, 34.82250897], [135.36788812, 34.82268527], [135.36793289, 34.82335295], [135.36859196, 34.82335396], [135.36916148, 34.82359379], [135.36983936, 34.82361935], [135.37007037, 34.82287466], [135.37031339, 34.82282994], [135.37053402, 34.82318774], [135.37101168, 34.82334449], [135.37160963, 34.82320393], [135.37206471, 34.82281046], [135.3723882, 34.8221799], [135.37247134, 34.8215973], [135.37194694, 34.8212395], [135.37214225, 34.8210047], [135.3716818, 34.82087372], [135.37170513, 34.8206002], [135.37439677, 34.82064374], [135.37457577, 34.82162872], [135.37445898, 34.8222371], [135.37459252, 34.82290476], [135.37499363, 34.82301724], [135.37548508, 34.82234504], [135.37570741, 34.82218721], [135.37585952, 34.82162022], [135.37617546, 34.82182481], [135.37655575, 34.82183065], [135.37653234, 34.82218721], [135.37598899, 34.82292648], [135.37589277, 34.82394282], [135.37595443, 34.82489087], [135.37644616, 34.82510069], [135.37799489, 34.82494271], [135.37836369, 34.8252037], [135.37944525, 34.82516272], [135.37972804, 34.8243633], [135.37995182, 34.8232658], [135.38055906, 34.82417838], [135.38083398, 34.82441784], [135.38069445, 34.82472595], [135.38041148, 34.82490888], [135.38027276, 34.82509736], [135.38009932, 34.82563765], [135.38037524, 34.82603765], [135.38027656, 34.8271246], [135.38106421, 34.82661123], [135.38174965, 34.82565375], [135.38277047, 34.82497773], [135.38198437, 34.82424014], [135.38215654, 34.82357061], [135.38303989, 34.82318063], [135.38411576, 34.82313984], [135.38459888, 34.8233098], [135.38471861, 34.82378891], [135.38536485, 34.82334532], [135.38648469, 34.82366344], [135.3863679, 34.82413547], [135.38594852, 34.82476801], [135.38624968, 34.82522898], [135.38624968, 34.82560223], [135.38574454, 34.8259492], [135.38578927, 34.82725789], [135.38590437, 34.82762053], [135.3861615, 34.8277959], [135.38638857, 34.82745622], [135.38638569, 34.82694611], [135.38672275, 34.82647089], [135.38702219, 34.82644788], [135.38716903, 34.82655144], [135.38737802, 34.82730765], [135.38847114, 34.82726163], [135.38914833, 34.82705912], [135.38921328, 34.82576807], [135.38987075, 34.82513089], [135.39012451, 34.82447401], [135.39036231, 34.82440171], [135.39164032, 34.82497001], [135.39203838, 34.82477374], [135.39306935, 34.82496484], [135.39419117, 34.82492352], [135.39505722, 34.82389141], [135.39979897, 34.82590448], [135.39988698, 34.82605735], [135.39973603, 34.8262692], [135.39955993, 34.82634101], [135.3990963, 34.82620457], [135.39862674, 34.82664763], [135.39830623, 34.82669316], [135.39763964, 34.826184], [135.39631291, 34.82637977], [135.39568549, 34.82604493], [135.39467908, 34.82968932], [135.39537569, 34.83004299], [135.39525563, 34.83039841], [135.39581627, 34.83067093], [135.39567397, 34.83112853], [135.39626094, 34.83127958], [135.39680055, 34.83054587], [135.39772651, 34.83022532], [135.39852692, 34.82991877], [135.39959092, 34.83040774], [135.40015121, 34.83038108], [135.40041918, 34.83019422], [135.40049033, 34.82995431], [135.40069933, 34.82989656], [135.40107285, 34.82990544], [135.40108619, 34.82965665], [135.40085941, 34.82944341], [135.40069028, 34.82922962], [135.40084147, 34.82914521], [135.40149149, 34.82948333], [135.40155374, 34.82984319], [135.40136253, 34.8302608], [135.40111791, 34.83060898], [135.40116682, 34.83084888], [135.40154924, 34.83097327], [135.40209314, 34.83074661], [135.4026223, 34.83081325], [135.40296469, 34.83064443], [135.40310699, 34.83040897], [135.40432765, 34.83076862], [135.4059153, 34.83185079], [135.4059153, 34.83185079], [135.40601305, 34.83176444], [135.40608528, 34.83162444], [135.40613584, 34.83145139], [135.40619723, 34.83129944], [135.40623, 34.83121861], [135.40625602, 34.83107617], [135.40628777, 34.8309025], [135.40629727, 34.83075677], [135.40632172, 34.83038117], [135.40632388, 34.83034807], [135.40631416, 34.83003807], [135.40631138, 34.829945], [135.40630945, 34.82988277], [135.4063043, 34.82985139], [135.40629777, 34.82981167], [135.40627195, 34.82965277], [135.40625889, 34.8295725], [135.40619362, 34.82945917], [135.40618916, 34.82945583], [135.40614805, 34.82942473], [135.40614305, 34.82942083], [135.40612195, 34.829405], [135.40606695, 34.82936333], [135.40606361, 34.82936083], [135.40602305, 34.82935889], [135.40596695, 34.82935639], [135.4058165, 34.82934918], [135.40581056, 34.82934889], [135.4055575, 34.82934278], [135.405485, 34.82942028], [135.40545437, 34.82944197], [135.40535638, 34.82951139], [135.40529472, 34.829555], [135.40523889, 34.82959444], [135.40518139, 34.82963528], [135.40502972, 34.82951], [135.40492052, 34.82938872], [135.40484166, 34.82930111], [135.40470374, 34.82918109], [135.40457416, 34.82906833], [135.40444661, 34.82919119], [135.40440055, 34.82923556], [135.40421278, 34.82937278], [135.40419786, 34.82938098], [135.40390889, 34.82953972], [135.40373555, 34.82960528], [135.40363139, 34.82958611], [135.40360527, 34.82958139], [135.40359666, 34.82955583], [135.40357641, 34.82949384], [135.40357389, 34.82948611], [135.40356195, 34.82945027], [135.40351861, 34.82920556], [135.40348207, 34.82917426], [135.40345473, 34.82915083], [135.40343222, 34.82913167], [135.40335862, 34.82906861], [135.4033451, 34.82905709], [135.40333416, 34.82904777], [135.40333139, 34.82904539], [135.40321084, 34.82894222], [135.40313528, 34.8288775], [135.40278806, 34.82868361], [135.40274181, 34.82864539], [135.40266777, 34.82858417], [135.40260112, 34.82852917], [135.40254416, 34.8284825], [135.40248195, 34.82843111], [135.40247138, 34.82842222], [135.40244084, 34.82839694], [135.402405, 34.8283675], [135.40241806, 34.82833917], [135.40250723, 34.8281425], [135.40252888, 34.82809444], [135.40254666, 34.82805527], [135.40257834, 34.82798583], [135.40260005, 34.82787806], [135.40260723, 34.8278425], [135.40260744, 34.8278407], [135.40261834, 34.8277475], [135.40262862, 34.82766057], [135.40264195, 34.82754694], [135.40264861, 34.82748944], [135.40265278, 34.8274525], [135.40265556, 34.82742972], [135.40266389, 34.82735778], [135.40266889, 34.82731444], [135.40268195, 34.82720389], [135.40269588, 34.82708474], [135.40269806, 34.82706611], [135.40270138, 34.8270375], [135.40265812, 34.82690467], [135.40262945, 34.82681667], [135.40253527, 34.82663194], [135.40233278, 34.826435], [135.40231112, 34.82635444], [135.40230389, 34.82616944], [135.40223195, 34.82601972], [135.40216972, 34.82589], [135.40215195, 34.82585333], [135.4020075, 34.82570417], [135.40205084, 34.82549557], [135.40211584, 34.82526889], [135.40209416, 34.82510777], [135.40206445, 34.82509556], [135.40201306, 34.82507417], [135.40193499, 34.82504222], [135.40182666, 34.8250125], [135.40173999, 34.82503611], [135.40168862, 34.82511], [135.40165306, 34.82516139], [135.40159178, 34.82527867], [135.40155612, 34.82534694], [135.40149416, 34.82546556], [135.40137133, 34.82560621], [135.40089806, 34.82515589], [135.40054436, 34.82462242], [135.40055312, 34.82428015], [135.40045654, 34.82415675], [135.40036779, 34.82412438], [135.40034797, 34.82403218], [135.40039932, 34.82390024], [135.40024675, 34.82356348], [135.40038347, 34.82335933], [135.40075805, 34.82337506], [135.40102375, 34.82322917], [135.40110362, 34.82324389], [135.40115416, 34.82322583], [135.40120416, 34.82312528], [135.40121135, 34.8231108], [135.40126499, 34.82300277], [135.401295, 34.8229425], [135.40133499, 34.82286194], [135.40136389, 34.82273667], [135.40135666, 34.82254611], [135.40128723, 34.82245194], [135.40125528, 34.82240889], [135.40085084, 34.82228972], [135.40080916, 34.82227139], [135.40064834, 34.8222], [135.40059749, 34.82211333], [135.40054889, 34.82203111], [135.40049473, 34.82193889], [135.40046999, 34.82189694], [135.40042798, 34.82182528], [135.40041723, 34.82180694], [135.40040972, 34.82179444], [135.40033555, 34.82160639], [135.40032556, 34.82158111], [135.4003075, 34.82153528], [135.40028728, 34.82148414], [135.40028133, 34.8214691], [135.40027499, 34.82145307], [135.40023195, 34.82134389], [135.40020723, 34.82128139], [135.40020223, 34.82122722], [135.40019834, 34.82118583], [135.40019, 34.82109389], [135.40018741, 34.8210663], [135.40018223, 34.82101111], [135.40017806, 34.82096472], [135.40016389, 34.82081306], [135.40020723, 34.82058361], [135.40021223, 34.8205575], [135.40021945, 34.82051917], [135.40023612, 34.82043139], [135.40025359, 34.82035986]]]}}, {"type": "Feature", "id": "did-1970-16", "properties": {"A16_001": "282071", "A16_002": "28207", "A16_003": "伊丹市", "A16_004": "1", "A16_005": "139219", "A16_006": "18.2", "A16_007": "95905", "A16_008": "11.3", "A16_009": "90.5", "A16_010": "72.5", "A16_011": "1970", "year": 1970, "population": 139219.0, "areaKm2": 18.2, "density": 7649.395604395605}, "geometry": {"type": "Polygon", "coordinates": [[[135.41907412, 34.80180834], [135.41910286, 34.80180781], [135.41914973, 34.80180694], [135.41937889, 34.8018025], [135.41968936, 34.80179658], [135.41977334, 34.801795], [135.42009139, 34.80180694], [135.42051805, 34.801795], [135.42102445, 34.80175333], [135.42111598, 34.80173683], [135.42114, 34.8017325], [135.42128166, 34.80172111], [135.42143611, 34.80170833], [135.42145361, 34.80170694], [135.42158084, 34.80169667], [135.42165009, 34.80168458], [135.42194055, 34.80163389], [135.42209416, 34.80160722], [135.42247028, 34.80148778], [135.42285361, 34.80141639], [135.423085, 34.80141028], [135.42327695, 34.80142889], [135.4233398, 34.80143506], [135.42363445, 34.80146389], [135.42369222, 34.80179222], [135.42373889, 34.80204611], [135.42374028, 34.80205333], [135.42382889, 34.80201472], [135.42394305, 34.80200194], [135.42398805, 34.80199694], [135.42408695, 34.80199417], [135.4241575, 34.80199194], [135.42447805, 34.8019825], [135.4246025, 34.80197889], [135.42496278, 34.80197], [135.4252775, 34.80196222], [135.42557139, 34.801955], [135.42644639, 34.80193723], [135.42668, 34.80193528], [135.42677445, 34.80193473], [135.42683666, 34.80193417], [135.42691278, 34.80194056], [135.42743473, 34.801985], [135.42760584, 34.80229833], [135.42767465, 34.80242452], [135.42772611, 34.80251889], [135.42783472, 34.80268583], [135.42800084, 34.80272167], [135.42828278, 34.80276333], [135.428355, 34.80282306], [135.42836222, 34.80296611], [135.42838305, 34.80311028], [135.42838389, 34.80311528], [135.42844916, 34.80318111], [135.42854611, 34.80318111], [135.42863695, 34.80318111], [135.428695, 34.80313333], [135.428695, 34.80304972], [135.42864416, 34.8029125], [135.42866611, 34.80265611], [135.42871144, 34.80265], [135.42876916, 34.80264222], [135.42881778, 34.80263583], [135.42889027, 34.80262611], [135.42890195, 34.80256631], [135.42890611, 34.802545], [135.42891277, 34.80251167], [135.42891945, 34.80247833], [135.42895611, 34.80229083], [135.42909829, 34.80156819], [135.42910722, 34.80152278], [135.42930222, 34.801505], [135.42949028, 34.80144528], [135.42954805, 34.80132611], [135.42962778, 34.80128417], [135.42977779, 34.80126165], [135.42978695, 34.80126027], [135.42989528, 34.80120972], [135.42992416, 34.80111417], [135.42993065, 34.80100173], [135.42993139, 34.80098889], [135.42996028, 34.80081], [135.43005695, 34.80069083], [135.43015278, 34.8005725], [135.43017528, 34.80054444], [135.43023318, 34.80047328], [135.43025166, 34.80045056], [135.43027416, 34.80042278], [135.43028834, 34.80040528], [135.43031222, 34.80037583], [135.430315, 34.8003725], [135.43038528, 34.80028556], [135.43043195, 34.80022806], [135.43048139, 34.80016723], [135.43050389, 34.80013917], [135.43058778, 34.80003556], [135.43064284, 34.79996767], [135.43068555, 34.799915], [135.43071949, 34.79987309], [135.43073455, 34.7998545], [135.43074436, 34.79984236], [135.43080722, 34.79976473], [135.43082889, 34.79973806], [135.43083528, 34.79973028], [135.43084972, 34.79969528], [135.43091527, 34.79953472], [135.43102334, 34.79927111], [135.43116805, 34.7992475], [135.43118972, 34.79895806], [135.43123305, 34.79848667], [135.43134139, 34.79847111], [135.4314532, 34.79845491], [135.431535, 34.79844306], [135.43164834, 34.79842639], [135.43176805, 34.79840917], [135.43241861, 34.79842111], [135.43262834, 34.79833167], [135.43273318, 34.79826675], [135.43280195, 34.79822417], [135.43281868, 34.79819958], [135.43285639, 34.79814417], [135.43296834, 34.79797972], [135.43302611, 34.79792833], [135.43323584, 34.79774111], [135.43344555, 34.79780667], [135.43360334, 34.79795528], [135.43373902, 34.79808283], [135.43377413, 34.79811582], [135.43385778, 34.79819444], [135.43426864, 34.79822798], [135.43444334, 34.79824223], [135.43446334, 34.79814777], [135.43451028, 34.79792611], [135.43452305, 34.79786639], [135.4345275, 34.79783194], [135.43455695, 34.79761139], [135.4346025, 34.79727], [135.43454666, 34.79725778], [135.43405371, 34.79715098], [135.43405305, 34.79715083], [135.43405305, 34.79714807], [135.43405305, 34.79692849], [135.43405305, 34.79684056], [135.43407472, 34.79659306], [135.43463139, 34.7960025], [135.43484055, 34.79578194], [135.43538334, 34.79520944], [135.43569334, 34.79489833], [135.43603722, 34.79455333], [135.43618584, 34.79440417], [135.43636028, 34.79421806], [135.43643166, 34.79414167], [135.43701028, 34.79354806], [135.4376668, 34.79285108], [135.43774055, 34.79277278], [135.437895, 34.79261472], [135.43797166, 34.79253583], [135.43814305, 34.79236028], [135.43818889, 34.79231333], [135.43838834, 34.7920975], [135.43847805, 34.79200028], [135.438695, 34.79189278], [135.4387975, 34.79188611], [135.43916722, 34.79186194], [135.43939211, 34.79184727], [135.43960584, 34.79183333], [135.44058223, 34.79177361], [135.44068555, 34.79179473], [135.44070305, 34.79179833], [135.44085278, 34.79182889], [135.44105334, 34.79187], [135.44114334, 34.79188833], [135.441265, 34.79191333], [135.441515, 34.79196444], [135.44160889, 34.79195861], [135.44170305, 34.79180944], [135.44200886, 34.79156602], [135.44242611, 34.79123389], [135.44249661, 34.79122704], [135.44267195, 34.79121], [135.4427875, 34.79117444], [135.44279472, 34.79106694], [135.44275861, 34.79101917], [135.44266472, 34.79098944], [135.44249559, 34.79094699], [135.44245445, 34.79093667], [135.44225555, 34.79088667], [135.44206334, 34.79083833], [135.44190389, 34.79079833], [135.44183305, 34.79078056], [135.44168416, 34.79077611], [135.44143528, 34.79076861], [135.44127639, 34.79069723], [135.44137028, 34.79059583], [135.44143639, 34.7905625], [135.44159445, 34.79048222], [135.44180472, 34.79041583], [135.44200805, 34.79035139], [135.44204389, 34.79034], [135.44221639, 34.79028556], [135.44233195, 34.79013028], [135.44241063, 34.79010392], [135.44256334, 34.79005278], [135.44270805, 34.790005], [135.44273695, 34.78989167], [135.44268639, 34.78983222], [135.44247666, 34.7897725], [135.44236834, 34.78970694], [135.44232472, 34.7896175], [135.44287445, 34.78931333], [135.44238722, 34.78933778], [135.44227416, 34.78934333], [135.44215861, 34.78933139], [135.44208611, 34.78935528], [135.44204278, 34.78953972], [135.44194555, 34.78963917], [135.44189084, 34.789695], [135.44184611, 34.7897], [135.44173195, 34.78971278], [135.44163778, 34.78964723], [135.44159445, 34.78954889], [135.44160084, 34.78949806], [135.44161639, 34.78937583], [135.441645, 34.78914944], [135.44168139, 34.78894472], [135.44169584, 34.78886306], [135.44204778, 34.78809026], [135.44214416, 34.78787861], [135.44247666, 34.78714194], [135.4427225, 34.78651583], [135.44276584, 34.78633111], [135.44275861, 34.78623556], [135.44269361, 34.78612806], [135.44263778, 34.78600278], [135.4425925, 34.78590139], [135.44257805, 34.78560917], [135.44254889, 34.7855375], [135.44252, 34.78546611], [135.44239722, 34.785305], [135.44237111, 34.7851875], [135.44230305, 34.78488139], [135.4423175, 34.78448472], [135.44249111, 34.78433583], [135.44269055, 34.78430028], [135.442925, 34.78425833], [135.44310695, 34.78423861], [135.44330834, 34.78421667], [135.44367918, 34.78421097], [135.44370611, 34.78421056], [135.44381445, 34.78415694], [135.44382889, 34.7840675], [135.44382889, 34.78390028], [135.44382678, 34.78378881], [135.44382646, 34.78377227], [135.4438, 34.78237028], [135.44383, 34.78231139], [135.44385666, 34.78225944], [135.44385778, 34.78225694], [135.44398084, 34.78223917], [135.44410714, 34.782232], [135.44429889, 34.78222111], [135.44447972, 34.78212], [135.44450861, 34.78157111], [135.44470389, 34.78141611], [135.44479055, 34.78129083], [135.44488472, 34.78110583], [135.44513028, 34.78074194], [135.44518805, 34.78049139], [135.445165, 34.7804425], [135.44512305, 34.78035417], [135.44498584, 34.78026472], [135.44496416, 34.78016639], [135.44497166, 34.78012889], [135.44498872, 34.78004454], [135.4450075, 34.77995167], [135.44512334, 34.77934333], [135.4452336, 34.77885076], [135.44529695, 34.77856778], [135.44536916, 34.77827556], [135.44539, 34.77815306], [135.44541972, 34.77798027], [135.44542724, 34.77778167], [135.44543416, 34.77759861], [135.4454775, 34.77747333], [135.44557889, 34.77739611], [135.44594028, 34.77735417], [135.44607977, 34.77731572], [135.44611361, 34.77730639], [135.44617166, 34.77722889], [135.446185, 34.77715528], [135.44620055, 34.77706778], [135.44620055, 34.77643056], [135.44620055, 34.7762974], [135.44620055, 34.7762925], [135.44620778, 34.77595833], [135.4462225, 34.77571361], [135.44621527, 34.77538277], [135.44620991, 34.77536858], [135.44617916, 34.77528722], [135.4460564, 34.77526323], [135.44598584, 34.77524944], [135.44574577, 34.77520244], [135.43888442, 34.78064313], [135.43543021, 34.78048594], [135.43539674, 34.77936197], [135.43415652, 34.77943706], [135.43395328, 34.77758367], [135.4351992, 34.77749396], [135.43511749, 34.77571871], [135.43453104, 34.77576129], [135.43432134, 34.77559108], [135.43232312, 34.77552016], [135.43246204, 34.77471676], [135.43285282, 34.77415866], [135.43376032, 34.7744905], [135.43401367, 34.77444602], [135.43409248, 34.77428178], [135.43369525, 34.77381649], [135.4327943, 34.77333287], [135.43284722, 34.77249822], [135.43346676, 34.77186282], [135.43356695, 34.7710125], [135.43352695, 34.7710125], [135.43340111, 34.77100917], [135.43330277, 34.77100667], [135.4330475, 34.77101528], [135.43266966, 34.77102822], [135.43261525, 34.77103008], [135.43260111, 34.77103056], [135.43258672, 34.77102992], [135.43247296, 34.7710248], [135.43242195, 34.7710225], [135.43220361, 34.7710125], [135.43204445, 34.77102444], [135.4318925, 34.7710125], [135.43174805, 34.77096472], [135.4316884, 34.77093111], [135.43139361, 34.770765], [135.43109639, 34.77059778], [135.43091639, 34.77049667], [135.43076445, 34.77040694], [135.43039584, 34.77025806], [135.430125, 34.77012417], [135.42983166, 34.76997861], [135.429745, 34.76993583], [135.42922445, 34.76976889], [135.42880242, 34.76957462], [135.42878334, 34.76956583], [135.42872397, 34.76954305], [135.42856389, 34.76948161], [135.42851334, 34.76946222], [135.42842583, 34.76942864], [135.42842583, 34.76942864], [135.4283425, 34.76939667], [135.42821195, 34.76934639], [135.42816166, 34.76932722], [135.42803445, 34.76929917], [135.42790217, 34.76926999], [135.42785055, 34.76925861], [135.42775666, 34.76929444], [135.42763305, 34.76941333], [135.42749639, 34.769545], [135.42743861, 34.76957833], [135.42727945, 34.76967028], [135.42715639, 34.76970028], [135.42696111, 34.76971806], [135.42675084, 34.76971028], [135.42651861, 34.76970194], [135.42640789, 34.76969792], [135.42614416, 34.76968833], [135.42581861, 34.76963444], [135.42563778, 34.7696525], [135.42516084, 34.76982556], [135.42503805, 34.76988611], [135.42482834, 34.76998944], [135.42462584, 34.77001944], [135.42442139, 34.77001944], [135.4242425, 34.77001944], [135.42405166, 34.76999472], [135.42401111, 34.76998944], [135.42381834, 34.77004694], [135.42370416, 34.77008111], [135.42359, 34.77011528], [135.42340611, 34.77017], [135.42336916, 34.77018102], [135.42319555, 34.77023277], [135.4231381, 34.77024996], [135.42303861, 34.77027972], [135.42293611, 34.77031], [135.42291195, 34.77031722], [135.42290289, 34.7703935], [135.42289043, 34.77049859], [135.42287584, 34.77062167], [135.42281805, 34.77078861], [135.42270945, 34.77083639], [135.42261305, 34.77084083], [135.42257472, 34.7708425], [135.42252528, 34.77084473], [135.42244195, 34.77084833], [135.42240584, 34.77098556], [135.42231916, 34.7711225], [135.422225, 34.77118222], [135.42213111, 34.77124194], [135.42195028, 34.77139111], [135.42182, 34.77151027], [135.42171166, 34.77156417], [135.42165722, 34.77157139], [135.42153111, 34.77158806], [135.42146611, 34.77155806], [135.42147334, 34.77129861], [135.42148663, 34.77107901], [135.42150223, 34.77082139], [135.42147449, 34.77081531], [135.42138945, 34.77079667], [135.42133916, 34.77078556], [135.42128528, 34.77077361], [135.42129611, 34.770305], [135.42129695, 34.7702575], [135.42129973, 34.77014139], [135.42130148, 34.77001436], [135.42130176, 34.76999388], [135.42130361, 34.76986083], [135.42130972, 34.76943278], [135.42131416, 34.76911556], [135.42141019, 34.76904821], [135.42145834, 34.76901444], [135.42157416, 34.76893361], [135.42170445, 34.76818806], [135.42171087, 34.76814562], [135.42174778, 34.76790167], [135.42173916, 34.76784223], [135.42173084, 34.76778556], [135.42172611, 34.7677525], [135.42166889, 34.76765167], [135.42161028, 34.76754861], [135.42156445, 34.76746806], [135.42150916, 34.76737056], [135.42145778, 34.76728333], [135.42140555, 34.76719389], [135.42133361, 34.76707139], [135.42128861, 34.76699444], [135.42103222, 34.76655667], [135.42092972, 34.76646917], [135.42082814, 34.76638201], [135.42082611, 34.76638028], [135.42079852, 34.76635672], [135.42066305, 34.76624111], [135.4205575, 34.76615083], [135.42050305, 34.76610444], [135.42044722, 34.76605667], [135.42036305, 34.76598473], [135.42022945, 34.76587056], [135.41986805, 34.7658825], [135.41920278, 34.76590056], [135.41868195, 34.7658825], [135.41856416, 34.76587194], [135.4184625, 34.76586306], [135.41830111, 34.76584861], [135.41824416, 34.76584361], [135.41814723, 34.765835], [135.4180025, 34.76576917], [135.41795222, 34.76570528], [135.41792166, 34.76566583], [135.41784361, 34.76556639], [135.41779278, 34.76543222], [135.4178, 34.76532472], [135.41785084, 34.76521139], [135.41795584, 34.76513806], [135.41812777, 34.76501777], [135.41818334, 34.76497889], [135.41818386, 34.76497867], [135.41830334, 34.76492944], [135.41848722, 34.76485361], [135.41848985, 34.76480701], [135.41850166, 34.76459694], [135.41854472, 34.76443], [135.41865666, 34.76429167], [135.41878, 34.76413917], [135.41889166, 34.76400083], [135.41897861, 34.76380389], [135.41897349, 34.76369123], [135.41897334, 34.76368778], [135.41897166, 34.7636475], [135.41896278, 34.76344861], [135.41895861, 34.76335667], [135.41895416, 34.76326], [135.41894723, 34.763105], [135.41894195, 34.76298917], [135.41893528, 34.7628375], [135.41892834, 34.76278667], [135.41889889, 34.76256917], [135.41878889, 34.76257194], [135.41866028, 34.762575], [135.41850139, 34.76256611], [135.4184582, 34.76256954], [135.41815889, 34.76259333], [135.41812555, 34.76259583], [135.41759195, 34.7626125], [135.41754695, 34.76261389], [135.41714139, 34.76261083], [135.41681195, 34.76260861], [135.41676555, 34.76260806], [135.41670834, 34.76260778], [135.41657084, 34.76259], [135.41644778, 34.7625125], [135.41629611, 34.76249444], [135.41622361, 34.76245889], [135.41620916, 34.76238111], [135.4161996, 34.76223785], [135.41619666, 34.76219389], [135.41619472, 34.76216694], [135.41619472, 34.76216639], [135.4162, 34.76212056], [135.41622361, 34.76192194], [135.41624555, 34.76171306], [135.41623361, 34.76159222], [135.41622861, 34.76154111], [135.41622527, 34.76150667], [135.41621666, 34.761415], [135.41621305, 34.76138444], [135.416205, 34.76131821], [135.41618778, 34.76117639], [135.41615972, 34.76092667], [135.41615611, 34.76089444], [135.41615195, 34.76085889], [135.41614445, 34.76079167], [135.41607945, 34.76055306], [135.4160545, 34.760342], [135.41605055, 34.76030861], [135.41604334, 34.76015944], [135.41585666, 34.76000028], [135.41584305, 34.75998861], [135.41583361, 34.75998056], [135.41577037, 34.75996791], [135.41570655, 34.75995514], [135.41567666, 34.75994917], [135.41562389, 34.75993861], [135.41549361, 34.75987889], [135.41533445, 34.75986694], [135.41538166, 34.75983083], [135.41544305, 34.75978361], [135.41546972, 34.75973472], [135.41550805, 34.75966417], [135.41567945, 34.75941778], [135.415765, 34.75929513], [135.415789, 34.75926072], [135.41579028, 34.75925889], [135.416195, 34.75887111], [135.41657111, 34.75850139], [135.41670805, 34.75832111], [135.41686166, 34.75811861], [135.41694722, 34.75800611], [135.41696889, 34.75789278], [135.41690139, 34.75783083], [135.41678084, 34.75771972], [135.41665778, 34.75767222], [135.41650139, 34.75760083], [135.4164625, 34.75758333], [135.41644805, 34.75757667], [135.41641916, 34.75751111], [135.41644084, 34.75704611], [135.41641916, 34.75690278], [135.41638305, 34.7568075], [135.41629639, 34.75678944], [135.41619305, 34.75678889], [135.416155, 34.75678861], [135.41586607, 34.75678665], [135.41580417, 34.75678623], [135.41575581, 34.75678591], [135.41570416, 34.75678556], [135.41548916, 34.75678417], [135.41544445, 34.75678389], [135.41539277, 34.75678361], [135.4152625, 34.75687306], [135.41522111, 34.75719639], [135.41521445, 34.75724806], [135.41520889, 34.75729167], [135.4151975, 34.75737972], [135.41506, 34.75757667], [135.41493722, 34.75770194], [135.4146625, 34.75807167], [135.41451778, 34.75831639], [135.41449722, 34.75836222], [135.41441639, 34.75854306], [135.41438834, 34.75863083], [135.41436939, 34.75869041], [135.41434416, 34.75876972], [135.41434223, 34.75885889], [135.41434111, 34.75891889], [135.41433972, 34.75897944], [135.41433695, 34.75910972], [135.41431973, 34.75913083], [135.41422861, 34.75924111], [135.41408695, 34.75928139], [135.41406, 34.75928917], [135.41399584, 34.75930722], [135.4138525, 34.75934806], [135.41313666, 34.75938389], [135.41299916, 34.75952694], [135.41278139, 34.75970944], [135.41276805, 34.75972083], [135.41273334, 34.75974972], [135.41258148, 34.75987723], [135.41256528, 34.75989083], [135.41241472, 34.75994472], [135.41240778, 34.75994667], [135.41211861, 34.76002222], [135.41203834, 34.7600275], [135.4118525, 34.76003944], [135.41183315, 34.76004069], [135.41165889, 34.76005194], [135.41165584, 34.76005223], [135.41111334, 34.76010583], [135.41105361, 34.76018528], [135.41098334, 34.76027889], [135.41092305, 34.76035583], [135.41083861, 34.76046389], [135.41073666, 34.76062806], [135.41071611, 34.76066111], [135.41069473, 34.76069528], [135.41054945, 34.76092917], [135.41044084, 34.76107833], [135.41035445, 34.76104667], [135.41032055, 34.76103444], [135.41028222, 34.76102028], [135.41018778, 34.76098583], [135.40974766, 34.76083152], [135.40971084, 34.76081861], [135.40949166, 34.76076973], [135.40944945, 34.76076028], [135.40944605, 34.76075952], [135.40940584, 34.76075056], [135.40928416, 34.76072333], [135.40895166, 34.76066944], [135.40855389, 34.76065778], [135.40841195, 34.76073083], [135.40836222, 34.76075639], [135.40831139, 34.76078278], [135.40820666, 34.76083667], [135.40793805, 34.76084278], [135.40788537, 34.76084392], [135.4076175, 34.76084972], [135.40742778, 34.76085417], [135.4074083, 34.76085451], [135.40738028, 34.760855], [135.40713695, 34.76086056], [135.40706819, 34.76104966], [135.40702777, 34.76116083], [135.40700111, 34.76123417], [135.40682584, 34.76171611], [135.40681778, 34.76179639], [135.40681139, 34.76185944], [135.40678361, 34.76195444], [135.40676084, 34.7620325], [135.40675361, 34.76225917], [135.4064425, 34.76225917], [135.40631972, 34.76239028], [135.40627805, 34.76246833], [135.40625861, 34.76250472], [135.40624027, 34.76253944], [135.40615084, 34.76253806], [135.40608389, 34.76253694], [135.40606666, 34.76253667], [135.40606427, 34.76253663], [135.4060013, 34.76253571], [135.40585695, 34.76253361], [135.40582084, 34.76276611], [135.40580472, 34.76301639], [135.40580222, 34.76305556], [135.40579916, 34.76310083], [135.40577722, 34.76344028], [135.40574834, 34.763795], [135.40566889, 34.76390223], [135.40556028, 34.76394389], [135.40547666, 34.763955], [135.4054125, 34.76396361], [135.40529278, 34.76397972], [135.4051529, 34.7639994], [135.40495305, 34.7640275], [135.40481555, 34.76405722], [135.40468584, 34.76414194], [135.40460584, 34.76419444], [135.40453945, 34.76424139], [135.40435084, 34.76437556], [135.40433334, 34.76438798], [135.40423555, 34.76445722], [135.4042025, 34.76448083], [135.40414334, 34.76452278], [135.40413778, 34.76453639], [135.40409555, 34.76464083], [135.40406389, 34.76471944], [135.40398416, 34.76486277], [135.40380361, 34.765], [135.403695, 34.76510722], [135.40351416, 34.7652325], [135.40309666, 34.76552556], [135.40298889, 34.76560139], [135.40283445, 34.76570972], [135.40258139, 34.76576333], [135.40250916, 34.76567694], [135.40253805, 34.76559333], [135.40253555, 34.76554917], [135.40253489, 34.7655377], [135.40253111, 34.76547194], [135.40252778, 34.76541139], [135.4025225, 34.76531694], [135.40252223, 34.76531361], [135.40251084, 34.76511194], [135.40250805, 34.76506222], [135.40250195, 34.76495528], [135.40251222, 34.76481417], [135.40252111, 34.76469556], [135.4025275, 34.76460972], [135.402535, 34.76450667], [135.40254195, 34.76441194], [135.40254305, 34.76439639], [135.4025525, 34.76426917], [135.40256695, 34.76409028], [135.40252097, 34.76395167], [135.40251, 34.76391861], [135.40247936, 34.76382639], [135.40240055, 34.76358917], [135.40239334, 34.76349056], [135.40253834, 34.76324222], [135.40258973, 34.76315417], [135.40266111, 34.76303167], [135.40274778, 34.76282889], [135.40267055, 34.7627475], [135.40260166, 34.762675], [135.40240778, 34.76247083], [135.402285, 34.76237527], [135.40208111, 34.76233639], [135.40203945, 34.76232861], [135.40200334, 34.76232167], [135.40182972, 34.76228], [135.40163639, 34.76227194], [135.40140305, 34.76226194], [135.40092584, 34.76222639], [135.4008825, 34.7621725], [135.40088362, 34.76208468], [135.40088416, 34.76204222], [135.40088472, 34.76200528], [135.40088626, 34.7618911], [135.40088666, 34.76186083], [135.40088805, 34.76176167], [135.40088973, 34.76164167], [135.40086805, 34.76150444], [135.40085361, 34.7613375], [135.40071222, 34.76128639], [135.40070528, 34.76128389], [135.40067028, 34.76127139], [135.40062195, 34.76125389], [135.40046305, 34.76123361], [135.40026472, 34.76120806], [135.40013919, 34.76119197], [135.39976992, 34.76114463], [135.39976992, 34.76114463], [135.39976195, 34.76114361], [135.39944361, 34.76108389], [135.399285, 34.76105973], [135.39923389, 34.76105167], [135.39905639, 34.76102444], [135.39892472, 34.76100444], [135.39885139, 34.76099306], [135.39876377, 34.76097971], [135.39872195, 34.76097333], [135.39851084, 34.76094083], [135.39827084, 34.76101111], [135.39802916, 34.76108203], [135.39786, 34.76113167], [135.39783616, 34.76114542], [135.39771555, 34.761215], [135.39749889, 34.76134028], [135.39726028, 34.76142389], [135.39701584, 34.76155278], [135.39700639, 34.76155778], [135.39696364, 34.76158033], [135.39663834, 34.76175194], [135.39650472, 34.76177611], [135.3964575, 34.76178472], [135.39629111, 34.76185639], [135.39621749, 34.76194386], [135.39621338, 34.76197119], [135.39617078, 34.76208335], [135.39618985, 34.76224206], [135.39631068, 34.76239492], [135.39631068, 34.76225842], [135.39639011, 34.76225208], [135.39643141, 34.76236635], [135.39660616, 34.76246476], [135.39691819, 34.76243042], [135.39709929, 34.76266532], [135.39715159, 34.76419028], [135.39708608, 34.76433957], [135.39711756, 34.7647359], [135.39695414, 34.76535866], [135.39840954, 34.7656174], [135.39712204, 34.76718274], [135.39833778, 34.76767947], [135.39872326, 34.7677232], [135.39898093, 34.76735337], [135.39928214, 34.76748027], [135.39993537, 34.76847197], [135.39976828, 34.76907857], [135.39996425, 34.76938313], [135.39999328, 34.76964056], [135.3998336, 34.76977471], [135.39931465, 34.76972033], [135.39828203, 34.76901365], [135.39785108, 34.76918134], [135.39764207, 34.76952172], [135.39762301, 34.77009053], [135.3973407, 34.77027602], [135.39709453, 34.77025529], [135.3965968, 34.77046907], [135.395943, 34.76990858], [135.39477203, 34.76994751], [135.39459352, 34.76979392], [135.39449793, 34.7694679], [135.39396184, 34.76971323], [135.39379044, 34.76948271], [135.39384131, 34.7694043], [135.39356753, 34.76793616], [135.39334181, 34.76790928], [135.39310674, 34.76800937], [135.39292288, 34.76791976], [135.39274211, 34.7679393], [135.39253848, 34.76812109], [135.39239551, 34.76802154], [135.39172376, 34.76931663], [135.39201015, 34.76966041], [135.39246939, 34.76968638], [135.39272067, 34.76989414], [135.39276399, 34.77041356], [135.39313037, 34.77135963], [135.39299335, 34.7714716], [135.39310335, 34.77156459], [135.39313889, 34.77169648], [135.39306152, 34.77194777], [135.39304658, 34.77240559], [135.39315987, 34.77254136], [135.39313079, 34.77276042], [135.39318482, 34.772915], [135.39328306, 34.772942], [135.39338867, 34.77282913], [135.39347708, 34.772942], [135.39387057, 34.7729297], [135.39405065, 34.77282123], [135.39423893, 34.77277014], [135.39475468, 34.7716448], [135.39505059, 34.77153157], [135.39522373, 34.77166367], [135.39537799, 34.77208512], [135.39531197, 34.77254204], [135.39511165, 34.77286511], [135.39510553, 34.77304244], [135.39521644, 34.77316686], [135.39540335, 34.77324549], [135.39594925, 34.77322948], [135.39586306, 34.77341095], [135.39593378, 34.77363638], [135.39598546, 34.7742224], [135.39714788, 34.77366781], [135.39719058, 34.77432344], [135.39710068, 34.77465438], [135.39702895, 34.77484453], [135.39644884, 34.77528175], [135.39635451, 34.77547193], [135.39638693, 34.7756129], [135.39601338, 34.77649297], [135.39631219, 34.77677923], [135.39649823, 34.77721486], [135.39647333, 34.77743724], [135.39655009, 34.77747456], [135.39657638, 34.77763925], [135.39644327, 34.77807395], [135.39628996, 34.7782313], [135.39485902, 34.77786444], [135.39484709, 34.77753051], [135.39506348, 34.77710724], [135.39503551, 34.77699916], [135.39472029, 34.77703643], [135.39451306, 34.77695961], [135.39431721, 34.77686457], [135.39432829, 34.77659892], [135.39481926, 34.776483], [135.39480741, 34.776644], [135.39496618, 34.77665583], [135.39508941, 34.77653982], [135.39507689, 34.77580705], [135.39466876, 34.77585355], [135.39448598, 34.77582507], [135.3944122, 34.77572287], [135.39444909, 34.77555702], [135.39416343, 34.77499279], [135.39119632, 34.77659431], [135.39125259, 34.77671749], [135.39111562, 34.77682611], [135.39117254, 34.77699671], [135.39105735, 34.77714701], [135.39047327, 34.77691144], [135.3904044, 34.77698575], [135.38926544, 34.77646747], [135.38935324, 34.77577489], [135.38917194, 34.7756853], [135.38996915, 34.77566453], [135.39005698, 34.77504032], [135.39070145, 34.77486895], [135.39077141, 34.77464176], [135.39072898, 34.77326211], [135.38995228, 34.77330537], [135.38994465, 34.77364587], [135.38981749, 34.77375513], [135.38915293, 34.77363316], [135.38880703, 34.77394571], [135.38857559, 34.77375767], [135.38895796, 34.77285764], [135.39020991, 34.77151767], [135.39109423, 34.77027132], [135.39135117, 34.76961108], [135.39023709, 34.76909607], [135.39023709, 34.76909607], [135.39018861, 34.76920194], [135.39017416, 34.76932722], [135.39016208, 34.76937706], [135.3900875, 34.76968472], [135.39002945, 34.76992944], [135.38991473, 34.77000944], [135.38979805, 34.77009056], [135.38975472, 34.77043056], [135.38971139, 34.77053778], [135.38967528, 34.77068694], [135.38965139, 34.77075111], [135.38962445, 34.77082417], [135.38957389, 34.77082722], [135.38938461, 34.77077383], [135.38929916, 34.77074972], [135.38925584, 34.77068417], [135.3892125, 34.77057667], [135.38911111, 34.77051111], [135.38893028, 34.77048722], [135.38856166, 34.77044556], [135.38819278, 34.7704575], [135.38792527, 34.77054694], [135.38789475, 34.77059527], [135.38783861, 34.77068417], [135.38781848, 34.77068903], [135.38771555, 34.77071389], [135.38767334, 34.77071139], [135.38755271, 34.77070428], [135.38751305, 34.77070194], [135.38738334, 34.7706125], [135.38733972, 34.7704275], [135.38733861, 34.77040028], [135.38733738, 34.77037166], [135.38733528, 34.77032277], [135.3873325, 34.77025306], [135.38734695, 34.77009806], [135.38720972, 34.77006222], [135.38697834, 34.77003833], [135.38684084, 34.77002028], [135.38660222, 34.76999056], [135.38655166, 34.76993083], [135.38653723, 34.76981167], [135.38655861, 34.76972583], [135.38657278, 34.76966806], [135.386595, 34.76957889], [135.38661084, 34.76955389], [135.38666584, 34.76946639], [135.38673666, 34.76935361], [135.38678305, 34.76928], [135.38682861, 34.7692075], [135.38687916, 34.76912694], [135.38694639, 34.76902028], [135.3869725, 34.76897861], [135.387, 34.768935], [135.38696389, 34.76888139], [135.38695389, 34.76888028], [135.3868625, 34.76886944], [135.38681666, 34.76886222], [135.38667445, 34.76883944], [135.38650834, 34.76880972], [135.38643666, 34.76880306], [135.38632028, 34.76879194], [135.38618278, 34.76875889], [135.38595861, 34.76872333], [135.38564778, 34.76870528], [135.38513667, 34.76872379], [135.38506472, 34.76872639], [135.38497354, 34.76872986], [135.38491889, 34.76873194], [135.38466445, 34.76874111], [135.38404111, 34.76873556], [135.38399916, 34.76873527], [135.38399525, 34.76880478], [135.38398695, 34.76895222], [135.38395584, 34.76951028], [135.38395561, 34.76951027], [135.38394861, 34.76951], [135.38386389, 34.76950722], [135.38343277, 34.76949361], [135.38339, 34.76949222], [135.38334861, 34.76949111], [135.38292195, 34.7694775], [135.38290028, 34.76963861], [135.38286389, 34.76967444], [135.38273611, 34.7696925], [135.38268445, 34.7697], [135.38265416, 34.76970417], [135.38260861, 34.76972306], [135.3826047, 34.76972468], [135.38255305, 34.76974611], [135.38254559, 34.76982617], [135.38253861, 34.76990111], [135.38253139, 34.7703425], [135.38254584, 34.77050361], [135.38261084, 34.77061694], [135.38265861, 34.77063056], [135.38282055, 34.77067667], [135.38297973, 34.77069444], [135.38323278, 34.77074806], [135.38345695, 34.77083167], [135.38348361, 34.77085361], [135.38386195, 34.77116583], [135.38390527, 34.77130278], [135.38391195, 34.77142806], [135.3839125, 34.77144], [135.38391462, 34.7714537], [135.38392195, 34.77150111], [135.38394361, 34.77163972], [135.38394655, 34.77165895], [135.38394861, 34.7716725], [135.38393416, 34.77181861], [135.38387639, 34.77215861], [135.38379338, 34.77247903], [135.38369555, 34.77285667], [135.38333389, 34.77282083], [135.38331889, 34.77290167], [135.38327778, 34.77312111], [135.3832775, 34.77312277], [135.38327367, 34.77314311], [135.38327242, 34.77314977], [135.38325348, 34.77325037], [135.38325348, 34.77325037], [135.3840975, 34.77379818], [135.38424039, 34.77401971], [135.38468664, 34.77430593], [135.38454218, 34.77650497], [135.38651773, 34.77704788], [135.38685137, 34.77909949], [135.38749963, 34.78073605], [135.38737601, 34.78073938], [135.38719559, 34.78092965], [135.38702466, 34.78144155], [135.3866601, 34.78179229], [135.38637611, 34.7817055], [135.38613176, 34.78135121], [135.38594132, 34.78133118], [135.38533658, 34.78187195], [135.38439282, 34.78226403], [135.38425641, 34.78309849], [135.38401822, 34.78311039], [135.38297821, 34.78237426], [135.38276682, 34.78238021], [135.38246825, 34.78217732], [135.38234916, 34.78199588], [135.38111875, 34.78202788], [135.38101752, 34.78185238], [135.38127059, 34.78178099], [135.3816219, 34.7814419], [135.38239722, 34.7811071], [135.38248356, 34.78088401], [135.38260861, 34.78091078], [135.38369762, 34.78013509], [135.38428417, 34.77962777], [135.38438764, 34.7793415], [135.38416707, 34.77909926], [135.3836683, 34.77889516], [135.38229202, 34.77898255], [135.3821461, 34.77882086], [135.38214345, 34.77864061], [135.38162271, 34.77874134], [135.38066767, 34.77878305], [135.38071021, 34.77864247], [135.3805206, 34.7785787], [135.38030095, 34.7788938], [135.37953001, 34.77903991], [135.37938761, 34.78018685], [135.37945018, 34.78039601], [135.37995047, 34.78062686], [135.37967924, 34.78173081], [135.37971593, 34.781997], [135.37956887, 34.78231604], [135.37912557, 34.78259705], [135.37878849, 34.78289122], [135.37793426, 34.78486899], [135.37758468, 34.78477973], [135.3761452, 34.78486224], [135.37535754, 34.78472286], [135.37460413, 34.78399168], [135.37419977, 34.7847879], [135.37351037, 34.784762], [135.37334946, 34.78523537], [135.37294717, 34.78587844], [135.37238398, 34.78614639], [135.37191018, 34.78611066], [135.37163458, 34.78573768], [135.37163458, 34.78573768], [135.37155528, 34.78588333], [135.37146166, 34.78605528], [135.37131584, 34.78632528], [135.37119416, 34.78655027], [135.37113638, 34.78668139], [135.37101334, 34.78706917], [135.370955, 34.78728889], [135.37092039, 34.78741902], [135.37088334, 34.78755833], [135.37071514, 34.78807307], [135.37062112, 34.78836083], [135.37059695, 34.78843556], [135.37051806, 34.78867667], [135.37022166, 34.78943417], [135.37021896, 34.78944242], [135.37021896, 34.78944242], [135.37155321, 34.78965755], [135.37167299, 34.78918589], [135.37225408, 34.78789054], [135.37240515, 34.7877983], [135.37283104, 34.78723012], [135.37291496, 34.78731956], [135.37309401, 34.78704565], [135.37408797, 34.7870149], [135.37414931, 34.78756336], [135.37429619, 34.78770485], [135.37473855, 34.78771184], [135.37474952, 34.78740561], [135.37493136, 34.78717851], [135.37513095, 34.7871593], [135.37511871, 34.78721869], [135.37516067, 34.78729555], [135.37544917, 34.7872711], [135.37563432, 34.78751667], [135.3756483, 34.78839891], [135.37527865, 34.78851254], [135.37492283, 34.78881178], [135.37493747, 34.78936645], [135.3765841, 34.78932785], [135.37648102, 34.78974688], [135.37663334, 34.79098383], [135.37675903, 34.79114795], [135.37697638, 34.79121447], [135.37725727, 34.79117138], [135.37728556, 34.79110833], [135.37732084, 34.79102972], [135.37740055, 34.79095194], [135.37759555, 34.79092833], [135.37769916, 34.79094083], [135.37779055, 34.79095194], [135.37784545, 34.79093194], [135.37792084, 34.79090444], [135.37795973, 34.79087639], [135.37809445, 34.79077917], [135.37817388, 34.79072527], [135.37824611, 34.79074333], [135.37844139, 34.79087444], [135.37848473, 34.79098194], [135.37847027, 34.79110111], [135.37846516, 34.79121086], [135.37846306, 34.79125639], [135.37843416, 34.79133389], [135.37839798, 34.79141236], [135.3785039, 34.79144762], [135.38102931, 34.78911084], [135.38214237, 34.7893078], [135.38336096, 34.78948173], [135.38369737, 34.7899992], [135.38326217, 34.79020534], [135.38191975, 34.79161205], [135.38184702, 34.79160649], [135.38165634, 34.79192527], [135.38125584, 34.7924108], [135.38027497, 34.79316985], [135.38006881, 34.79432778], [135.38009728, 34.79446369], [135.38014945, 34.79453139], [135.38022166, 34.79462556], [135.38027315, 34.79469278], [135.38036736, 34.79468388], [135.38211613, 34.79296609], [135.38298982, 34.79245808], [135.38305019, 34.79252303], [135.38319182, 34.792472], [135.38333577, 34.79256015], [135.3833172, 34.79269005], [135.38351626, 34.79427288], [135.383603, 34.79447773], [135.38398965, 34.79471726], [135.38408207, 34.79490481], [135.38385719, 34.79515569], [135.38492231, 34.7956313], [135.38523713, 34.7952269], [135.38530714, 34.79492349], [135.38517362, 34.79486732], [135.38520408, 34.79471754], [135.38534462, 34.79474562], [135.38582044, 34.79437249], [135.38580791, 34.79422025], [135.38629042, 34.7937247], [135.38660904, 34.79384254], [135.3868762, 34.79413713], [135.38726783, 34.79492902], [135.38849833, 34.79431546], [135.38888937, 34.79399462], [135.38887252, 34.79386333], [135.38866699, 34.79378591], [135.38815359, 34.79394673], [135.38785035, 34.79381208], [135.38775263, 34.79335425], [135.38786045, 34.79326673], [135.38776597, 34.79315833], [135.38688992, 34.79329972], [135.38676525, 34.7931819], [135.38860378, 34.7913258], [135.38896231, 34.79133382], [135.39140808, 34.79202851], [135.39154891, 34.79213141], [135.39165143, 34.79269596], [135.39160825, 34.79296843], [135.39188755, 34.79354217], [135.39177146, 34.7937692], [135.39118286, 34.79380127], [135.39023348, 34.79350271], [135.39000871, 34.79351505], [135.38990497, 34.79374702], [135.3897063, 34.79387899], [135.39236319, 34.7950702], [135.39249907, 34.79523145], [135.38753692, 34.79696286], [135.38755718, 34.79776756], [135.38866, 34.79828681], [135.38882463, 34.79851455], [135.38934789, 34.79870459], [135.39044596, 34.79885346], [135.39057062, 34.79881392], [135.39073165, 34.79855144], [135.39084543, 34.79853785], [135.39095674, 34.79839452], [135.39089727, 34.79829287], [135.3917382, 34.797507], [135.3916324, 34.797505], [135.39159646, 34.79741126], [135.39228682, 34.79708077], [135.39265713, 34.79659518], [135.39293522, 34.79592207], [135.39312038, 34.79527462], [135.39316156, 34.79437859], [135.39403015, 34.79234571], [135.39387536, 34.79235816], [135.39164923, 34.79081375], [135.39061673, 34.79031793], [135.39053561, 34.79036714], [135.39037337, 34.79029477], [135.39037337, 34.79012111], [135.38986914, 34.78966486], [135.39058253, 34.78915413], [135.39089252, 34.7887026], [135.39098569, 34.78822994], [135.3910755, 34.78805048], [135.3910813, 34.7885107], [135.39154427, 34.78806963], [135.39366415, 34.7873619], [135.39441525, 34.78669555], [135.39593663, 34.78693033], [135.39658516, 34.78678172], [135.39732648, 34.78645182], [135.39831821, 34.78698159], [135.39715328, 34.78899865], [135.39815479, 34.78952407], [135.39840105, 34.78911959], [135.39850883, 34.7890994], [135.39864692, 34.78882347], [135.39867049, 34.78848697], [135.39890654, 34.78793738], [135.39910862, 34.78785326], [135.39920376, 34.7875864], [135.39950689, 34.78752583], [135.40031744, 34.7880276], [135.40035842, 34.78819012], [135.40001905, 34.78862444], [135.39995804, 34.78902065], [135.40001616, 34.78951029], [135.40122114, 34.78964363], [135.40172943, 34.78989127], [135.4025046, 34.79040623], [135.40273721, 34.79041004], [135.40320623, 34.79010526], [135.40379818, 34.78919803], [135.40522498, 34.79018244], [135.40490469, 34.79042295], [135.40490088, 34.7905982], [135.40556472, 34.7912705], [135.40535118, 34.79148385], [135.40526729, 34.79178101], [135.40647745, 34.79288873], [135.40622007, 34.79329411], [135.40613529, 34.79327294], [135.4054267, 34.79488947], [135.4040176, 34.79431372], [135.40324374, 34.79564874], [135.40270537, 34.79628364], [135.40262245, 34.79625733], [135.40212816, 34.79680643], [135.40200131, 34.79700508], [135.4018888, 34.79776009], [135.39974023, 34.79751511], [135.39898002, 34.79739635], [135.39824404, 34.79711696], [135.39762253, 34.79672615], [135.39700244, 34.79619049], [135.39665572, 34.79638871], [135.39645707, 34.79672018], [135.39637886, 34.79721567], [135.39642348, 34.79849964], [135.39623375, 34.7986478], [135.39609418, 34.79852143], [135.39569902, 34.79843012], [135.39556599, 34.79869594], [135.39556144, 34.79904772], [135.39578118, 34.79977403], [135.3954712, 34.79985535], [135.39508633, 34.79973398], [135.39434615, 34.79938577], [135.39356275, 34.79909947], [135.39284056, 34.80015828], [135.39257833, 34.80105392], [135.39260324, 34.80120947], [135.39279179, 34.80117606], [135.39300507, 34.80095241], [135.3933045, 34.80030736], [135.393589, 34.80019531], [135.39378634, 34.80014357], [135.39391812, 34.80018826], [135.39419425, 34.80099143], [135.39439708, 34.80111301], [135.39438928, 34.80130445], [135.39533925, 34.80259429], [135.39557681, 34.80274313], [135.39580489, 34.80277266], [135.39662854, 34.8023106], [135.39736976, 34.80255626], [135.39759076, 34.80240906], [135.397734, 34.80257261], [135.39775446, 34.80300604], [135.39826656, 34.8040496], [135.39841435, 34.80497184], [135.39833424, 34.80532195], [135.39842678, 34.80542401], [135.39941858, 34.80544814], [135.39954479, 34.8056855], [135.39944086, 34.80609069], [135.39957446, 34.80665907], [135.39945932, 34.8070008], [135.39913217, 34.80740593], [135.39889017, 34.80750608], [135.39842988, 34.80750608], [135.3981255, 34.80735773], [135.39796589, 34.8075135], [135.39804384, 34.80775826], [135.39819685, 34.80797442], [135.39822166, 34.80797777], [135.39833473, 34.80799307], [135.39843445, 34.80800639], [135.39851611, 34.80801722], [135.39863737, 34.80803363], [135.39866805, 34.80803778], [135.39882945, 34.80805944], [135.39890361, 34.80806944], [135.39892865, 34.80806944], [135.39902666, 34.80806944], [135.39909166, 34.80805167], [135.39920027, 34.80792639], [135.39932277, 34.80778917], [135.39940515, 34.8077254], [135.39944584, 34.80769389], [135.39966277, 34.807515], [135.39976388, 34.80749722], [135.39986572, 34.80752979], [135.39989416, 34.80753889], [135.40011111, 34.80772972], [135.40033527, 34.80791444], [135.40041076, 34.80803555], [135.40042294, 34.80805509], [135.40042445, 34.8080575], [135.40052084, 34.80818057], [135.40064861, 34.80834389], [135.40064861, 34.80834389], [135.40065475, 34.80832015], [135.40078584, 34.80781333], [135.40088722, 34.80749417], [135.40091775, 34.80738033], [135.40106805, 34.80682], [135.4011475, 34.80646806], [135.40116334, 34.80640861], [135.40118445, 34.80632806], [135.40123639, 34.80613194], [135.40132111, 34.80581194], [135.40138139, 34.80569306], [135.40145111, 34.80555556], [135.4016825, 34.80511722], [135.40173528, 34.80501528], [135.40177945, 34.80492972], [135.40195139, 34.80459806], [135.40199166, 34.80452028], [135.40225431, 34.80401304], [135.40231889, 34.80388833], [135.40239666, 34.80372778], [135.40241305, 34.80369417], [135.4025675, 34.80337556], [135.40258166, 34.80334611], [135.4026275, 34.80325194], [135.4026625, 34.80318], [135.40278889, 34.80291917], [135.4030275, 34.80242417], [135.403085, 34.80232556], [135.40311639, 34.80227194], [135.40317084, 34.80217861], [135.40318428, 34.80215553], [135.40320805, 34.80211473], [135.40325139, 34.80204056], [135.40328611, 34.80198083], [135.40332945, 34.80190667], [135.40339639, 34.80179194], [135.40346861, 34.80164861], [135.40350639, 34.80157723], [135.40370722, 34.80119528], [135.40378916, 34.80105417], [135.40381305, 34.80101333], [135.40387361, 34.80090917], [135.40389017, 34.80085174], [135.40390972, 34.80078389], [135.40402555, 34.80061083], [135.404105, 34.80048556], [135.40421334, 34.80044389], [135.40447361, 34.80043194], [135.40480611, 34.80047973], [135.40496945, 34.80056556], [135.40503342, 34.80059923], [135.40503384, 34.80059945], [135.40503429, 34.80059969], [135.40509611, 34.80063222], [135.405305, 34.80074222], [135.40542805, 34.80087333], [135.405645, 34.80097473], [135.4059775, 34.80104056], [135.40615834, 34.80105833], [135.40630305, 34.80111194], [135.40667916, 34.80113583], [135.40680584, 34.80114278], [135.40712, 34.80115972], [135.40727889, 34.80117778], [135.40756834, 34.8012075], [135.40768389, 34.80123722], [135.40777611, 34.80125639], [135.408315, 34.80136944], [135.40843778, 34.801395], [135.40860945, 34.80143111], [135.40869916, 34.80145528], [135.40900723, 34.80153861], [135.40933195, 34.80158333], [135.40944111, 34.80159833], [135.40990361, 34.80169361], [135.41006722, 34.80167861], [135.41017148, 34.80166903], [135.4102563, 34.80166122], [135.41058361, 34.80163111], [135.41069945, 34.80162028], [135.41074398, 34.80161619], [135.41087805, 34.80160389], [135.41102139, 34.80159083], [135.41106347, 34.80158689], [135.41108361, 34.801585], [135.41118139, 34.80157611], [135.41130611, 34.80156444], [135.41143861, 34.80155222], [135.41148611, 34.80154806], [135.41153139, 34.80154389], [135.4116425, 34.80153361], [135.41178361, 34.80152056], [135.41220305, 34.80147306], [135.41231041, 34.80146751], [135.41266555, 34.80144917], [135.41287916, 34.80147389], [135.41288845, 34.80147497], [135.41301555, 34.80148973], [135.41302539, 34.80149086], [135.41317916, 34.80150861], [135.4133575, 34.80151861], [135.41341166, 34.80152167], [135.4138263, 34.80154495], [135.41399528, 34.80155444], [135.41415834, 34.80156361], [135.41423528, 34.80156806], [135.41439222, 34.80157694], [135.41461084, 34.80158917], [135.41486778, 34.80159306], [135.41501584, 34.80159527], [135.41578527, 34.80164194], [135.41580361, 34.80164306], [135.41595695, 34.80164444], [135.41651945, 34.80164889], [135.41678, 34.80164306], [135.41701916, 34.80167667], [135.41716305, 34.80169667], [135.41758584, 34.80175861], [135.41773445, 34.80178028], [135.41821166, 34.80180111], [135.41831528, 34.80180639], [135.41855861, 34.80181889], [135.41882611, 34.80181306], [135.41895555, 34.80181056], [135.41903135, 34.80180914], [135.41907412, 34.80180834]]]}}, {"type": "Feature", "id": "did-1970-18", "properties": {"A16_001": "282151", "A16_002": "28215", "A16_003": "三木市", "A16_004": "1", "A16_005": "16068", "A16_006": "2.3", "A16_007": "11472", "A16_008": "1.2", "A16_009": "39.0", "A16_010": "1.9", "A16_011": "1970", "year": 1970, "population": 16068.0, "areaKm2": 2.3, "density": 6986.08695652174}, "geometry": {"type": "Polygon", "coordinates": [[[134.99079949, 34.8070742], [134.99082618, 34.80714875], [134.99221984, 34.80632298], [134.99272466, 34.80623585], [134.99266641, 34.80607723], [134.9925928, 34.80587681], [134.99173691, 34.80354641], [134.99156239, 34.80290111], [134.99137157, 34.8021955], [134.99137773, 34.80211418], [134.99138531, 34.80201424], [134.99145174, 34.80195074], [134.99349943, 34.80158792], [134.99408562, 34.80159898], [134.99442055, 34.8016053], [134.99453894, 34.80160753], [134.99463098, 34.8015836], [134.99475327, 34.80140721], [134.99484035, 34.80123823], [134.99486312, 34.80119405], [134.99494507, 34.80114618], [134.99497287, 34.80114128], [134.99517443, 34.8011058], [134.99531874, 34.8010804], [134.99550534, 34.80109804], [134.99557342, 34.80117615], [134.99558476, 34.80128324], [134.99551289, 34.80152044], [134.99552783, 34.80173919], [134.99610581, 34.8041134], [134.99620651, 34.80424228], [134.99621998, 34.80425951], [134.9963782, 34.80432156], [134.99771949, 34.80431992], [134.99785555, 34.80431975], [134.99806634, 34.8043195], [134.99818751, 34.80423877], [134.99829861, 34.80356501], [134.99834032, 34.80080134], [134.99849273, 34.80031807], [134.99852964, 34.79987914], [134.99877885, 34.7994665], [134.99905306, 34.79924479], [134.99937277, 34.79885841], [134.99940953, 34.79871321], [134.99934476, 34.79831086], [134.99920855, 34.79769399], [134.9992442, 34.79759582], [134.99953567, 34.79739983], [134.99959186, 34.79727287], [134.99957581, 34.79684873], [134.99952207, 34.79634464], [134.9990785, 34.79645386], [134.99872422, 34.79654109], [134.99872099, 34.79643472], [134.9987068, 34.79596758], [134.99875035, 34.79553458], [134.99883133, 34.79544071], [134.99884738, 34.7954221], [134.99907638, 34.79537168], [134.99937718, 34.79542598], [134.99964894, 34.79548656], [134.99986769, 34.79553532], [135.00001896, 34.79551489], [135.00010073, 34.79539095], [135.00019634, 34.79523936], [135.00029937, 34.79517963], [135.00037487, 34.79513586], [135.00065153, 34.79513722], [135.00112073, 34.79520536], [135.00124313, 34.7952864], [135.00133493, 34.79539802], [135.00133493, 34.7954948], [135.00116197, 34.79581329], [135.00089895, 34.79619573], [135.00088916, 34.79633078], [135.00095823, 34.79642552], [135.00107756, 34.79646147], [135.00123608, 34.79650922], [135.00229869, 34.79635701], [135.00244241, 34.796267], [135.0028553, 34.79508737], [135.002883, 34.79454304], [135.00284668, 34.79413085], [135.00279488, 34.7940399], [135.00275095, 34.79402718], [135.00268105, 34.79404656], [135.00263346, 34.79404949], [135.00258882, 34.7940307], [135.00258353, 34.79399196], [135.00252299, 34.79369895], [135.00247965, 34.7936252], [135.00237075, 34.79358971], [135.0022654, 34.79362046], [135.00220267, 34.79373047], [135.00211788, 34.79397254], [135.00205808, 34.79406208], [135.00186844, 34.7940736], [135.00177312, 34.79407011], [135.00121497, 34.79404968], [135.00068706, 34.79403035], [135.00027253, 34.79401518], [135.00026897, 34.79401235], [135.00013763, 34.79390789], [134.99999282, 34.79345957], [134.99990603, 34.79342485], [134.99955349, 34.79344099], [134.9994489, 34.79347881], [134.99945007, 34.79354845], [134.99953253, 34.79367149], [134.9996057, 34.79379723], [134.99961601, 34.79386523], [134.99960799, 34.79389843], [134.99955094, 34.79391525], [134.99926433, 34.79399977], [134.99919648, 34.79397717], [134.99919442, 34.79387238], [134.99915937, 34.79361481], [134.99910217, 34.79352814], [134.99905735, 34.79351566], [134.99879772, 34.79344332], [134.99840402, 34.79340282], [134.99823288, 34.79338521], [134.99789076, 34.79320924], [134.99788524, 34.79320641], [134.99777569, 34.79315507], [134.99774712, 34.79315507], [134.99768114, 34.79315507], [134.99728599, 34.79335631], [134.99728168, 34.79342585], [134.99730321, 34.79353019], [134.99742373, 34.79366282], [134.99775703, 34.79389352], [134.99780927, 34.79423106], [134.99779253, 34.79449742], [134.99774231, 34.79464025], [134.99758007, 34.79474962], [134.99735474, 34.79473933], [134.99735225, 34.79473759], [134.99666695, 34.7942583], [134.99635727, 34.79399503], [134.99627804, 34.79400019], [134.99624271, 34.79406283], [134.99624305, 34.79409608], [134.99626182, 34.79590959], [134.99595984, 34.79586396], [134.99593122, 34.79585963], [134.99593196, 34.79588545], [134.99598168, 34.79760252], [134.99598415, 34.79768785], [134.99643941, 34.79759335], [134.99649138, 34.79758256], [134.99677261, 34.79758667], [134.99707663, 34.79759112], [134.99731867, 34.79770534], [134.99738496, 34.79773662], [134.99744807, 34.79785887], [134.99748513, 34.79858166], [134.99726585, 34.79862411], [134.9966347, 34.79874629], [134.99465404, 34.79942596], [134.99301174, 34.79948284], [134.99298899, 34.79867975], [134.99297635, 34.79851832], [134.99286806, 34.79842283], [134.99246287, 34.79834538], [134.9917081, 34.7984244], [134.99166092, 34.79842933], [134.98997451, 34.79901915], [134.98972161, 34.79908078], [134.98969247, 34.79908788], [134.98928524, 34.79918712], [134.9891982, 34.7991555], [134.98919898, 34.79910814], [134.98919978, 34.79905903], [134.98935186, 34.79816953], [134.98935518, 34.79815011], [134.98939543, 34.79812536], [134.98945889, 34.79808633], [134.98979797, 34.79804049], [134.99010912, 34.79806042], [134.9902716, 34.79800723], [134.99033463, 34.79790505], [134.99032903, 34.79780847], [134.99025331, 34.7976454], [134.99007822, 34.79752642], [134.98988382, 34.79747077], [134.98980929, 34.79744944], [134.9894665, 34.79743876], [134.98935627, 34.79743533], [134.98916708, 34.79750269], [134.98878567, 34.7976385], [134.98856572, 34.79768011], [134.98821932, 34.79774563], [134.98802159, 34.79767683], [134.98723424, 34.79698614], [134.98637742, 34.79656013], [134.98629106, 34.7965172], [134.98628513, 34.79649256], [134.9862666, 34.79641566], [134.98635013, 34.79619122], [134.98635103, 34.79609985], [134.9862718, 34.79604913], [134.98625471, 34.79604003], [134.9854619, 34.79561805], [134.98545755, 34.79557683], [134.9854503, 34.79550822], [134.98565842, 34.79528599], [134.98570527, 34.79517633], [134.98569, 34.79510222], [134.98543961, 34.79496371], [134.9852323, 34.79484902], [134.98519001, 34.79477644], [134.98508574, 34.7945975], [134.98487282, 34.79411311], [134.98480135, 34.7940252], [134.98458727, 34.7939934], [134.9831762, 34.79378376], [134.98286681, 34.79364988], [134.9828655, 34.79364839], [134.98279291, 34.79356645], [134.98277648, 34.79324139], [134.98288349, 34.79273549], [134.98326728, 34.79254553], [134.98342271, 34.79255509], [134.98353031, 34.79234247], [134.98330793, 34.79215135], [134.98279342, 34.79199508], [134.98240333, 34.7913088], [134.982169, 34.7913733], [134.98214987, 34.79184392], [134.98141509, 34.79198961], [134.98108478, 34.79163044], [134.98085246, 34.79159035], [134.98022985, 34.79225837], [134.97989854, 34.79219277], [134.97986869, 34.79237169], [134.98015793, 34.79289474], [134.97905791, 34.79303735], [134.97807414, 34.7927463], [134.97758542, 34.79239309], [134.97681178, 34.79209727], [134.97604769, 34.79209727], [134.97524802, 34.79220294], [134.97484395, 34.79256909], [134.97448186, 34.79243989], [134.97419942, 34.79228467], [134.97361167, 34.79236915], [134.97342373, 34.79228466], [134.97363035, 34.79196939], [134.97383215, 34.79084882], [134.97441157, 34.7898181], [134.97405073, 34.78958527], [134.97385151, 34.78968667], [134.97353882, 34.79047551], [134.97315511, 34.79047936], [134.97271158, 34.79086616], [134.97338084, 34.79127075], [134.9730607, 34.79215168], [134.97262278, 34.79257768], [134.97164853, 34.79179619], [134.97116945, 34.79174785], [134.97081087, 34.79059756], [134.97010871, 34.78930937], [134.96979435, 34.78835255], [134.97067946, 34.78813194], [134.97093534, 34.787701], [134.97083299, 34.78733581], [134.97016017, 34.78678695], [134.97017445, 34.7862299], [134.96992552, 34.78533688], [134.96934068, 34.7848183], [134.96895472, 34.78470731], [134.96875692, 34.78476839], [134.96838543, 34.78469576], [134.96809413, 34.78476044], [134.96731348, 34.78537252], [134.9675206, 34.7859893], [134.96806371, 34.78603534], [134.96828732, 34.78622198], [134.9681524, 34.78653578], [134.96816799, 34.78683628], [134.96840882, 34.78718005], [134.96790531, 34.78740487], [134.96773775, 34.78738738], [134.96713917, 34.78770874], [134.96693955, 34.78801075], [134.96699088, 34.78896805], [134.9675621, 34.7887185], [134.96804118, 34.78831393], [134.96835487, 34.78843359], [134.96844613, 34.78882677], [134.96817299, 34.78959254], [134.96824143, 34.78998571], [134.96857796, 34.79040922], [134.96852092, 34.79065424], [134.96809887, 34.79091636], [134.96756814, 34.79127182], [134.96747689, 34.79155673], [134.96778487, 34.79202969], [134.96849363, 34.79221942], [134.96980542, 34.79205417], [134.97004526, 34.79314986], [134.97141474, 34.79288548], [134.97255191, 34.79284958], [134.97342279, 34.79310074], [134.97396123, 34.79323496], [134.97442722, 34.79316576], [134.9742446, 34.79352122], [134.9739833, 34.7936761], [134.97384791, 34.79399067], [134.97399292, 34.79425604], [134.97425109, 34.79443535], [134.9741493, 34.79502225], [134.97426072, 34.79558841], [134.97462558, 34.79631303], [134.97455884, 34.79674609], [134.97471013, 34.79729289], [134.97511501, 34.79820628], [134.97495928, 34.79842855], [134.97055806, 34.80001693], [134.97022792, 34.8000562], [134.97047945, 34.80097175], [134.97351485, 34.79969579], [134.97369568, 34.80016287], [134.97250927, 34.80060351], [134.9730694, 34.80120719], [134.97352051, 34.80112499], [134.97382483, 34.80143344], [134.97455255, 34.80132768], [134.97487451, 34.80183442], [134.97369259, 34.80202114], [134.97363356, 34.80263527], [134.97430048, 34.80260861], [134.97436717, 34.80293289], [134.97406039, 34.80306171], [134.97411359, 34.80336461], [134.9736334, 34.80352453], [134.97373122, 34.80379106], [134.97545264, 34.80367066], [134.97716767, 34.80154831], [134.97764753, 34.80140253], [134.97825949, 34.80281129], [134.97835822, 34.80280133], [134.97838195, 34.8028485], [134.97851425, 34.80287935], [134.97912616, 34.80277086], [134.97917293, 34.8027846], [134.97924115, 34.80280464], [134.9793176, 34.80301765], [134.97929397, 34.80312111], [134.9790705, 34.8034656], [134.97898857, 34.80391672], [134.97896144, 34.80406609], [134.97900088, 34.80415951], [134.97914696, 34.80418579], [134.9793836, 34.80414346], [134.97941164, 34.80411979], [134.97993199, 34.80368063], [134.97994318, 34.8036759], [134.98016475, 34.80358232], [134.98048879, 34.80344545], [134.98140102, 34.80328769], [134.98187326, 34.80306736], [134.98215287, 34.80305066], [134.9824479, 34.80303304], [134.98262619, 34.80295182], [134.98298339, 34.80252681], [134.98380816, 34.80240728], [134.98444841, 34.80231448], [134.98487521, 34.8023939], [134.98511483, 34.80256371], [134.98537399, 34.80274736], [134.9859774, 34.80296797], [134.98652488, 34.80297973], [134.98705112, 34.80288717], [134.98722682, 34.80290576], [134.98736823, 34.80312716], [134.98741285, 34.80319702], [134.98744387, 34.80346459], [134.9874881, 34.80362878], [134.98751621, 34.80373313], [134.98858934, 34.80450377], [134.98869979, 34.80458308], [134.98873619, 34.80465987], [134.98881875, 34.80483406], [134.98957223, 34.80531855], [134.98971632, 34.80541119], [134.98985748, 34.80550196], [134.99015116, 34.8055224], [134.99022811, 34.80555592], [134.99028506, 34.80558073], [134.99040137, 34.80596214], [134.99079949, 34.8070742]]]}}, {"type": "Feature", "id": "did-1970-21", "properties": {"A16_001": "282161", "A16_002": "28216", "A16_003": "高砂市", "A16_004": "1", "A16_005": "46990", "A16_006": "15.1", "A16_007": "33776", "A16_008": "9.0", "A16_009": "68.2", "A16_010": "45.0", "A16_011": "1970", "year": 1970, "population": 46990.0, "areaKm2": 15.1, "density": 3111.9205298013244}, "geometry": {"type": "Polygon", "coordinates": [[[134.82054635, 34.77825686], [134.82053695, 34.77811167], [134.82049028, 34.77739944], [134.820475, 34.77716611], [134.82047834, 34.77678667], [134.82047916, 34.77671806], [134.8204825, 34.77635611], [134.82048334, 34.77625444], [134.821445, 34.77621], [134.82153472, 34.77620583], [134.8210825, 34.77488], [134.82099097, 34.77461149], [134.82085611, 34.77421583], [134.82100111, 34.77422473], [134.82100695, 34.774225], [134.82114361, 34.77423333], [134.82243945, 34.7743125], [134.82265695, 34.77428472], [134.82280778, 34.774105], [134.82286639, 34.77382889], [134.82286528, 34.77376556], [134.82286195, 34.77356194], [134.82285861, 34.77334806], [134.82285805, 34.7733175], [134.82286166, 34.77330111], [134.82320166, 34.77174194], [134.82322334, 34.77163139], [134.82328555, 34.77131361], [134.82329233, 34.77115144], [134.82329389, 34.77111417], [134.82329389, 34.77111333], [134.82323528, 34.77105111], [134.82286666, 34.77098222], [134.82234722, 34.77096139], [134.82232778, 34.77096028], [134.82160166, 34.77092], [134.82111584, 34.77092], [134.82068805, 34.77095833], [134.81980945, 34.7710375], [134.81854107, 34.77131124], [134.81854107, 34.77131124], [134.81846445, 34.77132778], [134.81731723, 34.77161083], [134.81658834, 34.77175583], [134.81611084, 34.77181806], [134.81567527, 34.77181806], [134.81550972, 34.77178488], [134.81508889, 34.77170056], [134.8141425, 34.77140361], [134.81338027, 34.77105111], [134.81326916, 34.77097639], [134.81294368, 34.77075728], [134.81271424, 34.77060284], [134.81264111, 34.77055361], [134.81202945, 34.77002167], [134.81162584, 34.76953111], [134.81142666, 34.76928917], [134.81123389, 34.76903], [134.81080666, 34.76842889], [134.81064666, 34.76815194], [134.81037945, 34.76768944], [134.81011028, 34.767155], [134.80992722, 34.76679111], [134.80955945, 34.76590333], [134.80949195, 34.76574083], [134.80940805, 34.76524333], [134.80939903, 34.76518713], [134.80939084, 34.76513611], [134.80933278, 34.76477694], [134.80933947, 34.76437721], [134.80934106, 34.76428276], [134.80934111, 34.76427944], [134.8093591, 34.76382303], [134.80938305, 34.76321528], [134.80939034, 34.76309575], [134.80940223, 34.76290083], [134.80943305, 34.7624], [134.80938305, 34.76212361], [134.80934695, 34.76197139], [134.80931611, 34.76184111], [134.80930722, 34.76180389], [134.80928222, 34.76169861], [134.80912334, 34.76102833], [134.80895584, 34.76055139], [134.80874639, 34.75994333], [134.80868043, 34.75981883], [134.808645, 34.75975194], [134.80831929, 34.75913714], [134.80829486, 34.75909103], [134.80825222, 34.75901056], [134.80809398, 34.75878283], [134.80789222, 34.7584925], [134.80771055, 34.75828611], [134.80729305, 34.75781167], [134.80689111, 34.75728639], [134.80681001, 34.75713236], [134.80669834, 34.75692028], [134.80659778, 34.75669917], [134.80658945, 34.75659556], [134.80669, 34.75651277], [134.80693305, 34.75647139], [134.80741795, 34.75641799], [134.80756111, 34.75640222], [134.80768361, 34.75638944], [134.80781278, 34.75637583], [134.80822305, 34.75633306], [134.80824655, 34.7563114], [134.80836528, 34.75620194], [134.80855805, 34.75585639], [134.80869222, 34.75551083], [134.80885972, 34.75460556], [134.80887584, 34.75449889], [134.80893389, 34.754115], [134.80898528, 34.75377639], [134.80905334, 34.75353361], [134.80911166, 34.75332611], [134.80913611, 34.75323917], [134.80915361, 34.7530325], [134.80920215, 34.75280051], [134.80920639, 34.75278028], [134.80928084, 34.75242639], [134.80963625, 34.75084221], [134.80967879, 34.75065256], [134.80977222, 34.75023611], [134.80982666, 34.74997167], [134.80992972, 34.74947111], [134.80995555, 34.74934583], [134.81011166, 34.74854417], [134.81022305, 34.74809028], [134.81030028, 34.74777556], [134.81034222, 34.74760417], [134.8103711, 34.74748691], [134.80798089, 34.7473725], [134.80794293, 34.74162801], [134.80742201, 34.73926731], [134.80685547, 34.73808974], [134.80660661, 34.73784039], [134.80657071, 34.73755142], [134.80712808, 34.73734034], [134.80712808, 34.73718316], [134.80644936, 34.73710682], [134.80632352, 34.73736729], [134.80631903, 34.73777147], [134.80569762, 34.73813903], [134.80523036, 34.73669358], [134.80461876, 34.73440686], [134.80336788, 34.73480273], [134.80208111, 34.73472478], [134.80293709, 34.73621116], [134.80319343, 34.73623295], [134.80323158, 34.73638557], [134.80302974, 34.73657081], [134.80381345, 34.73853439], [134.80366892, 34.73861624], [134.80496429, 34.74179235], [134.80547296, 34.74352552], [134.80561974, 34.74481014], [134.80638364, 34.74460086], [134.80644936, 34.74479371], [134.80553345, 34.74506044], [134.80621956, 34.74733809], [134.80587309, 34.74731224], [134.80522307, 34.74511954], [134.80427285, 34.74539344], [134.80422256, 34.74511954], [134.80528711, 34.74482742], [134.8049499, 34.74307807], [134.80344193, 34.73972609], [134.80153476, 34.73672198], [134.80113856, 34.73485246], [134.80060165, 34.73442615], [134.8003985, 34.73436559], [134.80038775, 34.73414123], [134.80040505, 34.73321722], [134.80057613, 34.73303494], [134.80035372, 34.73286399], [134.8003081, 34.7326475], [134.80010269, 34.7326367], [134.80002778, 34.73266667], [134.79998104, 34.73266667], [134.79947222, 34.73266667], [134.79947222, 34.73377778], [134.79891667, 34.73405556], [134.79947222, 34.73516667], [134.79909225, 34.73554664], [134.79902291, 34.73561598], [134.79895613, 34.73568276], [134.79891667, 34.73572222], [134.79716239, 34.73246428], [134.79697222, 34.73211111], [134.78752778, 34.73988889], [134.79176454, 34.74412565], [134.79197222, 34.74433333], [134.79177746, 34.74448482], [134.79146452, 34.74472822], [134.78947222, 34.74627778], [134.78947222, 34.74633866], [134.78947222, 34.74655556], [134.78928776, 34.74661704], [134.78863889, 34.74683333], [134.78808333, 34.74738889], [134.78690875, 34.74621431], [134.78669444, 34.746], [134.78863889, 34.74488889], [134.78863889, 34.74433333], [134.78569852, 34.74112565], [134.78558333, 34.741], [134.76863889, 34.74988889], [134.76947222, 34.75127778], [134.77219031, 34.75553098], [134.77614749, 34.76024957], [134.77665289, 34.76033618], [134.77981439, 34.75977156], [134.78023472, 34.76062104], [134.78064644, 34.76065034], [134.78201577, 34.76219743], [134.783764, 34.76367724], [134.78519036, 34.76438181], [134.78661736, 34.76462134], [134.78794107, 34.76505026], [134.78732096, 34.76612254], [134.78492475, 34.76554726], [134.78370819, 34.76527362], [134.78261063, 34.76462189], [134.77977765, 34.76263887], [134.77884249, 34.76311593], [134.77898019, 34.76354761], [134.77811141, 34.76387891], [134.77661634, 34.76226655], [134.77662157, 34.76211533], [134.77603166, 34.76184414], [134.77525272, 34.76160341], [134.77510136, 34.76142088], [134.77441749, 34.76155127], [134.77345035, 34.76097663], [134.77351299, 34.7606272], [134.77338771, 34.76061678], [134.77322065, 34.76081494], [134.77232606, 34.75992454], [134.77248265, 34.75978373], [134.7717727, 34.75906925], [134.77145428, 34.75917359], [134.77016675, 34.75758242], [134.7670555, 34.75215659], [134.76641667, 34.75238889], [134.7653758, 34.75082759], [134.75832734, 34.7540049], [134.76025922, 34.75690272], [134.76113889, 34.75822222], [134.76109666, 34.75826445], [134.76086111, 34.7585], [134.76137754, 34.7585], [134.76141667, 34.7585], [134.76225, 34.75877778], [134.76364329, 34.75849912], [134.76502778, 34.75822222], [134.76586111, 34.75988889], [134.76606232, 34.76002303], [134.76660337, 34.76038373], [134.76669444, 34.76044444], [134.76664987, 34.76045559], [134.76673274, 34.76058362], [134.76887166, 34.76688617], [134.76896431, 34.76787384], [134.76963808, 34.76844362], [134.76941567, 34.76863501], [134.76889045, 34.76881404], [134.76893373, 34.76939012], [134.76928076, 34.77033708], [134.76975784, 34.77115134], [134.77024762, 34.77166301], [134.77018377, 34.77204155], [134.76957479, 34.77279275], [134.76908883, 34.77313757], [134.76881743, 34.77305387], [134.76874377, 34.77273249], [134.76936696, 34.77209639], [134.76934462, 34.77156339], [134.76875321, 34.77081504], [134.76829072, 34.76973865], [134.76815339, 34.76875278], [134.76854314, 34.76805728], [134.7660225, 34.76061243], [134.76144578, 34.76175661], [134.76113889, 34.76183333], [134.7618025, 34.76349973], [134.76297611, 34.76668806], [134.76324055, 34.76740639], [134.76391748, 34.76942165], [134.76402777, 34.76975], [134.7640675, 34.76986778], [134.76415002, 34.77006821], [134.76631849, 34.77251169], [134.76733265, 34.77311167], [134.76862896, 34.77332916], [134.77020181, 34.77469662], [134.77056343, 34.77531414], [134.77006373, 34.77555061], [134.7696693, 34.77459154], [134.76833457, 34.77367188], [134.7667935, 34.77327572], [134.76487815, 34.77232543], [134.76483139, 34.77249722], [134.76498386, 34.77292589], [134.7655225, 34.77444028], [134.76554972, 34.77454111], [134.76562, 34.77480306], [134.76562695, 34.77482889], [134.76562695, 34.77483542], [134.76562695, 34.77491222], [134.76562695, 34.77507083], [134.76565834, 34.77531278], [134.76585722, 34.77549389], [134.76593738, 34.77550665], [134.76593738, 34.77550665], [134.76599607, 34.77551599], [134.76612945, 34.77553722], [134.76631555, 34.77550722], [134.76661084, 34.77545944], [134.76676805, 34.77547667], [134.76678916, 34.77553861], [134.76684139, 34.77569278], [134.7668425, 34.77571861], [134.7668495, 34.77587336], [134.76685509, 34.77599692], [134.76686223, 34.77615472], [134.76691445, 34.77627556], [134.76693089, 34.77629328], [134.767155, 34.77653472], [134.767235, 34.77659861], [134.76732527, 34.77667111], [134.76739778, 34.77672889], [134.76740728, 34.7767365], [134.76750055, 34.77681111], [134.76751305, 34.77686667], [134.76753195, 34.77694944], [134.76735029, 34.77746196], [134.76728045, 34.77765898], [134.76725695, 34.77772528], [134.76719886, 34.77788925], [134.76713416, 34.77807194], [134.76702648, 34.77839789], [134.76696722, 34.77857722], [134.76682, 34.77902194], [134.76660336, 34.77969458], [134.76660028, 34.77970417], [134.76658972, 34.78004111], [134.76660475, 34.78021514], [134.76661055, 34.7802825], [134.76660717, 34.78030105], [134.76656889, 34.78051139], [134.76656783, 34.78051748], [134.76656783, 34.78051748], [134.76652695, 34.78075333], [134.76655834, 34.78092611], [134.76671528, 34.78113333], [134.76677611, 34.78121692], [134.76690389, 34.7813925], [134.76696559, 34.78146294], [134.76717611, 34.78170333], [134.76718214, 34.78171739], [134.76723889, 34.78185], [134.76723889, 34.78195389], [134.76704, 34.78204889], [134.76703052, 34.78205361], [134.76680439, 34.78216625], [134.76654098, 34.78229744], [134.7665375, 34.78229917], [134.76616055, 34.78254973], [134.76601996, 34.78270252], [134.76796089, 34.78418515], [134.76799025, 34.784465], [134.76825566, 34.78459759], [134.76869525, 34.78453132], [134.76965406, 34.78378904], [134.77023444, 34.78406008], [134.77130601, 34.78310926], [134.77221724, 34.78309284], [134.77160152, 34.78419191], [134.77244703, 34.78580557], [134.77568473, 34.78470659], [134.77451266, 34.7828485], [134.77437654, 34.78282846], [134.77403634, 34.78206859], [134.77550308, 34.78104059], [134.77543165, 34.78080271], [134.77475246, 34.78086102], [134.77456997, 34.78019507], [134.77435971, 34.77754265], [134.77822387, 34.77572823], [134.77929394, 34.77634649], [134.7801373, 34.77561152], [134.78079219, 34.77587149], [134.78376671, 34.77440861], [134.78469169, 34.77525728], [134.78337032, 34.77651134], [134.78375418, 34.77664964], [134.78510846, 34.77606409], [134.78587656, 34.7752086], [134.78587656, 34.7748754], [134.78660016, 34.77585611], [134.7870591, 34.77353473], [134.78751373, 34.77342083], [134.78835616, 34.77246581], [134.78866944, 34.77281519], [134.78901946, 34.77267844], [134.78841907, 34.77142494], [134.78735274, 34.77144632], [134.7879477, 34.7694592], [134.78984403, 34.76769793], [134.79148578, 34.76902612], [134.79132479, 34.7695728], [134.79085781, 34.76963862], [134.79067009, 34.76979941], [134.79078274, 34.77041146], [134.79064326, 34.77106534], [134.79288932, 34.77060726], [134.79234269, 34.76977291], [134.79316277, 34.76918075], [134.79379793, 34.76859174], [134.79458455, 34.76923845], [134.79710369, 34.76963306], [134.79748811, 34.76608142], [134.79925112, 34.76513462], [134.79990395, 34.76488216], [134.80106423, 34.76544112], [134.80160675, 34.76603524], [134.80123438, 34.76822718], [134.80381756, 34.76862655], [134.80638579, 34.77100834], [134.80689249, 34.77187615], [134.80511387, 34.77158688], [134.80368687, 34.77150423], [134.80368537, 34.77278418], [134.80343108, 34.77286042], [134.80308798, 34.77426039], [134.80329964, 34.77438236], [134.8054825, 34.77389433], [134.80777764, 34.77305682], [134.80807877, 34.77336583], [134.80816917, 34.77632015], [134.80651695, 34.7768514], [134.80609373, 34.77661558], [134.80486398, 34.77679555], [134.80741715, 34.77949366], [134.80912883, 34.77827872], [134.80972809, 34.77734559], [134.81058024, 34.77729014], [134.81066597, 34.77771831], [134.81123569, 34.77785436], [134.81186786, 34.77752687], [134.81224097, 34.77776865], [134.81304591, 34.7791027], [134.8125506, 34.7793755], [134.81249301, 34.77984063], [134.81171771, 34.78008277], [134.81063194, 34.78071711], [134.81104778, 34.78131889], [134.81024013, 34.78230953], [134.80963245, 34.78178228], [134.80761581, 34.78298224], [134.80887127, 34.78407095], [134.80913491, 34.78398128], [134.80951889, 34.78419325], [134.81006278, 34.78390361], [134.81014722, 34.78385861], [134.81039, 34.78365806], [134.81092584, 34.783065], [134.81100166, 34.78298111], [134.81138666, 34.78256667], [134.81142389, 34.78245667], [134.81145472, 34.78236444], [134.81147055, 34.78231778], [134.81154889, 34.78222222], [134.81164639, 34.78210361], [134.81203166, 34.78156444], [134.81209222, 34.78144083], [134.8122075, 34.78120528], [134.81259305, 34.78134333], [134.81266426, 34.78135339], [134.81288611, 34.78138472], [134.81319611, 34.78132944], [134.81339394, 34.78127938], [134.81387889, 34.78115667], [134.81407139, 34.78111528], [134.8142475, 34.78104611], [134.81438139, 34.78092194], [134.81451611, 34.78079056], [134.81455805, 34.78074944], [134.81459136, 34.78071697], [134.81280527, 34.7776017], [134.81773239, 34.77753067], [134.81869009, 34.77966381], [134.82054635, 34.77825686]]]}}, {"type": "Feature", "id": "did-1970-22", "properties": {"A16_001": "282101", "A16_002": "28210", "A16_003": "加古川市", "A16_004": "1", "A16_005": "25913", "A16_006": "4.0", "A16_007": "22373", "A16_008": "2.4", "A16_009": "20.4", "A16_010": "4.3", "A16_011": "1970", "year": 1970, "population": 25913.0, "areaKm2": 4.0, "density": 6478.25}, "geometry": {"type": "Polygon", "coordinates": [[[134.81854107, 34.77131124], [134.81980945, 34.7710375], [134.82068805, 34.77095833], [134.82111584, 34.77092], [134.82160166, 34.77092], [134.82232778, 34.77096028], [134.82234722, 34.77096139], [134.82286666, 34.77098222], [134.82323528, 34.77105111], [134.82329389, 34.77111333], [134.82329389, 34.77111417], [134.82329233, 34.77115144], [134.82328555, 34.77131361], [134.82322334, 34.77163139], [134.82320166, 34.77174194], [134.82286166, 34.77330111], [134.82285805, 34.7733175], [134.82285861, 34.77334806], [134.82286195, 34.77356194], [134.82286528, 34.77376556], [134.82286639, 34.77382889], [134.82280778, 34.774105], [134.82265695, 34.77428472], [134.82243945, 34.7743125], [134.82114361, 34.77423333], [134.82100695, 34.774225], [134.82100111, 34.77422473], [134.82085611, 34.77421583], [134.82099097, 34.77461149], [134.8210825, 34.77488], [134.82153472, 34.77620583], [134.821445, 34.77621], [134.82048334, 34.77625444], [134.8204825, 34.77635611], [134.82047916, 34.77671806], [134.82047834, 34.77678667], [134.820475, 34.77716611], [134.82049028, 34.77739944], [134.82053695, 34.77811167], [134.82054635, 34.77825686], [134.82054635, 34.77825686], [134.82055, 34.77831333], [134.82055797, 34.77843948], [134.82055834, 34.77844528], [134.82055889, 34.77845167], [134.82057389, 34.77871111], [134.82058389, 34.77888694], [134.82055055, 34.77912194], [134.82048666, 34.77923667], [134.82045834, 34.77928778], [134.82044389, 34.77930083], [134.8204106, 34.77933061], [134.82016713, 34.77954842], [134.82134899, 34.78077116], [134.82177474, 34.78166056], [134.8206195, 34.78200057], [134.8198443, 34.78243295], [134.82098401, 34.78494271], [134.82105908, 34.78549947], [134.82235568, 34.78489989], [134.8225807, 34.7843539], [134.82425817, 34.78332385], [134.82546613, 34.78294116], [134.8273086, 34.78274817], [134.82737844, 34.78235275], [134.8278586, 34.78231929], [134.82797499, 34.7816587], [134.82889744, 34.78161142], [134.82850133, 34.78056609], [134.82845318, 34.77903809], [134.8287674, 34.77809614], [134.83131272, 34.77581759], [134.83126597, 34.77528293], [134.82819198, 34.77454019], [134.82714939, 34.77445489], [134.82869775, 34.77202667], [134.83228219, 34.77429981], [134.83586177, 34.77597317], [134.83855976, 34.77316071], [134.84242476, 34.7723198], [134.84247057, 34.77212094], [134.84123904, 34.7717113], [134.8418254, 34.77128283], [134.84255564, 34.7716016], [134.84424629, 34.77064198], [134.84416477, 34.77014493], [134.84378305, 34.76972027], [134.84618197, 34.76878704], [134.8476905, 34.76877612], [134.84830603, 34.76972292], [134.84802519, 34.76995619], [134.84744649, 34.76998715], [134.8471176, 34.77053899], [134.846539, 34.77084324], [134.84553325, 34.77022192], [134.84286228, 34.77281123], [134.84405772, 34.77388356], [134.84497662, 34.7728505], [134.84484321, 34.772212], [134.84740367, 34.77199661], [134.8474205, 34.77296716], [134.84763169, 34.77324146], [134.85033603, 34.77245419], [134.84994245, 34.77190149], [134.85032519, 34.77119663], [134.85022011, 34.77070163], [134.84810231, 34.76844893], [134.84793488, 34.76788682], [134.84822955, 34.76741171], [134.84946566, 34.7671517], [134.84807913, 34.76579846], [134.84682386, 34.76673795], [134.84645271, 34.76630147], [134.84661716, 34.76601986], [134.84587654, 34.76547583], [134.84630163, 34.76480352], [134.84553746, 34.76394693], [134.84551801, 34.76325378], [134.84536796, 34.76324802], [134.84479394, 34.76351891], [134.84426246, 34.76299391], [134.84470242, 34.76267584], [134.84440419, 34.76227542], [134.84384625, 34.76288632], [134.84252769, 34.76187891], [134.84163403, 34.76233127], [134.84125896, 34.76202512], [134.84130467, 34.76177377], [134.84086556, 34.76165034], [134.84065511, 34.7617646], [134.83979352, 34.76126104], [134.83942499, 34.76166672], [134.83891081, 34.7611827], [134.83910507, 34.76081329], [134.83868354, 34.760322], [134.838203, 34.76038091], [134.83797629, 34.7600955], [134.83805333, 34.75971045], [134.83871383, 34.75924276], [134.8380265, 34.75845905], [134.83727681, 34.75906725], [134.83692446, 34.75921446], [134.83618506, 34.75909925], [134.83526877, 34.75922087], [134.83509582, 34.7581262], [134.83282807, 34.759595], [134.83148595, 34.75816923], [134.83093811, 34.75886353], [134.83109349, 34.75921216], [134.83063913, 34.75955041], [134.83076796, 34.75992153], [134.8295154, 34.76042093], [134.82882938, 34.760906], [134.82921203, 34.76125894], [134.82916753, 34.76145033], [134.82890025, 34.76163722], [134.82837905, 34.76163281], [134.82892689, 34.76229736], [134.82711162, 34.76327347], [134.82617908, 34.76334394], [134.82577175, 34.7623778], [134.82530262, 34.76277652], [134.82479853, 34.76305632], [134.82432436, 34.76283628], [134.82357579, 34.76338967], [134.82340976, 34.76402612], [134.82284079, 34.76459144], [134.82441869, 34.76503178], [134.82002183, 34.76836057], [134.81912658, 34.76938522], [134.81872402, 34.77029781], [134.81854107, 34.77131124]]]}}, {"type": "Feature", "id": "did-1970-23", "properties": {"A16_001": "282041", "A16_002": "28204", "A16_003": "西宮市", "A16_004": "1", "A16_005": "360047", "A16_006": "33.3", "A16_007": "316071", "A16_008": "31.1", "A16_009": "95.5", "A16_010": "34.5", "A16_011": "1970", "year": 1970, "population": 360047.0, "areaKm2": 33.3, "density": 10812.222222222223}, "geometry": {"type": "Polygon", "coordinates": [[[135.37426662, 34.76626803], [135.37421527, 34.76600944], [135.37421521, 34.76600911], [135.37415416, 34.76570056], [135.37416138, 34.7655275], [135.37413416, 34.76536111], [135.37411084, 34.76521722], [135.37401695, 34.76494889], [135.37392956, 34.7646107], [135.37389916, 34.76449306], [135.37388598, 34.76444221], [135.37386862, 34.76437527], [135.37383695, 34.76425306], [135.37383638, 34.76425111], [135.37377834, 34.76403333], [135.37368445, 34.76358611], [135.37359777, 34.76321027], [135.37356889, 34.76300723], [135.37348916, 34.7626375], [135.37346749, 34.76250028], [135.37342416, 34.76230361], [135.37340973, 34.76212472], [135.37336639, 34.76196972], [135.37333, 34.76175194], [135.37327222, 34.76144778], [135.37323695, 34.76105361], [135.37322888, 34.76096444], [135.37322361, 34.76081194], [135.37322166, 34.76075556], [135.37322366, 34.760661], [135.37323343, 34.7601974], [135.37323612, 34.76006972], [135.37320722, 34.75989083], [135.37322166, 34.75970611], [135.37322166, 34.75935111], [135.37320723, 34.75907083], [135.37322889, 34.75888583], [135.37324088, 34.75850932], [135.37325055, 34.75820583], [135.37329389, 34.7578], [135.37331834, 34.75759027], [135.37335195, 34.75729917], [135.37340973, 34.75695639], [135.37348112, 34.75669333], [135.3735057, 34.75660244], [135.37351805, 34.75655667], [135.37361223, 34.75589444], [135.37366055, 34.75567583], [135.37370036, 34.75549672], [135.37370611, 34.75547083], [135.3737187, 34.75539043], [135.37371916, 34.7553875], [135.37380027, 34.75486833], [135.37389416, 34.75451667], [135.37394806, 34.75425444], [135.37396639, 34.75416473], [135.37400909, 34.75398052], [135.37408945, 34.75363389], [135.37414723, 34.75347889], [135.37423101, 34.75327175], [135.37424195, 34.75324472], [135.37438885, 34.75294775], [135.37448778, 34.75274778], [135.37452722, 34.7526825], [135.37458888, 34.75258083], [135.37471889, 34.75227694], [135.37487611, 34.75181389], [135.37499334, 34.75146861], [135.37506759, 34.75117834], [135.37528945, 34.75031111], [135.37559306, 34.74931833], [135.37569584, 34.74899694], [135.37573683, 34.74886895], [135.37574584, 34.74884083], [135.37582416, 34.74859639], [135.37584737, 34.74851166], [135.37597612, 34.74804167], [135.37604038, 34.74787375], [135.37604277, 34.7478675], [135.37614945, 34.74758833], [135.37622445, 34.74724139], [135.37622888, 34.74722027], [135.37640945, 34.74659973], [135.37654666, 34.74607194], [135.37672749, 34.74547527], [135.37688639, 34.74515917], [135.37698749, 34.74498611], [135.37700666, 34.74494], [135.37708749, 34.74474583], [135.37719745, 34.74448177], [135.37722584, 34.74441361], [135.37731499, 34.74424194], [135.37762916, 34.7436375], [135.37765195, 34.74359333], [135.37797679, 34.74306352], [135.37822249, 34.74266277], [135.37825361, 34.74261639], [135.37867027, 34.741995], [135.37874107, 34.74187879], [135.37893749, 34.74155639], [135.37921223, 34.74109111], [135.37985499, 34.74016806], [135.38000666, 34.7399175], [135.38007166, 34.73981027], [135.38027416, 34.73935111], [135.38042945, 34.73906806], [135.38047638, 34.73898277], [135.38054172, 34.73877322], [135.38055358, 34.73873518], [135.38057277, 34.73867361], [135.38057277, 34.73867333], [135.38064945, 34.73842806], [135.38066416, 34.73838027], [135.38072916, 34.73794028], [135.38075445, 34.73761667], [135.38075806, 34.73757056], [135.38079499, 34.73702027], [135.38080139, 34.73692639], [135.38079357, 34.73666877], [135.38078695, 34.73645056], [135.38078416, 34.73621722], [135.38078, 34.73590194], [135.38073027, 34.73547288], [135.38070413, 34.73524736], [135.38068611, 34.73509194], [135.38053445, 34.73417361], [135.38048056, 34.73400722], [135.38044195, 34.73388778], [135.38026305, 34.73333528], [135.38020195, 34.73314611], [135.3801799, 34.73307793], [135.37994916, 34.73236472], [135.37987611, 34.73207639], [135.37983022, 34.73189543], [135.37982723, 34.73188361], [135.37978489, 34.73171718], [135.37971416, 34.73143917], [135.37968916, 34.73134027], [135.37961722, 34.730875], [135.37963306, 34.730715], [135.37966056, 34.730435], [135.37967353, 34.73036004], [135.37971834, 34.73010111], [135.37975416, 34.72995056], [135.37979777, 34.72976694], [135.37997306, 34.72931776], [135.37999278, 34.72926722], [135.38028916, 34.72866667], [135.38048416, 34.72830861], [135.3807228, 34.72798911], [135.38075138, 34.72795083], [135.38135852, 34.72727318], [135.381445, 34.72717667], [135.3814883, 34.72712586], [135.38235473, 34.72610917], [135.38271834, 34.72568556], [135.38272334, 34.72567972], [135.3831025, 34.72506806], [135.38326027, 34.72481806], [135.38336329, 34.72465494], [135.38343356, 34.72454367], [135.38371638, 34.72409583], [135.38391889, 34.72377361], [135.38403445, 34.72347722], [135.38417166, 34.72305944], [135.38418395, 34.72300648], [135.38426555, 34.72265472], [135.38429445, 34.72253027], [135.38431611, 34.72224389], [135.38431638, 34.72186444], [135.38431639, 34.72175472], [135.38431166, 34.7217275], [135.38430388, 34.72168222], [135.38429889, 34.72165278], [135.38426584, 34.72146223], [135.38424195, 34.72137972], [135.38417916, 34.72116417], [135.38416817, 34.72113653], [135.38401306, 34.72074639], [135.38341388, 34.71935611], [135.38332666, 34.71915389], [135.38327527, 34.71902027], [135.38305084, 34.71843667], [135.38304962, 34.7184335], [135.38298723, 34.71827111], [135.38287139, 34.71800936], [135.38266, 34.71753167], [135.38233723, 34.71680361], [135.38228416, 34.71667361], [135.3821925, 34.71644778], [135.38217624, 34.71640789], [135.38215639, 34.71635917], [135.38211249, 34.71625139], [135.38211166, 34.71624972], [135.38208584, 34.71618639], [135.38204416, 34.71608389], [135.38200527, 34.71598833], [135.38197027, 34.7159025], [135.38192556, 34.7157925], [135.38188084, 34.71566917], [135.38157777, 34.71483583], [135.38157144, 34.71481842], [135.38154881, 34.71475625], [135.3813475, 34.71420306], [135.38091208, 34.71289581], [135.3808872, 34.71282113], [135.38085666, 34.71272944], [135.38048834, 34.71161389], [135.38035112, 34.71136639], [135.38034777, 34.71135639], [135.38030002, 34.71121493], [135.3802362, 34.71102588], [135.3802362, 34.71102588], [135.37989935, 34.71115572], [135.37797545, 34.70676557], [135.37740041, 34.70665056], [135.37216496, 34.69608504], [135.37058734, 34.69803686], [135.36631622, 34.70299017], [135.36364778, 34.70500239], [135.36991824, 34.71102077], [135.36967461, 34.71126762], [135.36500206, 34.70703866], [135.36415038, 34.70643056], [135.36315624, 34.70597867], [135.36309376, 34.70596974], [135.3628768, 34.70593875], [135.36136111, 34.70572222], [135.36102259, 34.70572222], [135.3607107, 34.70572222], [135.36052778, 34.70572222], [135.36030535, 34.70590758], [135.35886111, 34.70711111], [135.35827093, 34.70730784], [135.35802778, 34.70738889], [135.35858333, 34.70766667], [135.35843631, 34.70778919], [135.35619999, 34.70965279], [135.35593356, 34.70987481], [135.35590472, 34.70989884], [135.35525, 34.71044444], [135.35503744, 34.71108213], [135.35497222, 34.71127778], [135.35494865, 34.71130135], [135.35453395, 34.71171605], [135.35405105, 34.71219895], [135.35278677, 34.71346323], [135.35216843, 34.71408157], [135.35136111, 34.71488889], [135.35071103, 34.71521393], [135.3474494, 34.71760157], [135.34482715, 34.7192006], [135.34917473, 34.7217307], [135.3488249, 34.72222128], [135.34677947, 34.72110422], [135.3466813, 34.72080989], [135.3462148, 34.72055238], [135.34499945, 34.72171808], [135.34562713, 34.72280829], [135.34711565, 34.72444423], [135.34720521, 34.72517966], [135.34763825, 34.72645655], [135.34720456, 34.72659666], [135.34706414, 34.72580348], [135.34681733, 34.72509956], [135.34638569, 34.72434761], [135.34459006, 34.7222338], [135.34481219, 34.72211815], [135.34449582, 34.72162952], [135.34431754, 34.72168577], [135.34256433, 34.71984803], [135.33886111, 34.72211111], [135.33884179, 34.72222706], [135.33881111, 34.7224111], [135.33858333, 34.72377778], [135.33771873, 34.72421008], [135.33752573, 34.72430658], [135.33747222, 34.72433333], [135.33738204, 34.72440548], [135.33608333, 34.72544444], [135.33591707, 34.72549987], [135.335965, 34.72640441], [135.3360855, 34.72654752], [135.33714482, 34.72649297], [135.33719418, 34.72693231], [135.33620741, 34.72707296], [135.33614076, 34.72738002], [135.33623817, 34.72837621], [135.33562386, 34.72841122], [135.3353217, 34.72612896], [135.3352195, 34.72567648], [135.33471714, 34.72492293], [135.33413889, 34.72405556], [135.33497222, 34.72322222], [135.33496976, 34.72320255], [135.33486472, 34.72236222], [135.33478765, 34.72174562], [135.33441667, 34.72197085], [135.33441667, 34.72211111], [135.33377395, 34.72236106], [135.32970982, 34.72394155], [135.32941667, 34.72405556], [135.3292539, 34.72405556], [135.32867129, 34.72405556], [135.32858333, 34.72405556], [135.32775, 34.72405556], [135.32691667, 34.72461111], [135.32608333, 34.72461111], [135.32469444, 34.72516667], [135.32433496, 34.72524655], [135.32433496, 34.72524655], [135.32434401, 34.7255168], [135.32434459, 34.72553434], [135.32435537, 34.72585623], [135.32436945, 34.72627667], [135.32437195, 34.72631306], [135.32437445, 34.72635194], [135.32438278, 34.7264775], [135.32440556, 34.72657083], [135.32454666, 34.72669889], [135.32464527, 34.72678833], [135.32466778, 34.72685556], [135.32463166, 34.72700472], [135.32456473, 34.72738889], [135.32454111, 34.72752361], [135.32452584, 34.72759083], [135.32451844, 34.72762363], [135.32449527, 34.72772639], [135.32448402, 34.7277757], [135.32447334, 34.7278225], [135.32441889, 34.72796833], [135.32434222, 34.72808778], [135.32426527, 34.72824833], [135.32413627, 34.72863191], [135.32413, 34.72865056], [135.32407084, 34.72882723], [135.32401084, 34.72902944], [135.32398472, 34.72911778], [135.32397112, 34.72916333], [135.32395916, 34.7292625], [135.32394028, 34.72941917], [135.32393056, 34.72949972], [135.32392138, 34.7296525], [135.32391971, 34.72966561], [135.32391, 34.72974168], [135.32389445, 34.72986527], [135.32389611, 34.72995667], [135.32389749, 34.73004194], [135.32389889, 34.73012667], [135.32391695, 34.73038083], [135.32392139, 34.73059], [135.32386722, 34.73068333], [135.32379027, 34.73072444], [135.32371612, 34.73074111], [135.32364111, 34.73075806], [135.32358416, 34.73076694], [135.32357872, 34.73076778], [135.32339499, 34.73079611], [135.32318249, 34.73080361], [135.32294278, 34.73083361], [135.32280249, 34.73085972], [135.32276389, 34.73090806], [135.32269862, 34.73099027], [135.32259445, 34.73121806], [135.32278889, 34.73128917], [135.32288388, 34.73133027], [135.32287945, 34.73137139], [135.32286154, 34.73140535], [135.32284166, 34.73144306], [135.32279334, 34.73153556], [135.32271987, 34.73164028], [135.32261249, 34.73179333], [135.32255834, 34.7319425], [135.32258528, 34.73200972], [135.32268028, 34.73204333], [135.32276277, 34.73206305], [135.32285223, 34.73208444], [135.32286584, 34.73212167], [135.32285467, 34.73213741], [135.32282249, 34.73218277], [135.32281473, 34.73219361], [135.32277166, 34.73225417], [135.32275888, 34.73227194], [135.32272861, 34.732315], [135.32265638, 34.73241694], [135.32264999, 34.73242556], [135.32263434, 34.73244763], [135.32258084, 34.73252306], [135.32253861, 34.7325825], [135.32250084, 34.73263583], [135.32244527, 34.73271417], [135.32239874, 34.73276433], [135.32232749, 34.73284111], [135.32222565, 34.73291927], [135.32221999, 34.73292361], [135.32208055, 34.73303056], [135.32182112, 34.73322972], [135.32181695, 34.73324417], [135.32179416, 34.73332333], [135.32177584, 34.73338639], [135.32175306, 34.73355083], [135.32173055, 34.73372639], [135.32172027, 34.73377833], [135.32171195, 34.73381972], [135.32170028, 34.73387833], [135.3217, 34.73387972], [135.32168112, 34.73397527], [135.32168084, 34.73397667], [135.32160388, 34.73412972], [135.32149527, 34.73422667], [135.32138666, 34.73423417], [135.32118362, 34.73421917], [135.32106056, 34.73417667], [135.32102084, 34.73416306], [135.3208625, 34.73416306], [135.32086223, 34.73416472], [135.32084889, 34.73426389], [135.32086695, 34.73445444], [135.32083556, 34.73459833], [135.32079, 34.73480556], [135.32093027, 34.73488777], [135.32093472, 34.73492889], [135.32083695, 34.73516694], [135.32077862, 34.73530833], [135.32071638, 34.73546], [135.32070824, 34.73547979], [135.32061805, 34.73569889], [135.32057305, 34.73585222], [135.32065445, 34.73596778], [135.32075834, 34.73610972], [135.32079416, 34.73620333], [135.32075871, 34.73629674], [135.32075695, 34.73630139], [135.32073584, 34.73635639], [135.32065678, 34.73652071], [135.32062277, 34.73659139], [135.32054138, 34.7366475], [135.32044639, 34.73666611], [135.32022028, 34.73669972], [135.32012835, 34.73670886], [135.31999389, 34.73672222], [135.31976638, 34.73679944], [135.31974084, 34.73680806], [135.31965419, 34.73684885], [135.31955612, 34.736895], [135.31935166, 34.73699111], [135.31918889, 34.73708056], [135.31906666, 34.73716277], [135.31903056, 34.73723], [135.31907584, 34.7372675], [135.31917973, 34.737275], [135.31930638, 34.73725611], [135.319415, 34.73726], [135.31951916, 34.73728972], [135.31957334, 34.73740944], [135.31956695, 34.73752833], [135.31956416, 34.73758111], [135.31953277, 34.73782777], [135.31944211, 34.73799485], [135.31939695, 34.73807806], [135.31932, 34.73813778], [135.3192717, 34.73813501], [135.31918889, 34.73813028], [135.31912556, 34.73812639], [135.31908028, 34.7382125], [135.31901862, 34.73827944], [135.31896723, 34.73833556], [135.31888138, 34.73836556], [135.31872306, 34.73835806], [135.31855556, 34.73833556], [135.31852806, 34.73834333], [135.31852473, 34.73834417], [135.31844723, 34.73836556], [135.31843305, 34.73838417], [135.31837916, 34.73845528], [135.31830834, 34.73852028], [135.31825472, 34.73856972], [135.31814861, 34.73866778], [135.31809139, 34.73877722], [135.31801945, 34.73891472], [135.31797666, 34.73899639], [135.31789084, 34.73910861], [135.31786806, 34.73925806], [135.31778223, 34.73933639], [135.31760584, 34.7393775], [135.31755084, 34.73941194], [135.31743862, 34.73948194], [135.31732527, 34.7396725], [135.31723056, 34.73984806], [135.31731195, 34.73991167], [135.31732166, 34.73991306], [135.31747139, 34.73993306], [135.31750638, 34.73993777], [135.31756718, 34.73998138], [135.31757416, 34.73998639], [135.31756527, 34.74017306], [135.31756111, 34.74026306], [135.31755084, 34.74047972], [135.31754695, 34.74056139], [135.31736027, 34.74056139], [135.3171684, 34.74056139], [135.31710834, 34.74056139], [135.31709027, 34.74061389], [135.31706556, 34.74067861], [135.317045, 34.74073306], [135.31705862, 34.74078694], [135.31706684, 34.74079146], [135.317235, 34.74088389], [135.31721805, 34.74101028], [135.31719862, 34.74115472], [135.31718528, 34.74125361], [135.3171774, 34.74130114], [135.31716306, 34.74138777], [135.31715362, 34.74144417], [135.31693195, 34.74144417], [135.31687877, 34.74145592], [135.31679612, 34.74147417], [135.31676445, 34.74157861], [135.31675903, 34.74161391], [135.31672834, 34.74181389], [135.31666612, 34.74228861], [135.31663755, 34.74250663], [135.31661528, 34.74267667], [135.31655195, 34.74340472], [135.31653834, 34.74347083], [135.31643888, 34.74395027], [135.31635306, 34.74476056], [135.31646612, 34.74475806], [135.31692112, 34.74474833], [135.31703305, 34.74474611], [135.31709612, 34.74474472], [135.31713109, 34.74474395], [135.31722139, 34.74474194], [135.31729834, 34.74505194], [135.31733889, 34.7452575], [135.31733973, 34.74528222], [135.31734361, 34.74538806], [135.31737973, 34.74571277], [135.31737973, 34.74609], [135.31733889, 34.74624417], [135.3173089, 34.7463565], [135.31730722, 34.74636278], [135.31709472, 34.74636056], [135.31694084, 34.74635889], [135.31685056, 34.74657556], [135.31667861, 34.74691167], [135.31662945, 34.74697333], [135.31650223, 34.74713222], [135.31632139, 34.74734139], [135.31619979, 34.74744479], [135.31616889, 34.74747106], [135.31616889, 34.74747106], [135.31728731, 34.74819287], [135.31667365, 34.74906214], [135.31701787, 34.74925128], [135.3172773, 34.74979876], [135.3191409, 34.74980237], [135.32000997, 34.74941808], [135.32080359, 34.74943446], [135.32387086, 34.75123269], [135.32348092, 34.75188091], [135.32165799, 34.7528461], [135.3209944, 34.75305618], [135.32016021, 34.75310997], [135.31988741, 34.75297854], [135.3195415, 34.75297854], [135.3191022, 34.75333934], [135.3187074, 34.75401706], [135.31870253, 34.75441617], [135.31830717, 34.75524106], [135.3165021, 34.75662235], [135.31507752, 34.75698745], [135.31424753, 34.75706349], [135.31374232, 34.75770484], [135.31347269, 34.75748505], [135.31318755, 34.75747573], [135.31334873, 34.75804546], [135.31367902, 34.75850478], [135.31333358, 34.75939428], [135.31332265, 34.75967694], [135.31382655, 34.75947879], [135.31434634, 34.75953724], [135.31530264, 34.76109394], [135.31572904, 34.76160727], [135.31715193, 34.76167935], [135.31766089, 34.76145514], [135.31727562, 34.76102923], [135.31667851, 34.76075293], [135.31580813, 34.76072037], [135.3156277, 34.76035196], [135.31570585, 34.75977662], [135.31582365, 34.75977662], [135.31621752, 34.75772097], [135.31640767, 34.75742494], [135.31699852, 34.75717789], [135.31842805, 34.75647438], [135.31989638, 34.75639784], [135.32026959, 34.75678624], [135.32036738, 34.75733969], [135.32235719, 34.75765065], [135.32387039, 34.75812049], [135.32523336, 34.75886608], [135.32525655, 34.75912139], [135.32491026, 34.75934595], [135.32455407, 34.75966863], [135.32430025, 34.76024186], [135.32401203, 34.76031153], [135.32392181, 34.76045695], [135.32398753, 34.76049426], [135.32508378, 34.7601263], [135.32527786, 34.76027547], [135.32601006, 34.76009339], [135.32612075, 34.76041863], [135.32605942, 34.76060241], [135.32579205, 34.76077557], [135.32512491, 34.76078614], [135.32510014, 34.76108302], [135.32569959, 34.76138968], [135.3267748, 34.76171982], [135.32687053, 34.76125819], [135.32706228, 34.76093155], [135.32814571, 34.76099742], [135.32865018, 34.76118982], [135.32874544, 34.76157851], [135.32871066, 34.76238842], [135.32894495, 34.76245038], [135.32971679, 34.76210611], [135.32984851, 34.7627095], [135.33032409, 34.76256489], [135.33036541, 34.76291948], [135.32943903, 34.76354706], [135.32939809, 34.7642119], [135.32888895, 34.76458207], [135.32885464, 34.76484765], [135.32913005, 34.76503519], [135.33049433, 34.76508583], [135.3311236, 34.76471696], [135.33165387, 34.76451851], [135.3325694, 34.7646566], [135.33252986, 34.76429911], [135.33256893, 34.76361924], [135.33291503, 34.7633183], [135.33418498, 34.76365936], [135.33414674, 34.7644613], [135.33428772, 34.76516572], [135.33492999, 34.76569748], [135.33534021, 34.76562064], [135.33580308, 34.76580743], [135.33691194, 34.76526315], [135.33720681, 34.76556409], [135.33725813, 34.76589709], [135.3369312, 34.76627492], [135.33679658, 34.76674882], [135.3378285, 34.76704976], [135.33829006, 34.76600598], [135.33894242, 34.76532185], [135.33923859, 34.76452767], [135.33925888, 34.76397848], [135.33897879, 34.76368726], [135.33904498, 34.76333132], [135.33895841, 34.76283618], [135.33836793, 34.76218531], [135.33795509, 34.76160336], [135.33773118, 34.76092699], [135.33778784, 34.76009595], [135.33797612, 34.75954165], [135.33813393, 34.75953148], [135.33863877, 34.76049381], [135.33893905, 34.76075318], [135.33911715, 34.76062094], [135.33956608, 34.76152171], [135.34008532, 34.76128273], [135.34093569, 34.76116432], [135.34072702, 34.76055407], [135.34105806, 34.76041036], [135.34112425, 34.76020189], [135.34094606, 34.76006965], [135.34041168, 34.75997813], [135.34033026, 34.75964253], [135.34046254, 34.75936633], [135.34091559, 34.75876245], [135.34098552, 34.75859084], [135.34094419, 34.75839694], [135.34064176, 34.75789383], [135.34069561, 34.75780733], [135.34101431, 34.75797393], [135.34115595, 34.75800498], [135.3415485, 34.757765], [135.34211243, 34.75819312], [135.34258754, 34.7577946], [135.34253518, 34.7588743], [135.34282294, 34.75950889], [135.34281546, 34.76049867], [135.34247675, 34.761487], [135.34238756, 34.76273324], [135.34203941, 34.76343871], [135.34150298, 34.76384374], [135.34143716, 34.76412545], [135.34155935, 34.76440716], [135.34162965, 34.7650138], [135.34141351, 34.76511713], [135.34100936, 34.76490114], [135.34013477, 34.76466201], [135.3401301, 34.7650705], [135.34053958, 34.7658753], [135.34117642, 34.76651505], [135.34186403, 34.76677797], [135.34265896, 34.76736333], [135.34312098, 34.76752877], [135.34386515, 34.76827251], [135.34477227, 34.77012815], [135.34490502, 34.7702087], [135.34493821, 34.77060185], [135.34475338, 34.77062154], [135.34433119, 34.77094923], [135.34467261, 34.77171661], [135.34553149, 34.77286137], [135.34515922, 34.7729613], [135.34501281, 34.77257641], [135.34160516, 34.77426936], [135.34249059, 34.77530076], [135.34248903, 34.77533479], [135.34248903, 34.77533479], [135.34275723, 34.7752575], [135.34304638, 34.77520361], [135.34360138, 34.77507194], [135.34421388, 34.77492639], [135.34433666, 34.77489333], [135.34481416, 34.77476527], [135.34511473, 34.77468667], [135.34602166, 34.77444917], [135.34613945, 34.77442111], [135.34621666, 34.77440277], [135.34633999, 34.77437333], [135.34635084, 34.77437056], [135.34639777, 34.77435944], [135.34651742, 34.774356], [135.34660027, 34.77435361], [135.34683166, 34.77439527], [135.34697916, 34.77443889], [135.34698556, 34.77444083], [135.34711362, 34.77447889], [135.34739584, 34.77455056], [135.34751862, 34.7745625], [135.34761999, 34.77455056], [135.34784749, 34.77445806], [135.34793056, 34.77440722], [135.34801306, 34.77435722], [135.34801362, 34.77435667], [135.34815834, 34.77423722], [135.34816975, 34.77422313], [135.34827416, 34.77409417], [135.34852973, 34.77397], [135.34880195, 34.77383777], [135.34888255, 34.77378972], [135.34891749, 34.77376889], [135.34896473, 34.77374056], [135.34909112, 34.773665], [135.34921416, 34.77350389], [135.34941166, 34.77344111], [135.34948112, 34.77341917], [135.34954306, 34.77339944], [135.34975847, 34.77339702], [135.35114834, 34.77338139], [135.35165445, 34.77339944], [135.35188777, 34.77336056], [135.35194166, 34.77335139], [135.35201749, 34.77333889], [135.35226166, 34.77329806], [135.35293806, 34.77326527], [135.35294371, 34.7732634], [135.35301027, 34.77324139], [135.35308973, 34.77316972], [135.35324888, 34.77288944], [135.35346584, 34.77245389], [135.35355138, 34.77227056], [135.35356638, 34.77223833], [135.35359056, 34.77218667], [135.35363999, 34.77208027], [135.35364666, 34.77206639], [135.35390695, 34.77216777], [135.35401195, 34.77222139], [135.35437885, 34.77240801], [135.35439862, 34.77241806], [135.35491916, 34.77272222], [135.35577223, 34.77327472], [135.35619527, 34.77354861], [135.35687499, 34.77397222], [135.35713306, 34.77412194], [135.35726556, 34.77419889], [135.35734834, 34.77423389], [135.35740228, 34.77425663], [135.35757638, 34.77433], [135.35760695, 34.77434333], [135.35769945, 34.77438361], [135.35794666, 34.77445556], [135.35796249, 34.77446], [135.35796695, 34.77446139], [135.3582049, 34.77452261], [135.35845499, 34.77458694], [135.35863916, 34.77463417], [135.35925027, 34.77476389], [135.35972027, 34.77486389], [135.36034945, 34.775025], [135.36053638, 34.77509027], [135.36121112, 34.77532583], [135.36200999, 34.77560472], [135.36204112, 34.77561556], [135.36250245, 34.77578954], [135.36264138, 34.77584194], [135.36285056, 34.77593361], [135.36289473, 34.77595306], [135.36327416, 34.77611944], [135.36375862, 34.77625667], [135.36384247, 34.7762671], [135.36385027, 34.77626806], [135.36428612, 34.77632222], [135.36447945, 34.77632722], [135.36496612, 34.77634], [135.36550834, 34.77633417], [135.36620973, 34.7762925], [135.36642666, 34.77627444], [135.36683527, 34.77619417], [135.36742834, 34.77603306], [135.36795584, 34.77590777], [135.36821195, 34.7758375], [135.36858499, 34.775735], [135.36875138, 34.77568111], [135.36893699, 34.77561803], [135.36911999, 34.77555583], [135.36942388, 34.7754425], [135.36960806, 34.77534611], [135.36972027, 34.7752875], [135.37019027, 34.77497722], [135.37033027, 34.77485806], [135.37063862, 34.77459556], [135.37075445, 34.77447806], [135.37090249, 34.77432833], [135.37093345, 34.77429696], [135.37098584, 34.77424389], [135.37104195, 34.77421306], [135.37105084, 34.77420806], [135.37120473, 34.77430861], [135.37143388, 34.77445861], [135.37145556, 34.77452389], [135.37138612, 34.77466917], [135.37137584, 34.77469083], [135.37126584, 34.77479361], [135.37119195, 34.77486277], [135.37106584, 34.77498], [135.37099166, 34.77504944], [135.37083695, 34.77519333], [135.37076306, 34.77526222], [135.37060166, 34.77541277], [135.37053584, 34.77547417], [135.37038056, 34.77561889], [135.37037473, 34.77562444], [135.37030056, 34.77567861], [135.37005695, 34.77585639], [135.36997612, 34.77591556], [135.36980973, 34.77603694], [135.36974556, 34.77608389], [135.36972084, 34.77610333], [135.36959362, 34.77620306], [135.36959329, 34.77620388], [135.36955027, 34.77631056], [135.36955749, 34.77642972], [135.36965166, 34.77674583], [135.36964612, 34.77687056], [135.36964056, 34.77699806], [135.36963527, 34.77711806], [135.36962973, 34.77724694], [135.36973473, 34.77747056], [135.36978383, 34.77757437], [135.36996612, 34.77795972], [135.37000945, 34.77813277], [135.36999499, 34.77832944], [135.36970638, 34.77911583], [135.36961527, 34.77936417], [135.36910916, 34.78090944], [135.36911623, 34.78098528], [135.36911638, 34.78098694], [135.36924666, 34.78116583], [135.36959416, 34.78122444], [135.37046027, 34.78137027], [135.37048099, 34.78137375], [135.37066362, 34.78140444], [135.37041362, 34.78219583], [135.37034973, 34.78239806], [135.37034749, 34.782405], [135.37033258, 34.78245235], [135.37032999, 34.78246056], [135.37024056, 34.78274333], [135.37042584, 34.78289611], [135.37047723, 34.78293861], [135.37055166, 34.783], [135.37100138, 34.78336], [135.37102056, 34.78337527], [135.37115473, 34.7834825], [135.37127473, 34.78357861], [135.37158306, 34.78382944], [135.37160916, 34.78385083], [135.37185777, 34.78405333], [135.37201806, 34.78418333], [135.37219973, 34.78433139], [135.37225695, 34.784375], [135.37235916, 34.78445389], [135.37235916, 34.78445389], [135.37242416, 34.78434442], [135.37246916, 34.78426861], [135.37269334, 34.78386306], [135.37274806, 34.78370111], [135.37281612, 34.78349917], [135.37293945, 34.78316611], [135.37305473, 34.782855], [135.37316334, 34.78230917], [135.37326445, 34.78207639], [135.37335862, 34.78173667], [135.37338027, 34.78152194], [135.37345, 34.78122973], [135.37349584, 34.78103861], [135.37368366, 34.78039356], [135.37378499, 34.78004556], [135.37383112, 34.7797925], [135.37385027, 34.77968777], [135.37391528, 34.7792525], [135.37394695, 34.77901667], [135.37395138, 34.77898389], [135.37392973, 34.77878111], [135.37392749, 34.77872444], [135.3739225, 34.77859611], [135.37398027, 34.77772833], [135.37399472, 34.77710806], [135.37403834, 34.7768875], [135.37403862, 34.77671444], [135.37404084, 34.77666056], [135.37405027, 34.77642861], [135.37405195, 34.77639111], [135.37407334, 34.77586306], [135.37407473, 34.77583139], [135.37408138, 34.77579639], [135.37411084, 34.77564056], [135.37410777, 34.77557277], [135.37410361, 34.77547667], [135.37413249, 34.77507083], [135.37415416, 34.77482667], [135.37416138, 34.77462972], [135.37414695, 34.774415], [135.37411806, 34.77421222], [135.37412962, 34.77396386], [135.37413972, 34.77374694], [135.37417584, 34.77357389], [135.37417584, 34.77320111], [135.37414695, 34.77292056], [135.37414695, 34.77272389], [135.37412527, 34.77253889], [135.3741325, 34.77235417], [135.37415063, 34.77161461], [135.37415416, 34.77147139], [135.37418556, 34.77115417], [135.37419742, 34.77103346], [135.37421916, 34.77081222], [135.37423361, 34.77060944], [135.37428445, 34.77040667], [135.37429888, 34.77021556], [135.37429997, 34.77020647], [135.37431211, 34.77010504], [135.37435666, 34.76973277], [135.37436389, 34.76955972], [135.3743608, 34.76953085], [135.37435543, 34.76948054], [135.37434222, 34.76935694], [135.374335, 34.76920194], [135.37433, 34.76901944], [135.37432055, 34.76868889], [135.37433223, 34.76861083], [135.37434859, 34.76850079], [135.37434945, 34.768495], [135.37434223, 34.76831], [135.37432306, 34.76775472], [135.37432055, 34.76767778], [135.37430861, 34.76743222], [135.37429889, 34.76723639], [135.37431334, 34.76711111], [135.37431334, 34.76656833], [135.37430472, 34.76651167], [135.37426999, 34.766285], [135.37426662, 34.76626803]]]}}, {"type": "Feature", "id": "did-1970-25", "properties": {"A16_001": "281054", "A16_002": "28105", "A16_003": "兵庫区", "A16_004": "4", "A16_005": "5776", "A16_006": "0.5", "A16_007": "0", "A16_008": "0.0", "A16_009": "2.1", "A16_010": "0.2", "A16_011": "1970", "year": 1970, "population": 5776.0, "areaKm2": 0.5, "density": 11552.0}, "geometry": {"type": "Polygon", "coordinates": [[[135.19377351, 34.77264681], [135.19483751, 34.77460642], [135.1953379, 34.77657081], [135.19580943, 34.77836099], [135.19690499, 34.77842892], [135.19707474, 34.77869274], [135.19819699, 34.77763748], [135.19923648, 34.77845895], [135.19909503, 34.77940115], [135.19829474, 34.77965728], [135.19830865, 34.77986585], [135.19855917, 34.78001417], [135.19837377, 34.78040008], [135.19802119, 34.78052986], [135.1989348, 34.78139527], [135.20081465, 34.78231391], [135.20175358, 34.78230013], [135.2028089, 34.78095138], [135.2034574, 34.77899913], [135.2040833, 34.77754103], [135.20412009, 34.77715144], [135.201871, 34.77488088], [135.20097299, 34.7753371], [135.20071058, 34.77415933], [135.20014586, 34.77376664], [135.19896164, 34.77360841], [135.19841467, 34.77326004], [135.19763482, 34.77319844], [135.19729146, 34.7733217], [135.19682579, 34.77308867], [135.19620727, 34.7733409], [135.1952957, 34.77286877], [135.19377351, 34.77264681]]]}}, {"type": "Feature", "id": "did-1970-26", "properties": {"A16_001": "282021", "A16_002": "28202", "A16_003": "尼崎市", "A16_004": "1", "A16_005": "542617", "A16_006": "44.4", "A16_007": "480658", "A16_008": "40.2", "A16_009": "98.0", "A16_010": "90.8", "A16_011": "1970", "year": 1970, "population": 542617.0, "areaKm2": 44.4, "density": 12221.103603603604}, "geometry": {"type": "Polygon", "coordinates": [[[135.38325348, 34.77325037], [135.38327242, 34.77314977], [135.38327367, 34.77314311], [135.3832775, 34.77312277], [135.38327778, 34.77312111], [135.38331889, 34.77290167], [135.38333389, 34.77282083], [135.38369555, 34.77285667], [135.38379338, 34.77247903], [135.38387639, 34.77215861], [135.38393416, 34.77181861], [135.38394861, 34.7716725], [135.38394655, 34.77165895], [135.38394361, 34.77163972], [135.38392195, 34.77150111], [135.38391462, 34.7714537], [135.3839125, 34.77144], [135.38391195, 34.77142806], [135.38390527, 34.77130278], [135.38386195, 34.77116583], [135.38348361, 34.77085361], [135.38345695, 34.77083167], [135.38323278, 34.77074806], [135.38297973, 34.77069444], [135.38282055, 34.77067667], [135.38265861, 34.77063056], [135.38261084, 34.77061694], [135.38254584, 34.77050361], [135.38253139, 34.7703425], [135.38253861, 34.76990111], [135.38254559, 34.76982617], [135.38255305, 34.76974611], [135.3826047, 34.76972468], [135.38260861, 34.76972306], [135.38265416, 34.76970417], [135.38268445, 34.7697], [135.38273611, 34.7696925], [135.38286389, 34.76967444], [135.38290028, 34.76963861], [135.38292195, 34.7694775], [135.38334861, 34.76949111], [135.38339, 34.76949222], [135.38343277, 34.76949361], [135.38386389, 34.76950722], [135.38394861, 34.76951], [135.38395561, 34.76951027], [135.38395584, 34.76951028], [135.38398695, 34.76895222], [135.38399525, 34.76880478], [135.38399916, 34.76873527], [135.38404111, 34.76873556], [135.38466445, 34.76874111], [135.38491889, 34.76873194], [135.38497354, 34.76872986], [135.38506472, 34.76872639], [135.38513667, 34.76872379], [135.38564778, 34.76870528], [135.38595861, 34.76872333], [135.38618278, 34.76875889], [135.38632028, 34.76879194], [135.38643666, 34.76880306], [135.38650834, 34.76880972], [135.38667445, 34.76883944], [135.38681666, 34.76886222], [135.3868625, 34.76886944], [135.38695389, 34.76888028], [135.38696389, 34.76888139], [135.387, 34.768935], [135.3869725, 34.76897861], [135.38694639, 34.76902028], [135.38687916, 34.76912694], [135.38682861, 34.7692075], [135.38678305, 34.76928], [135.38673666, 34.76935361], [135.38666584, 34.76946639], [135.38661084, 34.76955389], [135.386595, 34.76957889], [135.38657278, 34.76966806], [135.38655861, 34.76972583], [135.38653723, 34.76981167], [135.38655166, 34.76993083], [135.38660222, 34.76999056], [135.38684084, 34.77002028], [135.38697834, 34.77003833], [135.38720972, 34.77006222], [135.38734695, 34.77009806], [135.3873325, 34.77025306], [135.38733528, 34.77032277], [135.38733738, 34.77037166], [135.38733861, 34.77040028], [135.38733972, 34.7704275], [135.38738334, 34.7706125], [135.38751305, 34.77070194], [135.38755271, 34.77070428], [135.38767334, 34.77071139], [135.38771555, 34.77071389], [135.38781848, 34.77068903], [135.38783861, 34.77068417], [135.38789475, 34.77059527], [135.38792527, 34.77054694], [135.38819278, 34.7704575], [135.38856166, 34.77044556], [135.38893028, 34.77048722], [135.38911111, 34.77051111], [135.3892125, 34.77057667], [135.38925584, 34.77068417], [135.38929916, 34.77074972], [135.38938461, 34.77077383], [135.38957389, 34.77082722], [135.38962445, 34.77082417], [135.38965139, 34.77075111], [135.38967528, 34.77068694], [135.38971139, 34.77053778], [135.38975472, 34.77043056], [135.38979805, 34.77009056], [135.38991473, 34.77000944], [135.39002945, 34.76992944], [135.3900875, 34.76968472], [135.39016208, 34.76937706], [135.39017416, 34.76932722], [135.39018861, 34.76920194], [135.39023709, 34.76909607], [135.39023709, 34.76909607], [135.39028972, 34.76898111], [135.39036972, 34.76882861], [135.3904125, 34.76874667], [135.39056472, 34.76845639], [135.39065861, 34.76828639], [135.39067, 34.76810028], [135.39067555, 34.76801278], [135.39068028, 34.76793417], [135.39064084, 34.76778861], [135.39061579, 34.76769558], [135.39059567, 34.76762085], [135.39059305, 34.76761111], [135.39057593, 34.76754783], [135.39054834, 34.76744583], [135.39047111, 34.76716028], [135.39041277, 34.76694444], [135.39023916, 34.76661611], [135.39021372, 34.76654056], [135.38990309, 34.76613675], [135.38990351, 34.76612895], [135.38968087, 34.76579529], [135.38957811, 34.76549585], [135.38963872, 34.76527073], [135.38948508, 34.76510543], [135.38924331, 34.76535619], [135.38844438, 34.76711536], [135.38799789, 34.76689529], [135.38733709, 34.76684771], [135.38700966, 34.76667523], [135.38734469, 34.76558733], [135.38702319, 34.76536206], [135.38719409, 34.76471573], [135.38705821, 34.76402757], [135.38687547, 34.76353135], [135.38903672, 34.76397999], [135.38965991, 34.76404085], [135.39003008, 34.76413916], [135.3901519, 34.76394722], [135.39009644, 34.76304127], [135.39027921, 34.76114987], [135.39188245, 34.76119851], [135.39215305, 34.7608339], [135.39262899, 34.7606437], [135.39340292, 34.76050311], [135.3936007, 34.75954598], [135.39388517, 34.75954308], [135.39374223, 34.75897503], [135.39383548, 34.75860063], [135.39493422, 34.75813877], [135.39594798, 34.75796871], [135.39624782, 34.75778716], [135.39642418, 34.75734446], [135.39643434, 34.75708294], [135.39787195, 34.75705964], [135.3983008, 34.75691895], [135.39961238, 34.75702547], [135.39983154, 34.75693487], [135.40236096, 34.75699594], [135.40253257, 34.7572724], [135.40215178, 34.75793996], [135.40218903, 34.75833275], [135.40137264, 34.75911629], [135.40039862, 34.75960626], [135.39950065, 34.75981781], [135.39940202, 34.75997906], [135.39976992, 34.76114463], [135.39976992, 34.76114463], [135.40013919, 34.76119197], [135.40026472, 34.76120806], [135.40046305, 34.76123361], [135.40062195, 34.76125389], [135.40067028, 34.76127139], [135.40070528, 34.76128389], [135.40071222, 34.76128639], [135.40085361, 34.7613375], [135.40086805, 34.76150444], [135.40088973, 34.76164167], [135.40088805, 34.76176167], [135.40088666, 34.76186083], [135.40088626, 34.7618911], [135.40088472, 34.76200528], [135.40088416, 34.76204222], [135.40088362, 34.76208468], [135.4008825, 34.7621725], [135.40092584, 34.76222639], [135.40140305, 34.76226194], [135.40163639, 34.76227194], [135.40182972, 34.76228], [135.40200334, 34.76232167], [135.40203945, 34.76232861], [135.40208111, 34.76233639], [135.402285, 34.76237527], [135.40240778, 34.76247083], [135.40260166, 34.762675], [135.40267055, 34.7627475], [135.40274778, 34.76282889], [135.40266111, 34.76303167], [135.40258973, 34.76315417], [135.40253834, 34.76324222], [135.40239334, 34.76349056], [135.40240055, 34.76358917], [135.40247936, 34.76382639], [135.40251, 34.76391861], [135.40252097, 34.76395167], [135.40256695, 34.76409028], [135.4025525, 34.76426917], [135.40254305, 34.76439639], [135.40254195, 34.76441194], [135.402535, 34.76450667], [135.4025275, 34.76460972], [135.40252111, 34.76469556], [135.40251222, 34.76481417], [135.40250195, 34.76495528], [135.40250805, 34.76506222], [135.40251084, 34.76511194], [135.40252223, 34.76531361], [135.4025225, 34.76531694], [135.40252778, 34.76541139], [135.40253111, 34.76547194], [135.40253489, 34.7655377], [135.40253555, 34.76554917], [135.40253805, 34.76559333], [135.40250916, 34.76567694], [135.40258139, 34.76576333], [135.40283445, 34.76570972], [135.40298889, 34.76560139], [135.40309666, 34.76552556], [135.40351416, 34.7652325], [135.403695, 34.76510722], [135.40380361, 34.765], [135.40398416, 34.76486277], [135.40406389, 34.76471944], [135.40409555, 34.76464083], [135.40413778, 34.76453639], [135.40414334, 34.76452278], [135.4042025, 34.76448083], [135.40423555, 34.76445722], [135.40433334, 34.76438798], [135.40435084, 34.76437556], [135.40453945, 34.76424139], [135.40460584, 34.76419444], [135.40468584, 34.76414194], [135.40481555, 34.76405722], [135.40495305, 34.7640275], [135.4051529, 34.7639994], [135.40529278, 34.76397972], [135.4054125, 34.76396361], [135.40547666, 34.763955], [135.40556028, 34.76394389], [135.40566889, 34.76390223], [135.40574834, 34.763795], [135.40577722, 34.76344028], [135.40579916, 34.76310083], [135.40580222, 34.76305556], [135.40580472, 34.76301639], [135.40582084, 34.76276611], [135.40585695, 34.76253361], [135.4060013, 34.76253571], [135.40606427, 34.76253663], [135.40606666, 34.76253667], [135.40608389, 34.76253694], [135.40615084, 34.76253806], [135.40624027, 34.76253944], [135.40625861, 34.76250472], [135.40627805, 34.76246833], [135.40631972, 34.76239028], [135.4064425, 34.76225917], [135.40675361, 34.76225917], [135.40676084, 34.7620325], [135.40678361, 34.76195444], [135.40681139, 34.76185944], [135.40681778, 34.76179639], [135.40682584, 34.76171611], [135.40700111, 34.76123417], [135.40702777, 34.76116083], [135.40706819, 34.76104966], [135.40713695, 34.76086056], [135.40738028, 34.760855], [135.4074083, 34.76085451], [135.40742778, 34.76085417], [135.4076175, 34.76084972], [135.40788537, 34.76084392], [135.40793805, 34.76084278], [135.40820666, 34.76083667], [135.40831139, 34.76078278], [135.40836222, 34.76075639], [135.40841195, 34.76073083], [135.40855389, 34.76065778], [135.40895166, 34.76066944], [135.40928416, 34.76072333], [135.40940584, 34.76075056], [135.40944605, 34.76075952], [135.40944945, 34.76076028], [135.40949166, 34.76076973], [135.40971084, 34.76081861], [135.40974766, 34.76083152], [135.41018778, 34.76098583], [135.41028222, 34.76102028], [135.41032055, 34.76103444], [135.41035445, 34.76104667], [135.41044084, 34.76107833], [135.41054945, 34.76092917], [135.41069473, 34.76069528], [135.41071611, 34.76066111], [135.41073666, 34.76062806], [135.41083861, 34.76046389], [135.41092305, 34.76035583], [135.41098334, 34.76027889], [135.41105361, 34.76018528], [135.41111334, 34.76010583], [135.41165584, 34.76005223], [135.41165889, 34.76005194], [135.41183315, 34.76004069], [135.4118525, 34.76003944], [135.41203834, 34.7600275], [135.41211861, 34.76002222], [135.41240778, 34.75994667], [135.41241472, 34.75994472], [135.41256528, 34.75989083], [135.41258148, 34.75987723], [135.41273334, 34.75974972], [135.41276805, 34.75972083], [135.41278139, 34.75970944], [135.41299916, 34.75952694], [135.41313666, 34.75938389], [135.4138525, 34.75934806], [135.41399584, 34.75930722], [135.41406, 34.75928917], [135.41408695, 34.75928139], [135.41422861, 34.75924111], [135.41431973, 34.75913083], [135.41433695, 34.75910972], [135.41433972, 34.75897944], [135.41434111, 34.75891889], [135.41434223, 34.75885889], [135.41434416, 34.75876972], [135.41436939, 34.75869041], [135.41438834, 34.75863083], [135.41441639, 34.75854306], [135.41449722, 34.75836222], [135.41451778, 34.75831639], [135.4146625, 34.75807167], [135.41493722, 34.75770194], [135.41506, 34.75757667], [135.4151975, 34.75737972], [135.41520889, 34.75729167], [135.41521445, 34.75724806], [135.41522111, 34.75719639], [135.4152625, 34.75687306], [135.41539277, 34.75678361], [135.41544445, 34.75678389], [135.41548916, 34.75678417], [135.41570416, 34.75678556], [135.41575581, 34.75678591], [135.41580417, 34.75678623], [135.41586607, 34.75678665], [135.416155, 34.75678861], [135.41619305, 34.75678889], [135.41629639, 34.75678944], [135.41638305, 34.7568075], [135.41641916, 34.75690278], [135.41644084, 34.75704611], [135.41641916, 34.75751111], [135.41644805, 34.75757667], [135.4164625, 34.75758333], [135.41650139, 34.75760083], [135.41665778, 34.75767222], [135.41678084, 34.75771972], [135.41690139, 34.75783083], [135.41696889, 34.75789278], [135.41694722, 34.75800611], [135.41686166, 34.75811861], [135.41670805, 34.75832111], [135.41657111, 34.75850139], [135.416195, 34.75887111], [135.41579028, 34.75925889], [135.415789, 34.75926072], [135.415765, 34.75929513], [135.41567945, 34.75941778], [135.41550805, 34.75966417], [135.41546972, 34.75973472], [135.41544305, 34.75978361], [135.41538166, 34.75983083], [135.41533445, 34.75986694], [135.41549361, 34.75987889], [135.41562389, 34.75993861], [135.41567666, 34.75994917], [135.41570655, 34.75995514], [135.41577037, 34.75996791], [135.41583361, 34.75998056], [135.41584305, 34.75998861], [135.41585666, 34.76000028], [135.41604334, 34.76015944], [135.41605055, 34.76030861], [135.4160545, 34.760342], [135.41607945, 34.76055306], [135.41614445, 34.76079167], [135.41615195, 34.76085889], [135.41615611, 34.76089444], [135.41615972, 34.76092667], [135.41618778, 34.76117639], [135.416205, 34.76131821], [135.41621305, 34.76138444], [135.41621666, 34.761415], [135.41622527, 34.76150667], [135.41622861, 34.76154111], [135.41623361, 34.76159222], [135.41624555, 34.76171306], [135.41622361, 34.76192194], [135.4162, 34.76212056], [135.41619472, 34.76216639], [135.41619472, 34.76216694], [135.41619666, 34.76219389], [135.4161996, 34.76223785], [135.41620916, 34.76238111], [135.41622361, 34.76245889], [135.41629611, 34.76249444], [135.41644778, 34.7625125], [135.41657084, 34.76259], [135.41670834, 34.76260778], [135.41676555, 34.76260806], [135.41681195, 34.76260861], [135.41714139, 34.76261083], [135.41754695, 34.76261389], [135.41759195, 34.7626125], [135.41812555, 34.76259583], [135.41815889, 34.76259333], [135.4184582, 34.76256954], [135.41850139, 34.76256611], [135.41866028, 34.762575], [135.41878889, 34.76257194], [135.41889889, 34.76256917], [135.41892834, 34.76278667], [135.41893528, 34.7628375], [135.41894195, 34.76298917], [135.41894723, 34.763105], [135.41895416, 34.76326], [135.41895861, 34.76335667], [135.41896278, 34.76344861], [135.41897166, 34.7636475], [135.41897334, 34.76368778], [135.41897349, 34.76369123], [135.41897861, 34.76380389], [135.41889166, 34.76400083], [135.41878, 34.76413917], [135.41865666, 34.76429167], [135.41854472, 34.76443], [135.41850166, 34.76459694], [135.41848985, 34.76480701], [135.41848722, 34.76485361], [135.41830334, 34.76492944], [135.41818386, 34.76497867], [135.41818334, 34.76497889], [135.41812777, 34.76501777], [135.41795584, 34.76513806], [135.41785084, 34.76521139], [135.4178, 34.76532472], [135.41779278, 34.76543222], [135.41784361, 34.76556639], [135.41792166, 34.76566583], [135.41795222, 34.76570528], [135.4180025, 34.76576917], [135.41814723, 34.765835], [135.41824416, 34.76584361], [135.41830111, 34.76584861], [135.4184625, 34.76586306], [135.41856416, 34.76587194], [135.41868195, 34.7658825], [135.41920278, 34.76590056], [135.41986805, 34.7658825], [135.42022945, 34.76587056], [135.42036305, 34.76598473], [135.42044722, 34.76605667], [135.42050305, 34.76610444], [135.4205575, 34.76615083], [135.42066305, 34.76624111], [135.42079852, 34.76635672], [135.42082611, 34.76638028], [135.42082814, 34.76638201], [135.42092972, 34.76646917], [135.42103222, 34.76655667], [135.42128861, 34.76699444], [135.42133361, 34.76707139], [135.42140555, 34.76719389], [135.42145778, 34.76728333], [135.42150916, 34.76737056], [135.42156445, 34.76746806], [135.42161028, 34.76754861], [135.42166889, 34.76765167], [135.42172611, 34.7677525], [135.42173084, 34.76778556], [135.42173916, 34.76784223], [135.42174778, 34.76790167], [135.42171087, 34.76814562], [135.42170445, 34.76818806], [135.42157416, 34.76893361], [135.42145834, 34.76901444], [135.42141019, 34.76904821], [135.42131416, 34.76911556], [135.42130972, 34.76943278], [135.42130361, 34.76986083], [135.42130176, 34.76999388], [135.42130148, 34.77001436], [135.42129973, 34.77014139], [135.42129695, 34.7702575], [135.42129611, 34.770305], [135.42128528, 34.77077361], [135.42133916, 34.77078556], [135.42138945, 34.77079667], [135.42147449, 34.77081531], [135.42150223, 34.77082139], [135.42148663, 34.77107901], [135.42147334, 34.77129861], [135.42146611, 34.77155806], [135.42153111, 34.77158806], [135.42165722, 34.77157139], [135.42171166, 34.77156417], [135.42182, 34.77151027], [135.42195028, 34.77139111], [135.42213111, 34.77124194], [135.422225, 34.77118222], [135.42231916, 34.7711225], [135.42240584, 34.77098556], [135.42244195, 34.77084833], [135.42252528, 34.77084473], [135.42257472, 34.7708425], [135.42261305, 34.77084083], [135.42270945, 34.77083639], [135.42281805, 34.77078861], [135.42287584, 34.77062167], [135.42289043, 34.77049859], [135.42290289, 34.7703935], [135.42291195, 34.77031722], [135.42293611, 34.77031], [135.42303861, 34.77027972], [135.4231381, 34.77024996], [135.42319555, 34.77023277], [135.42336916, 34.77018102], [135.42340611, 34.77017], [135.42359, 34.77011528], [135.42370416, 34.77008111], [135.42381834, 34.77004694], [135.42401111, 34.76998944], [135.42405166, 34.76999472], [135.4242425, 34.77001944], [135.42442139, 34.77001944], [135.42462584, 34.77001944], [135.42482834, 34.76998944], [135.42503805, 34.76988611], [135.42516084, 34.76982556], [135.42563778, 34.7696525], [135.42581861, 34.76963444], [135.42614416, 34.76968833], [135.42640789, 34.76969792], [135.42651861, 34.76970194], [135.42675084, 34.76971028], [135.42696111, 34.76971806], [135.42715639, 34.76970028], [135.42727945, 34.76967028], [135.42743861, 34.76957833], [135.42749639, 34.769545], [135.42763305, 34.76941333], [135.42775666, 34.76929444], [135.42785055, 34.76925861], [135.42790217, 34.76926999], [135.42803445, 34.76929917], [135.42816166, 34.76932722], [135.42821195, 34.76934639], [135.4283425, 34.76939667], [135.42842583, 34.76942864], [135.42842583, 34.76942864], [135.42785418, 34.76859589], [135.42906963, 34.76767619], [135.42973938, 34.7665734], [135.43051608, 34.7655988], [135.43135888, 34.7650404], [135.43213296, 34.76477206], [135.43420018, 34.76462114], [135.43525071, 34.76425087], [135.43891658, 34.76212229], [135.44027385, 34.76099532], [135.44074559, 34.76094402], [135.44152089, 34.76143861], [135.44177658, 34.76183633], [135.4415968, 34.76238852], [135.44135672, 34.76330868], [135.44075971, 34.76422202], [135.44068118, 34.7649601], [135.44049551, 34.76591382], [135.44007444, 34.76645123], [135.43975592, 34.76717824], [135.43980828, 34.76764178], [135.44019775, 34.76828739], [135.44051858, 34.76862453], [135.44053334, 34.76861806], [135.44070416, 34.76856694], [135.44127639, 34.768395], [135.44132861, 34.76837944], [135.4414475, 34.76835194], [135.44159028, 34.76831889], [135.44174084, 34.76828389], [135.44202416, 34.76823778], [135.44229028, 34.76819444], [135.44229055, 34.76819444], [135.44236166, 34.76819278], [135.44271334, 34.76818389], [135.44276778, 34.7681825], [135.44287334, 34.76818833], [135.44329555, 34.76821222], [135.44346722, 34.76824694], [135.4435775, 34.76826917], [135.44370889, 34.76830472], [135.44414889, 34.76842417], [135.44446555, 34.76850389], [135.44448111, 34.76850778], [135.44469666, 34.76852917], [135.44480805, 34.76852917], [135.44490639, 34.76852917], [135.44521, 34.76857694], [135.44538611, 34.76859778], [135.44548225, 34.76860906], [135.44551389, 34.76861278], [135.44618639, 34.76861278], [135.44641805, 34.76860611], [135.44671416, 34.76859778], [135.44688, 34.76858639], [135.44706111, 34.76857389], [135.44710639, 34.76856806], [135.44737945, 34.76853222], [135.44768305, 34.76846667], [135.44805916, 34.76832361], [135.4485725, 34.76808527], [135.44873889, 34.76796], [135.44899889, 34.76782861], [135.44903889, 34.76780083], [135.44949055, 34.76748861], [135.4496425, 34.76730972], [135.44982334, 34.76708306], [135.45004028, 34.76673111], [135.45004222, 34.76672889], [135.45030778, 34.76644167], [135.45036541, 34.76637374], [135.45040889, 34.7663225], [135.45046084, 34.76620389], [135.45047416, 34.76617333], [135.45046, 34.76608778], [135.4504525, 34.76604194], [135.45042861, 34.76600611], [135.45027889, 34.76577972], [135.4502778, 34.76577825], [135.45010361, 34.76554278], [135.45007223, 34.7655], [135.45001861, 34.76542778], [135.44994611, 34.76524889], [135.44990305, 34.7649625], [135.44995361, 34.76455389], [135.44997528, 34.76432723], [135.45002611, 34.764035], [135.45027916, 34.76336694], [135.45035722, 34.76313722], [135.45038027, 34.76306889], [135.45050334, 34.7625975], [135.45049611, 34.76232611], [135.45051055, 34.76209361], [135.4504825, 34.76200389], [135.45035663, 34.76160337], [135.45035191, 34.76158836], [135.45030861, 34.76145056], [135.45027445, 34.76134222], [135.4502575, 34.76128806], [135.450245, 34.76123833], [135.45022084, 34.7611425], [135.45020695, 34.76108722], [135.45018445, 34.76099778], [135.45016611, 34.76092389], [135.45014361, 34.76083528], [135.450125, 34.76076083], [135.45010278, 34.7606725], [135.45008695, 34.76060917], [135.45006527, 34.76052306], [135.45004778, 34.76045333], [135.45003334, 34.76027444], [135.45006945, 34.76003278], [135.45014222, 34.75992056], [135.45023584, 34.75977611], [135.45064055, 34.75936472], [135.45087361, 34.75907778], [135.45095334, 34.75897973], [135.45105278, 34.7588575], [135.45112361, 34.7588025], [135.45152584, 34.75849028], [135.45161055, 34.75842444], [135.45191778, 34.75818583], [135.45192055, 34.75818361], [135.45199695, 34.758145], [135.45201445, 34.75813611], [135.45215195, 34.75806639], [135.45226351, 34.75801011], [135.4522775, 34.75800306], [135.45238334, 34.75794944], [135.45256782, 34.75785622], [135.45259278, 34.75784361], [135.45288916, 34.75784361], [135.45306278, 34.75789139], [135.45317623, 34.75805712], [135.45320084, 34.75809306], [135.45336666, 34.75833583], [135.45367028, 34.75890833], [135.45376, 34.75905639], [135.45389445, 34.75927806], [135.45403195, 34.75945694], [135.45414278, 34.75957083], [135.45445611, 34.75989277], [135.45469611, 34.76003223], [135.45474546, 34.76002231], [135.45482472, 34.76000639], [135.45500722, 34.75996944], [135.4552425, 34.76017917], [135.45533952, 34.76026544], [135.45535055, 34.76027528], [135.4554575, 34.76032889], [135.45553055, 34.76036528], [135.45553778, 34.76036806], [135.4556575, 34.76041111], [135.45572028, 34.76043389], [135.45578818, 34.76045838], [135.45587972, 34.76049139], [135.45593024, 34.7604737], [135.45598361, 34.760455], [135.45603273, 34.7604377], [135.45628889, 34.7603475], [135.45640889, 34.76019722], [135.45644293, 34.7601548], [135.45644722, 34.76014944], [135.45652361, 34.75996473], [135.45663805, 34.75954167], [135.45667084, 34.75921556], [135.45668305, 34.7590375], [135.45669278, 34.75889611], [135.45669305, 34.75888861], [135.45669834, 34.75868917], [135.45673639, 34.75845056], [135.45673195, 34.7582625], [135.45673084, 34.75821194], [135.45665805, 34.75803361], [135.45659028, 34.75786778], [135.45657278, 34.757825], [135.45643639, 34.75749639], [135.45641722, 34.75742167], [135.45635445, 34.75717917], [135.45621834, 34.75675583], [135.45618528, 34.7566525], [135.4560875, 34.75644111], [135.45603278, 34.75620278], [135.45599611, 34.7560925], [135.45595639, 34.75597333], [135.45588, 34.75562889], [135.45584195, 34.75547139], [135.45583639, 34.75522833], [135.45582, 34.75507083], [135.45583111, 34.75490444], [135.45585166, 34.75480583], [135.45591834, 34.75448583], [135.45596228, 34.75430482], [135.45598389, 34.75421583], [135.45600555, 34.75405833], [135.45604084, 34.753905], [135.45604389, 34.75389167], [135.45616389, 34.75350944], [135.45621834, 34.75336083], [135.45623166, 34.75324611], [135.45631055, 34.75295472], [135.45639055, 34.75265833], [135.45649166, 34.75237778], [135.45657111, 34.75196611], [135.45661, 34.75184278], [135.456665, 34.75166806], [135.45676639, 34.75142944], [135.45686028, 34.75123861], [135.4569732, 34.75108219], [135.45698861, 34.75106083], [135.45702528, 34.75100973], [135.4570625, 34.75095833], [135.45722861, 34.75116111], [135.45730445, 34.75121694], [135.45732881, 34.75123488], [135.45754186, 34.7513918], [135.45756055, 34.75140556], [135.45756084, 34.75140556], [135.45792195, 34.75168583], [135.45821805, 34.75187083], [135.45850695, 34.75199611], [135.45880305, 34.75208556], [135.45911389, 34.7520975], [135.45925111, 34.75209139], [135.45935222, 34.75203194], [135.45935778, 34.75202333], [135.45977834, 34.75137], [135.45990555, 34.75107361], [135.45993722, 34.751], [135.45993722, 34.75091667], [135.45975666, 34.75082861], [135.45924389, 34.75054222], [135.45918611, 34.75047056], [135.45918611, 34.75038722], [135.45924084, 34.75024056], [135.45924389, 34.75023194], [135.45938834, 34.74989944], [135.45981445, 34.74876777], [135.45985, 34.74867917], [135.46016834, 34.747885], [135.46018139, 34.74781222], [135.46019722, 34.74772528], [135.45997334, 34.74706306], [135.45983611, 34.74621194], [135.45980722, 34.74593806], [135.45979278, 34.74580028], [135.45979639, 34.74560278], [135.45980722, 34.74503806], [135.459805, 34.74484556], [135.45980361, 34.74470917], [135.45980334, 34.74467027], [135.45980166, 34.74450667], [135.4598, 34.74435973], [135.45970611, 34.74353056], [135.45960108, 34.74281346], [135.45956916, 34.74259556], [135.45946084, 34.74158889], [135.45941268, 34.74099648], [135.45940139, 34.7408575], [135.45939639, 34.74079694], [135.45938861, 34.74070028], [135.45935973, 34.74053473], [135.45929805, 34.73949194], [135.4592875, 34.73931333], [135.459265, 34.73906889], [135.45919195, 34.73827722], [135.45918639, 34.7382175], [135.45913305, 34.73794667], [135.45905611, 34.73755528], [135.45889445, 34.73696417], [135.45889, 34.73694833], [135.45875897, 34.73659183], [135.45872389, 34.73649639], [135.45848555, 34.73609083], [135.45862945, 34.73599389], [135.45883945, 34.7358525], [135.45886111, 34.73578083], [135.45885389, 34.73559583], [135.45889722, 34.73519778], [135.45903445, 34.73512611], [135.459105, 34.73481458], [135.45911416, 34.73477417], [135.45920805, 34.73458917], [135.45931555, 34.73447694], [135.45931611, 34.73447639], [135.45934528, 34.73444611], [135.45971361, 34.73417778], [135.45973389, 34.73415583], [135.45986166, 34.73401806], [135.45999639, 34.73380722], [135.45999889, 34.73380333], [135.46001361, 34.73377], [135.46029389, 34.73313833], [135.460295, 34.73313556], [135.46025111, 34.73315167], [135.45989166, 34.73328333], [135.45933445, 34.7334875], [135.45893361, 34.73360028], [135.45893055, 34.73360111], [135.45849278, 34.73372417], [135.45820972, 34.73379139], [135.457135, 34.73404639], [135.45619584, 34.73420167], [135.45559192, 34.73428165], [135.45544916, 34.73430056], [135.45538666, 34.73430889], [135.45477305, 34.73433278], [135.45306084, 34.73435667], [135.45252, 34.73434167], [135.45211111, 34.73433029], [135.45189111, 34.73432417], [135.451775, 34.73432083], [135.44979611, 34.73416861], [135.44898695, 34.73409722], [135.4485825, 34.73401361], [135.44811305, 34.73385861], [135.44780741, 34.73367829], [135.44770861, 34.73362], [135.44736916, 34.73335139], [135.44718791, 34.73315585], [135.44708722, 34.73304722], [135.44708139, 34.73303917], [135.44684889, 34.73271333], [135.44658166, 34.73229139], [135.44609055, 34.7313325], [135.44590445, 34.73083722], [135.44580166, 34.73056444], [135.44563555, 34.73003361], [135.44555611, 34.72950417], [135.44555611, 34.72945197], [135.44555611, 34.72934278], [135.44555611, 34.72908194], [135.44555611, 34.72899722], [135.44562111, 34.72841417], [135.44585223, 34.72752694], [135.44602555, 34.7269125], [135.44625695, 34.72621028], [135.44641584, 34.72581056], [135.44651195, 34.72563722], [135.44657472, 34.72552444], [135.44679861, 34.72520528], [135.44726834, 34.72445361], [135.44755054, 34.72394397], [135.44757889, 34.72389278], [135.44763389, 34.72374222], [135.44783166, 34.7232025], [135.44799055, 34.72273723], [135.44802555, 34.72252972], [135.44806278, 34.72230777], [135.44810611, 34.72168889], [135.44803389, 34.72128917], [135.44788222, 34.72077639], [135.44760778, 34.72019917], [135.44733334, 34.71967444], [135.44695028, 34.71912694], [135.44651695, 34.71866167], [135.44617027, 34.71833972], [135.44581278, 34.71808639], [135.44541427, 34.71788023], [135.44523611, 34.71778806], [135.44515555, 34.71774639], [135.44444028, 34.71737056], [135.44348695, 34.71702], [135.44282361, 34.71677861], [135.44202778, 34.71648917], [135.4416533, 34.71637676], [135.441405, 34.71630222], [135.44131639, 34.71627556], [135.44072973, 34.71609944], [135.43958278, 34.71575528], [135.43819084, 34.71531806], [135.43816361, 34.71530944], [135.43697889, 34.71495139], [135.43658061, 34.71480487], [135.43590972, 34.71455806], [135.43467111, 34.71405833], [135.43365973, 34.71359917], [135.43271, 34.71315917], [135.43269916, 34.71315361], [135.43249978, 34.71305432], [135.43235778, 34.71298361], [135.43205416, 34.7128325], [135.4318, 34.71270583], [135.4315575, 34.71258194], [135.43109916, 34.71234778], [135.43054666, 34.71201528], [135.43025459, 34.71197426], [135.42954354, 34.71165457], [135.4293837, 34.71161047], [135.42905298, 34.71163252], [135.42866163, 34.71136795], [135.42779074, 34.71022146], [135.42646787, 34.70840252], [135.4261096, 34.70798912], [135.42574581, 34.70755919], [135.42547021, 34.70711823], [135.42526627, 34.7069198], [135.42490248, 34.70665247], [135.42352449, 34.70626663], [135.42275833, 34.70604891], [135.42233942, 34.7059993], [135.42178822, 34.70584497], [135.4211323, 34.70557488], [135.41982045, 34.70520283], [135.41930784, 34.70509259], [135.41892201, 34.705054], [135.41683849, 34.7043843], [135.41609437, 34.70414177], [135.41542743, 34.70384688], [135.41448488, 34.70341695], [135.4142644, 34.70337837], [135.41376282, 34.70332325], [135.41336596, 34.70334254], [135.41298012, 34.70327089], [135.41229112, 34.70294568], [135.41190529, 34.70274174], [135.41141472, 34.70231181], [135.41041155, 34.70174683], [135.40971704, 34.70133343], [135.4088241, 34.70059759], [135.40825637, 34.69988654], [135.40795322, 34.69959441], [135.40756187, 34.69899636], [135.40703823, 34.69832942], [135.40619177, 34.69736245], [135.40608333, 34.69741667], [135.40525863, 34.69637815], [135.40481087, 34.69581431], [135.40458744, 34.69553296], [135.40451546, 34.69544231], [135.40097847, 34.69098831], [135.39975292, 34.68944504], [135.39890522, 34.68837757], [135.39872343, 34.68814865], [135.3986037, 34.68799787], [135.39858333, 34.68797222], [135.39807758, 34.68782772], [135.39469444, 34.68686111], [135.39440761, 34.68700453], [135.39247222, 34.68797222], [135.39552778, 34.69158333], [135.39525, 34.69158333], [135.39543196, 34.69181728], [135.3963016, 34.6929354], [135.39719444, 34.69408333], [135.39723285, 34.69407053], [135.3979637, 34.69382691], [135.39802778, 34.69380556], [135.39815125, 34.69392903], [135.39829734, 34.69407512], [135.39830556, 34.69408333], [135.39830426, 34.69408398], [135.39789756, 34.69428733], [135.39775, 34.69436111], [135.39782399, 34.69446593], [135.39811964, 34.69488477], [135.40102303, 34.6989979], [135.40108333, 34.69908333], [135.40058249, 34.69928367], [135.39924034, 34.69982053], [135.39919591, 34.6998383], [135.39847715, 34.70012581], [135.39830556, 34.70019444], [135.39755496, 34.70019444], [135.39608333, 34.70019444], [135.39599461, 34.70008798], [135.39307274, 34.70093331], [135.39302778, 34.701], [135.39284222, 34.701], [135.39239601, 34.701], [135.39220673, 34.701], [135.39219444, 34.701], [135.39219444, 34.70044444], [135.39222087, 34.7004027], [135.39291587, 34.69930459], [135.39314406, 34.6984247], [135.39271438, 34.69727704], [135.39096007, 34.69609115], [135.39098971, 34.69558119], [135.38973855, 34.69364761], [135.39042667, 34.69323182], [135.38942428, 34.69187144], [135.38941667, 34.69186111], [135.38886111, 34.69158333], [135.38663889, 34.69213889], [135.38636111, 34.69241667], [135.38525825, 34.6927751], [135.38560215, 34.69346227], [135.3858585, 34.69426902], [135.38688294, 34.6960912], [135.38680834, 34.69632012], [135.38939582, 34.70037181], [135.38809091, 34.70177629], [135.38767872, 34.70175465], [135.38797162, 34.70092565], [135.38620646, 34.69783023], [135.38590309, 34.69781175], [135.38341835, 34.6936698], [135.38335831, 34.6936552], [135.38302778, 34.6935], [135.3816412, 34.69121214], [135.38136111, 34.69075], [135.38113959, 34.69081171], [135.3791704, 34.69136027], [135.37856022, 34.69157112], [135.37981175, 34.69478034], [135.37977988, 34.69514826], [135.37918491, 34.695425], [135.37902993, 34.69556897], [135.37902993, 34.69556897], [135.37887546, 34.70092202], [135.37874628, 34.70105108], [135.37859883, 34.7036354], [135.37842426, 34.70378966], [135.37842038, 34.70414132], [135.37842038, 34.70414132], [135.37900439, 34.70540301], [135.37887734, 34.70576026], [135.38094886, 34.71075119], [135.3802362, 34.71102588], [135.3802362, 34.71102588], [135.38030002, 34.71121493], [135.38034777, 34.71135639], [135.38035112, 34.71136639], [135.38048834, 34.71161389], [135.38085666, 34.71272944], [135.3808872, 34.71282113], [135.38091208, 34.71289581], [135.3813475, 34.71420306], [135.38154881, 34.71475625], [135.38157144, 34.71481842], [135.38157777, 34.71483583], [135.38188084, 34.71566917], [135.38192556, 34.7157925], [135.38197027, 34.7159025], [135.38200527, 34.71598833], [135.38204416, 34.71608389], [135.38208584, 34.71618639], [135.38211166, 34.71624972], [135.38211249, 34.71625139], [135.38215639, 34.71635917], [135.38217624, 34.71640789], [135.3821925, 34.71644778], [135.38228416, 34.71667361], [135.38233723, 34.71680361], [135.38266, 34.71753167], [135.38287139, 34.71800936], [135.38298723, 34.71827111], [135.38304962, 34.7184335], [135.38305084, 34.71843667], [135.38327527, 34.71902027], [135.38332666, 34.71915389], [135.38341388, 34.71935611], [135.38401306, 34.72074639], [135.38416817, 34.72113653], [135.38417916, 34.72116417], [135.38424195, 34.72137972], [135.38426584, 34.72146223], [135.38429889, 34.72165278], [135.38430388, 34.72168222], [135.38431166, 34.7217275], [135.38431639, 34.72175472], [135.38431638, 34.72186444], [135.38431611, 34.72224389], [135.38429445, 34.72253027], [135.38426555, 34.72265472], [135.38418395, 34.72300648], [135.38417166, 34.72305944], [135.38403445, 34.72347722], [135.38391889, 34.72377361], [135.38371638, 34.72409583], [135.38343356, 34.72454367], [135.38336329, 34.72465494], [135.38326027, 34.72481806], [135.3831025, 34.72506806], [135.38272334, 34.72567972], [135.38271834, 34.72568556], [135.38235473, 34.72610917], [135.3814883, 34.72712586], [135.381445, 34.72717667], [135.38135852, 34.72727318], [135.38075138, 34.72795083], [135.3807228, 34.72798911], [135.38048416, 34.72830861], [135.38028916, 34.72866667], [135.37999278, 34.72926722], [135.37997306, 34.72931776], [135.37979777, 34.72976694], [135.37975416, 34.72995056], [135.37971834, 34.73010111], [135.37967353, 34.73036004], [135.37966056, 34.730435], [135.37963306, 34.730715], [135.37961722, 34.730875], [135.37968916, 34.73134027], [135.37971416, 34.73143917], [135.37978489, 34.73171718], [135.37982723, 34.73188361], [135.37983022, 34.73189543], [135.37987611, 34.73207639], [135.37994916, 34.73236472], [135.3801799, 34.73307793], [135.38020195, 34.73314611], [135.38026305, 34.73333528], [135.38044195, 34.73388778], [135.38048056, 34.73400722], [135.38053445, 34.73417361], [135.38068611, 34.73509194], [135.38070413, 34.73524736], [135.38073027, 34.73547288], [135.38078, 34.73590194], [135.38078416, 34.73621722], [135.38078695, 34.73645056], [135.38079357, 34.73666877], [135.38080139, 34.73692639], [135.38079499, 34.73702027], [135.38075806, 34.73757056], [135.38075445, 34.73761667], [135.38072916, 34.73794028], [135.38066416, 34.73838027], [135.38064945, 34.73842806], [135.38057277, 34.73867333], [135.38057277, 34.73867361], [135.38055358, 34.73873518], [135.38054172, 34.73877322], [135.38047638, 34.73898277], [135.38042945, 34.73906806], [135.38027416, 34.73935111], [135.38007166, 34.73981027], [135.38000666, 34.7399175], [135.37985499, 34.74016806], [135.37921223, 34.74109111], [135.37893749, 34.74155639], [135.37874107, 34.74187879], [135.37867027, 34.741995], [135.37825361, 34.74261639], [135.37822249, 34.74266277], [135.37797679, 34.74306352], [135.37765195, 34.74359333], [135.37762916, 34.7436375], [135.37731499, 34.74424194], [135.37722584, 34.74441361], [135.37719745, 34.74448177], [135.37708749, 34.74474583], [135.37700666, 34.74494], [135.37698749, 34.74498611], [135.37688639, 34.74515917], [135.37672749, 34.74547527], [135.37654666, 34.74607194], [135.37640945, 34.74659973], [135.37622888, 34.74722027], [135.37622445, 34.74724139], [135.37614945, 34.74758833], [135.37604277, 34.7478675], [135.37604038, 34.74787375], [135.37597612, 34.74804167], [135.37584737, 34.74851166], [135.37582416, 34.74859639], [135.37574584, 34.74884083], [135.37573683, 34.74886895], [135.37569584, 34.74899694], [135.37559306, 34.74931833], [135.37528945, 34.75031111], [135.37506759, 34.75117834], [135.37499334, 34.75146861], [135.37487611, 34.75181389], [135.37471889, 34.75227694], [135.37458888, 34.75258083], [135.37452722, 34.7526825], [135.37448778, 34.75274778], [135.37438885, 34.75294775], [135.37424195, 34.75324472], [135.37423101, 34.75327175], [135.37414723, 34.75347889], [135.37408945, 34.75363389], [135.37400909, 34.75398052], [135.37396639, 34.75416473], [135.37394806, 34.75425444], [135.37389416, 34.75451667], [135.37380027, 34.75486833], [135.37371916, 34.7553875], [135.3737187, 34.75539043], [135.37370611, 34.75547083], [135.37370036, 34.75549672], [135.37366055, 34.75567583], [135.37361223, 34.75589444], [135.37351805, 34.75655667], [135.3735057, 34.75660244], [135.37348112, 34.75669333], [135.37340973, 34.75695639], [135.37335195, 34.75729917], [135.37331834, 34.75759027], [135.37329389, 34.7578], [135.37325055, 34.75820583], [135.37324088, 34.75850932], [135.37322889, 34.75888583], [135.37320723, 34.75907083], [135.37322166, 34.75935111], [135.37322166, 34.75970611], [135.37320722, 34.75989083], [135.37323612, 34.76006972], [135.37323343, 34.7601974], [135.37322366, 34.760661], [135.37322166, 34.76075556], [135.37322361, 34.76081194], [135.37322888, 34.76096444], [135.37323695, 34.76105361], [135.37327222, 34.76144778], [135.37333, 34.76175194], [135.37336639, 34.76196972], [135.37340973, 34.76212472], [135.37342416, 34.76230361], [135.37346749, 34.76250028], [135.37348916, 34.7626375], [135.37356889, 34.76300723], [135.37359777, 34.76321027], [135.37368445, 34.76358611], [135.37377834, 34.76403333], [135.37383638, 34.76425111], [135.37383695, 34.76425306], [135.37386862, 34.76437527], [135.37388598, 34.76444221], [135.37389916, 34.76449306], [135.37392956, 34.7646107], [135.37401695, 34.76494889], [135.37411084, 34.76521722], [135.37413416, 34.76536111], [135.37416138, 34.7655275], [135.37415416, 34.76570056], [135.37421521, 34.76600911], [135.37421527, 34.76600944], [135.37426662, 34.76626803], [135.37426662, 34.76626803], [135.37748199, 34.76644489], [135.37798476, 34.76702532], [135.37929792, 34.76705836], [135.37937528, 34.76518478], [135.3794555, 34.76486383], [135.37930877, 34.76416337], [135.37995427, 34.76409942], [135.37996525, 34.7636989], [135.38031671, 34.76368244], [135.38040645, 34.76444341], [135.38069043, 34.76449277], [135.38074767, 34.76470244], [135.38148679, 34.76469666], [135.38150859, 34.76435901], [135.38255324, 34.76440259], [135.382634, 34.76589004], [135.38258121, 34.76596904], [135.38264892, 34.7665477], [135.38264882, 34.76679436], [135.38206493, 34.76678977], [135.38155902, 34.7668932], [135.38137715, 34.76747005], [135.3794016, 34.76788969], [135.37930299, 34.76796331], [135.3792757, 34.76818482], [135.37935295, 34.76843073], [135.37928961, 34.76862676], [135.37929701, 34.76875098], [135.37897967, 34.76900451], [135.37896598, 34.76956892], [135.37873689, 34.76974499], [135.3778003, 34.76976583], [135.37767694, 34.76982745], [135.37826786, 34.77036069], [135.38005813, 34.77115018], [135.38022885, 34.77141582], [135.38031286, 34.77187535], [135.38023597, 34.77209347], [135.37895022, 34.77191726], [135.37908252, 34.77342125], [135.37939624, 34.77347439], [135.37958114, 34.7732719], [135.37954914, 34.7731227], [135.37982649, 34.77300191], [135.38018206, 34.77299481], [135.38009674, 34.77374903], [135.38132463, 34.77395429], [135.38161305, 34.77405207], [135.38161305, 34.77386444], [135.38165639, 34.77381083], [135.38183722, 34.773805], [135.38246639, 34.77382278], [135.38253139, 34.77382694], [135.3826875, 34.77383722], [135.38274186, 34.7738407], [135.382835, 34.77384667], [135.38321904, 34.77394597], [135.38329695, 34.77396611], [135.38331222, 34.77397], [135.38343322, 34.77400114], [135.38343528, 34.77400167], [135.38361611, 34.77402556], [135.38358534, 34.77395811], [135.38355084, 34.7738825], [135.38331965, 34.77360426], [135.38328334, 34.77356056], [135.38321111, 34.77347694], [135.38323528, 34.77334778], [135.38324111, 34.77331611], [135.38325348, 34.77325037]], [[135.39399978, 34.74327059], [135.39381938, 34.74442589], [135.39636907, 34.74446618], [135.39618496, 34.74722472], [135.39781086, 34.74726446], [135.39738918, 34.74864113], [135.3964358, 34.74865808], [135.39643892, 34.74912383], [135.39741717, 34.74927091], [135.39732404, 34.75006418], [135.39875287, 34.75015602], [135.39879363, 34.74989604], [135.40007906, 34.74993676], [135.40038066, 34.75061752], [135.40116819, 34.750737], [135.40102871, 34.75215649], [135.39438954, 34.75174016], [135.3920784, 34.75101077], [135.39048937, 34.75085137], [135.38592634, 34.75049161], [135.38576496, 34.75159197], [135.38461902, 34.75123705], [135.38429694, 34.75278757], [135.38284828, 34.75268575], [135.38277887, 34.75359635], [135.38229105, 34.75486145], [135.38176171, 34.75497551], [135.38070226, 34.75316667], [135.38022482, 34.75146604], [135.37939401, 34.75137333], [135.37922327, 34.75120275], [135.37933913, 34.75058134], [135.3802416, 34.75063008], [135.38091302, 34.74856146], [135.38215964, 34.7462684], [135.38269711, 34.74563466], [135.38291016, 34.74578463], [135.38295374, 34.74628291], [135.3827032, 34.74690327], [135.38466631, 34.74789452], [135.38583325, 34.74783163], [135.3862853, 34.74485369], [135.38806696, 34.74463461], [135.39117643, 34.74468427], [135.39135054, 34.74408195], [135.39013602, 34.74396018], [135.39022308, 34.74344263], [135.39399978, 34.74327059]]]}}, {"type": "Feature", "id": "did-1970-28", "properties": {"A16_001": "281053", "A16_002": "28105", "A16_003": "兵庫区", "A16_004": "3", "A16_005": "6032", "A16_006": "0.4", "A16_007": "0", "A16_008": "0.0", "A16_009": "2.2", "A16_010": "0.2", "A16_011": "1970", "year": 1970, "population": 6032.0, "areaKm2": 0.4, "density": 15080.0}, "geometry": {"type": "Polygon", "coordinates": [[[135.1508559, 34.74487942], [135.15000286, 34.74519121], [135.14950473, 34.74499933], [135.14854821, 34.74527127], [135.14706185, 34.74551959], [135.14582529, 34.74583226], [135.145691, 34.7463065], [135.14588461, 34.74675953], [135.14597972, 34.74726661], [135.14555081, 34.74752551], [135.14523292, 34.74832312], [135.14551322, 34.74902738], [135.1450137, 34.74958695], [135.14657201, 34.74950475], [135.14729747, 34.75030931], [135.1476173, 34.75097385], [135.14767824, 34.7533008], [135.14906531, 34.75502552], [135.14946647, 34.75479], [135.14981899, 34.75476986], [135.15193298, 34.7515176], [135.15134724, 34.75114004], [135.15094572, 34.75110229], [135.15004241, 34.75225931], [135.14844527, 34.75129119], [135.14890877, 34.75043075], [135.14914024, 34.75065256], [135.14974488, 34.75077998], [135.15039763, 34.75075084], [135.15092196, 34.7504252], [135.14997663, 34.7496824], [135.14995708, 34.74899683], [135.14939023, 34.74886468], [135.15023249, 34.74767084], [135.15074262, 34.7475689], [135.15287416, 34.74627157], [135.15170986, 34.74531819], [135.1508559, 34.74487942]]]}}, {"type": "Feature", "id": "did-1970-29", "properties": {"A16_001": "282103", "A16_002": "28210", "A16_003": "加古川市", "A16_004": "3", "A16_005": "8223", "A16_006": "1.1", "A16_007": "0", "A16_008": "0.0", "A16_009": "6.5", "A16_010": "1.2", "A16_011": "1970", "year": 1970, "population": 8223.0, "areaKm2": 1.1, "density": 7475.454545454545}, "geometry": {"type": "Polygon", "coordinates": [[[134.86831845, 34.73323095], [134.86605958, 34.73512055], [134.86685405, 34.73601551], [134.86829022, 34.73518937], [134.87026245, 34.73688312], [134.870088, 34.73740601], [134.86924231, 34.73745149], [134.86848449, 34.73780553], [134.86787391, 34.73839925], [134.86775902, 34.73912611], [134.86812381, 34.73965636], [134.86779669, 34.740152], [134.86654694, 34.73969493], [134.86593094, 34.74014153], [134.86440521, 34.73895009], [134.86338039, 34.73993661], [134.86451244, 34.74131635], [134.86356391, 34.74201751], [134.8632137, 34.7417892], [134.86312012, 34.74155974], [134.86229069, 34.74185296], [134.86193347, 34.74184019], [134.86152941, 34.74146627], [134.86094922, 34.74179411], [134.86101298, 34.74265376], [134.86083432, 34.74291297], [134.86095343, 34.74311268], [134.86075776, 34.74334214], [134.85975238, 34.7435979], [134.85960701, 34.74244157], [134.85944967, 34.74224607], [134.8590371, 34.74294298], [134.85803238, 34.74363222], [134.85759859, 34.74379796], [134.85865801, 34.74456424], [134.8594879, 34.74487986], [134.8588362, 34.74564519], [134.85814887, 34.74592179], [134.85907506, 34.74724382], [134.86055751, 34.74578108], [134.86079992, 34.74596266], [134.86224722, 34.74472889], [134.86206473, 34.74440441], [134.86358289, 34.7432081], [134.86382633, 34.74342174], [134.86544377, 34.74235196], [134.86636894, 34.7436226], [134.86145789, 34.7470968], [134.86105458, 34.74714844], [134.85966787, 34.74817329], [134.85931046, 34.74887205], [134.85950426, 34.7491822], [134.85933215, 34.74937425], [134.86134028, 34.75234334], [134.86128326, 34.75249642], [134.85999368, 34.75233979], [134.85995254, 34.75382531], [134.86157101, 34.75259915], [134.86462631, 34.75347723], [134.86491528, 34.7533217], [134.86420449, 34.75205012], [134.86326344, 34.75115921], [134.86503916, 34.74983698], [134.86362552, 34.74900033], [134.86737113, 34.74561218], [134.8668749, 34.74507166], [134.86795525, 34.74405403], [134.86861154, 34.74455533], [134.86925689, 34.74410096], [134.87017149, 34.74464344], [134.87165786, 34.74320525], [134.87078552, 34.74272493], [134.87101316, 34.74235842], [134.86954727, 34.74141753], [134.8700766, 34.74077457], [134.86863472, 34.74029241], [134.86980286, 34.73931945], [134.87021861, 34.73960326], [134.87072672, 34.73908689], [134.87123791, 34.73931645], [134.87153801, 34.73905878], [134.87199395, 34.73919448], [134.87359504, 34.73786308], [134.87286283, 34.73687415], [134.8742129, 34.73586138], [134.87485975, 34.73588597], [134.87570919, 34.73553484], [134.87652263, 34.73605027], [134.87708216, 34.73580418], [134.87775612, 34.7361757], [134.87609165, 34.73815741], [134.87764402, 34.73845926], [134.87814755, 34.7381528], [134.87919331, 34.73797634], [134.8786824, 34.73704646], [134.87909646, 34.73634781], [134.87851487, 34.73564925], [134.87744125, 34.73498055], [134.87632799, 34.73460747], [134.87595618, 34.73372053], [134.87466763, 34.73433368], [134.87412848, 34.73440801], [134.87219121, 34.73624647], [134.87145826, 34.73540962], [134.87083254, 34.73502658], [134.87138824, 34.73399743], [134.87084722, 34.73367079], [134.86972854, 34.73465907], [134.86875168, 34.73437135], [134.86908908, 34.73376756], [134.86831845, 34.73323095]]]}}, {"type": "Feature", "id": "did-1970-30", "properties": {"A16_001": "282061", "A16_002": "28206", "A16_003": "芦屋市", "A16_004": "1", "A16_005": "68060", "A16_006": "6.1", "A16_007": "59763", "A16_008": "5.3", "A16_009": "95.9", "A16_010": "38.0", "A16_011": "1970", "year": 1970, "population": 68060.0, "areaKm2": 6.1, "density": 11157.377049180328}, "geometry": {"type": "Polygon", "coordinates": [[[135.31616889, 34.74747106], [135.31619979, 34.74744479], [135.31632139, 34.74734139], [135.31650223, 34.74713222], [135.31662945, 34.74697333], [135.31667861, 34.74691167], [135.31685056, 34.74657556], [135.31694084, 34.74635889], [135.31709472, 34.74636056], [135.31730722, 34.74636278], [135.3173089, 34.7463565], [135.31733889, 34.74624417], [135.31737973, 34.74609], [135.31737973, 34.74571277], [135.31734361, 34.74538806], [135.31733973, 34.74528222], [135.31733889, 34.7452575], [135.31729834, 34.74505194], [135.31722139, 34.74474194], [135.31713109, 34.74474395], [135.31709612, 34.74474472], [135.31703305, 34.74474611], [135.31692112, 34.74474833], [135.31646612, 34.74475806], [135.31635306, 34.74476056], [135.31643888, 34.74395027], [135.31653834, 34.74347083], [135.31655195, 34.74340472], [135.31661528, 34.74267667], [135.31663755, 34.74250663], [135.31666612, 34.74228861], [135.31672834, 34.74181389], [135.31675903, 34.74161391], [135.31676445, 34.74157861], [135.31679612, 34.74147417], [135.31687877, 34.74145592], [135.31693195, 34.74144417], [135.31715362, 34.74144417], [135.31716306, 34.74138777], [135.3171774, 34.74130114], [135.31718528, 34.74125361], [135.31719862, 34.74115472], [135.31721805, 34.74101028], [135.317235, 34.74088389], [135.31706684, 34.74079146], [135.31705862, 34.74078694], [135.317045, 34.74073306], [135.31706556, 34.74067861], [135.31709027, 34.74061389], [135.31710834, 34.74056139], [135.3171684, 34.74056139], [135.31736027, 34.74056139], [135.31754695, 34.74056139], [135.31755084, 34.74047972], [135.31756111, 34.74026306], [135.31756527, 34.74017306], [135.31757416, 34.73998639], [135.31756718, 34.73998138], [135.31750638, 34.73993777], [135.31747139, 34.73993306], [135.31732166, 34.73991306], [135.31731195, 34.73991167], [135.31723056, 34.73984806], [135.31732527, 34.7396725], [135.31743862, 34.73948194], [135.31755084, 34.73941194], [135.31760584, 34.7393775], [135.31778223, 34.73933639], [135.31786806, 34.73925806], [135.31789084, 34.73910861], [135.31797666, 34.73899639], [135.31801945, 34.73891472], [135.31809139, 34.73877722], [135.31814861, 34.73866778], [135.31825472, 34.73856972], [135.31830834, 34.73852028], [135.31837916, 34.73845528], [135.31843305, 34.73838417], [135.31844723, 34.73836556], [135.31852473, 34.73834417], [135.31852806, 34.73834333], [135.31855556, 34.73833556], [135.31872306, 34.73835806], [135.31888138, 34.73836556], [135.31896723, 34.73833556], [135.31901862, 34.73827944], [135.31908028, 34.7382125], [135.31912556, 34.73812639], [135.31918889, 34.73813028], [135.3192717, 34.73813501], [135.31932, 34.73813778], [135.31939695, 34.73807806], [135.31944211, 34.73799485], [135.31953277, 34.73782777], [135.31956416, 34.73758111], [135.31956695, 34.73752833], [135.31957334, 34.73740944], [135.31951916, 34.73728972], [135.319415, 34.73726], [135.31930638, 34.73725611], [135.31917973, 34.737275], [135.31907584, 34.7372675], [135.31903056, 34.73723], [135.31906666, 34.73716277], [135.31918889, 34.73708056], [135.31935166, 34.73699111], [135.31955612, 34.736895], [135.31965419, 34.73684885], [135.31974084, 34.73680806], [135.31976638, 34.73679944], [135.31999389, 34.73672222], [135.32012835, 34.73670886], [135.32022028, 34.73669972], [135.32044639, 34.73666611], [135.32054138, 34.7366475], [135.32062277, 34.73659139], [135.32065678, 34.73652071], [135.32073584, 34.73635639], [135.32075695, 34.73630139], [135.32075871, 34.73629674], [135.32079416, 34.73620333], [135.32075834, 34.73610972], [135.32065445, 34.73596778], [135.32057305, 34.73585222], [135.32061805, 34.73569889], [135.32070824, 34.73547979], [135.32071638, 34.73546], [135.32077862, 34.73530833], [135.32083695, 34.73516694], [135.32093472, 34.73492889], [135.32093027, 34.73488777], [135.32079, 34.73480556], [135.32083556, 34.73459833], [135.32086695, 34.73445444], [135.32084889, 34.73426389], [135.32086223, 34.73416472], [135.3208625, 34.73416306], [135.32102084, 34.73416306], [135.32106056, 34.73417667], [135.32118362, 34.73421917], [135.32138666, 34.73423417], [135.32149527, 34.73422667], [135.32160388, 34.73412972], [135.32168084, 34.73397667], [135.32168112, 34.73397527], [135.3217, 34.73387972], [135.32170028, 34.73387833], [135.32171195, 34.73381972], [135.32172027, 34.73377833], [135.32173055, 34.73372639], [135.32175306, 34.73355083], [135.32177584, 34.73338639], [135.32179416, 34.73332333], [135.32181695, 34.73324417], [135.32182112, 34.73322972], [135.32208055, 34.73303056], [135.32221999, 34.73292361], [135.32222565, 34.73291927], [135.32232749, 34.73284111], [135.32239874, 34.73276433], [135.32244527, 34.73271417], [135.32250084, 34.73263583], [135.32253861, 34.7325825], [135.32258084, 34.73252306], [135.32263434, 34.73244763], [135.32264999, 34.73242556], [135.32265638, 34.73241694], [135.32272861, 34.732315], [135.32275888, 34.73227194], [135.32277166, 34.73225417], [135.32281473, 34.73219361], [135.32282249, 34.73218277], [135.32285467, 34.73213741], [135.32286584, 34.73212167], [135.32285223, 34.73208444], [135.32276277, 34.73206305], [135.32268028, 34.73204333], [135.32258528, 34.73200972], [135.32255834, 34.7319425], [135.32261249, 34.73179333], [135.32271987, 34.73164028], [135.32279334, 34.73153556], [135.32284166, 34.73144306], [135.32286154, 34.73140535], [135.32287945, 34.73137139], [135.32288388, 34.73133027], [135.32278889, 34.73128917], [135.32259445, 34.73121806], [135.32269862, 34.73099027], [135.32276389, 34.73090806], [135.32280249, 34.73085972], [135.32294278, 34.73083361], [135.32318249, 34.73080361], [135.32339499, 34.73079611], [135.32357872, 34.73076778], [135.32358416, 34.73076694], [135.32364111, 34.73075806], [135.32371612, 34.73074111], [135.32379027, 34.73072444], [135.32386722, 34.73068333], [135.32392139, 34.73059], [135.32391695, 34.73038083], [135.32389889, 34.73012667], [135.32389749, 34.73004194], [135.32389611, 34.72995667], [135.32389445, 34.72986527], [135.32391, 34.72974168], [135.32391971, 34.72966561], [135.32392138, 34.7296525], [135.32393056, 34.72949972], [135.32394028, 34.72941917], [135.32395916, 34.7292625], [135.32397112, 34.72916333], [135.32398472, 34.72911778], [135.32401084, 34.72902944], [135.32407084, 34.72882723], [135.32413, 34.72865056], [135.32413627, 34.72863191], [135.32426527, 34.72824833], [135.32434222, 34.72808778], [135.32441889, 34.72796833], [135.32447334, 34.7278225], [135.32448402, 34.7277757], [135.32449527, 34.72772639], [135.32451844, 34.72762363], [135.32452584, 34.72759083], [135.32454111, 34.72752361], [135.32456473, 34.72738889], [135.32463166, 34.72700472], [135.32466778, 34.72685556], [135.32464527, 34.72678833], [135.32454666, 34.72669889], [135.32440556, 34.72657083], [135.32438278, 34.7264775], [135.32437445, 34.72635194], [135.32437195, 34.72631306], [135.32436945, 34.72627667], [135.32435537, 34.72585623], [135.32434459, 34.72553434], [135.32434401, 34.7255168], [135.32433496, 34.72524655], [135.32433496, 34.72524655], [135.32237758, 34.72568153], [135.32233759, 34.72569041], [135.32232819, 34.7256925], [135.32054052, 34.72556826], [135.31978766, 34.72536153], [135.31870768, 34.72479421], [135.31565574, 34.72354577], [135.3154568, 34.72374452], [135.31520036, 34.72374452], [135.31510313, 34.72350599], [135.3151739, 34.72323661], [135.3148581, 34.72314194], [135.3145752, 34.72321878], [135.31423463, 34.72308078], [135.31413637, 34.72281861], [135.31130414, 34.72148], [135.30887007, 34.72009255], [135.30668375, 34.71946031], [135.30611291, 34.71919418], [135.30527611, 34.71853595], [135.30513459, 34.71855617], [135.30508883, 34.71858048], [135.30466449, 34.72279021], [135.30420789, 34.72268271], [135.30439169, 34.721842], [135.30444281, 34.718655], [135.30366527, 34.71876607], [135.30358333, 34.71877778], [135.30358333, 34.71877778], [135.30355752, 34.7188522], [135.30353361, 34.71892111], [135.30350728, 34.71898075], [135.30346445, 34.71907778], [135.30343877, 34.71913596], [135.30342584, 34.71916528], [135.30338834, 34.71928694], [135.30338946, 34.71931732], [135.30339389, 34.71943667], [135.30325239, 34.71982146], [135.30319695, 34.71997222], [135.30308139, 34.72028694], [135.30296139, 34.72061333], [135.30290723, 34.72078611], [135.30289389, 34.72082944], [135.30271611, 34.7213975], [135.30251861, 34.72206306], [135.30247222, 34.72223056], [135.30245945, 34.72227583], [135.30241722, 34.72242861], [135.30222445, 34.72292556], [135.30220166, 34.72298444], [135.30201334, 34.72346861], [135.30197416, 34.72356972], [135.30182472, 34.724015], [135.30167445, 34.72436861], [135.30163084, 34.72447139], [135.30147361, 34.72484139], [135.30146778, 34.72485528], [135.30144737, 34.72490312], [135.30139361, 34.72502917], [135.30113639, 34.72563472], [135.301105, 34.725695], [135.30108445, 34.72573444], [135.30106778, 34.72576583], [135.3007375, 34.72639944], [135.30072055, 34.72643223], [135.30066978, 34.72651325], [135.30064361, 34.726555], [135.30053527, 34.72672778], [135.30040695, 34.7269325], [135.30040555, 34.72693472], [135.30036389, 34.72702833], [135.30032695, 34.72711167], [135.300285, 34.72720611], [135.3001875, 34.72742556], [135.30007472, 34.72767944], [135.29994666, 34.72782472], [135.29988889, 34.72793028], [135.29984528, 34.72801], [135.29971722, 34.72819028], [135.29965432, 34.72832471], [135.29959972, 34.72844139], [135.29956325, 34.7284258], [135.29930084, 34.72831361], [135.29900222, 34.72815944], [135.29905555, 34.72801417], [135.29904472, 34.72790417], [135.29895945, 34.72788639], [135.29879945, 34.72782028], [135.29865, 34.72775861], [135.29854861, 34.72774111], [135.29849528, 34.727785], [135.29839389, 34.72793944], [135.29823361, 34.72787333], [135.29780666, 34.727675], [135.29755166, 34.72760583], [135.2974775, 34.72758556], [135.29732361, 34.72754389], [135.29652389, 34.72732639], [135.29645555, 34.72730778], [135.29640864, 34.72729504], [135.29620084, 34.72723861], [135.29610416, 34.72744278], [135.29610226, 34.72744679], [135.29582723, 34.72802722], [135.29595528, 34.72807556], [135.29591166, 34.72817167], [135.29585916, 34.72828723], [135.29598695, 34.72833139], [135.29612611, 34.72837973], [135.29607278, 34.72853389], [135.29595445, 34.72877111], [135.29578795, 34.72910511], [135.29577389, 34.72913333], [135.29574754, 34.72922742], [135.29572325, 34.72931419], [135.2957175, 34.72933472], [135.29568805, 34.72943944], [135.2956725, 34.72949472], [135.29564335, 34.72954278], [135.29556028, 34.72967972], [135.29551389, 34.72978139], [135.29538945, 34.73005444], [135.29547023, 34.73006675], [135.29558445, 34.73008417], [135.29602472, 34.73015111], [135.29617416, 34.73023473], [135.2963875, 34.73026111], [135.29653139, 34.73027889], [135.29647084, 34.73043277], [135.29614195, 34.73127028], [135.29599639, 34.73123361], [135.29545711, 34.73109841], [135.29520416, 34.731035], [135.2951425, 34.73101944], [135.29498722, 34.73098056], [135.29494529, 34.73097003], [135.29468528, 34.73090472], [135.29466278, 34.73097], [135.29464861, 34.73101167], [135.29464276, 34.73102867], [135.29460195, 34.73114722], [135.29454139, 34.73132333], [135.29447166, 34.73152611], [135.29440916, 34.73163861], [135.29411916, 34.73216028], [135.29373861, 34.73284444], [135.29372361, 34.73287147], [135.29366584, 34.73297556], [135.29364445, 34.73302167], [135.29347389, 34.73338972], [135.2934033, 34.73337072], [135.29322834, 34.73332361], [135.29298805, 34.73332806], [135.29280555, 34.73335833], [135.29277472, 34.73336333], [135.29276326, 34.73336531], [135.29273611, 34.73337], [135.29265695, 34.73338333], [135.29262027, 34.73338972], [135.29260389, 34.73368056], [135.29258984, 34.73372703], [135.29254528, 34.73387444], [135.29246555, 34.73413444], [135.29244195, 34.73431722], [135.29243305, 34.73438583], [135.29247055, 34.73452667], [135.29263584, 34.73472472], [135.29278555, 34.73484833], [135.29283936, 34.73489275], [135.29283936, 34.73489275], [135.29289222, 34.73493639], [135.29286528, 34.73497611], [135.29263584, 34.73524889], [135.29259055, 34.73530278], [135.29255416, 34.73534583], [135.29247139, 34.73544417], [135.29243555, 34.73548694], [135.29229445, 34.73565473], [135.29213972, 34.73579139], [135.29229445, 34.73595], [135.2925025, 34.73622306], [135.29255055, 34.73639056], [135.29267334, 34.73673444], [135.29236084, 34.73683194], [135.29226805, 34.73686111], [135.29210055, 34.73691333], [135.29188361, 34.73698083], [135.29178934, 34.73700952], [135.29188265, 34.73741357], [135.29248041, 34.73755568], [135.29315606, 34.7374277], [135.29423847, 34.73890215], [135.29397698, 34.73921562], [135.2938934, 34.73969839], [135.29336267, 34.74064459], [135.29399025, 34.74064459], [135.29456268, 34.74036343], [135.29501358, 34.74079351], [135.29508351, 34.74189794], [135.29567379, 34.7419276], [135.29585068, 34.7413179], [135.29641254, 34.74148145], [135.29712605, 34.74088477], [135.29764435, 34.74104135], [135.29880229, 34.73942009], [135.29986152, 34.73824793], [135.30192612, 34.73902848], [135.30171773, 34.7395142], [135.30130105, 34.73973971], [135.30068356, 34.73985357], [135.30025819, 34.74069929], [135.29994528, 34.74066513], [135.29910445, 34.74178629], [135.29809786, 34.74253093], [135.29801652, 34.74371026], [135.29766566, 34.7447902], [135.29716578, 34.74552427], [135.29766706, 34.74624116], [135.29791929, 34.74632396], [135.29799493, 34.74615115], [135.29830213, 34.74604025], [135.29897955, 34.74655142], [135.29844348, 34.7468728], [135.29845068, 34.74703118], [135.29880379, 34.74716437], [135.30005775, 34.74724357], [135.30184908, 34.74792078], [135.30440871, 34.74841557], [135.30516849, 34.74872273], [135.30590714, 34.74812966], [135.30672694, 34.74764339], [135.30726777, 34.74754781], [135.30800137, 34.74697383], [135.31059736, 34.74758288], [135.31048228, 34.7485709], [135.31092102, 34.74874567], [135.31125898, 34.74850273], [135.31198922, 34.74863006], [135.3130146, 34.74785086], [135.31529993, 34.74780748], [135.31607616, 34.74741122], [135.31616889, 34.74747106]]]}}, {"type": "Feature", "id": "did-1970-31", "properties": {"A16_001": "282102", "A16_002": "28210", "A16_003": "加古川市", "A16_004": "2", "A16_005": "14499", "A16_006": "2.2", "A16_007": "0", "A16_008": "0.0", "A16_009": "11.4", "A16_010": "2.3", "A16_011": "1970", "year": 1970, "population": 14499.0, "areaKm2": 2.2, "density": 6590.454545454545}, "geometry": {"type": "Polygon", "coordinates": [[[134.84679402, 34.72029402], [134.84579362, 34.720817], [134.84610615, 34.72168081], [134.8458455, 34.72258864], [134.83901458, 34.72629116], [134.83964142, 34.72796542], [134.83987168, 34.727844], [134.84032594, 34.72835657], [134.83929617, 34.72904035], [134.83951091, 34.72949512], [134.83929205, 34.72963623], [134.83960636, 34.73027978], [134.84020188, 34.73028194], [134.84038418, 34.73086834], [134.84117584, 34.73090471], [134.84125512, 34.7313169], [134.84012307, 34.73175614], [134.84020702, 34.73222223], [134.83842111, 34.7332067], [134.83758477, 34.73213688], [134.83763226, 34.73172148], [134.83742256, 34.73151636], [134.8376015, 34.73117049], [134.83722138, 34.73086499], [134.83673215, 34.73113558], [134.83686668, 34.7287592], [134.83651292, 34.72882101], [134.83303711, 34.73111318], [134.83173098, 34.72906971], [134.82883293, 34.73047143], [134.83010054, 34.73353249], [134.82979951, 34.73401471], [134.83032856, 34.73504456], [134.82935021, 34.73573575], [134.82876506, 34.73511028], [134.8264286, 34.73643466], [134.82532599, 34.73516027], [134.82503954, 34.73519268], [134.82514098, 34.73705157], [134.82394115, 34.73724061], [134.82475151, 34.73840095], [134.8250918, 34.73818336], [134.82530281, 34.73859816], [134.82443159, 34.73917615], [134.82390076, 34.73853018], [134.8237566, 34.73941593], [134.82183523, 34.73849146], [134.81991853, 34.74115977], [134.81889445, 34.74117534], [134.81955336, 34.74538923], [134.8192613, 34.74559615], [134.82028079, 34.7463176], [134.82199528, 34.74535201], [134.82237559, 34.74533949], [134.8224717, 34.74554826], [134.82209138, 34.74585727], [134.82448871, 34.74729871], [134.82584149, 34.74750048], [134.82679769, 34.7481218], [134.82760683, 34.74753389], [134.82602173, 34.74596812], [134.82819693, 34.74410672], [134.82871187, 34.74436729], [134.8305922, 34.74311674], [134.82973622, 34.7424286], [134.82898728, 34.74250213], [134.82698616, 34.74001731], [134.8271593, 34.73969428], [134.82677506, 34.73917369], [134.82706983, 34.73893707], [134.82742247, 34.73934194], [134.82815056, 34.73852923], [134.82855237, 34.73852092], [134.82937227, 34.73937876], [134.83021395, 34.74100113], [134.83176642, 34.7403185], [134.83275244, 34.73951586], [134.83533842, 34.74068211], [134.83667007, 34.73966372], [134.83539601, 34.73847178], [134.83628228, 34.73776305], [134.83672589, 34.73770615], [134.83717435, 34.73727803], [134.83742256, 34.73733899], [134.83749997, 34.73720891], [134.83735749, 34.73698931], [134.83772088, 34.73641387], [134.83811372, 34.73619939], [134.83753166, 34.73563432], [134.83661407, 34.73506314], [134.83713724, 34.73452387], [134.83791628, 34.73493351], [134.83846085, 34.73443096], [134.83890164, 34.73453339], [134.83942443, 34.73387796], [134.83968629, 34.7339852], [134.83989645, 34.73469188], [134.83977857, 34.73519879], [134.84029219, 34.73558939], [134.84118959, 34.73474858], [134.84058977, 34.73394363], [134.84081526, 34.73368762], [134.84052825, 34.73303034], [134.84059481, 34.73258483], [134.84228864, 34.73174117], [134.84358084, 34.73311454], [134.84434492, 34.73274101], [134.84540255, 34.73104161], [134.8461341, 34.73178875], [134.84851609, 34.73039093], [134.8480106, 34.72976456], [134.84740928, 34.73019919], [134.84697335, 34.73012886], [134.84569246, 34.72817129], [134.84503991, 34.72930263], [134.84453965, 34.72924437], [134.84493539, 34.72816237], [134.84490342, 34.72606765], [134.84467316, 34.72509611], [134.84645888, 34.72504396], [134.84636072, 34.72376616], [134.84723427, 34.72248726], [134.84757682, 34.72185217], [134.84704246, 34.72040524], [134.84694444, 34.72044444], [134.84679402, 34.72029402]]]}}, {"type": "Feature", "id": "did-1970-32", "properties": {"A16_001": "281021", "A16_002": "28102", "A16_003": "灘区", "A16_004": "1", "A16_005": "168102", "A16_006": "10.6", "A16_007": "165299", "A16_008": "9.1", "A16_009": "98.4", "A16_010": "52.0", "A16_011": "1970", "year": 1970, "population": 168102.0, "areaKm2": 10.6, "density": 15858.67924528302}, "geometry": {"type": "Polygon", "coordinates": [[[135.24264324, 34.72991673], [135.24265445, 34.72964861], [135.2426875, 34.72930167], [135.24268889, 34.72927389], [135.24271222, 34.72880111], [135.24272055, 34.72863111], [135.24275361, 34.7282075], [135.24276305, 34.72801278], [135.24278666, 34.72789583], [135.24281028, 34.72777889], [135.24280555, 34.72755667], [135.24280555, 34.72747444], [135.24280555, 34.72739694], [135.2428575, 34.72712778], [135.24286695, 34.72701889], [135.24286388, 34.72700199], [135.24283861, 34.72686278], [135.24273945, 34.72674306], [135.24263, 34.72659611], [135.24257416, 34.72652083], [135.24250805, 34.72633361], [135.24251223, 34.72624083], [135.24251278, 34.72622861], [135.24255055, 34.72608806], [135.24269945, 34.72593277], [135.24271111, 34.72592083], [135.24286223, 34.72569861], [135.24290848, 34.72561749], [135.24297278, 34.72550472], [135.24298, 34.72549223], [135.24300972, 34.72541361], [135.24305084, 34.725305], [135.24306972, 34.72504], [135.24306972, 34.72502278], [135.24306972, 34.72473583], [135.24309334, 34.72420667], [135.24314055, 34.72402361], [135.243265, 34.72381111], [135.24327278, 34.7237975], [135.2432833, 34.72379004], [135.24414111, 34.72318194], [135.24452472, 34.72291027], [135.24460316, 34.72285472], [135.24470307, 34.72278395], [135.24503805, 34.72254667], [135.24584528, 34.72197167], [135.24589778, 34.72193472], [135.24606555, 34.72181611], [135.24607166, 34.72181194], [135.24615666, 34.72170277], [135.24624639, 34.72152333], [135.24635028, 34.72137944], [135.24640445, 34.72130611], [135.2464825, 34.72120028], [135.24662389, 34.72088944], [135.24679861, 34.72060861], [135.24693055, 34.72047611], [135.24700972, 34.72041083], [135.24710055, 34.72033583], [135.24721139, 34.72023056], [135.24729195, 34.72014833], [135.24733707, 34.72010234], [135.24758055, 34.71985417], [135.24783055, 34.71932528], [135.24788527, 34.71905806], [135.2479133, 34.71892127], [135.24792581, 34.71886025], [135.24795028, 34.71874083], [135.24814305, 34.71841833], [135.24849695, 34.71790667], [135.24860629, 34.7177762], [135.24862777, 34.71775056], [135.24874166, 34.71761444], [135.24893973, 34.71717583], [135.24901778, 34.71691778], [135.24907462, 34.71666094], [135.24916834, 34.7162375], [135.24926334, 34.71580944], [135.24928334, 34.71571861], [135.24930007, 34.71564741], [135.24932389, 34.71554606], [135.24932695, 34.71553306], [135.24948111, 34.71487833], [135.24950722, 34.71478694], [135.24952166, 34.71473667], [135.24965805, 34.71425944], [135.24961055, 34.71423944], [135.24956084, 34.71421889], [135.24944531, 34.71417048], [135.24940639, 34.71415417], [135.24928445, 34.71410306], [135.24901445, 34.71399028], [135.24898166, 34.71397667], [135.24884611, 34.71391972], [135.24860972, 34.71378806], [135.24857111, 34.71376694], [135.24856647, 34.71376436], [135.24836723, 34.71365333], [135.24788805, 34.71343833], [135.24768755, 34.71337833], [135.24762445, 34.71335944], [135.24757472, 34.71334472], [135.24745611, 34.71330917], [135.24721166, 34.71323111], [135.24656555, 34.71303361], [135.24642111, 34.71298944], [135.24632926, 34.71296133], [135.24621895, 34.71292757], [135.24579305, 34.71279723], [135.24539791, 34.71267857], [135.24538972, 34.71267611], [135.24533389, 34.71265944], [135.24484166, 34.71251167], [135.24439945, 34.71237889], [135.2443985, 34.71237861], [135.24424472, 34.7123325], [135.24416723, 34.71230917], [135.24366445, 34.71215833], [135.24325028, 34.71203417], [135.24324944, 34.71203392], [135.24310445, 34.71199028], [135.243165, 34.7118625], [135.24323155, 34.71172256], [135.24325416, 34.711675], [135.24327555, 34.71163], [135.24334777, 34.71147861], [135.24341805, 34.71133056], [135.24343164, 34.71130197], [135.24344472, 34.71127444], [135.24353195, 34.71109139], [135.24372222, 34.71069167], [135.24388472, 34.71034972], [135.24389482, 34.71032857], [135.24394278, 34.71022806], [135.24397035, 34.71017009], [135.24407666, 34.70994667], [135.24419945, 34.70996694], [135.24447861, 34.70935139], [135.24449445, 34.70931639], [135.24469389, 34.70887667], [135.24477389, 34.7087], [135.24484666, 34.70858833], [135.24490472, 34.70849889], [135.24493028, 34.70845972], [135.24495199, 34.70842642], [135.24504166, 34.70828889], [135.2451275, 34.70815694], [135.24518389, 34.70816139], [135.24553639, 34.70819], [135.24577972, 34.70820973], [135.24579973, 34.70820861], [135.24598334, 34.70819833], [135.24643778, 34.70817306], [135.24684715, 34.70816036], [135.24713639, 34.70815139], [135.24721195, 34.70814889], [135.24760557, 34.70813788], [135.24762916, 34.70813722], [135.24966199, 34.7080343], [135.24966199, 34.7080343], [135.24950813, 34.70790254], [135.24740604, 34.70803669], [135.24734351, 34.70776435], [135.24981407, 34.70756729], [135.2499986, 34.70675687], [135.25161872, 34.70682892], [135.25193271, 34.70655406], [135.25308579, 34.7000131], [135.24719444, 34.69933333], [135.24497222, 34.69905556], [135.23969444, 34.70127778], [135.23687736, 34.70106108], [135.23608333, 34.701], [135.23580556, 34.70211111], [135.23578022, 34.70211111], [135.23449557, 34.70211111], [135.23434296, 34.70211111], [135.23413889, 34.70211111], [135.23462828, 34.70088763], [135.23469444, 34.70072222], [135.22787703, 34.69990413], [135.22775, 34.69988889], [135.22775, 34.69860075], [135.22775, 34.6985], [135.22778255, 34.6984987], [135.23469444, 34.69822222], [135.23472605, 34.69816849], [135.23743564, 34.69356219], [135.23747222, 34.6935], [135.23552778, 34.69322222], [135.23360408, 34.69651999], [135.23358333, 34.69655556], [135.23247061, 34.69641647], [135.23184021, 34.69633767], [135.23136111, 34.69627778], [135.23156572, 34.69597087], [135.23339123, 34.6932326], [135.23358333, 34.69294444], [135.23136111, 34.69266667], [135.23127927, 34.69280696], [135.22941667, 34.696], [135.22772887, 34.69575889], [135.22747222, 34.69572222], [135.22748893, 34.69569596], [135.22937434, 34.69273318], [135.22941667, 34.69266667], [135.22835062, 34.69253341], [135.22719444, 34.69238889], [135.22525, 34.69544444], [135.22468569, 34.69536383], [135.22367936, 34.69522007], [135.22330556, 34.69516667], [135.2252358, 34.69213342], [135.22525, 34.69211111], [135.22358333, 34.69183333], [135.22341484, 34.69196218], [135.21889678, 34.69541716], [135.21886111, 34.69544444], [135.21675718, 34.69439248], [135.21651293, 34.69427035], [135.21614708, 34.69485234], [135.2180202, 34.69582544], [135.21824763, 34.69662291], [135.22599414, 34.6985676], [135.22502678, 34.70146543], [135.22401098, 34.70124368], [135.22454766, 34.69954707], [135.22121087, 34.69890402], [135.22015125, 34.6991883], [135.21915172, 34.69908128], [135.21865937, 34.69876996], [135.21865937, 34.69876996], [135.21863805, 34.6990175], [135.2185925, 34.69930278], [135.2185309, 34.69968921], [135.21850915, 34.69982567], [135.21848584, 34.69997194], [135.21840695, 34.70019611], [135.21836639, 34.70031167], [135.21812195, 34.70089306], [135.21794305, 34.70131167], [135.21781555, 34.70183639], [135.21780416, 34.70188278], [135.21778139, 34.70197472], [135.21777611, 34.70199639], [135.21777577, 34.70199777], [135.21776062, 34.70205928], [135.21774889, 34.70210694], [135.21756389, 34.70203944], [135.21736139, 34.70196528], [135.21710305, 34.70186], [135.21692945, 34.70178917], [135.21663584, 34.70215972], [135.21646889, 34.70234917], [135.21640805, 34.70241833], [135.21635055, 34.70248333], [135.21631354, 34.70252533], [135.21622889, 34.70262139], [135.21614611, 34.70260444], [135.21605666, 34.70286306], [135.215845, 34.70326944], [135.21584443, 34.70327054], [135.21581805, 34.70332111], [135.21577028, 34.70342194], [135.21541195, 34.70418167], [135.21539362, 34.7042204], [135.21532861, 34.70435778], [135.21531222, 34.70439278], [135.21524389, 34.7045375], [135.21493389, 34.70517778], [135.21490778, 34.70524667], [135.21489027, 34.7052925], [135.21487971, 34.70532032], [135.21481973, 34.70547833], [135.21475592, 34.70564615], [135.21471305, 34.70575889], [135.21462988, 34.70597396], [135.21461778, 34.70600528], [135.2145775, 34.70606583], [135.21450928, 34.70616795], [135.21448639, 34.70620222], [135.21440241, 34.70630057], [135.21439389, 34.70631056], [135.21439, 34.706315], [135.2143725, 34.70633556], [135.21427528, 34.70644944], [135.21423445, 34.7064975], [135.2139912, 34.7068337], [135.21395166, 34.70688833], [135.21390639, 34.70695056], [135.21377527, 34.70713278], [135.21371692, 34.70725636], [135.21350666, 34.70770167], [135.21328139, 34.70809], [135.21328111, 34.70809047], [135.21302389, 34.70853417], [135.21292889, 34.70870639], [135.21291082, 34.70873906], [135.2128725, 34.70880833], [135.21271584, 34.70909222], [135.21265416, 34.70920417], [135.21263166, 34.709245], [135.21261, 34.70928417], [135.212505, 34.70947472], [135.21214084, 34.71004361], [135.21211416, 34.71008556], [135.21181777, 34.71056985], [135.2117857, 34.71062226], [135.21127334, 34.71145944], [135.21122805, 34.71153139], [135.21118945, 34.7115925], [135.21117119, 34.71162143], [135.21079, 34.71222528], [135.21061111, 34.712575], [135.21051195, 34.71277167], [135.21049195, 34.71281167], [135.21049028, 34.71281417], [135.21048918, 34.71281565], [135.21046028, 34.71285472], [135.21028305, 34.71309722], [135.21000278, 34.7134125], [135.209935, 34.71348694], [135.20989834, 34.71352778], [135.20986139, 34.71356833], [135.20982584, 34.71360759], [135.20968278, 34.71376556], [135.2096475, 34.71380473], [135.2096075, 34.71384861], [135.20956139, 34.71389972], [135.20951361, 34.71397361], [135.20945055, 34.71416417], [135.2094375, 34.71420389], [135.2094327, 34.71421857], [135.20942195, 34.71425139], [135.20922, 34.71486278], [135.20920305, 34.71492861], [135.20918861, 34.71498389], [135.20918638, 34.7149925], [135.20886957, 34.71621707], [135.20879055, 34.7165225], [135.20876659, 34.71663048], [135.2087108, 34.71688188], [135.20867084, 34.71706194], [135.20862945, 34.71724889], [135.20861166, 34.71736111], [135.20858778, 34.71751], [135.20859266, 34.7177078], [135.20859266, 34.7177078], [135.20937494, 34.7175453], [135.21166237, 34.71827427], [135.21376185, 34.71930565], [135.21394053, 34.71961044], [135.21389711, 34.71987078], [135.21377651, 34.72000574], [135.21364087, 34.72072939], [135.21384547, 34.72086141], [135.21447684, 34.72082355], [135.21478794, 34.72075964], [135.21601258, 34.72121201], [135.21650321, 34.72196125], [135.21780683, 34.72290769], [135.21775471, 34.72330081], [135.2174891, 34.72383649], [135.21739026, 34.72434734], [135.21760327, 34.72496538], [135.21838713, 34.72573332], [135.21918318, 34.72625188], [135.21968847, 34.72687544], [135.22139428, 34.72463723], [135.22183714, 34.72426235], [135.22250541, 34.72483726], [135.22276865, 34.724866], [135.22252035, 34.72561757], [135.22228473, 34.72647694], [135.2220512, 34.72689282], [135.22206444, 34.72770602], [135.22269544, 34.72776162], [135.22320082, 34.72769295], [135.22354777, 34.72739698], [135.22374868, 34.72705307], [135.22403642, 34.72650193], [135.22410925, 34.72596523], [135.22400331, 34.72535115], [135.22384771, 34.72511939], [135.22401069, 34.7242693], [135.22417924, 34.72410089], [135.22430892, 34.72415532], [135.22462267, 34.72389016], [135.22493557, 34.72422607], [135.2247481, 34.72455386], [135.22518756, 34.72493304], [135.22562455, 34.72513029], [135.22604916, 34.72511863], [135.22640585, 34.72502477], [135.2275307, 34.72523317], [135.22782827, 34.72546933], [135.22826433, 34.72555078], [135.22850127, 34.72542453], [135.22892919, 34.72462238], [135.22944763, 34.72499731], [135.22991376, 34.7250754], [135.22976138, 34.72533275], [135.22973555, 34.7257313], [135.23048479, 34.72612538], [135.23086834, 34.72618381], [135.23124083, 34.72648703], [135.23119098, 34.72769776], [135.23040183, 34.72861344], [135.23044686, 34.72978656], [135.23097892, 34.7314898], [135.23124272, 34.73296188], [135.23113281, 34.73408383], [135.23137392, 34.73508936], [135.23198789, 34.73609894], [135.23243454, 34.73661957], [135.23497149, 34.73788924], [135.23551424, 34.73832549], [135.23572082, 34.73871532], [135.23615744, 34.74109538], [135.23719801, 34.74146995], [135.23847817, 34.741418], [135.23845055, 34.73951504], [135.23816971, 34.7379421], [135.23820377, 34.73692649], [135.23908892, 34.7353798], [135.23952034, 34.73488927], [135.2397727, 34.73432942], [135.23976939, 34.73372471], [135.2393166, 34.73250506], [135.23807465, 34.7305989], [135.23807333, 34.73027537], [135.23872816, 34.72969392], [135.23907823, 34.72861014], [135.23957832, 34.72858181], [135.23977923, 34.72753594], [135.24017905, 34.72741928], [135.24001419, 34.72637346], [135.24012306, 34.72521214], [135.24120534, 34.72604181], [135.24128971, 34.73047018], [135.24176804, 34.73044241], [135.24213317, 34.7298564], [135.24264324, 34.72991673]]]}}, {"type": "Feature", "id": "did-1970-33", "properties": {"A16_001": "281011", "A16_002": "28101", "A16_003": "東灘区", "A16_004": "1", "A16_005": "169067", "A16_006": "15.2", "A16_007": "148283", "A16_008": "11.2", "A16_009": "98.8", "A16_010": "48.1", "A16_011": "1970", "year": 1970, "population": 169067.0, "areaKm2": 15.2, "density": 11122.828947368422}, "geometry": {"type": "Polygon", "coordinates": [[[135.29283936, 34.73489275], [135.29278555, 34.73484833], [135.29263584, 34.73472472], [135.29247055, 34.73452667], [135.29243305, 34.73438583], [135.29244195, 34.73431722], [135.29246555, 34.73413444], [135.29254528, 34.73387444], [135.29258984, 34.73372703], [135.29260389, 34.73368056], [135.29262027, 34.73338972], [135.29265695, 34.73338333], [135.29273611, 34.73337], [135.29276326, 34.73336531], [135.29277472, 34.73336333], [135.29280555, 34.73335833], [135.29298805, 34.73332806], [135.29322834, 34.73332361], [135.2934033, 34.73337072], [135.29347389, 34.73338972], [135.29364445, 34.73302167], [135.29366584, 34.73297556], [135.29372361, 34.73287147], [135.29373861, 34.73284444], [135.29411916, 34.73216028], [135.29440916, 34.73163861], [135.29447166, 34.73152611], [135.29454139, 34.73132333], [135.29460195, 34.73114722], [135.29464276, 34.73102867], [135.29464861, 34.73101167], [135.29466278, 34.73097], [135.29468528, 34.73090472], [135.29494529, 34.73097003], [135.29498722, 34.73098056], [135.2951425, 34.73101944], [135.29520416, 34.731035], [135.29545711, 34.73109841], [135.29599639, 34.73123361], [135.29614195, 34.73127028], [135.29647084, 34.73043277], [135.29653139, 34.73027889], [135.2963875, 34.73026111], [135.29617416, 34.73023473], [135.29602472, 34.73015111], [135.29558445, 34.73008417], [135.29547023, 34.73006675], [135.29538945, 34.73005444], [135.29551389, 34.72978139], [135.29556028, 34.72967972], [135.29564335, 34.72954278], [135.2956725, 34.72949472], [135.29568805, 34.72943944], [135.2957175, 34.72933472], [135.29572325, 34.72931419], [135.29574754, 34.72922742], [135.29577389, 34.72913333], [135.29578795, 34.72910511], [135.29595445, 34.72877111], [135.29607278, 34.72853389], [135.29612611, 34.72837973], [135.29598695, 34.72833139], [135.29585916, 34.72828723], [135.29591166, 34.72817167], [135.29595528, 34.72807556], [135.29582723, 34.72802722], [135.29610226, 34.72744679], [135.29610416, 34.72744278], [135.29620084, 34.72723861], [135.29640864, 34.72729504], [135.29645555, 34.72730778], [135.29652389, 34.72732639], [135.29732361, 34.72754389], [135.2974775, 34.72758556], [135.29755166, 34.72760583], [135.29780666, 34.727675], [135.29823361, 34.72787333], [135.29839389, 34.72793944], [135.29849528, 34.727785], [135.29854861, 34.72774111], [135.29865, 34.72775861], [135.29879945, 34.72782028], [135.29895945, 34.72788639], [135.29904472, 34.72790417], [135.29905555, 34.72801417], [135.29900222, 34.72815944], [135.29930084, 34.72831361], [135.29956325, 34.7284258], [135.29959972, 34.72844139], [135.29965432, 34.72832471], [135.29971722, 34.72819028], [135.29984528, 34.72801], [135.29988889, 34.72793028], [135.29994666, 34.72782472], [135.30007472, 34.72767944], [135.3001875, 34.72742556], [135.300285, 34.72720611], [135.30032695, 34.72711167], [135.30036389, 34.72702833], [135.30040555, 34.72693472], [135.30040695, 34.7269325], [135.30053527, 34.72672778], [135.30064361, 34.726555], [135.30066978, 34.72651325], [135.30072055, 34.72643223], [135.3007375, 34.72639944], [135.30106778, 34.72576583], [135.30108445, 34.72573444], [135.301105, 34.725695], [135.30113639, 34.72563472], [135.30139361, 34.72502917], [135.30144737, 34.72490312], [135.30146778, 34.72485528], [135.30147361, 34.72484139], [135.30163084, 34.72447139], [135.30167445, 34.72436861], [135.30182472, 34.724015], [135.30197416, 34.72356972], [135.30201334, 34.72346861], [135.30220166, 34.72298444], [135.30222445, 34.72292556], [135.30241722, 34.72242861], [135.30245945, 34.72227583], [135.30247222, 34.72223056], [135.30251861, 34.72206306], [135.30271611, 34.7213975], [135.30289389, 34.72082944], [135.30290723, 34.72078611], [135.30296139, 34.72061333], [135.30308139, 34.72028694], [135.30319695, 34.71997222], [135.30325239, 34.71982146], [135.30339389, 34.71943667], [135.30338946, 34.71931732], [135.30338834, 34.71928694], [135.30342584, 34.71916528], [135.30343877, 34.71913596], [135.30346445, 34.71907778], [135.30350728, 34.71898075], [135.30353361, 34.71892111], [135.30355752, 34.7188522], [135.30358333, 34.71877778], [135.30358333, 34.71877778], [135.30055124, 34.71932907], [135.30052778, 34.71933333], [135.30052778, 34.71898839], [135.30052778, 34.71877778], [135.29802778, 34.71933333], [135.29416478, 34.71933333], [135.29413889, 34.71933333], [135.29415195, 34.71932811], [135.2940162, 34.71932957], [135.29456436, 34.71842877], [135.29627747, 34.7184779], [135.29691667, 34.71822222], [135.2978612, 34.7176555], [135.29830556, 34.71738889], [135.29847415, 34.71736079], [135.30313852, 34.71658339], [135.30314592, 34.71658216], [135.30330556, 34.71655556], [135.30350332, 34.71339126], [135.3035327, 34.71292131], [135.30358333, 34.71211111], [135.30362922, 34.71196627], [135.30385844, 34.70926838], [135.30410886, 34.70593993], [135.30398702, 34.70569626], [135.30398269, 34.7056876], [135.30386111, 34.70544444], [135.29701294, 34.70468354], [135.29470464, 34.70442706], [135.29386111, 34.70433333], [135.29342279, 34.70455249], [135.29330556, 34.70461111], [135.29219444, 34.71183333], [135.29223716, 34.71194012], [135.29253993, 34.71269706], [135.29330556, 34.71461111], [135.29339907, 34.71465119], [135.29525, 34.71544444], [135.29521277, 34.71549657], [135.29396065, 34.71724953], [135.29386111, 34.71738889], [135.29386111, 34.71744246], [135.29386111, 34.71777245], [135.29386111, 34.7179388], [135.29386111, 34.71822222], [135.29413889, 34.71822222], [135.29407141, 34.71832343], [135.29358333, 34.71905556], [135.2931596, 34.71891431], [135.29315811, 34.71891381], [135.29274247, 34.71982344], [135.29317051, 34.72005402], [135.29237338, 34.72086517], [135.29172385, 34.72065762], [135.29273669, 34.71871792], [135.29300007, 34.71788903], [135.29286175, 34.71761239], [135.29281436, 34.7175176], [135.29275, 34.71738889], [135.29270626, 34.71747636], [135.29247222, 34.71794444], [135.29189229, 34.71782846], [135.29157879, 34.71776576], [135.29130503, 34.71771101], [135.29108333, 34.71766667], [135.29115701, 34.71751931], [135.29131056, 34.7172122], [135.29136111, 34.71711111], [135.29126595, 34.71711111], [135.29114234, 34.71711111], [135.29113453, 34.71711111], [135.29108333, 34.71711111], [135.29138785, 34.71665434], [135.29139379, 34.71664543], [135.29163889, 34.71627778], [135.29167206, 34.71631095], [135.29185506, 34.71649395], [135.29191667, 34.71655556], [135.29187361, 34.71645508], [135.29175092, 34.71616881], [135.29122823, 34.71494919], [135.29114277, 34.7147498], [135.29108333, 34.71461111], [135.29080556, 34.71461111], [135.29080556, 34.71482023], [135.29080556, 34.71484387], [135.29080556, 34.71516667], [135.29038773, 34.71488811], [135.29027825, 34.71481513], [135.28997222, 34.71461111], [135.28956717, 34.71481364], [135.28948308, 34.71485568], [135.28941667, 34.71488889], [135.28936967, 34.71487126], [135.28745202, 34.71513472], [135.28684768, 34.71562626], [135.28123079, 34.71319849], [135.28009894, 34.714706], [135.27987284, 34.71458552], [135.28168458, 34.71176682], [135.2805187, 34.71102193], [135.28060525, 34.71064598], [135.28004784, 34.71041976], [135.27984088, 34.71055886], [135.27982583, 34.71081075], [135.27956576, 34.71097927], [135.27941268, 34.71097927], [135.27893443, 34.71148436], [135.2779994, 34.71108569], [135.27821845, 34.71065588], [135.27891785, 34.71092748], [135.27953366, 34.71019888], [135.27909414, 34.70987304], [135.27613573, 34.7083788], [135.27618701, 34.70806654], [135.28238123, 34.71112132], [135.28241968, 34.71107006], [135.28247222, 34.711], [135.28330556, 34.71127778], [135.28567253, 34.71167227], [135.28663889, 34.71183333], [135.28798915, 34.7040018], [135.28802778, 34.70377778], [135.28549166, 34.70351542], [135.28217378, 34.70317219], [135.27923575, 34.70286826], [135.27191667, 34.70211111], [135.27173048, 34.7022973], [135.27163889, 34.70238889], [135.27108333, 34.70572222], [135.27136111, 34.70627778], [135.2713564, 34.70628249], [135.27587544, 34.70783448], [135.27572555, 34.70828701], [135.27394703, 34.70759409], [135.27382795, 34.70771703], [135.27289514, 34.70739977], [135.27247354, 34.70776509], [135.26955637, 34.70685364], [135.268412, 34.70677517], [135.26803848, 34.70700184], [135.26825432, 34.70818598], [135.26778269, 34.70813571], [135.26747737, 34.70677691], [135.26736054, 34.70673314], [135.26733133, 34.7064316], [135.26400536, 34.70697834], [135.26402948, 34.70741222], [135.26358899, 34.7075046], [135.26332792, 34.70691616], [135.2603239, 34.70736257], [135.26026227, 34.70712102], [135.26784445, 34.70575269], [135.26786025, 34.70561844], [135.26829835, 34.70189454], [135.26830556, 34.70183333], [135.26802778, 34.70155556], [135.26741705, 34.70149324], [135.26730866, 34.70148218], [135.26719432, 34.70147051], [135.26083133, 34.70082122], [135.25441667, 34.70016667], [135.25324614, 34.70703663], [135.25381983, 34.70742214], [135.25975469, 34.70720507], [135.25978122, 34.70739952], [135.25578801, 34.70768365], [135.25687845, 34.70771675], [135.25685361, 34.70785741], [135.25398079, 34.70799433], [135.25367602, 34.70833854], [135.25010177, 34.70841091], [135.24966199, 34.7080343], [135.24966199, 34.7080343], [135.24762916, 34.70813722], [135.24760557, 34.70813788], [135.24721195, 34.70814889], [135.24713639, 34.70815139], [135.24684715, 34.70816036], [135.24643778, 34.70817306], [135.24598334, 34.70819833], [135.24579973, 34.70820861], [135.24577972, 34.70820973], [135.24553639, 34.70819], [135.24518389, 34.70816139], [135.2451275, 34.70815694], [135.24504166, 34.70828889], [135.24495199, 34.70842642], [135.24493028, 34.70845972], [135.24490472, 34.70849889], [135.24484666, 34.70858833], [135.24477389, 34.7087], [135.24469389, 34.70887667], [135.24449445, 34.70931639], [135.24447861, 34.70935139], [135.24419945, 34.70996694], [135.24407666, 34.70994667], [135.24397035, 34.71017009], [135.24394278, 34.71022806], [135.24389482, 34.71032857], [135.24388472, 34.71034972], [135.24372222, 34.71069167], [135.24353195, 34.71109139], [135.24344472, 34.71127444], [135.24343164, 34.71130197], [135.24341805, 34.71133056], [135.24334777, 34.71147861], [135.24327555, 34.71163], [135.24325416, 34.711675], [135.24323155, 34.71172256], [135.243165, 34.7118625], [135.24310445, 34.71199028], [135.24324944, 34.71203392], [135.24325028, 34.71203417], [135.24366445, 34.71215833], [135.24416723, 34.71230917], [135.24424472, 34.7123325], [135.2443985, 34.71237861], [135.24439945, 34.71237889], [135.24484166, 34.71251167], [135.24533389, 34.71265944], [135.24538972, 34.71267611], [135.24539791, 34.71267857], [135.24579305, 34.71279723], [135.24621895, 34.71292757], [135.24632926, 34.71296133], [135.24642111, 34.71298944], [135.24656555, 34.71303361], [135.24721166, 34.71323111], [135.24745611, 34.71330917], [135.24757472, 34.71334472], [135.24762445, 34.71335944], [135.24768755, 34.71337833], [135.24788805, 34.71343833], [135.24836723, 34.71365333], [135.24856647, 34.71376436], [135.24857111, 34.71376694], [135.24860972, 34.71378806], [135.24884611, 34.71391972], [135.24898166, 34.71397667], [135.24901445, 34.71399028], [135.24928445, 34.71410306], [135.24940639, 34.71415417], [135.24944531, 34.71417048], [135.24956084, 34.71421889], [135.24961055, 34.71423944], [135.24965805, 34.71425944], [135.24952166, 34.71473667], [135.24950722, 34.71478694], [135.24948111, 34.71487833], [135.24932695, 34.71553306], [135.24932389, 34.71554606], [135.24930007, 34.71564741], [135.24928334, 34.71571861], [135.24926334, 34.71580944], [135.24916834, 34.7162375], [135.24907462, 34.71666094], [135.24901778, 34.71691778], [135.24893973, 34.71717583], [135.24874166, 34.71761444], [135.24862777, 34.71775056], [135.24860629, 34.7177762], [135.24849695, 34.71790667], [135.24814305, 34.71841833], [135.24795028, 34.71874083], [135.24792581, 34.71886025], [135.2479133, 34.71892127], [135.24788527, 34.71905806], [135.24783055, 34.71932528], [135.24758055, 34.71985417], [135.24733707, 34.72010234], [135.24729195, 34.72014833], [135.24721139, 34.72023056], [135.24710055, 34.72033583], [135.24700972, 34.72041083], [135.24693055, 34.72047611], [135.24679861, 34.72060861], [135.24662389, 34.72088944], [135.2464825, 34.72120028], [135.24640445, 34.72130611], [135.24635028, 34.72137944], [135.24624639, 34.72152333], [135.24615666, 34.72170277], [135.24607166, 34.72181194], [135.24606555, 34.72181611], [135.24589778, 34.72193472], [135.24584528, 34.72197167], [135.24503805, 34.72254667], [135.24470307, 34.72278395], [135.24460316, 34.72285472], [135.24452472, 34.72291027], [135.24414111, 34.72318194], [135.2432833, 34.72379004], [135.24327278, 34.7237975], [135.243265, 34.72381111], [135.24314055, 34.72402361], [135.24309334, 34.72420667], [135.24306972, 34.72473583], [135.24306972, 34.72502278], [135.24306972, 34.72504], [135.24305084, 34.725305], [135.24300972, 34.72541361], [135.24298, 34.72549223], [135.24297278, 34.72550472], [135.24290848, 34.72561749], [135.24286223, 34.72569861], [135.24271111, 34.72592083], [135.24269945, 34.72593277], [135.24255055, 34.72608806], [135.24251278, 34.72622861], [135.24251223, 34.72624083], [135.24250805, 34.72633361], [135.24257416, 34.72652083], [135.24263, 34.72659611], [135.24273945, 34.72674306], [135.24283861, 34.72686278], [135.24286388, 34.72700199], [135.24286695, 34.72701889], [135.2428575, 34.72712778], [135.24280555, 34.72739694], [135.24280555, 34.72747444], [135.24280555, 34.72755667], [135.24281028, 34.72777889], [135.24278666, 34.72789583], [135.24276305, 34.72801278], [135.24275361, 34.7282075], [135.24272055, 34.72863111], [135.24271222, 34.72880111], [135.24268889, 34.72927389], [135.2426875, 34.72930167], [135.24265445, 34.72964861], [135.24264324, 34.72991673], [135.24264324, 34.72991673], [135.24573423, 34.73028231], [135.24586656, 34.73052907], [135.24553748, 34.73195453], [135.24554155, 34.73211421], [135.24556908, 34.73319607], [135.24594062, 34.73369795], [135.24660917, 34.73417464], [135.24762556, 34.73596735], [135.24766528, 34.73592528], [135.24770861, 34.73587972], [135.24781695, 34.73579833], [135.24790889, 34.73579056], [135.24797972, 34.73580028], [135.24807389, 34.73578472], [135.24811055, 34.73571458], [135.24811861, 34.73569917], [135.24811891, 34.73568601], [135.2481747, 34.7354953], [135.24875869, 34.73582801], [135.24913345, 34.73557355], [135.25005701, 34.7360659], [135.25147593, 34.73735969], [135.25154744, 34.73659991], [135.25297553, 34.7366964], [135.25331757, 34.73558673], [135.25324842, 34.73506584], [135.25413765, 34.73486804], [135.25467604, 34.73445602], [135.25554805, 34.73256218], [135.2555508, 34.73222516], [135.25498223, 34.73211321], [135.2551522, 34.73159009], [135.25551675, 34.7308373], [135.2559825, 34.73069479], [135.25630892, 34.73031317], [135.25655769, 34.73004016], [135.25713468, 34.73015546], [135.2574367, 34.7324114], [135.25748995, 34.73275202], [135.25735006, 34.7330263], [135.25696158, 34.73315051], [135.25678555, 34.73343077], [135.25782905, 34.73424443], [135.25811074, 34.73472218], [135.25842903, 34.73569721], [135.2588979, 34.73633268], [135.25933414, 34.73631641], [135.25945238, 34.73613715], [135.25897934, 34.73460811], [135.25909001, 34.73315437], [135.25888116, 34.73281258], [135.25799524, 34.73219014], [135.25789072, 34.73137506], [135.25952247, 34.7310912], [135.26097818, 34.73112744], [135.26149199, 34.73046521], [135.26190458, 34.73032929], [135.2623989, 34.73054676], [135.26457566, 34.73038119], [135.26545524, 34.73091261], [135.26579481, 34.72993941], [135.26760315, 34.73026594], [135.26738531, 34.7308934], [135.26685335, 34.73090622], [135.26669955, 34.73104711], [135.26669955, 34.73128399], [135.26705246, 34.73207991], [135.26633765, 34.73307966], [135.2657775, 34.73438598], [135.2664837, 34.73454729], [135.26728439, 34.7331606], [135.26842342, 34.73235044], [135.26901233, 34.73139396], [135.26984442, 34.73128652], [135.27047731, 34.73151559], [135.27088499, 34.73142432], [135.27181621, 34.73080081], [135.27234647, 34.73124152], [135.27173042, 34.73169738], [135.27065258, 34.73271984], [135.27047343, 34.73329769], [135.27047353, 34.73429617], [135.27365709, 34.73510816], [135.27388514, 34.73398916], [135.27462388, 34.73322086], [135.27467212, 34.73268563], [135.27560239, 34.73259233], [135.27559284, 34.73242864], [135.27482828, 34.73231689], [135.27453667, 34.7321646], [135.27443943, 34.73185489], [135.2746217, 34.73166662], [135.27662924, 34.7316838], [135.27788405, 34.73149993], [135.27880516, 34.73271979], [135.27952469, 34.73308686], [135.27964718, 34.7319933], [135.28071348, 34.73147307], [135.28113089, 34.73304637], [135.28294065, 34.7338245], [135.28364401, 34.73443595], [135.28392853, 34.73419993], [135.28403655, 34.73333615], [135.28429573, 34.73326956], [135.285899, 34.73353603], [135.2860441, 34.73394461], [135.28587336, 34.73486049], [135.28556983, 34.73532948], [135.28517152, 34.73577003], [135.2860108, 34.73541001], [135.28663196, 34.73516365], [135.28726344, 34.73389783], [135.28780476, 34.73376901], [135.28795658, 34.73328106], [135.28834155, 34.73301961], [135.28900537, 34.7329628], [135.28924762, 34.73422411], [135.28897274, 34.736122], [135.28864622, 34.73672919], [135.28951975, 34.73706185], [135.28989318, 34.73687449], [135.29001889, 34.7359728], [135.28988788, 34.73545795], [135.29012511, 34.73510664], [135.29024164, 34.73441192], [135.28985459, 34.73354921], [135.28960771, 34.7328325], [135.29112633, 34.73298606], [135.29047414, 34.73405651], [135.29186279, 34.73498633], [135.29283936, 34.73489275]]]}}, {"type": "Feature", "id": "did-1970-34", "properties": {"A16_001": "281052", "A16_002": "28105", "A16_003": "兵庫区", "A16_004": "2", "A16_005": "22548", "A16_006": "2.1", "A16_007": "10943", "A16_008": "1.6", "A16_009": "8.4", "A16_010": "0.8", "A16_011": "1970", "year": 1970, "population": 22548.0, "areaKm2": 2.1, "density": 10737.142857142857}, "geometry": {"type": "Polygon", "coordinates": [[[135.14451695, 34.71575501], [135.14436473, 34.71598312], [135.14437972, 34.71787544], [135.14417095, 34.71853226], [135.143682, 34.71860857], [135.14261805, 34.71959405], [135.14068568, 34.72092626], [135.13767692, 34.72218106], [135.13689208, 34.72269889], [135.13640052, 34.72314027], [135.13536007, 34.72418666], [135.13550646, 34.72565464], [135.13595313, 34.72562375], [135.1359315, 34.72752364], [135.13640429, 34.72806413], [135.13694764, 34.72862721], [135.13602406, 34.72981759], [135.13671303, 34.73076274], [135.13422102, 34.73098016], [135.13464632, 34.7321764], [135.13456698, 34.73238028], [135.1341784, 34.73281625], [135.13418689, 34.73297618], [135.13429494, 34.73304383], [135.13449805, 34.73305377], [135.13547719, 34.73310982], [135.13584765, 34.7332041], [135.13632397, 34.73387541], [135.13684471, 34.7343468], [135.13725431, 34.73365849], [135.13760078, 34.7327535], [135.13944487, 34.73159579], [135.14025648, 34.73029756], [135.14060318, 34.7293087], [135.14202068, 34.73018072], [135.14368849, 34.73223511], [135.14314048, 34.73277144], [135.14184762, 34.73332098], [135.14194828, 34.73412145], [135.14180848, 34.73473041], [135.14284297, 34.73502651], [135.14349228, 34.7333824], [135.14678657, 34.73263972], [135.14808328, 34.73378008], [135.14837203, 34.73355341], [135.1485268, 34.73316529], [135.14845124, 34.73274953], [135.14806911, 34.73239067], [135.14804479, 34.73213145], [135.14820154, 34.73203695], [135.14819343, 34.73179934], [135.14789183, 34.73140961], [135.14793437, 34.73120559], [135.14827852, 34.73097974], [135.14783744, 34.73038725], [135.14777443, 34.73002834], [135.14809932, 34.72934076], [135.14803985, 34.72906487], [135.14787933, 34.72894025], [135.14658753, 34.72868587], [135.14697876, 34.72844867], [135.1463517, 34.7273327], [135.14759978, 34.72730283], [135.14866829, 34.72704012], [135.14859734, 34.7276698], [135.14813821, 34.72764478], [135.14951014, 34.7309412], [135.15228258, 34.73042482], [135.15420557, 34.7297597], [135.15340325, 34.72665622], [135.15367495, 34.72578581], [135.15447642, 34.7257437], [135.1550891, 34.72512193], [135.15559857, 34.72505814], [135.15565516, 34.72483876], [135.15538804, 34.72458092], [135.15471056, 34.72443758], [135.15452464, 34.72349319], [135.15445038, 34.72209249], [135.15278446, 34.72202831], [135.15209074, 34.72203726], [135.15136548, 34.72163623], [135.15070294, 34.72147597], [135.15010084, 34.72090632], [135.14905459, 34.72062264], [135.14863799, 34.72027586], [135.14850988, 34.7198043], [135.14763001, 34.71869865], [135.14750824, 34.71818667], [135.14722919, 34.71782676], [135.14643168, 34.71736936], [135.1453503, 34.71607016], [135.14451695, 34.71575501]]]}}, {"type": "Feature", "id": "did-1970-35", "properties": {"A16_001": "281031", "A16_002": "28103", "A16_003": "葺合区", "A16_004": "1", "A16_005": "84246", "A16_006": "5.1", "A16_007": "93781", "A16_008": "4.8", "A16_009": "99.2", "A16_010": "51.5", "A16_011": "1970", "year": 1970, "population": 84246.0, "areaKm2": 5.1, "density": 16518.823529411766}, "geometry": {"type": "Polygon", "coordinates": [[[135.20859266, 34.7177078], [135.20858778, 34.71751], [135.20861166, 34.71736111], [135.20862945, 34.71724889], [135.20867084, 34.71706194], [135.2087108, 34.71688188], [135.20876659, 34.71663048], [135.20879055, 34.7165225], [135.20886957, 34.71621707], [135.20918638, 34.7149925], [135.20918861, 34.71498389], [135.20920305, 34.71492861], [135.20922, 34.71486278], [135.20942195, 34.71425139], [135.2094327, 34.71421857], [135.2094375, 34.71420389], [135.20945055, 34.71416417], [135.20951361, 34.71397361], [135.20956139, 34.71389972], [135.2096075, 34.71384861], [135.2096475, 34.71380473], [135.20968278, 34.71376556], [135.20982584, 34.71360759], [135.20986139, 34.71356833], [135.20989834, 34.71352778], [135.209935, 34.71348694], [135.21000278, 34.7134125], [135.21028305, 34.71309722], [135.21046028, 34.71285472], [135.21048918, 34.71281565], [135.21049028, 34.71281417], [135.21049195, 34.71281167], [135.21051195, 34.71277167], [135.21061111, 34.712575], [135.21079, 34.71222528], [135.21117119, 34.71162143], [135.21118945, 34.7115925], [135.21122805, 34.71153139], [135.21127334, 34.71145944], [135.2117857, 34.71062226], [135.21181777, 34.71056985], [135.21211416, 34.71008556], [135.21214084, 34.71004361], [135.212505, 34.70947472], [135.21261, 34.70928417], [135.21263166, 34.709245], [135.21265416, 34.70920417], [135.21271584, 34.70909222], [135.2128725, 34.70880833], [135.21291082, 34.70873906], [135.21292889, 34.70870639], [135.21302389, 34.70853417], [135.21328111, 34.70809047], [135.21328139, 34.70809], [135.21350666, 34.70770167], [135.21371692, 34.70725636], [135.21377527, 34.70713278], [135.21390639, 34.70695056], [135.21395166, 34.70688833], [135.2139912, 34.7068337], [135.21423445, 34.7064975], [135.21427528, 34.70644944], [135.2143725, 34.70633556], [135.21439, 34.706315], [135.21439389, 34.70631056], [135.21440241, 34.70630057], [135.21448639, 34.70620222], [135.21450928, 34.70616795], [135.2145775, 34.70606583], [135.21461778, 34.70600528], [135.21462988, 34.70597396], [135.21471305, 34.70575889], [135.21475592, 34.70564615], [135.21481973, 34.70547833], [135.21487971, 34.70532032], [135.21489027, 34.7052925], [135.21490778, 34.70524667], [135.21493389, 34.70517778], [135.21524389, 34.7045375], [135.21531222, 34.70439278], [135.21532861, 34.70435778], [135.21539362, 34.7042204], [135.21541195, 34.70418167], [135.21577028, 34.70342194], [135.21581805, 34.70332111], [135.21584443, 34.70327054], [135.215845, 34.70326944], [135.21605666, 34.70286306], [135.21614611, 34.70260444], [135.21622889, 34.70262139], [135.21631354, 34.70252533], [135.21635055, 34.70248333], [135.21640805, 34.70241833], [135.21646889, 34.70234917], [135.21663584, 34.70215972], [135.21692945, 34.70178917], [135.21710305, 34.70186], [135.21736139, 34.70196528], [135.21756389, 34.70203944], [135.21774889, 34.70210694], [135.21776062, 34.70205928], [135.21777577, 34.70199777], [135.21777611, 34.70199639], [135.21778139, 34.70197472], [135.21780416, 34.70188278], [135.21781555, 34.70183639], [135.21794305, 34.70131167], [135.21812195, 34.70089306], [135.21836639, 34.70031167], [135.21840695, 34.70019611], [135.21848584, 34.69997194], [135.21850915, 34.69982567], [135.2185309, 34.69968921], [135.2185925, 34.69930278], [135.21863805, 34.6990175], [135.21865937, 34.69876996], [135.21865937, 34.69876996], [135.21468014, 34.69625386], [135.21414052, 34.69604812], [135.21213943, 34.69479062], [135.21104409, 34.69559954], [135.20507521, 34.69199905], [135.20400932, 34.69282732], [135.20369092, 34.69270361], [135.20396951, 34.69224413], [135.20413874, 34.69220357], [135.20414091, 34.69209056], [135.20390379, 34.69213185], [135.20376946, 34.69190632], [135.20371638, 34.69112321], [135.20358074, 34.69101711], [135.20355735, 34.69044972], [135.20356352, 34.68998266], [135.20343989, 34.68936274], [135.20358501, 34.68912452], [135.20382275, 34.68907226], [135.2041318, 34.68956867], [135.20442323, 34.68936135], [135.20466086, 34.6895296], [135.20411849, 34.69000064], [135.20396715, 34.69046908], [135.20531018, 34.69109587], [135.20579804, 34.69109874], [135.21065182, 34.69367306], [135.2121831, 34.69303483], [135.21306597, 34.69299789], [135.21440372, 34.6937956], [135.21498261, 34.69311208], [135.21496531, 34.69309725], [135.21413889, 34.69238889], [135.21747222, 34.69016667], [135.21721441, 34.68990885], [135.21691667, 34.68961111], [135.21650491, 34.689948], [135.21386111, 34.69211111], [135.2136413, 34.69200121], [135.21354287, 34.69195199], [135.21330556, 34.69183333], [135.2163458, 34.68962225], [135.21636111, 34.68961111], [135.21630495, 34.68958303], [135.21596624, 34.68941368], [135.21594756, 34.68940434], [135.21580556, 34.68933333], [135.21275919, 34.69154887], [135.21275, 34.69155556], [135.21263014, 34.69148364], [135.2124256, 34.69136092], [135.21175093, 34.69095611], [135.21143301, 34.69076536], [135.21136111, 34.69072222], [135.21211429, 34.6902201], [135.21300294, 34.68962767], [135.21302778, 34.68961111], [135.21287096, 34.6895327], [135.21266932, 34.68943188], [135.21247222, 34.68933333], [135.21245778, 34.68934296], [135.21098389, 34.69032555], [135.21080556, 34.69044444], [135.21063687, 34.69044444], [135.21054462, 34.69044444], [135.21052778, 34.69044444], [135.21053513, 34.69043857], [135.21191667, 34.68933333], [135.21173898, 34.68897796], [135.21163889, 34.68877778], [135.21142684, 34.68895448], [135.21007397, 34.69008187], [135.20997222, 34.69016667], [135.20896555, 34.68956267], [135.20858333, 34.68933333], [135.21219444, 34.68683333], [135.21207183, 34.68671072], [135.21163889, 34.68627778], [135.21139488, 34.68646078], [135.20830556, 34.68877778], [135.2082667, 34.68875835], [135.20803764, 34.68864382], [135.20775, 34.6885], [135.21101597, 34.68605052], [135.21108333, 34.686], [135.21052778, 34.68572222], [135.21036862, 34.68584465], [135.20695844, 34.68846787], [135.20691667, 34.6885], [135.20525, 34.68766667], [135.20804053, 34.68552011], [135.2088302, 34.68491267], [135.20886111, 34.68488889], [135.20747222, 34.68405556], [135.20730115, 34.68418715], [135.20393287, 34.68677814], [135.20386111, 34.68683333], [135.20302778, 34.686], [135.20303908, 34.68598588], [135.20412147, 34.68463288], [135.20413889, 34.68461111], [135.20358333, 34.68433333], [135.20353715, 34.68439107], [135.20262535, 34.68553082], [135.20247222, 34.68572222], [135.2016583, 34.6849083], [135.2016583, 34.6849083], [135.20125122, 34.6849047], [135.20110582, 34.68518689], [135.20036425, 34.68507512], [135.19980325, 34.68496221], [135.19870725, 34.68477591], [135.19869366, 34.68505842], [135.19871212, 34.68528352], [135.19869313, 34.68542522], [135.19861465, 34.68554437], [135.19834667, 34.68606787], [135.19822564, 34.68628494], [135.19810974, 34.68624027], [135.19806993, 34.68631521], [135.19803782, 34.68637586], [135.19809635, 34.68639601], [135.19758098, 34.6873089], [135.1974108, 34.68760407], [135.19728651, 34.68781948], [135.19649371, 34.68919408], [135.19645962, 34.68925306], [135.19637591, 34.68938634], [135.19586299, 34.69038217], [135.19572082, 34.69065827], [135.19569701, 34.69070576], [135.19562509, 34.69084896], [135.19552351, 34.69105125], [135.19547205, 34.69115373], [135.19545571, 34.69118962], [135.19543093, 34.69123431], [135.19535619, 34.69136893], [135.19532556, 34.69144085], [135.19532246, 34.69144622], [135.19529281, 34.69151432], [135.1950769, 34.69194856], [135.19487025, 34.6923709], [135.19486908, 34.69237331], [135.19468805, 34.69272616], [135.19468419, 34.69273211], [135.1946189, 34.69283244], [135.19456538, 34.69290972], [135.19457134, 34.69297405], [135.19451377, 34.69302221], [135.19444732, 34.693201], [135.19444141, 34.69322274], [135.19450048, 34.69324528], [135.19426131, 34.69367405], [135.19489639, 34.69432213], [135.19452742, 34.69474929], [135.19431823, 34.69499318], [135.19427973, 34.69503064], [135.19428916, 34.69524101], [135.19430198, 34.69551559], [135.19434376, 34.69640283], [135.19436329, 34.6966251], [135.19436701, 34.69666353], [135.1944073, 34.69748964], [135.19440751, 34.69749359], [135.19435736, 34.69750084], [135.19436311, 34.69784125], [135.19436998, 34.69802699], [135.19437317, 34.69811275], [135.19437542, 34.69815724], [135.19438532, 34.6983548], [135.19444016, 34.69862682], [135.19444177, 34.69863484], [135.19448075, 34.69924348], [135.1944825, 34.69929714], [135.19449399, 34.69934467], [135.19451519, 34.699391], [135.19470569, 34.70001505], [135.19478886, 34.70028068], [135.19516918, 34.70133934], [135.1953656, 34.70181939], [135.1954175, 34.70193115], [135.19542169, 34.70194041], [135.19566976, 34.70270364], [135.19578833, 34.70307621], [135.19579318, 34.70309139], [135.19582414, 34.70317386], [135.19583212, 34.70319535], [135.1958944, 34.70333745], [135.19590453, 34.70336062], [135.19596227, 34.70352516], [135.19596253, 34.703526], [135.19598241, 34.70358375], [135.19604093, 34.7038242], [135.19608429, 34.70400813], [135.19611519, 34.70416694], [135.19610168, 34.70424535], [135.19609743, 34.70426327], [135.19601387, 34.70461727], [135.19599493, 34.70492855], [135.19594262, 34.70517909], [135.19596941, 34.70538609], [135.19607435, 34.70567734], [135.19619608, 34.70595101], [135.19619094, 34.70606429], [135.19618956, 34.70609543], [135.19617475, 34.70614751], [135.19615891, 34.70620664], [135.19615174, 34.70627191], [135.19615311, 34.7063381], [135.19616297, 34.70640001], [135.19616532, 34.70645394], [135.19616772, 34.70651294], [135.19617111, 34.70655968], [135.19617848, 34.70662062], [135.1961919, 34.70668152], [135.19620893, 34.70673633], [135.19621715, 34.70677994], [135.19621813, 34.70682571], [135.19622367, 34.70685821], [135.19622309, 34.70694174], [135.19593204, 34.70678689], [135.19591236, 34.70700268], [135.19595716, 34.7071773], [135.19595716, 34.7071773], [135.19629229, 34.70758419], [135.19633849, 34.70761801], [135.19686686, 34.70773705], [135.19759329, 34.70830274], [135.19766064, 34.70867016], [135.19677605, 34.70995935], [135.19755896, 34.71034801], [135.19793987, 34.71024827], [135.19753465, 34.71093472], [135.1988412, 34.71174504], [135.19940504, 34.71126667], [135.19982728, 34.71075121], [135.2015784, 34.710985], [135.20236944, 34.71140908], [135.20290481, 34.71188243], [135.20322736, 34.7124619], [135.20319643, 34.71286779], [135.20311253, 34.7131634], [135.20240226, 34.7137935], [135.2067792, 34.71828353], [135.20704, 34.71843583], [135.20721, 34.71849], [135.20769305, 34.71878556], [135.20782331, 34.71884065], [135.20792555, 34.71888389], [135.20811055, 34.71894306], [135.20812834, 34.71889861], [135.20806861, 34.71880028], [135.20805317, 34.71878151], [135.20786584, 34.71855389], [135.20784222, 34.71843083], [135.20791361, 34.71828333], [135.20803305, 34.71812083], [135.20824166, 34.7180125], [135.20843861, 34.71796306], [135.20851611, 34.71789417], [135.20859361, 34.71774639], [135.20859266, 34.7177078]]]}}, {"type": "Feature", "id": "did-1970-36", "properties": {"A16_001": "281041", "A16_002": "28104", "A16_003": "生田区", "A16_004": "1", "A16_005": "62691", "A16_006": "5.3", "A16_007": "74231", "A16_008": "5.2", "A16_009": "98.9", "A16_010": "62.5", "A16_011": "1970", "year": 1970, "population": 62691.0, "areaKm2": 5.3, "density": 11828.490566037737}, "geometry": {"type": "Polygon", "coordinates": [[[135.2016583, 34.6849083], [135.20163889, 34.68488889], [135.20166395, 34.6848016], [135.20212557, 34.68319363], [135.20273754, 34.68106193], [135.20246235, 34.68040895], [135.20163282, 34.68029688], [135.2005555, 34.68369046], [135.20052778, 34.68377778], [135.19929593, 34.68336716], [135.19925873, 34.68335476], [135.19916634, 34.68332396], [135.19902148, 34.68327568], [135.19886111, 34.68322222], [135.19940346, 34.67999523], [135.19940646, 34.67997739], [135.19941667, 34.67991667], [135.19888151, 34.67991667], [135.19875229, 34.67991667], [135.19843723, 34.67991667], [135.19830556, 34.67991667], [135.19775, 34.68297222], [135.1965578, 34.68294838], [135.19636111, 34.68294444], [135.19637155, 34.68282027], [135.19663409, 34.679696], [135.19663889, 34.67963889], [135.19627379, 34.67963889], [135.19625475, 34.67963889], [135.19574488, 34.67963889], [135.19552778, 34.67963889], [135.19497222, 34.68269444], [135.19395443, 34.68267409], [135.19358333, 34.68266667], [135.19361322, 34.68248886], [135.19412765, 34.67942799], [135.19413889, 34.67936111], [135.1937615, 34.67936111], [135.19351059, 34.67936111], [135.19307121, 34.67936111], [135.19302778, 34.67936111], [135.19230853, 34.68257976], [135.19227421, 34.68273335], [135.19191667, 34.68433333], [135.19231045, 34.68443178], [135.19302778, 34.68461111], [135.19302778, 34.68476609], [135.19302778, 34.68516667], [135.19273867, 34.68516667], [135.19214642, 34.68516667], [135.19212113, 34.68516667], [135.1906255, 34.68516667], [135.19037431, 34.68516667], [135.19019535, 34.68516667], [135.18997222, 34.68516667], [135.19008936, 34.68342135], [135.18947748, 34.68343464], [135.18942911, 34.68372457], [135.18902285, 34.6838647], [135.18885613, 34.68480361], [135.18625775, 34.68471663], [135.18774604, 34.68106592], [135.18858838, 34.68118814], [135.1886318, 34.68103089], [135.18976695, 34.68116103], [135.18975393, 34.68102778], [135.18974524, 34.68093871], [135.18819867, 34.6808227], [135.18940067, 34.6793803], [135.18941667, 34.67936111], [135.18858333, 34.67880556], [135.18844853, 34.67896282], [135.18691667, 34.68075], [135.18525, 34.68405556], [135.18503956, 34.68398541], [135.18499706, 34.68397124], [135.18466359, 34.68386009], [135.1844386, 34.68374488], [135.18417923, 34.68361209], [135.18437744, 34.6829586], [135.1842449, 34.68282936], [135.18400705, 34.68283926], [135.18398586, 34.68284798], [135.18372626, 34.68295478], [135.18332936, 34.68263215], [135.18321335, 34.68253785], [135.18346594, 34.68213043], [135.18349603, 34.68108439], [135.18317987, 34.68106361], [135.1830717, 34.68100958], [135.18310076, 34.68054706], [135.18334346, 34.68056699], [135.18330556, 34.68047222], [135.1840812, 34.68047222], [135.18441667, 34.68047222], [135.18544292, 34.6779066], [135.18552778, 34.67769444], [135.18527899, 34.67769444], [135.18527561, 34.67764381], [135.18515435, 34.67755203], [135.1849596, 34.67751532], [135.1839087, 34.67767685], [135.18353044, 34.67758866], [135.18184796, 34.6771964], [135.18191667, 34.67700241], [135.18198318, 34.6768146], [135.18299913, 34.67706334], [135.18341421, 34.67707843], [135.18369271, 34.67708855], [135.1845877, 34.67712109], [135.18450523, 34.67682446], [135.1843609, 34.67674207], [135.1841506, 34.67679151], [135.18400628, 34.67664319], [135.18410232, 34.67658333], [135.1843488, 34.67658333], [135.18556255, 34.67658333], [135.18583864, 34.67658333], [135.18663889, 34.67658333], [135.18666372, 34.67654608], [135.18697425, 34.67653406], [135.18707259, 34.67637759], [135.18692312, 34.67615698], [135.18691234, 34.67614106], [135.18681999, 34.67588626], [135.18664513, 34.67577742], [135.18641293, 34.67578315], [135.18618329, 34.67561374], [135.18590522, 34.67558224], [135.18573322, 34.6754734], [135.18600516, 34.67527429], [135.18603167, 34.67525487], [135.18626961, 34.67527779], [135.18645311, 34.67503098], [135.18639962, 34.67483691], [135.18633843, 34.67461491], [135.1859655, 34.67431912], [135.18581643, 34.67403844], [135.18590243, 34.67377781], [135.18632957, 34.67414154], [135.18678095, 34.67484564], [135.18739037, 34.67454092], [135.18775, 34.67436111], [135.18802778, 34.67352778], [135.18830556, 34.67352778], [135.18858333, 34.67269444], [135.18886111, 34.67213889], [135.18913889, 34.67158333], [135.18865248, 34.67085371], [135.18858333, 34.67075], [135.18833414, 34.6706254], [135.18820665, 34.67056166], [135.18771574, 34.6703162], [135.18747222, 34.67019444], [135.18747222, 34.67011885], [135.18747222, 34.66991667], [135.18320671, 34.66991667], [135.18306175, 34.66991667], [135.18302778, 34.66991667], [135.1822467, 34.66991667], [135.18219444, 34.66991667], [135.18219444, 34.67019444], [135.1816735, 34.67028127], [135.1816735, 34.67028127], [135.18162969, 34.67067539], [135.18173834, 34.67073802], [135.18178443, 34.67104607], [135.18162809, 34.6713998], [135.18146407, 34.67158148], [135.18117171, 34.67245316], [135.18122108, 34.67260233], [135.18110413, 34.6732629], [135.18090656, 34.67361731], [135.18086835, 34.67363355], [135.18059185, 34.67421726], [135.18029529, 34.67434032], [135.18029473, 34.67434056], [135.18025555, 34.67435667], [135.18005611, 34.67443944], [135.17899586, 34.67484983], [135.17899111, 34.67485167], [135.17894445, 34.67486972], [135.17889555, 34.67488861], [135.17885889, 34.67490278], [135.17821916, 34.67514944], [135.17813111, 34.67517583], [135.17785834, 34.67525778], [135.17779872, 34.6752757], [135.17768555, 34.67530972], [135.17760071, 34.67533519], [135.17728584, 34.67542972], [135.17716834, 34.67547639], [135.17710555, 34.67550139], [135.17688472, 34.67558889], [135.17677345, 34.67563304], [135.17664389, 34.67568444], [135.17659722, 34.67570306], [135.17659416, 34.67570444], [135.17649945, 34.67574194], [135.17644639, 34.67576306], [135.17643416, 34.67576777], [135.17640584, 34.67577694], [135.1758325, 34.67596333], [135.17577472, 34.67598194], [135.17572945, 34.67599667], [135.17565416, 34.67602111], [135.175775, 34.67629056], [135.17573834, 34.67631222], [135.17568361, 34.67634444], [135.17560139, 34.67639389], [135.17550416, 34.67645222], [135.1754525, 34.67648667], [135.17535084, 34.67655473], [135.17519639, 34.67670583], [135.17519267, 34.67670944], [135.17516916, 34.67673222], [135.17516111, 34.67674028], [135.17512389, 34.67677667], [135.17492972, 34.67696639], [135.17488472, 34.67700889], [135.17484945, 34.6770425], [135.17481084, 34.67707917], [135.17458028, 34.67729833], [135.17454416, 34.67733278], [135.17451, 34.677365], [135.17417555, 34.67768278], [135.17413472, 34.67772167], [135.17412949, 34.67772662], [135.17409889, 34.67775556], [135.17381416, 34.67802611], [135.17377445, 34.67806389], [135.17373778, 34.67809861], [135.1734875, 34.67833639], [135.17427695, 34.6787875], [135.17438557, 34.67884947], [135.17440305, 34.67885944], [135.17461, 34.67897778], [135.17437584, 34.67921806], [135.17436166, 34.6792325], [135.17419334, 34.67940507], [135.17418555, 34.67941306], [135.17412695, 34.67947306], [135.17384834, 34.67975917], [135.17380305, 34.67980583], [135.17377361, 34.67983611], [135.17337445, 34.68024639], [135.17333111, 34.68029111], [135.17332749, 34.68029482], [135.17329555, 34.6803275], [135.17276972, 34.68086806], [135.1726, 34.68103972], [135.17256, 34.68108], [135.17255324, 34.68108683], [135.17253166, 34.68110861], [135.17231945, 34.68132333], [135.17203389, 34.68161361], [135.17199416, 34.68165361], [135.17196528, 34.68168306], [135.17173834, 34.68191333], [135.17162861, 34.68202667], [135.17150666, 34.68215278], [135.17150055, 34.68215917], [135.17137695, 34.68228694], [135.17126195, 34.68240583], [135.17125111, 34.68241861], [135.17107055, 34.68263472], [135.17097805, 34.68274528], [135.17086334, 34.68295333], [135.170835, 34.68300444], [135.17081389, 34.68304306], [135.17077889, 34.68310639], [135.17070084, 34.68326889], [135.17063528, 34.68340556], [135.17053055, 34.68367833], [135.17047889, 34.6838125], [135.17041666, 34.68400583], [135.17037576, 34.68408233], [135.17025639, 34.68430556], [135.170255, 34.68430814], [135.17024389, 34.68432889], [135.17018166, 34.68456889], [135.17012639, 34.68484361], [135.17001861, 34.68511778], [135.16967389, 34.68614583], [135.16966084, 34.68618472], [135.16964, 34.68624694], [135.17015166, 34.68646222], [135.17020055, 34.6864825], [135.17024861, 34.68650278], [135.1702728, 34.68651293], [135.17052778, 34.68662], [135.171235, 34.68694056], [135.17128334, 34.68696278], [135.17129472, 34.68696778], [135.1713125, 34.68701472], [135.17138916, 34.68721833], [135.17149028, 34.68747694], [135.17156861, 34.68758472], [135.17170528, 34.68769777], [135.17195, 34.68784333], [135.17197055, 34.68785139], [135.17202472, 34.68787222], [135.17207278, 34.68789111], [135.17211666, 34.68790806], [135.17219722, 34.68790917], [135.17232528, 34.68791083], [135.17235528, 34.68790778], [135.17245472, 34.68789806], [135.17250611, 34.68789278], [135.17259639, 34.68788389], [135.1726875, 34.68790528], [135.17276509, 34.68796826], [135.17284273, 34.68803128], [135.17288666, 34.68806694], [135.17287038, 34.68807109], [135.17298482, 34.68823587], [135.17283657, 34.68879298], [135.17292491, 34.68959211], [135.17335405, 34.68996953], [135.17338084, 34.68998222], [135.17339584, 34.68998944], [135.17393611, 34.69026194], [135.17395695, 34.6902725], [135.17418555, 34.69041528], [135.17433528, 34.69056389], [135.17436232, 34.69059077], [135.1743825, 34.69061083], [135.17443, 34.69065778], [135.17471028, 34.69098917], [135.17471055, 34.69098944], [135.17496555, 34.69133056], [135.17502611, 34.69141111], [135.17509916, 34.69150833], [135.17531139, 34.69172139], [135.1753575, 34.69175], [135.17544195, 34.69180223], [135.17553584, 34.69185333], [135.17558555, 34.69188028], [135.17575278, 34.69191861], [135.17585639, 34.69194222], [135.17614389, 34.69202167], [135.17619889, 34.69203667], [135.17622445, 34.69205444], [135.17624139, 34.69206611], [135.17615111, 34.69216583], [135.17610305, 34.69221889], [135.17603278, 34.69229667], [135.17574416, 34.69221444], [135.17562416, 34.69243861], [135.17558334, 34.69251528], [135.17547361, 34.69266777], [135.17542555, 34.69273444], [135.17537889, 34.69279917], [135.175285, 34.69292944], [135.17515555, 34.69319389], [135.17512416, 34.69325778], [135.17482619, 34.69383667], [135.17650578, 34.69450477], [135.17636273, 34.69479683], [135.17604597, 34.69544359], [135.17604597, 34.69544359], [135.17611275, 34.69607865], [135.17649555, 34.69658864], [135.17678121, 34.69677681], [135.1772673, 34.69672826], [135.17764461, 34.69694208], [135.17781478, 34.69723348], [135.17797321, 34.69798156], [135.17821621, 34.69835796], [135.17852617, 34.69838229], [135.17882394, 34.69813335], [135.17886641, 34.69763552], [135.179536, 34.69751957], [135.17986413, 34.69731315], [135.18029564, 34.69686393], [135.18090517, 34.69711277], [135.1815006, 34.69718564], [135.18162215, 34.69746489], [135.18223763, 34.69789105], [135.18316129, 34.69836455], [135.18366658, 34.69953195], [135.18452336, 34.69949551], [135.18499223, 34.69932619], [135.18539036, 34.69948183], [135.1854018, 34.70009388], [135.18556639, 34.7005014], [135.18601407, 34.70062069], [135.1868438, 34.70067036], [135.18716833, 34.70103566], [135.18774721, 34.70204342], [135.18911317, 34.70248489], [135.19042804, 34.70320758], [135.19230306, 34.70507329], [135.19433028, 34.70658759], [135.19486056, 34.70682496], [135.19504446, 34.70685557], [135.19522269, 34.70687995], [135.19522449, 34.70688068], [135.19595716, 34.7071773], [135.19595716, 34.7071773], [135.19591236, 34.70700268], [135.19593204, 34.70678689], [135.19622309, 34.70694174], [135.19622367, 34.70685821], [135.19621813, 34.70682571], [135.19621715, 34.70677994], [135.19620893, 34.70673633], [135.1961919, 34.70668152], [135.19617848, 34.70662062], [135.19617111, 34.70655968], [135.19616772, 34.70651294], [135.19616532, 34.70645394], [135.19616297, 34.70640001], [135.19615311, 34.7063381], [135.19615174, 34.70627191], [135.19615891, 34.70620664], [135.19617475, 34.70614751], [135.19618956, 34.70609543], [135.19619094, 34.70606429], [135.19619608, 34.70595101], [135.19607435, 34.70567734], [135.19596941, 34.70538609], [135.19594262, 34.70517909], [135.19599493, 34.70492855], [135.19601387, 34.70461727], [135.19609743, 34.70426327], [135.19610168, 34.70424535], [135.19611519, 34.70416694], [135.19608429, 34.70400813], [135.19604093, 34.7038242], [135.19598241, 34.70358375], [135.19596253, 34.703526], [135.19596227, 34.70352516], [135.19590453, 34.70336062], [135.1958944, 34.70333745], [135.19583212, 34.70319535], [135.19582414, 34.70317386], [135.19579318, 34.70309139], [135.19578833, 34.70307621], [135.19566976, 34.70270364], [135.19542169, 34.70194041], [135.1954175, 34.70193115], [135.1953656, 34.70181939], [135.19516918, 34.70133934], [135.19478886, 34.70028068], [135.19470569, 34.70001505], [135.19451519, 34.699391], [135.19449399, 34.69934467], [135.1944825, 34.69929714], [135.19448075, 34.69924348], [135.19444177, 34.69863484], [135.19444016, 34.69862682], [135.19438532, 34.6983548], [135.19437542, 34.69815724], [135.19437317, 34.69811275], [135.19436998, 34.69802699], [135.19436311, 34.69784125], [135.19435736, 34.69750084], [135.19440751, 34.69749359], [135.1944073, 34.69748964], [135.19436701, 34.69666353], [135.19436329, 34.6966251], [135.19434376, 34.69640283], [135.19430198, 34.69551559], [135.19428916, 34.69524101], [135.19427973, 34.69503064], [135.19431823, 34.69499318], [135.19452742, 34.69474929], [135.19489639, 34.69432213], [135.19426131, 34.69367405], [135.19450048, 34.69324528], [135.19444141, 34.69322274], [135.19444732, 34.693201], [135.19451377, 34.69302221], [135.19457134, 34.69297405], [135.19456538, 34.69290972], [135.1946189, 34.69283244], [135.19468419, 34.69273211], [135.19468805, 34.69272616], [135.19486908, 34.69237331], [135.19487025, 34.6923709], [135.1950769, 34.69194856], [135.19529281, 34.69151432], [135.19532246, 34.69144622], [135.19532556, 34.69144085], [135.19535619, 34.69136893], [135.19543093, 34.69123431], [135.19545571, 34.69118962], [135.19547205, 34.69115373], [135.19552351, 34.69105125], [135.19562509, 34.69084896], [135.19569701, 34.69070576], [135.19572082, 34.69065827], [135.19586299, 34.69038217], [135.19637591, 34.68938634], [135.19645962, 34.68925306], [135.19649371, 34.68919408], [135.19728651, 34.68781948], [135.1974108, 34.68760407], [135.19758098, 34.6873089], [135.19809635, 34.68639601], [135.19803782, 34.68637586], [135.19806993, 34.68631521], [135.19810974, 34.68624027], [135.19822564, 34.68628494], [135.19834667, 34.68606787], [135.19861465, 34.68554437], [135.19869313, 34.68542522], [135.19871212, 34.68528352], [135.19869366, 34.68505842], [135.19870725, 34.68477591], [135.19980325, 34.68496221], [135.20036425, 34.68507512], [135.20110582, 34.68518689], [135.20125122, 34.6849047], [135.2016583, 34.6849083]]]}}, {"type": "Feature", "id": "did-1970-37", "properties": {"A16_001": "282031", "A16_002": "28203", "A16_003": "明石市", "A16_004": "1", "A16_005": "171606", "A16_006": "19.6", "A16_007": "114920", "A16_008": "13.1", "A16_009": "83.1", "A16_010": "41.4", "A16_011": "1970", "year": 1970, "population": 171606.0, "areaKm2": 19.6, "density": 8755.408163265305}, "geometry": {"type": "Polygon", "coordinates": [[[135.03072537, 34.65969909], [135.03091305, 34.65958277], [135.03105941, 34.65949106], [135.0316525, 34.65911944], [135.03176641, 34.65903894], [135.03251666, 34.65850889], [135.03250472, 34.65843972], [135.03234861, 34.65831194], [135.0322845, 34.65825965], [135.03214973, 34.65814972], [135.0318525, 34.65790667], [135.031765, 34.657835], [135.03165916, 34.65774861], [135.0314875, 34.65760833], [135.03139055, 34.65752889], [135.031305, 34.65744417], [135.0311582, 34.65729917], [135.03085139, 34.65699611], [135.03060509, 34.65670025], [135.03053389, 34.65661472], [135.030455, 34.65651333], [135.03041305, 34.65645944], [135.03037222, 34.65640694], [135.0303148, 34.65629536], [135.03015055, 34.65597611], [135.0300622, 34.65584042], [135.02968972, 34.65526833], [135.02948, 34.65501], [135.02942464, 34.65495829], [135.02937312, 34.65491015], [135.02934916, 34.65488778], [135.02911472, 34.65466833], [135.02878814, 34.65440881], [135.02849778, 34.65417806], [135.02762334, 34.65353444], [135.02731889, 34.65332944], [135.02726184, 34.65329097], [135.02722602, 34.65326681], [135.02699722, 34.6531125], [135.02680863, 34.65298535], [135.0267875, 34.65297111], [135.02677611, 34.65296361], [135.02615055, 34.65254222], [135.0259325, 34.65239556], [135.02581805, 34.65231833], [135.02570153, 34.65223042], [135.02564611, 34.65218861], [135.02544666, 34.65203833], [135.02478195, 34.65153833], [135.02453441, 34.65127408], [135.02449445, 34.65123139], [135.02429695, 34.65094417], [135.0241922, 34.65080967], [135.02394972, 34.65049833], [135.02389579, 34.65043296], [135.02351584, 34.6499725], [135.02324655, 34.64975848], [135.02323695, 34.64975083], [135.02280222, 34.64948183], [135.02275528, 34.64945278], [135.02223295, 34.64915378], [135.02213222, 34.64909611], [135.022087, 34.64906933], [135.02193139, 34.64897723], [135.02172695, 34.64885583], [135.02172122, 34.64885158], [135.02166846, 34.64881238], [135.02137361, 34.64859333], [135.02087055, 34.6481675], [135.02051722, 34.64782611], [135.02011584, 34.64739722], [135.02011498, 34.64738858], [135.02010972, 34.64733583], [135.02015159, 34.64718745], [135.02016639, 34.647135], [135.02017166, 34.64711611], [135.02017549, 34.64710256], [135.02025195, 34.64683194], [135.02026555, 34.64678333], [135.02023389, 34.64661278], [135.02007111, 34.64636819], [135.02002055, 34.64629223], [135.01999611, 34.64625528], [135.01990028, 34.6460775], [135.01978027, 34.64573083], [135.01962909, 34.64546267], [135.01959361, 34.64539972], [135.01943166, 34.64508444], [135.01920555, 34.64464361], [135.01915166, 34.64446333], [135.01911555, 34.64431028], [135.01903805, 34.64398], [135.01899277, 34.64387], [135.01899222, 34.64386833], [135.01891389, 34.64372583], [135.01883, 34.64357278], [135.01873111, 34.6433925], [135.01861111, 34.64325], [135.01861111, 34.64325], [135.01794085, 34.64332734], [135.01138889, 34.64408333], [135.01078681, 34.64402507], [135.00791616, 34.64374726], [135.00789859, 34.64374556], [135.00578355, 34.64354088], [135.00416528, 34.64338427], [135.0021721, 34.64331425], [135.00207538, 34.64276601], [135.00141318, 34.6426808], [135.00116846, 34.64309589], [134.99948147, 34.64291968], [134.99827365, 34.64306072], [134.99773576, 34.64262377], [134.997183, 34.64241274], [134.99444444, 34.64213889], [134.99444444, 34.64269444], [134.99527778, 34.64408333], [134.99499211, 34.64408333], [134.99361111, 34.64408333], [134.99277778, 34.64325], [134.99194444, 34.64352778], [134.99163344, 34.64342411], [134.99159814, 34.64341234], [134.9903475, 34.64299546], [134.99027778, 34.64297222], [134.99027778, 34.64380556], [134.99111111, 34.64436111], [134.99286043, 34.64436111], [134.99305556, 34.64436111], [134.99305556, 34.644682], [134.99305556, 34.64491667], [134.99288074, 34.6448584], [134.99222222, 34.64463889], [134.99086285, 34.64509201], [134.99055556, 34.64519444], [134.99039663, 34.64515471], [134.99035772, 34.64514499], [134.98983276, 34.64520004], [134.98923605, 34.64556724], [134.98877771, 34.6455802], [134.98859178, 34.64548084], [134.98859178, 34.64527348], [134.98869988, 34.645105], [134.98954305, 34.64516116], [134.98954865, 34.64494272], [134.98944444, 34.64491667], [134.98944444, 34.64354765], [134.98944444, 34.64352778], [134.98977092, 34.64309248], [134.99027778, 34.64241667], [134.98972222, 34.64186111], [134.98944444, 34.64213889], [134.98853151, 34.64191065], [134.98833333, 34.64186111], [134.98810269, 34.64139983], [134.98805556, 34.64130556], [134.98769022, 34.64142733], [134.98722222, 34.64158333], [134.98710523, 34.64146634], [134.98694444, 34.64130556], [134.98676069, 34.64148931], [134.98666667, 34.64158333], [134.98555556, 34.64158333], [134.98555556, 34.64156967], [134.9854179, 34.64157884], [134.97976744, 34.64240172], [134.97950392, 34.64243511], [134.97829066, 34.64286841], [134.9769061, 34.64239994], [134.97672162, 34.64253669], [134.97684659, 34.64275072], [134.97762025, 34.64310785], [134.97854941, 34.64353675], [134.98139825, 34.64556602], [134.98259359, 34.64681104], [134.9822161, 34.64705601], [134.98141991, 34.64624392], [134.98107985, 34.64623325], [134.97741997, 34.64388768], [134.9772174, 34.64352972], [134.97645347, 34.64299375], [134.97638889, 34.64297222], [134.97472222, 34.64380556], [134.97468615, 34.64379654], [134.9742783, 34.64402464], [134.97357546, 34.64413421], [134.97260558, 34.64390289], [134.97142466, 34.64457036], [134.96933439, 34.64575182], [134.96932289, 34.64575832], [134.96638889, 34.64741667], [134.96634388, 34.64730415], [134.96578767, 34.64662739], [134.96596704, 34.64636204], [134.96633049, 34.64582436], [134.96609468, 34.64571191], [134.96581705, 34.64603592], [134.96547298, 34.64643746], [134.96562523, 34.64703372], [134.96388889, 34.64852778], [134.96296555, 34.64929723], [134.96222222, 34.64991667], [134.96174929, 34.6501382], [134.96137541, 34.65031333], [134.96081583, 34.65057545], [134.95721081, 34.65226412], [134.95694444, 34.65238889], [134.95422613, 34.65448587], [134.94739307, 34.65975709], [134.94722222, 34.65988889], [134.94598159, 34.66069363], [134.94277814, 34.66277154], [134.93696856, 34.66653992], [134.93694444, 34.66655556], [134.9368512, 34.66655556], [134.93650725, 34.66655556], [134.93583333, 34.66655556], [134.93138889, 34.66988889], [134.93111342, 34.67003914], [134.92833333, 34.67155556], [134.92594867, 34.67243411], [134.92305556, 34.6735], [134.92083333, 34.67377778], [134.91961993, 34.67415697], [134.91707805, 34.6749513], [134.91638889, 34.67516667], [134.91597453, 34.67506308], [134.91595017, 34.67505699], [134.91527778, 34.67488889], [134.91463253, 34.67514699], [134.91304967, 34.67578013], [134.9125, 34.676], [134.91226993, 34.67576993], [134.91194444, 34.67544444], [134.91168398, 34.67550956], [134.91142169, 34.67532839], [134.91078879, 34.67557883], [134.91067166, 34.67552528], [134.91062915, 34.67550585], [134.91063118, 34.6755022], [134.91071032, 34.67535987], [134.91105936, 34.67517606], [134.91087496, 34.67502954], [134.90982021, 34.67528341], [134.90883977, 34.67590176], [134.90845841, 34.67614227], [134.90807242, 34.67622503], [134.9080849, 34.6764055], [134.90800681, 34.67643371], [134.90797388, 34.67638124], [134.90388889, 34.68155556], [134.90273052, 34.68259809], [134.90186742, 34.68337488], [134.90120579, 34.68397034], [134.90111111, 34.68405556], [134.89770644, 34.68663841], [134.89586827, 34.68803288], [134.895245, 34.68850571], [134.89526595, 34.68897417], [134.89616175, 34.69026034], [134.89569479, 34.69045846], [134.89492717, 34.68892462], [134.8947282, 34.68889776], [134.89381247, 34.68959246], [134.89323637, 34.69002949], [134.89312642, 34.6901129], [134.89307032, 34.69015547], [134.89305556, 34.69016667], [134.89297424, 34.69023443], [134.89280682, 34.69037394], [134.89266433, 34.69049269], [134.89142371, 34.69152653], [134.88989815, 34.69279784], [134.88989503, 34.69280044], [134.88989307, 34.69280207], [134.88972222, 34.69294444], [134.889573, 34.69292579], [134.88947349, 34.69291335], [134.88940268, 34.6929045], [134.88895176, 34.69284814], [134.88835594, 34.69277366], [134.88796273, 34.69272451], [134.88796184, 34.6927244], [134.88781762, 34.69270637], [134.88772228, 34.69269445], [134.88754164, 34.69267187], [134.8875, 34.69266667], [134.88756185, 34.6926914], [134.88794916, 34.69284633], [134.88795918, 34.69285034], [134.88834055, 34.69300289], [134.88885803, 34.69320988], [134.88888889, 34.69322222], [134.88871269, 34.69332794], [134.88869266, 34.69333996], [134.88856624, 34.69341581], [134.88851573, 34.69344612], [134.88842003, 34.69350354], [134.88791114, 34.69380887], [134.88738576, 34.6941241], [134.88635598, 34.69474197], [134.88611111, 34.69488889], [134.88611111, 34.69460296], [134.88611111, 34.69426918], [134.88611111, 34.69416892], [134.88611111, 34.69412647], [134.88611111, 34.69405556], [134.8875, 34.69322222], [134.88730596, 34.6931252], [134.88710285, 34.69302365], [134.8869497, 34.69294707], [134.88694444, 34.69294444], [134.88663058, 34.69306999], [134.8859356, 34.69334798], [134.88555556, 34.6935], [134.88527778, 34.69377778], [134.88467578, 34.69429951], [134.8830777, 34.69568452], [134.88219033, 34.69645357], [134.88202151, 34.69659987], [134.8812824, 34.69724044], [134.88111111, 34.69738889], [134.88075764, 34.69756563], [134.88042117, 34.69773386], [134.88037744, 34.69775572], [134.87983683, 34.69802603], [134.87926137, 34.69831376], [134.87879987, 34.69854451], [134.8770536, 34.69941764], [134.87660031, 34.69964429], [134.87631882, 34.69978504], [134.87626325, 34.69981282], [134.875, 34.70044444], [134.87402115, 34.70129419], [134.87309942, 34.70189422], [134.87257002, 34.70215804], [134.87244399, 34.70222085], [134.8723738, 34.70225583], [134.87237077, 34.70225966], [134.87191808, 34.70283201], [134.87178003, 34.70300656], [134.87154018, 34.70319487], [134.8710514, 34.70357861], [134.87217937, 34.704942], [134.87224869, 34.70497919], [134.87240717, 34.70493943], [134.87356283, 34.70392578], [134.87481891, 34.70305556], [134.87581487, 34.70247827], [134.87752332, 34.7019399], [134.87893515, 34.70149501], [134.87903603, 34.70147859], [134.87905401, 34.70148605], [134.87913779, 34.70152081], [134.87925967, 34.70170669], [134.87962761, 34.70226783], [134.88046967, 34.70316605], [134.88079438, 34.70378079], [134.88088506, 34.70383846], [134.88128455, 34.70394279], [134.88151535, 34.70397035], [134.8818276, 34.70400763], [134.88615628, 34.70150662], [134.88694179, 34.700912], [134.88732649, 34.70062078], [134.88752266, 34.70058462], [134.88754325, 34.70058082], [134.88767002, 34.70060908], [134.88783577, 34.70064602], [134.8880862, 34.70088787], [134.88823435, 34.70136665], [134.88822497, 34.70146391], [134.88806658, 34.70157805], [134.88800795, 34.70169406], [134.88801876, 34.70182932], [134.88848181, 34.7024594], [134.88848711, 34.70263282], [134.88842648, 34.70285661], [134.88830558, 34.70301943], [134.88809966, 34.7031035], [134.88764892, 34.70328755], [134.88764515, 34.70337238], [134.88769608, 34.70348737], [134.88781304, 34.7035722], [134.88791493, 34.70358223], [134.88830893, 34.70362104], [134.88842294, 34.70363227], [134.88846017, 34.70363594], [134.88870213, 34.70369135], [134.88895904, 34.70356909], [134.88901969, 34.70354023], [134.88910402, 34.70346152], [134.8891067, 34.70326531], [134.88915119, 34.70301841], [134.88923462, 34.70260239], [134.88963687, 34.70232617], [134.88965809, 34.7023116], [134.88973596, 34.70230721], [134.88990801, 34.70229753], [134.88996263, 34.70229445], [134.89004413, 34.70237375], [134.89021084, 34.70290989], [134.89029329, 34.7029899], [134.89034442, 34.70298518], [134.89042935, 34.70297733], [134.89068134, 34.70262381], [134.89073487, 34.70172027], [134.89074027, 34.69911527], [134.89060453, 34.69895173], [134.8905862, 34.69872544], [134.89070071, 34.69848117], [134.89259309, 34.6966889], [134.89286913, 34.69628037], [134.89286913, 34.69603943], [134.89285455, 34.69595169], [134.89280561, 34.69565708], [134.89279936, 34.69561947], [134.89271201, 34.69529473], [134.89271358, 34.69501651], [134.89260304, 34.69482715], [134.89247277, 34.69474036], [134.89229513, 34.69474431], [134.89196587, 34.6948215], [134.89126875, 34.69498495], [134.89119074, 34.69497248], [134.8910266, 34.69501065], [134.89125656, 34.69443103], [134.90034954, 34.68947108], [134.89972669, 34.68803748], [134.90044514, 34.68700273], [134.90137077, 34.68769421], [134.90173878, 34.68771214], [134.90189177, 34.68862922], [134.90247968, 34.68861577], [134.90265022, 34.68879512], [134.90281179, 34.68874132], [134.90286116, 34.68856645], [134.906932, 34.6861424], [134.90666989, 34.68588649], [134.90602214, 34.68487575], [134.90538868, 34.68426469], [134.90705572, 34.6828727], [134.90704062, 34.68070799], [134.90809617, 34.68069996], [134.90825047, 34.68211195], [134.910825, 34.68173707], [134.91093507, 34.68103696], [134.91156521, 34.68071976], [134.91189957, 34.68214739], [134.91232878, 34.68291982], [134.91717742, 34.68014769], [134.91701615, 34.67989779], [134.91656854, 34.68016084], [134.9158617, 34.67949051], [134.91548968, 34.67869459], [134.91423612, 34.67898507], [134.91346683, 34.67889444], [134.91347409, 34.67875667], [134.91549974, 34.67766764], [134.9164322, 34.67792201], [134.91812453, 34.67865748], [134.91710333, 34.676751], [134.92010988, 34.67543487], [134.92111126, 34.67807572], [134.91929175, 34.67907367], [134.92259905, 34.68052865], [134.92451464, 34.68057025], [134.92585202, 34.6811806], [134.92620731, 34.68111501], [134.92633089, 34.68078812], [134.92549501, 34.6803903], [134.92451785, 34.67970647], [134.92412393, 34.67958985], [134.92391954, 34.67943366], [134.92372014, 34.67888947], [134.92376878, 34.67836471], [134.92413371, 34.67821743], [134.92426988, 34.67793076], [134.92422611, 34.67769753], [134.9231706, 34.6777653], [134.92320951, 34.67757581], [134.92484729, 34.67729958], [134.92783754, 34.67616574], [134.93091715, 34.67438239], [134.93572891, 34.67090879], [134.93558449, 34.67078018], [134.93420767, 34.67109934], [134.93352638, 34.67138381], [134.93348146, 34.67101168], [134.9337809, 34.67020478], [134.9338311, 34.66985371], [134.93413647, 34.66989968], [134.93696746, 34.66770361], [134.93773821, 34.66951538], [134.94356587, 34.66601598], [134.94366637, 34.66709685], [134.9439508, 34.66749481], [134.94454789, 34.66745937], [134.94475524, 34.66834719], [134.94419362, 34.66878426], [134.94372659, 34.6690087], [134.94371491, 34.66940603], [134.94393956, 34.6695596], [134.94605598, 34.66882721], [134.94644377, 34.66888523], [134.94840124, 34.67030736], [134.94865761, 34.66995244], [134.94741277, 34.66898169], [134.94715449, 34.66855776], [134.94800312, 34.66806932], [134.94869661, 34.6686601], [134.94928235, 34.66875687], [134.94986951, 34.66855774], [134.95070754, 34.66783981], [134.95123064, 34.66709082], [134.95242132, 34.66693995], [134.9528279, 34.66728812], [134.95549683, 34.66672965], [134.95593245, 34.66654396], [134.95614735, 34.66674706], [134.95619381, 34.66708363], [134.95602538, 34.66730414], [134.95706725, 34.66821795], [134.9547935, 34.67030109], [134.95151237, 34.67270624], [134.95095199, 34.67249319], [134.95062146, 34.67250843], [134.94920325, 34.67360832], [134.94816924, 34.67423795], [134.94762927, 34.67342553], [134.94678039, 34.67394606], [134.94726794, 34.67506655], [134.94659438, 34.67559335], [134.94554985, 34.67490902], [134.94537781, 34.67491884], [134.94530658, 34.67562326], [134.94544034, 34.67646937], [134.94580734, 34.67690999], [134.94466469, 34.67774473], [134.94396193, 34.67726134], [134.94359107, 34.67658648], [134.94400084, 34.67544724], [134.94455653, 34.674643], [134.94390272, 34.67383583], [134.9434666, 34.67429585], [134.94317823, 34.67428973], [134.94291987, 34.67325885], [134.94106432, 34.67382233], [134.94050481, 34.67381321], [134.93954291, 34.67314404], [134.93867255, 34.67312976], [134.93755838, 34.67325838], [134.93653947, 34.67363394], [134.93524705, 34.67452282], [134.93491858, 34.67572945], [134.93415119, 34.67654699], [134.93435139, 34.67770693], [134.93378769, 34.678241], [134.93393682, 34.6790175], [134.93383613, 34.67922241], [134.9328585, 34.67907384], [134.9325378, 34.67947622], [134.93101785, 34.67892557], [134.93028132, 34.67892139], [134.92950994, 34.67927342], [134.92913425, 34.67985869], [134.92925546, 34.68037995], [134.92947672, 34.68051016], [134.92933405, 34.68098768], [134.92945019, 34.68170189], [134.93016874, 34.68283118], [134.93123874, 34.68298945], [134.93128181, 34.68326099], [134.93455295, 34.6836495], [134.93471709, 34.68356165], [134.93591407, 34.68352065], [134.93712357, 34.68318565], [134.93796333, 34.6839423], [134.93680263, 34.68471539], [134.93716963, 34.68515278], [134.93249805, 34.68743371], [134.93091796, 34.68842203], [134.93237086, 34.68976484], [134.93296647, 34.69100218], [134.93237536, 34.69109686], [134.9318384, 34.69132227], [134.93171118, 34.69178783], [134.93128703, 34.69178783], [134.9304689, 34.69165255], [134.92975041, 34.69126859], [134.92939845, 34.69089441], [134.92943422, 34.69046964], [134.93010208, 34.68989172], [134.92963239, 34.68902479], [134.92252822, 34.69285004], [134.92361904, 34.69477079], [134.92283399, 34.69543741], [134.92344618, 34.69576234], [134.92425132, 34.69588977], [134.92533592, 34.69601719], [134.92632434, 34.69601719], [134.92620996, 34.69532164], [134.92640764, 34.69506043], [134.92615895, 34.69474187], [134.9264204, 34.69437872], [134.92628011, 34.69421307], [134.92525316, 34.69402671], [134.92705258, 34.69236671], [134.92757549, 34.69213735], [134.9288588, 34.69109079], [134.92906286, 34.69132015], [134.92852749, 34.69295419], [134.9286359, 34.6933046], [134.92910779, 34.69380791], [134.92878264, 34.69466315], [134.92818321, 34.69459944], [134.92820874, 34.69507877], [134.92855309, 34.69541644], [134.92944027, 34.69571017], [134.92988665, 34.69557638], [134.93049883, 34.69500935], [134.93051824, 34.69473461], [134.93017389, 34.6946263], [134.93131662, 34.69300557], [134.93181511, 34.69281937], [134.93201917, 34.69246896], [134.93222961, 34.69227145], [134.93249744, 34.69229057], [134.93251084, 34.69334267], [134.93321868, 34.69338727], [134.93391376, 34.69350832], [134.93324419, 34.69261], [134.93318794, 34.69216196], [134.93386389, 34.69174784], [134.93486013, 34.69150478], [134.93530652, 34.69150478], [134.93563174, 34.69184245], [134.93603348, 34.69239674], [134.94022781, 34.68977864], [134.93932098, 34.68845058], [134.93955191, 34.68828739], [134.93992697, 34.68839248], [134.94007936, 34.68863332], [134.94042571, 34.68865546], [134.94058918, 34.6884257], [134.93965981, 34.68694151], [134.93950061, 34.68631524], [134.94019256, 34.68498059], [134.94145824, 34.68561062], [134.94212861, 34.68564817], [134.94194889, 34.68784193], [134.94248078, 34.6884849], [134.94300643, 34.68882563], [134.9432234, 34.68882563], [134.94360797, 34.68997408], [134.94276926, 34.692378], [134.94279101, 34.69291576], [134.94319334, 34.69285058], [134.94338922, 34.69296598], [134.9434599, 34.69372644], [134.94410689, 34.69367756], [134.9443896, 34.69228156], [134.944842, 34.69198679], [134.94582158, 34.69166502], [134.94647399, 34.69154008], [134.94589775, 34.69074507], [134.9457292, 34.69016386], [134.9456425, 34.68885765], [134.94614813, 34.68883592], [134.94613182, 34.68835791], [134.94652871, 34.68805916], [134.94692016, 34.68869469], [134.94726404, 34.68883042], [134.947612, 34.68875438], [134.94784035, 34.68842303], [134.94792771, 34.68804716], [134.94835722, 34.68806346], [134.94878129, 34.68811778], [134.94881391, 34.68796026], [134.94847683, 34.687781], [134.94826519, 34.68731649], [134.94778131, 34.6869417], [134.9473671, 34.68696264], [134.94686147, 34.6871093], [134.94648633, 34.68710387], [134.94628517, 34.68684314], [134.94631235, 34.68651723], [134.94594808, 34.68599577], [134.9464266, 34.68559185], [134.94689961, 34.68599925], [134.9487416, 34.68450825], [134.94743196, 34.68310279], [134.94638871, 34.68176948], [134.94676562, 34.68138703], [134.94742522, 34.68191658], [134.9476975, 34.68190168], [134.94766108, 34.68136639], [134.94795758, 34.68130922], [134.94799957, 34.68103782], [134.94820244, 34.68102223], [134.94687683, 34.67934352], [134.94779968, 34.67851914], [134.94977569, 34.67861701], [134.94983756, 34.67927638], [134.95000293, 34.67945789], [134.9503587, 34.67941668], [134.95071446, 34.67907154], [134.95121599, 34.67913762], [134.9516491, 34.67894702], [134.95197908, 34.67875127], [134.95246429, 34.67915342], [134.952124, 34.67953977], [134.95232026, 34.67982411], [134.95267602, 34.67987563], [134.95407222, 34.6792434], [134.9542863, 34.67934167], [134.95494013, 34.67884452], [134.95557804, 34.67896532], [134.95590785, 34.67849129], [134.9563881, 34.67883236], [134.95671854, 34.67818415], [134.95624987, 34.67794713], [134.95631352, 34.67768122], [134.95366395, 34.67585411], [134.95251176, 34.67673225], [134.9517312, 34.67594721], [134.95130977, 34.67610358], [134.95063399, 34.67562935], [134.9514224, 34.67499036], [134.95287916, 34.67506013], [134.95341612, 34.67501964], [134.95437982, 34.67467473], [134.95480603, 34.67432074], [134.95496205, 34.67370982], [134.9550076, 34.67267658], [134.95512, 34.67204839], [134.95538412, 34.67170006], [134.95711374, 34.67328772], [134.95618518, 34.67467776], [134.95716335, 34.67518813], [134.9578695, 34.67533695], [134.95819278, 34.6755369], [134.95830101, 34.67602651], [134.95847035, 34.67624183], [134.95870896, 34.67623414], [134.95892448, 34.67612648], [134.96042327, 34.67509345], [134.96206768, 34.67383091], [134.96382526, 34.67122712], [134.96450433, 34.67195832], [134.96429356, 34.67312422], [134.96438897, 34.67337199], [134.9645467, 34.67335713], [134.96516324, 34.6726518], [134.96548517, 34.67255932], [134.965971, 34.67267497], [134.96885066, 34.66976972], [134.96668867, 34.66892673], [134.96796341, 34.66770022], [134.96635983, 34.66614682], [134.96765941, 34.66509335], [134.96923265, 34.66628206], [134.97004682, 34.66573532], [134.97065193, 34.66583007], [134.97065645, 34.66634891], [134.97123984, 34.66692791], [134.97188669, 34.66705045], [134.97224795, 34.66733469], [134.97262728, 34.66738883], [134.97299306, 34.66729859], [134.9731275, 34.66722833], [134.97321805, 34.66714111], [134.97345916, 34.66702306], [134.9735875, 34.66693583], [134.97373834, 34.66671444], [134.97373834, 34.66663973], [134.97365528, 34.66654], [134.97351195, 34.66642778], [134.97349695, 34.66635917], [134.9736025, 34.66627806], [134.97374516, 34.66624488], [134.97393059, 34.66620175], [134.974085, 34.66616583], [134.97425834, 34.6660975], [134.97433753, 34.66602469], [134.97439278, 34.66597389], [134.97439416, 34.66597278], [134.97449222, 34.66567361], [134.97457139, 34.66532444], [134.97455916, 34.6650975], [134.97455611, 34.66504389], [134.97456695, 34.66501111], [134.97459361, 34.66493111], [134.97463916, 34.66479444], [134.97465609, 34.66475545], [134.97468945, 34.66467861], [134.97474111, 34.66455972], [134.97474472, 34.66455139], [134.97475695, 34.66453194], [134.97485778, 34.66437083], [134.97505389, 34.66425222], [134.97510666, 34.6641525], [134.97509916, 34.66405917], [134.97518195, 34.66397167], [134.97520814, 34.66393867], [134.97523111, 34.66390973], [134.97524778, 34.66388889], [134.97533274, 34.66378227], [134.97533927, 34.66377408], [134.97534805, 34.66376306], [134.97535305, 34.66374694], [134.97536861, 34.66369778], [134.97540055, 34.6635975], [134.97543084, 34.66350139], [134.97546111, 34.66331444], [134.97544616, 34.66321279], [134.97543084, 34.66310861], [134.97540084, 34.66296528], [134.9754279, 34.66284173], [134.97543084, 34.66282833], [134.97551, 34.66267723], [134.97552889, 34.66264111], [134.97551729, 34.66259004], [134.97548361, 34.66244167], [134.97539334, 34.66234194], [134.97535096, 34.66231307], [134.97509166, 34.66213639], [134.97500972, 34.66200694], [134.97500861, 34.66200528], [134.97495584, 34.66191194], [134.97495584, 34.66179972], [134.97500111, 34.66169361], [134.9750585, 34.66165568], [134.97511416, 34.66161889], [134.97538555, 34.66165], [134.97549111, 34.66162528], [134.97558277, 34.66155504], [134.97559695, 34.66154417], [134.97561945, 34.66138833], [134.97560445, 34.66112028], [134.97560445, 34.66090833], [134.97564973, 34.66073389], [134.97575528, 34.66057194], [134.97588334, 34.6604225], [134.97594139, 34.6603775], [134.97599639, 34.660335], [134.97613972, 34.66027278], [134.97621695, 34.66025778], [134.9762498, 34.66025135], [134.97626805, 34.66024778], [134.97635834, 34.66019806], [134.97641111, 34.66012306], [134.97642639, 34.65995806], [134.97637156, 34.65987791], [134.97632834, 34.65981472], [134.97622278, 34.65961528], [134.9762, 34.65948417], [134.97617, 34.65936583], [134.97621527, 34.65931583], [134.97632726, 34.65927197], [134.976645, 34.6591475], [134.97670055, 34.65912472], [134.97681084, 34.65907917], [134.97686361, 34.65902917], [134.97672426, 34.65873424], [134.97667528, 34.65863056], [134.97694861, 34.65851417], [134.97699665, 34.65849376], [134.9771851, 34.65841373], [134.97720305, 34.65840611], [134.97763472, 34.65833139], [134.97896472, 34.65797306], [134.97911414, 34.65793288], [134.97948945, 34.65783194], [134.97965945, 34.65778611], [134.97975611, 34.65776028], [134.97994945, 34.65770806], [134.98054177, 34.65720554], [134.98091467, 34.6569905], [134.98125703, 34.65641303], [134.98170398, 34.65641783], [134.98172144, 34.65690696], [134.98314151, 34.65671837], [134.98340105, 34.65608862], [134.98377981, 34.65609456], [134.98377707, 34.65709038], [134.9841132, 34.65711096], [134.9842785, 34.65877394], [134.98400827, 34.65947823], [134.98369633, 34.65977191], [134.98379831, 34.6600656], [134.98423233, 34.66034208], [134.984515, 34.66007973], [134.98454312, 34.66005277], [134.98468916, 34.65991278], [134.9849675, 34.65964667], [134.98535219, 34.65934814], [134.98545611, 34.6592675], [134.98545777, 34.65926639], [134.98575945, 34.65892972], [134.98591777, 34.65864917], [134.9859325, 34.65861611], [134.98604584, 34.65836278], [134.98604584, 34.65834016], [134.98604584, 34.65824111], [134.98604584, 34.65774556], [134.98625334, 34.65752861], [134.98630222, 34.6574775], [134.98648305, 34.65740917], [134.9865493, 34.65740732], [134.9865534, 34.6574072], [134.98681166, 34.6574], [134.98690278, 34.6573975], [134.98693166, 34.65739667], [134.98759527, 34.65755861], [134.98763389, 34.65757056], [134.98786005, 34.65764009], [134.98804139, 34.65769583], [134.98821945, 34.65775056], [134.98827416, 34.6577675], [134.98889222, 34.6579575], [134.98946616, 34.65821553], [134.99026178, 34.65844503], [134.9908738, 34.65847564], [134.99284756, 34.65830733], [134.99376558, 34.65816963], [134.9942093, 34.65809312], [134.99436429, 34.65810029], [134.99441916, 34.65810722], [134.99446902, 34.65812164], [134.99457, 34.65815083], [134.99485639, 34.65833167], [134.99523305, 34.65851223], [134.99554509, 34.65866185], [134.99570111, 34.65873667], [134.99601028, 34.6589425], [134.99629666, 34.65902973], [134.99657584, 34.65903611], [134.99684723, 34.65899222], [134.99701195, 34.65892194], [134.99709445, 34.65888528], [134.99715834, 34.65887778], [134.99723361, 34.65888167], [134.99727305, 34.65888639], [134.99731945, 34.65886639], [134.99736714, 34.65875225], [134.99737528, 34.65873277], [134.99748972, 34.65861778], [134.99770834, 34.65850694], [134.99794666, 34.65839611], [134.99796227, 34.65838558], [134.99802611, 34.6583425], [134.99816028, 34.65811667], [134.99817972, 34.65809438], [134.99824972, 34.65801417], [134.99840889, 34.65792361], [134.99851305, 34.6578375], [134.99865541, 34.65764811], [134.99881616, 34.65743431], [134.99890084, 34.65732167], [134.99902, 34.65723528], [134.99919889, 34.65716556], [134.99928767, 34.65711493], [134.99948758, 34.65700093], [134.99953889, 34.65697167], [134.99963111, 34.65691917], [134.99973055, 34.65690667], [135.00008222, 34.65720667], [135.00011611, 34.65723559], [135.00018789, 34.65729686], [135.00021884, 34.65732331], [135.00024555, 34.65734611], [135.00049584, 34.65753361], [135.00059916, 34.65761083], [135.00078145, 34.65774733], [135.0010015, 34.65791211], [135.00126389, 34.65810861], [135.00139639, 34.65816972], [135.00159445, 34.65826111], [135.00160166, 34.65826444], [135.0019383, 34.65855659], [135.00215445, 34.65874417], [135.0022925, 34.65886417], [135.00252305, 34.65911889], [135.00317186, 34.65876902], [135.00331584, 34.65869139], [135.00356639, 34.65855611], [135.00360895, 34.658531], [135.00447282, 34.65802146], [135.00458972, 34.6579525], [135.00476861, 34.65773917], [135.00492111, 34.65739], [135.00496613, 34.65740985], [135.00500111, 34.65742528], [135.00514778, 34.65749028], [135.00529628, 34.65755608], [135.00570945, 34.65773917], [135.00608695, 34.65794028], [135.00618639, 34.65803472], [135.0062325, 34.6581375], [135.0062325, 34.6582525], [135.00628084, 34.65837139], [135.00678278, 34.65897111], [135.00737548, 34.65961789], [135.00753778, 34.659795], [135.00779611, 34.66001667], [135.00795028, 34.66010278], [135.008, 34.66009472], [135.00815393, 34.65996839], [135.00829727, 34.65985075], [135.0083175, 34.65983417], [135.00833741, 34.65985361], [135.00843805, 34.65995194], [135.00855805, 34.6600692], [135.00992364, 34.65997506], [135.0102919, 34.66011814], [135.010609, 34.66011303], [135.01100794, 34.6598422], [135.01142353, 34.65996995], [135.01190942, 34.66034809], [135.01208332, 34.66033786], [135.01239531, 34.66012325], [135.01278535, 34.6602356], [135.01298994, 34.66015895], [135.01300528, 34.65993922], [135.01290811, 34.65962751], [135.01315872, 34.65881503], [135.01201266, 34.6588133], [135.01143982, 34.65831253], [135.01142959, 34.65806725], [135.01201266, 34.65811324], [135.01247103, 34.65806071], [135.01294163, 34.6570493], [135.01252594, 34.65693187], [135.01222779, 34.65702666], [135.0116938, 34.656149], [135.01143359, 34.65567238], [135.01163598, 34.65534019], [135.01218531, 34.65534019], [135.01265514, 34.65563627], [135.01291535, 34.65618511], [135.01339312, 34.65658663], [135.01377358, 34.65649072], [135.01384114, 34.6561781], [135.01363491, 34.65565463], [135.01368825, 34.65529939], [135.01442039, 34.65526173], [135.01472761, 34.65564824], [135.01495517, 34.65567666], [135.01518274, 34.6552731], [135.01534772, 34.6544944], [135.01559346, 34.65456829], [135.01565604, 34.65521058], [135.01601446, 34.65545499], [135.01653925, 34.65528464], [135.01686922, 34.65582461], [135.01644254, 34.65631343], [135.01658513, 34.65672497], [135.01702395, 34.65697517], [135.01736191, 34.65758404], [135.01766108, 34.6573571], [135.01747825, 34.65695303], [135.01757798, 34.65674822], [135.0181043, 34.65700838], [135.01823727, 34.65679251], [135.01786059, 34.65515526], [135.0179714, 34.65481207], [135.01843124, 34.65485636], [135.01847166, 34.65402521], [135.01936696, 34.65344955], [135.01997867, 34.65336074], [135.02055688, 34.65375208], [135.02096182, 34.65445511], [135.02104887, 34.65507627], [135.02210097, 34.65545007], [135.02296554, 34.65640661], [135.02369115, 34.65741736], [135.02460898, 34.65757957], [135.02540641, 34.65820577], [135.02597753, 34.65826063], [135.02636194, 34.65810152], [135.02695116, 34.65890416], [135.0275717, 34.65935405], [135.02806546, 34.65949956], [135.02827346, 34.65936731], [135.02846526, 34.6591298], [135.02882235, 34.65933492], [135.02908365, 34.65934635], [135.02929243, 34.65930404], [135.0295677, 34.65912434], [135.0297035, 34.659095], [135.02987233, 34.65910233], [135.03021153, 34.65929416], [135.03072537, 34.65969909]]]}}, {"type": "Feature", "id": "did-1970-38", "properties": {"A16_001": "282041", "A16_002": "28204", "A16_003": "西宮市", "A16_004": "1", "A16_005": "360047", "A16_006": "33.3", "A16_007": "316071", "A16_008": "31.1", "A16_009": "95.5", "A16_010": "34.5", "A16_011": "1970", "year": 1970, "population": 360047.0, "areaKm2": 33.3, "density": 10812.222222222223}, "geometry": {"type": "Polygon", "coordinates": [[[135.37842038, 34.70414132], [135.37842426, 34.70378966], [135.37859883, 34.7036354], [135.37874628, 34.70105108], [135.37887546, 34.70092202], [135.37902993, 34.69556897], [135.37902993, 34.69556897], [135.37871027, 34.6958659], [135.37822703, 34.69557047], [135.37872102, 34.69483384], [135.37724091, 34.69146242], [135.37352914, 34.6925597], [135.37663558, 34.7002854], [135.37842038, 34.70414132]]]}}, {"type": "Feature", "id": "did-1970-39", "properties": {"A16_001": "281051", "A16_002": "28105", "A16_003": "兵庫区", "A16_004": "1", "A16_005": "184415", "A16_006": "9.2", "A16_007": "202270", "A16_008": "9.4", "A16_009": "68.5", "A16_010": "3.5", "A16_011": "1970", "year": 1970, "population": 184415.0, "areaKm2": 9.2, "density": 20045.108695652176}, "geometry": {"type": "Polygon", "coordinates": [[[135.1816735, 34.67028127], [135.18102324, 34.67038965], [135.18052778, 34.67047222], [135.18040907, 34.67046143], [135.17860641, 34.67029755], [135.17783454, 34.67022738], [135.17775406, 34.67022007], [135.17747222, 34.67019444], [135.17747222, 34.67015017], [135.17747222, 34.66991667], [135.17749587, 34.66946742], [135.17753191, 34.66878263], [135.17725619, 34.66839703], [135.17619825, 34.66841794], [135.1761852, 34.66781821], [135.17758574, 34.66775991], [135.17772782, 34.66506031], [135.17775, 34.66463889], [135.17794395, 34.66463889], [135.17802778, 34.66463889], [135.17822257, 34.66490673], [135.17834682, 34.66507757], [135.17838757, 34.6651336], [135.18025, 34.66769444], [135.18048319, 34.66809052], [135.18067393, 34.66824946], [135.18075504, 34.6682849], [135.1823132, 34.66843208], [135.18684786, 34.66735478], [135.18647088, 34.66663812], [135.1863826, 34.66609464], [135.18635998, 34.66595534], [135.18208587, 34.66700032], [135.18194458, 34.66657636], [135.18191667, 34.66658333], [135.18182589, 34.66622022], [135.18172653, 34.66582278], [135.18163889, 34.66547222], [135.18585062, 34.66441929], [135.18608333, 34.66436111], [135.18566785, 34.66353014], [135.18552778, 34.66325], [135.18139879, 34.66428225], [135.18111781, 34.66435249], [135.18108333, 34.66436111], [135.18080556, 34.66352778], [135.18296364, 34.6627185], [135.18302778, 34.66269444], [135.18255028, 34.66173945], [135.18247222, 34.66158333], [135.17969444, 34.66213889], [135.17858333, 34.66352778], [135.17749365, 34.66352778], [135.17743541, 34.66352778], [135.17719444, 34.66352778], [135.17719444, 34.66297222], [135.17723468, 34.66290852], [135.17724105, 34.66289843], [135.17612798, 34.66284973], [135.17612798, 34.6625905], [135.17747457, 34.6625287], [135.17756081, 34.66239214], [135.178429, 34.66101751], [135.1785166, 34.66087881], [135.1803052, 34.66133411], [135.18037274, 34.66105983], [135.17871646, 34.66056236], [135.17951839, 34.65929264], [135.17983452, 34.6587921], [135.17757155, 34.65738636], [135.17788713, 34.65705676], [135.18005529, 34.65844255], [135.18019363, 34.65822351], [135.18038026, 34.65792802], [135.18052778, 34.65769444], [135.18048538, 34.65735526], [135.18025, 34.65547222], [135.18216157, 34.65547222], [135.18261163, 34.6562295], [135.18276235, 34.65623645], [135.18304319, 34.6565472], [135.18310804, 34.65624077], [135.18297079, 34.65596389], [135.18302066, 34.65589245], [135.18314078, 34.65572039], [135.18245726, 34.65483986], [135.18244695, 34.65469298], [135.18250885, 34.65461825], [135.18285188, 34.6547239], [135.18317062, 34.65513731], [135.1832494, 34.65523949], [135.18346605, 34.65523949], [135.18358728, 34.65511322], [135.18358728, 34.65497064], [135.18358728, 34.654938], [135.18310004, 34.6543102], [135.1832161, 34.65409375], [135.18348692, 34.65403964], [135.18392855, 34.65456558], [135.18424063, 34.65454755], [135.18427131, 34.65434817], [135.1843006, 34.65415782], [135.18480406, 34.65368811], [135.18501813, 34.65407206], [135.18515483, 34.65416998], [135.1853818, 34.65413391], [135.18539985, 34.65361853], [135.18617721, 34.65339094], [135.1864821, 34.65311178], [135.18647889, 34.65301794], [135.18658568, 34.65298742], [135.18663889, 34.65297222], [135.18691667, 34.65241667], [135.18466936, 34.65065093], [135.18381953, 34.64998321], [135.18302778, 34.64936111], [135.17404827, 34.6484322], [135.16749201, 34.64775396], [135.16731408, 34.65071308], [135.16772102, 34.65107333], [135.17059885, 34.65107653], [135.17072671, 34.65081022], [135.17116357, 34.65083377], [135.17106312, 34.65113557], [135.17257516, 34.65112366], [135.17256364, 34.65175171], [135.16968114, 34.65192755], [135.16806735, 34.65240469], [135.1631652, 34.65237851], [135.16241168, 34.65184742], [135.15966795, 34.65157884], [135.15951613, 34.65172602], [135.15985939, 34.6539948], [135.15960768, 34.65401595], [135.15960768, 34.65401595], [135.15961055, 34.65404306], [135.1596575, 34.65424917], [135.15966111, 34.65426528], [135.1596859, 34.65437436], [135.15971111, 34.65448528], [135.15971028, 34.65475667], [135.15970611, 34.65623694], [135.15970173, 34.65630927], [135.15967584, 34.65673639], [135.15961834, 34.6573425], [135.15958584, 34.65802583], [135.15954305, 34.65980167], [135.15953643, 34.66008655], [135.15953528, 34.66013611], [135.15953361, 34.66021528], [135.159525, 34.66059056], [135.15950861, 34.66130861], [135.15949889, 34.66177417], [135.15949584, 34.66192444], [135.15949472, 34.66197972], [135.15949195, 34.66212194], [135.15948972, 34.66222139], [135.15948861, 34.66227833], [135.15948737, 34.66233809], [135.15948528, 34.66243944], [135.15947389, 34.66299278], [135.15947059, 34.66315443], [135.15947027, 34.66317], [135.15946389, 34.66347361], [135.15946222, 34.66355722], [135.15947389, 34.66380972], [135.15950389, 34.66414556], [135.15950611, 34.66417167], [135.15956611, 34.66484527], [135.15960639, 34.66498333], [135.15960948, 34.6650868], [135.15961222, 34.66517889], [135.15956945, 34.665295], [135.15953139, 34.66539833], [135.15949805, 34.66543766], [135.15938445, 34.66557167], [135.15933778, 34.66562639], [135.15930028, 34.66567027], [135.15897166, 34.66599472], [135.15887278, 34.66609722], [135.15884639, 34.66612473], [135.15881834, 34.66615389], [135.15840861, 34.66657917], [135.1583775, 34.66661139], [135.15837628, 34.66661266], [135.15834195, 34.66664833], [135.15805086, 34.66695051], [135.15768555, 34.66732972], [135.15765805, 34.66735806], [135.15762146, 34.66739613], [135.1575825, 34.66743667], [135.15751028, 34.66751167], [135.15729416, 34.66773611], [135.15723111, 34.66780139], [135.15730639, 34.66782639], [135.15737195, 34.66784806], [135.15742861, 34.66786667], [135.15754861, 34.66790639], [135.15768516, 34.66794468], [135.15782, 34.6679825], [135.15807389, 34.66801111], [135.15876666, 34.66808278], [135.15874889, 34.66817056], [135.15873678, 34.66823093], [135.15872805, 34.66827444], [135.15870445, 34.66839139], [135.15869305, 34.66844777], [135.15847148, 34.66867153], [135.15843861, 34.66870472], [135.15827166, 34.66887333], [135.15827084, 34.66887417], [135.15809528, 34.66905139], [135.15799945, 34.66914778], [135.15776305, 34.66938639], [135.15769416, 34.66945583], [135.15765445, 34.66949583], [135.15758666, 34.66956444], [135.15754993, 34.6696014], [135.15753945, 34.66961194], [135.15741139, 34.66974111], [135.15644584, 34.67072078], [135.15770889, 34.6712675], [135.15786, 34.67136861], [135.15796514, 34.67143876], [135.15805528, 34.67149889], [135.15813305, 34.67155083], [135.15818722, 34.67158723], [135.15850139, 34.67179694], [135.15817416, 34.67215028], [135.158125, 34.67220333], [135.15806305, 34.67227], [135.15778916, 34.67256583], [135.15762834, 34.67273139], [135.15762778, 34.67273194], [135.15760463, 34.67275577], [135.15755166, 34.67281028], [135.15684055, 34.6735425], [135.15679695, 34.67358722], [135.15678519, 34.67359933], [135.15645805, 34.67393611], [135.1564075, 34.67398833], [135.15612966, 34.67427631], [135.15593134, 34.67448186], [135.15571445, 34.67470667], [135.15528896, 34.675224], [135.15528056, 34.67533485], [135.1556543, 34.67675666], [135.15582281, 34.6769133], [135.15582487, 34.67692385], [135.15581611, 34.67693389], [135.15577416, 34.67702473], [135.15577416, 34.67705427], [135.15577416, 34.6770875], [135.15579234, 34.67712384], [135.15579834, 34.67713583], [135.15586916, 34.67727861], [135.15591335, 34.67737602], [135.15591805, 34.67738639], [135.15592611, 34.67740389], [135.15591084, 34.67749444], [135.15588542, 34.67751228], [135.15581892, 34.67780535], [135.15555728, 34.6781586], [135.15485015, 34.67867434], [135.15439889, 34.6795784], [135.15349418, 34.67949459], [135.15340429, 34.67945497], [135.15262214, 34.67965051], [135.1521075, 34.67977917], [135.15207334, 34.67982611], [135.15208555, 34.67993611], [135.15210361, 34.68009861], [135.15210611, 34.68016139], [135.15210944, 34.68024025], [135.15211028, 34.68026], [135.15208472, 34.68032111], [135.15198139, 34.68056694], [135.15196722, 34.68059556], [135.15190533, 34.68072044], [135.15185695, 34.68081806], [135.15180305, 34.68092722], [135.15167778, 34.68124361], [135.15164, 34.68146611], [135.15162945, 34.68151917], [135.15158528, 34.68174194], [135.15157555, 34.68179027], [135.15157489, 34.68180192], [135.15156777, 34.68192778], [135.15155639, 34.68199972], [135.15147869, 34.68211677], [135.1514275, 34.68219389], [135.15130861, 34.68238278], [135.15130733, 34.68238482], [135.15122278, 34.68251972], [135.15082445, 34.68305861], [135.15074278, 34.68317833], [135.15066334, 34.683295], [135.15057972, 34.68342028], [135.15043195, 34.68360833], [135.1501625, 34.68381806], [135.14996916, 34.68399667], [135.14982861, 34.68409028], [135.14978555, 34.68416833], [135.14977084, 34.68419501], [135.14971111, 34.68430333], [135.14966555, 34.6844725], [135.14963916, 34.68461667], [135.14964991, 34.68474905], [135.14964991, 34.68474905], [135.1496854, 34.68471912], [135.15099642, 34.68555719], [135.15147513, 34.6852149], [135.15192868, 34.68513777], [135.15218398, 34.6855986], [135.15241421, 34.68567213], [135.15321055, 34.6856432], [135.15332793, 34.68572874], [135.15331667, 34.68592097], [135.15263772, 34.68643836], [135.15265285, 34.68663388], [135.15388165, 34.68725916], [135.15578477, 34.68873332], [135.15715611, 34.68860673], [135.15885955, 34.6888583], [135.15962884, 34.69009599], [135.1609125, 34.69115023], [135.16119901, 34.69118667], [135.16170609, 34.69201436], [135.16223617, 34.69254138], [135.16205815, 34.69273806], [135.16016194, 34.69133516], [135.15979881, 34.69167694], [135.16049328, 34.69197863], [135.1608933, 34.69244716], [135.16093747, 34.69267654], [135.16126418, 34.69288387], [135.16182982, 34.69326893], [135.16199762, 34.69349932], [135.16197993, 34.69384338], [135.16161349, 34.69438155], [135.16256004, 34.69484187], [135.16311877, 34.69423002], [135.16431418, 34.69227866], [135.1662679, 34.69248183], [135.16593533, 34.69344185], [135.16548755, 34.69534461], [135.16392637, 34.69685354], [135.16363286, 34.69716942], [135.16388276, 34.69795257], [135.16399589, 34.69870795], [135.164639, 34.69936156], [135.16525268, 34.69971678], [135.16582447, 34.69984474], [135.1663047, 34.70003084], [135.16657115, 34.69993044], [135.16638453, 34.69937332], [135.16628493, 34.69901674], [135.16570605, 34.69865707], [135.1652559, 34.69820617], [135.16569583, 34.69776704], [135.16598811, 34.69751754], [135.166766, 34.69632206], [135.16712147, 34.69558488], [135.16736125, 34.6941576], [135.16761995, 34.69421309], [135.16803964, 34.6933893], [135.17180312, 34.69473924], [135.17301727, 34.69476912], [135.17447467, 34.69480498], [135.17573184, 34.69509674], [135.17604597, 34.69544359], [135.17604597, 34.69544359], [135.17636273, 34.69479683], [135.17650578, 34.69450477], [135.17482619, 34.69383667], [135.17512416, 34.69325778], [135.17515555, 34.69319389], [135.175285, 34.69292944], [135.17537889, 34.69279917], [135.17542555, 34.69273444], [135.17547361, 34.69266777], [135.17558334, 34.69251528], [135.17562416, 34.69243861], [135.17574416, 34.69221444], [135.17603278, 34.69229667], [135.17610305, 34.69221889], [135.17615111, 34.69216583], [135.17624139, 34.69206611], [135.17622445, 34.69205444], [135.17619889, 34.69203667], [135.17614389, 34.69202167], [135.17585639, 34.69194222], [135.17575278, 34.69191861], [135.17558555, 34.69188028], [135.17553584, 34.69185333], [135.17544195, 34.69180223], [135.1753575, 34.69175], [135.17531139, 34.69172139], [135.17509916, 34.69150833], [135.17502611, 34.69141111], [135.17496555, 34.69133056], [135.17471055, 34.69098944], [135.17471028, 34.69098917], [135.17443, 34.69065778], [135.1743825, 34.69061083], [135.17436232, 34.69059077], [135.17433528, 34.69056389], [135.17418555, 34.69041528], [135.17395695, 34.6902725], [135.17393611, 34.69026194], [135.17339584, 34.68998944], [135.17338084, 34.68998222], [135.17335405, 34.68996953], [135.17292491, 34.68959211], [135.17283657, 34.68879298], [135.17298482, 34.68823587], [135.17287038, 34.68807109], [135.17288666, 34.68806694], [135.17284273, 34.68803128], [135.17276509, 34.68796826], [135.1726875, 34.68790528], [135.17259639, 34.68788389], [135.17250611, 34.68789278], [135.17245472, 34.68789806], [135.17235528, 34.68790778], [135.17232528, 34.68791083], [135.17219722, 34.68790917], [135.17211666, 34.68790806], [135.17207278, 34.68789111], [135.17202472, 34.68787222], [135.17197055, 34.68785139], [135.17195, 34.68784333], [135.17170528, 34.68769777], [135.17156861, 34.68758472], [135.17149028, 34.68747694], [135.17138916, 34.68721833], [135.1713125, 34.68701472], [135.17129472, 34.68696778], [135.17128334, 34.68696278], [135.171235, 34.68694056], [135.17052778, 34.68662], [135.1702728, 34.68651293], [135.17024861, 34.68650278], [135.17020055, 34.6864825], [135.17015166, 34.68646222], [135.16964, 34.68624694], [135.16966084, 34.68618472], [135.16967389, 34.68614583], [135.17001861, 34.68511778], [135.17012639, 34.68484361], [135.17018166, 34.68456889], [135.17024389, 34.68432889], [135.170255, 34.68430814], [135.17025639, 34.68430556], [135.17037576, 34.68408233], [135.17041666, 34.68400583], [135.17047889, 34.6838125], [135.17053055, 34.68367833], [135.17063528, 34.68340556], [135.17070084, 34.68326889], [135.17077889, 34.68310639], [135.17081389, 34.68304306], [135.170835, 34.68300444], [135.17086334, 34.68295333], [135.17097805, 34.68274528], [135.17107055, 34.68263472], [135.17125111, 34.68241861], [135.17126195, 34.68240583], [135.17137695, 34.68228694], [135.17150055, 34.68215917], [135.17150666, 34.68215278], [135.17162861, 34.68202667], [135.17173834, 34.68191333], [135.17196528, 34.68168306], [135.17199416, 34.68165361], [135.17203389, 34.68161361], [135.17231945, 34.68132333], [135.17253166, 34.68110861], [135.17255324, 34.68108683], [135.17256, 34.68108], [135.1726, 34.68103972], [135.17276972, 34.68086806], [135.17329555, 34.6803275], [135.17332749, 34.68029482], [135.17333111, 34.68029111], [135.17337445, 34.68024639], [135.17377361, 34.67983611], [135.17380305, 34.67980583], [135.17384834, 34.67975917], [135.17412695, 34.67947306], [135.17418555, 34.67941306], [135.17419334, 34.67940507], [135.17436166, 34.6792325], [135.17437584, 34.67921806], [135.17461, 34.67897778], [135.17440305, 34.67885944], [135.17438557, 34.67884947], [135.17427695, 34.6787875], [135.1734875, 34.67833639], [135.17373778, 34.67809861], [135.17377445, 34.67806389], [135.17381416, 34.67802611], [135.17409889, 34.67775556], [135.17412949, 34.67772662], [135.17413472, 34.67772167], [135.17417555, 34.67768278], [135.17451, 34.677365], [135.17454416, 34.67733278], [135.17458028, 34.67729833], [135.17481084, 34.67707917], [135.17484945, 34.6770425], [135.17488472, 34.67700889], [135.17492972, 34.67696639], [135.17512389, 34.67677667], [135.17516111, 34.67674028], [135.17516916, 34.67673222], [135.17519267, 34.67670944], [135.17519639, 34.67670583], [135.17535084, 34.67655473], [135.1754525, 34.67648667], [135.17550416, 34.67645222], [135.17560139, 34.67639389], [135.17568361, 34.67634444], [135.17573834, 34.67631222], [135.175775, 34.67629056], [135.17565416, 34.67602111], [135.17572945, 34.67599667], [135.17577472, 34.67598194], [135.1758325, 34.67596333], [135.17640584, 34.67577694], [135.17643416, 34.67576777], [135.17644639, 34.67576306], [135.17649945, 34.67574194], [135.17659416, 34.67570444], [135.17659722, 34.67570306], [135.17664389, 34.67568444], [135.17677345, 34.67563304], [135.17688472, 34.67558889], [135.17710555, 34.67550139], [135.17716834, 34.67547639], [135.17728584, 34.67542972], [135.17760071, 34.67533519], [135.17768555, 34.67530972], [135.17779872, 34.6752757], [135.17785834, 34.67525778], [135.17813111, 34.67517583], [135.17821916, 34.67514944], [135.17885889, 34.67490278], [135.17889555, 34.67488861], [135.17894445, 34.67486972], [135.17899111, 34.67485167], [135.17899586, 34.67484983], [135.18005611, 34.67443944], [135.18025555, 34.67435667], [135.18029473, 34.67434056], [135.18029529, 34.67434032], [135.18059185, 34.67421726], [135.18086835, 34.67363355], [135.18090656, 34.67361731], [135.18110413, 34.6732629], [135.18122108, 34.67260233], [135.18117171, 34.67245316], [135.18146407, 34.67158148], [135.18162809, 34.6713998], [135.18178443, 34.67104607], [135.18173834, 34.67073802], [135.18162969, 34.67067539], [135.1816735, 34.67028127]]]}}, {"type": "Feature", "id": "did-1970-40", "properties": {"A16_001": "281061", "A16_002": "28106", "A16_003": "長田区", "A16_004": "1", "A16_005": "208510", "A16_006": "9.6", "A16_007": "212208", "A16_008": "8.6", "A16_009": "99.3", "A16_010": "89.6", "A16_011": "1970", "year": 1970, "population": 208510.0, "areaKm2": 9.6, "density": 21719.791666666668}, "geometry": {"type": "Polygon", "coordinates": [[[135.14964991, 34.68474905], [135.14963916, 34.68461667], [135.14966555, 34.6844725], [135.14971111, 34.68430333], [135.14977084, 34.68419501], [135.14978555, 34.68416833], [135.14982861, 34.68409028], [135.14996916, 34.68399667], [135.1501625, 34.68381806], [135.15043195, 34.68360833], [135.15057972, 34.68342028], [135.15066334, 34.683295], [135.15074278, 34.68317833], [135.15082445, 34.68305861], [135.15122278, 34.68251972], [135.15130733, 34.68238482], [135.15130861, 34.68238278], [135.1514275, 34.68219389], [135.15147869, 34.68211677], [135.15155639, 34.68199972], [135.15156777, 34.68192778], [135.15157489, 34.68180192], [135.15157555, 34.68179027], [135.15158528, 34.68174194], [135.15162945, 34.68151917], [135.15164, 34.68146611], [135.15167778, 34.68124361], [135.15180305, 34.68092722], [135.15185695, 34.68081806], [135.15190533, 34.68072044], [135.15196722, 34.68059556], [135.15198139, 34.68056694], [135.15208472, 34.68032111], [135.15211028, 34.68026], [135.15210944, 34.68024025], [135.15210611, 34.68016139], [135.15210361, 34.68009861], [135.15208555, 34.67993611], [135.15207334, 34.67982611], [135.1521075, 34.67977917], [135.15262214, 34.67965051], [135.15340429, 34.67945497], [135.15349418, 34.67949459], [135.15439889, 34.6795784], [135.15485015, 34.67867434], [135.15555728, 34.6781586], [135.15581892, 34.67780535], [135.15588542, 34.67751228], [135.15591084, 34.67749444], [135.15592611, 34.67740389], [135.15591805, 34.67738639], [135.15591335, 34.67737602], [135.15586916, 34.67727861], [135.15579834, 34.67713583], [135.15579234, 34.67712384], [135.15577416, 34.6770875], [135.15577416, 34.67705427], [135.15577416, 34.67702473], [135.15581611, 34.67693389], [135.15582487, 34.67692385], [135.15582281, 34.6769133], [135.1556543, 34.67675666], [135.15528056, 34.67533485], [135.15528896, 34.675224], [135.15571445, 34.67470667], [135.15593134, 34.67448186], [135.15612966, 34.67427631], [135.1564075, 34.67398833], [135.15645805, 34.67393611], [135.15678519, 34.67359933], [135.15679695, 34.67358722], [135.15684055, 34.6735425], [135.15755166, 34.67281028], [135.15760463, 34.67275577], [135.15762778, 34.67273194], [135.15762834, 34.67273139], [135.15778916, 34.67256583], [135.15806305, 34.67227], [135.158125, 34.67220333], [135.15817416, 34.67215028], [135.15850139, 34.67179694], [135.15818722, 34.67158723], [135.15813305, 34.67155083], [135.15805528, 34.67149889], [135.15796514, 34.67143876], [135.15786, 34.67136861], [135.15770889, 34.6712675], [135.15644584, 34.67072078], [135.15741139, 34.66974111], [135.15753945, 34.66961194], [135.15754993, 34.6696014], [135.15758666, 34.66956444], [135.15765445, 34.66949583], [135.15769416, 34.66945583], [135.15776305, 34.66938639], [135.15799945, 34.66914778], [135.15809528, 34.66905139], [135.15827084, 34.66887417], [135.15827166, 34.66887333], [135.15843861, 34.66870472], [135.15847148, 34.66867153], [135.15869305, 34.66844777], [135.15870445, 34.66839139], [135.15872805, 34.66827444], [135.15873678, 34.66823093], [135.15874889, 34.66817056], [135.15876666, 34.66808278], [135.15807389, 34.66801111], [135.15782, 34.6679825], [135.15768516, 34.66794468], [135.15754861, 34.66790639], [135.15742861, 34.66786667], [135.15737195, 34.66784806], [135.15730639, 34.66782639], [135.15723111, 34.66780139], [135.15729416, 34.66773611], [135.15751028, 34.66751167], [135.1575825, 34.66743667], [135.15762146, 34.66739613], [135.15765805, 34.66735806], [135.15768555, 34.66732972], [135.15805086, 34.66695051], [135.15834195, 34.66664833], [135.15837628, 34.66661266], [135.1583775, 34.66661139], [135.15840861, 34.66657917], [135.15881834, 34.66615389], [135.15884639, 34.66612473], [135.15887278, 34.66609722], [135.15897166, 34.66599472], [135.15930028, 34.66567027], [135.15933778, 34.66562639], [135.15938445, 34.66557167], [135.15949805, 34.66543766], [135.15953139, 34.66539833], [135.15956945, 34.665295], [135.15961222, 34.66517889], [135.15960948, 34.6650868], [135.15960639, 34.66498333], [135.15956611, 34.66484527], [135.15950611, 34.66417167], [135.15950389, 34.66414556], [135.15947389, 34.66380972], [135.15946222, 34.66355722], [135.15946389, 34.66347361], [135.15947027, 34.66317], [135.15947059, 34.66315443], [135.15947389, 34.66299278], [135.15948528, 34.66243944], [135.15948737, 34.66233809], [135.15948861, 34.66227833], [135.15948972, 34.66222139], [135.15949195, 34.66212194], [135.15949472, 34.66197972], [135.15949584, 34.66192444], [135.15949889, 34.66177417], [135.15950861, 34.66130861], [135.159525, 34.66059056], [135.15953361, 34.66021528], [135.15953528, 34.66013611], [135.15953643, 34.66008655], [135.15954305, 34.65980167], [135.15958584, 34.65802583], [135.15961834, 34.6573425], [135.15967584, 34.65673639], [135.15970173, 34.65630927], [135.15970611, 34.65623694], [135.15971028, 34.65475667], [135.15971111, 34.65448528], [135.1596859, 34.65437436], [135.15966111, 34.65426528], [135.1596575, 34.65424917], [135.15961055, 34.65404306], [135.15960768, 34.65401595], [135.15960768, 34.65401595], [135.15932736, 34.65403951], [135.15871597, 34.65059527], [135.15763191, 34.65049361], [135.15763191, 34.64996576], [135.15959652, 34.65010261], [135.16167127, 34.65094416], [135.16216977, 34.65104058], [135.16261404, 34.65094406], [135.16286437, 34.65063692], [135.16361625, 34.65066763], [135.16395002, 34.6511108], [135.16431455, 34.65128193], [135.16575688, 34.65126876], [135.1661214, 34.65088702], [135.16633586, 34.64762807], [135.15824249, 34.64670311], [135.15662395, 34.64651813], [135.15585904, 34.64737628], [135.1555921, 34.64836429], [135.1548614, 34.64832297], [135.15484827, 34.64852467], [135.15526354, 34.64865423], [135.15524497, 34.64895027], [135.15479849, 34.64893788], [135.15474042, 34.6493991], [135.15721698, 34.64981851], [135.15712597, 34.65044062], [135.15555184, 34.65021256], [135.1547563, 34.65021256], [135.15445843, 34.65274434], [135.15399905, 34.6526418], [135.15414157, 34.65018875], [135.15360443, 34.65011929], [135.15333573, 34.64992267], [135.1535442, 34.64810495], [135.15517503, 34.64684846], [135.15537782, 34.64637572], [135.15084718, 34.64585793], [135.15081257, 34.64585398], [135.14954162, 34.64770584], [135.14967273, 34.64784057], [135.14988624, 34.64783309], [135.15036626, 34.6480701], [135.15015252, 34.64895083], [135.14949227, 34.64864384], [135.14884424, 34.64863261], [135.14802286, 34.64824656], [135.14724628, 34.64770634], [135.14626399, 34.64751503], [135.1465262, 34.64703599], [135.14767319, 34.64676918], [135.14903805, 34.64669377], [135.14944321, 34.64625135], [135.14940775, 34.64569343], [135.14747222, 34.64547222], [135.13969444, 34.64241667], [135.13969444, 34.64241667], [135.13964666, 34.64255472], [135.13962692, 34.64259384], [135.1396175, 34.6426125], [135.13906472, 34.64370167], [135.13880907, 34.64430686], [135.13839834, 34.64527917], [135.13833, 34.64551806], [135.13826084, 34.64579973], [135.13820778, 34.64603889], [135.13819118, 34.64611371], [135.13813389, 34.64637194], [135.13808222, 34.64654472], [135.13802416, 34.64673944], [135.13796139, 34.64686278], [135.13788584, 34.64701167], [135.13778195, 34.64716917], [135.13749334, 34.64749361], [135.1374425, 34.64755028], [135.13731305, 34.64769472], [135.13728834, 34.64772229], [135.13727222, 34.64774027], [135.1371825, 34.64784083], [135.13710889, 34.6479225], [135.13677139, 34.64829917], [135.13671889, 34.648358], [135.13671166, 34.64836611], [135.13652264, 34.64857677], [135.13652222, 34.64857722], [135.13650472, 34.64859694], [135.13645834, 34.64864861], [135.13641887, 34.64869264], [135.13630222, 34.64882278], [135.13624528, 34.64888639], [135.13615528, 34.64898389], [135.13607777, 34.64906778], [135.13593555, 34.64921944], [135.13589889, 34.64925861], [135.13585413, 34.64929261], [135.13582723, 34.64931306], [135.13578305, 34.64934639], [135.13570111, 34.64940833], [135.13569084, 34.64941611], [135.13553916, 34.64950444], [135.13543695, 34.64956389], [135.13520027, 34.64975973], [135.13511861, 34.64984806], [135.13500008, 34.64997627], [135.13495889, 34.65002083], [135.13492028, 34.65006278], [135.13488223, 34.65010417], [135.13471639, 34.65028361], [135.13450028, 34.65051722], [135.13449695, 34.65052083], [135.13457695, 34.65056306], [135.1349825, 34.65077722], [135.13540639, 34.65100056], [135.13549955, 34.65104971], [135.13558222, 34.65109333], [135.13569916, 34.65122806], [135.135715, 34.65124611], [135.13572416, 34.65126917], [135.13574722, 34.6513275], [135.13581305, 34.65149417], [135.1358825, 34.65160889], [135.13607972, 34.65171444], [135.13612028, 34.65173611], [135.13616945, 34.65176222], [135.13622506, 34.65179198], [135.13681416, 34.65210722], [135.1371025, 34.65229111], [135.13714445, 34.65231806], [135.13722456, 34.65236914], [135.13734528, 34.65244611], [135.1374425, 34.65252139], [135.13778889, 34.65279], [135.13780722, 34.65280417], [135.13802111, 34.65297889], [135.13808508, 34.6530315], [135.1381025, 34.65304583], [135.13811136, 34.65305308], [135.13821084, 34.65313444], [135.13837305, 34.65326694], [135.138445, 34.6533175], [135.13863334, 34.65344972], [135.13871945, 34.65351028], [135.13873527, 34.65352], [135.13882028, 34.65357139], [135.13892722, 34.65363611], [135.13898998, 34.65367406], [135.13906916, 34.65372194], [135.13919361, 34.6537975], [135.13931639, 34.65387194], [135.139435, 34.65394083], [135.13986889, 34.65419167], [135.13991718, 34.65421956], [135.13998334, 34.65425778], [135.14012445, 34.65433944], [135.14069028, 34.65470222], [135.14091805, 34.65484111], [135.14096084, 34.65486722], [135.14099132, 34.65488586], [135.14102084, 34.65490389], [135.14167584, 34.65530333], [135.14164916, 34.65533], [135.1416075, 34.65537194], [135.14151584, 34.65546389], [135.14142666, 34.65555333], [135.14129639, 34.65568361], [135.14123166, 34.65574889], [135.14110611, 34.65587472], [135.14106834, 34.6559125], [135.14095805, 34.65602306], [135.14088291, 34.65609819], [135.140875, 34.65610611], [135.14083084, 34.65615056], [135.14073073, 34.65625103], [135.14068084, 34.65630111], [135.14034778, 34.65663473], [135.14021416, 34.65677111], [135.14014, 34.65684667], [135.14005222, 34.65693583], [135.13995361, 34.65703639], [135.13991639, 34.65707444], [135.13990266, 34.65708845], [135.13973555, 34.65725889], [135.13971916, 34.65727556], [135.13964528, 34.65735361], [135.1391675, 34.6578575], [135.13915631, 34.65786927], [135.13912472, 34.6579025], [135.13905722, 34.65797389], [135.1387725, 34.65827389], [135.13871472, 34.658335], [135.13870305, 34.65834444], [135.13864889, 34.65838833], [135.13856611, 34.65845556], [135.13846908, 34.65853417], [135.13844611, 34.65855277], [135.13833528, 34.6586425], [135.13826716, 34.65869783], [135.13810889, 34.65882639], [135.13796834, 34.65896028], [135.13793361, 34.65899333], [135.13788278, 34.65904139], [135.13784305, 34.65907944], [135.13781945, 34.65910361], [135.137595, 34.65933472], [135.13753166, 34.6594], [135.13752156, 34.65941042], [135.13750528, 34.65942722], [135.13735084, 34.65958611], [135.1372875, 34.65965139], [135.13717195, 34.65977], [135.13710139, 34.65984278], [135.13706305, 34.65988222], [135.13702111, 34.65992556], [135.13671555, 34.66024], [135.13668111, 34.66027527], [135.13667715, 34.66027936], [135.13651695, 34.66044444], [135.13648555, 34.66047667], [135.1361308, 34.66083492], [135.13609111, 34.660875], [135.13605584, 34.66091083], [135.13604653, 34.66092019], [135.13600555, 34.66096139], [135.13588528, 34.66108306], [135.13586217, 34.66110642], [135.13576139, 34.66120833], [135.13572055, 34.66124972], [135.13542305, 34.66155028], [135.13536282, 34.66161355], [135.13531861, 34.66166], [135.13528584, 34.66169444], [135.13524861, 34.66173361], [135.13522805, 34.661755], [135.13518723, 34.66179806], [135.1351225, 34.66186583], [135.13482166, 34.66218167], [135.13458746, 34.6624278], [135.13458695, 34.66242833], [135.13455361, 34.66246333], [135.13452527, 34.66249306], [135.13445805, 34.66256361], [135.13419334, 34.66282], [135.134135, 34.66287639], [135.13408182, 34.66292778], [135.13401916, 34.66298833], [135.13400261, 34.66300553], [135.13386027, 34.66315333], [135.13375419, 34.66326352], [135.13352305, 34.66350361], [135.13350722, 34.66351583], [135.13340195, 34.66359806], [135.13336817, 34.66362442], [135.13335389, 34.66363556], [135.13330945, 34.66367028], [135.13321111, 34.66374694], [135.13283509, 34.66405433], [135.13268, 34.66418111], [135.13242305, 34.66434694], [135.132405, 34.66435861], [135.13238778, 34.66437917], [135.13238241, 34.66438553], [135.13235334, 34.66442], [135.1323125, 34.66446833], [135.13230984, 34.66448389], [135.13229527, 34.66456861], [135.13233361, 34.66469972], [135.13234139, 34.66472611], [135.13233722, 34.66474306], [135.13231834, 34.66481694], [135.13226639, 34.66492194], [135.13202722, 34.66515527], [135.13202652, 34.66515596], [135.1319425, 34.6652375], [135.13178723, 34.66538917], [135.13174084, 34.66549917], [135.13174722, 34.66553556], [135.13175834, 34.66559917], [135.13177473, 34.66561917], [135.13188109, 34.66574894], [135.13192626, 34.66580407], [135.13198916, 34.66588083], [135.13208722, 34.66605277], [135.13210052, 34.66616525], [135.13210472, 34.66620056], [135.13209305, 34.66632944], [135.13208128, 34.66637334], [135.13204695, 34.66650139], [135.13203789, 34.66651998], [135.13195222, 34.66669611], [135.1318425, 34.66696333], [135.13183305, 34.66702102], [135.13181361, 34.66714], [135.13181945, 34.66736417], [135.13186, 34.66771694], [135.13190611, 34.66794139], [135.13194084, 34.66826111], [135.13196361, 34.6686], [135.131965, 34.66861917], [135.13196584, 34.66865889], [135.13196608, 34.66866842], [135.13196805, 34.66874583], [135.13197084, 34.66886722], [135.13194195, 34.66898167], [135.13186111, 34.66913917], [135.13181334, 34.66919778], [135.13174611, 34.66928056], [135.13169555, 34.6693425], [135.1316475, 34.66940167], [135.13163, 34.66942333], [135.13159591, 34.66946564], [135.131555, 34.66951639], [135.13152666, 34.66960694], [135.13151472, 34.669645], [135.13150528, 34.66971111], [135.13149861, 34.6697585], [135.13149666, 34.66977223], [135.13147716, 34.66990814], [135.13147584, 34.6699175], [135.13145848, 34.67020742], [135.13145848, 34.67020742], [135.1314518, 34.67031908], [135.1314475, 34.67039111], [135.13144125, 34.67044072], [135.13140195, 34.67075277], [135.13136778, 34.67092667], [135.13130861, 34.6709815], [135.13123111, 34.67105333], [135.13121541, 34.67108272], [135.13120466, 34.67110283], [135.13118584, 34.67113806], [135.13121361, 34.67123417], [135.13121972, 34.67125528], [135.13122325, 34.67126401], [135.13125389, 34.67134], [135.13125972, 34.671495], [135.13124599, 34.67179018], [135.13124439, 34.67182452], [135.1312425, 34.671865], [135.13122058, 34.67222105], [135.13208793, 34.67214376], [135.13319149, 34.67230695], [135.13359566, 34.67221527], [135.13394886, 34.67179189], [135.13401242, 34.671378], [135.13448111, 34.67166667], [135.13502802, 34.67186366], [135.13520272, 34.67246542], [135.13583741, 34.67298651], [135.13579068, 34.67367555], [135.13590097, 34.67397005], [135.13656895, 34.67413709], [135.13926207, 34.67411813], [135.14009738, 34.67467008], [135.14080708, 34.67509594], [135.14093771, 34.67547264], [135.14072867, 34.67598111], [135.14072867, 34.67638021], [135.14178739, 34.67787718], [135.14159084, 34.67928363], [135.14172411, 34.67981521], [135.14082893, 34.68011488], [135.14017939, 34.68085825], [135.13970465, 34.68040801], [135.13938428, 34.68025222], [135.13906107, 34.68020402], [135.13880635, 34.68025714], [135.13856004, 34.68071457], [135.13848645, 34.68124072], [135.1386534, 34.68179936], [135.13861991, 34.68198308], [135.13843055, 34.68207769], [135.1378493, 34.68235395], [135.13746783, 34.68234736], [135.13713327, 34.68208611], [135.13645441, 34.68125152], [135.13569808, 34.68072972], [135.13515032, 34.68058336], [135.13468788, 34.68057571], [135.13451156, 34.68074087], [135.13437867, 34.6810897], [135.13438254, 34.68157262], [135.13361638, 34.68240417], [135.13303428, 34.68193564], [135.13245048, 34.68169177], [135.13224437, 34.68175679], [135.13213588, 34.68192211], [135.13217391, 34.68214971], [135.13239155, 34.68256133], [135.13214808, 34.68305393], [135.13188598, 34.68300062], [135.13171307, 34.68313563], [135.13174334, 34.68331868], [135.132118, 34.68419331], [135.13207686, 34.68431686], [135.13188314, 34.68435391], [135.13166058, 34.68428392], [135.13137624, 34.68399469], [135.13132696, 34.68374064], [135.13122055, 34.68365509], [135.13098446, 34.68361359], [135.13076653, 34.68362914], [135.13055039, 34.68375153], [135.13042327, 34.68397447], [135.13043367, 34.68442623], [135.13069057, 34.68465956], [135.13097084, 34.68476325], [135.13151671, 34.6847484], [135.13207743, 34.68510939], [135.13257089, 34.68572864], [135.13326848, 34.68611786], [135.13386552, 34.68619231], [135.13420245, 34.68672449], [135.13336752, 34.68754418], [135.13173984, 34.6884665], [135.13031364, 34.68880549], [135.12906469, 34.6890371], [135.12903972, 34.68857855], [135.12884411, 34.68838556], [135.12857662, 34.68832718], [135.12823232, 34.68840178], [135.1279913, 34.6887275], [135.1278638, 34.68883544], [135.12740486, 34.68857034], [135.12723119, 34.68861256], [135.12699803, 34.6889479], [135.12687715, 34.68930144], [135.12647309, 34.69040215], [135.12648139, 34.69041306], [135.12673175, 34.69061219], [135.12678278, 34.69065277], [135.1271572, 34.69087422], [135.12719945, 34.69089922], [135.12915701, 34.69152206], [135.12986973, 34.68904972], [135.13234908, 34.69054623], [135.13276556, 34.69077566], [135.13301745, 34.69077566], [135.13330121, 34.69062352], [135.13485549, 34.69166016], [135.13472467, 34.69200544], [135.13536475, 34.69259094], [135.13555487, 34.69257777], [135.13589028, 34.69230866], [135.13607511, 34.69234555], [135.13687088, 34.69322651], [135.13729974, 34.69341727], [135.13733533, 34.69341853], [135.13804724, 34.69371167], [135.13818722, 34.69366333], [135.13852111, 34.69356306], [135.13860889, 34.69353639], [135.13895361, 34.69343167], [135.13953195, 34.69319056], [135.13977834, 34.69306], [135.14051028, 34.69267083], [135.14080134, 34.69247618], [135.14090861, 34.69240444], [135.14117028, 34.69219472], [135.14126321, 34.69207612], [135.14133722, 34.69198167], [135.1413425, 34.69197472], [135.14159722, 34.69163222], [135.14184361, 34.69124389], [135.14196139, 34.69100056], [135.14209389, 34.6907275], [135.14228, 34.69042028], [135.14238805, 34.69024194], [135.14251695, 34.69002583], [135.14260805, 34.68994111], [135.14279778, 34.68982222], [135.14299111, 34.68977833], [135.14320722, 34.689775], [135.14345, 34.68981889], [135.14379916, 34.68989723], [135.14476972, 34.69021361], [135.14484722, 34.68997222], [135.14488972, 34.68983954], [135.14490834, 34.68978139], [135.14501834, 34.68961222], [135.14519278, 34.68942111], [135.14520917, 34.68939219], [135.14532945, 34.68918], [135.14547084, 34.68901889], [135.1455, 34.68898583], [135.14570472, 34.68883222], [135.14608611, 34.68861444], [135.14624395, 34.68857103], [135.14726926, 34.68768421], [135.14856399, 34.6861504], [135.14896296, 34.68532822], [135.14964991, 34.68474905]]]}}, {"type": "Feature", "id": "did-1970-41", "properties": {"A16_001": "281071", "A16_002": "28107", "A16_003": "須磨区", "A16_004": "1", "A16_005": "95734", "A16_006": "6.0", "A16_007": "96015", "A16_008": "6.2", "A16_009": "86.2", "A16_010": "24.8", "A16_011": "1970", "year": 1970, "population": 95734.0, "areaKm2": 6.0, "density": 15955.666666666666}, "geometry": {"type": "Polygon", "coordinates": [[[135.13145848, 34.67020742], [135.13147584, 34.6699175], [135.13147716, 34.66990814], [135.13149666, 34.66977223], [135.13149861, 34.6697585], [135.13150528, 34.66971111], [135.13151472, 34.669645], [135.13152666, 34.66960694], [135.131555, 34.66951639], [135.13159591, 34.66946564], [135.13163, 34.66942333], [135.1316475, 34.66940167], [135.13169555, 34.6693425], [135.13174611, 34.66928056], [135.13181334, 34.66919778], [135.13186111, 34.66913917], [135.13194195, 34.66898167], [135.13197084, 34.66886722], [135.13196805, 34.66874583], [135.13196608, 34.66866842], [135.13196584, 34.66865889], [135.131965, 34.66861917], [135.13196361, 34.6686], [135.13194084, 34.66826111], [135.13190611, 34.66794139], [135.13186, 34.66771694], [135.13181945, 34.66736417], [135.13181361, 34.66714], [135.13183305, 34.66702102], [135.1318425, 34.66696333], [135.13195222, 34.66669611], [135.13203789, 34.66651998], [135.13204695, 34.66650139], [135.13208128, 34.66637334], [135.13209305, 34.66632944], [135.13210472, 34.66620056], [135.13210052, 34.66616525], [135.13208722, 34.66605277], [135.13198916, 34.66588083], [135.13192626, 34.66580407], [135.13188109, 34.66574894], [135.13177473, 34.66561917], [135.13175834, 34.66559917], [135.13174722, 34.66553556], [135.13174084, 34.66549917], [135.13178723, 34.66538917], [135.1319425, 34.6652375], [135.13202652, 34.66515596], [135.13202722, 34.66515527], [135.13226639, 34.66492194], [135.13231834, 34.66481694], [135.13233722, 34.66474306], [135.13234139, 34.66472611], [135.13233361, 34.66469972], [135.13229527, 34.66456861], [135.13230984, 34.66448389], [135.1323125, 34.66446833], [135.13235334, 34.66442], [135.13238241, 34.66438553], [135.13238778, 34.66437917], [135.132405, 34.66435861], [135.13242305, 34.66434694], [135.13268, 34.66418111], [135.13283509, 34.66405433], [135.13321111, 34.66374694], [135.13330945, 34.66367028], [135.13335389, 34.66363556], [135.13336817, 34.66362442], [135.13340195, 34.66359806], [135.13350722, 34.66351583], [135.13352305, 34.66350361], [135.13375419, 34.66326352], [135.13386027, 34.66315333], [135.13400261, 34.66300553], [135.13401916, 34.66298833], [135.13408182, 34.66292778], [135.134135, 34.66287639], [135.13419334, 34.66282], [135.13445805, 34.66256361], [135.13452527, 34.66249306], [135.13455361, 34.66246333], [135.13458695, 34.66242833], [135.13458746, 34.6624278], [135.13482166, 34.66218167], [135.1351225, 34.66186583], [135.13518723, 34.66179806], [135.13522805, 34.661755], [135.13524861, 34.66173361], [135.13528584, 34.66169444], [135.13531861, 34.66166], [135.13536282, 34.66161355], [135.13542305, 34.66155028], [135.13572055, 34.66124972], [135.13576139, 34.66120833], [135.13586217, 34.66110642], [135.13588528, 34.66108306], [135.13600555, 34.66096139], [135.13604653, 34.66092019], [135.13605584, 34.66091083], [135.13609111, 34.660875], [135.1361308, 34.66083492], [135.13648555, 34.66047667], [135.13651695, 34.66044444], [135.13667715, 34.66027936], [135.13668111, 34.66027527], [135.13671555, 34.66024], [135.13702111, 34.65992556], [135.13706305, 34.65988222], [135.13710139, 34.65984278], [135.13717195, 34.65977], [135.1372875, 34.65965139], [135.13735084, 34.65958611], [135.13750528, 34.65942722], [135.13752156, 34.65941042], [135.13753166, 34.6594], [135.137595, 34.65933472], [135.13781945, 34.65910361], [135.13784305, 34.65907944], [135.13788278, 34.65904139], [135.13793361, 34.65899333], [135.13796834, 34.65896028], [135.13810889, 34.65882639], [135.13826716, 34.65869783], [135.13833528, 34.6586425], [135.13844611, 34.65855277], [135.13846908, 34.65853417], [135.13856611, 34.65845556], [135.13864889, 34.65838833], [135.13870305, 34.65834444], [135.13871472, 34.658335], [135.1387725, 34.65827389], [135.13905722, 34.65797389], [135.13912472, 34.6579025], [135.13915631, 34.65786927], [135.1391675, 34.6578575], [135.13964528, 34.65735361], [135.13971916, 34.65727556], [135.13973555, 34.65725889], [135.13990266, 34.65708845], [135.13991639, 34.65707444], [135.13995361, 34.65703639], [135.14005222, 34.65693583], [135.14014, 34.65684667], [135.14021416, 34.65677111], [135.14034778, 34.65663473], [135.14068084, 34.65630111], [135.14073073, 34.65625103], [135.14083084, 34.65615056], [135.140875, 34.65610611], [135.14088291, 34.65609819], [135.14095805, 34.65602306], [135.14106834, 34.6559125], [135.14110611, 34.65587472], [135.14123166, 34.65574889], [135.14129639, 34.65568361], [135.14142666, 34.65555333], [135.14151584, 34.65546389], [135.1416075, 34.65537194], [135.14164916, 34.65533], [135.14167584, 34.65530333], [135.14102084, 34.65490389], [135.14099132, 34.65488586], [135.14096084, 34.65486722], [135.14091805, 34.65484111], [135.14069028, 34.65470222], [135.14012445, 34.65433944], [135.13998334, 34.65425778], [135.13991718, 34.65421956], [135.13986889, 34.65419167], [135.139435, 34.65394083], [135.13931639, 34.65387194], [135.13919361, 34.6537975], [135.13906916, 34.65372194], [135.13898998, 34.65367406], [135.13892722, 34.65363611], [135.13882028, 34.65357139], [135.13873527, 34.65352], [135.13871945, 34.65351028], [135.13863334, 34.65344972], [135.138445, 34.6533175], [135.13837305, 34.65326694], [135.13821084, 34.65313444], [135.13811136, 34.65305308], [135.1381025, 34.65304583], [135.13808508, 34.6530315], [135.13802111, 34.65297889], [135.13780722, 34.65280417], [135.13778889, 34.65279], [135.1374425, 34.65252139], [135.13734528, 34.65244611], [135.13722456, 34.65236914], [135.13714445, 34.65231806], [135.1371025, 34.65229111], [135.13681416, 34.65210722], [135.13622506, 34.65179198], [135.13616945, 34.65176222], [135.13612028, 34.65173611], [135.13607972, 34.65171444], [135.1358825, 34.65160889], [135.13581305, 34.65149417], [135.13574722, 34.6513275], [135.13572416, 34.65126917], [135.135715, 34.65124611], [135.13569916, 34.65122806], [135.13558222, 34.65109333], [135.13549955, 34.65104971], [135.13540639, 34.65100056], [135.1349825, 34.65077722], [135.13457695, 34.65056306], [135.13449695, 34.65052083], [135.13450028, 34.65051722], [135.13471639, 34.65028361], [135.13488223, 34.65010417], [135.13492028, 34.65006278], [135.13495889, 34.65002083], [135.13500008, 34.64997627], [135.13511861, 34.64984806], [135.13520027, 34.64975973], [135.13543695, 34.64956389], [135.13553916, 34.64950444], [135.13569084, 34.64941611], [135.13570111, 34.64940833], [135.13578305, 34.64934639], [135.13582723, 34.64931306], [135.13585413, 34.64929261], [135.13589889, 34.64925861], [135.13593555, 34.64921944], [135.13607777, 34.64906778], [135.13615528, 34.64898389], [135.13624528, 34.64888639], [135.13630222, 34.64882278], [135.13641887, 34.64869264], [135.13645834, 34.64864861], [135.13650472, 34.64859694], [135.13652222, 34.64857722], [135.13652264, 34.64857677], [135.13671166, 34.64836611], [135.13671889, 34.648358], [135.13677139, 34.64829917], [135.13710889, 34.6479225], [135.1371825, 34.64784083], [135.13727222, 34.64774027], [135.13728834, 34.64772229], [135.13731305, 34.64769472], [135.1374425, 34.64755028], [135.13749334, 34.64749361], [135.13778195, 34.64716917], [135.13788584, 34.64701167], [135.13796139, 34.64686278], [135.13802416, 34.64673944], [135.13808222, 34.64654472], [135.13813389, 34.64637194], [135.13819118, 34.64611371], [135.13820778, 34.64603889], [135.13826084, 34.64579973], [135.13833, 34.64551806], [135.13839834, 34.64527917], [135.13880907, 34.64430686], [135.13906472, 34.64370167], [135.1396175, 34.6426125], [135.13962692, 34.64259384], [135.13964666, 34.64255472], [135.13969444, 34.64241667], [135.13969444, 34.64241667], [135.13813927, 34.64189392], [135.13666878, 34.64139964], [135.1359842, 34.64112327], [135.13537027, 34.64183023], [135.1346427, 34.64266806], [135.13438372, 34.64279885], [135.13415004, 34.6431862], [135.1340772, 34.64350179], [135.13234239, 34.64569176], [135.131909, 34.64544593], [135.1328167, 34.64415145], [135.13250924, 34.64378409], [135.13252806, 34.64362421], [135.13291401, 34.64314411], [135.13360351, 34.64302017], [135.13428388, 34.64175089], [135.13309427, 34.64211789], [135.13194444, 34.64222394], [135.13194444, 34.64238887], [135.13194444, 34.64241667], [135.13171885, 34.64238847], [135.13121405, 34.64232537], [135.13117954, 34.64232105], [135.13105727, 34.64230577], [135.12597266, 34.64277475], [135.12218976, 34.64259646], [135.11859678, 34.64221506], [135.11624042, 34.64186111], [135.11571979, 34.64186111], [135.11562752, 34.64186111], [135.11555556, 34.64186111], [135.11418381, 34.64168219], [135.11289709, 34.64151435], [135.1126666, 34.64148429], [135.111439, 34.64132417], [135.11134646, 34.6413121], [135.11024097, 34.6411679], [135.11015734, 34.641157], [135.11010928, 34.64115073], [135.10959305, 34.64108339], [135.10959073, 34.64108309], [135.10922839, 34.64103583], [135.10916667, 34.64102778], [135.10884428, 34.64088673], [135.10860054, 34.6407801], [135.10856398, 34.6407641], [135.10787369, 34.6404621], [135.10783724, 34.64044615], [135.10685971, 34.64001848], [135.10591223, 34.63960396], [135.10572616, 34.63952255], [135.10495273, 34.63918418], [135.10472901, 34.6390863], [135.10472222, 34.63908333], [135.1039782, 34.63848812], [135.10382791, 34.63836789], [135.10316274, 34.63783575], [135.10281424, 34.63755695], [135.10257124, 34.63736255], [135.10219953, 34.63706518], [135.10194444, 34.63686111], [135.10166569, 34.636774], [135.10017965, 34.63843622], [135.0987862, 34.63880431], [135.097698, 34.63940238], [135.09680492, 34.64025908], [135.09934295, 34.64044718], [135.09876882, 34.64161902], [135.09826592, 34.64382452], [135.09994141, 34.64336128], [135.10197421, 34.64223676], [135.10215913, 34.64192619], [135.10331027, 34.64238423], [135.10320405, 34.64334963], [135.10333174, 34.64400709], [135.10357814, 34.64449402], [135.10402999, 34.64336554], [135.10435566, 34.64310033], [135.10499442, 34.6425198], [135.10545534, 34.64263576], [135.10537598, 34.64307707], [135.10511833, 34.6437615], [135.10557471, 34.64467008], [135.10562712, 34.64512077], [135.10543747, 34.64556645], [135.10593604, 34.6458572], [135.10642554, 34.64563111], [135.1067094, 34.64540919], [135.10904403, 34.646749], [135.10796865, 34.64822028], [135.10773067, 34.64888316], [135.10965024, 34.65031557], [135.11076487, 34.64898533], [135.1112189, 34.64926382], [135.11135425, 34.64908309], [135.11098082, 34.6485126], [135.11342593, 34.64849805], [135.11263309, 34.64931708], [135.1125349, 34.64961462], [135.11259629, 34.64983852], [135.11216346, 34.65031136], [135.11196624, 34.65031283], [135.11186068, 34.65058706], [135.11239709, 34.65086382], [135.11363837, 34.65110014], [135.1142042, 34.65104338], [135.114545, 34.65084922], [135.11472141, 34.65056547], [135.11585183, 34.64999679], [135.11609076, 34.65132774], [135.11681105, 34.65135201], [135.11801762, 34.65151667], [135.11885057, 34.65184619], [135.12025965, 34.65207845], [135.11985046, 34.65259047], [135.11932247, 34.65345876], [135.1188972, 34.65384357], [135.11691633, 34.65498041], [135.11799927, 34.65571708], [135.11824095, 34.65616484], [135.11830801, 34.65705021], [135.11792086, 34.65830204], [135.11700127, 34.65854338], [135.11675563, 34.65945839], [135.11764665, 34.65900208], [135.11828058, 34.65886651], [135.1189776, 34.6590039], [135.11894109, 34.65955625], [135.1197921, 34.65986839], [135.12048789, 34.65823251], [135.12204529, 34.65845499], [135.12077393, 34.65937665], [135.12151257, 34.65969532], [135.12214678, 34.65924113], [135.12253904, 34.65942479], [135.12275395, 34.65997193], [135.12504459, 34.65974701], [135.12518638, 34.65933859], [135.12539731, 34.65925628], [135.12576659, 34.65932541], [135.12593174, 34.65946377], [135.1270877, 34.65969172], [135.12617246, 34.66073344], [135.12610578, 34.66096079], [135.12647676, 34.66137813], [135.1269146, 34.6615997], [135.12733146, 34.66167283], [135.12671578, 34.66212631], [135.12668447, 34.66301467], [135.12918473, 34.66263615], [135.12905126, 34.66178929], [135.12964471, 34.66145025], [135.13044663, 34.66281449], [135.12930864, 34.6639122], [135.12894702, 34.66381824], [135.12832274, 34.66387283], [135.12762733, 34.66418967], [135.12703029, 34.66471598], [135.12665051, 34.66547891], [135.12649898, 34.6662317], [135.12646909, 34.66675557], [135.12692728, 34.66734361], [135.12653218, 34.66832806], [135.1258573, 34.66814069], [135.12462594, 34.66737604], [135.12311527, 34.66617469], [135.1211694, 34.66756391], [135.12355719, 34.66954147], [135.12358046, 34.66989532], [135.12338476, 34.67014208], [135.12262512, 34.67012814], [135.12228365, 34.6702629], [135.12180475, 34.67060559], [135.12098373, 34.67064284], [135.12047181, 34.67050043], [135.1200474, 34.67023173], [135.11959914, 34.67080304], [135.11793628, 34.67072089], [135.11779477, 34.67081429], [135.11773159, 34.67094312], [135.11777198, 34.6710946], [135.11809301, 34.67114259], [135.12036436, 34.67193527], [135.12068861, 34.67252771], [135.11890988, 34.67359841], [135.11846957, 34.67356841], [135.11647583, 34.6750072], [135.11653741, 34.67555748], [135.1156199, 34.67612529], [135.11594671, 34.67696834], [135.11753163, 34.67690043], [135.11884225, 34.68054302], [135.11911627, 34.68097197], [135.12133049, 34.68078496], [135.12198239, 34.68034055], [135.12092423, 34.67973149], [135.12058239, 34.67919287], [135.12090749, 34.67567009], [135.12146414, 34.67569482], [135.12159448, 34.67557714], [135.12158001, 34.6753691], [135.12121131, 34.67445839], [135.12127808, 34.67415584], [135.12151739, 34.6742124], [135.12164348, 34.67415584], [135.12164603, 34.67405042], [135.12136038, 34.6738473], [135.12136444, 34.6736051], [135.12156573, 34.67342053], [135.12383604, 34.67407389], [135.12612035, 34.67443594], [135.12768389, 34.67508439], [135.12805175, 34.67522735], [135.12837877, 34.67529127], [135.12898893, 34.67541051], [135.12954927, 34.67463192], [135.12914689, 34.67433681], [135.12865763, 34.67419932], [135.12833192, 34.67410779], [135.12598726, 34.67339266], [135.12505093, 34.6731086], [135.12424797, 34.67299974], [135.12377493, 34.6727434], [135.12247605, 34.67239093], [135.12286253, 34.67219622], [135.12310591, 34.67181658], [135.1232599, 34.67138235], [135.12381825, 34.67159632], [135.1266421, 34.67160159], [135.12495663, 34.67035012], [135.12492579, 34.6702704], [135.12496334, 34.6702112], [135.12513937, 34.67017705], [135.12577936, 34.67025256], [135.12622695, 34.67044712], [135.12713916, 34.6706212], [135.12745461, 34.67047727], [135.12768011, 34.670252], [135.12783381, 34.6699687], [135.12810708, 34.66994478], [135.12854162, 34.6700506], [135.12875, 34.6702554], [135.12897275, 34.67078358], [135.12903007, 34.67097352], [135.12919002, 34.67108507], [135.13024705, 34.67105917], [135.13024232, 34.67082427], [135.13008558, 34.67064867], [135.12981024, 34.67012414], [135.13077888, 34.66999474], [135.13145848, 34.67020742]]]}}, {"type": "Feature", "id": "did-1970-42", "properties": {"A16_001": "281082", "A16_002": "28108", "A16_003": "垂水区", "A16_004": "2", "A16_005": "7065", "A16_006": "0.5", "A16_007": "0", "A16_008": "0.0", "A16_009": "3.4", "A16_010": "0.3", "A16_011": "1970", "year": 1970, "population": 7065.0, "areaKm2": 0.5, "density": 14130.0}, "geometry": {"type": "Polygon", "coordinates": [[[135.04014184, 34.65561915], [135.04011272, 34.65691869], [135.03998919, 34.65763583], [135.0388453, 34.6599777], [135.03857046, 34.66009616], [135.03864052, 34.66022], [135.03893692, 34.66028461], [135.03887225, 34.66049998], [135.03870519, 34.66061843], [135.03818783, 34.66009077], [135.03789616, 34.66186026], [135.03827423, 34.66318892], [135.03854384, 34.66380685], [135.04005403, 34.66403801], [135.04072982, 34.66444136], [135.04172332, 34.66450498], [135.04331185, 34.66523276], [135.04260974, 34.66634635], [135.04369801, 34.66688999], [135.0444713, 34.66498435], [135.04511266, 34.6645533], [135.04609586, 34.66405982], [135.04593789, 34.6634285], [135.04588523, 34.66258673], [135.04609581, 34.6619955], [135.04673648, 34.66134664], [135.04665746, 34.66046706], [135.04601678, 34.66030923], [135.04569206, 34.65974805], [135.04405012, 34.658343], [135.04361611, 34.65830967], [135.04245235, 34.65761179], [135.0418482, 34.65631612], [135.04117307, 34.65593152], [135.04014184, 34.65561915]]]}}, {"type": "Feature", "id": "did-1970-43", "properties": {"A16_001": "281081", "A16_002": "28108", "A16_003": "垂水区", "A16_004": "1", "A16_005": "141541", "A16_006": "10.5", "A16_007": "91817", "A16_008": "7.6", "A16_009": "68.1", "A16_010": "6.2", "A16_011": "1970", "year": 1970, "population": 141541.0, "areaKm2": 10.5, "density": 13480.095238095239}, "geometry": {"type": "Polygon", "coordinates": [[[135.03072537, 34.65969909], [135.0313509, 34.66019204], [135.03178483, 34.66000734], [135.03239488, 34.65949815], [135.03310612, 34.65809868], [135.03317969, 34.65759751], [135.03237748, 34.65718122], [135.03512463, 34.6541186], [135.03570825, 34.653614], [135.03776183, 34.65238371], [135.03950389, 34.65151555], [135.04300229, 34.65041551], [135.04260307, 34.64896572], [135.04224689, 34.64908877], [135.04203972, 34.64925968], [135.04182863, 34.64927349], [135.04109623, 34.64978727], [135.04096567, 34.64899314], [135.04078324, 34.64869215], [135.04049569, 34.64716821], [135.03974689, 34.64703507], [135.03969791, 34.64716852], [135.03932837, 34.64717742], [135.03915472, 34.64736425], [135.03870503, 34.64750215], [135.03816548, 34.64788113], [135.03767945, 34.64804215], [135.03632913, 34.64941361], [135.03332756, 34.64693261], [135.03408095, 34.64657134], [135.03458826, 34.64610627], [135.03464266, 34.64579597], [135.03426079, 34.64526812], [135.03364169, 34.64502554], [135.03302509, 34.64504814], [135.03287112, 34.64478666], [135.03227382, 34.644591], [135.03143044, 34.64465151], [135.03138725, 34.64447228], [135.03153342, 34.64425986], [135.03151571, 34.64383788], [135.03254173, 34.64356036], [135.03373662, 34.64387526], [135.03420971, 34.64364132], [135.03502766, 34.64341117], [135.03520924, 34.64309607], [135.03511845, 34.64281916], [135.03446372, 34.64277073], [135.03420568, 34.64212479], [135.03428214, 34.64185743], [135.03470805, 34.64149355], [135.03592321, 34.64113456], [135.03620993, 34.64089107], [135.03698885, 34.64051867], [135.03952508, 34.64018995], [135.04006638, 34.6398895], [135.04068931, 34.63973927], [135.04108047, 34.64052711], [135.04173049, 34.64091922], [135.04176904, 34.64133185], [135.04102013, 34.64111728], [135.03942148, 34.64114481], [135.03720996, 34.64157439], [135.03723535, 34.64260967], [135.03961531, 34.64265996], [135.04209413, 34.64327036], [135.04372878, 34.64373791], [135.04363799, 34.64400389], [135.04463439, 34.64475391], [135.04502264, 34.64458487], [135.04663043, 34.64584743], [135.04659842, 34.64625679], [135.04602965, 34.64724292], [135.04751491, 34.64708941], [135.05007431, 34.64625256], [135.05111415, 34.64781992], [135.05153595, 34.64779749], [135.05472194, 34.64693994], [135.056288, 34.64667149], [135.05862583, 34.64668602], [135.05899408, 34.64529388], [135.05913445, 34.64510936], [135.05938563, 34.64497281], [135.05972915, 34.64498388], [135.05990947, 34.6451364], [135.06122611, 34.6445313], [135.06253333, 34.64419417], [135.06303892, 34.64397317], [135.06377807, 34.64360246], [135.06396935, 34.64429257], [135.06419251, 34.64441997], [135.06444807, 34.64421676], [135.06522381, 34.64400973], [135.06460746, 34.64341518], [135.06392161, 34.64223444], [135.0630629, 34.64141702], [135.06354682, 34.64016898], [135.06395115, 34.63987081], [135.06452224, 34.63975668], [135.06417691, 34.63842969], [135.06441562, 34.63847058], [135.06471912, 34.63846376], [135.06494831, 34.63835773], [135.06508812, 34.63817375], [135.06534388, 34.63816012], [135.06555189, 34.6379557], [135.06578352, 34.63759493], [135.06643585, 34.63896769], [135.06781857, 34.63905607], [135.06933967, 34.63892069], [135.06960193, 34.63916524], [135.06958454, 34.63946711], [135.06888518, 34.63948894], [135.06863166, 34.63983393], [135.06868441, 34.64108883], [135.06950737, 34.64097679], [135.06957762, 34.64204415], [135.06934234, 34.64266495], [135.06985812, 34.64264748], [135.07021654, 34.64283963], [135.07064053, 34.64286583], [135.07067304, 34.64131179], [135.07117834, 34.6398145], [135.0721252, 34.64003841], [135.07205973, 34.64122262], [135.0760826, 34.64157171], [135.07656866, 34.64049482], [135.07702574, 34.6400869], [135.07974185, 34.64014957], [135.08138677, 34.64036745], [135.08180776, 34.64076376], [135.08219296, 34.64139166], [135.08225372, 34.6419805], [135.0817114, 34.64342535], [135.08168718, 34.64410265], [135.08190836, 34.64499119], [135.08236849, 34.64557853], [135.08300777, 34.6467838], [135.08484264, 34.64687596], [135.08526719, 34.64702222], [135.0854758, 34.64726356], [135.08563939, 34.64977404], [135.0875335, 34.64973356], [135.08841284, 34.64948652], [135.08807787, 34.64776455], [135.08793757, 34.64624291], [135.08733662, 34.64532497], [135.0867295, 34.6437162], [135.08661597, 34.64369901], [135.08635314, 34.64271377], [135.08595836, 34.64191267], [135.08539642, 34.64133535], [135.08415614, 34.64080378], [135.08411444, 34.64061059], [135.08470588, 34.64043637], [135.0847036, 34.64028885], [135.08508135, 34.64028407], [135.08533198, 34.64018548], [135.08530855, 34.63995985], [135.08498684, 34.63994282], [135.08485689, 34.63992367], [135.08492293, 34.639747], [135.08521316, 34.63956839], [135.08489701, 34.63958137], [135.08441661, 34.63941335], [135.08437059, 34.63931329], [135.0845573, 34.63895473], [135.08474989, 34.63830535], [135.08457794, 34.63796863], [135.08354389, 34.63715171], [135.08453903, 34.63310423], [135.08239809, 34.63221217], [135.08222222, 34.63213889], [135.08199258, 34.63207328], [135.08027778, 34.63158333], [135.07416667, 34.63075], [135.07422327, 34.63029713], [135.07358718, 34.63017146], [135.06717486, 34.62857087], [135.06125364, 34.62760555], [135.05816265, 34.62694064], [135.0573047, 34.62755331], [135.05687162, 34.62744744], [135.0575823, 34.62679661], [135.05722222, 34.62677186], [135.05722222, 34.62686111], [135.05472222, 34.62686111], [135.05472222, 34.6266], [135.05472222, 34.62630556], [135.05388889, 34.62630556], [135.05375254, 34.62657825], [135.05361111, 34.62686111], [135.05166667, 34.62686111], [135.05166667, 34.62713889], [135.04694444, 34.62769444], [135.04055556, 34.62825], [135.03898981, 34.62898682], [135.03583333, 34.63047222], [135.0305621, 34.63457207], [135.02833333, 34.63630556], [135.02638889, 34.63769444], [135.02638889, 34.63741667], [135.02563191, 34.63836289], [135.02516532, 34.63894613], [135.02470325, 34.63952371], [135.02416667, 34.64019444], [135.01979816, 34.64259712], [135.01861111, 34.64325], [135.01861111, 34.64325], [135.01873111, 34.6433925], [135.01883, 34.64357278], [135.01891389, 34.64372583], [135.01899222, 34.64386833], [135.01899277, 34.64387], [135.01903805, 34.64398], [135.01911555, 34.64431028], [135.01915166, 34.64446333], [135.01920555, 34.64464361], [135.01943166, 34.64508444], [135.01959361, 34.64539972], [135.01962909, 34.64546267], [135.01978027, 34.64573083], [135.01990028, 34.6460775], [135.01999611, 34.64625528], [135.02002055, 34.64629223], [135.02007111, 34.64636819], [135.02023389, 34.64661278], [135.02026555, 34.64678333], [135.02025195, 34.64683194], [135.02017549, 34.64710256], [135.02017166, 34.64711611], [135.02016639, 34.647135], [135.02015159, 34.64718745], [135.02010972, 34.64733583], [135.02011498, 34.64738858], [135.02011584, 34.64739722], [135.02051722, 34.64782611], [135.02087055, 34.6481675], [135.02137361, 34.64859333], [135.02166846, 34.64881238], [135.02172122, 34.64885158], [135.02172695, 34.64885583], [135.02193139, 34.64897723], [135.022087, 34.64906933], [135.02213222, 34.64909611], [135.02223295, 34.64915378], [135.02275528, 34.64945278], [135.02280222, 34.64948183], [135.02323695, 34.64975083], [135.02324655, 34.64975848], [135.02351584, 34.6499725], [135.02389579, 34.65043296], [135.02394972, 34.65049833], [135.0241922, 34.65080967], [135.02429695, 34.65094417], [135.02449445, 34.65123139], [135.02453441, 34.65127408], [135.02478195, 34.65153833], [135.02544666, 34.65203833], [135.02564611, 34.65218861], [135.02570153, 34.65223042], [135.02581805, 34.65231833], [135.0259325, 34.65239556], [135.02615055, 34.65254222], [135.02677611, 34.65296361], [135.0267875, 34.65297111], [135.02680863, 34.65298535], [135.02699722, 34.6531125], [135.02722602, 34.65326681], [135.02726184, 34.65329097], [135.02731889, 34.65332944], [135.02762334, 34.65353444], [135.02849778, 34.65417806], [135.02878814, 34.65440881], [135.02911472, 34.65466833], [135.02934916, 34.65488778], [135.02937312, 34.65491015], [135.02942464, 34.65495829], [135.02948, 34.65501], [135.02968972, 34.65526833], [135.0300622, 34.65584042], [135.03015055, 34.65597611], [135.0303148, 34.65629536], [135.03037222, 34.65640694], [135.03041305, 34.65645944], [135.030455, 34.65651333], [135.03053389, 34.65661472], [135.03060509, 34.65670025], [135.03085139, 34.65699611], [135.0311582, 34.65729917], [135.031305, 34.65744417], [135.03139055, 34.65752889], [135.0314875, 34.65760833], [135.03165916, 34.65774861], [135.031765, 34.657835], [135.0318525, 34.65790667], [135.03214973, 34.65814972], [135.0322845, 34.65825965], [135.03234861, 34.65831194], [135.03250472, 34.65843972], [135.03251666, 34.65850889], [135.03176641, 34.65903894], [135.0316525, 34.65911944], [135.03105941, 34.65949106], [135.03091305, 34.65958277], [135.03072537, 34.65969909]]]}}, {"type": "Feature", "id": "did-1970-44", "properties": {"A16_001": "286821", "A16_002": "28682", "A16_003": "淡路町", "A16_004": "1", "A16_005": "8181", "A16_006": "0.7", "A16_007": "7184", "A16_008": "0.5", "A16_009": "83.2", "A16_010": "5.1", "A16_011": "1970", "year": 1970, "population": 8181.0, "areaKm2": 0.7, "density": 11687.142857142859}, "geometry": {"type": "Polygon", "coordinates": [[[135.01060624, 34.59905765], [135.01166667, 34.59658333], [135.01388889, 34.59352778], [135.01419237, 34.59315913], [135.01465799, 34.5927996], [135.01488784, 34.59277013], [135.01513778, 34.59288111], [135.01530011, 34.59294019], [135.01622209, 34.59208543], [135.01599663, 34.59173597], [135.01694444, 34.59047222], [135.01833333, 34.58991667], [135.01911359, 34.58965658], [135.01916667, 34.58963889], [135.02012155, 34.58968178], [135.02064546, 34.58978878], [135.02093489, 34.58983012], [135.02114163, 34.58981634], [135.02147241, 34.59007821], [135.02162401, 34.5903952], [135.02181697, 34.59056059], [135.02209262, 34.59056059], [135.02228557, 34.59028494], [135.02216153, 34.58998173], [135.02199614, 34.58983012], [135.02167914, 34.58985769], [135.02148619, 34.58983012], [135.02130702, 34.58963717], [135.02136215, 34.58947178], [135.02156888, 34.58920991], [135.02162232, 34.58899619], [135.0225, 34.58797222], [135.02305556, 34.58797222], [135.02361111, 34.58769444], [135.0225, 34.58658333], [135.02253765, 34.58628212], [135.02202658, 34.5861571], [135.02180012, 34.5861571], [135.02174351, 34.5865534], [135.0212906, 34.58666663], [135.02066784, 34.58644017], [135.02038477, 34.5861571], [135.01953555, 34.58598725], [135.01913925, 34.5865534], [135.01885618, 34.58683647], [135.01766727, 34.58700631], [135.01749743, 34.58723277], [135.01653499, 34.58683647], [135.01647837, 34.58649678], [135.01613868, 34.5861571], [135.01568577, 34.58621371], [135.01545931, 34.5865534], [135.01545931, 34.58700631], [135.01523285, 34.58723277], [135.01511963, 34.58711954], [135.01483655, 34.5869497], [135.01387411, 34.58700631], [135.01381749, 34.58757246], [135.01359104, 34.58785553], [135.01325135, 34.58808199], [135.01228891, 34.5881386], [135.01138307, 34.58808199], [135.01121323, 34.58836506], [135.01138307, 34.58859152], [135.01177938, 34.58881797], [135.01244218, 34.58890653], [135.01321892, 34.58869469], [135.0136426, 34.58989511], [135.01385444, 34.59017756], [135.01350138, 34.59067185], [135.01293647, 34.59130737], [135.01244218, 34.59137798], [135.01230095, 34.59180166], [135.01180666, 34.59180166], [135.01173605, 34.59215473], [135.01223034, 34.59215473], [135.01237157, 34.59236656], [135.01187728, 34.59264902], [135.01081808, 34.59250779], [135.0108887, 34.59300208], [135.01046502, 34.59356698], [135.01046502, 34.59377882], [135.0108887, 34.59392005], [135.01074747, 34.59427311], [135.00990011, 34.59413189], [135.0098295, 34.59370821], [135.00961766, 34.59356698], [135.00869969, 34.59455557], [135.00841724, 34.59462618], [135.00813479, 34.59490863], [135.00827602, 34.59512047], [135.00869969, 34.59519108], [135.00869969, 34.59540292], [135.00855847, 34.59575599], [135.00834663, 34.59554415], [135.00806418, 34.59554415], [135.00799356, 34.59625028], [135.00961766, 34.59625028], [135.00990011, 34.5963915], [135.0092646, 34.59730947], [135.00919398, 34.59787438], [135.00919398, 34.59879234], [135.00891153, 34.5996397], [135.00848785, 34.60006338], [135.00827602, 34.60027522], [135.00848785, 34.60084012], [135.00884092, 34.60112257], [135.00919606, 34.60112257], [135.00944444, 34.60075], [135.01, 34.60047222], [135.01060624, 34.59905765]]]}}]}