{"type": "FeatureCollection", "features": [{"type": "Feature", "id": "did-1980-6", "properties": {"A16_001": "282131", "A16_002": "28213", "A16_003": "西脇市", "A16_004": "1", "A16_005": "14151", "A16_006": "3.8", "A16_007": "14780", "A16_008": "3.5", "A16_009": "36.9", "A16_010": "3.9", "A16_011": "1980", "year": 1980, "population": 14151.0, "areaKm2": 3.8, "density": 3723.947368421053}, "geometry": {"type": "Polygon", "coordinates": [[[134.97420899, 34.97010015], [134.9736669, 34.97017241], [134.97339585, 34.9701182], [134.9734139, 34.97066028], [134.97306357, 34.97070458], [134.97260076, 34.97060605], [134.97202252, 34.97073253], [134.97151656, 34.97071445], [134.9711877, 34.970653], [134.97120214, 34.97088429], [134.97116489, 34.97113675], [134.97079442, 34.9711213], [134.97011523, 34.97109041], [134.96955952, 34.9710904], [134.96874464, 34.97102879], [134.96874139, 34.97129105], [134.96898834, 34.9721709], [134.96908094, 34.9727729], [134.96926616, 34.97320511], [134.96934334, 34.9733749], [134.96903368, 34.97334168], [134.96863327, 34.97337489], [134.96803126, 34.97323595], [134.96803125, 34.97348292], [134.96800729, 34.97389096], [134.967935, 34.97438245], [134.9678627, 34.97474383], [134.96809399, 34.97488839], [134.96797834, 34.97513413], [134.9678916, 34.97524978], [134.96784594, 34.97556676], [134.96786267, 34.975828], [134.96792311, 34.97612245], [134.96821639, 34.97627682], [134.96818551, 34.97649292], [134.96810832, 34.97684794], [134.96792044, 34.9774181], [134.96754459, 34.97728799], [134.9673133, 34.97723017], [134.96709645, 34.97754818], [134.96692297, 34.97770719], [134.96678077, 34.97768145], [134.96657604, 34.97753372], [134.96625801, 34.9775048], [134.96621463, 34.97783727], [134.96548412, 34.97785121], [134.96494385, 34.97794382], [134.9644221, 34.97790951], [134.96390961, 34.97805184], [134.96361257, 34.97801068], [134.9636009, 34.97761963], [134.96374269, 34.97741801], [134.96375716, 34.97692652], [134.96390174, 34.97640613], [134.96393066, 34.97616038], [134.96354035, 34.9760881], [134.96283202, 34.97590016], [134.96219596, 34.97579896], [134.9619647, 34.97636929], [134.96143061, 34.9762674], [134.9608371, 34.97608803], [134.96051907, 34.97601575], [134.96014322, 34.97614584], [134.95949492, 34.97581354], [134.95924793, 34.97589072], [134.95882774, 34.97603017], [134.95835069, 34.97621808], [134.95811939, 34.97642045], [134.95775058, 34.97686314], [134.95748816, 34.9770638], [134.95724116, 34.977496], [134.95719484, 34.97783559], [134.95707851, 34.97809726], [134.95702067, 34.97832855], [134.95699175, 34.97858875], [134.95712184, 34.97896459], [134.95767117, 34.97895015], [134.9579227, 34.97889233], [134.95798746, 34.97890159], [134.95855298, 34.97876225], [134.95881319, 34.97866107], [134.95900112, 34.97855988], [134.95926131, 34.97918148], [134.95892365, 34.97956444], [134.95930955, 34.97974968], [134.96025874, 34.97990427], [134.96062013, 34.9799621], [134.96089479, 34.98012112], [134.961314, 34.98026568], [134.96161758, 34.9802946], [134.96208016, 34.98056927], [134.96267284, 34.98069938], [134.96296196, 34.98075721], [134.96304868, 34.9811186], [134.96310649, 34.9815089], [134.96306312, 34.98166791], [134.96312094, 34.98179801], [134.9630631, 34.98230395], [134.96313536, 34.98273762], [134.96310354, 34.98334243], [134.96309425, 34.98438786], [134.96314975, 34.98481921], [134.96262818, 34.98476641], [134.96256643, 34.98473554], [134.96207655, 34.98473939], [134.96175273, 34.98489666], [134.96150293, 34.98501692], [134.96152143, 34.98512794], [134.96155843, 34.98539624], [134.96159543, 34.98548875], [134.96168653, 34.98578516], [134.96164021, 34.98607844], [134.96165091, 34.98622888], [134.96154757, 34.98668044], [134.96155837, 34.98704301], [134.9616093, 34.98718982], [134.96180814, 34.98775538], [134.96182664, 34.98795891], [134.96166935, 34.98825496], [134.96154907, 34.98846774], [134.96159532, 34.98859726], [134.9617173, 34.98870254], [134.9620569, 34.98882603], [134.96249273, 34.98909687], [134.96295531, 34.98929116], [134.96298306, 34.98922739], [134.96298305, 34.98942805], [134.96290902, 34.99019781], [134.96285349, 34.99072514], [134.96282573, 34.99084541], [134.96276689, 34.99118774], [134.96258164, 34.9916045], [134.96253889, 34.99188157], [134.96248338, 34.99198334], [134.96234389, 34.99233307], [134.96298295, 34.99234543], [134.9640851, 34.99233311], [134.96444322, 34.99234546], [134.96465316, 34.99232077], [134.96504833, 34.99237017], [134.96463461, 34.99307095], [134.9643413, 34.9936112], [134.96384731, 34.99446016], [134.96363119, 34.99500041], [134.96367342, 34.99516213], [134.96390833, 34.99519828], [134.96445043, 34.99512601], [134.96520936, 34.99525251], [134.96555268, 34.9953248], [134.96593117, 34.99552528], [134.96612845, 34.99550825], [134.96628573, 34.99550826], [134.96653011, 34.99527215], [134.96694264, 34.99465713], [134.96721093, 34.99483292], [134.967703, 34.99503574], [134.96737774, 34.99537905], [134.96683562, 34.99610181], [134.96654649, 34.99633671], [134.96609472, 34.99691492], [134.96573057, 34.99727528], [134.96571524, 34.99740278], [134.96595015, 34.99747506], [134.96605437, 34.99756209], [134.96626716, 34.99756209], [134.96674151, 34.99742777], [134.967515, 34.99732332], [134.96812215, 34.9972366], [134.9685992, 34.99714988], [134.96843953, 34.9967139], [134.96834885, 34.99626693], [134.96866342, 34.99616517], [134.9688577, 34.99618368], [134.96901839, 34.99655956], [134.96912598, 34.99683129], [134.9693464, 34.99692617], [134.96978286, 34.99685906], [134.96992527, 34.99655958], [134.97009744, 34.99622071], [134.97018071, 34.99613745], [134.97023622, 34.99605419], [134.97031024, 34.99575814], [134.97047678, 34.9954806], [134.97053231, 34.99512904], [134.97077285, 34.9951198], [134.97098564, 34.99514755], [134.97125394, 34.99513831], [134.97187381, 34.99514757], [134.97198486, 34.99429644], [134.97211209, 34.99383386], [134.97233184, 34.99332504], [134.97269036, 34.99278152], [134.9726788, 34.99256179], [134.97262098, 34.99245771], [134.97257473, 34.99226112], [134.97254004, 34.99207609], [134.97247066, 34.99185636], [134.97181147, 34.99186791], [134.97182305, 34.99135908], [134.97186932, 34.99116248], [134.9722409, 34.99106061], [134.97278294, 34.99103529], [134.97296797, 34.99105843], [134.97380381, 34.9912343], [134.97463328, 34.99138227], [134.97513519, 34.99140798], [134.97598418, 34.99129223], [134.976756, 34.9910993], [134.97718051, 34.99080989], [134.97736257, 34.99065377], [134.97747822, 34.99057283], [134.97760543, 34.99052657], [134.97772109, 34.99036467], [134.97780204, 34.99034155], [134.97826106, 34.9904819], [134.97836871, 34.99051502], [134.97873878, 34.99053816], [134.97881973, 34.99061911], [134.97882062, 34.99073274], [134.97889778, 34.99113794], [134.97883126, 34.99159052], [134.97886595, 34.99171773], [134.97892377, 34.99187964], [134.97888906, 34.9920878], [134.97850743, 34.99219187], [134.97812578, 34.99236532], [134.97796388, 34.99241158], [134.97788292, 34.9924694], [134.97770945, 34.99256191], [134.97761693, 34.99268911], [134.97752776, 34.99277797], [134.97721903, 34.99306738], [134.97746985, 34.9933954], [134.97777856, 34.99383919], [134.97818375, 34.99428298], [134.97817198, 34.99437753], [134.97817197, 34.99456256], [134.97844951, 34.99479385], [134.97858893, 34.99493901], [134.97898148, 34.99504828], [134.97939931, 34.99555646], [134.97976785, 34.99604284], [134.98020732, 34.99577687], [134.98063422, 34.9955179], [134.98114406, 34.99559186], [134.98138692, 34.99561499], [134.98148321, 34.9955951], [134.98201142, 34.99560344], [134.98190734, 34.9954878], [134.98186109, 34.99527964], [134.98159511, 34.99499052], [134.98131757, 34.99459733], [134.98156042, 34.99464966], [134.98202351, 34.99474614], [134.98230056, 34.99480551], [134.98258969, 34.99431981], [134.982821, 34.9940307], [134.98274005, 34.99393819], [134.98246347, 34.99385859], [134.98219651, 34.99375314], [134.98204617, 34.99371845], [134.98153733, 34.99352184], [134.98094755, 34.9931402], [134.98068158, 34.99253885], [134.98065846, 34.99215722], [134.98082038, 34.99171778], [134.98090134, 34.99164839], [134.9805544, 34.99159056], [134.98034624, 34.99149804], [134.98014964, 34.99140552], [134.98014964, 34.99126675], [134.98042722, 34.99067697], [134.98054289, 34.99000624], [134.98006482, 34.98966616], [134.98014817, 34.9897526], [134.97984902, 34.98957834], [134.97964085, 34.98983275], [134.97959246, 34.98992238], [134.97936329, 34.98979805], [134.97928373, 34.98982976], [134.97908574, 34.98974023], [134.97881976, 34.9896824], [134.97869255, 34.98967083], [134.97875893, 34.9889499], [134.97875895, 34.98842508], [134.97877442, 34.9875298], [134.97874356, 34.98706673], [134.97883142, 34.98668722], [134.97945592, 34.98657159], [134.97952532, 34.98622466], [134.98031172, 34.98616685], [134.98137568, 34.98605124], [134.98132941, 34.98632878], [134.98137567, 34.98646755], [134.98154914, 34.98646756], [134.98163016, 34.98644936], [134.98201607, 34.9864185], [134.98218586, 34.98652655], [134.98245117, 34.98672199], [134.98257837, 34.98718457], [134.9827287, 34.98751994], [134.9833185, 34.98746214], [134.9832954, 34.98680296], [134.98346888, 34.98650229], [134.98360767, 34.98597034], [134.98371176, 34.98588939], [134.98382213, 34.98587828], [134.98447044, 34.98624876], [134.98496439, 34.98648031], [134.98528855, 34.98669642], [134.98544643, 34.98686084], [134.98560833, 34.98689553], [134.98607094, 34.98629419], [134.98636007, 34.98599353], [134.98662607, 34.98570442], [134.98638322, 34.98546157], [134.9861839, 34.98519916], [134.98587519, 34.98492131], [134.98556647, 34.9845354], [134.9853195, 34.98422668], [134.98516515, 34.98385621], [134.98499228, 34.98338079], [134.98511886, 34.98330052], [134.9856437, 34.98325423], [134.98627659, 34.98314619], [134.98689404, 34.98308446], [134.98727687, 34.98291159], [134.98743741, 34.98275106], [134.98757325, 34.98263992], [134.98762074, 34.98254736], [134.98769661, 34.98244005], [134.98757326, 34.98242073], [134.98726454, 34.98222006], [134.98689408, 34.9818959], [134.98652362, 34.9815563], [134.98627665, 34.98136798], [134.98601907, 34.98117695], [134.98567213, 34.98116248], [134.98481924, 34.9811191], [134.98396634, 34.98103234], [134.98361941, 34.9808155], [134.98312768, 34.9805992], [134.98274178, 34.98041396], [134.98223856, 34.98026885], [134.98142971, 34.98004347], [134.98056528, 34.97982735], [134.9797626, 34.97971928], [134.97892905, 34.97948772], [134.9780955, 34.97931791], [134.97707671, 34.97902461], [134.97644936, 34.97884578], [134.97619639, 34.97866508], [134.97597955, 34.97855666], [134.97579886, 34.9784121], [134.9754194, 34.97819526], [134.97498574, 34.9776351], [134.97475085, 34.9772737], [134.97446175, 34.97671355], [134.97437141, 34.97646057], [134.97431721, 34.97608111], [134.97432918, 34.97555147], [134.97442181, 34.97493404], [134.9744064, 34.97440922], [134.97440641, 34.97385353], [134.97429924, 34.97299125], [134.97428121, 34.97208778], [134.97426314, 34.9719613], [134.97426315, 34.9715457], [134.97428123, 34.97127466], [134.97432933, 34.97107507], [134.97420899, 34.97010015]]]}}, {"type": "Feature", "id": "did-1980-7", "properties": {"A16_001": "282201", "A16_002": "28220", "A16_003": "加西市", "A16_004": "1", "A16_005": "8910", "A16_006": "1.8", "A16_007": "6944", "A16_008": "1.2", "A16_009": "17.5", "A16_010": "1.2", "A16_011": "1980", "year": 1980, "population": 8910.0, "areaKm2": 1.8, "density": 4950.0}, "geometry": {"type": "Polygon", "coordinates": [[[134.82630909, 34.92309031], [134.82607102, 34.92312431], [134.82499968, 34.92362504], [134.82483425, 34.92370339], [134.82457305, 34.92392104], [134.82428543, 34.92484173], [134.82448948, 34.92502879], [134.82510411, 34.92505288], [134.82517376, 34.9253489], [134.82501662, 34.92557295], [134.82472754, 34.92553893], [134.82466005, 34.92581903], [134.82507796, 34.92598446], [134.82516964, 34.92625314], [134.82515631, 34.92647202], [134.82528867, 34.92650821], [134.82578183, 34.92618513], [134.82603693, 34.92536892], [134.82625801, 34.92497782], [134.82647908, 34.92487579], [134.82707425, 34.92511387], [134.82732932, 34.92523291], [134.82732931, 34.925573], [134.82739732, 34.92567503], [134.82813398, 34.92582782], [134.82809914, 34.92619348], [134.82778842, 34.92632121], [134.82719322, 34.92701839], [134.82660158, 34.9270815], [134.82656402, 34.92739248], [134.82708043, 34.92737752], [134.82746528, 34.92771558], [134.8278904, 34.92764757], [134.82848216, 34.92811759], [134.82823837, 34.92831784], [134.82773734, 34.92827674], [134.82736322, 34.92839576], [134.82695511, 34.92827672], [134.82624088, 34.92856579], [134.82545864, 34.92888885], [134.82519975, 34.92911004], [134.82518233, 34.92919711], [134.82505172, 34.92964983], [134.82387715, 34.929552], [134.82292487, 34.92946695], [134.82222767, 34.92916085], [134.82192157, 34.92955195], [134.82081625, 34.92934787], [134.8204931, 34.93109934], [134.82039104, 34.93189855], [134.82207399, 34.93211367], [134.82282274, 34.93252288], [134.82300977, 34.93317396], [134.82295874, 34.9337011], [134.82238055, 34.93434726], [134.82210845, 34.93495942], [134.8229927, 34.93526552], [134.82322316, 34.93493455], [134.8237804, 34.93441218], [134.82411124, 34.93460373], [134.82445516, 34.93439832], [134.82489483, 34.93474305], [134.82470328, 34.93491717], [134.8250163, 34.93514654], [134.82560877, 34.93487366], [134.82588737, 34.9351958], [134.82567949, 34.93548664], [134.8265055, 34.93617093], [134.82662739, 34.93629282], [134.82637488, 34.93674554], [134.82605355, 34.93700006], [134.82588349, 34.93720411], [134.82622358, 34.93742518], [134.82651267, 34.93727214], [134.82712487, 34.93679603], [134.82709087, 34.93648995], [134.82753301, 34.93630291], [134.82739698, 34.93608184], [134.82749806, 34.935962], [134.82816847, 34.93564858], [134.8284343, 34.93560574], [134.82863862, 34.93581401], [134.8291262, 34.93569214], [134.82984571, 34.93574181], [134.82997945, 34.93541355], [134.83007523, 34.93523072], [134.83134216, 34.93574184], [134.83114611, 34.93602302], [134.83096802, 34.936354], [134.83088299, 34.9367451], [134.83086596, 34.93723823], [134.83113804, 34.9374763], [134.83194708, 34.93707651], [134.83258267, 34.93684145], [134.83273068, 34.93677181], [134.83293094, 34.93666733], [134.83411505, 34.93608404], [134.83434143, 34.93592733], [134.83447203, 34.93591862], [134.8345591, 34.93584897], [134.83467229, 34.93572709], [134.83622263, 34.93487472], [134.83780671, 34.93408166], [134.83892988, 34.93357672], [134.83919108, 34.93353319], [134.83952164, 34.93405857], [134.83955674, 34.93402075], [134.84057542, 34.93374217], [134.84055896, 34.93354846], [134.84191625, 34.93317629], [134.84310974, 34.93302137], [134.84533739, 34.93305543], [134.8467148, 34.93327652], [134.84801084, 34.93370752], [134.84762777, 34.9331416], [134.84763648, 34.93305453], [134.84790639, 34.93281076], [134.84765011, 34.93218825], [134.84761613, 34.93138903], [134.84805828, 34.93062384], [134.84875552, 34.92975662], [134.84895958, 34.92972261], [134.84884056, 34.92936552], [134.84929958, 34.92856209], [134.84912969, 34.92803916], [134.84943579, 34.92758005], [134.8495173, 34.92715167], [134.84933446, 34.92702978], [134.84851752, 34.92746099], [134.84834747, 34.927495], [134.84817647, 34.92740412], [134.84800234, 34.92746506], [134.84793935, 34.92747798], [134.84779338, 34.92743894], [134.84778468, 34.92726481], [134.84722746, 34.92742151], [134.8471752, 34.92777847], [134.8470446, 34.92780459], [134.84697496, 34.92749116], [134.84659187, 34.92752597], [134.84640032, 34.92773492], [134.84620008, 34.92752597], [134.84585181, 34.92754337], [134.84586473, 34.92780102], [134.84564366, 34.92780102], [134.84538859, 34.92761396], [134.84498047, 34.92751193], [134.84499746, 34.92798806], [134.84458933, 34.92824312], [134.84477638, 34.92841317], [134.84477638, 34.92860022], [134.84431723, 34.9289573], [134.84462331, 34.92934841], [134.84458059, 34.92945874], [134.84437163, 34.9295458], [134.8436751, 34.92955449], [134.84305883, 34.92963746], [134.84243875, 34.93012037], [134.84229943, 34.93031191], [134.84216013, 34.93038156], [134.84181186, 34.93050344], [134.84170737, 34.93079945], [134.84159418, 34.93083428], [134.84132427, 34.9310658], [134.83995736, 34.93053822], [134.83942626, 34.93029443], [134.83928696, 34.9302509], [134.83667502, 34.92922349], [134.83557801, 34.92875332], [134.83485537, 34.92850082], [134.83469865, 34.92840505], [134.83200564, 34.92729057], [134.83172102, 34.92772588], [134.8303889, 34.92824823], [134.83025408, 34.92831081], [134.83008403, 34.9282938], [134.82986301, 34.92710347], [134.82967596, 34.92672937], [134.829676, 34.92560706], [134.82949223, 34.92508781], [134.82919989, 34.92473982], [134.828195, 34.92349452], [134.82800346, 34.92343357], [134.82719373, 34.92389498], [134.82707184, 34.92388628], [134.82630909, 34.92309031]]]}}, {"type": "Feature", "id": "did-1980-8", "properties": {"A16_001": "282191", "A16_002": "28219", "A16_003": "三田市", "A16_004": "1", "A16_005": "11603", "A16_006": "1.9", "A16_007": "8726", "A16_008": "1.2", "A16_009": "31.8", "A16_010": "0.9", "A16_011": "1980", "year": 1980, "population": 11603.0, "areaKm2": 1.9, "density": 6106.842105263158}, "geometry": {"type": "Polygon", "coordinates": [[[135.22016805, 34.87718852], [135.21990221, 34.87726184], [135.21910473, 34.87724349], [135.21904972, 34.87735348], [135.21941637, 34.87793097], [135.21882052, 34.87847176], [135.2182522, 34.87851758], [135.21769303, 34.87869173], [135.21560075, 34.87950862], [135.21724242, 34.88144038], [135.21790377, 34.88139349], [135.21805273, 34.88133621], [135.21821315, 34.8810956], [135.21845091, 34.88108235], [135.21909542, 34.88149951], [135.21932365, 34.88242509], [135.22002634, 34.88306066], [135.22058491, 34.88337576], [135.22045884, 34.88433822], [135.22006926, 34.88432675], [135.21988593, 34.88433821], [135.21996898, 34.88510875], [135.22100021, 34.88508013], [135.22112911, 34.88540954], [135.21941036, 34.88615426], [135.21939602, 34.88672716], [135.21883743, 34.88677011], [135.21898057, 34.88926219], [135.22074514, 34.88890991], [135.22095139, 34.88884116], [135.22112899, 34.88887554], [135.22131804, 34.88907033], [135.22153002, 34.88909039], [135.22174199, 34.88905888], [135.22187949, 34.88899014], [135.22224612, 34.88984948], [135.22292217, 34.88947139], [135.22418257, 34.88940267], [135.22377004, 34.89041095], [135.22451478, 34.89153384], [135.22642834, 34.89019332], [135.22706993, 34.89201513], [135.22716156, 34.89300051], [135.22711573, 34.893138], [135.22497301, 34.89427228], [135.22490426, 34.89457018], [135.22524796, 34.89567014], [135.22524793, 34.89672426], [135.22517917, 34.89702216], [135.22498437, 34.89740027], [135.22468645, 34.8976065], [135.22429686, 34.89782419], [135.22311665, 34.89863767], [135.22263539, 34.89909598], [135.22234892, 34.8996574], [135.22239474, 34.89989802], [135.22250931, 34.90024176], [135.22308219, 34.90098653], [135.2234603, 34.90122715], [135.2241707, 34.90151362], [135.22598113, 34.9001158], [135.22580935, 34.8975607], [135.22583227, 34.89727425], [135.22608436, 34.89703364], [135.22633645, 34.89685032], [135.22692082, 34.89664409], [135.22776873, 34.8964837], [135.22802081, 34.89643788], [135.22799796, 34.89445567], [135.22890317, 34.89385988], [135.22946463, 34.89361928], [135.23034691, 34.8936193], [135.23497608, 34.89121326], [135.23479277, 34.8905487], [135.23487299, 34.89028517], [135.23533132, 34.89014769], [135.23550319, 34.89017061], [135.23564068, 34.89053726], [135.23631672, 34.89029666], [135.23638548, 34.88991856], [135.23646569, 34.88976961], [135.23683237, 34.88924255], [135.23698134, 34.88883007], [135.23703866, 34.88795928], [135.23625951, 34.8878676], [135.23604181, 34.88764989], [135.23551473, 34.88768426], [135.23549181, 34.8878905], [135.2351366, 34.88801653], [135.23355553, 34.88346772], [135.23192847, 34.88375413], [135.23142433, 34.88310102], [135.2311608, 34.88279166], [135.23096602, 34.88252812], [135.23051687, 34.88210805], [135.23007428, 34.88192363], [135.2293981, 34.88172692], [135.22879569, 34.8815302], [135.2281318, 34.88133348], [135.22751709, 34.88119823], [135.22681632, 34.88096463], [135.22625079, 34.88089085], [135.22535331, 34.88059578], [135.22444354, 34.88032529], [135.2236813, 34.88014086], [135.22336165, 34.88007938], [135.22299283, 34.87993185], [135.22268548, 34.87971055], [135.22229207, 34.87930484], [135.22180032, 34.87880077], [135.22135774, 34.87827212], [135.22085369, 34.87779264], [135.22036193, 34.87737464], [135.22016805, 34.87718852]]]}}, {"type": "Feature", "id": "did-1980-9", "properties": {"A16_001": "282172", "A16_002": "28217", "A16_003": "川西市", "A16_004": "2", "A16_005": "36716", "A16_006": "5.8", "A16_007": "22112", "A16_008": "3.8", "A16_009": "28.3", "A16_010": "10.8", "A16_011": "1980", "year": 1980, "population": 36716.0, "areaKm2": 5.8, "density": 6330.344827586207}, "geometry": {"type": "Polygon", "coordinates": [[[135.40608231, 34.89531877], [135.40586482, 34.89549786], [135.40567293, 34.89535714], [135.40542987, 34.89525735], [135.40526613, 34.89515501], [135.40468277, 34.8952164], [135.40423245, 34.8953392], [135.40362862, 34.89554387], [135.40354673, 34.89598393], [135.40356719, 34.89634212], [135.40354783, 34.89661457], [135.40353647, 34.89684359], [135.40355693, 34.89721201], [135.40349551, 34.89751903], [135.40327035, 34.89776464], [135.40283026, 34.89808189], [135.40265626, 34.89845031], [135.40255391, 34.89890061], [135.40287117, 34.89889038], [135.40303492, 34.89890062], [135.403475, 34.89883922], [135.40381273, 34.89886993], [135.40400717, 34.89901321], [135.40420703, 34.89914987], [135.40443701, 34.89919744], [135.40465193, 34.89932025], [135.40488731, 34.89941236], [135.40504082, 34.899484], [135.40529668, 34.89961705], [135.40556317, 34.89956937], [135.40621221, 34.89944983], [135.4069125, 34.89927905], [135.40705699, 34.89923843], [135.40713887, 34.89904399], [135.40698539, 34.89817409], [135.4068626, 34.89753958], [135.40686134, 34.89683668], [135.40653515, 34.89616821], [135.40631001, 34.8955644], [135.40686139, 34.89540199], [135.40836712, 34.89510391], [135.40850016, 34.8953393], [135.40863319, 34.89591241], [135.40817264, 34.89608637], [135.40809076, 34.89622965], [135.40830566, 34.89680276], [135.40829541, 34.8973554], [135.40794744, 34.89726328], [135.40775299, 34.89733492], [135.40826467, 34.89838904], [135.40843865, 34.89835834], [135.40866382, 34.89803085], [135.4087764, 34.89797969], [135.40949277, 34.89873702], [135.41028082, 34.89874727], [135.41038316, 34.8986347], [135.41063904, 34.89807184], [135.41056741, 34.89788762], [135.41034225, 34.89779551], [135.41007617, 34.89747825], [135.40938032, 34.89505276], [135.4113351, 34.89430572], [135.41148861, 34.89451041], [135.41180586, 34.89499142], [135.41377085, 34.89466397], [135.41354572, 34.89408063], [135.41486594, 34.89426487], [135.41495806, 34.89400902], [135.41510134, 34.89386575], [135.41596508, 34.89389921], [135.41695572, 34.89376259], [135.41844797, 34.89359974], [135.41943233, 34.8935577], [135.4203888, 34.89388223], [135.42139104, 34.89424229], [135.42209678, 34.89451421], [135.42259209, 34.89471918], [135.42271564, 34.89475629], [135.42301243, 34.89473582], [135.42318642, 34.89466419], [135.42371937, 34.89456549], [135.42431718, 34.89442886], [135.42494914, 34.89442888], [135.42581663, 34.89477683], [135.42602132, 34.89493034], [135.42599059, 34.89563649], [135.4274336, 34.89630174], [135.4276383, 34.89594355], [135.42813977, 34.89641433], [135.42842633, 34.89632223], [135.42842634, 34.89618918], [135.42834447, 34.89580029], [135.42819096, 34.89566724], [135.42835473, 34.89521695], [135.42980808, 34.89301666], [135.43000253, 34.89298597], [135.43026862, 34.89304738], [135.4304597, 34.89285128], [135.4304525, 34.89274083], [135.43046258, 34.89272527], [135.43056339, 34.89256959], [135.43019277, 34.8922599], [135.4299195, 34.89188414], [135.42978288, 34.89147423], [135.42966333, 34.89097892], [135.42939007, 34.89034697], [135.42892804, 34.88973152], [135.42874382, 34.8896394], [135.42821164, 34.88972126], [135.42773061, 34.8899771], [135.42754641, 34.88968031], [135.42749524, 34.88951657], [135.42718822, 34.8891686], [135.42704495, 34.88901509], [135.42687097, 34.88886157], [135.4267584, 34.88876947], [135.42628764, 34.88823728], [135.42601132, 34.88788932], [135.42566337, 34.88742878], [135.42537682, 34.88703988], [135.42519261, 34.88685566], [135.42496748, 34.88625185], [135.42479351, 34.88576061], [135.42480375, 34.8856071], [135.42475259, 34.88516704], [135.42476285, 34.88463487], [135.4235859, 34.88455297], [135.42367804, 34.88386729], [135.42367804, 34.88373425], [135.42356604, 34.8833613], [135.42337104, 34.88284388], [135.4232073, 34.88259826], [135.42319708, 34.88210702], [135.42290029, 34.88205584], [135.42246022, 34.88200466], [135.42195873, 34.88206606], [135.42165172, 34.88158505], [135.42130375, 34.88164645], [135.42108883, 34.88177948], [135.42032124, 34.88207625], [135.41972767, 34.88161571], [135.41909316, 34.88117563], [135.41945138, 34.8805923], [135.42035204, 34.87924142], [135.42027017, 34.87915955], [135.4198301, 34.87904697], [135.41933886, 34.87889344], [135.41861299, 34.87880095], [135.41825404, 34.87841242], [135.41769117, 34.87768579], [135.41724088, 34.87722525], [135.41704643, 34.87704103], [135.4169134, 34.87684658], [135.41656545, 34.8763451], [135.41628678, 34.87651224], [135.41621747, 34.87660095], [135.41581193, 34.87700753], [135.4156955, 34.8770717], [135.41522471, 34.87751175], [135.41476417, 34.87755268], [135.4144469, 34.87757314], [135.41418081, 34.87755267], [135.41402731, 34.87703073], [135.41391606, 34.87688366], [135.4137817, 34.87662136], [135.41418085, 34.87643715], [135.41418086, 34.87624271], [135.41402735, 34.87598685], [135.41394548, 34.87578217], [135.41385338, 34.87551608], [135.41379198, 34.87535234], [135.41379199, 34.87506578], [135.41386364, 34.87484064], [135.41399669, 34.87461549], [135.4135771, 34.87431869], [135.41335195, 34.87403214], [135.41340313, 34.87371488], [135.4135976, 34.87325435], [135.41390464, 34.8729064], [135.41396744, 34.87272053], [135.4143652, 34.87243565], [135.4146313, 34.87212863], [135.41496905, 34.87189326], [135.41487694, 34.87168858], [135.41447781, 34.87150435], [135.4142629, 34.87138154], [135.41376142, 34.87117685], [135.41366932, 34.87105404], [135.41383308, 34.87067538], [135.4136591, 34.87051163], [135.41318832, 34.87052186], [135.41278918, 34.87059348], [135.41263566, 34.87071629], [135.4124412, 34.8709005], [135.41227746, 34.87075722], [135.41222629, 34.87060371], [135.41221607, 34.87033762], [135.4120421, 34.86999989], [135.41182719, 34.8697338], [135.41168391, 34.86964169], [135.41148946, 34.86947794], [135.41139736, 34.86932443], [135.41149971, 34.86906858], [135.41188861, 34.86908906], [135.41220587, 34.86914024], [135.41230822, 34.86921188], [135.4124515, 34.86923235], [135.41254993, 34.86903131], [135.41280971, 34.8688537], [135.41240035, 34.86843409], [135.41230825, 34.86830105], [135.41260762, 34.86786611], [135.41249248, 34.86778935], [135.41189125, 34.86685548], [135.41149467, 34.8668043], [135.41135396, 34.86651007], [135.41160983, 34.86621585], [135.41190407, 34.86601117], [135.41182734, 34.86530758], [135.41196807, 34.86509011], [135.41212158, 34.86502615], [135.412467, 34.86477031], [135.4131706, 34.86489825], [135.41320899, 34.86471915], [135.4135672, 34.86439935], [135.41389981, 34.86443773], [135.41439873, 34.86465522], [135.41549888, 34.8657554], [135.41622803, 34.8671626], [135.4163759, 34.86754548], [135.41645828, 34.86775106], [135.41663737, 34.8680325], [135.41682924, 34.868557], [135.41708508, 34.86910709], [135.41717462, 34.86954204], [135.4177631, 34.86942692], [135.41792941, 34.86936296], [135.41782764, 34.86911683], [135.4177081, 34.86867276], [135.41760963, 34.86799415], [135.41764802, 34.86780226], [135.41769106, 34.86754551], [135.41775038, 34.86716264], [135.41768643, 34.86681724], [135.41749454, 34.86659976], [135.41732825, 34.86625436], [135.41721312, 34.86603688], [135.41736664, 34.86580662], [135.41753331, 34.86550484], [135.41773766, 34.86507745], [135.41776325, 34.86484719], [135.41795517, 34.86399009], [135.41860761, 34.86411803], [135.41868179, 34.86493236], [135.41844125, 34.86547404], [135.41847963, 34.86565313], [135.41867151, 34.86583223], [135.41956701, 34.86596018], [135.42171623, 34.865666], [135.42154995, 34.86473214], [135.4202067, 34.8645786], [135.42028348, 34.86405411], [135.42021952, 34.86375988], [135.41989969, 34.86396455], [135.41964384, 34.86393896], [135.41958707, 34.86351478], [135.41946478, 34.86267249], [135.41928569, 34.86223754], [135.41919615, 34.8619561], [135.41933689, 34.86155954], [135.41952879, 34.86123973], [135.42055222, 34.86134209], [135.42089765, 34.86072806], [135.42193387, 34.86075367], [135.42188271, 34.86049781], [135.4215629, 34.86015241], [135.42128148, 34.85952557], [135.42096166, 34.85932088], [135.41992542, 34.85978139], [135.41674, 34.85952546], [135.41649691, 34.86021625], [135.41644573, 34.86043372], [135.41618986, 34.86084308], [135.41551184, 34.86083027], [135.41436048, 34.860907], [135.41356732, 34.86095815], [135.41349057, 34.86057437], [135.41285093, 34.86063832], [135.41230083, 34.8606511], [135.4120066, 34.86061272], [135.41123505, 34.86069646], [135.4098345, 34.86061103], [135.40877758, 34.86064039], [135.40783613, 34.86071346], [135.40701629, 34.86071345], [135.40631376, 34.86056142], [135.40568692, 34.86036951], [135.40522638, 34.8602032], [135.40452278, 34.85994733], [135.40358891, 34.8596147], [135.40347376, 34.85989614], [135.40328186, 34.86016478], [135.40357609, 34.86045901], [135.40351487, 34.86137947], [135.40324021, 34.86227874], [135.40371993, 34.86264654], [135.40316019, 34.86419763], [135.40317617, 34.86446947], [135.40341602, 34.86515707], [135.40338403, 34.86526901], [135.40274439, 34.8652562], [135.40251412, 34.8652434], [135.40232221, 34.865576], [135.4017977, 34.86557855], [135.4015623, 34.86593674], [135.40149065, 34.86613886], [135.40091494, 34.86714946], [135.40056951, 34.86789142], [135.40051833, 34.86800655], [135.39950767, 34.86860777], [135.39905991, 34.86897875], [135.39897034, 34.8694009], [135.39903428, 34.870258], [135.3991494, 34.87059061], [135.39877838, 34.87149887], [135.39900864, 34.87172914], [135.3996227, 34.8718315], [135.40030072, 34.87199782], [135.40024953, 34.87247114], [135.40022392, 34.87298284], [135.40036463, 34.87334615], [135.40055652, 34.87343059], [135.40081238, 34.87352014], [135.40095309, 34.87373762], [135.40067164, 34.87417256], [135.40059998, 34.87452307], [135.40035436, 34.87446166], [135.39984009, 34.87432605], [135.39949468, 34.87433884], [135.39889342, 34.87438999], [135.39862477, 34.87415972], [135.39840732, 34.87353288], [135.39826661, 34.87299559], [135.39810287, 34.87279346], [135.39755023, 34.87257342], [135.39659077, 34.87224079], [135.39625815, 34.87227916], [135.39564059, 34.87333497], [135.39546238, 34.87377587], [135.3951451, 34.8742978], [135.3946328, 34.87528201], [135.39417161, 34.87613598], [135.39381291, 34.87690455], [135.39362008, 34.87752149], [135.39337445, 34.87786944], [135.39294458, 34.87847324], [135.39253519, 34.87912821], [135.3923919, 34.87946593], [135.39220729, 34.87982511], [135.39221534, 34.88000577], [135.39237808, 34.88013255], [135.39266843, 34.88026919], [135.39323207, 34.88030336], [135.39376155, 34.88033753], [135.39429103, 34.8804571], [135.39468386, 34.88062791], [135.39507669, 34.88090119], [135.39534955, 34.8812723], [135.395631, 34.88116997], [135.39588687, 34.88070944], [135.39588689, 34.88024891], [135.39609158, 34.87996748], [135.39815122, 34.88038968], [135.39818952, 34.88274351], [135.4003899, 34.8828587], [135.4004027, 34.88261564], [135.40140053, 34.88302502], [135.40163536, 34.88228478], [135.40186112, 34.88157948], [135.40161806, 34.88143875], [135.40149013, 34.88137479], [135.40168664, 34.88098674], [135.40163087, 34.88086309], [135.4017716, 34.88060724], [135.40150296, 34.88041534], [135.40163089, 34.88026184], [135.40193793, 34.88006996], [135.40251362, 34.87991646], [135.40275668, 34.87996763], [135.40289741, 34.87977575], [135.40296138, 34.87962224], [135.40319166, 34.87943036], [135.40335797, 34.87927685], [135.40353707, 34.87913614], [135.4038569, 34.87900822], [135.40421456, 34.87885186], [135.40490593, 34.87853492], [135.40493152, 34.87835582], [135.40504667, 34.87803601], [135.40522577, 34.87797205], [135.40549558, 34.87799791], [135.4059038, 34.87799765], [135.40651785, 34.87801046], [135.40647949, 34.87752434], [135.40655626, 34.87711498], [135.40677376, 34.87660329], [135.40710639, 34.87620673], [135.40757942, 34.87576054], [135.4080275, 34.87557991], [135.40821939, 34.87551595], [135.40865435, 34.87560551], [135.40884334, 34.87565809], [135.40919163, 34.87605326], [135.40917883, 34.87653938], [135.4095754, 34.87661614], [135.41015108, 34.8765394], [135.41031739, 34.87653941], [135.41093146, 34.87637312], [135.41116173, 34.8764115], [135.41095703, 34.87678248], [135.41111054, 34.87682086], [135.41164443, 34.87675124], [135.41183974, 34.87684646], [135.41201883, 34.87693601], [135.41235144, 34.87725584], [135.41268404, 34.87770358], [135.41304224, 34.87767801], [135.41336206, 34.87763964], [135.4136563, 34.87769081], [135.41379702, 34.87767802], [135.4140145, 34.87763965], [135.41408683, 34.87775899], [135.41410404, 34.87797226], [135.41409123, 34.87829207], [135.41406564, 34.87853513], [135.41366904, 34.87909799], [135.41476997, 34.87941573], [135.41546002, 34.87981442], [135.41560075, 34.87977604], [135.41630435, 34.87995516], [135.41656019, 34.88055641], [135.4170975, 34.88023661], [135.4172254, 34.88086345], [135.41731494, 34.88127281], [135.41735331, 34.88157983], [135.4173533, 34.88193803], [135.41689274, 34.88223224], [135.41666246, 34.88242413], [135.41636822, 34.8826288], [135.41613794, 34.88291023], [135.41599722, 34.88285906], [135.41589488, 34.88269275], [135.41560252, 34.88251995], [135.41470516, 34.88224499], [135.41402715, 34.88177165], [135.41317005, 34.88111921], [135.41244087, 34.88059469], [135.41182679, 34.88127268], [135.41139184, 34.8810552], [135.41095687, 34.88140059], [135.41206983, 34.88214258], [135.41276296, 34.88266933], [135.41330233, 34.88310351], [135.41395853, 34.88352334], [135.41457768, 34.88373685], [135.41480745, 34.88384406], [135.41424454, 34.88444529], [135.41346415, 34.88518724], [135.41299773, 34.88506047], [135.41216543, 34.88497267], [135.41124705, 34.884484], [135.41062416, 34.88435566], [135.41024361, 34.88416373], [135.41004848, 34.88412538], [135.40991363, 34.88413093], [135.40956042, 34.88386483], [135.40910182, 34.88367762], [135.4089483, 34.88397185], [135.4089355, 34.88420211], [135.40884594, 34.88450913], [135.4069398, 34.88447071], [135.40644088, 34.88440674], [135.40619784, 34.88366476], [135.40601875, 34.88338332], [135.40571172, 34.8832426], [135.40449641, 34.8830123], [135.40429172, 34.88308905], [135.40411262, 34.8831786], [135.4041254, 34.88340886], [135.40425333, 34.883524], [135.4048418, 34.88357518], [135.40527675, 34.88379267], [135.40550701, 34.88395897], [135.40557097, 34.88407411], [135.40563493, 34.88424041], [135.40594195, 34.88470095], [135.40599306, 34.88654308], [135.40621054, 34.88649192], [135.40653037, 34.88622328], [135.40686298, 34.88628725], [135.40795035, 34.88715717], [135.40829575, 34.8872851], [135.40907612, 34.88725954], [135.40924241, 34.88764332], [135.41063683, 34.88775848], [135.41112296, 34.88775849], [135.4109055, 34.88731075], [135.40943432, 34.88728513], [135.40951108, 34.88710603], [135.40969019, 34.88687577], [135.41015074, 34.88660714], [135.41004842, 34.88594192], [135.41051684, 34.88580338], [135.41073925, 34.88571167], [135.4113196, 34.88561552], [135.41222485, 34.88551306], [135.41275432, 34.88568387], [135.41306755, 34.88582686], [135.41315709, 34.88596758], [135.41254301, 34.88672233], [135.41185217, 34.88724681], [135.41219757, 34.88760501], [135.41267091, 34.88741313], [135.41311295, 34.88727228], [135.41361759, 34.88727243], [135.41370714, 34.88737478], [135.4137711, 34.88757946], [135.41384784, 34.88792486], [135.41379666, 34.88809116], [135.41357917, 34.88842376], [135.41324655, 34.88856447], [135.41293952, 34.88861563], [135.41278602, 34.88841095], [135.41267088, 34.88842374], [135.41258133, 34.88846212], [135.4122615, 34.88869237], [135.41198007, 34.8882958], [135.41181376, 34.88832138], [135.41144276, 34.88837254], [135.41114853, 34.88827019], [135.41094375, 34.8882116], [135.4103042, 34.88833414], [135.40986924, 34.88825737], [135.40967735, 34.8882062], [135.40910168, 34.88802709], [135.40848151, 34.8880223], [135.40819338, 34.88795031], [135.40787357, 34.88773283], [135.40734905, 34.88815497], [135.40715714, 34.88856433], [135.40728506, 34.88874343], [135.4072083, 34.8889609], [135.40722108, 34.88921675], [135.40702918, 34.88956215], [135.40679889, 34.89004826], [135.40645347, 34.89027852], [135.40645346, 34.89054716], [135.406543, 34.89094373], [135.40645343, 34.89140426], [135.40640225, 34.89173687], [135.40633828, 34.89194155], [135.40626151, 34.89222298], [135.40628077, 34.8926351], [135.40676041, 34.8928882], [135.40687554, 34.89302892], [135.40728847, 34.89321582], [135.40770707, 34.89348948], [135.40811643, 34.89368137], [135.4079204, 34.89389902], [135.40777102, 34.89391163], [135.40759191, 34.89392442], [135.4069011, 34.89389882], [135.40645336, 34.89369413], [135.40605678, 34.89346385], [135.4056317, 34.89333534], [135.40523805, 34.89328474], [135.40534038, 34.8935278], [135.40541713, 34.8936941], [135.40551946, 34.89409068], [135.40564738, 34.89433374], [135.4057881, 34.89448725], [135.40589043, 34.89484544], [135.40608231, 34.89531877]]]}}, {"type": "Feature", "id": "did-1980-11", "properties": {"A16_001": "282173", "A16_002": "28217", "A16_003": "川西市", "A16_004": "3", "A16_005": "9980", "A16_006": "1.1", "A16_007": "0", "A16_008": "0.0", "A16_009": "7.7", "A16_010": "2.0", "A16_011": "1980", "year": 1980, "population": 9980.0, "areaKm2": 1.1, "density": 9072.727272727272}, "geometry": {"type": "Polygon", "coordinates": [[[135.38285083, 34.87727341], [135.38313584, 34.87733308], [135.38327111, 34.87736139], [135.38353195, 34.87745083], [135.38367639, 34.87750444], [135.38374861, 34.87766556], [135.38372722, 34.87780278], [135.38372375, 34.87782283], [135.38368389, 34.87805333], [135.38363305, 34.87818583], [135.38339811, 34.87847881], [135.38335084, 34.87853778], [135.38327111, 34.87870472], [135.38321334, 34.87893139], [135.38319166, 34.87917611], [135.38317, 34.87931333], [135.383065, 34.87947806], [135.382995, 34.87958777], [135.38296, 34.8796425], [135.38292291, 34.87967692], [135.38282139, 34.87977111], [135.38278639, 34.87980361], [135.38278264, 34.87980311], [135.38243166, 34.87975583], [135.38231584, 34.87986333], [135.38220139, 34.8800375], [135.38196972, 34.88027], [135.38192611, 34.88033639], [135.38187555, 34.88041333], [135.38178889, 34.88063528], [135.38169472, 34.88083194], [135.38158815, 34.88086719], [135.38157162, 34.88095217], [135.38163558, 34.88105451], [135.38231361, 34.88105453], [135.3823264, 34.88113128], [135.38160997, 34.88173252], [135.38126456, 34.88205232], [135.38152041, 34.8822826], [135.38161955, 34.88218665], [135.38224322, 34.88173893], [135.38294684, 34.88161102], [135.38411419, 34.88164303], [135.38508964, 34.88181895], [135.38550539, 34.88215476], [135.3858412, 34.88233067], [135.38622499, 34.88233068], [135.38681667, 34.88193092], [135.3871365, 34.88172305], [135.38758426, 34.88159514], [135.3878721, 34.88159514], [135.38795206, 34.88140326], [135.38801604, 34.88090755], [135.388112, 34.88045981], [135.38860773, 34.88028392], [135.38934335, 34.87961233], [135.38969516, 34.87938847], [135.38996702, 34.87914862], [135.38945532, 34.87857294], [135.3902069, 34.87852498], [135.39027091, 34.87734167], [135.38910356, 34.8772457], [135.38903965, 34.8757106], [135.38779236, 34.87510292], [135.38603337, 34.8743833], [135.38777647, 34.87233013], [135.38860799, 34.87272672], [135.38949068, 34.87321286], [135.38955466, 34.87299539], [135.3896698, 34.87282909], [135.39010475, 34.87286748], [135.39025826, 34.87307216], [135.39046294, 34.87327685], [135.39091069, 34.87334082], [135.39132005, 34.87359668], [135.39171663, 34.8737502], [135.39189573, 34.873763], [135.39213878, 34.87405723], [135.39243301, 34.87421075], [135.39262491, 34.87426192], [135.39290635, 34.874134], [135.39330293, 34.87414681], [135.39359716, 34.87427474], [135.39386581, 34.8745178], [135.3940449, 34.87474807], [135.39423679, 34.87477366], [135.39455663, 34.87422359], [135.39449269, 34.87366072], [135.39454386, 34.87353279], [135.39467179, 34.87353279], [135.39490206, 34.87372469], [135.39502999, 34.87368631], [135.3958104, 34.87225357], [135.3964117, 34.87144765], [135.3967827, 34.87111505], [135.39735841, 34.87038589], [135.39738401, 34.86992536], [135.39698745, 34.86931131], [135.39637341, 34.86886355], [135.39615593, 34.86872283], [135.39573377, 34.86869723], [135.39565701, 34.86877399], [135.3956314, 34.8692601], [135.39582329, 34.8694392], [135.39614311, 34.86952876], [135.39604076, 34.86987416], [135.39588724, 34.8699637], [135.39504291, 34.86987413], [135.39422417, 34.86987411], [135.39392994, 34.8697078], [135.39371246, 34.86972059], [135.39297046, 34.87009156], [135.39229244, 34.86983569], [135.39210056, 34.86960542], [135.39215173, 34.86940074], [135.39280418, 34.86923445], [135.39299608, 34.8688123], [135.39343106, 34.86844133], [135.39378926, 34.86831341], [135.39464638, 34.86832623], [135.39573378, 34.86844138], [135.39538838, 34.86800643], [135.39455685, 34.86786569], [135.39444172, 34.86778893], [135.39442895, 34.86711093], [135.39377652, 34.86690623], [135.39344391, 34.86672713], [135.39236927, 34.86771213], [135.39028396, 34.86972051], [135.38855687, 34.87131954], [135.38771251, 34.87218942], [135.38612622, 34.8712939], [135.38471903, 34.87048794], [135.38323508, 34.86974593], [135.38322229, 34.86960522], [135.38429693, 34.86851787], [135.38434811, 34.86837716], [135.38390037, 34.86790382], [135.38347822, 34.86752004], [135.38228847, 34.86781424], [135.38198144, 34.86792936], [135.38177674, 34.86813404], [135.38146971, 34.8681852], [135.38103476, 34.86794213], [135.38083007, 34.86809564], [135.38072771, 34.86870968], [135.38061254, 34.86959236], [135.38027992, 34.86972028], [135.37987054, 34.87000171], [135.38021593, 34.87043666], [135.38016475, 34.87079485], [135.38030547, 34.87078206], [135.38070205, 34.87094838], [135.38052293, 34.87139611], [135.38081716, 34.87158801], [135.38166148, 34.8718055], [135.38169986, 34.87188226], [135.38153352, 34.87272656], [135.3824674, 34.87277775], [135.38320939, 34.87280335], [135.38340128, 34.87288011], [135.38340126, 34.87343019], [135.38281279, 34.87349414], [135.38283836, 34.87371162], [135.38322213, 34.87440242], [135.3827232, 34.87464547], [135.38231382, 34.87482456], [135.3820068, 34.87442798], [135.38146949, 34.87473499], [135.38082984, 34.87496524], [135.38082983, 34.87508037], [135.38106009, 34.87547695], [135.38107287, 34.87592469], [135.38117783, 34.87657531], [135.38138055, 34.87670639], [135.38165416, 34.87682083], [135.38174941, 34.87686339], [135.38200166, 34.87697611], [135.38232723, 34.87710723], [135.38275722, 34.87725389], [135.38277084, 34.87725667], [135.3828457, 34.87727233], [135.38285083, 34.87727341]]]}}, {"type": "Feature", "id": "did-1980-13", "properties": {"A16_001": "282171", "A16_002": "28217", "A16_003": "川西市", "A16_004": "1", "A16_005": "66651", "A16_006": "8.0", "A16_007": "67473", "A16_008": "7.5", "A16_009": "51.3", "A16_010": "14.9", "A16_011": "1980", "year": 1980, "population": 66651.0, "areaKm2": 8.0, "density": 8331.375}, "geometry": {"type": "Polygon", "coordinates": [[[135.42374028, 34.80205333], [135.42373889, 34.80204611], [135.42369222, 34.80179222], [135.42363566, 34.80147077], [135.42363445, 34.80146389], [135.4233398, 34.80143506], [135.42327695, 34.80142889], [135.423085, 34.80141028], [135.42285361, 34.80141639], [135.42247028, 34.80148778], [135.42209416, 34.80160722], [135.42194055, 34.80163389], [135.42172013, 34.80167236], [135.42165009, 34.80168458], [135.42158084, 34.80169667], [135.42145361, 34.80170694], [135.42143611, 34.80170833], [135.42128166, 34.80172111], [135.42117673, 34.80172955], [135.42114, 34.8017325], [135.42112786, 34.80173469], [135.42111598, 34.80173683], [135.42102445, 34.80175333], [135.4206864, 34.80178115], [135.42051805, 34.801795], [135.42009139, 34.80180694], [135.41977334, 34.801795], [135.41968936, 34.80179658], [135.41937889, 34.8018025], [135.41914973, 34.80180694], [135.41910286, 34.80180781], [135.41903135, 34.80180914], [135.41895555, 34.80181056], [135.41882611, 34.80181306], [135.41855861, 34.80181889], [135.41831528, 34.80180639], [135.41821166, 34.80180111], [135.41773445, 34.80178028], [135.41758584, 34.80175861], [135.41716305, 34.80169667], [135.41701916, 34.80167667], [135.41678, 34.80164306], [135.41651945, 34.80164889], [135.41595695, 34.80164444], [135.41580361, 34.80164306], [135.41578527, 34.80164194], [135.41501584, 34.80159527], [135.41486778, 34.80159306], [135.41461084, 34.80158917], [135.41439222, 34.80157694], [135.41423528, 34.80156806], [135.41415834, 34.80156361], [135.41399528, 34.80155444], [135.41395688, 34.80155229], [135.41341166, 34.80152167], [135.4133575, 34.80151861], [135.41317916, 34.80150861], [135.41308187, 34.80149738], [135.41302539, 34.80149086], [135.41301555, 34.80148973], [135.41287916, 34.80147389], [135.41266555, 34.80144917], [135.41231041, 34.80146751], [135.41220305, 34.80147306], [135.41178361, 34.80152056], [135.4116425, 34.80153361], [135.41153139, 34.80154389], [135.41148611, 34.80154806], [135.41143861, 34.80155222], [135.41130611, 34.80156444], [135.41118139, 34.80157611], [135.41108361, 34.801585], [135.41106347, 34.80158689], [135.41102139, 34.80159083], [135.41087805, 34.80160389], [135.41074398, 34.80161619], [135.41069945, 34.80162028], [135.41058361, 34.80163111], [135.4102563, 34.80166122], [135.41017148, 34.80166903], [135.41006722, 34.80167861], [135.40990361, 34.80169361], [135.40944111, 34.80159833], [135.40933195, 34.80158333], [135.40900723, 34.80153861], [135.40869916, 34.80145528], [135.40860945, 34.80143111], [135.40843778, 34.801395], [135.408315, 34.80136944], [135.40777611, 34.80125639], [135.40768389, 34.80123722], [135.40756834, 34.8012075], [135.40727889, 34.80117778], [135.40712, 34.80115972], [135.40680584, 34.80114278], [135.40667916, 34.80113583], [135.40630305, 34.80111194], [135.40615834, 34.80105833], [135.4059775, 34.80104056], [135.405645, 34.80097473], [135.40542805, 34.80087333], [135.405305, 34.80074222], [135.40509611, 34.80063222], [135.40503429, 34.80059969], [135.40503384, 34.80059945], [135.40503342, 34.80059923], [135.40496945, 34.80056556], [135.40480611, 34.80047973], [135.40447361, 34.80043194], [135.40421334, 34.80044389], [135.404105, 34.80048556], [135.40402555, 34.80061083], [135.40390972, 34.80078389], [135.40387361, 34.80090917], [135.40381305, 34.80101333], [135.40378916, 34.80105417], [135.40370722, 34.80119528], [135.40350639, 34.80157723], [135.40346861, 34.80164861], [135.40339639, 34.80179194], [135.40332945, 34.80190667], [135.40328611, 34.80198083], [135.40325139, 34.80204056], [135.40320805, 34.80211473], [135.40318428, 34.80215553], [135.40317084, 34.80217861], [135.40311639, 34.80227194], [135.403085, 34.80232556], [135.4030275, 34.80242417], [135.40278889, 34.80291917], [135.4026625, 34.80318], [135.4026275, 34.80325194], [135.40258166, 34.80334611], [135.4025675, 34.80337556], [135.40241305, 34.80369417], [135.40239666, 34.80372778], [135.40231889, 34.80388833], [135.40225431, 34.80401304], [135.40199166, 34.80452028], [135.40195139, 34.80459806], [135.40177945, 34.80492972], [135.40173528, 34.80501528], [135.4016825, 34.80511722], [135.40145111, 34.80555556], [135.40138139, 34.80569306], [135.40132111, 34.80581194], [135.40123639, 34.80613194], [135.40118445, 34.80632806], [135.40116334, 34.80640861], [135.4011475, 34.80646806], [135.40106805, 34.80682], [135.40091775, 34.80738033], [135.40088722, 34.80749417], [135.40078841, 34.80780525], [135.40078584, 34.80781333], [135.40064861, 34.80834389], [135.40064861, 34.80834389], [135.4010275, 34.80848694], [135.40123416, 34.80856472], [135.40128308, 34.8085822], [135.4014075, 34.80862668], [135.40178388, 34.80876139], [135.40190992, 34.80881169], [135.40220551, 34.80892965], [135.40244166, 34.80902389], [135.40255916, 34.80907194], [135.40309334, 34.80928972], [135.40369972, 34.80953694], [135.40382916, 34.80982694], [135.40385685, 34.80988908], [135.40391666, 34.81002333], [135.40389499, 34.81054222], [135.40357695, 34.81054807], [135.40342499, 34.81051833], [135.40320084, 34.8105125], [135.4030833, 34.81059564], [135.40296445, 34.81067972], [135.40277889, 34.81081139], [135.40238666, 34.81108972], [135.40200831, 34.811358], [135.40183861, 34.81147833], [135.40168043, 34.81159051], [135.40165334, 34.81160972], [135.40155945, 34.81205722], [135.40148695, 34.81228972], [135.40129195, 34.81281778], [135.40141027, 34.81284583], [135.40192, 34.81296668], [135.40219584, 34.81303222], [135.40205, 34.81316806], [135.40197166, 34.81324083], [135.40192529, 34.81333789], [135.40190584, 34.81337861], [135.40186305, 34.81346778], [135.40176916, 34.81358694], [135.40169666, 34.81377778], [135.4016475, 34.81388472], [135.40161723, 34.81395083], [135.40151612, 34.81417167], [135.40139306, 34.81441611], [135.40129916, 34.81461807], [135.40126278, 34.81469639], [135.40110388, 34.81506333], [135.40104278, 34.81525139], [135.400912, 34.81565292], [135.40090861, 34.81566333], [135.40086528, 34.81579694], [135.40086387, 34.81581855], [135.40084362, 34.81613083], [135.40085084, 34.81630389], [135.40082916, 34.81665583], [135.40076389, 34.81682889], [135.40076388, 34.81702583], [135.40070166, 34.81731807], [135.40070112, 34.81732057], [135.40066278, 34.8175], [135.40063551, 34.81766308], [135.40063551, 34.81766308], [135.40063389, 34.81767278], [135.40063723, 34.81775472], [135.40064445, 34.81792667], [135.40064834, 34.81802472], [135.40064195, 34.81820777], [135.40063861, 34.8183], [135.40063584, 34.81838444], [135.40063278, 34.81846972], [135.40063112, 34.81851694], [135.40062806, 34.81860319], [135.4006275, 34.81861889], [135.40061945, 34.81884777], [135.40057917, 34.8190402], [135.40056695, 34.81909861], [135.40053499, 34.81925111], [135.40050777, 34.81938], [135.40049666, 34.81943306], [135.40046749, 34.81957277], [135.40046712, 34.81957394], [135.40038084, 34.81984111], [135.40035834, 34.81993361], [135.40034973, 34.81996833], [135.40034462, 34.81998914], [135.40032666, 34.82006222], [135.40031805, 34.82009722], [135.40030777, 34.82013944], [135.40027862, 34.82025777], [135.40026834, 34.8203], [135.40026027, 34.8203325], [135.40023612, 34.82043139], [135.40021945, 34.82051917], [135.40021223, 34.8205575], [135.40020723, 34.82058361], [135.40016389, 34.82081306], [135.40017806, 34.82096472], [135.40018223, 34.82101111], [135.40019, 34.82109389], [135.40019834, 34.82118583], [135.40020223, 34.82122722], [135.40020723, 34.82128139], [135.40023195, 34.82134389], [135.40027499, 34.82145307], [135.40028133, 34.8214691], [135.40028728, 34.82148414], [135.4003075, 34.82153528], [135.40032556, 34.82158111], [135.40033555, 34.82160639], [135.40040972, 34.82179444], [135.40041723, 34.82180694], [135.40042798, 34.82182528], [135.40046999, 34.82189694], [135.40049473, 34.82193889], [135.40054889, 34.82203111], [135.40059749, 34.82211333], [135.40064834, 34.8222], [135.40080916, 34.82227139], [135.40085084, 34.82228972], [135.40125528, 34.82240889], [135.40128723, 34.82245194], [135.40135666, 34.82254611], [135.40136389, 34.82273667], [135.40133499, 34.82286194], [135.401295, 34.8229425], [135.40126499, 34.82300277], [135.4012265, 34.8230803], [135.40121135, 34.8231108], [135.40120416, 34.82312528], [135.40115416, 34.82322583], [135.40110362, 34.82324389], [135.40086249, 34.82319944], [135.400625, 34.82315556], [135.40058879, 34.82314889], [135.40048916, 34.82313056], [135.4004485, 34.82318898], [135.40037666, 34.82329222], [135.40034584, 34.82333667], [135.400285, 34.82342417], [135.40023612, 34.82349444], [135.40013356, 34.82370558], [135.39906889, 34.82352636], [135.39886847, 34.82347625], [135.39863047, 34.82345119], [135.39849267, 34.8235013], [135.3983674, 34.82367666], [135.39775361, 34.82366412], [135.3976659, 34.82421527], [135.39841749, 34.82431549], [135.3984536, 34.82436193], [135.39856495, 34.82450509], [135.39859285, 34.82454097], [135.39888096, 34.82464118], [135.39955739, 34.8246913], [135.40008349, 34.82484163], [135.40020874, 34.825255], [135.40042816, 34.82526414], [135.40044048, 34.82529027], [135.40045277, 34.82531639], [135.40051305, 34.825375], [135.40057555, 34.82543583], [135.40098056, 34.82562083], [135.40119027, 34.82568639], [135.40120158, 34.82568543], [135.40126249, 34.82568028], [135.40136389, 34.82561472], [135.40141547, 34.82555566], [135.40149416, 34.82546556], [135.40155612, 34.82534694], [135.40159178, 34.82527867], [135.40165306, 34.82516139], [135.40168862, 34.82511], [135.40173999, 34.82503611], [135.40182666, 34.8250125], [135.40193499, 34.82504222], [135.40193768, 34.82504332], [135.40201306, 34.82507417], [135.40206445, 34.82509556], [135.40209416, 34.82510777], [135.40211584, 34.82526889], [135.40205084, 34.82549557], [135.4020075, 34.82570417], [135.40215195, 34.82585333], [135.40216972, 34.82589], [135.40223195, 34.82601972], [135.40230389, 34.82616944], [135.40231112, 34.82635444], [135.40233278, 34.826435], [135.40253527, 34.82663194], [135.40253925, 34.82663975], [135.40262945, 34.82681667], [135.40265812, 34.82690467], [135.40270138, 34.8270375], [135.40269806, 34.82706611], [135.40269588, 34.82708474], [135.40268195, 34.82720389], [135.40266889, 34.82731444], [135.40266389, 34.82735778], [135.40265556, 34.82742972], [135.40265278, 34.8274525], [135.40264861, 34.82748944], [135.40264195, 34.82754694], [135.40262862, 34.82766057], [135.40261834, 34.8277475], [135.40260723, 34.8278425], [135.40260005, 34.82787806], [135.40257834, 34.82798583], [135.40255004, 34.82804788], [135.40254666, 34.82805527], [135.40252888, 34.82809444], [135.40250723, 34.8281425], [135.40241806, 34.82833917], [135.402405, 34.8283675], [135.40244084, 34.82839694], [135.40247138, 34.82842222], [135.40248195, 34.82843111], [135.40254416, 34.8284825], [135.40260112, 34.82852917], [135.40266777, 34.82858417], [135.40274181, 34.82864539], [135.40278806, 34.82868361], [135.40313528, 34.8288775], [135.40321084, 34.82894222], [135.40333139, 34.82904539], [135.40333416, 34.82904777], [135.40335862, 34.82906861], [135.40343222, 34.82913167], [135.40345473, 34.82915083], [135.40351861, 34.82920556], [135.40356195, 34.82945027], [135.40357389, 34.82948611], [135.40357641, 34.82949384], [135.40359666, 34.82955583], [135.40360527, 34.82958139], [135.40363139, 34.82958611], [135.40373555, 34.82960528], [135.40384158, 34.82956518], [135.40390889, 34.82953972], [135.40419786, 34.82938098], [135.40421278, 34.82937278], [135.40440055, 34.82923556], [135.40457416, 34.82906833], [135.40481054, 34.82927403], [135.40484166, 34.82930111], [135.40492052, 34.82938872], [135.40502972, 34.82951], [135.40518139, 34.82963528], [135.40523889, 34.82959444], [135.40529472, 34.829555], [135.40535638, 34.82951139], [135.40545437, 34.82944197], [135.405485, 34.82942028], [135.4055575, 34.82934278], [135.40581056, 34.82934889], [135.40596695, 34.82935639], [135.40601918, 34.82935872], [135.40602305, 34.82935889], [135.40606361, 34.82936083], [135.40606695, 34.82936333], [135.40612195, 34.829405], [135.40614305, 34.82942083], [135.40614805, 34.82942473], [135.40618916, 34.82945583], [135.40619362, 34.82945917], [135.40624627, 34.8295506], [135.40625889, 34.8295725], [135.40627195, 34.82965277], [135.40629777, 34.82981167], [135.4063043, 34.82985139], [135.40630945, 34.82988277], [135.40631138, 34.829945], [135.40631416, 34.83003807], [135.40632388, 34.83034807], [135.40632172, 34.83038117], [135.40629727, 34.83075677], [135.40628777, 34.8309025], [135.40625602, 34.83107617], [135.40623, 34.83121861], [135.40619723, 34.83129944], [135.40613584, 34.83145139], [135.40608528, 34.83162444], [135.40601305, 34.83176444], [135.40581055, 34.83194333], [135.40575662, 34.83201197], [135.40563695, 34.83216417], [135.40552834, 34.83227167], [135.40544166, 34.83237307], [135.4054302, 34.832392], [135.4053733, 34.8324859], [135.405355, 34.83251611], [135.40544166, 34.83255194], [135.40544259, 34.83255211], [135.40548334, 34.83256], [135.40561556, 34.83258557], [135.40563334, 34.83258889], [135.40572525, 34.83260652], [135.40575499, 34.83261222], [135.40587528, 34.83263556], [135.40593527, 34.83264722], [135.40604749, 34.83266861], [135.40621556, 34.83270111], [135.40640334, 34.83271889], [135.40643203, 34.83271936], [135.40677945, 34.832725], [135.40699638, 34.832725], [135.40707499, 34.83270333], [135.40712834, 34.83268861], [135.40717195, 34.83267667], [135.40729999, 34.83264139], [135.40735937, 34.83260697], [135.40756151, 34.83248979], [135.40763972, 34.83244444], [135.40767811, 34.83240831], [135.40769171, 34.8323955], [135.40779166, 34.83230139], [135.40784223, 34.83218194], [135.40786127, 34.83214265], [135.40789999, 34.83206277], [135.40797528, 34.83196139], [135.40803306, 34.83188361], [135.40803749, 34.83187777], [135.40825613, 34.8317645], [135.40829055, 34.83174667], [135.40830223, 34.83174194], [135.40837055, 34.83171361], [135.40864177, 34.83160169], [135.40865195, 34.8315975], [135.40894821, 34.83145096], [135.40901362, 34.83141861], [135.40959223, 34.83116194], [135.40972945, 34.83110528], [135.40991749, 34.83112333], [135.41003334, 34.83120667], [135.41006223, 34.83130807], [135.41006697, 34.83132376], [135.41012, 34.83149917], [135.41025028, 34.8316125], [135.41043084, 34.83163028], [135.41071306, 34.83170194], [135.41090055, 34.83174361], [135.41118999, 34.83177944], [135.41157666, 34.83183422], [135.41165278, 34.831845], [135.41175584, 34.83185694], [135.41175972, 34.83185722], [135.41202965, 34.83188853], [135.41214527, 34.83190194], [135.41224639, 34.83191361], [135.41227806, 34.83191722], [135.41237584, 34.83192861], [135.41256389, 34.83192861], [135.41270834, 34.83195833], [135.41273632, 34.83197137], [135.41275951, 34.83198217], [135.41287472, 34.83203583], [135.41301222, 34.83212833], [135.41318334, 34.83223972], [135.41321584, 34.83226083], [135.41328695, 34.83230722], [135.41326038, 34.83237767], [135.41324861, 34.83240889], [135.41321472, 34.83249833], [135.41278084, 34.83239694], [135.41270775, 34.83237766], [135.41268684, 34.83237214], [135.41244084, 34.83230722], [135.4124395, 34.83230706], [135.41222348, 34.83227841], [135.41221666, 34.8322775], [135.41221638, 34.83227739], [135.41221344, 34.83227629], [135.41205249, 34.83221611], [135.41191306, 34.83216417], [135.41171945, 34.83212833], [135.41166236, 34.83211782], [135.41136334, 34.83206277], [135.41080666, 34.83196722], [135.41031527, 34.83190778], [135.40979445, 34.83180028], [135.40961389, 34.83179444], [135.40957027, 34.83179611], [135.40952334, 34.83179806], [135.40946889, 34.83180028], [135.40939695, 34.83180333], [135.40938639, 34.83191139], [135.40938277, 34.83194944], [135.4093705, 34.83207518], [135.40936806, 34.83210027], [135.40936651, 34.8321162], [135.40936556, 34.83212611], [135.40936084, 34.83217307], [135.40935249, 34.83217417], [135.40926128, 34.83218479], [135.40925945, 34.832185], [135.40920027, 34.832185], [135.40891249, 34.832185], [135.40873888, 34.83220307], [135.40870666, 34.83227861], [135.40866499, 34.83237583], [135.40865311, 34.83240364], [135.40864361, 34.83242583], [135.40862334, 34.83247333], [135.40860945, 34.83250639], [135.40859945, 34.83252972], [135.40857223, 34.83259307], [135.40855805, 34.83262639], [135.40848777, 34.83268444], [135.40843723, 34.83272611], [135.40838584, 34.83276861], [135.40835555, 34.83279361], [135.40808941, 34.83287653], [135.40808805, 34.83287694], [135.407965, 34.83290694], [135.407829, 34.83292569], [135.40779166, 34.83293083], [135.40778545, 34.83293483], [135.40762527, 34.83303778], [135.40756334, 34.83311333], [135.40753306, 34.83315027], [135.40751328, 34.83317431], [135.40748416, 34.83320972], [135.40745888, 34.83324057], [135.40745028, 34.83328611], [135.40744195, 34.83333083], [135.40742277, 34.83343167], [135.40741973, 34.8335525], [135.40741852, 34.83360252], [135.40741852, 34.83360252], [135.40741806, 34.83362194], [135.40741556, 34.83372389], [135.40742861, 34.83374975], [135.40756027, 34.83401027], [135.40759862, 34.83405417], [135.40763416, 34.834095], [135.40765862, 34.83412307], [135.40779166, 34.83427556], [135.40793611, 34.83440083], [135.4080375, 34.83440694], [135.4081675, 34.83434722], [135.40822895, 34.83429822], [135.40823472, 34.83429361], [135.40834527, 34.834205], [135.40843777, 34.83413083], [135.40849737, 34.83408316], [135.40853361, 34.83405417], [135.40865195, 34.83395944], [135.40876055, 34.83381639], [135.40884166, 34.83377861], [135.40889138, 34.83375527], [135.40892334, 34.83374027], [135.40909305, 34.83366111], [135.40925945, 34.83361361], [135.40927581, 34.83360625], [135.40949806, 34.83350611], [135.40965723, 34.83343444], [135.40979445, 34.83338083], [135.40985, 34.83337639], [135.40985034, 34.83337636], [135.40992056, 34.83337057], [135.41009112, 34.83335694], [135.41034416, 34.83333917], [135.41036691, 34.83334452], [135.41054638, 34.83338694], [135.41066195, 34.8334525], [135.41077584, 34.83357861], [135.41082999, 34.83363861], [135.41087166, 34.833685], [135.41087827, 34.83376433], [135.41087888, 34.83377167], [135.41087889, 34.83383456], [135.41087889, 34.83387889], [135.41095138, 34.83405777], [135.41110305, 34.83418306], [135.41114834, 34.83421277], [135.41121166, 34.83425472], [135.41123054, 34.83430143], [135.41123334, 34.83430833], [135.41105249, 34.83443972], [135.41104516, 34.83445386], [135.4110238, 34.83449503], [135.4109875, 34.834565], [135.41097539, 34.83460994], [135.41095861, 34.83467222], [135.41087888, 34.83487527], [135.41079945, 34.83502417], [135.41071999, 34.83511389], [135.41058891, 34.83521231], [135.41039445, 34.83535833], [135.4103372, 34.83544348], [135.41028612, 34.83551944], [135.41019102, 34.83562989], [135.41011416, 34.83571917], [135.41000389, 34.83584722], [135.40987389, 34.83600222], [135.40996777, 34.83607083], [135.41004473, 34.83613167], [135.41010416, 34.83617889], [135.41014195, 34.83620861], [135.41022666, 34.83627583], [135.41032223, 34.83635139], [135.41039584, 34.83639361], [135.41040138, 34.83639678], [135.41070334, 34.83656917], [135.41070334, 34.83658222], [135.41070334, 34.83665277], [135.41068888, 34.83683194], [135.41051388, 34.83691557], [135.41046445, 34.83693917], [135.41024003, 34.83706678], [135.40995056, 34.83723139], [135.40989278, 34.83738056], [135.409967, 34.83743451], [135.41013455, 34.83755629], [135.41013889, 34.83755944], [135.41024139, 34.83758778], [135.41037778, 34.83762528], [135.41057223, 34.83765972], [135.41112862, 34.83775807], [135.41124638, 34.83777861], [135.41128972, 34.83778639], [135.41126472, 34.83786333], [135.41124888, 34.83791194], [135.41122056, 34.83799917], [135.411205, 34.83804668], [135.41117778, 34.83813083], [135.41116223, 34.83817777], [135.41113278, 34.83826889], [135.41111806, 34.83831444], [135.41108584, 34.83841307], [135.41103527, 34.83856889], [135.41102361, 34.83860473], [135.41097612, 34.83875027], [135.41096389, 34.83878806], [135.41089138, 34.83900027], [135.41086111, 34.83908917], [135.41077916, 34.83932833], [135.41076861, 34.83935944], [135.41073166, 34.83946777], [135.41052138, 34.8400825], [135.41050862, 34.84012], [135.41047666, 34.84021361], [135.41045527, 34.84027611], [135.41042584, 34.84036167], [135.41040777, 34.840415], [135.41037834, 34.84050057], [135.41031749, 34.84067889], [135.41035666, 34.84067544], [135.41049084, 34.84066361], [135.41050695, 34.84066222], [135.41112555, 34.84060722], [135.41133166, 34.84059778], [135.41156555, 34.84058722], [135.41177239, 34.84057783], [135.41191416, 34.84057139], [135.41203334, 34.84062333], [135.41213603, 34.84066802], [135.41220889, 34.84069972], [135.41184695, 34.84117694], [135.41185416, 34.8412725], [135.41199889, 34.84152889], [135.41199173, 34.84162498], [135.41199084, 34.84163694], [135.41197722, 34.84182111], [135.41176513, 34.84189647], [135.41176223, 34.8418975], [135.41175334, 34.84190056], [135.41172445, 34.84191083], [135.41165972, 34.84193389], [135.41153723, 34.84197722], [135.41145584, 34.84200611], [135.41082445, 34.84226306], [135.41067712, 34.84232294], [135.41038499, 34.84244167], [135.41013166, 34.842555], [135.40975381, 34.84259632], [135.40969723, 34.8426025], [135.40962888, 34.8426], [135.40951091, 34.8425957], [135.40949166, 34.842595], [135.40936445, 34.84259057], [135.40918334, 34.84254861], [135.40910388, 34.84244557], [135.40909695, 34.84243444], [135.4090175, 34.84230333], [135.40898831, 34.84230198], [135.40852472, 34.84228056], [135.40833268, 34.84228572], [135.40830749, 34.84228639], [135.40796027, 34.84237611], [135.40753973, 34.8425875], [135.40752662, 34.84259586], [135.40738055, 34.84268889], [135.40722861, 34.84280833], [135.40707638, 34.84297527], [135.40695086, 34.84328125], [135.40691, 34.84338083], [135.4067, 34.84364333], [135.40660611, 34.84377473], [135.40649072, 34.84381822], [135.40643222, 34.84384028], [135.40611124, 34.84385099], [135.40587937, 34.8439183], [135.40566189, 34.84402063], [135.40466053, 34.8441338], [135.40375573, 34.84444274], [135.40297536, 34.8446474], [135.40266832, 34.84492883], [135.4032108, 34.84554572], [135.40374287, 34.84659189], [135.40456162, 34.84624651], [135.40549551, 34.8459651], [135.40601491, 34.84585765], [135.40619913, 34.84583719], [135.40626052, 34.84615444], [135.40624004, 34.84646146], [135.4062912, 34.8470141], [135.40636282, 34.84734159], [135.40654704, 34.84750534], [135.40669031, 34.84767933], [135.40663913, 34.84786354], [135.40655726, 34.84797611], [135.40654701, 34.84823196], [135.40671076, 34.84829337], [135.40685404, 34.84839571], [135.40686426, 34.8486311], [135.40710988, 34.84877438], [135.40758065, 34.8489279], [135.40826635, 34.84911213], [135.40864501, 34.84915307], [135.40904415, 34.84917355], [135.40955587, 34.84897911], [135.41011877, 34.84881538], [135.41068166, 34.84869259], [135.41093752, 34.84855955], [135.41112174, 34.84852885], [135.41136737, 34.84833441], [135.41165393, 34.84825255], [135.41194049, 34.84830372], [135.41224753, 34.84789437], [135.41267739, 34.84749525], [135.41288208, 34.84744409], [135.41309701, 34.84718824], [135.41327099, 34.84717801], [135.41348593, 34.84667655], [135.41365992, 34.84641047], [135.41387485, 34.84606251], [135.41414095, 34.84579643], [135.41408981, 34.84495724], [135.41487787, 34.84458883], [135.41586037, 34.84413856], [135.41605483, 34.8441488], [135.41616739, 34.84452746], [135.41634137, 34.84471168], [135.41668934, 34.84465028], [135.41696567, 34.84454795], [135.41731363, 34.84470146], [135.41730339, 34.84489591], [135.416894, 34.84539737], [135.41673024, 34.84555088], [135.4166893, 34.84575556], [135.4167507, 34.84580673], [135.41705774, 34.84568393], [135.41733407, 34.84547925], [135.41752853, 34.84536668], [135.41769227, 34.84550996], [135.41757968, 34.84578628], [135.41686326, 34.84646171], [135.41676091, 34.84671756], [135.41680184, 34.84693247], [135.41667902, 34.84717809], [135.41621846, 34.84739299], [135.41591143, 34.84756696], [135.41551229, 34.84752602], [135.41537924, 34.84767953], [135.41527689, 34.84792514], [135.41553274, 34.84810936], [135.41553274, 34.84823217], [135.41547133, 34.84831404], [135.41526664, 34.84831403], [135.41518476, 34.84845731], [135.41520522, 34.84872339], [135.41508241, 34.84882573], [135.41481632, 34.84881549], [135.41445811, 34.84895876], [135.41407944, 34.84910203], [135.41328115, 34.84929646], [135.41310717, 34.84935786], [135.41276941, 34.84997189], [135.4124112, 34.85041195], [135.41223721, 34.85059616], [135.41202228, 34.85078036], [135.41172549, 34.85080082], [135.41127518, 34.85080081], [135.41100908, 34.85094408], [135.41068157, 34.8513125], [135.41044616, 34.85189584], [135.41027217, 34.85209028], [135.41009818, 34.85232566], [135.41009817, 34.85254057], [135.41018004, 34.85269409], [135.41041543, 34.8527555], [135.4108248, 34.85275551], [135.41091691, 34.85282715], [135.41067128, 34.85305229], [135.41051775, 34.85336954], [135.4104461, 34.85364586], [135.41049727, 34.85375843], [135.41058938, 34.8537789], [135.41058937, 34.85392218], [135.41049726, 34.85412686], [135.41041538, 34.85412686], [135.41026186, 34.85441341], [135.41033349, 34.85450552], [135.4108145, 34.85462833], [135.41135692, 34.85464882], [135.41148997, 34.85459765], [135.41199145, 34.85457719], [135.41220637, 34.85458743], [135.41276927, 34.85432136], [135.41308654, 34.85414739], [135.41320935, 34.85413716], [135.41326052, 34.85406552], [135.4128, 34.85341053], [135.41251345, 34.85311374], [135.41250323, 34.85277601], [135.41247253, 34.85266344], [135.41263628, 34.85248946], [135.41292284, 34.852469], [135.41322986, 34.85272486], [135.41334244, 34.85271463], [135.41355737, 34.85248948], [135.413803, 34.85240762], [135.41384394, 34.85229504], [135.41411003, 34.85227458], [135.41445799, 34.85250997], [135.41464221, 34.85241787], [135.41490832, 34.85201875], [135.41526653, 34.85175267], [135.41547121, 34.85173221], [135.41556332, 34.85162987], [135.41624904, 34.85105678], [135.41648444, 34.8507293], [135.41677102, 34.85025854], [135.41665845, 34.85013573], [135.41631048, 34.85001291], [135.41612627, 34.84994127], [135.41600347, 34.84971611], [135.41612629, 34.84933746], [135.41647426, 34.84911232], [135.41686317, 34.84895882], [135.41766146, 34.84866205], [135.41764098, 34.84892813], [135.41822432, 34.8493068], [135.41847152, 34.84973942], [135.41850695, 34.84967194], [135.41863722, 34.84946917], [135.41905219, 34.84888218], [135.41912639, 34.84877722], [135.41960416, 34.848145], [135.41979945, 34.84796028], [135.41996611, 34.84778111], [135.42034972, 34.84727417], [135.42046836, 34.84711594], [135.42059445, 34.84694777], [135.42068972, 34.84682083], [135.4208275, 34.84651667], [135.4208925, 34.84637361], [135.42090916, 34.846325], [135.4209725, 34.84614056], [135.42100111, 34.8460575], [135.42106611, 34.84581889], [135.42111695, 34.84564], [135.42111765, 34.84563013], [135.42114825, 34.84520029], [135.42116028, 34.84503139], [135.42122555, 34.84479889], [135.421305, 34.84457222], [135.42155834, 34.84405944], [135.42169611, 34.84384472], [135.42183361, 34.84361806], [135.42190834, 34.84345777], [135.42208695, 34.84307527], [135.42210782, 34.84303116], [135.42228166, 34.84266361], [135.42249139, 34.84210278], [135.42249803, 34.8420593], [135.42252778, 34.84186444], [135.42262166, 34.84163778], [135.42283639, 34.84115333], [135.4228732, 34.8410702], [135.42295473, 34.84088611], [135.4234325, 34.83986028], [135.42353973, 34.83965473], [135.42389084, 34.83898111], [135.4239175, 34.83892972], [135.42422861, 34.83822], [135.42429389, 34.83790389], [135.42431445, 34.83774028], [135.424315, 34.83773667], [135.42433, 34.8376175], [135.42433, 34.83746755], [135.42433, 34.83712277], [135.42427945, 34.83656944], [135.42423272, 34.83645552], [135.42419695, 34.83636833], [135.42409555, 34.8361], [135.42408945, 34.8360725], [135.4239755, 34.835555], [135.4239725, 34.83554139], [135.42396222, 34.83549583], [135.42395361, 34.83545611], [135.42392916, 34.83534528], [135.42384972, 34.83508889], [135.42375584, 34.83474917], [135.42359666, 34.83414667], [135.42359528, 34.83401694], [135.42359518, 34.83400142], [135.423595, 34.83397361], [135.42359445, 34.83391722], [135.42359361, 34.83383694], [135.4235925, 34.83372139], [135.42359166, 34.83363361], [135.42359148, 34.8336125], [135.4235907, 34.83353511], [135.42358945, 34.83340694], [135.42363639, 34.83327723], [135.42368334, 34.8331475], [135.42371973, 34.83263444], [135.42374139, 34.83205611], [135.42372695, 34.83173389], [135.42375278, 34.83117917], [135.42376305, 34.83096139], [135.423785, 34.83060944], [135.42378861, 34.83038417], [135.42378927, 34.83034592], [135.42379222, 34.83017389], [135.42379945, 34.8299475], [135.42376945, 34.82986333], [135.42372722, 34.82974472], [135.42358972, 34.82919], [135.42351204, 34.82905196], [135.42348139, 34.8289975], [135.42343196, 34.82890966], [135.42340166, 34.82885583], [135.42337874, 34.82875592], [135.42333666, 34.8285725], [135.42328503, 34.82848516], [135.42322777, 34.82838833], [135.42319916, 34.82834], [135.42299666, 34.82802361], [135.42295334, 34.82788056], [135.42278695, 34.82758861], [135.42262498, 34.82731648], [135.42242555, 34.82698139], [135.42238739, 34.82691728], [135.42238222, 34.82690861], [135.42237738, 34.82690184], [135.4222119, 34.82667066], [135.42215416, 34.82659], [135.42197, 34.82633277], [135.42176055, 34.82617778], [135.42167805, 34.82606944], [135.42160028, 34.82596694], [135.42142055, 34.82573028], [135.42122841, 34.82550324], [135.42105195, 34.82529472], [135.42082055, 34.82506806], [135.42072838, 34.82500608], [135.42069166, 34.82498139], [135.42066445, 34.82496306], [135.42046611, 34.82482972], [135.42032028, 34.82466139], [135.42022084, 34.82454639], [135.4201453, 34.82445905], [135.42014084, 34.82445389], [135.41970695, 34.82404528], [135.41945527, 34.82382973], [135.41933111, 34.82372333], [135.41882, 34.82332], [135.41875459, 34.82326844], [135.41867305, 34.82320417], [135.41864175, 34.82317525], [135.41843445, 34.82298361], [135.41835322, 34.8228911], [135.4182825, 34.82281056], [135.41766084, 34.82219], [135.41750889, 34.82202333], [135.41727028, 34.82177583], [135.41693028, 34.82137611], [135.41651834, 34.82085111], [135.41629166, 34.82058278], [135.41618584, 34.8204575], [135.41611361, 34.82020083], [135.41609195, 34.81978944], [135.41609278, 34.819785], [135.41611114, 34.81966773], [135.41612805, 34.81955972], [135.41606111, 34.81865217], [135.41605416, 34.81855806], [135.41605333, 34.81854675], [135.41605134, 34.81851964], [135.41604147, 34.81838542], [135.41603191, 34.81825525], [135.41602172, 34.81811667], [135.4160117, 34.81798027], [135.41600016, 34.81782361], [135.41599148, 34.81770528], [135.41599055, 34.81769277], [135.41604736, 34.81756444], [135.4160913, 34.81746519], [135.41616305, 34.81730306], [135.41622062, 34.81717324], [135.41630889, 34.81697417], [135.41631861, 34.8169425], [135.41643528, 34.81655694], [135.416475, 34.81642556], [135.41648532, 34.81632319], [135.41648945, 34.81628222], [135.41657528, 34.8160175], [135.4166625, 34.81574806], [135.41671361, 34.81559028], [135.41695945, 34.81488944], [135.41704111, 34.81478417], [135.41710305, 34.81470472], [135.41719084, 34.81459139], [135.41746584, 34.81398278], [135.41748861, 34.81387028], [135.41751639, 34.81373223], [135.41759, 34.81363111], [135.41769, 34.81349361], [135.41798639, 34.81273667], [135.41802972, 34.81262583], [135.41808389, 34.81250556], [135.41811714, 34.81243198], [135.41839861, 34.81180889], [135.41845028, 34.81168806], [135.41852416, 34.81151472], [135.41866416, 34.8111875], [135.41870945, 34.81108111], [135.41875861, 34.81091111], [135.41881889, 34.81070222], [135.41882805, 34.81067028], [135.41889222, 34.81044833], [135.41890145, 34.81041633], [135.41894805, 34.81025472], [135.41921555, 34.80978972], [135.41949778, 34.80926472], [135.41973639, 34.80882944], [135.41990609, 34.80860325], [135.4199925, 34.80848806], [135.42020639, 34.80820306], [135.42049389, 34.80784667], [135.42050722, 34.80783028], [135.42052336, 34.80781042], [135.42053861, 34.80779167], [135.42054332, 34.80778398], [135.42071222, 34.80750833], [135.42087814, 34.80726712], [135.42101584, 34.80706694], [135.42127666, 34.8067075], [135.42147889, 34.80642861], [135.42156961, 34.80628523], [135.421645, 34.80616611], [135.4217825, 34.80598723], [135.4218175, 34.80590694], [135.4218475, 34.80583806], [135.42187639, 34.80568278], [135.42187639, 34.80562], [135.42187639, 34.80556867], [135.42187639, 34.80536667], [135.42187639, 34.80517917], [135.42197222, 34.80504333], [135.42205722, 34.8049225], [135.42218027, 34.80466611], [135.42236805, 34.804165], [135.42266472, 34.80342528], [135.42275861, 34.80322861], [135.4230775, 34.8028775], [135.42330834, 34.80262333], [135.42349639, 34.80237861], [135.42369139, 34.80207444], [135.423735, 34.80205556], [135.42374028, 34.80205333]]]}}, {"type": "Feature", "id": "did-1980-14", "properties": {"A16_001": "282181", "A16_002": "28218", "A16_003": "小野市", "A16_004": "1", "A16_005": "6772", "A16_006": "1.3", "A16_007": "5879", "A16_008": "1.2", "A16_009": "15.5", "A16_010": "1.4", "A16_011": "1980", "year": 1980, "population": 6772.0, "areaKm2": 1.3, "density": 5209.230769230769}, "geometry": {"type": "Polygon", "coordinates": [[[134.93563306, 34.8397393], [134.93508316, 34.8405724], [134.93486653, 34.84093897], [134.93491649, 34.8418554], [134.93391672, 34.84183872], [134.93244175, 34.8414941], [134.93210049, 34.84152209], [134.9314713, 34.84167537], [134.93040091, 34.84092221], [134.92980106, 34.84057228], [134.9293845, 34.84032234], [134.92923183, 34.84131275], [134.92950109, 34.8417553], [134.92956772, 34.84230516], [134.92980094, 34.84418801], [134.92930105, 34.84443793], [134.92900778, 34.84462921], [134.9288798, 34.84483182], [134.92883447, 34.84510442], [134.92896776, 34.84538768], [134.92925102, 34.8456043], [134.9295676, 34.84603753], [134.92941762, 34.84632078], [134.92908436, 34.84652072], [134.92883442, 34.84637076], [134.92888442, 34.84612082], [134.92884777, 34.8459302], [134.92868448, 34.84580423], [134.92843454, 34.84587088], [134.92753472, 34.84653735], [134.9270135, 34.84700721], [134.92740792, 34.85150739], [134.9274679, 34.8516027], [134.92882626, 34.85128348], [134.93013396, 34.85106956], [134.9308338, 34.85115289], [134.93121704, 34.85116956], [134.9315503, 34.85111958], [134.93273336, 34.85110295], [134.93391641, 34.85108631], [134.93422235, 34.85094236], [134.93444629, 34.85096369], [134.93478287, 34.85126962], [134.93583262, 34.8514196], [134.93624918, 34.85180285], [134.93661576, 34.85175287], [134.93686571, 34.85140296], [134.93713232, 34.85131966], [134.93751556, 34.85141964], [134.93824869, 34.85226944], [134.93854861, 34.85256937], [134.93874857, 34.85256937], [134.93866527, 34.85205284], [134.93879858, 34.85186955], [134.93926514, 34.85181958], [134.93931514, 34.85138636], [134.93993167, 34.85133638], [134.94017302, 34.84894834], [134.94054835, 34.84655431], [134.94176471, 34.84705421], [134.94371423, 34.84777073], [134.94476399, 34.84790405], [134.94626362, 34.84820401], [134.9462303, 34.84803739], [134.94538054, 34.84688766], [134.94439745, 34.84650441], [134.94216466, 34.8459545], [134.94209801, 34.84575455], [134.94231467, 34.84460485], [134.94209806, 34.84450488], [134.94053176, 34.84432155], [134.9396653, 34.84430487], [134.938149, 34.8439216], [134.93738252, 34.84363833], [134.93728256, 34.84305514], [134.93843229, 34.84308849], [134.93903216, 34.84297187], [134.93771587, 34.84065578], [134.93713404, 34.83976666], [134.93644953, 34.83975598], [134.93563306, 34.8397393]]]}}, {"type": "Feature", "id": "did-1980-15", "properties": {"A16_001": "282141", "A16_002": "28214", "A16_003": "宝塚市", "A16_004": "1", "A16_005": "160685", "A16_006": "20.7", "A16_007": "143229", "A16_008": "18.3", "A16_009": "87.5", "A16_010": "20.3", "A16_011": "1980", "year": 1980, "population": 160685.0, "areaKm2": 20.7, "density": 7762.56038647343}, "geometry": {"type": "Polygon", "coordinates": [[[135.40741852, 34.83360252], [135.40741973, 34.8335525], [135.40742277, 34.83343167], [135.40744195, 34.83333083], [135.40745028, 34.83328611], [135.40745888, 34.83324057], [135.40748416, 34.83320972], [135.40751328, 34.83317431], [135.40753306, 34.83315027], [135.40756334, 34.83311333], [135.40762527, 34.83303778], [135.40778545, 34.83293483], [135.40779166, 34.83293083], [135.407829, 34.83292569], [135.407965, 34.83290694], [135.40808805, 34.83287694], [135.40808941, 34.83287653], [135.40835555, 34.83279361], [135.40838584, 34.83276861], [135.40843723, 34.83272611], [135.40848777, 34.83268444], [135.40855805, 34.83262639], [135.40857223, 34.83259307], [135.40859945, 34.83252972], [135.40860945, 34.83250639], [135.40862334, 34.83247333], [135.40864361, 34.83242583], [135.40865311, 34.83240364], [135.40866499, 34.83237583], [135.40870666, 34.83227861], [135.40873888, 34.83220307], [135.40891249, 34.832185], [135.40920027, 34.832185], [135.40925945, 34.832185], [135.40926128, 34.83218479], [135.40935249, 34.83217417], [135.40936084, 34.83217307], [135.40936556, 34.83212611], [135.40936651, 34.8321162], [135.40936806, 34.83210027], [135.4093705, 34.83207518], [135.40938277, 34.83194944], [135.40938639, 34.83191139], [135.40939695, 34.83180333], [135.40946889, 34.83180028], [135.40952334, 34.83179806], [135.40957027, 34.83179611], [135.40961389, 34.83179444], [135.40979445, 34.83180028], [135.41031527, 34.83190778], [135.41080666, 34.83196722], [135.41136334, 34.83206277], [135.41166236, 34.83211782], [135.41171945, 34.83212833], [135.41191306, 34.83216417], [135.41205249, 34.83221611], [135.41221344, 34.83227629], [135.41221638, 34.83227739], [135.41221666, 34.8322775], [135.41222348, 34.83227841], [135.4124395, 34.83230706], [135.41244084, 34.83230722], [135.41268684, 34.83237214], [135.41270775, 34.83237766], [135.41278084, 34.83239694], [135.41321472, 34.83249833], [135.41324861, 34.83240889], [135.41326038, 34.83237767], [135.41328695, 34.83230722], [135.41321584, 34.83226083], [135.41318334, 34.83223972], [135.41301222, 34.83212833], [135.41287472, 34.83203583], [135.41275951, 34.83198217], [135.41273632, 34.83197137], [135.41270834, 34.83195833], [135.41256389, 34.83192861], [135.41237584, 34.83192861], [135.41227806, 34.83191722], [135.41224639, 34.83191361], [135.41214527, 34.83190194], [135.41202965, 34.83188853], [135.41175972, 34.83185722], [135.41175584, 34.83185694], [135.41165278, 34.831845], [135.41157666, 34.83183422], [135.41118999, 34.83177944], [135.41090055, 34.83174361], [135.41071306, 34.83170194], [135.41043084, 34.83163028], [135.41025028, 34.8316125], [135.41012, 34.83149917], [135.41006697, 34.83132376], [135.41006223, 34.83130807], [135.41003334, 34.83120667], [135.40991749, 34.83112333], [135.40972945, 34.83110528], [135.40959223, 34.83116194], [135.40901362, 34.83141861], [135.40894821, 34.83145096], [135.40865195, 34.8315975], [135.40864177, 34.83160169], [135.40837055, 34.83171361], [135.40830223, 34.83174194], [135.40829055, 34.83174667], [135.40825613, 34.8317645], [135.40803749, 34.83187777], [135.40803306, 34.83188361], [135.40797528, 34.83196139], [135.40789999, 34.83206277], [135.40786127, 34.83214265], [135.40784223, 34.83218194], [135.40779166, 34.83230139], [135.40769171, 34.8323955], [135.40767811, 34.83240831], [135.40763972, 34.83244444], [135.40756151, 34.83248979], [135.40735937, 34.83260697], [135.40729999, 34.83264139], [135.40717195, 34.83267667], [135.40712834, 34.83268861], [135.40707499, 34.83270333], [135.40699638, 34.832725], [135.40677945, 34.832725], [135.40643203, 34.83271936], [135.40640334, 34.83271889], [135.40621556, 34.83270111], [135.40604749, 34.83266861], [135.40593527, 34.83264722], [135.40587528, 34.83263556], [135.40575499, 34.83261222], [135.40572525, 34.83260652], [135.40563334, 34.83258889], [135.40561556, 34.83258557], [135.40548334, 34.83256], [135.40544259, 34.83255211], [135.40544166, 34.83255194], [135.405355, 34.83251611], [135.4053733, 34.8324859], [135.4054302, 34.832392], [135.40544166, 34.83237307], [135.40552834, 34.83227167], [135.40563695, 34.83216417], [135.40575662, 34.83201197], [135.40581055, 34.83194333], [135.40601305, 34.83176444], [135.40608528, 34.83162444], [135.40613584, 34.83145139], [135.40619723, 34.83129944], [135.40623, 34.83121861], [135.40625602, 34.83107617], [135.40628777, 34.8309025], [135.40629727, 34.83075677], [135.40632172, 34.83038117], [135.40632388, 34.83034807], [135.40631416, 34.83003807], [135.40631138, 34.829945], [135.40630945, 34.82988277], [135.4063043, 34.82985139], [135.40629777, 34.82981167], [135.40627195, 34.82965277], [135.40625889, 34.8295725], [135.40624627, 34.8295506], [135.40619362, 34.82945917], [135.40618916, 34.82945583], [135.40614805, 34.82942473], [135.40614305, 34.82942083], [135.40612195, 34.829405], [135.40606695, 34.82936333], [135.40606361, 34.82936083], [135.40602305, 34.82935889], [135.40601918, 34.82935872], [135.40596695, 34.82935639], [135.40581056, 34.82934889], [135.4055575, 34.82934278], [135.405485, 34.82942028], [135.40545437, 34.82944197], [135.40535638, 34.82951139], [135.40529472, 34.829555], [135.40523889, 34.82959444], [135.40518139, 34.82963528], [135.40502972, 34.82951], [135.40492052, 34.82938872], [135.40484166, 34.82930111], [135.40481054, 34.82927403], [135.40457416, 34.82906833], [135.40440055, 34.82923556], [135.40421278, 34.82937278], [135.40419786, 34.82938098], [135.40390889, 34.82953972], [135.40384158, 34.82956518], [135.40373555, 34.82960528], [135.40363139, 34.82958611], [135.40360527, 34.82958139], [135.40359666, 34.82955583], [135.40357641, 34.82949384], [135.40357389, 34.82948611], [135.40356195, 34.82945027], [135.40351861, 34.82920556], [135.40345473, 34.82915083], [135.40343222, 34.82913167], [135.40335862, 34.82906861], [135.40333416, 34.82904777], [135.40333139, 34.82904539], [135.40321084, 34.82894222], [135.40313528, 34.8288775], [135.40278806, 34.82868361], [135.40274181, 34.82864539], [135.40266777, 34.82858417], [135.40260112, 34.82852917], [135.40254416, 34.8284825], [135.40248195, 34.82843111], [135.40247138, 34.82842222], [135.40244084, 34.82839694], [135.402405, 34.8283675], [135.40241806, 34.82833917], [135.40250723, 34.8281425], [135.40252888, 34.82809444], [135.40254666, 34.82805527], [135.40255004, 34.82804788], [135.40257834, 34.82798583], [135.40260005, 34.82787806], [135.40260723, 34.8278425], [135.40261834, 34.8277475], [135.40262862, 34.82766057], [135.40264195, 34.82754694], [135.40264861, 34.82748944], [135.40265278, 34.8274525], [135.40265556, 34.82742972], [135.40266389, 34.82735778], [135.40266889, 34.82731444], [135.40268195, 34.82720389], [135.40269588, 34.82708474], [135.40269806, 34.82706611], [135.40270138, 34.8270375], [135.40265812, 34.82690467], [135.40262945, 34.82681667], [135.40253925, 34.82663975], [135.40253527, 34.82663194], [135.40233278, 34.826435], [135.40231112, 34.82635444], [135.40230389, 34.82616944], [135.40223195, 34.82601972], [135.40216972, 34.82589], [135.40215195, 34.82585333], [135.4020075, 34.82570417], [135.40205084, 34.82549557], [135.40211584, 34.82526889], [135.40209416, 34.82510777], [135.40206445, 34.82509556], [135.40201306, 34.82507417], [135.40193768, 34.82504332], [135.40193499, 34.82504222], [135.40182666, 34.8250125], [135.40173999, 34.82503611], [135.40168862, 34.82511], [135.40165306, 34.82516139], [135.40159178, 34.82527867], [135.40155612, 34.82534694], [135.40149416, 34.82546556], [135.40141547, 34.82555566], [135.40136389, 34.82561472], [135.40126249, 34.82568028], [135.40120158, 34.82568543], [135.40119027, 34.82568639], [135.40098056, 34.82562083], [135.40057555, 34.82543583], [135.40051305, 34.825375], [135.40045277, 34.82531639], [135.40044048, 34.82529027], [135.40042816, 34.82526414], [135.40020874, 34.825255], [135.40008349, 34.82484163], [135.39955739, 34.8246913], [135.39888096, 34.82464118], [135.39859285, 34.82454097], [135.39856495, 34.82450509], [135.3984536, 34.82436193], [135.39841749, 34.82431549], [135.3976659, 34.82421527], [135.39775361, 34.82366412], [135.3983674, 34.82367666], [135.39849267, 34.8235013], [135.39863047, 34.82345119], [135.39886847, 34.82347625], [135.39906889, 34.82352636], [135.40013356, 34.82370558], [135.40023612, 34.82349444], [135.400285, 34.82342417], [135.40034584, 34.82333667], [135.40037666, 34.82329222], [135.4004485, 34.82318898], [135.40048916, 34.82313056], [135.40058879, 34.82314889], [135.400625, 34.82315556], [135.40086249, 34.82319944], [135.40110362, 34.82324389], [135.40115416, 34.82322583], [135.40120416, 34.82312528], [135.40121135, 34.8231108], [135.4012265, 34.8230803], [135.40126499, 34.82300277], [135.401295, 34.8229425], [135.40133499, 34.82286194], [135.40136389, 34.82273667], [135.40135666, 34.82254611], [135.40128723, 34.82245194], [135.40125528, 34.82240889], [135.40085084, 34.82228972], [135.40080916, 34.82227139], [135.40064834, 34.8222], [135.40059749, 34.82211333], [135.40054889, 34.82203111], [135.40049473, 34.82193889], [135.40046999, 34.82189694], [135.40042798, 34.82182528], [135.40041723, 34.82180694], [135.40040972, 34.82179444], [135.40033555, 34.82160639], [135.40032556, 34.82158111], [135.4003075, 34.82153528], [135.40028728, 34.82148414], [135.40028133, 34.8214691], [135.40027499, 34.82145307], [135.40023195, 34.82134389], [135.40020723, 34.82128139], [135.40020223, 34.82122722], [135.40019834, 34.82118583], [135.40019, 34.82109389], [135.40018223, 34.82101111], [135.40017806, 34.82096472], [135.40016389, 34.82081306], [135.40020723, 34.82058361], [135.40021223, 34.8205575], [135.40021945, 34.82051917], [135.40023612, 34.82043139], [135.40026027, 34.8203325], [135.40026834, 34.8203], [135.40027862, 34.82025777], [135.40030777, 34.82013944], [135.40031805, 34.82009722], [135.40032666, 34.82006222], [135.40034462, 34.81998914], [135.40034973, 34.81996833], [135.40035834, 34.81993361], [135.40038084, 34.81984111], [135.40046712, 34.81957394], [135.40046749, 34.81957277], [135.40049666, 34.81943306], [135.40050777, 34.81938], [135.40053499, 34.81925111], [135.40056695, 34.81909861], [135.40057917, 34.8190402], [135.40061945, 34.81884777], [135.4006275, 34.81861889], [135.40062806, 34.81860319], [135.40063112, 34.81851694], [135.40063278, 34.81846972], [135.40063584, 34.81838444], [135.40063861, 34.8183], [135.40064195, 34.81820777], [135.40064834, 34.81802472], [135.40064445, 34.81792667], [135.40063723, 34.81775472], [135.40063389, 34.81767278], [135.40063551, 34.81766308], [135.40063551, 34.81766308], [135.40024658, 34.81772678], [135.39975554, 34.81778689], [135.39894383, 34.8174161], [135.39863318, 34.81729584], [135.3987635, 34.81606327], [135.39894392, 34.81503112], [135.3986533, 34.81496096], [135.39838273, 34.81495094], [135.39811216, 34.81485072], [135.39776142, 34.81480061], [135.39742071, 34.81468035], [135.39680942, 34.81439975], [135.39653885, 34.81446989], [135.39617738, 34.81476918], [135.39588745, 34.81525151], [135.3959175, 34.81552207], [135.39609788, 34.8155822], [135.39624819, 34.81570246], [135.39625743, 34.81583037], [135.39609785, 34.81638388], [135.3960878, 34.81716551], [135.39630827, 34.81718556], [135.39653771, 34.81725197], [135.39715841, 34.81749226], [135.39779139, 34.8177668], [135.39817218, 34.81801734], [135.39817214, 34.81930001], [135.39772119, 34.81931002], [135.39748069, 34.8190595], [135.39731033, 34.81888914], [135.39720211, 34.81876888], [135.39715837, 34.8186936], [135.39702574, 34.81844019], [135.39691351, 34.81843217], [135.39675317, 34.81840812], [135.39659283, 34.81833596], [135.39649663, 34.81832795], [135.39631224, 34.81826381], [135.3961038, 34.81828785], [135.39618394, 34.81927391], [135.39618392, 34.81967475], [135.39535817, 34.81986713], [135.39525396, 34.81968275], [135.39514172, 34.81961861], [135.3950856, 34.81957051], [135.39489574, 34.81965462], [135.39444424, 34.81971479], [135.39414761, 34.81981901], [135.39403537, 34.81989917], [135.39427587, 34.82017976], [135.39416363, 34.82026794], [135.39384295, 34.82034009], [135.39370666, 34.82034008], [135.3931615, 34.82052446], [135.39257626, 34.82078899], [135.39232773, 34.82093329], [135.39184671, 34.82078096], [135.39171844, 34.82074087], [135.39109134, 34.82083586], [135.39033046, 34.82113618], [135.3898665, 34.82146234], [135.38926924, 34.82127631], [135.38845906, 34.82064197], [135.38789538, 34.8202192], [135.38783024, 34.82011147], [135.38738714, 34.81973454], [135.38684819, 34.81943002], [135.3863271, 34.81919953], [135.38624693, 34.81916947], [135.38612668, 34.8190893], [135.38498442, 34.81875339], [135.38476381, 34.81869845], [135.38398287, 34.81846373], [135.38169092, 34.81851039], [135.38072247, 34.81846547], [135.38107523, 34.81795241], [135.38165247, 34.81756762], [135.38296937, 34.81682238], [135.38319817, 34.81667619], [135.38353322, 34.81677113], [135.38392289, 34.81683654], [135.38422433, 34.81693916], [135.38508374, 34.81718931], [135.38537234, 34.81728551], [135.38610574, 34.817492], [135.38650112, 34.81760621], [135.38696854, 34.81658659], [135.38858449, 34.81568474], [135.39251778, 34.81632367], [135.39291866, 34.81555958], [135.39518596, 34.81532164], [135.39488534, 34.81482058], [135.39494798, 34.81464522], [135.39538642, 34.81435713], [135.39603781, 34.8138561], [135.39698983, 34.81356802], [135.39714015, 34.81356802], [135.39744082, 34.8126912], [135.39764125, 34.81244068], [135.39834274, 34.81206491], [135.3984555, 34.81150124], [135.39820499, 34.81107534], [135.3950859, 34.81092495], [135.39488547, 34.81115042], [135.39309406, 34.81458255], [135.39258048, 34.81439464], [135.39220467, 34.81490821], [135.39168856, 34.81545183], [135.39134784, 34.8154418], [135.38960417, 34.81488059], [135.38882901, 34.81518842], [135.38872999, 34.81524807], [135.38850493, 34.81536807], [135.38838305, 34.81543306], [135.38826412, 34.8154743], [135.38821084, 34.81549278], [135.38814389, 34.81551583], [135.38810805, 34.81552833], [135.38791275, 34.81553383], [135.38789111, 34.81553444], [135.38774666, 34.81549861], [135.38750806, 34.81539111], [135.38741862, 34.81532417], [135.38741277, 34.81532], [135.38724666, 34.81519527], [135.38697723, 34.81499389], [135.38679628, 34.81485856], [135.38635695, 34.81453], [135.38619223, 34.81440694], [135.38602584, 34.81432333], [135.385845, 34.81425194], [135.38568611, 34.81418611], [135.38547638, 34.81418027], [135.38521352, 34.81412407], [135.38510611, 34.81410111], [135.38482973, 34.81404222], [135.38440577, 34.81395146], [135.38424195, 34.81391639], [135.38421432, 34.81391054], [135.38415277, 34.8138975], [135.38410611, 34.81388745], [135.38405612, 34.81387667], [135.38404382, 34.81387405], [135.38416268, 34.8143694], [135.38421247, 34.81468241], [135.38422528, 34.81492588], [135.38405242, 34.81530134], [135.38379185, 34.8158625], [135.38368161, 34.8160529], [135.38344097, 34.81639439], [135.38322062, 34.81654391], [135.38312041, 34.81656395], [135.3826895, 34.81650382], [135.38200807, 34.81619315], [135.38139677, 34.81616308], [135.38124646, 34.81618312], [135.38029112, 34.81625849], [135.3801541, 34.81745074], [135.38014156, 34.817814], [135.37996618, 34.8182023], [135.37956532, 34.81852797], [135.37861017, 34.81860624], [135.37828135, 34.81859057], [135.3774045, 34.81862187], [135.37715397, 34.81863752], [135.37608922, 34.81866881], [135.3750871, 34.81862182], [135.37442947, 34.81841825], [135.37442948, 34.81807378], [135.37436686, 34.81760405], [135.37441698, 34.81727524], [135.37445208, 34.81654371], [135.37391093, 34.81660383], [135.37325905, 34.81664275], [135.37244211, 34.81675486], [135.37226871, 34.81657059], [135.37213718, 34.81648353], [135.3719067, 34.81644344], [135.37181463, 34.81642966], [135.37147015, 34.81633571], [135.37109436, 34.8162261], [135.37104489, 34.81607265], [135.37102485, 34.81593236], [135.3711257, 34.81569374], [135.37126664, 34.81505177], [135.37148587, 34.81464468], [135.37215918, 34.81439417], [135.37220742, 34.81402841], [135.37269156, 34.81417498], [135.37289511, 34.81445682], [135.37341998, 34.81407854], [135.37360036, 34.81395829], [135.37408138, 34.8139082], [135.37429186, 34.81296624], [135.3742618, 34.81289609], [135.37386095, 34.81276581], [135.37316949, 34.81271569], [135.3731194, 34.81246516], [135.37311941, 34.81203426], [135.37371267, 34.81197014], [135.3752359, 34.81170563], [135.37572493, 34.81169762], [135.37673507, 34.81160144], [135.37690994, 34.81155084], [135.37692925, 34.81154846], [135.37692925, 34.81154846], [135.37691413, 34.81153331], [135.37690916, 34.81152833], [135.37690139, 34.81152056], [135.37675638, 34.81137527], [135.37660445, 34.81128583], [135.37635778, 34.81117972], [135.37620166, 34.8111125], [135.37608112, 34.81106057], [135.37593916, 34.81099944], [135.37573695, 34.81089223], [135.37561385, 34.81084757], [135.37565732, 34.81078672], [135.37588531, 34.81049111], [135.37604565, 34.81041094], [135.37585527, 34.80978964], [135.37586081, 34.80968447], [135.37596211, 34.80941064], [135.37598999, 34.80933527], [135.37607695, 34.80918333], [135.37609054, 34.80916044], [135.37643111, 34.80858667], [135.37653862, 34.80838083], [135.37663334, 34.80819889], [135.37675561, 34.80798357], [135.37695166, 34.80763833], [135.37701666, 34.80748028], [135.37709311, 34.80732764], [135.37710334, 34.80730723], [135.37734195, 34.80685417], [135.37751556, 34.80653194], [135.37759805, 34.80636723], [135.37765566, 34.80625216], [135.37770334, 34.80615694], [135.37779111, 34.80598222], [135.37788695, 34.80579056], [135.37788747, 34.80578951], [135.37795973, 34.80564527], [135.37798555, 34.80559389], [135.37814249, 34.80528027], [135.37817361, 34.80521806], [135.37851112, 34.80451556], [135.37867388, 34.80417667], [135.37877388, 34.80396861], [135.37897777, 34.80359222], [135.37904861, 34.80346167], [135.37912084, 34.80329444], [135.37928612, 34.80301142], [135.37932491, 34.802945], [135.37934389, 34.8029125], [135.37940306, 34.80281139], [135.37953223, 34.80255222], [135.37954585, 34.80252498], [135.37955472, 34.80250722], [135.38011889, 34.80155583], [135.38027139, 34.80122806], [135.38032138, 34.80112056], [135.38040945, 34.80096361], [135.38045527, 34.80088167], [135.38047193, 34.80085162], [135.38048499, 34.80082806], [135.38053499, 34.80073889], [135.38070081, 34.80044284], [135.38071888, 34.80041056], [135.38095531, 34.79996507], [135.38125238, 34.79940528], [135.38134084, 34.79923861], [135.38155056, 34.79886277], [135.38177111, 34.79847694], [135.3817864, 34.79845029], [135.38184584, 34.79834667], [135.38209306, 34.79791472], [135.38218309, 34.79778303], [135.38221555, 34.79773556], [135.38231912, 34.797584], [135.38237191, 34.79750674], [135.38293249, 34.79668639], [135.38298888, 34.79660389], [135.38301138, 34.79657083], [135.38328584, 34.79627861], [135.38334911, 34.79618111], [135.38339416, 34.79611167], [135.38342306, 34.795885], [135.38343056, 34.79572417], [135.38329334, 34.79559277], [135.38309805, 34.79552139], [135.38293888, 34.79546167], [135.38278723, 34.79544361], [135.38270028, 34.79549139], [135.38260639, 34.79558694], [135.38249777, 34.79568194], [135.38238945, 34.79570583], [135.38228283, 34.7956985], [135.38221584, 34.79569389], [135.38196999, 34.79565833], [135.38195722, 34.79565389], [135.38190277, 34.79563444], [135.38181318, 34.79560271], [135.38177805, 34.79559028], [135.38170834, 34.79556556], [135.38135303, 34.79543995], [135.38125416, 34.795405], [135.38095027, 34.79528556], [135.38076973, 34.79519611], [135.38053112, 34.79499944], [135.38049338, 34.79496316], [135.38044416, 34.79491583], [135.38044179, 34.79491273], [135.38041584, 34.79487889], [135.38030527, 34.79473472], [135.38022166, 34.79462556], [135.38014945, 34.79453139], [135.38011, 34.79448019], [135.38006556, 34.7944225], [135.37975749, 34.79402111], [135.37972223, 34.79391639], [135.37971631, 34.79389875], [135.37969084, 34.79382277], [135.37968528, 34.79380611], [135.37963473, 34.79360333], [135.37959111, 34.79352], [135.37956223, 34.79340056], [135.37948277, 34.79325444], [135.37939584, 34.79303972], [135.37938139, 34.7929025], [135.37936799, 34.79258522], [135.37935973, 34.79238972], [135.37928028, 34.79234806], [135.37899834, 34.79234194], [135.37897605, 34.79233552], [135.37885361, 34.79230028], [135.37876695, 34.79222861], [135.37864388, 34.79201389], [135.37860777, 34.79188277], [135.37853028, 34.79176917], [135.37851564, 34.79174773], [135.37848249, 34.79169917], [135.37841945, 34.79160722], [135.37838361, 34.79155472], [135.37837639, 34.79145917], [135.37843416, 34.79133389], [135.37846306, 34.79125639], [135.37846516, 34.79121086], [135.37847027, 34.79110111], [135.37848473, 34.79098194], [135.37848022, 34.79097077], [135.37844139, 34.79087444], [135.37824611, 34.79074333], [135.37817388, 34.79072527], [135.37809445, 34.79077917], [135.37795973, 34.79087639], [135.37792084, 34.79090444], [135.37784545, 34.79093194], [135.37779055, 34.79095194], [135.37769916, 34.79094083], [135.37759555, 34.79092833], [135.37740055, 34.79095194], [135.37732084, 34.79102972], [135.37728556, 34.79110833], [135.37717638, 34.79135167], [135.37714351, 34.79140826], [135.37709666, 34.79148889], [135.37698112, 34.79153667], [135.37681473, 34.79156056], [135.37661223, 34.79154277], [135.37660195, 34.79153667], [135.37648223, 34.791465], [135.37643138, 34.79139944], [135.37642416, 34.79124444], [135.37648222, 34.79103556], [135.37650388, 34.79085667], [135.37650388, 34.79069833], [135.37650389, 34.79058806], [135.37644584, 34.79045111], [135.37635916, 34.79040917], [135.37632177, 34.7904339], [135.37628695, 34.79045694], [135.37629504, 34.79051266], [135.37630862, 34.79060611], [135.37634472, 34.79080889], [135.37631584, 34.79091333], [135.37620723, 34.79105639], [135.37610612, 34.79112806], [135.37601916, 34.79113389], [135.37600458, 34.79112636], [135.3759735, 34.79111033], [135.37584584, 34.79104444], [135.37570111, 34.79099694], [135.37554195, 34.79115778], [135.37549138, 34.79126527], [135.37551306, 34.79131889], [135.37558735, 34.7913986], [135.37565778, 34.79147417], [135.37572277, 34.79167694], [135.37571772, 34.79180624], [135.37571555, 34.79186167], [135.37570639, 34.79198778], [135.37570028, 34.79207194], [135.37569388, 34.79215972], [135.37562889, 34.79238056], [135.37559223, 34.79241444], [135.37557084, 34.79243417], [135.37550027, 34.79242667], [135.37540473, 34.79241639], [135.37531056, 34.79238917], [135.37521749, 34.7923625], [135.37511334, 34.79233222], [135.37505555, 34.79231583], [135.37494916, 34.792285], [135.37476112, 34.79225527], [135.37469612, 34.79226111], [135.37460916, 34.7923925], [135.37454416, 34.79240444], [135.37436334, 34.79240444], [135.37436111, 34.79240417], [135.37401638, 34.79234472], [135.37371278, 34.79227917], [135.37361009, 34.79228139], [135.37357166, 34.79228222], [135.37344528, 34.792285], [135.37329334, 34.79242222], [135.37320666, 34.79255361], [135.37307638, 34.79292944], [135.37299195, 34.79313861], [135.37296806, 34.79319777], [135.372845, 34.79337668], [135.37278, 34.79355556], [135.37270778, 34.79369277], [135.37269013, 34.79378031], [135.37267166, 34.79387194], [135.37264958, 34.79386063], [135.37260404, 34.79383732], [135.37259084, 34.79383056], [135.37251973, 34.79379444], [135.37219945, 34.79369277], [135.37182639, 34.79362278], [135.37152695, 34.79356667], [135.37141138, 34.793545], [135.37132527, 34.79352889], [135.371322, 34.79352828], [135.37132084, 34.79352806], [135.37125195, 34.79351527], [135.37123, 34.79351111], [135.37123055, 34.79352444], [135.37124138, 34.79382527], [135.37124445, 34.79391056], [135.37120112, 34.79394639], [135.37116138, 34.79394167], [135.37111595, 34.79393633], [135.37110612, 34.79393517], [135.3711, 34.79393444], [135.37102878, 34.79385258], [135.3710275, 34.79385111], [135.37098416, 34.79370806], [135.37098059, 34.79361019], [135.37096972, 34.79331444], [135.37094714, 34.79327267], [135.37093035, 34.79324161], [135.37089389, 34.79317417], [135.37087499, 34.79316056], [135.37082888, 34.79312694], [135.37082778, 34.79312639], [135.37052973, 34.79291], [135.37023612, 34.79269694], [135.37017195, 34.79266361], [135.37002362, 34.79258639], [135.36990686, 34.79252573], [135.36990334, 34.79252389], [135.36978056, 34.79239861], [135.36977432, 34.79236253], [135.36976612, 34.792315], [135.36977468, 34.79227018], [135.36978777, 34.79220167], [135.36979166, 34.79218333], [135.36981666, 34.79206444], [135.36978278, 34.79189167], [135.36977334, 34.79184389], [135.36976862, 34.79175611], [135.36976612, 34.79170667], [135.36979584, 34.79151694], [135.36980139, 34.79148167], [135.36982749, 34.79131583], [135.36992166, 34.7907675], [135.36996445, 34.7904775], [135.36997838, 34.79038254], [135.37001556, 34.79012917], [135.37004445, 34.78998583], [135.37008055, 34.78984861], [135.37013834, 34.7896875], [135.37016166, 34.78961639], [135.37017061, 34.7895893], [135.37019084, 34.78952806], [135.37022166, 34.78943417], [135.37034189, 34.7891269], [135.37051806, 34.78867667], [135.37059695, 34.78843556], [135.37062112, 34.78836083], [135.37071514, 34.78807307], [135.37088334, 34.78755833], [135.37092039, 34.78741902], [135.370955, 34.78728889], [135.3709829, 34.78718382], [135.37101334, 34.78706917], [135.37113638, 34.78668139], [135.37119416, 34.78655027], [135.37126179, 34.78642521], [135.37131584, 34.78632528], [135.37146166, 34.78605528], [135.37155528, 34.78588333], [135.371715, 34.78559], [135.37180888, 34.78541694], [135.37206445, 34.78492306], [135.37206612, 34.78492], [135.37210527, 34.78484417], [135.37215056, 34.78477277], [135.37219972, 34.784695], [135.37231027, 34.78453694], [135.37235916, 34.78445389], [135.37235916, 34.78445389], [135.37228791, 34.7843989], [135.37225695, 34.784375], [135.37219973, 34.78433139], [135.37201806, 34.78418333], [135.37185777, 34.78405333], [135.37160916, 34.78385083], [135.37158306, 34.78382944], [135.37127473, 34.78357861], [135.37117751, 34.78350075], [135.37115473, 34.7834825], [135.37102056, 34.78337527], [135.37100337, 34.78336158], [135.37072183, 34.78429907], [135.36952335, 34.7838563], [135.37003935, 34.78259901], [135.3704242, 34.78174947], [135.36906542, 34.78124562], [135.36916508, 34.78105381], [135.36911638, 34.78098694], [135.36910916, 34.78090944], [135.36961527, 34.77936417], [135.36970638, 34.77911583], [135.3699567, 34.77843377], [135.36999499, 34.77832944], [135.37000945, 34.77813277], [135.36996612, 34.77795972], [135.36973473, 34.77747056], [135.36962973, 34.77724694], [135.36963527, 34.77711806], [135.36964056, 34.77699806], [135.36964612, 34.77687056], [135.36965166, 34.77674583], [135.36959151, 34.7765439], [135.36955749, 34.77642972], [135.36955027, 34.77631056], [135.36959362, 34.77620306], [135.36972084, 34.77610333], [135.36974556, 34.77608389], [135.36980973, 34.77603694], [135.36997612, 34.77591556], [135.37005695, 34.77585639], [135.37030056, 34.77567861], [135.37037473, 34.77562444], [135.37038056, 34.77561889], [135.37053584, 34.77547417], [135.37060166, 34.77541277], [135.37076306, 34.77526222], [135.37083695, 34.77519333], [135.37099166, 34.77504944], [135.37106584, 34.77498], [135.37119195, 34.77486277], [135.37126584, 34.77479361], [135.37137584, 34.77469083], [135.37138612, 34.77466917], [135.37141288, 34.77461317], [135.37145556, 34.77452389], [135.37143388, 34.77445861], [135.37120473, 34.77430861], [135.37105084, 34.77420806], [135.37104195, 34.77421306], [135.37098584, 34.77424389], [135.37090249, 34.77432833], [135.37075445, 34.77447806], [135.37063862, 34.77459556], [135.37033027, 34.77485806], [135.37019027, 34.77497722], [135.36972027, 34.7752875], [135.36960806, 34.77534611], [135.36942388, 34.7754425], [135.36911999, 34.77555583], [135.36893699, 34.77561803], [135.36875138, 34.77568111], [135.36858499, 34.775735], [135.36821195, 34.7758375], [135.36795584, 34.77590777], [135.36742834, 34.77603306], [135.36683527, 34.77619417], [135.36642666, 34.77627444], [135.36620973, 34.7762925], [135.36550834, 34.77633417], [135.36501435, 34.77633948], [135.36496612, 34.77634], [135.36447945, 34.77632722], [135.36428612, 34.77632222], [135.36385027, 34.77626806], [135.36384247, 34.7762671], [135.36375862, 34.77625667], [135.36327416, 34.77611944], [135.36289473, 34.77595306], [135.36285056, 34.77593361], [135.36264138, 34.77584194], [135.36250245, 34.77578954], [135.36204112, 34.77561556], [135.36200999, 34.77560472], [135.3613893, 34.77538804], [135.36121112, 34.77532583], [135.36053638, 34.77509027], [135.36034945, 34.775025], [135.35972027, 34.77486389], [135.35925027, 34.77476389], [135.35887749, 34.77468476], [135.35863916, 34.77463417], [135.35845499, 34.77458694], [135.35796695, 34.77446139], [135.35796249, 34.77446], [135.35794666, 34.77445556], [135.35769945, 34.77438361], [135.35760695, 34.77434333], [135.35757638, 34.77433], [135.35740228, 34.77425663], [135.35734834, 34.77423389], [135.35726556, 34.77419889], [135.35713306, 34.77412194], [135.35687499, 34.77397222], [135.35619527, 34.77354861], [135.35577223, 34.77327472], [135.35512831, 34.77285768], [135.35491916, 34.77272222], [135.35439862, 34.77241806], [135.35401195, 34.77222139], [135.35390695, 34.77216777], [135.35364666, 34.77206639], [135.35363999, 34.77208027], [135.35359056, 34.77218667], [135.35356638, 34.77223833], [135.35355138, 34.77227056], [135.35346584, 34.77245389], [135.35324888, 34.77288944], [135.35308973, 34.77316972], [135.35301027, 34.77324139], [135.35294371, 34.7732634], [135.35293806, 34.77326527], [135.35226166, 34.77329806], [135.35201749, 34.77333889], [135.35194166, 34.77335139], [135.35188777, 34.77336056], [135.35165445, 34.77339944], [135.35114834, 34.77338139], [135.34954306, 34.77339944], [135.34948112, 34.77341917], [135.34941166, 34.77344111], [135.34921416, 34.77350389], [135.34909112, 34.773665], [135.34896473, 34.77374056], [135.34891749, 34.77376889], [135.34888255, 34.77378972], [135.34880195, 34.77383777], [135.34852973, 34.77397], [135.34827416, 34.77409417], [135.34815834, 34.77423722], [135.34801362, 34.77435667], [135.34801306, 34.77435722], [135.34793056, 34.77440722], [135.34784749, 34.77445806], [135.3477824, 34.77448453], [135.34761999, 34.77455056], [135.34751862, 34.7745625], [135.34739584, 34.77455056], [135.3471556, 34.77448955], [135.34711362, 34.77447889], [135.34698556, 34.77444083], [135.34697916, 34.77443889], [135.34683166, 34.77439527], [135.34660027, 34.77435361], [135.34651742, 34.774356], [135.34639777, 34.77435944], [135.34635084, 34.77437056], [135.34633999, 34.77437333], [135.34621666, 34.77440277], [135.34613945, 34.77442111], [135.34602166, 34.77444917], [135.34511473, 34.77468667], [135.34481416, 34.77476527], [135.34433666, 34.77489333], [135.34421388, 34.77492639], [135.34360138, 34.77507194], [135.34344052, 34.77511011], [135.34317366, 34.77517342], [135.34317366, 34.77517342], [135.34310188, 34.77519045], [135.34304638, 34.77520361], [135.34275723, 34.7752575], [135.34246806, 34.77534083], [135.34238112, 34.77544833], [135.34227999, 34.77560944], [135.34229445, 34.77577027], [135.34234862, 34.77625027], [135.34231973, 34.77644111], [135.34182806, 34.77720472], [135.34173138, 34.7774125], [135.34166166, 34.77756277], [135.34166999, 34.77770083], [135.34168334, 34.77792667], [135.34184973, 34.77856472], [135.34185334, 34.77869277], [135.34184776, 34.77876835], [135.34222599, 34.77888182], [135.34287752, 34.77876765], [135.34353799, 34.77867392], [135.34370835, 34.77862382], [135.34396796, 34.77860785], [135.34447686, 34.77852958], [135.34484075, 34.77847353], [135.34504117, 34.77853366], [135.34523157, 34.77863388], [135.34574907, 34.77870576], [135.34639497, 34.7786862], [135.34649281, 34.77931251], [135.34648106, 34.77946126], [135.34653194, 34.7797431], [135.34657108, 34.7798801], [135.34696518, 34.78041764], [135.34743617, 34.78061807], [135.34755641, 34.78102893], [135.34733594, 34.78110909], [135.34729584, 34.7815901], [135.34711545, 34.78184062], [135.34686493, 34.78145981], [135.34673466, 34.78144979], [135.34664446, 34.78156002], [135.34659435, 34.78165021], [135.34651418, 34.78187066], [135.3462035, 34.78240177], [135.34675466, 34.78253205], [135.34716554, 34.78237173], [135.34786701, 34.7827325], [135.34857851, 34.78288283], [135.34869876, 34.78289285], [135.34856846, 34.78351414], [135.34842815, 34.78414546], [135.34838805, 34.78449619], [135.34806734, 34.78534796], [135.34781678, 34.78628992], [135.34777669, 34.78638011], [135.34770653, 34.78692124], [135.34745598, 34.7874323], [135.3471553, 34.78864483], [135.34666421, 34.79022812], [135.34630345, 34.79024815], [135.346261, 34.79060097], [135.34616313, 34.79071913], [135.34581239, 34.79067904], [135.3454817, 34.79063895], [135.34478022, 34.79051868], [135.34444952, 34.79050866], [135.34436934, 34.79066899], [135.34411881, 34.79063892], [135.34335721, 34.79054871], [135.34331763, 34.79040068], [135.34323696, 34.79030821], [135.34307737, 34.79004027], [135.34299646, 34.78996749], [135.3427259, 34.78966686], [135.34258561, 34.78963679], [135.34244531, 34.78958668], [135.3420144, 34.78955661], [135.34162359, 34.78910566], [135.34097223, 34.78873487], [135.34017053, 34.78887515], [135.33940891, 34.78907555], [135.33899272, 34.78911915], [135.33859719, 34.78924588], [135.33808611, 34.78896529], [135.33707398, 34.78890514], [135.33653283, 34.78893519], [135.33530023, 34.78883495], [135.3348593, 34.78880488], [135.33401752, 34.78876477], [135.3330154, 34.78870463], [135.33156422, 34.78865846], [135.33042994, 34.78852419], [135.32975852, 34.78852417], [135.32964826, 34.78929578], [135.32946788, 34.78942605], [135.32900689, 34.78967656], [135.32854591, 34.78997718], [135.32822521, 34.79045818], [135.32807489, 34.79066861], [135.32785441, 34.79107947], [135.3277241, 34.7919613], [135.32774412, 34.79276298], [135.32821512, 34.79258261], [135.32846565, 34.79249243], [135.32865605, 34.79266279], [135.32900679, 34.79269286], [135.32921724, 34.79271291], [135.32933749, 34.79269287], [135.32946777, 34.79270289], [135.32985859, 34.79268286], [135.33017927, 34.7926528], [135.33065027, 34.79246242], [135.33110123, 34.79236222], [135.33108119, 34.79246243], [135.33083816, 34.79274802], [135.33058762, 34.79301106], [135.33013667, 34.79311126], [135.32973581, 34.79327409], [135.32968569, 34.79369998], [135.32971074, 34.79398808], [135.33072537, 34.79443905], [135.3309258, 34.79420105], [135.33121391, 34.79421359], [135.33141433, 34.79425117], [135.33145191, 34.79433885], [135.33091326, 34.79467705], [135.33037461, 34.79496514], [135.33031197, 34.79512798], [135.33081298, 34.79660607], [135.33073781, 34.79688165], [135.33086306, 34.79728249], [135.33133905, 34.79778355], [135.33073777, 34.79809669], [135.33012397, 34.79819688], [135.32957278, 34.79876054], [135.32904665, 34.79934926], [135.32940741, 34.799457], [135.32972308, 34.79942443], [135.3300187, 34.79962737], [135.33047966, 34.79983782], [135.33086296, 34.80015098], [135.33138156, 34.80026874], [135.33184252, 34.80046917], [135.33199284, 34.80049923], [135.33241374, 34.80032889], [135.33284464, 34.80053933], [135.33354611, 34.80108048], [135.33437785, 34.80150138], [135.33438789, 34.80100033], [135.33452819, 34.80096025], [135.3350994, 34.80089012], [135.33525973, 34.80097029], [135.33564052, 34.80148137], [135.33619169, 34.80133106], [135.33630193, 34.801301], [135.33707356, 34.80118077], [135.33791107, 34.80109253], [135.33871704, 34.8010305], [135.33876714, 34.80121087], [135.33891743, 34.80204261], [135.33895751, 34.80220295], [135.33896752, 34.80254366], [135.33897751, 34.8034255], [135.3384564, 34.80365597], [135.33812569, 34.80389647], [135.3376146, 34.8043474], [135.33730393, 34.80478831], [135.33717365, 34.80488852], [135.33667259, 34.8048885], [135.33636193, 34.80481835], [135.33591098, 34.80480832], [135.33547005, 34.80473816], [135.33475856, 34.80437739], [135.33452808, 34.80417697], [135.33431764, 34.80405671], [135.33404707, 34.80403667], [135.33392681, 34.80408677], [135.33378651, 34.80430722], [135.33378623, 34.8046364], [135.33376619, 34.80501683], [135.33280439, 34.80533936], [135.3323835, 34.80539947], [135.33241356, 34.80557985], [135.33237347, 34.80576023], [135.33232336, 34.80585041], [135.33210426, 34.8059178], [135.33148157, 34.80607085], [135.3315016, 34.80647169], [135.3321643, 34.8067187], [135.33280434, 34.80690262], [135.33328535, 34.80705295], [135.33366615, 34.80722331], [135.3333254, 34.80820535], [135.33313498, 34.80868635], [135.33280426, 34.80921746], [135.33237334, 34.80959824], [135.3317019, 34.81007923], [135.33096032, 34.81062034], [135.33139122, 34.81091096], [135.33198245, 34.81133185], [135.332243, 34.81150221], [135.33245344, 34.81170264], [135.33284426, 34.81179283], [135.33328518, 34.8120133], [135.3338163, 34.81232397], [135.33407684, 34.81248431], [135.33439752, 34.81262821], [135.33411531, 34.81280778], [135.33398053, 34.81297419], [135.33398053, 34.81297419], [135.33453779, 34.8133361], [135.33469812, 34.81350646], [135.3349286, 34.81369686], [135.33504885, 34.81387724], [135.33522923, 34.8139073], [135.33563008, 34.81377704], [135.3361111, 34.81375701], [135.33624137, 34.81387726], [135.33629146, 34.81450858], [135.33676245, 34.81465891], [135.33696286, 34.81495954], [135.33738373, 34.81548564], [135.33754056, 34.81554889], [135.33765862, 34.81559639], [135.33775277, 34.81568583], [135.33781056, 34.81581694], [135.33781056, 34.8159125], [135.33773834, 34.8160975], [135.33747777, 34.81643139], [135.33743195, 34.81657194], [135.33742723, 34.81658667], [135.33742112, 34.81664583], [135.33741806, 34.81667722], [135.33740556, 34.81680139], [135.33736223, 34.81698], [135.33724638, 34.81711139], [135.33716866, 34.81715577], [135.33715249, 34.817165], [135.3371099, 34.81717469], [135.33688138, 34.81722667], [135.33673306, 34.81726057], [135.33619084, 34.8174275], [135.33580749, 34.81756222], [135.33567388, 34.81760944], [135.33525445, 34.81772277], [135.33484249, 34.81782417], [135.33480056, 34.81787026], [135.33475556, 34.81791972], [135.33468223, 34.81804557], [135.33444166, 34.81845777], [135.33441584, 34.81850167], [135.33438999, 34.81854611], [135.33438666, 34.81855194], [135.3343838, 34.81855466], [135.3343838, 34.81855466], [135.33472833, 34.81870127], [135.33485828, 34.81885763], [135.33489836, 34.81900795], [135.33456765, 34.81933863], [135.33463779, 34.81956911], [135.33493842, 34.81958916], [135.3353493, 34.81930859], [135.33549962, 34.8192184], [135.33586039, 34.81922843], [135.33606081, 34.81909816], [135.33653182, 34.81889776], [135.33663203, 34.81889776], [135.33674226, 34.81892782], [135.33688256, 34.81893785], [135.33701283, 34.81896791], [135.33749385, 34.81902805], [135.338035, 34.81889779], [135.33834565, 34.81906815], [135.33864628, 34.81913831], [135.33923754, 34.81896796], [135.33939788, 34.81891786], [135.33993902, 34.81881767], [135.34065053, 34.81875756], [135.34057035, 34.8192085], [135.34047013, 34.81936883], [135.34048014, 34.81959931], [135.3404601, 34.81966946], [135.34058035, 34.81967948], [135.34070061, 34.8196394], [135.34100124, 34.81966947], [135.34132192, 34.81954923], [135.3414465, 34.81955728], [135.3417028, 34.81949322], [135.3419733, 34.81956928], [135.3421637, 34.81958933], [135.34240421, 34.81948913], [135.34247437, 34.81933881], [135.34275498, 34.8188979], [135.3428051, 34.81840687], [135.34282515, 34.81814633], [135.34287219, 34.81777933], [135.34302559, 34.81773548], [135.34310576, 34.81771544], [135.34338635, 34.81759519], [135.34363687, 34.81788581], [135.34419807, 34.81754511], [135.34430827, 34.8185472], [135.34430826, 34.81877768], [135.34439844, 34.81913844], [135.34458884, 34.81916851], [135.3448093, 34.8194491], [135.34483935, 34.81992008], [135.34494955, 34.82094222], [135.34579133, 34.82081197], [135.34553084, 34.81897813], [135.34700397, 34.81872764], [135.34681362, 34.81701406], [135.34575138, 34.81693387], [135.34581152, 34.81657311], [135.34631619, 34.81641788], [135.34650299, 34.81616227], [135.34665332, 34.81594182], [135.34679676, 34.81579319], [135.34703413, 34.81563118], [135.34751516, 34.8153506], [135.34765546, 34.81515019], [135.34773564, 34.81498985], [135.34788604, 34.81489621], [135.34832688, 34.81513016], [135.3484772, 34.81520031], [135.34856739, 34.8152905], [135.34882793, 34.81540074], [135.34898828, 34.81523038], [135.34914861, 34.8153306], [135.34931897, 34.81543081], [135.35012067, 34.8153707], [135.35012859, 34.81550495], [135.35043131, 34.81579159], [135.35022086, 34.81598198], [135.35047138, 34.8161323], [135.35084217, 34.81617239], [135.35083214, 34.81628262], [135.35062512, 34.816434], [135.35047137, 34.8165131], [135.35041124, 34.81676362], [135.35056155, 34.81697406], [135.3508221, 34.81693398], [135.35097241, 34.81704422], [135.35109267, 34.81709432], [135.35129709, 34.81743704], [135.3515456, 34.81791805], [135.35179412, 34.81803831], [135.35190634, 34.81839105], [135.35206668, 34.81851932], [135.35214684, 34.81872776], [135.35189828, 34.81968175], [135.35199447, 34.82001845], [135.35213076, 34.82007457], [135.35244339, 34.82097245], [135.35275605, 34.82088428], [135.35256368, 34.81993028], [135.35256369, 34.81968176], [135.35274007, 34.81951341], [135.35278017, 34.81889613], [135.35298862, 34.81876786], [135.35320508, 34.81879192], [135.35341351, 34.81892821], [135.35370056, 34.8189649], [135.35383841, 34.8189683], [135.35388652, 34.8187759], [135.35402281, 34.81871177], [135.35440537, 34.8189489], [135.35468019, 34.81889617], [135.35473632, 34.8186717], [135.35508106, 34.81835104], [135.35516924, 34.81836708], [135.35527346, 34.81843121], [135.35554604, 34.81845527], [135.35601102, 34.8185595], [135.35640384, 34.81868777], [135.35685279, 34.81880002], [135.35642787, 34.81932911], [135.3565401, 34.8195616], [135.3566363, 34.81977806], [135.35658818, 34.82015484], [135.35637973, 34.82054766], [135.3562755, 34.82080419], [135.35617929, 34.82092444], [135.35596283, 34.82112485], [135.35564215, 34.82095649], [135.35493666, 34.82091639], [135.35480838, 34.82143748], [135.35480836, 34.82179823], [135.35489654, 34.82215097], [135.355062, 34.82248888], [135.35536952, 34.82274422], [135.35581045, 34.82280837], [135.35605897, 34.82296871], [135.3565079, 34.82340964], [135.35658005, 34.82353791], [135.35670832, 34.82362609], [135.35692009, 34.82359416], [135.3571924, 34.82367426], [135.35785316, 34.82363823], [135.35807341, 34.82363824], [135.35864842, 34.82359407], [135.35850413, 34.8233215], [135.35852017, 34.82308901], [135.35851216, 34.8229367], [135.35878473, 34.82311307], [135.35899447, 34.8234981], [135.35916149, 34.82411517], [135.35920958, 34.82439576], [135.35946612, 34.82443585], [135.3596906, 34.82437974], [135.35989548, 34.82415886], [135.36029597, 34.82335797], [135.36078899, 34.82247178], [135.36112571, 34.82224732], [135.36135821, 34.82194269], [135.36145441, 34.8219026], [135.36206372, 34.82125326], [135.36264898, 34.82056384], [135.36258485, 34.8204035], [135.36248064, 34.82033936], [135.36241851, 34.82029459], [135.36238444, 34.82008282], [135.36243255, 34.81980224], [135.36271886, 34.81997424], [135.36287347, 34.82019507], [135.3630258, 34.82004276], [135.36310597, 34.81985837], [135.36381948, 34.81989847], [135.3644929, 34.81995461], [135.36549502, 34.8199867], [135.36568742, 34.82016307], [135.36540681, 34.82062002], [135.36525448, 34.8209006], [135.36502198, 34.8212373], [135.36464517, 34.82157399], [135.36470128, 34.82175838], [135.36484558, 34.82192673], [135.36507808, 34.82177442], [135.3654629, 34.82168624], [135.36564728, 34.82198287], [135.36559916, 34.82244784], [135.36560207, 34.82263729], [135.36577552, 34.82277653], [135.36608818, 34.82270438], [135.3662428, 34.82287757], [135.36661248, 34.82310203], [135.36674075, 34.82323671], [135.36704859, 34.8233714], [135.36717045, 34.82328161], [135.3673821, 34.82323673], [135.3676643, 34.82317901], [135.36772202, 34.82315977], [135.36807477, 34.82312771], [135.36829283, 34.82310207], [135.368466, 34.8231149], [135.36829283, 34.82324957], [135.36815173, 34.8233137], [135.36807476, 34.8234099], [135.36795931, 34.82354458], [135.36794007, 34.82358948], [135.36791441, 34.82367285], [135.36792082, 34.82382677], [135.36789516, 34.82406407], [135.3676844, 34.82431922], [135.36736922, 34.82482083], [135.36710626, 34.82489779], [135.36642294, 34.82499995], [135.36606252, 34.8251401], [135.36576581, 34.82533387], [135.36579788, 34.82537876], [135.36589408, 34.82553269], [135.36584224, 34.82582086], [135.36547718, 34.82612912], [135.36507311, 34.8264562], [135.36467546, 34.82672555], [135.36428042, 34.82690203], [135.36418802, 34.82692435], [135.3638399, 34.82714229], [135.36382885, 34.8272386], [135.36398278, 34.82727708], [135.36436759, 34.82737971], [135.36445738, 34.8274246], [135.36459206, 34.82741178], [135.36473957, 34.82743102], [135.36520134, 34.82752724], [135.36520775, 34.82773246], [135.36516927, 34.82777736], [135.36497685, 34.82811726], [135.36499609, 34.82814933], [135.36510512, 34.82829684], [135.36522696, 34.82856621], [135.3652975, 34.8290408], [135.36533597, 34.82940636], [135.36529107, 34.82948332], [135.36530149, 34.82970519], [135.36514995, 34.8301439], [135.36509221, 34.83056718], [135.36522689, 34.83078524], [135.36540647, 34.83072111], [135.36564186, 34.83042601], [135.36586185, 34.83016957], [135.36612482, 34.82994511], [135.36685558, 34.82947053], [135.36715622, 34.82934027], [135.36748692, 34.82924006], [135.36790782, 34.82883924], [135.36858929, 34.82819791], [135.36971164, 34.82877915], [135.37053339, 34.82836831], [135.37117477, 34.8278272], [135.37080399, 34.82761675], [135.36973173, 34.82724595], [135.36984197, 34.82708562], [135.37025285, 34.82692529], [135.37087417, 34.82670485], [135.37125499, 34.82608356], [135.37136527, 34.82484097], [135.37150558, 34.82441007], [135.37181625, 34.82410945], [135.3720267, 34.82392908], [135.37218705, 34.82352825], [135.37217705, 34.82303722], [135.37206683, 34.82254619], [135.37246768, 34.82242595], [135.37256788, 34.82279673], [135.37278834, 34.82293702], [135.37297874, 34.82303724], [135.3732393, 34.82290697], [135.37328941, 34.82275666], [135.37330947, 34.82203515], [135.37356003, 34.82135374], [135.37358008, 34.82117336], [135.3737304, 34.82107315], [135.37400097, 34.82110322], [135.37442185, 34.82122348], [135.37462228, 34.82124353], [135.37530371, 34.82142392], [135.37535381, 34.82168447], [135.37535381, 34.82181474], [135.37550412, 34.82201516], [135.37558427, 34.8223659], [135.37559428, 34.82266652], [135.37524353, 34.82291704], [135.37515334, 34.82308739], [135.37513329, 34.82315754], [135.37501303, 34.82332789], [135.37503307, 34.82343812], [135.37516334, 34.82366861], [135.37536376, 34.82381893], [135.37555416, 34.82392916], [135.37561427, 34.82423981], [135.37575445, 34.82426735], [135.37587483, 34.82421977], [135.37602515, 34.82401936], [135.37607524, 34.82448032], [135.37617545, 34.82464066], [135.37640593, 34.82470079], [135.37656626, 34.82516176], [135.37671657, 34.82519182], [135.37693504, 34.82497337], [135.37692703, 34.8248451], [135.37717555, 34.82490924], [135.37713841, 34.82521564], [135.37719959, 34.82527801], [135.37736793, 34.82584721], [135.37737594, 34.82596746], [135.37748437, 34.8260614], [135.37752826, 34.82599151], [135.37772868, 34.82605565], [135.37790505, 34.82611979], [135.37800125, 34.82619194], [135.37811348, 34.82644848], [135.37822572, 34.8265046], [135.37832192, 34.82654469], [135.37843264, 34.82662525], [135.37869872, 34.82660081], [135.37893922, 34.82661685], [135.37918775, 34.82660082], [135.37968849, 34.82633055], [135.37989326, 34.82613587], [135.38034206, 34.82572829], [135.38059075, 34.82563885], [135.38067894, 34.82546248], [135.38088029, 34.82535669], [135.38103408, 34.82489537], [135.38124016, 34.82449247], [135.38152878, 34.82421189], [135.38194567, 34.8241157], [135.38245875, 34.82397942], [135.38275538, 34.82398745], [135.38314019, 34.82424399], [135.38335356, 34.82431878], [135.38362921, 34.82454864], [135.38389378, 34.82432418], [135.38407015, 34.82426005], [135.38427058, 34.8241879], [135.38436593, 34.8241394], [135.38460729, 34.82413981], [135.38495152, 34.82420245], [135.38533984, 34.82406467], [135.38561543, 34.82400204], [135.38605385, 34.82406468], [135.38638545, 34.8243082], [135.38648806, 34.82445571], [135.38666122, 34.82453268], [135.38653294, 34.82484052], [135.38646238, 34.82504574], [135.38643673, 34.82514836], [135.38655216, 34.82546262], [135.3863854, 34.82571273], [135.38630201, 34.82595644], [135.3860647, 34.82623862], [135.38605829, 34.82629635], [135.38600055, 34.82671321], [135.38585303, 34.82698257], [135.38529504, 34.82729682], [135.38500642, 34.82744432], [135.38473545, 34.82748279], [135.38459916, 34.82754692], [135.38425443, 34.82769122], [135.38392572, 34.82801188], [135.38368519, 34.82872536], [135.38427043, 34.82870133], [135.38454301, 34.8283486], [135.38501602, 34.82830051], [135.3853367, 34.82798786], [135.38570549, 34.82777142], [135.38613776, 34.82784197], [135.38659954, 34.82781633], [135.38678938, 34.8279446], [135.38694842, 34.8282114], [135.3869997, 34.82922729], [135.3871998, 34.82939147], [135.38741016, 34.8292786], [135.3875487, 34.82911955], [135.38757437, 34.82867831], [135.38732335, 34.82796642], [135.38746665, 34.82787279], [135.38725118, 34.82729301], [135.38725631, 34.82714935], [135.38733296, 34.8270259], [135.38776941, 34.82688257], [135.38814267, 34.8269217], [135.38820039, 34.82699032], [135.38840047, 34.8278215], [135.38868266, 34.82800109], [135.38881606, 34.82814828], [135.38891353, 34.82853982], [135.38899048, 34.82892462], [135.3894779, 34.82929917], [135.38983191, 34.8296532], [135.39018082, 34.82951468], [135.39026708, 34.82948711], [135.3906272, 34.82950443], [135.39100174, 34.82976097], [135.39149368, 34.8293749], [135.39151998, 34.82927357], [135.39113517, 34.82891954], [135.39115571, 34.82865274], [135.39122241, 34.82852448], [135.39128912, 34.82838595], [135.39140201, 34.82803706], [135.39132505, 34.8278267], [135.39133019, 34.82749834], [135.39129428, 34.82751886], [135.39138151, 34.82719563], [135.39154358, 34.82719143], [135.3921792, 34.82718384], [135.39232951, 34.82735921], [135.39243973, 34.82765132], [135.39265518, 34.82782268], [135.39288065, 34.82810829], [135.39319331, 34.82809226], [135.39325944, 34.82799661], [135.393514, 34.82769945], [135.39359419, 34.82737878], [135.39361023, 34.82705009], [135.39356214, 34.82668132], [135.39347397, 34.8261442], [135.39361028, 34.82567121], [135.39387485, 34.82531848], [135.39394701, 34.82519022], [135.39422552, 34.82493412], [135.3945946, 34.82436005], [135.39493292, 34.82404226], [135.39515761, 34.82389153], [135.39528588, 34.8238274], [135.39552639, 34.82386749], [135.39625592, 34.82410801], [135.39640023, 34.82415611], [135.39655255, 34.82422025], [135.39702554, 34.82432448], [135.39690528, 34.8245249], [135.39778288, 34.82483169], [135.398603, 34.82521101], [135.39909508, 34.82543655], [135.40012003, 34.82595997], [135.4000639, 34.82625658], [135.39988753, 34.82628865], [135.39933437, 34.82597598], [135.39914997, 34.82628061], [135.39866896, 34.82608018], [135.39854871, 34.82600001], [135.39834668, 34.82594911], [135.39777108, 34.82563924], [135.39771496, 34.82560717], [135.39758806, 34.82571331], [135.39754659, 34.82594387], [135.39716178, 34.8258156], [135.39703351, 34.82586369], [135.39700944, 34.82630461], [135.39682505, 34.82636073], [135.39666471, 34.82628056], [135.39658456, 34.8258717], [135.39616767, 34.82597591], [135.39601534, 34.82621641], [135.39574272, 34.82662565], [135.3954659, 34.82714847], [135.39514946, 34.82779569], [135.39491695, 34.82825263], [135.39494901, 34.82845305], [135.39490892, 34.82863744], [135.39482073, 34.82879777], [135.39470849, 34.82896612], [135.39441184, 34.8294391], [135.39448399, 34.82954332], [135.39461239, 34.82959831], [135.39497252, 34.82973924], [135.39551616, 34.82988205], [135.39570655, 34.83024281], [135.39624767, 34.83107456], [135.39652826, 34.83107456], [135.39678882, 34.83096434], [135.39706941, 34.83098439], [135.39733997, 34.83135517], [135.39777088, 34.83143535], [135.39799134, 34.83165581], [135.39808152, 34.83184621], [135.39857256, 34.83186626], [135.39865274, 34.83148547], [135.39895338, 34.83145542], [135.39949452, 34.83152557], [135.39979515, 34.83173602], [135.40067701, 34.83188636], [135.40107784, 34.83238741], [135.40114798, 34.83256779], [135.40109786, 34.83302875], [135.40076714, 34.83356987], [135.40021598, 34.83360994], [135.39963475, 34.83362997], [135.39929403, 34.83360992], [135.39900342, 34.83349969], [135.39854245, 34.83324915], [135.39788105, 34.83322909], [135.39734992, 34.83338942], [135.39738999, 34.83383034], [135.39738999, 34.83404078], [135.39742004, 34.83425122], [135.39729978, 34.83436145], [135.39715949, 34.83440153], [135.39688892, 34.83429129], [135.39637783, 34.83448168], [135.39578657, 34.83465202], [135.3957064, 34.8346921], [135.39524542, 34.83501276], [135.39491471, 34.83530336], [135.39420321, 34.83518309], [135.39388252, 34.83544363], [135.39365486, 34.83582302], [135.39389159, 34.83583761], [135.39409722, 34.83585028], [135.39430639, 34.83586222], [135.39452334, 34.83585028], [135.39490527, 34.83604833], [135.39494445, 34.83606849], [135.39497166, 34.8360825], [135.39515249, 34.83607694], [135.39523551, 34.83605519], [135.39527972, 34.83604361], [135.39572388, 34.83592777], [135.39580949, 34.83590756], [135.3960275, 34.83585611], [135.39617223, 34.83581444], [135.3962875, 34.83577806], [135.39640916, 34.83573972], [135.3964875, 34.835715], [135.39665945, 34.83566083], [135.39679527, 34.83561806], [135.39684777, 34.83560167], [135.39690362, 34.83558389], [135.39695365, 34.83556814], [135.39721334, 34.83548639], [135.39730749, 34.83545639], [135.39740862, 34.83537307], [135.39743806, 34.83539889], [135.39751195, 34.83546361], [135.3975175, 34.83546861], [135.39758249, 34.83552527], [135.39764695, 34.83558167], [135.39765472, 34.83559667], [135.39769777, 34.83568027], [135.39769778, 34.8357875], [135.39757678, 34.83589894], [135.39757473, 34.83590083], [135.39753079, 34.83595945], [135.39748084, 34.83602611], [135.39735813, 34.83606017], [135.39734983, 34.836065], [135.3972396, 34.83611511], [135.39699908, 34.83645581], [135.39726962, 34.83733766], [135.39723953, 34.83820948], [135.39733972, 34.83870051], [135.39807127, 34.83856023], [135.39857234, 34.83821953], [135.39854229, 34.83804918], [135.39811139, 34.83754812], [135.39808134, 34.83730762], [135.39831183, 34.83720741], [135.3982016, 34.83702703], [135.39865256, 34.83698696], [135.39923379, 34.83681662], [135.39919373, 34.83615524], [135.39899332, 34.83564416], [135.39929395, 34.83572434], [135.39941422, 34.83536359], [135.40158882, 34.83546385], [135.40157877, 34.83603504], [135.40331244, 34.83608518], [135.40347277, 34.83641588], [135.40436465, 34.83640588], [135.40474549, 34.83539377], [135.40517642, 34.83489274], [135.40530671, 34.83442176], [135.40607838, 34.8334297], [135.40649927, 34.83339965], [135.40664958, 34.83344976], [135.40711056, 34.83350989], [135.40733102, 34.83363015], [135.40741852, 34.83360252]]]}}, {"type": "Feature", "id": "did-1980-17", "properties": {"A16_001": "282042", "A16_002": "28204", "A16_003": "西宮市", "A16_004": "2", "A16_005": "5877", "A16_006": "1.3", "A16_007": "0", "A16_008": "0.0", "A16_009": "1.4", "A16_010": "1.3", "A16_011": "1980", "year": 1980, "population": 5877.0, "areaKm2": 1.3, "density": 4520.7692307692305}, "geometry": {"type": "Polygon", "coordinates": [[[135.3343838, 34.81855466], [135.33438666, 34.81855194], [135.33438999, 34.81854611], [135.33441584, 34.81850167], [135.33444166, 34.81845777], [135.33468223, 34.81804557], [135.33475556, 34.81791972], [135.33480056, 34.81787026], [135.33484249, 34.81782417], [135.33525445, 34.81772277], [135.33567388, 34.81760944], [135.33580749, 34.81756222], [135.33619084, 34.8174275], [135.33673306, 34.81726057], [135.33688138, 34.81722667], [135.3371099, 34.81717469], [135.33715249, 34.817165], [135.33716866, 34.81715577], [135.33724638, 34.81711139], [135.33736223, 34.81698], [135.33740556, 34.81680139], [135.33741806, 34.81667722], [135.33742112, 34.81664583], [135.33742723, 34.81658667], [135.33743195, 34.81657194], [135.33747777, 34.81643139], [135.33773834, 34.8160975], [135.33781056, 34.8159125], [135.33781056, 34.81581694], [135.33775277, 34.81568583], [135.33765862, 34.81559639], [135.33754056, 34.81554889], [135.33738373, 34.81548564], [135.33696286, 34.81495954], [135.33676245, 34.81465891], [135.33629146, 34.81450858], [135.33624137, 34.81387726], [135.3361111, 34.81375701], [135.33563008, 34.81377704], [135.33522923, 34.8139073], [135.33504885, 34.81387724], [135.3349286, 34.81369686], [135.33469812, 34.81350646], [135.33453779, 34.8133361], [135.33398053, 34.81297419], [135.33398053, 34.81297419], [135.3336935, 34.81332856], [135.33358991, 34.81395571], [135.33346798, 34.81469391], [135.3333301, 34.81736197], [135.33301691, 34.81808848], [135.33261606, 34.81818868], [135.33255345, 34.81767511], [135.33160143, 34.81770014], [135.33151376, 34.81728678], [135.33150125, 34.81671057], [135.32965987, 34.81639738], [135.3294093, 34.81772514], [135.32640295, 34.81756223], [135.32639046, 34.81627204], [135.32664114, 34.81181273], [135.32424859, 34.81173752], [135.32308363, 34.81161223], [135.32260762, 34.8116999], [135.32248366, 34.81317673], [135.32240712, 34.8138544], [135.3223194, 34.81480639], [135.3222818, 34.81558301], [135.3222442, 34.81618426], [135.32221913, 34.81654752], [135.32223163, 34.8174494], [135.32218782, 34.81753104], [135.32142382, 34.81749464], [135.32055308, 34.81743684], [135.32035265, 34.81767483], [135.32036517, 34.81781262], [135.32029599, 34.81811308], [135.3201021, 34.81817587], [135.31988915, 34.81815081], [135.31952588, 34.81821344], [135.31900446, 34.81818581], [135.3182106, 34.81837625], [135.31787664, 34.81856777], [135.31747644, 34.81884061], [135.31707066, 34.81911526], [135.31690781, 34.81939083], [135.31679506, 34.81971651], [135.31677, 34.81996703], [135.31670735, 34.82029271], [135.31687019, 34.82060587], [135.31705797, 34.82129625], [135.31712781, 34.82163895], [135.31730242, 34.82212791], [135.31727097, 34.82239712], [135.31734613, 34.82257249], [135.31736061, 34.8227682], [135.31735863, 34.82313617], [135.31729074, 34.82339684], [135.31728346, 34.82354953], [135.31724588, 34.82372489], [135.31727092, 34.82391278], [135.31712059, 34.82421341], [135.31702037, 34.82458919], [135.31690762, 34.82480213], [135.31670719, 34.82506518], [135.31649902, 34.82532933], [135.31609155, 34.82557379], [135.3158005, 34.82570185], [135.31548616, 34.82578333], [135.31526496, 34.82579497], [135.3149972, 34.82579496], [135.31466535, 34.82589186], [135.3146904, 34.82597954], [135.3147906, 34.82610481], [135.31494092, 34.82615491], [135.31539187, 34.82624261], [135.31574261, 34.82630525], [135.31601819, 34.82636788], [135.31611839, 34.82666851], [135.31639421, 34.82652841], [135.31665704, 34.82634284], [135.31689482, 34.82614425], [135.31729066, 34.82570188], [135.31804752, 34.82514037], [135.31881164, 34.82506523], [135.31919996, 34.82512787], [135.31942543, 34.82525313], [135.31963838, 34.82526566], [135.32011439, 34.8252281], [135.32020208, 34.82519052], [135.32036492, 34.82521558], [135.32065303, 34.82521558], [135.3214923, 34.82526571], [135.32193073, 34.82536593], [135.32189322, 34.823249], [135.32231912, 34.82317386], [135.3223943, 34.82266029], [135.32183062, 34.82229702], [135.32069071, 34.82209657], [135.32052789, 34.82149531], [135.32223149, 34.82162061], [135.32397266, 34.82177097], [135.32418563, 34.82126992], [135.32469922, 34.82130752], [135.32479943, 34.82132004], [135.32537564, 34.82145784], [135.32594074, 34.82153438], [135.32655312, 34.82167082], [135.32717945, 34.82164578], [135.32740493, 34.82164578], [135.32753019, 34.82168337], [135.32813146, 34.82157064], [135.32878284, 34.82163329], [135.32922127, 34.82148299], [135.32957201, 34.82150805], [135.33006055, 34.82140785], [135.33072446, 34.82121997], [135.33086529, 34.82110376], [135.33116798, 34.82102227], [135.33152717, 34.8208437], [135.33157546, 34.82082437], [135.33232787, 34.82046844], [135.33267863, 34.82019287], [135.33271368, 34.82021935], [135.33273445, 34.82018333], [135.33287195, 34.82014139], [135.33307973, 34.82012557], [135.33326223, 34.82011167], [135.33334195, 34.82007583], [135.33338527, 34.82003417], [135.33356612, 34.81972389], [135.33358277, 34.81969389], [135.33381195, 34.8192825], [135.33409749, 34.81882611], [135.33419138, 34.81873694], [135.33424166, 34.81868944], [135.3343838, 34.81855466]]]}}, {"type": "Feature", "id": "did-1980-19", "properties": {"A16_001": "281093", "A16_002": "28109", "A16_003": "北区", "A16_004": "3", "A16_005": "14020", "A16_006": "1.1", "A16_007": "12771", "A16_008": "0.9", "A16_009": "8.5", "A16_010": "0.5", "A16_011": "1980", "year": 1980, "population": 14020.0, "areaKm2": 1.1, "density": 12745.454545454544}, "geometry": {"type": "Polygon", "coordinates": [[[135.23272354, 34.81708521], [135.2332805, 34.81690801], [135.23332695, 34.81671611], [135.23333573, 34.81658789], [135.23334239, 34.81649079], [135.23334862, 34.8164], [135.23333416, 34.81623889], [135.23324749, 34.81608972], [135.23314689, 34.81601082], [135.23309556, 34.81597057], [135.23298027, 34.81586917], [135.23291699, 34.81576117], [135.23287888, 34.81569611], [135.23285041, 34.81547877], [135.23284999, 34.81547557], [135.23288788, 34.81536592], [135.23298388, 34.81508807], [135.23299816, 34.81492308], [135.23300556, 34.8148375], [135.23296945, 34.81456307], [135.23310666, 34.81437807], [135.23317091, 34.81433169], [135.23333806, 34.81421111], [135.23346112, 34.81406777], [135.23352431, 34.81393733], [135.23354777, 34.81388889], [135.23355499, 34.81370389], [135.23349723, 34.813525], [135.23345388, 34.81331639], [135.23348999, 34.81317917], [135.23360556, 34.81309861], [135.23367806, 34.81304807], [135.23373584, 34.81296444], [135.23372862, 34.81288083], [135.23369666, 34.81270347], [135.23368888, 34.81266027], [135.23373945, 34.81248139], [135.23396362, 34.81242167], [135.2341371, 34.81235473], [135.23418027, 34.81233807], [135.23449862, 34.81214722], [135.23461416, 34.81199222], [135.23466005, 34.81189769], [135.23471556, 34.81178333], [135.23478777, 34.81160444], [135.23499749, 34.8114375], [135.23522166, 34.81132417], [135.23536198, 34.81128214], [135.23553973, 34.81122889], [135.23566665, 34.81121796], [135.23574945, 34.81121083], [135.23595916, 34.811175], [135.23606056, 34.81113333], [135.23619416, 34.81098417], [135.23627322, 34.81084916], [135.23639666, 34.81063833], [135.23649084, 34.81055472], [135.23657349, 34.81050819], [135.23664973, 34.81046527], [135.23672223, 34.81045333], [135.23691027, 34.81045917], [135.23704179, 34.81046666], [135.23711999, 34.81047111], [135.23732945, 34.81045333], [135.23770527, 34.81035777], [135.23775634, 34.81032719], [135.23778499, 34.81031], [135.23789334, 34.81019083], [135.23798723, 34.81000583], [135.23800417, 34.80998751], [135.23810306, 34.80988057], [135.23827926, 34.80983973], [135.23833445, 34.80982694], [135.23858749, 34.80974944], [135.23871056, 34.80964833], [135.23878277, 34.80949307], [135.23879489, 34.80946208], [135.23884286, 34.80933937], [135.23885617, 34.80927673], [135.23788495, 34.80827447], [135.2366347, 34.80865674], [135.23408253, 34.80930761], [135.23384488, 34.80954525], [135.23282192, 34.81042347], [135.23226399, 34.80973119], [135.23206768, 34.80943155], [135.23167506, 34.80894593], [135.23163376, 34.80793336], [135.23106546, 34.80822265], [135.23029052, 34.80840862], [135.22980282, 34.80827635], [135.22958791, 34.80829288], [135.22941432, 34.80825155], [135.22886876, 34.80816888], [135.22857119, 34.80817713], [135.22810002, 34.80820192], [135.22792643, 34.80825978], [135.22736458, 34.80842532], [135.2268601, 34.80851599], [135.22622361, 34.80869783], [135.22565325, 34.80885487], [135.2255706, 34.8085325], [135.22543835, 34.80822666], [135.22459522, 34.80825144], [135.22448776, 34.8082597], [135.22436377, 34.80825143], [135.22429764, 34.80825143], [135.22349583, 34.80824314], [135.2233553, 34.80854071], [135.22323131, 34.80868949], [135.22311558, 34.80882174], [135.22323129, 34.80899533], [135.22326436, 34.80906972], [135.22333875, 34.80918545], [135.22348753, 34.80945822], [135.22261132, 34.80973924], [135.2219335, 34.80990454], [135.22194274, 34.8095666], [135.22202429, 34.80909781], [135.22208232, 34.80893744], [135.22233856, 34.80892918], [135.22245235, 34.80846597], [135.22267657, 34.80801757], [135.22275192, 34.80744961], [135.22284284, 34.80739175], [135.22295859, 34.8069206], [135.2227569, 34.80687761], [135.2224461, 34.80674535], [135.22208136, 34.80663644], [135.2220297, 34.80644271], [135.22153892, 34.80624897], [135.22104088, 34.80654859], [135.22091895, 34.80668808], [135.22009232, 34.80745006], [135.2197565, 34.80764379], [135.21952402, 34.80764378], [135.21871034, 34.80750169], [135.21850158, 34.80793664], [135.21847774, 34.80811939], [135.21845354, 34.80840835], [135.21880384, 34.8085678], [135.21933378, 34.80891431], [135.21953689, 34.80897406], [135.21964021, 34.80906447], [135.21982568, 34.80911924], [135.220131, 34.80928404], [135.2203547, 34.80937549], [135.22086718, 34.80967152], [135.22156152, 34.81002852], [135.22164211, 34.81014941], [135.22173887, 34.81083029], [135.22169809, 34.81136022], [135.22170198, 34.81182221], [135.22230955, 34.81203285], [135.22332867, 34.81250166], [135.22420511, 34.81284818], [135.22489811, 34.81315393], [135.22502591, 34.81337832], [135.22498715, 34.81388202], [135.22494838, 34.81448904], [135.22522322, 34.81457481], [135.22533167, 34.8146092], [135.22537201, 34.81463267], [135.225496, 34.8146988], [135.22577704, 34.81485586], [135.22434772, 34.8148864], [135.2238993, 34.81490677], [135.22386344, 34.81517353], [135.22396674, 34.81575472], [135.22430693, 34.81572206], [135.22485726, 34.81574246], [135.2254908, 34.81574184], [135.22554764, 34.8154138], [135.2260994, 34.81540968], [135.22626573, 34.81594851], [135.22634735, 34.81606268], [135.22640779, 34.81629723], [135.22645945, 34.81640055], [135.22654986, 34.81658137], [135.22670483, 34.81702049], [135.22680815, 34.81716256], [135.22697605, 34.81731755], [135.22720852, 34.81767919], [135.22733922, 34.81776546], [135.2275624, 34.81788946], [135.2279013, 34.81800519], [135.22820714, 34.81812091], [135.22863698, 34.81820358], [135.22883588, 34.81819584], [135.22915877, 34.81806669], [135.22973999, 34.81792464], [135.22994664, 34.81782132], [135.23060535, 34.81767926], [135.23158798, 34.8173936], [135.23225857, 34.81722727], [135.23272354, 34.81708521]]]}}, {"type": "Feature", "id": "did-1980-20", "properties": {"A16_001": "282071", "A16_002": "28207", "A16_003": "伊丹市", "A16_004": "1", "A16_005": "177947", "A16_006": "24.6", "A16_007": "168678", "A16_008": "22.8", "A16_009": "99.8", "A16_010": "98.0", "A16_011": "1980", "year": 1980, "population": 177947.0, "areaKm2": 24.6, "density": 7233.617886178861}, "geometry": {"type": "Polygon", "coordinates": [[[135.40064861, 34.80834389], [135.40078584, 34.80781333], [135.40078841, 34.80780525], [135.40088722, 34.80749417], [135.40091775, 34.80738033], [135.40106805, 34.80682], [135.4011475, 34.80646806], [135.40116334, 34.80640861], [135.40118445, 34.80632806], [135.40123639, 34.80613194], [135.40132111, 34.80581194], [135.40138139, 34.80569306], [135.40145111, 34.80555556], [135.4016825, 34.80511722], [135.40173528, 34.80501528], [135.40177945, 34.80492972], [135.40195139, 34.80459806], [135.40199166, 34.80452028], [135.40225431, 34.80401304], [135.40231889, 34.80388833], [135.40239666, 34.80372778], [135.40241305, 34.80369417], [135.4025675, 34.80337556], [135.40258166, 34.80334611], [135.4026275, 34.80325194], [135.4026625, 34.80318], [135.40278889, 34.80291917], [135.4030275, 34.80242417], [135.403085, 34.80232556], [135.40311639, 34.80227194], [135.40317084, 34.80217861], [135.40318428, 34.80215553], [135.40320805, 34.80211473], [135.40325139, 34.80204056], [135.40328611, 34.80198083], [135.40332945, 34.80190667], [135.40339639, 34.80179194], [135.40346861, 34.80164861], [135.40350639, 34.80157723], [135.40370722, 34.80119528], [135.40378916, 34.80105417], [135.40381305, 34.80101333], [135.40387361, 34.80090917], [135.40390972, 34.80078389], [135.40402555, 34.80061083], [135.404105, 34.80048556], [135.40421334, 34.80044389], [135.40447361, 34.80043194], [135.40480611, 34.80047973], [135.40496945, 34.80056556], [135.40503342, 34.80059923], [135.40503384, 34.80059945], [135.40503429, 34.80059969], [135.40509611, 34.80063222], [135.405305, 34.80074222], [135.40542805, 34.80087333], [135.405645, 34.80097473], [135.4059775, 34.80104056], [135.40615834, 34.80105833], [135.40630305, 34.80111194], [135.40667916, 34.80113583], [135.40680584, 34.80114278], [135.40712, 34.80115972], [135.40727889, 34.80117778], [135.40756834, 34.8012075], [135.40768389, 34.80123722], [135.40777611, 34.80125639], [135.408315, 34.80136944], [135.40843778, 34.801395], [135.40860945, 34.80143111], [135.40869916, 34.80145528], [135.40900723, 34.80153861], [135.40933195, 34.80158333], [135.40944111, 34.80159833], [135.40990361, 34.80169361], [135.41006722, 34.80167861], [135.41017148, 34.80166903], [135.4102563, 34.80166122], [135.41058361, 34.80163111], [135.41069945, 34.80162028], [135.41074398, 34.80161619], [135.41087805, 34.80160389], [135.41102139, 34.80159083], [135.41106347, 34.80158689], [135.41108361, 34.801585], [135.41118139, 34.80157611], [135.41130611, 34.80156444], [135.41143861, 34.80155222], [135.41148611, 34.80154806], [135.41153139, 34.80154389], [135.4116425, 34.80153361], [135.41178361, 34.80152056], [135.41220305, 34.80147306], [135.41231041, 34.80146751], [135.41266555, 34.80144917], [135.41287916, 34.80147389], [135.41301555, 34.80148973], [135.41302539, 34.80149086], [135.41308187, 34.80149738], [135.41317916, 34.80150861], [135.4133575, 34.80151861], [135.41341166, 34.80152167], [135.41395688, 34.80155229], [135.41399528, 34.80155444], [135.41415834, 34.80156361], [135.41423528, 34.80156806], [135.41439222, 34.80157694], [135.41461084, 34.80158917], [135.41486778, 34.80159306], [135.41501584, 34.80159527], [135.41578527, 34.80164194], [135.41580361, 34.80164306], [135.41595695, 34.80164444], [135.41651945, 34.80164889], [135.41678, 34.80164306], [135.41701916, 34.80167667], [135.41716305, 34.80169667], [135.41758584, 34.80175861], [135.41773445, 34.80178028], [135.41821166, 34.80180111], [135.41831528, 34.80180639], [135.41855861, 34.80181889], [135.41882611, 34.80181306], [135.41895555, 34.80181056], [135.41903135, 34.80180914], [135.41910286, 34.80180781], [135.41914973, 34.80180694], [135.41937889, 34.8018025], [135.41968936, 34.80179658], [135.41977334, 34.801795], [135.42009139, 34.80180694], [135.42051805, 34.801795], [135.4206864, 34.80178115], [135.42102445, 34.80175333], [135.42111598, 34.80173683], [135.42112786, 34.80173469], [135.42114, 34.8017325], [135.42117673, 34.80172955], [135.42128166, 34.80172111], [135.42143611, 34.80170833], [135.42145361, 34.80170694], [135.42158084, 34.80169667], [135.42165009, 34.80168458], [135.42172013, 34.80167236], [135.42194055, 34.80163389], [135.42209416, 34.80160722], [135.42247028, 34.80148778], [135.42285361, 34.80141639], [135.423085, 34.80141028], [135.42327695, 34.80142889], [135.4233398, 34.80143506], [135.42363445, 34.80146389], [135.42363566, 34.80147077], [135.42369222, 34.80179222], [135.42373889, 34.80204611], [135.42374028, 34.80205333], [135.42374028, 34.80205333], [135.42382889, 34.80201472], [135.42387189, 34.80200991], [135.42394305, 34.80200194], [135.42398805, 34.80199694], [135.42408695, 34.80199417], [135.4241575, 34.80199194], [135.42447805, 34.8019825], [135.4246025, 34.80197889], [135.42496278, 34.80197], [135.4252775, 34.80196222], [135.42557139, 34.801955], [135.42644639, 34.80193723], [135.42668, 34.80193528], [135.42677445, 34.80193473], [135.42683666, 34.80193417], [135.42691278, 34.80194056], [135.42743473, 34.801985], [135.42743941, 34.80199357], [135.42760584, 34.80229833], [135.42772611, 34.80251889], [135.42783472, 34.80268583], [135.42800084, 34.80272167], [135.42816628, 34.80274612], [135.42828278, 34.80276333], [135.428355, 34.80282306], [135.42836222, 34.80296611], [135.42836669, 34.80299704], [135.42838305, 34.80311028], [135.42838389, 34.80311528], [135.42844916, 34.80318111], [135.42854611, 34.80318111], [135.42863695, 34.80318111], [135.428695, 34.80313333], [135.428695, 34.8031104], [135.428695, 34.80304972], [135.42864416, 34.8029125], [135.42866611, 34.80265611], [135.42871144, 34.80265], [135.42876916, 34.80264222], [135.42881778, 34.80263583], [135.42889027, 34.80262611], [135.42890611, 34.802545], [135.42891277, 34.80251167], [135.42891945, 34.80247833], [135.42895611, 34.80229083], [135.42909829, 34.80156819], [135.42910722, 34.80152278], [135.42930222, 34.801505], [135.42949028, 34.80144528], [135.42954805, 34.80132611], [135.42962778, 34.80128417], [135.42978695, 34.80126027], [135.42989528, 34.80120972], [135.42992416, 34.80111417], [135.42993139, 34.80098889], [135.42996028, 34.80081], [135.43005695, 34.80069083], [135.43015278, 34.8005725], [135.43017528, 34.80054444], [135.43023318, 34.80047328], [135.43025166, 34.80045056], [135.43027416, 34.80042278], [135.43028834, 34.80040528], [135.43031222, 34.80037583], [135.430315, 34.8003725], [135.43038528, 34.80028556], [135.43043195, 34.80022806], [135.43048139, 34.80016723], [135.43050389, 34.80013917], [135.43058778, 34.80003556], [135.43064284, 34.79996767], [135.43068555, 34.799915], [135.43073455, 34.7998545], [135.43074436, 34.79984236], [135.43080722, 34.79976473], [135.43082889, 34.79973806], [135.43083528, 34.79973028], [135.43084972, 34.79969528], [135.43091527, 34.79953472], [135.43102334, 34.79927111], [135.43116805, 34.7992475], [135.43118972, 34.79895806], [135.43123305, 34.79848667], [135.43132578, 34.79847335], [135.43134139, 34.79847111], [135.4314532, 34.79845491], [135.431535, 34.79844306], [135.43164834, 34.79842639], [135.43176805, 34.79840917], [135.43241861, 34.79842111], [135.43262834, 34.79833167], [135.43273318, 34.79826675], [135.43280195, 34.79822417], [135.43285639, 34.79814417], [135.43296834, 34.79797972], [135.43302611, 34.79792833], [135.43308919, 34.79787202], [135.43323584, 34.79774111], [135.43324422, 34.79774373], [135.43344555, 34.79780667], [135.43360334, 34.79795528], [135.43373902, 34.79808283], [135.43374156, 34.79808522], [135.43385778, 34.79819444], [135.43426128, 34.79822737], [135.43426864, 34.79822798], [135.43444334, 34.79824223], [135.43446334, 34.79814777], [135.43448386, 34.79805086], [135.43451028, 34.79792611], [135.43452305, 34.79786639], [135.4345275, 34.79783194], [135.43455695, 34.79761139], [135.43456968, 34.79751602], [135.4346025, 34.79727], [135.43454666, 34.79725778], [135.43440864, 34.79722787], [135.43405305, 34.79715083], [135.43405305, 34.79684056], [135.43407472, 34.79659306], [135.43463139, 34.7960025], [135.43484055, 34.79578194], [135.43538334, 34.79520944], [135.43569334, 34.79489833], [135.43603722, 34.79455333], [135.43618584, 34.79440417], [135.43636028, 34.79421806], [135.43643166, 34.79414167], [135.43701028, 34.79354806], [135.43757808, 34.79294527], [135.4376668, 34.79285108], [135.43774055, 34.79277278], [135.43786254, 34.79264794], [135.437895, 34.79261472], [135.43797166, 34.79253583], [135.43814305, 34.79236028], [135.43818889, 34.79231333], [135.43838834, 34.7920975], [135.43847805, 34.79200028], [135.438695, 34.79189278], [135.4387975, 34.79188611], [135.43916722, 34.79186194], [135.43919633, 34.79186004], [135.43960584, 34.79183333], [135.44015639, 34.79179966], [135.44058223, 34.79177361], [135.44068555, 34.79179473], [135.44070305, 34.79179833], [135.44085278, 34.79182889], [135.44105334, 34.79187], [135.44114334, 34.79188833], [135.441265, 34.79191333], [135.441515, 34.79196444], [135.44160889, 34.79195861], [135.44170305, 34.79180944], [135.44196672, 34.79159957], [135.44242611, 34.79123389], [135.44267195, 34.79121], [135.4427875, 34.79117444], [135.44279472, 34.79106694], [135.44275861, 34.79101917], [135.44266472, 34.79098944], [135.44245445, 34.79093667], [135.44225555, 34.79088667], [135.44206334, 34.79083833], [135.44190389, 34.79079833], [135.44183305, 34.79078056], [135.44168416, 34.79077611], [135.44143528, 34.79076861], [135.44127639, 34.79069723], [135.44137028, 34.79059583], [135.44143639, 34.7905625], [135.44159445, 34.79048222], [135.44180472, 34.79041583], [135.44200805, 34.79035139], [135.44204389, 34.79034], [135.44221639, 34.79028556], [135.44233195, 34.79013028], [135.44256334, 34.79005278], [135.44270805, 34.790005], [135.44273695, 34.78989167], [135.44268639, 34.78983222], [135.44247666, 34.7897725], [135.44236834, 34.78970694], [135.44232472, 34.7896175], [135.44287445, 34.78931333], [135.44238722, 34.78933778], [135.44227416, 34.78934333], [135.44215861, 34.78933139], [135.44208611, 34.78935528], [135.44204278, 34.78953972], [135.44194555, 34.78963917], [135.44189084, 34.789695], [135.44184706, 34.78969989], [135.44184611, 34.7897], [135.44173195, 34.78971278], [135.44163778, 34.78964723], [135.44159445, 34.78954889], [135.44160084, 34.78949806], [135.44161639, 34.78937583], [135.441645, 34.78914944], [135.44168139, 34.78894472], [135.44169584, 34.78886306], [135.44214416, 34.78787861], [135.44238702, 34.78734055], [135.44247666, 34.78714194], [135.4427225, 34.78651583], [135.44276584, 34.78633111], [135.44275861, 34.78623556], [135.44269361, 34.78612806], [135.44265902, 34.78605044], [135.44263778, 34.78600278], [135.4425925, 34.78590139], [135.44257929, 34.78563428], [135.44257805, 34.78560917], [135.44256223, 34.78557028], [135.44254889, 34.7855375], [135.44252, 34.78546611], [135.44239722, 34.785305], [135.44237111, 34.7851875], [135.44230305, 34.78488139], [135.4423175, 34.78448472], [135.44240088, 34.78441321], [135.44248229, 34.7843434], [135.44249111, 34.78433583], [135.44269055, 34.78430028], [135.442925, 34.78425833], [135.44310695, 34.78423861], [135.44330834, 34.78421667], [135.44370611, 34.78421056], [135.44381445, 34.78415694], [135.44382889, 34.7840675], [135.44382889, 34.78390028], [135.44382678, 34.78378881], [135.4438, 34.78237028], [135.44383, 34.78231139], [135.44385666, 34.78225944], [135.44385778, 34.78225694], [135.44398084, 34.78223917], [135.44429889, 34.78222111], [135.44441001, 34.78215898], [135.44447972, 34.78212], [135.4444905, 34.78191529], [135.44450861, 34.78157111], [135.44463815, 34.78146829], [135.44470389, 34.78141611], [135.44479055, 34.78129083], [135.44488472, 34.78110583], [135.44513028, 34.78074194], [135.44518805, 34.78049139], [135.445165, 34.7804425], [135.44512305, 34.78035417], [135.44498584, 34.78026472], [135.44497616, 34.78022083], [135.44496416, 34.78016639], [135.44497166, 34.78012889], [135.4450075, 34.77995167], [135.44512334, 34.77934333], [135.44529695, 34.77856778], [135.44536916, 34.77827556], [135.44539, 34.77815306], [135.44541972, 34.77798027], [135.44543416, 34.77759861], [135.4454775, 34.77747333], [135.44557889, 34.77739611], [135.44594028, 34.77735417], [135.44603506, 34.77732804], [135.44611361, 34.77730639], [135.44617166, 34.77722889], [135.446185, 34.77715528], [135.44620055, 34.77706778], [135.44620055, 34.77693489], [135.44620055, 34.77643056], [135.44620055, 34.7762925], [135.44620778, 34.77595833], [135.4462225, 34.77571361], [135.44621527, 34.77538277], [135.44617916, 34.77528722], [135.4460564, 34.77526323], [135.44598584, 34.77524944], [135.44572195, 34.77519778], [135.44567055, 34.77509583], [135.44564389, 34.77504278], [135.44566555, 34.77490583], [135.44565111, 34.77459556], [135.44559334, 34.77424944], [135.44551389, 34.77404667], [135.44548666, 34.77345556], [135.44547111, 34.77311694], [135.44546945, 34.77307917], [135.44546528, 34.77298833], [135.44546305, 34.77294], [135.44545695, 34.7728075], [135.44545166, 34.77269722], [135.44543166, 34.77227139], [135.44542695, 34.77217083], [135.44543416, 34.77205167], [135.44541972, 34.77168167], [135.44538361, 34.77141917], [135.44526805, 34.77119861], [135.44497861, 34.77076], [135.44485584, 34.7704975], [135.44476166, 34.77027694], [135.44466472, 34.77010389], [135.44450139, 34.76981194], [135.44451584, 34.769615], [135.44450277, 34.76939583], [135.44449861, 34.7693275], [135.44448697, 34.76913194], [135.44448695, 34.76913167], [135.44449712, 34.76910256], [135.44449961, 34.76909542], [135.44454055, 34.76897806], [135.44465014, 34.76866291], [135.44465666, 34.76864417], [135.44468055, 34.76857528], [135.44469666, 34.76852917], [135.44469666, 34.76852917], [135.44448111, 34.76850778], [135.44446555, 34.76850389], [135.44428351, 34.76845806], [135.44414889, 34.76842417], [135.44407965, 34.76840537], [135.44370889, 34.76830472], [135.4435775, 34.76826917], [135.44346722, 34.76824694], [135.44329555, 34.76821222], [135.44287334, 34.76818833], [135.44276778, 34.7681825], [135.44271334, 34.76818389], [135.44236166, 34.76819278], [135.44229055, 34.76819444], [135.44229028, 34.76819444], [135.44202416, 34.76823778], [135.4418468, 34.76826664], [135.44174084, 34.76828389], [135.44159028, 34.76831889], [135.4414475, 34.76835194], [135.44132861, 34.76837944], [135.44127639, 34.768395], [135.44074044, 34.76855604], [135.44070416, 34.76856694], [135.44053334, 34.76861806], [135.44040361, 34.768675], [135.44030195, 34.76871944], [135.43992139, 34.76888528], [135.43991861, 34.76888639], [135.43968722, 34.76902333], [135.43954453, 34.76912844], [135.43948472, 34.7691725], [135.43934572, 34.76924903], [135.43926778, 34.76929194], [135.43894662, 34.76943728], [135.43892528, 34.76944694], [135.43859555, 34.76959611], [135.43836416, 34.76963194], [135.43787793, 34.76984086], [135.43785084, 34.7698525], [135.43781834, 34.76986722], [135.43762028, 34.76995667], [135.4374025, 34.77005527], [135.43735695, 34.77016333], [135.43735195, 34.77017472], [135.43738084, 34.7703], [135.43747034, 34.77047633], [135.43747472, 34.770485], [135.43756166, 34.77057528], [135.43762236, 34.77063831], [135.43764111, 34.77065777], [135.43774222, 34.77066389], [135.4378725, 34.77065777], [135.43810389, 34.77058639], [135.43868945, 34.77041333], [135.439145, 34.77018667], [135.43962222, 34.76996], [135.43980305, 34.76984667], [135.43994028, 34.76982583], [135.44014278, 34.76990333], [135.44028597, 34.76995187], [135.44038861, 34.76998667], [135.44054778, 34.77001056], [135.44080805, 34.77007639], [135.44093778, 34.77007194], [135.44098889, 34.77007028], [135.44157445, 34.77005833], [135.44170472, 34.77008806], [135.44177695, 34.77016583], [135.44181305, 34.77023139], [135.44184945, 34.77045194], [135.44187834, 34.77053556], [135.44192889, 34.77057722], [135.44235639, 34.77056], [135.44237778, 34.77055917], [135.44246472, 34.77055556], [135.4424825, 34.770555], [135.44260639, 34.77055], [135.44270861, 34.77054583], [135.44277389, 34.77054306], [135.44281111, 34.77054167], [135.44297028, 34.77055361], [135.44300139, 34.77055917], [135.44305889, 34.77056944], [135.44316972, 34.77058944], [135.44320166, 34.77059528], [135.4432786, 34.7706431], [135.44331695, 34.77066694], [135.44332416, 34.77076833], [135.44331761, 34.77080622], [135.44329528, 34.77093528], [135.44325, 34.77112056], [135.44322305, 34.77123056], [135.44320139, 34.77143333], [135.44321584, 34.77157056], [135.44326639, 34.77175556], [135.44325195, 34.77188083], [135.44321584, 34.77207167], [135.44325916, 34.7722325], [135.44336028, 34.77241139], [135.4433675, 34.77250694], [135.44330972, 34.77257833], [135.44325352, 34.77260344], [135.44321584, 34.77262028], [135.44299166, 34.77263806], [135.44256473, 34.77266861], [135.44232666, 34.77268583], [135.44216028, 34.77274556], [135.44217472, 34.77345528], [135.44203, 34.77348222], [135.4415241, 34.77352621], [135.44148055, 34.77353], [135.44111889, 34.77356583], [135.44079361, 34.77357778], [135.44070139, 34.77359], [135.4405825, 34.77360583], [135.44045195, 34.77362306], [135.44042136, 34.77362711], [135.44033666, 34.77363833], [135.44017055, 34.77366056], [135.44009278, 34.77367083], [135.440035, 34.77367861], [135.44000926, 34.77368199], [135.43988055, 34.77369889], [135.43971611, 34.77372083], [135.43978111, 34.77409639], [135.43977304, 34.77425631], [135.43976666, 34.77438278], [135.43970889, 34.77439472], [135.43938834, 34.77440639], [135.4388725, 34.77442556], [135.43880111, 34.77442806], [135.43873278, 34.77443056], [135.43870463, 34.77432926], [135.43867472, 34.77422167], [135.43863861, 34.77411417], [135.43859528, 34.77369083], [135.43858167, 34.77364462], [135.43856666, 34.77359361], [135.43855048, 34.77353899], [135.43852305, 34.77344639], [135.43851584, 34.77329722], [135.43849416, 34.7731125], [135.43848722, 34.77282992], [135.43847972, 34.77252472], [135.43788695, 34.77253667], [135.43752528, 34.77253083], [135.43691275, 34.77252345], [135.43653472, 34.77251889], [135.43652111, 34.77218056], [135.43650584, 34.77179694], [135.43644805, 34.77164778], [135.43635724, 34.77158384], [135.43634666, 34.77157639], [135.43627461, 34.77155842], [135.43623528, 34.77154861], [135.43610805, 34.77151667], [135.43564528, 34.77151056], [135.43545889, 34.77147917], [135.43530305, 34.77145278], [135.43516805, 34.77143], [135.43497639, 34.77135451], [135.43485289, 34.77130586], [135.43471692, 34.77125229], [135.43468361, 34.77123917], [135.43456805, 34.77120333], [135.43434584, 34.77113417], [135.43430028, 34.77112], [135.43422334, 34.771095], [135.43411889, 34.77106111], [135.43406166, 34.7710425], [135.43383055, 34.7710125], [135.43352695, 34.7710125], [135.43340111, 34.77100917], [135.43330277, 34.77100667], [135.4330475, 34.77101528], [135.43266966, 34.77102822], [135.43261525, 34.77103008], [135.43260111, 34.77103056], [135.43258672, 34.77102992], [135.43242195, 34.7710225], [135.43220361, 34.7710125], [135.43204445, 34.77102444], [135.4318925, 34.7710125], [135.43174805, 34.77096472], [135.43164141, 34.77090463], [135.43139361, 34.770765], [135.43128689, 34.77070495], [135.43109639, 34.77059778], [135.43091639, 34.77049667], [135.43076445, 34.77040694], [135.43039584, 34.77025806], [135.430125, 34.77012417], [135.42983166, 34.76997861], [135.429745, 34.76993583], [135.42966079, 34.76990883], [135.42922445, 34.76976889], [135.42878334, 34.76956583], [135.42872397, 34.76954305], [135.42856389, 34.76948161], [135.42851334, 34.76946222], [135.4283425, 34.76939667], [135.42821195, 34.76934639], [135.42816166, 34.76932722], [135.42805715, 34.76930417], [135.42803445, 34.76929917], [135.42790217, 34.76926999], [135.42785055, 34.76925861], [135.42775666, 34.76929444], [135.42763305, 34.76941333], [135.42749639, 34.769545], [135.42743861, 34.76957833], [135.4273916, 34.76960549], [135.42727945, 34.76967028], [135.42715639, 34.76970028], [135.42696111, 34.76971806], [135.42675084, 34.76971028], [135.42651861, 34.76970194], [135.42640789, 34.76969792], [135.42639071, 34.76969729], [135.4263764, 34.76969677], [135.42614416, 34.76968833], [135.42595367, 34.7696568], [135.42581861, 34.76963444], [135.4257693, 34.76963937], [135.4257516, 34.76964113], [135.42563778, 34.7696525], [135.42516084, 34.76982556], [135.4251113, 34.76984999], [135.42503805, 34.76988611], [135.42482834, 34.76998944], [135.42462584, 34.77001944], [135.42442139, 34.77001944], [135.4242425, 34.77001944], [135.42409142, 34.76999987], [135.42405166, 34.76999472], [135.42401111, 34.76998944], [135.42381834, 34.77004694], [135.42370416, 34.77008111], [135.42359, 34.77011528], [135.42340611, 34.77017], [135.42336916, 34.77018102], [135.42319555, 34.77023277], [135.42303861, 34.77027972], [135.42293611, 34.77031], [135.42291195, 34.77031722], [135.42290289, 34.7703935], [135.42287584, 34.77062167], [135.42281805, 34.77078861], [135.42270945, 34.77083639], [135.42261305, 34.77084083], [135.42257472, 34.7708425], [135.42252528, 34.77084473], [135.42244195, 34.77084833], [135.42240584, 34.77098556], [135.42231916, 34.7711225], [135.422225, 34.77118222], [135.42213111, 34.77124194], [135.42208048, 34.77128371], [135.42195028, 34.77139111], [135.42182, 34.77151027], [135.42171166, 34.77156417], [135.42165722, 34.77157139], [135.42153111, 34.77158806], [135.42146611, 34.77155806], [135.42147334, 34.77129861], [135.42150223, 34.77082139], [135.42138945, 34.77079667], [135.42133916, 34.77078556], [135.42128528, 34.77077361], [135.42129611, 34.770305], [135.42129695, 34.7702575], [135.42129973, 34.77014139], [135.42130148, 34.77001436], [135.42130176, 34.76999388], [135.42130361, 34.76986083], [135.42130972, 34.76943278], [135.42131416, 34.76911556], [135.42145834, 34.76901444], [135.42157416, 34.76893361], [135.42170445, 34.76818806], [135.42171087, 34.76814562], [135.42174778, 34.76790167], [135.42173916, 34.76784223], [135.42173084, 34.76778556], [135.42172611, 34.7677525], [135.42166889, 34.76765167], [135.42161028, 34.76754861], [135.42156445, 34.76746806], [135.42150916, 34.76737056], [135.42145778, 34.76728333], [135.42140555, 34.76719389], [135.42133361, 34.76707139], [135.42128861, 34.76699444], [135.42103222, 34.76655667], [135.42092972, 34.76646917], [135.42082611, 34.76638028], [135.42079852, 34.76635672], [135.42066305, 34.76624111], [135.4205575, 34.76615083], [135.42053571, 34.76613226], [135.42050305, 34.76610444], [135.42044722, 34.76605667], [135.42036305, 34.76598473], [135.42022945, 34.76587056], [135.41986805, 34.7658825], [135.41920278, 34.76590056], [135.41887646, 34.76588924], [135.41868195, 34.7658825], [135.41856416, 34.76587194], [135.4184625, 34.76586306], [135.41830111, 34.76584861], [135.41824416, 34.76584361], [135.41814723, 34.765835], [135.4180025, 34.76576917], [135.41795222, 34.76570528], [135.41792166, 34.76566583], [135.41784361, 34.76556639], [135.41779278, 34.76543222], [135.4178, 34.76532472], [135.41785084, 34.76521139], [135.41795584, 34.76513806], [135.41812777, 34.76501777], [135.41818334, 34.76497889], [135.41830334, 34.76492944], [135.41848722, 34.76485361], [135.41848985, 34.76480701], [135.41850166, 34.76459694], [135.41854472, 34.76443], [135.41865666, 34.76429167], [135.41878, 34.76413917], [135.41889166, 34.76400083], [135.41897861, 34.76380389], [135.41897349, 34.76369123], [135.41897334, 34.76368778], [135.41897166, 34.7636475], [135.41896278, 34.76344861], [135.41895861, 34.76335667], [135.41895416, 34.76326], [135.41894723, 34.763105], [135.41894195, 34.76298917], [135.41893528, 34.7628375], [135.41892834, 34.76278667], [135.41891995, 34.76272475], [135.41889889, 34.76256917], [135.41878889, 34.76257194], [135.41866028, 34.762575], [135.41850139, 34.76256611], [135.41845413, 34.76256986], [135.41815889, 34.76259333], [135.41812555, 34.76259583], [135.41759195, 34.7626125], [135.41754695, 34.76261389], [135.41714139, 34.76261083], [135.41681195, 34.76260861], [135.41676555, 34.76260806], [135.41670834, 34.76260778], [135.41657084, 34.76259], [135.41644778, 34.7625125], [135.41629611, 34.76249444], [135.41622361, 34.76245889], [135.41620916, 34.76238111], [135.4161996, 34.76223785], [135.41619666, 34.76219389], [135.41619472, 34.76216694], [135.41619472, 34.76216639], [135.4162, 34.76212056], [135.41622361, 34.76192194], [135.41624555, 34.76171306], [135.41623361, 34.76159222], [135.41622861, 34.76154111], [135.41622527, 34.76150667], [135.41621666, 34.761415], [135.41621305, 34.76138444], [135.41618778, 34.76117639], [135.41615972, 34.76092667], [135.41615611, 34.76089444], [135.41615195, 34.76085889], [135.41614445, 34.76079167], [135.41607945, 34.76055306], [135.4160545, 34.760342], [135.41605055, 34.76030861], [135.41604334, 34.76015944], [135.41585666, 34.76000028], [135.41584305, 34.75998861], [135.41583361, 34.75998056], [135.41577037, 34.75996791], [135.41567666, 34.75994917], [135.41562389, 34.75993861], [135.41549361, 34.75987889], [135.41533445, 34.75986694], [135.41538166, 34.75983083], [135.41544305, 34.75978361], [135.41546972, 34.75973472], [135.41550805, 34.75966417], [135.41567945, 34.75941778], [135.415765, 34.75929513], [135.41579028, 34.75925889], [135.416195, 34.75887111], [135.41657111, 34.75850139], [135.41670805, 34.75832111], [135.41686166, 34.75811861], [135.41694722, 34.75800611], [135.41696889, 34.75789278], [135.41690139, 34.75783083], [135.41678084, 34.75771972], [135.41665778, 34.75767222], [135.41650139, 34.75760083], [135.4164625, 34.75758333], [135.41644805, 34.75757667], [135.41641916, 34.75751111], [135.41644084, 34.75704611], [135.41641916, 34.75690278], [135.41638305, 34.7568075], [135.41629639, 34.75678944], [135.41619305, 34.75678889], [135.416155, 34.75678861], [135.41607409, 34.75678806], [135.41580417, 34.75678623], [135.41575581, 34.75678591], [135.41570416, 34.75678556], [135.41548916, 34.75678417], [135.41544445, 34.75678389], [135.41539277, 34.75678361], [135.4152625, 34.75687306], [135.41522111, 34.75719639], [135.41521445, 34.75724806], [135.41520889, 34.75729167], [135.4151975, 34.75737972], [135.41506, 34.75757667], [135.41493722, 34.75770194], [135.4146625, 34.75807167], [135.41451778, 34.75831639], [135.41449722, 34.75836222], [135.41441639, 34.75854306], [135.41438834, 34.75863083], [135.41436939, 34.75869041], [135.41434416, 34.75876972], [135.41434223, 34.75885889], [135.41434214, 34.75886344], [135.41434111, 34.75891889], [135.41433972, 34.75897944], [135.41433695, 34.75910972], [135.41431973, 34.75913083], [135.41422861, 34.75924111], [135.41408695, 34.75928139], [135.41406, 34.75928917], [135.41399584, 34.75930722], [135.4138525, 34.75934806], [135.41350938, 34.75936523], [135.41313666, 34.75938389], [135.41309459, 34.75942766], [135.41299916, 34.75952694], [135.41278139, 34.75970944], [135.41276805, 34.75972083], [135.41273334, 34.75974972], [135.41258148, 34.75987723], [135.41256528, 34.75989083], [135.41241472, 34.75994472], [135.41240778, 34.75994667], [135.41235449, 34.75996059], [135.41211861, 34.76002222], [135.41203834, 34.7600275], [135.4118525, 34.76003944], [135.41183315, 34.76004069], [135.41165889, 34.76005194], [135.41165584, 34.76005223], [135.41111334, 34.76010583], [135.41105361, 34.76018528], [135.41098334, 34.76027889], [135.41092305, 34.76035583], [135.41083861, 34.76046389], [135.41081039, 34.76050934], [135.41073666, 34.76062806], [135.41071611, 34.76066111], [135.41069473, 34.76069528], [135.41054945, 34.76092917], [135.41044084, 34.76107833], [135.41035445, 34.76104667], [135.41032055, 34.76103444], [135.41028222, 34.76102028], [135.41018778, 34.76098583], [135.40971084, 34.76081861], [135.40949166, 34.76076973], [135.40944945, 34.76076028], [135.40944605, 34.76075952], [135.40940584, 34.76075056], [135.40928416, 34.76072333], [135.40924838, 34.76071753], [135.40895166, 34.76066944], [135.40855389, 34.76065778], [135.40841195, 34.76073083], [135.40836222, 34.76075639], [135.40831139, 34.76078278], [135.4082948, 34.76079131], [135.40820666, 34.76083667], [135.40793805, 34.76084278], [135.40790926, 34.7608434], [135.40788537, 34.76084392], [135.4076175, 34.76084972], [135.40752612, 34.76085186], [135.40747142, 34.76085314], [135.40742778, 34.76085417], [135.4074083, 34.76085451], [135.40738028, 34.760855], [135.40713695, 34.76086056], [135.40702777, 34.76116083], [135.40700111, 34.76123417], [135.40682584, 34.76171611], [135.40681778, 34.76179639], [135.40681139, 34.76185944], [135.40678361, 34.76195444], [135.40676084, 34.7620325], [135.40675474, 34.76222387], [135.40675361, 34.76225917], [135.40667999, 34.76225917], [135.4064425, 34.76225917], [135.40631972, 34.76239028], [135.40630556, 34.7624168], [135.40627805, 34.76246833], [135.40625861, 34.76250472], [135.40624027, 34.76253944], [135.40615084, 34.76253806], [135.40608389, 34.76253694], [135.40606666, 34.76253667], [135.40606427, 34.76253663], [135.4060301, 34.76253613], [135.4060013, 34.76253571], [135.40585695, 34.76253361], [135.40583018, 34.76270598], [135.40582084, 34.76276611], [135.40580472, 34.76301639], [135.40580222, 34.76305556], [135.40579916, 34.76310083], [135.40578475, 34.76332382], [135.40577722, 34.76344028], [135.40574834, 34.763795], [135.40566889, 34.76390223], [135.40556028, 34.76394389], [135.40547666, 34.763955], [135.4054125, 34.76396361], [135.40529278, 34.76397972], [135.4051529, 34.7639994], [135.40495305, 34.7640275], [135.40481555, 34.76405722], [135.40471218, 34.76412474], [135.40468584, 34.76414194], [135.40460584, 34.76419444], [135.40453945, 34.76424139], [135.40448842, 34.76427769], [135.40435084, 34.76437556], [135.40433334, 34.76438798], [135.40423555, 34.76445722], [135.4042025, 34.76448083], [135.40414334, 34.76452278], [135.40413778, 34.76453639], [135.40409555, 34.76464083], [135.40406389, 34.76471944], [135.40398416, 34.76486277], [135.40380361, 34.765], [135.403695, 34.76510722], [135.40351416, 34.7652325], [135.403439, 34.76528526], [135.40319113, 34.76545925], [135.40309666, 34.76552556], [135.40303115, 34.76557165], [135.40298889, 34.76560139], [135.40283445, 34.76570972], [135.40258139, 34.76576333], [135.40250916, 34.76567694], [135.40253805, 34.76559333], [135.40253555, 34.76554917], [135.40253111, 34.76547194], [135.40252778, 34.76541139], [135.4025225, 34.76531694], [135.40252223, 34.76531361], [135.40251084, 34.76511194], [135.40250805, 34.76506222], [135.40250195, 34.76495528], [135.40251222, 34.76481417], [135.40252111, 34.76469556], [135.4025275, 34.76460972], [135.402535, 34.76450667], [135.40254195, 34.76441194], [135.40254305, 34.76439639], [135.4025525, 34.76426917], [135.40256695, 34.76409028], [135.40252097, 34.76395167], [135.40251, 34.76391861], [135.40247936, 34.76382639], [135.40240055, 34.76358917], [135.40239334, 34.76349056], [135.4025117, 34.76328784], [135.40253834, 34.76324222], [135.40258973, 34.76315417], [135.40266111, 34.76303167], [135.40274778, 34.76282889], [135.40267055, 34.7627475], [135.40260166, 34.762675], [135.40241211, 34.7624754], [135.40240778, 34.76247083], [135.402285, 34.76237527], [135.40208111, 34.76233639], [135.40203945, 34.76232861], [135.40200334, 34.76232167], [135.40182972, 34.76228], [135.40163639, 34.76227194], [135.40140305, 34.76226194], [135.40092584, 34.76222639], [135.4008825, 34.7621725], [135.40088362, 34.76208468], [135.40088416, 34.76204222], [135.40088472, 34.76200528], [135.40088626, 34.7618911], [135.40088666, 34.76186083], [135.40088805, 34.76176167], [135.40088973, 34.76164167], [135.40086805, 34.76150444], [135.40085361, 34.7613375], [135.40071222, 34.76128639], [135.40070528, 34.76128389], [135.40067028, 34.76127139], [135.40062195, 34.76125389], [135.40046305, 34.76123361], [135.40026472, 34.76120806], [135.39976195, 34.76114361], [135.39944361, 34.76108389], [135.399285, 34.76105973], [135.39923389, 34.76105167], [135.39905639, 34.76102444], [135.39892472, 34.76100444], [135.39885139, 34.76099306], [135.39876377, 34.76097971], [135.39872195, 34.76097333], [135.39854703, 34.7609464], [135.39851084, 34.76094083], [135.39827084, 34.76101111], [135.39786, 34.76113167], [135.39771555, 34.761215], [135.39749889, 34.76134028], [135.39726028, 34.76142389], [135.39701584, 34.76155278], [135.39700639, 34.76155778], [135.39696364, 34.76158033], [135.39663834, 34.76175194], [135.39650472, 34.76177611], [135.3964575, 34.76178472], [135.39629111, 34.76185639], [135.39619361, 34.76197222], [135.39604528, 34.76214861], [135.39602111, 34.76219972], [135.39597334, 34.76230028], [135.39595445, 34.76233972], [135.39589639, 34.76246222], [135.39585, 34.76256028], [135.39569834, 34.76266777], [135.39559695, 34.76270333], [135.39540278, 34.76274056], [135.39519195, 34.76278083], [135.39509084, 34.76283444], [135.39496447, 34.76298985], [135.39492166, 34.7630425], [135.39474916, 34.76325444], [135.3947075, 34.76330583], [135.39462805, 34.76341306], [135.39461166, 34.76342861], [135.39453389, 34.7635025], [135.39445472, 34.76350861], [135.39433889, 34.76348472], [135.39425945, 34.76349667], [135.39410889, 34.76364306], [135.39402861, 34.76372111], [135.39393416, 34.76381278], [135.39387242, 34.76385097], [135.39382416, 34.76388083], [135.39368269, 34.76396822], [135.39364472, 34.76399167], [135.39361511, 34.76399586], [135.39341334, 34.76402444], [135.39326445, 34.76403389], [135.39322555, 34.76403639], [135.39304473, 34.76408417], [135.39303695, 34.76422139], [135.39303278, 34.76429611], [135.39302972, 34.7643475], [135.39302305, 34.76446611], [135.39300139, 34.76462111], [135.39282055, 34.76476417], [135.39277438, 34.76479776], [135.39263195, 34.76490139], [135.39257472, 34.76494306], [135.39241555, 34.7650325], [135.39225639, 34.76511583], [135.39211786, 34.76520153], [135.39205389, 34.76524111], [135.39203229, 34.76524707], [135.39198562, 34.76525995], [135.39185861, 34.765295], [135.39170695, 34.76530694], [135.39164294, 34.76529779], [135.39149722, 34.76527694], [135.39123722, 34.76520556], [135.39099861, 34.76515167], [135.39069472, 34.76519944], [135.39039834, 34.76525306], [135.39030305, 34.76530639], [135.39028361, 34.76531722], [135.39027781, 34.76532048], [135.39021334, 34.76535667], [135.39007861, 34.76543222], [135.39003666, 34.76545583], [135.39005084, 34.76550611], [135.39008278, 34.76561889], [135.39015972, 34.76589139], [135.39016136, 34.76590964], [135.39018861, 34.76621056], [135.39020305, 34.76650889], [135.39023916, 34.76661611], [135.39041277, 34.76694444], [135.39047111, 34.76716028], [135.39054834, 34.76744583], [135.39057593, 34.76754783], [135.39059305, 34.76761111], [135.39059567, 34.76762085], [135.39061579, 34.76769558], [135.39064084, 34.76778861], [135.39068028, 34.76793417], [135.39067555, 34.76801278], [135.39067, 34.76810028], [135.39065861, 34.76828639], [135.39056472, 34.76845639], [135.3904125, 34.76874667], [135.39036972, 34.76882861], [135.39028972, 34.76898111], [135.39018861, 34.76920194], [135.39017416, 34.76932722], [135.39016208, 34.76937706], [135.3900875, 34.76968472], [135.39002945, 34.76992944], [135.38991473, 34.77000944], [135.38979805, 34.77009056], [135.38975472, 34.77043056], [135.38971139, 34.77053778], [135.38967528, 34.77068694], [135.38965139, 34.77075111], [135.38962445, 34.77082417], [135.38957389, 34.77082722], [135.38933827, 34.77076076], [135.38929916, 34.77074972], [135.38925584, 34.77068417], [135.3892125, 34.77057667], [135.38911111, 34.77051111], [135.38893028, 34.77048722], [135.38892022, 34.77048609], [135.38856166, 34.77044556], [135.38819278, 34.7704575], [135.38792527, 34.77054694], [135.38785284, 34.77066163], [135.38783861, 34.77068417], [135.38781848, 34.77068903], [135.38771555, 34.77071389], [135.38767334, 34.77071139], [135.38755271, 34.77070428], [135.38751305, 34.77070194], [135.38738334, 34.7706125], [135.38733972, 34.7704275], [135.38733861, 34.77040028], [135.38733528, 34.77032277], [135.3873325, 34.77025306], [135.38733574, 34.77021832], [135.38734695, 34.77009806], [135.38720972, 34.77006222], [135.38697834, 34.77003833], [135.38684084, 34.77002028], [135.38672907, 34.77000636], [135.38660222, 34.76999056], [135.38655166, 34.76993083], [135.38653723, 34.76981167], [135.38655861, 34.76972583], [135.38657278, 34.76966806], [135.386595, 34.76957889], [135.38661084, 34.76955389], [135.38666584, 34.76946639], [135.38673666, 34.76935361], [135.38673807, 34.76935137], [135.38678305, 34.76928], [135.38682861, 34.7692075], [135.38687916, 34.76912694], [135.38694639, 34.76902028], [135.3869725, 34.76897861], [135.387, 34.768935], [135.38696389, 34.76888139], [135.38695389, 34.76888028], [135.3868625, 34.76886944], [135.38681666, 34.76886222], [135.38667445, 34.76883944], [135.38650834, 34.76880972], [135.38643666, 34.76880306], [135.38632028, 34.76879194], [135.38618278, 34.76875889], [135.38595861, 34.76872333], [135.38564778, 34.76870528], [135.38513667, 34.76872379], [135.38506472, 34.76872639], [135.38497354, 34.76872986], [135.38491889, 34.76873194], [135.38466445, 34.76874111], [135.38404111, 34.76873556], [135.38399916, 34.76873527], [135.38398695, 34.76895222], [135.38395584, 34.76951028], [135.38395561, 34.76951027], [135.38394861, 34.76951], [135.38386389, 34.76950722], [135.38343277, 34.76949361], [135.38339, 34.76949222], [135.38334861, 34.76949111], [135.38292195, 34.7694775], [135.38290028, 34.76963861], [135.38286389, 34.76967444], [135.38273611, 34.7696925], [135.38268445, 34.7697], [135.38265416, 34.76970417], [135.38260861, 34.76972306], [135.38255305, 34.76974611], [135.38253861, 34.76990111], [135.38253139, 34.7703425], [135.38254584, 34.77050361], [135.38261084, 34.77061694], [135.38261687, 34.77061866], [135.38265861, 34.77063056], [135.38282055, 34.77067667], [135.38297973, 34.77069444], [135.38323278, 34.77074806], [135.38345695, 34.77083167], [135.38348361, 34.77085361], [135.38386195, 34.77116583], [135.38390527, 34.77130278], [135.38391195, 34.77142806], [135.3839125, 34.77144], [135.38391462, 34.7714537], [135.38392195, 34.77150111], [135.38394361, 34.77163972], [135.38394861, 34.7716725], [135.38394393, 34.77171982], [135.38405834, 34.77224224], [135.38416568, 34.77251895], [135.38417199, 34.77352906], [135.38415073, 34.77363714], [135.38416563, 34.77396515], [135.38379288, 34.77441241], [135.38294302, 34.77472549], [135.38210807, 34.77490438], [135.38128804, 34.77518764], [135.38109421, 34.77526218], [135.38003217, 34.77561615], [135.37994277, 34.77568667], [135.37974027, 34.77591333], [135.37963916, 34.77609222], [135.37959584, 34.77622944], [135.37952528, 34.77677639], [135.37950166, 34.77696028], [135.37948, 34.77721694], [135.37943666, 34.77755694], [135.37929916, 34.77801583], [135.37918885, 34.77829462], [135.37917639, 34.77832611], [135.37910528, 34.77848389], [135.37906389, 34.77857556], [135.37898834, 34.77874361], [135.37890617, 34.77881945], [135.37889445, 34.77883027], [135.37877528, 34.77879472], [135.37866445, 34.77876167], [135.37860416, 34.77874361], [135.37852949, 34.77872124], [135.37852722, 34.77872056], [135.37832, 34.77865861], [135.37821472, 34.77862722], [135.37803389, 34.77861528], [135.37796166, 34.77876444], [135.37791805, 34.77888389], [135.37783861, 34.77891972], [135.37774473, 34.77891361], [135.37749861, 34.77881833], [135.3773325, 34.7787825], [135.37714445, 34.77878833], [135.37674666, 34.77877056], [135.37653722, 34.7787825], [135.37649389, 34.77883611], [135.37649389, 34.77894944], [135.37648809, 34.77896211], [135.37641695, 34.77911722], [135.37641028, 34.77913194], [135.37639278, 34.77917028], [135.37635639, 34.77936111], [135.37636, 34.77943472], [135.37637805, 34.77979056], [135.37634195, 34.780375], [135.37618361, 34.78035972], [135.37618277, 34.78035972], [135.37603111, 34.780345], [135.37593722, 34.780375], [135.37584305, 34.78050611], [135.37580695, 34.78063139], [135.37571182, 34.78071508], [135.37569834, 34.78072694], [135.37551055, 34.78077472], [135.37546668, 34.78074134], [135.37539855, 34.78074864], [135.37510036, 34.78087349], [135.37501535, 34.78102368], [135.37477419, 34.78143258], [135.37465305, 34.7815239], [135.37342312, 34.78134238], [135.37342312, 34.78134238], [135.37338027, 34.78152194], [135.37335862, 34.78173667], [135.37326445, 34.78207639], [135.37316334, 34.78230917], [135.37305473, 34.782855], [135.37293945, 34.78316611], [135.37290502, 34.78325907], [135.37281612, 34.78349917], [135.37274806, 34.78370111], [135.37269334, 34.78386306], [135.37246916, 34.78426861], [135.37235916, 34.78445389], [135.37235916, 34.78445389], [135.37231027, 34.78453694], [135.37219972, 34.784695], [135.37215056, 34.78477277], [135.37210527, 34.78484417], [135.37206612, 34.78492], [135.37206445, 34.78492306], [135.37180888, 34.78541694], [135.371715, 34.78559], [135.37155528, 34.78588333], [135.37146166, 34.78605528], [135.37131584, 34.78632528], [135.37126179, 34.78642521], [135.37119416, 34.78655027], [135.37113638, 34.78668139], [135.37101334, 34.78706917], [135.3709829, 34.78718382], [135.370955, 34.78728889], [135.37092039, 34.78741902], [135.37088334, 34.78755833], [135.37071514, 34.78807307], [135.37062112, 34.78836083], [135.37059695, 34.78843556], [135.37051806, 34.78867667], [135.37034189, 34.7891269], [135.37022166, 34.78943417], [135.37019084, 34.78952806], [135.37017061, 34.7895893], [135.37016166, 34.78961639], [135.37013834, 34.7896875], [135.37008055, 34.78984861], [135.37004445, 34.78998583], [135.37001556, 34.79012917], [135.36997838, 34.79038254], [135.36996445, 34.7904775], [135.36992166, 34.7907675], [135.36982749, 34.79131583], [135.36980139, 34.79148167], [135.36979584, 34.79151694], [135.36976612, 34.79170667], [135.36976862, 34.79175611], [135.36977334, 34.79184389], [135.36978278, 34.79189167], [135.36981666, 34.79206444], [135.36979166, 34.79218333], [135.36978777, 34.79220167], [135.36977468, 34.79227018], [135.36976612, 34.792315], [135.36977432, 34.79236253], [135.36978056, 34.79239861], [135.36990334, 34.79252389], [135.36990686, 34.79252573], [135.37002362, 34.79258639], [135.37017195, 34.79266361], [135.37023612, 34.79269694], [135.37052973, 34.79291], [135.37082778, 34.79312639], [135.37082888, 34.79312694], [135.37087499, 34.79316056], [135.37089389, 34.79317417], [135.37093035, 34.79324161], [135.37094714, 34.79327267], [135.37096972, 34.79331444], [135.37098059, 34.79361019], [135.37098416, 34.79370806], [135.3710275, 34.79385111], [135.37102878, 34.79385258], [135.3711, 34.79393444], [135.37110612, 34.79393517], [135.37111595, 34.79393633], [135.37116138, 34.79394167], [135.37120112, 34.79394639], [135.37124445, 34.79391056], [135.37124138, 34.79382527], [135.37123055, 34.79352444], [135.37123, 34.79351111], [135.37125195, 34.79351527], [135.37132084, 34.79352806], [135.371322, 34.79352828], [135.37132527, 34.79352889], [135.37141138, 34.793545], [135.37152695, 34.79356667], [135.37182639, 34.79362278], [135.37219945, 34.79369277], [135.37251973, 34.79379444], [135.37259084, 34.79383056], [135.37260404, 34.79383732], [135.37264958, 34.79386063], [135.37267166, 34.79387194], [135.37269013, 34.79378031], [135.37270778, 34.79369277], [135.37278, 34.79355556], [135.372845, 34.79337668], [135.37296806, 34.79319777], [135.37299195, 34.79313861], [135.37307638, 34.79292944], [135.37320666, 34.79255361], [135.37329334, 34.79242222], [135.37344528, 34.792285], [135.37357166, 34.79228222], [135.37361009, 34.79228139], [135.37371278, 34.79227917], [135.37401638, 34.79234472], [135.37436111, 34.79240417], [135.37436334, 34.79240444], [135.37454416, 34.79240444], [135.37460916, 34.7923925], [135.37469612, 34.79226111], [135.37476112, 34.79225527], [135.37494916, 34.792285], [135.37505555, 34.79231583], [135.37511334, 34.79233222], [135.37521749, 34.7923625], [135.37531056, 34.79238917], [135.37540473, 34.79241639], [135.37550027, 34.79242667], [135.37557084, 34.79243417], [135.37559223, 34.79241444], [135.37562889, 34.79238056], [135.37569388, 34.79215972], [135.37570028, 34.79207194], [135.37570639, 34.79198778], [135.37571555, 34.79186167], [135.37571772, 34.79180624], [135.37572277, 34.79167694], [135.37565778, 34.79147417], [135.37558735, 34.7913986], [135.37551306, 34.79131889], [135.37549138, 34.79126527], [135.37554195, 34.79115778], [135.37570111, 34.79099694], [135.37584584, 34.79104444], [135.3759735, 34.79111033], [135.37600458, 34.79112636], [135.37601916, 34.79113389], [135.37610612, 34.79112806], [135.37620723, 34.79105639], [135.37631584, 34.79091333], [135.37634472, 34.79080889], [135.37630862, 34.79060611], [135.37629504, 34.79051266], [135.37628695, 34.79045694], [135.37632177, 34.7904339], [135.37635916, 34.79040917], [135.37644584, 34.79045111], [135.37650389, 34.79058806], [135.37650388, 34.79069833], [135.37650388, 34.79085667], [135.37648222, 34.79103556], [135.37642416, 34.79124444], [135.37643138, 34.79139944], [135.37648223, 34.791465], [135.37660195, 34.79153667], [135.37661223, 34.79154277], [135.37681473, 34.79156056], [135.37698112, 34.79153667], [135.37709666, 34.79148889], [135.37714351, 34.79140826], [135.37717638, 34.79135167], [135.37728556, 34.79110833], [135.37732084, 34.79102972], [135.37740055, 34.79095194], [135.37759555, 34.79092833], [135.37769916, 34.79094083], [135.37779055, 34.79095194], [135.37784545, 34.79093194], [135.37792084, 34.79090444], [135.37795973, 34.79087639], [135.37809445, 34.79077917], [135.37817388, 34.79072527], [135.37824611, 34.79074333], [135.37844139, 34.79087444], [135.37848022, 34.79097077], [135.37848473, 34.79098194], [135.37847027, 34.79110111], [135.37846516, 34.79121086], [135.37846306, 34.79125639], [135.37843416, 34.79133389], [135.37837639, 34.79145917], [135.37838361, 34.79155472], [135.37841945, 34.79160722], [135.37848249, 34.79169917], [135.37851564, 34.79174773], [135.37853028, 34.79176917], [135.37860777, 34.79188277], [135.37864388, 34.79201389], [135.37876695, 34.79222861], [135.37885361, 34.79230028], [135.37897605, 34.79233552], [135.37899834, 34.79234194], [135.37928028, 34.79234806], [135.37935973, 34.79238972], [135.37936799, 34.79258522], [135.37938139, 34.7929025], [135.37939584, 34.79303972], [135.37948277, 34.79325444], [135.37956223, 34.79340056], [135.37959111, 34.79352], [135.37963473, 34.79360333], [135.37968528, 34.79380611], [135.37969084, 34.79382277], [135.37971631, 34.79389875], [135.37972223, 34.79391639], [135.37975749, 34.79402111], [135.38006556, 34.7944225], [135.38011, 34.79448019], [135.38014945, 34.79453139], [135.38022166, 34.79462556], [135.38030527, 34.79473472], [135.38041584, 34.79487889], [135.38044179, 34.79491273], [135.38044416, 34.79491583], [135.38049338, 34.79496316], [135.38053112, 34.79499944], [135.38076973, 34.79519611], [135.38095027, 34.79528556], [135.38125416, 34.795405], [135.38135303, 34.79543995], [135.38170834, 34.79556556], [135.38177805, 34.79559028], [135.38181318, 34.79560271], [135.38190277, 34.79563444], [135.38195722, 34.79565389], [135.38196999, 34.79565833], [135.38221584, 34.79569389], [135.38228283, 34.7956985], [135.38238945, 34.79570583], [135.38249777, 34.79568194], [135.38260639, 34.79558694], [135.38270028, 34.79549139], [135.38278723, 34.79544361], [135.38293888, 34.79546167], [135.38309805, 34.79552139], [135.38329334, 34.79559277], [135.38343056, 34.79572417], [135.38342306, 34.795885], [135.38339416, 34.79611167], [135.38334911, 34.79618111], [135.38328584, 34.79627861], [135.38301138, 34.79657083], [135.38298888, 34.79660389], [135.38293249, 34.79668639], [135.38237191, 34.79750674], [135.38231912, 34.797584], [135.38221555, 34.79773556], [135.38218309, 34.79778303], [135.38209306, 34.79791472], [135.38184584, 34.79834667], [135.3817864, 34.79845029], [135.38177111, 34.79847694], [135.38155056, 34.79886277], [135.38134084, 34.79923861], [135.38125238, 34.79940528], [135.38095531, 34.79996507], [135.38071888, 34.80041056], [135.38070081, 34.80044284], [135.38053499, 34.80073889], [135.38048499, 34.80082806], [135.38047193, 34.80085162], [135.38045527, 34.80088167], [135.38040945, 34.80096361], [135.38032138, 34.80112056], [135.38027139, 34.80122806], [135.38011889, 34.80155583], [135.37955472, 34.80250722], [135.37954585, 34.80252498], [135.37953223, 34.80255222], [135.37940306, 34.80281139], [135.37934389, 34.8029125], [135.37932491, 34.802945], [135.37928612, 34.80301142], [135.37912084, 34.80329444], [135.37904861, 34.80346167], [135.37897777, 34.80359222], [135.37877388, 34.80396861], [135.37867388, 34.80417667], [135.37851112, 34.80451556], [135.37817361, 34.80521806], [135.37814249, 34.80528027], [135.37798555, 34.80559389], [135.37795973, 34.80564527], [135.37788747, 34.80578951], [135.37788695, 34.80579056], [135.37779111, 34.80598222], [135.37770334, 34.80615694], [135.37765566, 34.80625216], [135.37759805, 34.80636723], [135.37751556, 34.80653194], [135.37734195, 34.80685417], [135.37710334, 34.80730723], [135.37709311, 34.80732764], [135.37701666, 34.80748028], [135.37695166, 34.80763833], [135.37675561, 34.80798357], [135.37663334, 34.80819889], [135.37653862, 34.80838083], [135.37643111, 34.80858667], [135.37609054, 34.80916044], [135.37607695, 34.80918333], [135.37598999, 34.80933527], [135.37596211, 34.80941064], [135.37586081, 34.80968447], [135.37585527, 34.80978964], [135.37604565, 34.81041094], [135.37588531, 34.81049111], [135.37565732, 34.81078672], [135.37561385, 34.81084757], [135.37573695, 34.81089223], [135.37593916, 34.81099944], [135.37608112, 34.81106057], [135.37620166, 34.8111125], [135.37635778, 34.81117972], [135.37660445, 34.81128583], [135.37675638, 34.81137527], [135.37690139, 34.81152056], [135.37690916, 34.81152833], [135.37691413, 34.81153331], [135.37692925, 34.81154846], [135.37692925, 34.81154846], [135.37694921, 34.81156845], [135.37706, 34.81167944], [135.37752277, 34.81173333], [135.3776713, 34.81175698], [135.37797111, 34.81180472], [135.37816916, 34.81184944], [135.37826973, 34.81187222], [135.37849889, 34.81192417], [135.3785875, 34.81194833], [135.37868143, 34.81197416], [135.37878249, 34.81200194], [135.37897584, 34.812055], [135.37948945, 34.81219527], [135.37981086, 34.8122924], [135.37992334, 34.81232639], [135.38006638, 34.81237972], [135.38010263, 34.81239324], [135.38093097, 34.81073674], [135.38114916, 34.81042593], [135.38195029, 34.81068078], [135.38228216, 34.81081667], [135.38240909, 34.81086203], [135.38260951, 34.81097227], [135.38306047, 34.81104242], [135.3835916, 34.81076185], [135.38393232, 34.81057146], [135.38400248, 34.81043117], [135.38402252, 34.8103009], [135.38424301, 34.80976979], [135.38419291, 34.80945914], [135.38424303, 34.80915852], [135.38433322, 34.80906833], [135.3849744, 34.80924512], [135.38582887, 34.80950928], [135.38665561, 34.80977235], [135.38680593, 34.80962204], [135.38705647, 34.80949679], [135.38757005, 34.80964711], [135.38807111, 34.8096847], [135.38842185, 34.80974734], [135.38855426, 34.81007466], [135.3883592, 34.81022333], [135.38819045, 34.81029293], [135.38815877, 34.81046133], [135.3883717, 34.81087469], [135.38837169, 34.81127553], [135.38824642, 34.81147595], [135.38812114, 34.81168889], [135.38793324, 34.8118392], [135.38775786, 34.81205214], [135.38829648, 34.81259078], [135.38861238, 34.81278134], [135.38883511, 34.8129791], [135.38901049, 34.81277869], [135.3891107, 34.81267848], [135.38922345, 34.81245301], [135.3906402, 34.81243125], [135.3906825, 34.81239389], [135.39082695, 34.81222694], [135.39093555, 34.81201222], [135.39105111, 34.81177361], [135.39111638, 34.81159444], [135.39121028, 34.81152306], [135.39139942, 34.81127048], [135.39142075, 34.811242], [135.39166584, 34.81091472], [135.39168535, 34.81076432], [135.39168749, 34.81074777], [135.39172309, 34.81066644], [135.39177278, 34.81055278], [135.39178652, 34.81052152], [135.391795, 34.81050222], [135.3918431, 34.81039242], [135.39186472, 34.81034306], [135.39193223, 34.81018889], [135.39196445, 34.81011527], [135.39198805, 34.81006167], [135.39199556, 34.81004444], [135.39201, 34.81001139], [135.39202945, 34.80996694], [135.39206695, 34.80988139], [135.39210695, 34.80979027], [135.39214711, 34.80971819], [135.39220139, 34.80962083], [135.39229666, 34.80944972], [135.39235916, 34.80933722], [135.39239445, 34.80927389], [135.39243249, 34.80920583], [135.39269278, 34.80857972], [135.39275778, 34.80836472], [135.39281555, 34.80815], [135.39282999, 34.80797722], [135.3929025, 34.80781306], [135.39302695, 34.80761472], [135.39306139, 34.80756], [135.39309527, 34.80750639], [135.39312245, 34.80746305], [135.39314473, 34.8074275], [135.39320612, 34.80732972], [135.39353111, 34.80704361], [135.39388556, 34.80675139], [135.39404027, 34.80661611], [135.39406027, 34.80659889], [135.39415334, 34.8065175], [135.39416527, 34.80650694], [135.39421639, 34.80646222], [135.39424722, 34.80643528], [135.39431945, 34.80634], [135.39438834, 34.80626777], [135.39447861, 34.80617278], [135.39466666, 34.80591639], [135.39479666, 34.80574917], [135.39535361, 34.80592528], [135.39570055, 34.80603278], [135.39611278, 34.80619972], [135.39642795, 34.80625898], [135.39652499, 34.80627722], [135.39664778, 34.806325], [135.39680055, 34.80647444], [135.3969225, 34.80659333], [135.39703805, 34.80664722], [135.39705112, 34.80665083], [135.39713945, 34.80667639], [135.3971617, 34.80668277], [135.39721992, 34.80669947], [135.3973784, 34.80619012], [135.39818008, 34.80666613], [135.39799217, 34.80719223], [135.39823017, 34.80726739], [135.39799215, 34.80761812], [135.39796709, 34.80786864], [135.39841804, 34.80794381], [135.3990444, 34.8068791], [135.39929492, 34.80720478], [135.39926985, 34.8076933], [135.39938476, 34.80774118], [135.3997208, 34.8078812], [135.40003836, 34.80766573], [135.40011111, 34.80772972], [135.40033527, 34.80791444], [135.40042445, 34.8080575], [135.40052084, 34.80818057], [135.40064861, 34.80834389]]]}}, {"type": "Feature", "id": "did-1980-21", "properties": {"A16_001": "282152", "A16_002": "28215", "A16_003": "三木市", "A16_004": "2", "A16_005": "20038", "A16_006": "3.5", "A16_007": "15831", "A16_008": "2.5", "A16_009": "28.5", "A16_010": "2.9", "A16_011": "1980", "year": 1980, "population": 20038.0, "areaKm2": 3.5, "density": 5725.142857142857}, "geometry": {"type": "Polygon", "coordinates": [[[134.96885181, 34.78812996], [134.96891875, 34.78821922], [134.96889242, 34.78881178], [134.96896336, 34.78907834], [134.96900798, 34.78915644], [134.96898566, 34.78944653], [134.96903915, 34.78975752], [134.96904143, 34.78983704], [134.96888522, 34.79009366], [134.96929805, 34.79011598], [134.96939847, 34.79022756], [134.96947939, 34.79031192], [134.96945425, 34.79053997], [134.96940961, 34.79071848], [134.9692837, 34.79098045], [134.96903023, 34.79114246], [134.96895212, 34.7912875], [134.96889633, 34.7914437], [134.96852811, 34.79185652], [134.96876242, 34.79213546], [134.96900787, 34.7924925], [134.96903017, 34.79311731], [134.96905247, 34.79346319], [134.96920867, 34.79384255], [134.96926445, 34.79408801], [134.96934254, 34.79426653], [134.96940949, 34.79436695], [134.96952816, 34.79474708], [134.9696586, 34.7950895], [134.96985576, 34.79539344], [134.97015701, 34.79561659], [134.97031321, 34.79591785], [134.97054751, 34.79612984], [134.97056982, 34.79633068], [134.97058097, 34.79640878], [134.97055865, 34.79678813], [134.97059211, 34.79700012], [134.97054748, 34.79716748], [134.97056979, 34.79727905], [134.97061442, 34.79737947], [134.97055862, 34.79746873], [134.97059209, 34.79762493], [134.97059208, 34.79791503], [134.97097144, 34.79800429], [134.97117178, 34.7979866], [134.97124223, 34.798242], [134.97099562, 34.7983653], [134.97080186, 34.79857666], [134.97066093, 34.79885848], [134.97040551, 34.7991403], [134.97029721, 34.79927226], [134.97037907, 34.79969514], [134.97040549, 34.79996816], [134.97044071, 34.80006503], [134.97051997, 34.80024998], [134.970564, 34.800523], [134.97074012, 34.80103381], [134.97088104, 34.80106904], [134.97115857, 34.80084546], [134.97123333, 34.80086649], [134.97137055, 34.80092699], [134.97158562, 34.80104264], [134.97196433, 34.8008577], [134.9722814, 34.80069918], [134.97259847, 34.80054947], [134.97287149, 34.8004526], [134.97364654, 34.79997704], [134.97384909, 34.80044381], [134.9733599, 34.80081289], [134.97365883, 34.80138968], [134.9733629, 34.80155877], [134.97356016, 34.80206605], [134.9736729, 34.80206606], [134.97403224, 34.80190402], [134.97428587, 34.80229857], [134.97397585, 34.8024113], [134.9741238, 34.80280585], [134.97422405, 34.80314463], [134.9741097, 34.80320745], [134.97398287, 34.80319336], [134.97377854, 34.80329199], [134.97387717, 34.80372882], [134.97387716, 34.80391201], [134.97401102, 34.80427134], [134.97396874, 34.80434884], [134.97385601, 34.80447565], [134.97376441, 34.80453906], [134.97363053, 34.80474338], [134.97344734, 34.80493361], [134.97334869, 34.80503929], [134.97327118, 34.80518725], [134.9731514, 34.8052577], [134.97317253, 34.80539157], [134.97345435, 34.8057509], [134.97357413, 34.80589886], [134.97375731, 34.80603977], [134.97369389, 34.80628637], [134.97348251, 34.8064625], [134.97309389, 34.80696651], [134.97289862, 34.80713387], [134.97237722, 34.80788955], [134.97185255, 34.80836116], [134.97171395, 34.8085691], [134.97155894, 34.80882274], [134.97147438, 34.8089566], [134.97119498, 34.80925513], [134.97111503, 34.8093441], [134.97110094, 34.80943569], [134.97178608, 34.80923476], [134.9719641, 34.80915613], [134.9724467, 34.80892844], [134.97311911, 34.80870027], [134.97356699, 34.80859028], [134.97384178, 34.80834369], [134.97423055, 34.80791579], [134.97481896, 34.80737101], [134.97526508, 34.80686414], [134.97519007, 34.80678898], [134.97504741, 34.80629981], [134.97492513, 34.8058514], [134.97472132, 34.80534184], [134.97448868, 34.80469323], [134.9743771, 34.80449797], [134.97426967, 34.80424038], [134.9742237, 34.80399589], [134.97437713, 34.80382853], [134.97475371, 34.80347987], [134.97517214, 34.80307542], [134.97541318, 34.80281997], [134.97577957, 34.80253111], [134.97639251, 34.80375002], [134.97807313, 34.80317312], [134.9785802, 34.80309304], [134.97878443, 34.80335444], [134.97877019, 34.80358825], [134.9785745, 34.80403176], [134.97842177, 34.80423308], [134.97825439, 34.80466542], [134.97815391, 34.80504645], [134.97830052, 34.8052449], [134.9785614, 34.80576669], [134.97884479, 34.80648112], [134.97905395, 34.80702055], [134.97914692, 34.80734321], [134.97921665, 34.80751058], [134.97919728, 34.80764512], [134.97916085, 34.80776162], [134.979119, 34.80801266], [134.97899571, 34.80811307], [134.9788261, 34.80824696], [134.97884004, 34.80857052], [134.97889582, 34.80876578], [134.97893634, 34.80886805], [134.97880914, 34.80918437], [134.97877251, 34.80949658], [134.97878143, 34.80956799], [134.97883499, 34.80959477], [134.97883016, 34.80958383], [134.97904153, 34.8095486], [134.97956997, 34.80947111], [134.97995044, 34.80937248], [134.98020409, 34.80930908], [134.98028864, 34.80930908], [134.98071841, 34.80922885], [134.98076305, 34.80902355], [134.980958, 34.80895682], [134.98133433, 34.80884505], [134.98128971, 34.8086219], [134.98113797, 34.8083809], [134.98100409, 34.80802386], [134.98087349, 34.80784361], [134.98057563, 34.80806848], [134.98043281, 34.80822021], [134.98019181, 34.80810417], [134.98009362, 34.80802384], [134.98014777, 34.80792109], [134.9803882, 34.80768466], [134.98053995, 34.8075597], [134.98045286, 34.80731904], [134.98042392, 34.80721159], [134.98024541, 34.80672066], [134.9804507, 34.80660357], [134.98050011, 34.80657539], [134.98094612, 34.80647856], [134.98165563, 34.80625837], [134.98188814, 34.80618087], [134.98208542, 34.80611042], [134.982635, 34.80598361], [134.98327693, 34.80585668], [134.98381198, 34.80565287], [134.98406584, 34.80560501], [134.98419974, 34.80551575], [134.98440504, 34.80554253], [134.98437249, 34.80603505], [134.98435144, 34.80675645], [134.98445855, 34.80681894], [134.98461029, 34.80681002], [134.98467821, 34.80674843], [134.98504769, 34.80642621], [134.98547615, 34.80620307], [134.9857337, 34.80622532], [134.98588508, 34.80618405], [134.98617407, 34.80607396], [134.98664007, 34.80593319], [134.98714964, 34.80578034], [134.98788623, 34.80557831], [134.9885557, 34.80541766], [134.9891359, 34.80529271], [134.98969749, 34.80527084], [134.9899571, 34.80553373], [134.99030521, 34.80564978], [134.99051944, 34.8055873], [134.99076938, 34.80548912], [134.99103715, 34.80577476], [134.99142097, 34.80615858], [134.99167981, 34.80646207], [134.99172444, 34.80660488], [134.99188511, 34.80669414], [134.99197436, 34.80689052], [134.99217072, 34.80727434], [134.99254563, 34.80716723], [134.99280448, 34.80717617], [134.99336683, 34.80708692], [134.99327758, 34.80688162], [134.99324188, 34.80674773], [134.99289378, 34.80606043], [134.99281345, 34.80585513], [134.99261709, 34.80555165], [134.99250999, 34.80513212], [134.99236718, 34.80490897], [134.99221545, 34.80452516], [134.99246538, 34.80448053], [134.99286706, 34.80439128], [134.99307236, 34.80436451], [134.99337585, 34.80440915], [134.99359899, 34.804909], [134.99374181, 34.80486438], [134.99398282, 34.80457875], [134.99416135, 34.80443594], [134.9943131, 34.80429313], [134.99441128, 34.80455198], [134.9945898, 34.80455199], [134.9948576, 34.8041414], [134.99519679, 34.80411463], [134.99528605, 34.80429315], [134.99545054, 34.8043232], [134.99568772, 34.80431994], [134.99608048, 34.80414143], [134.99626793, 34.80416821], [134.99628577, 34.80441814], [134.99614295, 34.80463236], [134.99642857, 34.80490014], [134.99692843, 34.80509652], [134.9972587, 34.80498049], [134.99733905, 34.80473057], [134.99701772, 34.80437353], [134.99702665, 34.80430212], [134.99749974, 34.80410576], [134.997589, 34.80413254], [134.99769263, 34.80444555], [134.99775377, 34.80477166], [134.9978149, 34.80511816], [134.99800848, 34.80547143], [134.99829413, 34.80526615], [134.99836554, 34.80508763], [134.99844589, 34.80465919], [134.99835665, 34.80421289], [134.99832988, 34.80394511], [134.9981207, 34.80334492], [134.99807995, 34.80293728], [134.99813356, 34.80228489], [134.99818191, 34.80149015], [134.9983032, 34.80097278], [134.99849066, 34.80054434], [134.99866919, 34.80029442], [134.99895484, 34.8000445], [134.99971712, 34.80018376], [134.9999242, 34.80052652], [135.00024554, 34.80051225], [135.00033836, 34.80085501], [135.00157376, 34.80036947], [135.00126671, 34.79996244], [135.00103822, 34.79949828], [135.00046694, 34.79957682], [135.00036696, 34.79991243], [135.00017415, 34.79992671], [134.99972428, 34.79961251], [134.99934582, 34.79943398], [134.9993387, 34.79880559], [134.99937442, 34.79834859], [134.99940499, 34.79802521], [134.99932311, 34.79790452], [134.99926733, 34.79775948], [134.9992959, 34.79749884], [134.99990289, 34.79719894], [135.00029386, 34.79705658], [135.00039562, 34.79697759], [135.00099546, 34.7967134], [135.00158599, 34.79643545], [135.00207911, 34.79630908], [135.00246246, 34.79606859], [135.00272744, 34.79582401], [135.00312797, 34.79528262], [135.00319628, 34.79472339], [135.00318495, 34.79428274], [135.00288218, 34.79428845], [135.00229947, 34.79446553], [135.00207667, 34.7945455], [135.00173391, 34.79446551], [135.00142543, 34.79433412], [135.00116836, 34.79424271], [135.00110552, 34.79414559], [135.00125406, 34.79397422], [135.00143688, 34.79360291], [135.00123123, 34.79340296], [135.00091132, 34.79328299], [135.00056855, 34.79348864], [135.00043144, 34.79352862], [134.99855768, 34.79304872], [134.99746087, 34.79192332], [134.99745517, 34.79148916], [134.99703814, 34.79150629], [134.99696388, 34.79147772], [134.99686105, 34.791512], [134.99661277, 34.79178821], [134.99624976, 34.79222034], [134.99610123, 34.79237458], [134.9960041, 34.79253453], [134.99588985, 34.79262022], [134.99563848, 34.79291155], [134.99556421, 34.79308864], [134.99527856, 34.79340283], [134.99516999, 34.79405977], [134.99481579, 34.79445964], [134.99461584, 34.7945796], [134.99451872, 34.79481382], [134.99452585, 34.79507802], [134.99458726, 34.79518514], [134.99477006, 34.79537366], [134.99503855, 34.79568785], [134.99524991, 34.79592779], [134.99535417, 34.79595635], [134.99561124, 34.79598492], [134.99550412, 34.79617772], [134.99548269, 34.79624913], [134.99534889, 34.79651684], [134.99527559, 34.79668471], [134.99517561, 34.79685608], [134.99518989, 34.79707744], [134.99524694, 34.7973525], [134.99524694, 34.79757671], [134.99528269, 34.79787721], [134.99521842, 34.79807001], [134.9951113, 34.79829137], [134.99506844, 34.79859128], [134.99515413, 34.79864126], [134.9952469, 34.79875887], [134.99536835, 34.79884835], [134.99547368, 34.79897331], [134.99550937, 34.79918754], [134.9956254, 34.79944639], [134.99431326, 34.79958025], [134.99351434, 34.79969641], [134.99312607, 34.79978552], [134.99291184, 34.79979444], [134.99280095, 34.79959449], [134.9928825, 34.79888111], [134.99288253, 34.79804544], [134.99292085, 34.79739337], [134.99289408, 34.79715237], [134.99286218, 34.79704672], [134.99267874, 34.79680213], [134.99242995, 34.79643829], [134.99230498, 34.79630439], [134.9920015, 34.79617942], [134.99174265, 34.79604553], [134.9915195, 34.79590271], [134.99122494, 34.79584915], [134.99101961, 34.79655429], [134.99064471, 34.79663461], [134.99028766, 34.79677742], [134.99007343, 34.79680419], [134.9899067, 34.79682245], [134.98970288, 34.79672053], [134.98959142, 34.79667029], [134.98946646, 34.79663459], [134.98917293, 34.79661861], [134.98892196, 34.79678632], [134.98893981, 34.79691128], [134.98895766, 34.79699161], [134.98912725, 34.79720584], [134.98934146, 34.79748255], [134.98940393, 34.79785744], [134.98925218, 34.7980538], [134.98893977, 34.79810735], [134.98850239, 34.79791097], [134.98837797, 34.79761732], [134.98802932, 34.797545], [134.98790918, 34.7971689], [134.9877794, 34.79708977], [134.98769907, 34.79698266], [134.98759197, 34.79669703], [134.98751164, 34.79647388], [134.98707426, 34.79638461], [134.9871189, 34.79605435], [134.98712784, 34.79564376], [134.98678865, 34.79545631], [134.98650301, 34.79555449], [134.98640482, 34.79570622], [134.98634233, 34.7960097], [134.98613593, 34.79598669], [134.98589135, 34.79572172], [134.98605671, 34.79543844], [134.98605672, 34.79515281], [134.98607458, 34.79492074], [134.98549438, 34.79492965], [134.98520874, 34.79511709], [134.98499451, 34.7950546], [134.98494096, 34.79503675], [134.98478029, 34.79486715], [134.98504809, 34.79458153], [134.9849499, 34.79442978], [134.98507488, 34.79424234], [134.9852177, 34.79406383], [134.98491422, 34.7938853], [134.98452147, 34.79368], [134.9842269, 34.79401918], [134.983852, 34.79396561], [134.98350663, 34.7939688], [134.98331643, 34.79394775], [134.98313975, 34.79386688], [134.98295939, 34.79385848], [134.98293592, 34.79374458], [134.98320041, 34.79359071], [134.98319149, 34.79338541], [134.98318054, 34.79319427], [134.98353961, 34.7931712], [134.98370922, 34.79301946], [134.98362889, 34.79283202], [134.98386098, 34.79247499], [134.98341469, 34.79203761], [134.98306658, 34.79172519], [134.98282558, 34.79143063], [134.98270954, 34.79148418], [134.98263026, 34.79156369], [134.98261134, 34.79172518], [134.98246852, 34.79181444], [134.98212041, 34.79169839], [134.98204007, 34.7916002], [134.98202224, 34.79118069], [134.98174553, 34.79102894], [134.98148667, 34.79104679], [134.98124423, 34.79164518], [134.98104034, 34.79184118], [134.98087966, 34.79211788], [134.98078147, 34.79225177], [134.98095997, 34.79272484], [134.98097781, 34.79310866], [134.9807368, 34.79326039], [134.98046901, 34.7933318], [134.97990667, 34.79340319], [134.97971029, 34.79334963], [134.97924668, 34.79323495], [134.97912118, 34.79295688], [134.97890696, 34.79266232], [134.97881771, 34.79244809], [134.97861241, 34.79243024], [134.97827322, 34.79234097], [134.97814827, 34.79187682], [134.9778537, 34.79185003], [134.97752343, 34.79190358], [134.97709498, 34.79200176], [134.97688967, 34.79204638], [134.97604663, 34.792175], [134.97582746, 34.79225165], [134.97564001, 34.79228735], [134.97551667, 34.79260301], [134.97548825, 34.79273365], [134.97517016, 34.79266415], [134.97485449, 34.79260867], [134.97449745, 34.79247477], [134.97439927, 34.79236766], [134.97435466, 34.79178747], [134.974435, 34.79142151], [134.97446179, 34.79122514], [134.97461989, 34.79085013], [134.97479208, 34.79060926], [134.97505987, 34.79035042], [134.9748992, 34.79021653], [134.9746582, 34.79011834], [134.97428331, 34.78995766], [134.97371204, 34.7897345], [134.97341745, 34.79051105], [134.97319429, 34.79095734], [134.9731318, 34.79116263], [134.97310501, 34.79135008], [134.97302467, 34.79147504], [134.97302467, 34.7915643], [134.97301574, 34.79167141], [134.97294432, 34.79184992], [134.97281935, 34.79209985], [134.97252044, 34.79182842], [134.97199815, 34.79193916], [134.97155184, 34.79201948], [134.97096271, 34.79212658], [134.97091809, 34.79192128], [134.97095097, 34.79172648], [134.97103252, 34.7913596], [134.97113234, 34.7910644], [134.97132872, 34.7909573], [134.97155188, 34.79085912], [134.97146263, 34.79057348], [134.97115023, 34.78993974], [134.97106098, 34.78972551], [134.97087353, 34.7896184], [134.97053434, 34.78964517], [134.97040046, 34.78930598], [134.97055221, 34.78918102], [134.97071288, 34.78902928], [134.97050674, 34.78853462], [134.97078431, 34.78833306], [134.97106994, 34.78857407], [134.97122169, 34.7885473], [134.97136451, 34.78852945], [134.97155196, 34.7884759], [134.97148056, 34.78826167], [134.97148949, 34.78812778], [134.97148513, 34.78796395], [134.97164819, 34.78794764], [134.97187648, 34.78793134], [134.97210476, 34.78799657], [134.97242673, 34.78825277], [134.97264988, 34.78817244], [134.97287305, 34.78791359], [134.97284628, 34.78755656], [134.97258743, 34.78745837], [134.97248924, 34.78738696], [134.97235535, 34.78729769], [134.97210478, 34.78732804], [134.97157878, 34.78720842], [134.97141811, 34.78721734], [134.97111011, 34.78711604], [134.97090039, 34.78711914], [134.97088255, 34.78695848], [134.97088255, 34.78681566], [134.97118605, 34.78657467], [134.97123069, 34.78624441], [134.97140029, 34.7861016], [134.97166456, 34.78594204], [134.9718109, 34.78583383], [134.97167703, 34.78545894], [134.97158777, 34.78515546], [134.97138247, 34.78514653], [134.97093081, 34.78524088], [134.97101649, 34.78559282], [134.97094506, 34.78600341], [134.97082903, 34.78590522], [134.97073977, 34.78571777], [134.97070407, 34.78554818], [134.97032748, 34.78528978], [134.9700829, 34.78501258], [134.97001678, 34.78489657], [134.96990967, 34.78478053], [134.96957741, 34.78478429], [134.96936543, 34.78493103], [134.9693002, 34.78502887], [134.96907953, 34.78506614], [134.96866, 34.78506613], [134.96840336, 34.78501254], [134.96814246, 34.78524081], [134.96793047, 34.78545278], [134.96793047, 34.78563215], [134.96809352, 34.78579521], [134.96799051, 34.7858873], [134.96778521, 34.78607474], [134.96774057, 34.78629789], [134.96763345, 34.78652996], [134.9677584, 34.78674418], [134.967928, 34.7868513], [134.96799941, 34.78687808], [134.96818686, 34.7868156], [134.96836538, 34.78669064], [134.96840109, 34.78658353], [134.96846358, 34.78644072], [134.96849036, 34.7862979], [134.9685707, 34.78611046], [134.96863319, 34.78601228], [134.96865105, 34.78592302], [134.96898132, 34.78569095], [134.96911521, 34.78586948], [134.96908842, 34.78614618], [134.96912412, 34.78620866], [134.96911519, 34.78641396], [134.96890881, 34.78639854], [134.96890988, 34.78651214], [134.96887417, 34.7868781], [134.9689902, 34.78703877], [134.96928477, 34.78694059], [134.96930262, 34.78705663], [134.96932046, 34.78719944], [134.96925798, 34.78730655], [134.96887415, 34.7873958], [134.96846851, 34.78742579], [134.96799562, 34.78758884], [134.96775102, 34.78781711], [134.9674638, 34.78810092], [134.96740131, 34.78828836], [134.96737596, 34.78856716], [134.96737595, 34.78882806], [134.96759096, 34.78903368], [134.9677836, 34.78905634], [134.96814233, 34.78904005], [134.96831621, 34.78906716], [134.96840548, 34.78893328], [134.96849475, 34.78868782], [134.96845013, 34.78836425], [134.96852824, 34.78819689], [134.96885181, 34.78812996]]]}}, {"type": "Feature", "id": "did-1980-24", "properties": {"A16_001": "282102", "A16_002": "28210", "A16_003": "加古川市", "A16_004": "2", "A16_005": "10799", "A16_006": "1.5", "A16_007": "10402", "A16_008": "1.4", "A16_009": "5.1", "A16_010": "1.1", "A16_011": "1980", "year": 1980, "population": 10799.0, "areaKm2": 1.5, "density": 7199.333333333333}, "geometry": {"type": "Polygon", "coordinates": [[[134.89464215, 34.77781314], [134.89496475, 34.77835083], [134.89406857, 34.77861368], [134.89379376, 34.7783508], [134.89237182, 34.77890041], [134.89250324, 34.77945005], [134.89151149, 34.77897208], [134.88963547, 34.78025054], [134.88953986, 34.78068069], [134.88899022, 34.78065678], [134.88909773, 34.781302], [134.88964737, 34.78175606], [134.88969516, 34.7818875], [134.88904991, 34.78230569], [134.8885839, 34.78219814], [134.88814179, 34.78231761], [134.88783111, 34.78258048], [134.88743679, 34.78269995], [134.88780718, 34.78341688], [134.8875204, 34.78373948], [134.88701855, 34.78358414], [134.88675568, 34.7834288], [134.88650473, 34.78391869], [134.88608652, 34.78395453], [134.88577584, 34.78410985], [134.88541738, 34.78393061], [134.88499918, 34.78366773], [134.88486774, 34.78352435], [134.8848797, 34.78336902], [134.88562054, 34.78295083], [134.88536965, 34.7818635], [134.88442569, 34.78186348], [134.88435398, 34.78247286], [134.88440175, 34.78301055], [134.88433004, 34.78356018], [134.88429418, 34.78384695], [134.88419859, 34.78409787], [134.88403848, 34.78448565], [134.88389984, 34.78474308], [134.88400009, 34.7856361], [134.88380418, 34.78692968], [134.88344571, 34.78678628], [134.88318284, 34.7865712], [134.8827288, 34.78617689], [134.88223888, 34.78672651], [134.88198794, 34.78691769], [134.88112762, 34.78694156], [134.8810559, 34.78782576], [134.8809603, 34.78801693], [134.88049428, 34.7881842], [134.88000437, 34.78847096], [134.87965785, 34.78862628], [134.87932327, 34.78891304], [134.8788692, 34.78906836], [134.87860632, 34.78924759], [134.87852267, 34.78941487], [134.87884529, 34.789618], [134.87894087, 34.78983308], [134.87890502, 34.78997646], [134.87890501, 34.79014374], [134.87902449, 34.7905022], [134.87901253, 34.79074117], [134.87898863, 34.79103989], [134.87900057, 34.79112353], [134.87867795, 34.79111157], [134.87829559, 34.79105182], [134.87780569, 34.79092037], [134.87727994, 34.79088452], [134.8772441, 34.79054995], [134.87712464, 34.78957017], [134.8771163, 34.78941323], [134.87707796, 34.78916397], [134.87687373, 34.78905637], [134.8768857, 34.78866207], [134.87675429, 34.78759864], [134.87659897, 34.78729992], [134.87640692, 34.78701646], [134.875894, 34.78670247], [134.875428, 34.78643959], [134.8749142, 34.78642763], [134.87407777, 34.78647541], [134.87382685, 34.78637981], [134.87356397, 34.78632006], [134.87328916, 34.78606914], [134.87195845, 34.78619187], [134.87153266, 34.78621248], [134.87093522, 34.78618857], [134.87068429, 34.78612882], [134.8699554, 34.78637973], [134.86953718, 34.78647531], [134.86928626, 34.78639166], [134.86905923, 34.78629607], [134.86883221, 34.78624827], [134.86823477, 34.785842], [134.86800775, 34.78567471], [134.86791216, 34.78555523], [134.86754832, 34.7855015], [134.86637075, 34.78551935], [134.86662167, 34.78584196], [134.86689648, 34.78616458], [134.86703987, 34.78635576], [134.86733857, 34.78678592], [134.86758949, 34.78708464], [134.86761394, 34.78733668], [134.86751778, 34.78750284], [134.86744609, 34.78764622], [134.86699202, 34.78769401], [134.86609697, 34.78796675], [134.86564177, 34.78844674], [134.86563019, 34.78864351], [134.86572353, 34.78887689], [134.86668532, 34.78996904], [134.86717116, 34.79059752], [134.86786417, 34.79133835], [134.86856914, 34.79204333], [134.8692741, 34.79264078], [134.87012246, 34.79325018], [134.87033753, 34.79351305], [134.87088716, 34.79395516], [134.8714129, 34.79432558], [134.87199652, 34.79455176], [134.87217762, 34.79480354], [134.87303793, 34.79522176], [134.87418503, 34.79507841], [134.87535602, 34.79499479], [134.87547551, 34.79501869], [134.8762044, 34.79495897], [134.87643143, 34.79476779], [134.8769572, 34.79440935], [134.87779363, 34.79413455], [134.87908412, 34.79399119], [134.87964572, 34.79394341], [134.8804224, 34.79387174], [134.88074502, 34.79384785], [134.88179653, 34.79382398], [134.88270465, 34.79381205], [134.88353963, 34.79380424], [134.88432579, 34.79370838], [134.88488186, 34.79365087], [134.88527367, 34.79360898], [134.88565604, 34.79345366], [134.8858592, 34.79261726], [134.88587116, 34.79241413], [134.8853932, 34.79229464], [134.88468822, 34.79210344], [134.88388765, 34.79184055], [134.88265692, 34.79168519], [134.88242991, 34.7911953], [134.88235822, 34.79092048], [134.88233433, 34.79069345], [134.88223588, 34.79019948], [134.88192811, 34.78959417], [134.88164135, 34.78916402], [134.88174889, 34.78897284], [134.88221492, 34.78855465], [134.88253755, 34.78818425], [134.88275264, 34.78790944], [134.88323059, 34.78812452], [134.88388777, 34.78827987], [134.88447327, 34.78842327], [134.88486758, 34.78855471], [134.88502292, 34.78830379], [134.88509462, 34.78805287], [134.88568012, 34.78811263], [134.88587914, 34.7873618], [134.88681869, 34.78740017], [134.88803408, 34.78732408], [134.88829696, 34.78728824], [134.88888245, 34.7872763], [134.88906169, 34.78728825], [134.88871523, 34.78546011], [134.88927683, 34.78530479], [134.88936049, 34.78482685], [134.88956363, 34.78465957], [134.88976676, 34.78465958], [134.89023276, 34.78488661], [134.89049564, 34.78488662], [134.89043592, 34.78418165], [134.89029259, 34.78241325], [134.89062716, 34.78229377], [134.89182208, 34.78163663], [134.89301699, 34.78102727], [134.8933635, 34.78123041], [134.89371001, 34.7813738], [134.89492881, 34.78102732], [134.8957533, 34.78074057], [134.89598034, 34.78045381], [134.8962074, 34.77942623], [134.89556218, 34.77879294], [134.89574143, 34.77841059], [134.89605211, 34.77809994], [134.89464215, 34.77781314]]]}}, {"type": "Feature", "id": "did-1980-25", "properties": {"A16_001": "281096", "A16_002": "28109", "A16_003": "北区", "A16_004": "6", "A16_005": "5797", "A16_006": "0.6", "A16_007": "0", "A16_008": "0.0", "A16_009": "3.5", "A16_010": "0.2", "A16_011": "1980", "year": 1980, "population": 5797.0, "areaKm2": 0.6, "density": 9661.666666666668}, "geometry": {"type": "Polygon", "coordinates": [[[135.21085528, 34.78832814], [135.21105909, 34.78875617], [135.21130367, 34.78928611], [135.21167053, 34.78987721], [135.21199663, 34.79081479], [135.21220044, 34.79120206], [135.21252655, 34.79160971], [135.21309725, 34.79211927], [135.21362718, 34.79254731], [135.21425903, 34.79297535], [135.21480935, 34.79338301], [135.21564502, 34.79399449], [135.21641954, 34.79448368], [135.21688834, 34.79478942], [135.21707178, 34.79485057], [135.21742074, 34.79500115], [135.21758135, 34.79478944], [135.21782595, 34.79456524], [135.21797459, 34.79429857], [135.21823911, 34.79414979], [135.21827217, 34.79405887], [135.21823294, 34.79314627], [135.21845898, 34.79275881], [135.21868502, 34.79232292], [135.21838797, 34.79195935], [135.21817255, 34.79179328], [135.21797468, 34.79159771], [135.21771637, 34.79155638], [135.2176337, 34.7916597], [135.21711706, 34.79210397], [135.21602181, 34.79207295], [135.2158565, 34.79172165], [135.21494725, 34.79140133], [135.21458561, 34.79120501], [135.21434797, 34.79101902], [135.21439964, 34.79080204], [135.2145443, 34.79076072], [135.21489561, 34.79072973], [135.21550523, 34.79056443], [135.21554659, 34.78974818], [135.21560859, 34.7895312], [135.21606322, 34.78955187], [135.21608387, 34.79024414], [135.21618719, 34.79037846], [135.21673481, 34.79054379], [135.2173031, 34.79051281], [135.2173369, 34.79040727], [135.21743883, 34.79010154], [135.21737546, 34.78946925], [135.21758154, 34.78900091], [135.21758214, 34.78864267], [135.21754082, 34.78841536], [135.21734451, 34.78815705], [135.21686818, 34.78800217], [135.21652825, 34.78787806], [135.2164456, 34.78734077], [135.21653861, 34.78682416], [135.21673493, 34.78679317], [135.21711724, 34.78679318], [135.21733423, 34.78664853], [135.21754086, 34.7864939], [135.21754087, 34.78620855], [135.21743897, 34.78588244], [135.21725554, 34.78545441], [135.21715364, 34.78504676], [135.21694982, 34.78470026], [135.21688868, 34.78445567], [135.21689, 34.78436509], [135.21682803, 34.7838588], [135.21599109, 34.78379679], [135.21560879, 34.78377612], [135.21523682, 34.78373478], [135.21458587, 34.78355912], [135.2142759, 34.78342479], [135.21398659, 34.78333179], [135.21372828, 34.78322846], [135.21358363, 34.78316647], [135.21341831, 34.7830838], [135.21310834, 34.78299081], [135.21292235, 34.7829908], [135.21260836, 34.78331417], [135.21228222, 34.78366066], [135.21185418, 34.78382371], [135.21154844, 34.78402753], [135.21128345, 34.78421096], [135.21101847, 34.7844963], [135.21081463, 34.78500585], [135.21072143, 34.78539817], [135.21058711, 34.78550149], [135.21054577, 34.78558415], [135.21026426, 34.78584151], [135.21003946, 34.78612142], [135.20967781, 34.78640038], [135.20966747, 34.7865657], [135.20989892, 34.78679301], [135.21020307, 34.78708482], [135.21040689, 34.78757399], [135.21063108, 34.7879205], [135.21085528, 34.78832814]]]}}, {"type": "Feature", "id": "did-1980-26", "properties": {"A16_001": "282151", "A16_002": "28215", "A16_003": "三木市", "A16_004": "1", "A16_005": "26529", "A16_006": "4.0", "A16_007": "7560", "A16_008": "1.3", "A16_009": "37.8", "A16_010": "3.3", "A16_011": "1980", "year": 1980, "population": 26529.0, "areaKm2": 4.0, "density": 6632.25}, "geometry": {"type": "Polygon", "coordinates": [[[135.03856223, 34.76474936], [135.03849889, 34.76475972], [135.03835639, 34.76478333], [135.03803731, 34.76483586], [135.03797783, 34.76484565], [135.03779278, 34.76487611], [135.03771445, 34.76488917], [135.03752334, 34.76494056], [135.03739695, 34.76497083], [135.03731448, 34.76499061], [135.0371525, 34.76502944], [135.037035, 34.76505778], [135.03681945, 34.76510528], [135.03664545, 34.76514361], [135.03587166, 34.76531417], [135.03556084, 34.76539472], [135.03537445, 34.76547167], [135.03514805, 34.76555222], [135.03488021, 34.76565054], [135.03414651, 34.76591987], [135.03402055, 34.76596611], [135.03394, 34.76598306], [135.03388278, 34.76599528], [135.033795, 34.76597556], [135.0336075, 34.76593306], [135.03338765, 34.7658658], [135.03336777, 34.76585972], [135.03309695, 34.76577917], [135.03288389, 34.76572806], [135.03281722, 34.76573973], [135.03275945, 34.76575], [135.03273, 34.76574833], [135.03261211, 34.76574229], [135.03252945, 34.76573806], [135.03233778, 34.76572806], [135.03214722, 34.76571694], [135.0317475, 34.76573527], [135.03160305, 34.76568639], [135.03153778, 34.76566417], [135.03147666, 34.76564361], [135.03132111, 34.76558139], [135.03113028, 34.76547889], [135.030855, 34.76535444], [135.03032666, 34.76506861], [135.03015195, 34.764965], [135.02999361, 34.76487528], [135.02978111, 34.76476944], [135.02915861, 34.76463472], [135.02898555, 34.76461028], [135.0287925, 34.76456944], [135.02861972, 34.76454917], [135.02820916, 34.76454083], [135.02810389, 34.76453028], [135.02796695, 34.76451639], [135.02791595, 34.76451588], [135.02790475, 34.76451576], [135.02790475, 34.76451576], [135.02758139, 34.7645125], [135.02732445, 34.76448389], [135.02730666, 34.76448139], [135.02671972, 34.76439889], [135.02671639, 34.76439833], [135.02655334, 34.76437778], [135.02641489, 34.76435571], [135.02567859, 34.76565075], [135.02542537, 34.76602504], [135.02506205, 34.76654244], [135.02507306, 34.76668556], [135.02491892, 34.76709288], [135.02523088, 34.76712646], [135.02573637, 34.76733845], [135.02642121, 34.76759935], [135.02672438, 34.7675773], [135.02698418, 34.76810573], [135.02734086, 34.76838096], [135.02731884, 34.76852847], [135.02706563, 34.76857911], [135.02713388, 34.76873103], [135.02757424, 34.76885434], [135.02769754, 34.76896002], [135.0276711, 34.76929469], [135.02714266, 34.76947963], [135.02710919, 34.76955889], [135.02710918, 34.76996049], [135.02701053, 34.77010844], [135.02679916, 34.77010844], [135.02658778, 34.7703198], [135.02652436, 34.77044662], [135.02634117, 34.77070026], [135.02598887, 34.77080593], [135.02587613, 34.7710173], [135.02572112, 34.77129912], [135.02557317, 34.77143118], [135.02529835, 34.77177116], [135.02520675, 34.77189798], [135.02497424, 34.77189093], [135.02486856, 34.77188388], [135.02449513, 34.77188387], [135.0243683, 34.77204592], [135.02412873, 34.77235592], [135.02366532, 34.77236056], [135.02336427, 34.77230658], [135.02323216, 34.77228016], [135.02301198, 34.77227135], [135.02294152, 34.77229777], [135.02290629, 34.77237703], [135.0226861, 34.77263243], [135.02262445, 34.7727293], [135.02243068, 34.77300232], [135.02224572, 34.77314322], [135.02209599, 34.77331055], [135.02177011, 34.77369805], [135.02132093, 34.77413839], [135.02110074, 34.77446425], [135.02079248, 34.77469322], [135.02051945, 34.77496623], [135.0202376, 34.77523924], [135.02014072, 34.77545942], [135.02002623, 34.77540657], [135.019991, 34.77524804], [135.01999982, 34.77507191], [135.02005266, 34.77494861], [135.02024643, 34.7746844], [135.02022882, 34.77453468], [135.02002898, 34.77438239], [135.01992939, 34.77422643], [135.0198237, 34.77409432], [135.01994747, 34.77382799], [135.02007032, 34.77360995], [135.01996379, 34.77325729], [135.01978851, 34.77314317], [135.01932171, 34.77353067], [135.01911033, 34.77364515], [135.01873161, 34.77387412], [135.01828244, 34.77409429], [135.017754, 34.77439372], [135.01753381, 34.77445536], [135.0170494, 34.77476359], [135.01667069, 34.77497495], [135.01640899, 34.77495301], [135.01629198, 34.77493091], [135.01614226, 34.77486926], [135.01599254, 34.7748076], [135.01578937, 34.77477363], [135.01560502, 34.77463146], [135.01552576, 34.77462265], [135.0153232, 34.77454338], [135.01522631, 34.77458741], [135.01495776, 34.77470839], [135.0147331, 34.7748428], [135.01462741, 34.77487803], [135.01429274, 34.77482518], [135.0139933, 34.77480756], [135.01364982, 34.77475471], [135.01349129, 34.77472828], [135.01299808, 34.77471066], [135.01291, 34.77490441], [135.01273385, 34.77512458], [135.01256073, 34.77550731], [135.01260963, 34.77588235], [135.01254439, 34.77628999], [135.01238132, 34.77664871], [135.01229978, 34.77699113], [135.01259287, 34.77721184], [135.01300679, 34.77756413], [135.01280422, 34.77772265], [135.01270734, 34.77781071], [135.01226697, 34.77804849], [135.01183541, 34.77827747], [135.0115888, 34.7783303], [135.01129816, 34.77855928], [135.01093705, 34.77877944], [135.01062879, 34.77902603], [135.00974805, 34.77956324], [135.00929007, 34.77973056], [135.00887613, 34.77984504], [135.0084798, 34.77996833], [135.00812751, 34.7800652], [135.00801301, 34.78011804], [135.00726439, 34.78036462], [135.00700898, 34.78042626], [135.0069209, 34.78042626], [135.00670072, 34.78047029], [135.00639247, 34.78055835], [135.00579357, 34.78069925], [135.0053444, 34.78083135], [135.00532678, 34.78094584], [135.00580236, 34.78128051], [135.00593446, 34.78144785], [135.00617224, 34.7817561], [135.00619866, 34.78202912], [135.00536197, 34.7821524], [135.00481591, 34.7822933], [135.00416418, 34.78239897], [135.00353005, 34.78246941], [135.00326584, 34.78249582], [135.00276383, 34.78239013], [135.00254365, 34.78239012], [135.00227943, 34.78234608], [135.00210329, 34.78232846], [135.00181265, 34.78226681], [135.00168054, 34.7822668], [135.00154843, 34.78224038], [135.00096716, 34.78212588], [135.00046515, 34.78201137], [135.0005334, 34.78226237], [135.00048936, 34.78250457], [135.0004343, 34.78270272], [135.00013707, 34.78253758], [134.99978478, 34.78252657], [134.99972973, 34.78265867], [134.99965266, 34.7827027], [134.99958661, 34.78281279], [134.99980678, 34.7829449], [134.9999069, 34.78302396], [135.00057739, 34.78359443], [135.00142335, 34.78382298], [135.00151315, 34.78391371], [135.00172232, 34.78395775], [135.00204159, 34.78371556], [135.00220673, 34.78368254], [135.0022948, 34.78349539], [135.00209665, 34.78335228], [135.00193152, 34.78323118], [135.00209665, 34.78314311], [135.00238289, 34.78307706], [135.0025485, 34.78300772], [135.00262289, 34.78300661], [135.00274619, 34.78302203], [135.00285188, 34.78304185], [135.00293335, 34.78300001], [135.00301921, 34.78305946], [135.00326597, 34.78304034], [135.00314251, 34.78327524], [135.00304562, 34.78349101], [135.00282568, 34.78388823], [135.00277674, 34.78449154], [135.00280934, 34.78480135], [135.00310721, 34.78537571], [135.00300152, 34.78548139], [135.00267565, 34.78554303], [135.00256116, 34.78541092], [135.00245548, 34.78524359], [135.00245059, 34.78507854], [135.00227123, 34.7849807], [135.00212448, 34.78493178], [135.00212447, 34.78525789], [135.0022617, 34.785772], [135.00236737, 34.78623877], [135.00239378, 34.78666151], [135.00241139, 34.78682884], [135.00234973, 34.78696095], [135.00204287, 34.78723088], [135.00180367, 34.78745413], [135.00131926, 34.78783282], [135.00111668, 34.78808822], [135.00098457, 34.78821151], [135.00049135, 34.78876634], [135.00050896, 34.78892487], [135.0011695, 34.78880158], [135.00172437, 34.78840528], [135.0017596, 34.78832602], [135.00197098, 34.7881763], [135.00210309, 34.78813227], [135.00227043, 34.78810586], [135.00239373, 34.78810586], [135.00249061, 34.78827319], [135.0024994, 34.78862547], [135.00270901, 34.78859553], [135.00278123, 34.78871355], [135.00249939, 34.78902179], [135.00311589, 34.78913629], [135.00331495, 34.78863782], [135.00342065, 34.78829964], [135.00367347, 34.78776901], [135.00418868, 34.78710895], [135.00432255, 34.78705259], [135.00438596, 34.78725691], [135.00431548, 34.78766555], [135.00428729, 34.78787692], [135.0042591, 34.78812352], [135.00419569, 34.78823624], [135.00416749, 34.78860261], [135.00411816, 34.78899012], [135.00407587, 34.7893424], [135.00406882, 34.78945513], [135.00406881, 34.78964536], [135.00399835, 34.78992014], [135.00379401, 34.79023718], [135.00382218, 34.7905331], [135.00313874, 34.79068104], [135.00310264, 34.79103014], [135.00308938, 34.79188443], [135.00342194, 34.79187316], [135.00365304, 34.79185626], [135.00374886, 34.79199154], [135.00449287, 34.79271302], [135.00550179, 34.79372198], [135.00539468, 34.7940658], [135.00528758, 34.79421798], [135.00532702, 34.79460126], [135.00616687, 34.79484929], [135.00675309, 34.7946013], [135.0070011, 34.79453366], [135.00731112, 34.79448858], [135.00711387, 34.7936431], [135.00714206, 34.79330491], [135.00718152, 34.79313018], [135.0077114, 34.79225654], [135.00635297, 34.79212124], [135.00625715, 34.79213251], [135.00624024, 34.79209305], [135.00614443, 34.79163086], [135.00627408, 34.79151249], [135.0065154, 34.79139096], [135.00678702, 34.79130396], [135.00685008, 34.79125006], [135.00701742, 34.79116199], [135.00718159, 34.79108978], [135.00737888, 34.79100524], [135.00751753, 34.79093241], [135.00772136, 34.79097318], [135.00779598, 34.79120252], [135.00796508, 34.79128144], [135.0080158, 34.79138853], [135.00857383, 34.79133218], [135.0086182, 34.79095282], [135.00861894, 34.79075162], [135.00859076, 34.79069526], [135.00837362, 34.79058593], [135.00812903, 34.79036172], [135.00794559, 34.79030057], [135.00766074, 34.79008086], [135.0074071, 34.78990612], [135.00719855, 34.78971448], [135.0071507, 34.78942412], [135.0071422, 34.7892692], [135.00712529, 34.78921283], [135.00710274, 34.78916774], [135.00704075, 34.78902119], [135.00703511, 34.78891973], [135.00688575, 34.78862921], [135.00668193, 34.78824195], [135.00663494, 34.78804607], [135.00658985, 34.78791643], [135.00667441, 34.78770788], [135.00672514, 34.78767406], [135.00678714, 34.78762334], [135.00686042, 34.78753315], [135.00694497, 34.78747116], [135.00732263, 34.78742607], [135.00760445, 34.78765717], [135.00797082, 34.78815319], [135.00775661, 34.78868865], [135.00804407, 34.78889157], [135.00830899, 34.78888594], [135.00862465, 34.78857594], [135.00874302, 34.78858722], [135.00891776, 34.78858159], [135.00906994, 34.78866614], [135.00906994, 34.78874505], [135.00914885, 34.78888032], [135.00916575, 34.78902124], [135.00921084, 34.78933124], [135.0092221, 34.78947779], [135.00926155, 34.78971453], [135.009239, 34.7898498], [135.00928271, 34.78995411], [135.00946207, 34.79006825], [135.00954337, 34.79017109], [135.00978574, 34.79039092], [135.01009011, 34.79049802], [135.01041704, 34.79037402], [135.01030432, 34.79002456], [135.01018031, 34.78994564], [135.01006195, 34.78974836], [135.00998305, 34.78945526], [135.00994924, 34.78919599], [135.00991543, 34.78892543], [135.00988161, 34.78873943], [135.00988162, 34.78855343], [135.00990417, 34.78835615], [135.00989291, 34.78806305], [135.00983719, 34.78786699], [135.0097351, 34.78752195], [135.00967874, 34.78730212], [135.00961675, 34.78707103], [135.00953784, 34.78683993], [135.00949276, 34.78663701], [135.0094984, 34.7864961], [135.00950404, 34.78637774], [135.00956605, 34.78621992], [135.00980843, 34.78611283], [135.00990989, 34.78604519], [135.01013535, 34.78608465], [135.01027063, 34.78614666], [135.01047355, 34.78616357], [135.01074974, 34.78612976], [135.01092448, 34.78603958], [135.01108794, 34.78600013], [135.01142614, 34.78607341], [135.01169669, 34.78625942], [135.01176996, 34.78636652], [135.0117925, 34.78662579], [135.01181503, 34.78721199], [135.01183756, 34.78775873], [135.01202919, 34.78804056], [135.01218137, 34.78833929], [135.01233919, 34.7884633], [135.01236173, 34.78858166], [135.01254398, 34.78873125], [135.01272247, 34.7889255], [135.01295356, 34.78914533], [135.01303811, 34.78925806], [135.01317338, 34.78942152], [135.01337556, 34.78961178], [135.01368066, 34.79003027], [135.01384411, 34.79017682], [135.01421612, 34.7904812], [135.01462196, 34.79047557], [135.01478542, 34.79048685], [135.01493761, 34.79043612], [135.01523072, 34.79039668], [135.01554637, 34.79031777], [135.01561401, 34.79029523], [135.01567038, 34.79025014], [135.01577254, 34.79019884], [135.0159193, 34.7900684], [135.01627916, 34.78945541], [135.01605934, 34.7891003], [135.0159579, 34.78857611], [135.01598045, 34.78841829], [135.01608756, 34.78823792], [135.01634122, 34.7878772], [135.01633559, 34.78746573], [135.0161045, 34.78722336], [135.01595796, 34.78685135], [135.01616089, 34.78658644], [135.01653855, 34.78640608], [135.01683165, 34.78635536], [135.0169613, 34.78632718], [135.01710221, 34.78625391], [135.01737841, 34.78622573], [135.01772224, 34.78623701], [135.01785189, 34.7862652], [135.01804353, 34.78633284], [135.01812244, 34.78633848], [135.01821826, 34.78636666], [135.01830845, 34.78640612], [135.01836481, 34.78646249], [135.01860718, 34.78657522], [135.01874246, 34.78651322], [135.0189172, 34.78636104], [135.01891721, 34.78606794], [135.01898486, 34.78583685], [135.01916524, 34.78569594], [135.01918215, 34.78552685], [135.01919344, 34.78524503], [135.01948654, 34.78525067], [135.01983037, 34.78525068], [135.01993183, 34.78544796], [135.01997128, 34.78545923], [135.02007838, 34.78550432], [135.0204053, 34.78543669], [135.02046167, 34.78544233], [135.02061386, 34.78539161], [135.02095206, 34.78532398], [135.02121698, 34.78525071], [135.02151572, 34.7854029], [135.02170173, 34.78532963], [135.02187648, 34.78508163], [135.02184268, 34.78446162], [135.02182015, 34.7840107], [135.0217976, 34.78389797], [135.0217807, 34.78369505], [135.0218878, 34.78344705], [135.02198927, 34.78324978], [135.02209637, 34.78315959], [135.02223165, 34.78309196], [135.02240639, 34.78306378], [135.02240074, 34.78324415], [135.02235564, 34.78368379], [135.02234435, 34.78394307], [135.02246272, 34.78402762], [135.02253599, 34.78407835], [135.02296439, 34.78379654], [135.02301512, 34.78374017], [135.02312787, 34.78320471], [135.02315042, 34.78293416], [135.02327447, 34.78189141], [135.02338722, 34.7811474], [135.02344362, 34.7803583], [135.02342672, 34.7799412], [135.02353945, 34.77986229], [135.02364091, 34.77986793], [135.02375928, 34.77986793], [135.02379874, 34.77978902], [135.02379552, 34.77961661], [135.02364656, 34.77950719], [135.02360711, 34.77941137], [135.02358457, 34.77932119], [135.02359021, 34.77924228], [135.02359021, 34.779169], [135.02363248, 34.77893177], [135.02375933, 34.77848136], [135.02382697, 34.77836299], [135.02385517, 34.77807553], [135.02383826, 34.77795717], [135.0238439, 34.77791207], [135.02384955, 34.77744988], [135.02385519, 34.77725824], [135.02406939, 34.77710043], [135.02410543, 34.7769914], [135.02418777, 34.77683551], [135.02420469, 34.77655369], [135.02440761, 34.77630005], [135.02452599, 34.77610278], [135.02428484, 34.7755728], [135.02423854, 34.77552222], [135.02418218, 34.77546585], [135.02424419, 34.77509948], [135.02440124, 34.77466688], [135.02514985, 34.77474396], [135.02548013, 34.7746559], [135.02583243, 34.77434766], [135.02619572, 34.77436969], [135.02628379, 34.77452381], [135.0256562, 34.77676958], [135.02611858, 34.77685766], [135.02645985, 34.77715491], [135.02612956, 34.77755122], [135.02639025, 34.77780927], [135.02660162, 34.777767], [135.02648888, 34.77797836], [135.02651001, 34.77821791], [135.02665798, 34.77815451], [135.0269539, 34.77808406], [135.02732732, 34.77828134], [135.02758801, 34.77826021], [135.02783595, 34.77782647], [135.02784423, 34.77732833], [135.02841945, 34.7771893], [135.02871538, 34.77710476], [135.03011752, 34.77628046], [135.03051396, 34.77614495], [135.03075165, 34.77579432], [135.03108282, 34.77547023], [135.03211153, 34.77462479], [135.0333727, 34.77547733], [135.0336334, 34.77512506], [135.03385183, 34.77497006], [135.03392933, 34.7749137], [135.03471142, 34.77479394], [135.03537373, 34.77444872], [135.03563443, 34.77435009], [135.03608184, 34.77424882], [135.03615227, 34.77504585], [135.03919077, 34.7750195], [135.03910274, 34.77353112], [135.03936696, 34.77344305], [135.03975889, 34.77340123], [135.03953433, 34.77260639], [135.04003414, 34.77253154], [135.03998353, 34.77175212], [135.04081581, 34.7716949], [135.04082683, 34.77148573], [135.04149838, 34.77137346], [135.04122538, 34.77065128], [135.04085549, 34.77024615], [135.04062128, 34.76986447], [135.04057361, 34.76984472], [135.04048028, 34.7697275], [135.04048472, 34.76954444], [135.0404848, 34.76954206], [135.04049361, 34.76932083], [135.0405025, 34.7691525], [135.04059584, 34.76893278], [135.04060889, 34.76879361], [135.04060445, 34.76865444], [135.04056916, 34.76849944], [135.04056027, 34.76846028], [135.04054111, 34.76841556], [135.04050695, 34.76833556], [135.0404225, 34.7682], [135.04031166, 34.76807556], [135.040285, 34.76797667], [135.04029834, 34.76788139], [135.04035139, 34.76780083], [135.04046153, 34.76763428], [135.04048916, 34.7675925], [135.04052334, 34.76749194], [135.0405253, 34.76748614], [135.04055139, 34.76740917], [135.04052473, 34.76730306], [135.04052278, 34.76730025], [135.04046906, 34.76722274], [135.04045695, 34.76720528], [135.04045361, 34.76720056], [135.04037216, 34.76711583], [135.04031611, 34.7670575], [135.04020055, 34.76693306], [135.04016622, 34.76686478], [135.040125, 34.76678278], [135.04005834, 34.76659972], [135.04001416, 34.7664275], [135.03996084, 34.76625167], [135.03979847, 34.76592875], [135.03971222, 34.76575722], [135.03962778, 34.76559972], [135.03952111, 34.76544222], [135.03936584, 34.76527], [135.03929345, 34.76520424], [135.03905945, 34.76499167], [135.03892166, 34.76488556], [135.03883842, 34.76483138], [135.03877528, 34.76479028], [135.03866861, 34.76473194], [135.0385702, 34.76474805], [135.03856223, 34.76474936]]]}}, {"type": "Feature", "id": "did-1980-27", "properties": {"A16_001": "282161", "A16_002": "28216", "A16_003": "高砂市", "A16_004": "1", "A16_005": "60755", "A16_006": "17.7", "A16_007": "55955", "A16_008": "17.0", "A16_009": "71.1", "A16_010": "51.3", "A16_011": "1980", "year": 1980, "population": 60755.0, "areaKm2": 17.7, "density": 3432.4858757062148}, "geometry": {"type": "Polygon", "coordinates": [[[134.80896611, 34.7844875], [134.80898139, 34.78447944], [134.80920555, 34.78436], [134.8092992, 34.78431019], [134.8093925, 34.78426056], [134.81006278, 34.78390361], [134.81014722, 34.78385861], [134.81039, 34.78365806], [134.81087451, 34.7831218], [134.81092584, 34.783065], [134.81100166, 34.78298111], [134.81138666, 34.78256667], [134.81142389, 34.78245667], [134.81145472, 34.78236444], [134.81146265, 34.78234107], [134.81147055, 34.78231778], [134.81154889, 34.78222222], [134.81158828, 34.7821743], [134.81164639, 34.78210361], [134.8117063, 34.78201977], [134.81203166, 34.78156444], [134.81209222, 34.78144083], [134.8122075, 34.78120528], [134.81237663, 34.78126584], [134.81259305, 34.78134333], [134.81288611, 34.78138472], [134.81319611, 34.78132944], [134.81387889, 34.78115667], [134.81407139, 34.78111528], [134.8142475, 34.78104611], [134.81438139, 34.78092194], [134.81451611, 34.78079056], [134.81455805, 34.78074944], [134.81465778, 34.78065222], [134.81468084, 34.78064], [134.81484028, 34.78055639], [134.81489389, 34.78052833], [134.81493416, 34.78050722], [134.81517695, 34.78049333], [134.81548695, 34.78055556], [134.81572139, 34.78069389], [134.81598945, 34.78068694], [134.81624916, 34.78063861], [134.81655084, 34.78066611], [134.81697722, 34.78066611], [134.81703639, 34.78066611], [134.81715027, 34.78066611], [134.81728028, 34.78066611], [134.81752666, 34.78066611], [134.81763778, 34.78064583], [134.81765305, 34.78064306], [134.8176775, 34.78063861], [134.81769361, 34.78062417], [134.81769834, 34.78061944], [134.81773323, 34.78058779], [134.81776111, 34.7805625], [134.81795027, 34.78050556], [134.8180375, 34.78047944], [134.81844611, 34.78041139], [134.81860666, 34.78038472], [134.81871055, 34.7803675], [134.81890861, 34.78033444], [134.81891166, 34.78033361], [134.81898555, 34.78031611], [134.81908639, 34.78029222], [134.81908688, 34.78029211], [134.81927166, 34.78024806], [134.81934416, 34.78023083], [134.819355, 34.78022333], [134.8193562, 34.78022249], [134.81962055, 34.78003722], [134.81989055, 34.77979583], [134.82044389, 34.77930083], [134.82045834, 34.77928778], [134.82046216, 34.77928088], [134.82048666, 34.77923667], [134.82055055, 34.77912194], [134.82058389, 34.77888694], [134.82057389, 34.77871111], [134.82055889, 34.77845167], [134.82055834, 34.77844528], [134.82055, 34.77831333], [134.82053695, 34.77811167], [134.82049028, 34.77739944], [134.820475, 34.77716611], [134.82047834, 34.77678667], [134.82047916, 34.77671806], [134.82048087, 34.77653312], [134.8204825, 34.77635611], [134.82048334, 34.77625444], [134.82130813, 34.77621633], [134.821445, 34.77621], [134.82153472, 34.77620583], [134.82145173, 34.7759625], [134.82134774, 34.77565763], [134.8210825, 34.77488], [134.82099097, 34.77461149], [134.8209379, 34.77445579], [134.82085611, 34.77421583], [134.82100111, 34.77422473], [134.82100695, 34.774225], [134.82114361, 34.77423333], [134.82243945, 34.7743125], [134.82265695, 34.77428472], [134.82274623, 34.77417833], [134.82280778, 34.774105], [134.82286639, 34.77382889], [134.82286528, 34.77376556], [134.82286311, 34.77363301], [134.82286195, 34.77356194], [134.82285861, 34.77334806], [134.82285805, 34.7733175], [134.82286166, 34.77330111], [134.82319225, 34.77178512], [134.82320166, 34.77174194], [134.82322334, 34.77163139], [134.82328555, 34.77131361], [134.82329233, 34.77115144], [134.82329389, 34.77111417], [134.82329389, 34.77111333], [134.82323528, 34.77105111], [134.82286666, 34.77098222], [134.82234722, 34.77096139], [134.82232778, 34.77096028], [134.82204723, 34.77094471], [134.82160166, 34.77092], [134.82133292, 34.77092], [134.82133292, 34.77092], [134.82111584, 34.77092], [134.82068805, 34.77095833], [134.81980945, 34.7710375], [134.81903624, 34.77120437], [134.81846445, 34.77132778], [134.81731723, 34.77161083], [134.81658834, 34.77175583], [134.8161444, 34.77181368], [134.81611084, 34.77181806], [134.81606126, 34.77181806], [134.81571764, 34.77181806], [134.81567527, 34.77181806], [134.81562253, 34.77180749], [134.81550972, 34.77178488], [134.81508889, 34.77170056], [134.8141425, 34.77140361], [134.81338027, 34.77105111], [134.81326916, 34.77097639], [134.81271424, 34.77060284], [134.81264111, 34.77055361], [134.81202945, 34.77002167], [134.81162584, 34.76953111], [134.81142666, 34.76928917], [134.81123389, 34.76903], [134.81080666, 34.76842889], [134.81064666, 34.76815194], [134.81037945, 34.76768944], [134.81011028, 34.767155], [134.80992722, 34.76679111], [134.80955945, 34.76590333], [134.80949195, 34.76574083], [134.80940805, 34.76524333], [134.80939084, 34.76513611], [134.80933278, 34.76477694], [134.80934106, 34.76428276], [134.80934111, 34.76427944], [134.8093591, 34.76382303], [134.80938305, 34.76321528], [134.80940223, 34.76290083], [134.80943305, 34.7624], [134.80938305, 34.76212361], [134.80934695, 34.76197139], [134.80931611, 34.76184111], [134.80930722, 34.76180389], [134.80928222, 34.76169861], [134.80912334, 34.76102833], [134.80895584, 34.76055139], [134.80874639, 34.75994333], [134.80868043, 34.75981883], [134.808645, 34.75975194], [134.80857574, 34.75962121], [134.80849107, 34.75937748], [134.80849108, 34.75900408], [134.80865913, 34.75842532], [134.80867782, 34.75784656], [134.80858449, 34.75739849], [134.80852849, 34.75685707], [134.80856585, 34.75631565], [134.80858454, 34.75592358], [134.80859463, 34.75576218], [134.80869222, 34.75551083], [134.80885972, 34.75460556], [134.80887584, 34.75449889], [134.80893389, 34.754115], [134.80898528, 34.75377639], [134.80905334, 34.75353361], [134.80911166, 34.75332611], [134.80913611, 34.75323917], [134.80915361, 34.7530325], [134.80920215, 34.75280051], [134.80920639, 34.75278028], [134.80923461, 34.75264612], [134.80923461, 34.75264612], [134.80928084, 34.75242639], [134.8095171, 34.7513733], [134.80963625, 34.75084221], [134.80977222, 34.75023611], [134.80982666, 34.74997167], [134.80992972, 34.74947111], [134.80995555, 34.74934583], [134.8100906, 34.74865235], [134.81011166, 34.74854417], [134.81022305, 34.74809028], [134.81030028, 34.74777556], [134.81034222, 34.74760417], [134.81035508, 34.74755198], [134.81035508, 34.74755198], [134.8079757, 34.74742302], [134.80803408, 34.74657706], [134.80800495, 34.74526434], [134.80806331, 34.74482677], [134.80797581, 34.74427251], [134.80791749, 34.74360157], [134.80800504, 34.74258057], [134.80791753, 34.74240554], [134.80765498, 34.74234719], [134.80759664, 34.74220134], [134.8078592, 34.7417346], [134.80797591, 34.74129703], [134.80785923, 34.74085946], [134.80806345, 34.74050941], [134.80806346, 34.74030521], [134.80794678, 34.73998432], [134.80727584, 34.7393717], [134.80677994, 34.73870075], [134.80663408, 34.73858406], [134.80616733, 34.73852571], [134.80581727, 34.73826316], [134.80497136, 34.73581274], [134.80470885, 34.73464588], [134.80400872, 34.73444166], [134.8036003, 34.73467502], [134.80263762, 34.73476252], [134.80228755, 34.73473334], [134.80195834, 34.73299722], [134.80169444, 34.73294444], [134.80141667, 34.73211111], [134.80124578, 34.73217947], [134.80184999, 34.7341499], [134.80191999, 34.73454663], [134.80208334, 34.73489669], [134.80385689, 34.73851399], [134.80353016, 34.73867734], [134.80406689, 34.73984421], [134.80350678, 34.74003089], [134.80240996, 34.73828058], [134.80119646, 34.73636691], [134.80068309, 34.7345466], [134.80026302, 34.73419654], [134.80020037, 34.73259763], [134.80002778, 34.73266667], [134.79947222, 34.73266667], [134.79947222, 34.73377778], [134.79891667, 34.73405556], [134.79947222, 34.73516667], [134.79909225, 34.73554664], [134.79902291, 34.73561598], [134.79891667, 34.73572222], [134.79697222, 34.73211111], [134.78752778, 34.73988889], [134.79197222, 34.74433333], [134.79177746, 34.74448482], [134.78947222, 34.74627778], [134.78947222, 34.74655556], [134.78863889, 34.74683333], [134.78808333, 34.74738889], [134.78669444, 34.746], [134.78863889, 34.74488889], [134.78863889, 34.74433333], [134.78558333, 34.741], [134.76863889, 34.74988889], [134.76947222, 34.75127778], [134.76934329, 34.75132466], [134.77130606, 34.75471504], [134.7727646, 34.75661122], [134.77468989, 34.75900332], [134.77585673, 34.76031606], [134.77684858, 34.76052028], [134.7774612, 34.76034526], [134.77973664, 34.75976189], [134.78002836, 34.75996609], [134.77988249, 34.76031615], [134.78026171, 34.76069538], [134.78067012, 34.76069539], [134.7816036, 34.76174558], [134.78370393, 34.76367094], [134.78475411, 34.76422522], [134.78618353, 34.76466283], [134.78790467, 34.76504209], [134.78749623, 34.76620894], [134.78571674, 34.76582967], [134.78382056, 34.76539206], [134.78314961, 34.76504199], [134.78212861, 34.76442936], [134.77999909, 34.76282489], [134.77976572, 34.76276654], [134.77880302, 34.76326243], [134.77906556, 34.7636125], [134.77900721, 34.76378752], [134.77859879, 34.76413757], [134.77810286, 34.76405005], [134.77638178, 34.76189132], [134.7752149, 34.76171627], [134.77495235, 34.76151206], [134.7744856, 34.76159957], [134.77361044, 34.76145369], [134.77346458, 34.76122031], [134.77349377, 34.76089943], [134.77331874, 34.76075357], [134.77311453, 34.76081191], [134.77218105, 34.75984923], [134.77215189, 34.75964503], [134.77171432, 34.75906159], [134.77156846, 34.75926579], [134.7696924, 34.75693386], [134.76707393, 34.75214989], [134.76641667, 34.75238889], [134.76530556, 34.75072222], [134.76502778, 34.75072222], [134.76336111, 34.7485], [134.76169444, 34.74905556], [134.76197222, 34.74933333], [134.76141667, 34.74905556], [134.75697222, 34.75155556], [134.75780556, 34.75322222], [134.76113889, 34.75822222], [134.76086111, 34.7585], [134.76141667, 34.7585], [134.76225, 34.75877778], [134.76502778, 34.75822222], [134.76586111, 34.75988889], [134.76606232, 34.76002303], [134.76669444, 34.76044444], [134.76640516, 34.76051677], [134.76640147, 34.76051769], [134.76713418, 34.7626204], [134.76818427, 34.76588762], [134.76879681, 34.76813383], [134.76967196, 34.76854225], [134.76946774, 34.76880479], [134.76900099, 34.76883395], [134.76862174, 34.76921317], [134.76833002, 34.76897979], [134.76870928, 34.7683672], [134.7685926, 34.76810465], [134.7681842, 34.76787127], [134.76757166, 34.76577092], [134.76591353, 34.76063967], [134.76173144, 34.76168519], [134.76467178, 34.77053163], [134.76542163, 34.77162609], [134.76593635, 34.77226507], [134.76650432, 34.77270881], [134.7670368, 34.77293956], [134.76756928, 34.77308156], [134.76820826, 34.77320582], [134.76859874, 34.77341882], [134.76902472, 34.77370281], [134.76953944, 34.77407556], [134.77012516, 34.77460804], [134.77035857, 34.77501435], [134.77034268, 34.77547923], [134.77008597, 34.7755259], [134.7699654, 34.77519376], [134.76977016, 34.77487427], [134.76946843, 34.77441279], [134.76897146, 34.77396905], [134.76852773, 34.7737383], [134.76803075, 34.77354305], [134.76739177, 34.77336554], [134.7664688, 34.77318803], [134.76574523, 34.77305206], [134.7652796, 34.77267328], [134.7649103, 34.77220734], [134.76483139, 34.77249722], [134.76548234, 34.77432738], [134.76548234, 34.77432738], [134.7655225, 34.77444028], [134.76554972, 34.77454111], [134.76562, 34.77480306], [134.76562695, 34.77482889], [134.76562695, 34.77487855], [134.76562695, 34.77491222], [134.76562695, 34.77507083], [134.76565834, 34.77531278], [134.76585722, 34.77549389], [134.76612945, 34.77553722], [134.76613208, 34.7755368], [134.76631555, 34.77550722], [134.76661084, 34.77545944], [134.76676805, 34.77547667], [134.76678916, 34.77553861], [134.76684139, 34.77569278], [134.7668425, 34.77571861], [134.7668495, 34.77587336], [134.76685509, 34.77599692], [134.76686223, 34.77615472], [134.76691445, 34.77627556], [134.76693089, 34.77629328], [134.767155, 34.77653472], [134.767235, 34.77659861], [134.76732527, 34.77667111], [134.76739778, 34.77672889], [134.76740728, 34.7767365], [134.76750055, 34.77681111], [134.76751305, 34.77686667], [134.76753195, 34.77694944], [134.76728045, 34.77765898], [134.76725695, 34.77772528], [134.76719886, 34.77788925], [134.76713416, 34.77807194], [134.76702648, 34.77839789], [134.76696722, 34.77857722], [134.76682, 34.77902194], [134.76673645, 34.77928137], [134.76673645, 34.77928137], [134.76660336, 34.77969458], [134.76660028, 34.77970417], [134.76658972, 34.78004111], [134.76660475, 34.78021514], [134.76661055, 34.7802825], [134.76656889, 34.78051139], [134.76652695, 34.78075333], [134.76655834, 34.78092611], [134.76671528, 34.78113333], [134.76677611, 34.78121692], [134.76690389, 34.7813925], [134.76696559, 34.78146294], [134.76717611, 34.78170333], [134.76718214, 34.78171739], [134.76723889, 34.78185], [134.76723889, 34.78195389], [134.76704, 34.78204889], [134.76703052, 34.78205361], [134.76680439, 34.78216625], [134.76654098, 34.78229744], [134.7665375, 34.78229917], [134.76635485, 34.78242058], [134.76616055, 34.78254973], [134.766105, 34.7826101], [134.76593027, 34.7828], [134.76588656, 34.78284464], [134.76647789, 34.78315126], [134.7668722, 34.7833305], [134.76733819, 34.78368897], [134.76793563, 34.78392796], [134.76750545, 34.78442979], [134.76817458, 34.78470462], [134.76750542, 34.78540957], [134.76681237, 34.7859114], [134.76664508, 34.78601893], [134.76648974, 34.78617426], [134.76620296, 34.78632959], [134.76550992, 34.78638931], [134.76534337, 34.78663426], [134.76528735, 34.7869143], [134.76523133, 34.787157], [134.76499511, 34.78754701], [134.76495126, 34.78775443], [134.7655487, 34.7879038], [134.76572795, 34.78753041], [134.76653448, 34.78799344], [134.76640002, 34.7892331], [134.76747542, 34.78932274], [134.76757999, 34.78862076], [134.76768457, 34.78781125], [134.7679948, 34.78720984], [134.76805502, 34.78704654], [134.76821036, 34.78671199], [134.76829401, 34.78654471], [134.76856282, 34.78612716], [134.76886458, 34.7855592], [134.76913084, 34.78511548], [134.76950359, 34.7847605], [134.76994734, 34.78438778], [134.77040905, 34.78423867], [134.77057633, 34.78415504], [134.77071972, 34.7840953], [134.77085116, 34.78397582], [134.77099455, 34.78392802], [134.77098261, 34.78359346], [134.77092289, 34.78310357], [134.77095874, 34.78299603], [134.77117382, 34.7828885], [134.77158008, 34.78287656], [134.77181906, 34.78293631], [134.77191463, 34.78368907], [134.77247623, 34.78342622], [134.77303784, 34.783247], [134.77344411, 34.78304388], [134.77323105, 34.78307443], [134.77379904, 34.78289695], [134.77448606, 34.78275236], [134.7746199, 34.78265678], [134.77460078, 34.78255163], [134.77454344, 34.7822314], [134.77475852, 34.78211192], [134.77582439, 34.78142371], [134.77581005, 34.78131139], [134.77575031, 34.78109631], [134.77565473, 34.78084539], [134.77504055, 34.78105089], [134.77484634, 34.78078483], [134.77474663, 34.78052276], [134.77477053, 34.78039132], [134.77492586, 34.78035548], [134.77516485, 34.7802121], [134.77497368, 34.77968636], [134.77473473, 34.77897661], [134.7759583, 34.7787759], [134.77620684, 34.77871855], [134.77701938, 34.77851783], [134.77747822, 34.77840314], [134.77816648, 34.778298], [134.7786062, 34.77818331], [134.7789121, 34.77813552], [134.7793327, 34.77803994], [134.7789821, 34.77711086], [134.77862714, 34.77641864], [134.77926614, 34.77581519], [134.77976314, 34.77540697], [134.78024237, 34.77569096], [134.7808909, 34.77608996], [134.78116811, 34.77629071], [134.78132106, 34.77639586], [134.78146444, 34.77650101], [134.78168005, 34.77657845], [134.78192326, 34.77695985], [134.78239003, 34.7768447], [134.78262077, 34.77672047], [134.78275492, 34.7766731], [134.78298434, 34.77664443], [134.78302257, 34.77685472], [134.78311815, 34.77707458], [134.78329977, 34.77703635], [134.78360567, 34.77695988], [134.78374906, 34.77688342], [134.78404539, 34.77687386], [134.78416496, 34.77755471], [134.78439904, 34.77804961], [134.78438948, 34.77821212], [134.78456154, 34.77816432], [134.78539545, 34.77755657], [134.78594973, 34.77714818], [134.78644567, 34.7767398], [134.78732086, 34.77609804], [134.78831273, 34.77557298], [134.78907123, 34.7749604], [134.79003393, 34.77431865], [134.7908216, 34.77376441], [134.79175513, 34.77294763], [134.79257197, 34.77236422], [134.79306791, 34.77192666], [134.79359933, 34.77160952], [134.794264, 34.77102238], [134.7950225, 34.77029311], [134.795789, 34.77035497], [134.79618704, 34.77057902], [134.79607499, 34.77153117], [134.7969504, 34.77160721], [134.79695997, 34.77131088], [134.79712429, 34.77063878], [134.79722287, 34.77047449], [134.7989435, 34.7707613], [134.79976798, 34.77086885], [134.8000906, 34.7709047], [134.80042517, 34.77089276], [134.80152446, 34.77110786], [134.79907488, 34.77274477], [134.79995909, 34.77298376], [134.80073575, 34.77344977], [134.80242049, 34.77525405], [134.80282727, 34.77516946], [134.80332862, 34.7749673], [134.8035198, 34.775039], [134.80359147, 34.77552889], [134.80370727, 34.77572699], [134.80406225, 34.77622398], [134.80477221, 34.77686296], [134.80509698, 34.77727342], [134.80550323, 34.77772748], [134.80565856, 34.77794256], [134.80496551, 34.77810982], [134.80409768, 34.77819413], [134.80326344, 34.7783716], [134.80344093, 34.77877983], [134.80399113, 34.77988029], [134.80429285, 34.78053701], [134.80464781, 34.78142447], [134.8042573, 34.78202793], [134.80386679, 34.78254265], [134.80398747, 34.78319582], [134.80424303, 34.78404778], [134.80341946, 34.78391997], [134.8016722, 34.78375666], [134.80160468, 34.78421548], [134.80171998, 34.78429196], [134.80208323, 34.78441623], [134.80208322, 34.78463609], [134.80217881, 34.78473168], [134.80235147, 34.78481293], [134.80215968, 34.78509491], [134.80185377, 34.78537211], [134.80150008, 34.78568755], [134.80100301, 34.78536254], [134.80048681, 34.78556326], [134.80105079, 34.7858596], [134.80110814, 34.78617504], [134.80116548, 34.7863471], [134.80136622, 34.78651917], [134.80150961, 34.78647138], [134.80171991, 34.78646182], [134.8018155, 34.78641403], [134.80205448, 34.78649051], [134.80215962, 34.78679639], [134.80192064, 34.78693021], [134.80212136, 34.78736037], [134.80258021, 34.78725523], [134.80278094, 34.78742729], [134.80278094, 34.78763759], [134.80236988, 34.78790523], [134.80194927, 34.78832581], [134.80215, 34.78869861], [134.80153818, 34.78975963], [134.8017771, 34.79141333], [134.80288597, 34.7909832], [134.80309626, 34.7914038], [134.80305802, 34.79158542], [134.80277122, 34.79223541], [134.80348814, 34.79285676], [134.8035168, 34.79339205], [134.80417348, 34.79361407], [134.80418834, 34.79357944], [134.80425805, 34.79347688], [134.8043475, 34.79334528], [134.80436066, 34.79333833], [134.80452055, 34.79325389], [134.80457584, 34.79316278], [134.80452445, 34.79299], [134.80440661, 34.7929307], [134.80418111, 34.79281722], [134.80416833, 34.79280632], [134.80401862, 34.79267858], [134.80394639, 34.79261694], [134.80382084, 34.79243722], [134.80381807, 34.79238228], [134.8042051, 34.79200603], [134.80422423, 34.79161173], [134.80423619, 34.79126522], [134.80424719, 34.79116294], [134.80424719, 34.79098706], [134.80424428, 34.79097636], [134.80439889, 34.79092417], [134.80481778, 34.79082028], [134.8048975, 34.79077667], [134.80504389, 34.79069611], [134.80510838, 34.7905682], [134.8051275, 34.79053028], [134.80534528, 34.7902675], [134.80561973, 34.78999417], [134.80578945, 34.78982528], [134.80594, 34.78973556], [134.8061075, 34.78971473], [134.80623084, 34.78971473], [134.80625131, 34.78971473], [134.806275, 34.78971473], [134.8064425, 34.78963861], [134.80656157, 34.78947089], [134.80678584, 34.789155], [134.80685305, 34.78903056], [134.806945, 34.78878861], [134.80710416, 34.78854], [134.80721666, 34.78837361], [134.80731334, 34.78823], [134.80740222, 34.78809833], [134.80764445, 34.78770389], [134.80772611, 34.78760472], [134.80779111, 34.78752556], [134.80805889, 34.78733306], [134.8080675, 34.78732694], [134.80830722, 34.78717111], [134.808665, 34.78693861], [134.80888445, 34.78685222], [134.808985, 34.78692306], [134.80926972, 34.787165], [134.80951269, 34.78740472], [134.80968695, 34.78757667], [134.80969695, 34.78758639], [134.80971389, 34.78760527], [134.80982222, 34.78772472], [134.81013734, 34.78793985], [134.81030805, 34.78805639], [134.81046722, 34.78820861], [134.81048343, 34.78823083], [134.81079339, 34.78793601], [134.81079626, 34.78783612], [134.81076281, 34.78755365], [134.8105983, 34.78700757], [134.81046173, 34.78664125], [134.81021815, 34.78606415], [134.81004918, 34.78576845], [134.80950109, 34.7852289], [134.8089245, 34.78469818], [134.80880749, 34.78456992], [134.80896611, 34.7844875]]]}}, {"type": "Feature", "id": "did-1980-29", "properties": {"A16_001": "282101", "A16_002": "28210", "A16_003": "加古川市", "A16_004": "1", "A16_005": "120540", "A16_006": "27.9", "A16_007": "71277", "A16_008": "15.2", "A16_009": "56.8", "A16_010": "20.2", "A16_011": "1980", "year": 1980, "population": 120540.0, "areaKm2": 27.9, "density": 4320.430107526882}, "geometry": {"type": "Polygon", "coordinates": [[[134.89998139, 34.72559139], [134.89909861, 34.7255475], [134.89829166, 34.72547833], [134.89818403, 34.72546739], [134.89791195, 34.72543972], [134.89770834, 34.72541917], [134.89761037, 34.72540928], [134.89754584, 34.72540278], [134.89744617, 34.72538145], [134.89736278, 34.72536361], [134.89725055, 34.72533972], [134.89710472, 34.72530861], [134.89703222, 34.72528611], [134.89699861, 34.72527583], [134.89667861, 34.72517667], [134.89609916, 34.72498889], [134.89605834, 34.72497556], [134.89600416, 34.72495139], [134.89596334, 34.72493306], [134.89587361, 34.72489306], [134.89575389, 34.72483973], [134.89566334, 34.72479917], [134.89549528, 34.72472417], [134.89482084, 34.72436583], [134.89475395, 34.72435759], [134.89468334, 34.72434889], [134.89458861, 34.72433722], [134.89446305, 34.72432194], [134.89439805, 34.72434389], [134.89419445, 34.72441277], [134.89392305, 34.72450417], [134.8937975, 34.72453194], [134.89373956, 34.72454484], [134.89370639, 34.72455222], [134.89361111, 34.72457333], [134.89323805, 34.72452306], [134.89288805, 34.72434083], [134.89272805, 34.72418361], [134.89261416, 34.72397], [134.89240518, 34.7237661], [134.89236278, 34.72372472], [134.89227113, 34.72367428], [134.89212305, 34.72359278], [134.89191334, 34.72346278], [134.89186361, 34.72343194], [134.89184916, 34.72342306], [134.8917532, 34.72331952], [134.89170473, 34.72326722], [134.89165139, 34.72320944], [134.89161639, 34.72317306], [134.89147611, 34.72302723], [134.89144028, 34.72300056], [134.89099695, 34.72266889], [134.89091334, 34.72256222], [134.89090805, 34.72253889], [134.89089055, 34.72245917], [134.89088055, 34.72241361], [134.8908525, 34.72228583], [134.89083389, 34.72211028], [134.89082972, 34.72207222], [134.89082889, 34.72201667], [134.89082723, 34.7218875], [134.89082715, 34.72188183], [134.89082472, 34.72168639], [134.89082305, 34.721555], [134.89082195, 34.72146389], [134.89071555, 34.721225], [134.89071555, 34.721225], [134.89043334, 34.72147306], [134.89034722, 34.72154861], [134.89026555, 34.72162028], [134.89, 34.72185361], [134.88967416, 34.72211583], [134.88941945, 34.72232083], [134.88930445, 34.72241389], [134.88906166, 34.72261], [134.88821695, 34.72316306], [134.88765555, 34.72338806], [134.88708973, 34.72367583], [134.88680305, 34.72382167], [134.88619416, 34.7241925], [134.88566139, 34.72448778], [134.88540197, 34.72468788], [134.88540197, 34.72468788], [134.88508305, 34.72493389], [134.88498473, 34.72503889], [134.88471778, 34.72532333], [134.88456945, 34.72556222], [134.88445528, 34.72578861], [134.88440777, 34.72582513], [134.88434261, 34.72587524], [134.88434111, 34.72587639], [134.88414305, 34.72592667], [134.88392278, 34.72596444], [134.88377805, 34.72609639], [134.88371722, 34.72625361], [134.8837325, 34.72647972], [134.88386945, 34.72661806], [134.88396805, 34.72679417], [134.88407472, 34.72707056], [134.88414305, 34.72730278], [134.88414584, 34.72743694], [134.88414695, 34.72749139], [134.88407084, 34.72779944], [134.88391861, 34.72803194], [134.88372084, 34.72820778], [134.88351528, 34.72825194], [134.88334805, 34.72822667], [134.88332427, 34.72816031], [134.88328722, 34.72805694], [134.88315778, 34.72775528], [134.8831275, 34.72766111], [134.88302084, 34.72757944], [134.88287639, 34.72763583], [134.8826545, 34.7278265], [134.88237695, 34.728065], [134.88225695, 34.72816806], [134.88212278, 34.72828333], [134.88132123, 34.72902742], [134.88131695, 34.72903139], [134.88077416, 34.72953528], [134.88063027, 34.72965583], [134.88054639, 34.72972639], [134.88040527, 34.72984472], [134.88034528, 34.72989527], [134.88018972, 34.73002583], [134.88009611, 34.73010444], [134.87999584, 34.73018861], [134.87986861, 34.73029556], [134.8798, 34.73027667], [134.87968105, 34.73011756], [134.8796025, 34.7300125], [134.87951565, 34.72984416], [134.87940472, 34.72962917], [134.87926, 34.7294725], [134.87922389, 34.72944361], [134.87911111, 34.72935361], [134.87903916, 34.72929639], [134.87903445, 34.72928639], [134.878925, 34.72905139], [134.87889639, 34.72897333], [134.87885973, 34.72887333], [134.87884889, 34.72884389], [134.87881889, 34.72868278], [134.87878805, 34.72851722], [134.87890611, 34.72841639], [134.87900195, 34.72833473], [134.87923695, 34.72813417], [134.87932555, 34.72805861], [134.87956389, 34.72785528], [134.87960778, 34.72781778], [134.87975302, 34.72769376], [134.87987195, 34.72759222], [134.87992111, 34.72755028], [134.87995445, 34.72752194], [134.87999866, 34.72748427], [134.88006335, 34.72742914], [134.88018166, 34.72732833], [134.88025611, 34.72726444], [134.88053945, 34.7270225], [134.88058389, 34.72698472], [134.88061028, 34.72694694], [134.88064908, 34.72689099], [134.88070584, 34.72680917], [134.88071916, 34.726685], [134.88072361, 34.72664361], [134.88073611, 34.72652639], [134.88074361, 34.72640361], [134.88074889, 34.72631556], [134.88075139, 34.726275], [134.88026222, 34.72617472], [134.87986111, 34.72609278], [134.87957584, 34.72603611], [134.87950223, 34.72600583], [134.87921055, 34.72588528], [134.87915792, 34.72598249], [134.87892139, 34.72641944], [134.87873861, 34.72684056], [134.87861695, 34.72707917], [134.87842666, 34.72738083], [134.87808416, 34.72761972], [134.87757278, 34.72810222], [134.87739, 34.72835361], [134.87714361, 34.72881861], [134.87707028, 34.72895694], [134.87691805, 34.72892556], [134.87673555, 34.72885028], [134.87662908, 34.7287337], [134.87551357, 34.72868004], [134.87360166, 34.73102192], [134.8736375, 34.73133259], [134.87345826, 34.73157156], [134.8729086, 34.73173883], [134.87244256, 34.73259911], [134.87185708, 34.73224064], [134.87171369, 34.73229704], [134.87127013, 34.73266409], [134.87140013, 34.73280939], [134.87213426, 34.73329117], [134.87187423, 34.73381117], [134.87140011, 34.73352821], [134.87095656, 34.73369644], [134.87100867, 34.733316], [134.86975594, 34.73356641], [134.86971769, 34.73381877], [134.86913267, 34.73393728], [134.86869294, 34.73410933], [134.86741204, 34.73337327], [134.86720175, 34.733249], [134.86673707, 34.73295306], [134.86655174, 34.73288575], [134.86647527, 34.73275192], [134.86640835, 34.73277104], [134.86611201, 34.7332203], [134.86581669, 34.73306041], [134.86561494, 34.73299087], [134.86552524, 34.73296837], [134.86528993, 34.73290484], [134.86504971, 34.73292234], [134.86490757, 34.73284747], [134.86458952, 34.73293767], [134.86408547, 34.73318202], [134.86387516, 34.73337319], [134.86391339, 34.73356437], [134.86417148, 34.73374599], [134.86391338, 34.73404231], [134.8642575, 34.73428129], [134.86441045, 34.73408056], [134.86471634, 34.7342813], [134.86491707, 34.73441513], [134.86531855, 34.73465411], [134.86562443, 34.73494089], [134.86519425, 34.73550485], [134.86464936, 34.73612617], [134.86529502, 34.73672648], [134.86548098, 34.73691957], [134.86594936, 34.73734017], [134.86586333, 34.73750267], [134.86560522, 34.7377512], [134.86536625, 34.73767472], [134.86492653, 34.73756], [134.86476402, 34.73782765], [134.86472578, 34.73789456], [134.86463974, 34.737885], [134.86449635, 34.73815265], [134.86428255, 34.7383064], [134.86415221, 34.7384394], [134.86415221, 34.73857323], [134.86432426, 34.73876441], [134.86397057, 34.73903205], [134.8635882, 34.73919454], [134.86320583, 34.73937615], [134.86329185, 34.73951954], [134.86314846, 34.73967248], [134.86300507, 34.73970115], [134.86286168, 34.73972027], [134.8627661, 34.73965335], [134.8626036, 34.73944305], [134.86242198, 34.73934746], [134.86235507, 34.73915628], [134.86240287, 34.73891731], [134.86249847, 34.73883128], [134.86227862, 34.73857319], [134.86217347, 34.7384298], [134.86191538, 34.73823862], [134.86173376, 34.73807611], [134.86148523, 34.73784669], [134.86141832, 34.73771287], [134.86100729, 34.73743565], [134.86072053, 34.73710108], [134.86065362, 34.73697682], [134.86066318, 34.73686211], [134.8605676, 34.73656578], [134.86026363, 34.73612813], [134.85991761, 34.73564811], [134.85982202, 34.73547605], [134.85955438, 34.73505546], [134.85931541, 34.73465398], [134.85915291, 34.73450103], [134.85894449, 34.73416468], [134.85858894, 34.73395616], [134.85843829, 34.73373517], [134.85787074, 34.73336701], [134.85732717, 34.73294289], [134.8568779, 34.73267523], [134.85632349, 34.73220683], [134.85611319, 34.73199653], [134.85582643, 34.73180535], [134.85558745, 34.73164284], [134.85522421, 34.73156636], [134.8550617, 34.73151857], [134.85472714, 34.73123179], [134.85466024, 34.73105017], [134.8546698, 34.73091635], [134.85488967, 34.73063915], [134.85452643, 34.7304384], [134.85419186, 34.73026633], [134.85407716, 34.73021854], [134.85377517, 34.72977754], [134.85363746, 34.7295972], [134.85353231, 34.72951117], [134.85343673, 34.72924352], [134.8531882, 34.72886115], [134.85313085, 34.72874645], [134.85304482, 34.7285935], [134.85334116, 34.72841189], [134.85445005, 34.72766632], [134.85578835, 34.72682517], [134.85668693, 34.72632813], [134.85683988, 34.72620387], [134.85710754, 34.72607005], [134.85731623, 34.72577195], [134.85731623, 34.72577195], [134.85719222, 34.72568222], [134.85711674, 34.72566553], [134.85710555, 34.72566306], [134.85697834, 34.7256775], [134.85693084, 34.7256925], [134.85670695, 34.72576333], [134.8564525, 34.72579194], [134.85623305, 34.72579194], [134.85616139, 34.72577083], [134.85612666, 34.72576083], [134.85605389, 34.72573944], [134.855875, 34.72568694], [134.85569584, 34.72566778], [134.85481445, 34.72567389], [134.85436139, 34.72567028], [134.85387166, 34.72566611], [134.85362972, 34.72566417], [134.8535962, 34.72566298], [134.85349666, 34.72565944], [134.85338139, 34.72561167], [134.85334389, 34.72551167], [134.85332945, 34.72547333], [134.85333277, 34.72538358], [134.85333528, 34.72531583], [134.85332361, 34.72515833], [134.85327805, 34.72496111], [134.85327, 34.724925], [134.85325445, 34.72485806], [134.85319084, 34.72469083], [134.85313201, 34.72460057], [134.85310972, 34.72456639], [134.85306945, 34.72450473], [134.85304139, 34.72442], [134.8530175, 34.72434723], [134.85302305, 34.72424222], [134.85308805, 34.72398694], [134.85310555, 34.72383417], [134.8530825, 34.72369583], [134.85307889, 34.72369028], [134.85302139, 34.72360444], [134.85282805, 34.72331417], [134.85283389, 34.72326167], [134.85303611, 34.72315194], [134.8530825, 34.72307056], [134.85306543, 34.72295893], [134.853065, 34.72295611], [134.85299166, 34.72281278], [134.85295528, 34.72274139], [134.85265472, 34.72239306], [134.85246972, 34.72237861], [134.85238889, 34.72241694], [134.85232084, 34.72246667], [134.85220722, 34.72254972], [134.8520825, 34.72264111], [134.85181666, 34.72281306], [134.85171278, 34.72283694], [134.85162639, 34.72280333], [134.85153528, 34.7223525], [134.85131555, 34.72229028], [134.85127807, 34.72227663], [134.8511675, 34.72223639], [134.85111916, 34.72221889], [134.85100361, 34.72213806], [134.85097472, 34.72202806], [134.85099195, 34.72191833], [134.85109027, 34.72178], [134.85131, 34.72160833], [134.85146505, 34.72155798], [134.85147166, 34.72155583], [134.85157611, 34.72154527], [134.85170861, 34.72153194], [134.85210111, 34.72152806], [134.85217084, 34.72152723], [134.85218805, 34.72147472], [134.852175, 34.72137944], [134.85215916, 34.72126472], [134.85208973, 34.7212025], [134.85192834, 34.72116917], [134.85178916, 34.72117667], [134.85171388, 34.72118076], [134.85140584, 34.7211975], [134.85115695, 34.72121083], [134.85060473, 34.72124083], [134.85016834, 34.72126722], [134.85001055, 34.72127667], [134.84963722, 34.72129917], [134.84947528, 34.72128972], [134.84936584, 34.72125139], [134.8493325, 34.72122417], [134.84927916, 34.72118], [134.8491925, 34.7210225], [134.84918334, 34.72099056], [134.84914722, 34.72086722], [134.84905361, 34.72054528], [134.84903889, 34.72045806], [134.84894389, 34.71989611], [134.84894389, 34.71981952], [134.84894389, 34.71978306], [134.84894389, 34.71950722], [134.84894805, 34.71946028], [134.84894861, 34.71945556], [134.84897305, 34.71918639], [134.84898195, 34.71908944], [134.84899805, 34.71891444], [134.84903935, 34.71845962], [134.84905834, 34.71825056], [134.84906527, 34.71817583], [134.84904139, 34.71814944], [134.84886334, 34.71795115], [134.84881666, 34.71789917], [134.84880425, 34.71788221], [134.84866639, 34.71769389], [134.84863886, 34.71769228], [134.84850472, 34.71768444], [134.84834662, 34.71738056], [134.84803028, 34.7167725], [134.84797028, 34.71665639], [134.84792916, 34.7165775], [134.84750472, 34.71576028], [134.84727397, 34.71535607], [134.84714091, 34.71512301], [134.84714091, 34.71512301], [134.84694444, 34.71516667], [134.84704774, 34.7154249], [134.8475, 34.71655556], [134.84722222, 34.71683333], [134.84769012, 34.71812007], [134.8479221, 34.71875799], [134.84804443, 34.71909441], [134.84833333, 34.71988889], [134.84813088, 34.71996987], [134.84746485, 34.72023628], [134.84694444, 34.72044444], [134.84677362, 34.72027362], [134.84666667, 34.72016667], [134.84675507, 34.71963623], [134.84694444, 34.7185], [134.84638889, 34.71933333], [134.84308588, 34.72015909], [134.84305556, 34.72016667], [134.8365081, 34.70734456], [134.83638889, 34.70711111], [134.82844029, 34.70985201], [134.82833333, 34.70988889], [134.82724761, 34.70753649], [134.82666667, 34.70627778], [134.82661692, 34.70631203], [134.82505876, 34.70738495], [134.80913104, 34.71835239], [134.80899022, 34.71844935], [134.80891667, 34.7185], [134.81181439, 34.72671023], [134.81225, 34.72794444], [134.81222903, 34.72794444], [134.81169444, 34.72794444], [134.81185179, 34.72825913], [134.81197222, 34.7285], [134.81225, 34.7285], [134.81237965, 34.72884573], [134.81308333, 34.73072222], [134.81317191, 34.73067794], [134.81363889, 34.73044444], [134.81372808, 34.73080122], [134.81464572, 34.73043212], [134.81509334, 34.73075837], [134.81507886, 34.73082046], [134.8153029, 34.73080553], [134.81570619, 34.73055163], [134.81603478, 34.73052177], [134.81625883, 34.73040228], [134.81669198, 34.73020813], [134.81749855, 34.72992437], [134.8176031, 34.72983476], [134.81796157, 34.72968541], [134.81873826, 34.72938671], [134.81921623, 34.72922243], [134.8195747, 34.72904321], [134.81994811, 34.72887892], [134.82062025, 34.72855035], [134.8207259, 34.7297279], [134.82109812, 34.7310297], [134.82197935, 34.73098491], [134.8229502, 34.73095506], [134.82352806, 34.73088888], [134.82411523, 34.73085054], [134.82434506, 34.73085445], [134.8248471, 34.73086549], [134.8257134, 34.7308207], [134.82587768, 34.73126878], [134.82613158, 34.73179153], [134.82669387, 34.73315539], [134.82753546, 34.73513717], [134.82720686, 34.73525665], [134.82668409, 34.73543587], [134.82650486, 34.73551055], [134.82595221, 34.73576444], [134.82532761, 34.73521657], [134.82468047, 34.73524053], [134.82333825, 34.7353124], [134.82341304, 34.73661572], [134.82201995, 34.73665455], [134.82213976, 34.73749342], [134.82229278, 34.73804953], [134.82214341, 34.7383333], [134.82196417, 34.73848266], [134.82064974, 34.73999114], [134.81969488, 34.74120834], [134.81873616, 34.74118435], [134.81861633, 34.7408488], [134.81823005, 34.74081255], [134.816603, 34.74092066], [134.81557236, 34.74108841], [134.81559565, 34.74199148], [134.81582897, 34.74386313], [134.81726657, 34.74380715], [134.81760259, 34.74533807], [134.81790131, 34.74541276], [134.81903645, 34.74556214], [134.8197123, 34.74586087], [134.81945464, 34.74617452], [134.8191111, 34.74641348], [134.81942475, 34.74674207], [134.81914095, 34.74698104], [134.81882728, 34.74732455], [134.81915213, 34.74770916], [134.81781158, 34.74883304], [134.81693037, 34.74813851], [134.81597825, 34.74636487], [134.81334574, 34.74657017], [134.81055084, 34.74616068], [134.81055084, 34.74617333], [134.81055084, 34.74625722], [134.81053916, 34.74647667], [134.81046416, 34.74711278], [134.81038334, 34.74743722], [134.81035508, 34.74755198], [134.81035508, 34.74755198], [134.81034222, 34.74760417], [134.81030028, 34.74777556], [134.81022305, 34.74809028], [134.81011166, 34.74854417], [134.8100906, 34.74865235], [134.80995555, 34.74934583], [134.80992972, 34.74947111], [134.80982666, 34.74997167], [134.80977222, 34.75023611], [134.80963625, 34.75084221], [134.8095171, 34.7513733], [134.80928084, 34.75242639], [134.80923461, 34.75264612], [134.80923461, 34.75264612], [134.81034431, 34.75274978], [134.81165121, 34.75295984], [134.81200128, 34.75302986], [134.81286477, 34.75305322], [134.81323818, 34.75302989], [134.81356491, 34.7528432], [134.81410169, 34.75249315], [134.81458928, 34.75265514], [134.81505851, 34.75314661], [134.81581642, 34.7535947], [134.81635329, 34.75411241], [134.81671544, 34.7546869], [134.81734554, 34.75529368], [134.81767224, 34.75606381], [134.81785893, 34.75660057], [134.81788225, 34.75690395], [134.81804562, 34.75695063], [134.81819394, 34.75733369], [134.81865412, 34.75758297], [134.81919099, 34.75827324], [134.81951584, 34.75867761], [134.81953916, 34.75909768], [134.82028595, 34.75975114], [134.8206827, 34.75942443], [134.82108223, 34.75982583], [134.82142575, 34.75996026], [134.82160499, 34.75978104], [134.82209787, 34.76024406], [134.82209787, 34.76034861], [134.82229203, 34.76045316], [134.82218214, 34.76072759], [134.82193355, 34.76094603], [134.82229201, 34.76122982], [134.82253098, 34.76148373], [134.82281475, 34.7618422], [134.82318815, 34.76209612], [134.82354662, 34.7619617], [134.82369598, 34.76208119], [134.82380052, 34.76226042], [134.82409924, 34.76258902], [134.82423366, 34.76272344], [134.82450251, 34.76267864], [134.82493564, 34.76311179], [134.82486096, 34.76321633], [134.82447261, 34.76341049], [134.82377353, 34.76354621], [134.8237258, 34.76364945], [134.82329264, 34.76378386], [134.82347187, 34.7640079], [134.82389007, 34.76427675], [134.82414398, 34.76448586], [134.82441282, 34.7647099], [134.82480116, 34.76499369], [134.82521936, 34.76529241], [134.82463633, 34.76532942], [134.82383776, 34.76544547], [134.82225075, 34.76673365], [134.82170931, 34.76688299], [134.81987958, 34.76858189], [134.81933812, 34.76906729], [134.81918876, 34.76919798], [134.81872199, 34.76966471], [134.81808718, 34.77026212], [134.81886461, 34.77044876], [134.82133292, 34.77092], [134.82133292, 34.77092], [134.82160166, 34.77092], [134.82204723, 34.77094471], [134.82232778, 34.77096028], [134.82234722, 34.77096139], [134.82286666, 34.77098222], [134.82323528, 34.77105111], [134.82329389, 34.77111333], [134.82329389, 34.77111417], [134.82329233, 34.77115144], [134.82328555, 34.77131361], [134.82322334, 34.77163139], [134.82320166, 34.77174194], [134.82319225, 34.77178512], [134.82286166, 34.77330111], [134.82285805, 34.7733175], [134.82285861, 34.77334806], [134.82286195, 34.77356194], [134.82286311, 34.77363301], [134.82286528, 34.77376556], [134.82286639, 34.77382889], [134.82280778, 34.774105], [134.82274623, 34.77417833], [134.82265695, 34.77428472], [134.82243945, 34.7743125], [134.82114361, 34.77423333], [134.82100695, 34.774225], [134.82100111, 34.77422473], [134.82085611, 34.77421583], [134.8209379, 34.77445579], [134.82099097, 34.77461149], [134.8210825, 34.77488], [134.82134774, 34.77565763], [134.82145173, 34.7759625], [134.82153472, 34.77620583], [134.821445, 34.77621], [134.82130813, 34.77621633], [134.82048334, 34.77625444], [134.8204825, 34.77635611], [134.82048087, 34.77653312], [134.82047916, 34.77671806], [134.82047834, 34.77678667], [134.820475, 34.77716611], [134.82049028, 34.77739944], [134.82053695, 34.77811167], [134.82055, 34.77831333], [134.82055834, 34.77844528], [134.82055889, 34.77845167], [134.82057389, 34.77871111], [134.82058389, 34.77888694], [134.82055055, 34.77912194], [134.82048666, 34.77923667], [134.82046216, 34.77928088], [134.82045834, 34.77928778], [134.82044389, 34.77930083], [134.81989055, 34.77979583], [134.81962055, 34.78003722], [134.8193562, 34.78022249], [134.819355, 34.78022333], [134.81934416, 34.78023083], [134.81927166, 34.78024806], [134.81908688, 34.78029211], [134.81908639, 34.78029222], [134.81898555, 34.78031611], [134.81891166, 34.78033361], [134.81890861, 34.78033444], [134.81871055, 34.7803675], [134.81860666, 34.78038472], [134.81844611, 34.78041139], [134.8180375, 34.78047944], [134.81795027, 34.78050556], [134.81776111, 34.7805625], [134.81773323, 34.78058779], [134.81769834, 34.78061944], [134.81769361, 34.78062417], [134.8176775, 34.78063861], [134.81765305, 34.78064306], [134.81763778, 34.78064583], [134.81752666, 34.78066611], [134.81728028, 34.78066611], [134.81715027, 34.78066611], [134.81703639, 34.78066611], [134.81697722, 34.78066611], [134.81655084, 34.78066611], [134.81624916, 34.78063861], [134.81598945, 34.78068694], [134.81572139, 34.78069389], [134.81548695, 34.78055556], [134.81517695, 34.78049333], [134.81493416, 34.78050722], [134.81489389, 34.78052833], [134.81484028, 34.78055639], [134.81468084, 34.78064], [134.81465778, 34.78065222], [134.81455805, 34.78074944], [134.81451611, 34.78079056], [134.81438139, 34.78092194], [134.8142475, 34.78104611], [134.81407139, 34.78111528], [134.81387889, 34.78115667], [134.81319611, 34.78132944], [134.81288611, 34.78138472], [134.81259305, 34.78134333], [134.81237663, 34.78126584], [134.8122075, 34.78120528], [134.81209222, 34.78144083], [134.81203166, 34.78156444], [134.8117063, 34.78201977], [134.81164639, 34.78210361], [134.81158828, 34.7821743], [134.81154889, 34.78222222], [134.81147055, 34.78231778], [134.81146265, 34.78234107], [134.81145472, 34.78236444], [134.81142389, 34.78245667], [134.81138666, 34.78256667], [134.81100166, 34.78298111], [134.81092584, 34.783065], [134.81087451, 34.7831218], [134.81039, 34.78365806], [134.81014722, 34.78385861], [134.81006278, 34.78390361], [134.8093925, 34.78426056], [134.8092992, 34.78431019], [134.80920555, 34.78436], [134.80898139, 34.78447944], [134.80896611, 34.7844875], [134.80896611, 34.7844875], [134.80898139, 34.78448889], [134.80919028, 34.78450583], [134.8093225, 34.7845167], [134.80935584, 34.78451944], [134.80972611, 34.78454972], [134.809945, 34.78457222], [134.81015195, 34.78459361], [134.81038834, 34.78461778], [134.81052195, 34.78463167], [134.81068834, 34.78464889], [134.81079139, 34.78465944], [134.81097389, 34.78467833], [134.81099916, 34.78468083], [134.81104166, 34.78472667], [134.81108084, 34.78476861], [134.81108494, 34.78477301], [134.81116666, 34.78486056], [134.81185361, 34.78453583], [134.81214139, 34.78439222], [134.81229722, 34.78431444], [134.81247805, 34.78422417], [134.8125375, 34.78419444], [134.81282016, 34.78405356], [134.8128925, 34.7840175], [134.81298223, 34.78411972], [134.81305972, 34.78420778], [134.81321195, 34.78438083], [134.81358639, 34.78480667], [134.81368805, 34.78492278], [134.81365027, 34.784945], [134.81348417, 34.78504298], [134.81337666, 34.78510639], [134.81333639, 34.78513], [134.81340024, 34.7852304], [134.81346695, 34.78533528], [134.81369639, 34.78569639], [134.8136125, 34.78574472], [134.81364457, 34.78580469], [134.81367639, 34.78586417], [134.81391416, 34.78630806], [134.81417001, 34.78654761], [134.81434611, 34.7867125], [134.81434972, 34.78671583], [134.81435389, 34.786745], [134.81436639, 34.78683333], [134.8143425, 34.78685778], [134.8143, 34.78690167], [134.81426584, 34.78693694], [134.8142025, 34.78693111], [134.81419055, 34.78693], [134.81417328, 34.78691654], [134.81407985, 34.78707387], [134.81500706, 34.78769522], [134.81572402, 34.7871217], [134.81602036, 34.78701656], [134.81666081, 34.78735114], [134.81707186, 34.78700703], [134.81771234, 34.78653866], [134.81738734, 34.786271], [134.81770279, 34.7861563], [134.81790354, 34.78607983], [134.81819988, 34.78586955], [134.81835282, 34.78583131], [134.81925001, 34.78532065], [134.81956686, 34.78499016], [134.81977716, 34.78505708], [134.82010216, 34.78533429], [134.82046542, 34.78497106], [134.82089559, 34.78469386], [134.82114413, 34.78456005], [134.82127793, 34.78536299], [134.8215169, 34.78579315], [134.82171763, 34.78597477], [134.82217645, 34.78651964], [134.8224919, 34.78670127], [134.82296986, 34.78659613], [134.82524204, 34.78580014], [134.82692739, 34.78496165], [134.82547444, 34.78391014], [134.82540753, 34.78385278], [134.82523549, 34.78309763], [134.82435604, 34.78334614], [134.82425089, 34.78327923], [134.82383032, 34.78245715], [134.82454732, 34.78054539], [134.82497748, 34.7803829], [134.82560839, 34.78022997], [134.82582825, 34.7802491], [134.82579, 34.78058366], [134.82562749, 34.78081306], [134.8256944, 34.78092777], [134.82610544, 34.78095646], [134.82611499, 34.78120499], [134.82588557, 34.78130057], [134.82611496, 34.78209397], [134.82645909, 34.78205574], [134.826526, 34.78214177], [134.82651644, 34.78224692], [134.82626789, 34.78280133], [134.82637304, 34.78280133], [134.82719513, 34.78259105], [134.8276444, 34.78297342], [134.82691788, 34.78369988], [134.82803627, 34.78448373], [134.8296518, 34.7834992], [134.82995769, 34.78333671], [134.83096142, 34.78267717], [134.83202251, 34.78198895], [134.83289238, 34.78222794], [134.8331696, 34.78226619], [134.83381006, 34.78214194], [134.83472775, 34.78187431], [134.83503365, 34.7816449], [134.83535867, 34.78131991], [134.83542559, 34.78122432], [134.83566457, 34.78103315], [134.83578885, 34.78083241], [134.83586533, 34.78068903], [134.83635284, 34.7808611], [134.83678301, 34.78045008], [134.83717493, 34.78066038], [134.83811556, 34.77978697], [134.83868531, 34.77938909], [134.83951697, 34.7789016], [134.84008098, 34.77849058], [134.84042393, 34.77798815], [134.84443982, 34.77982161], [134.8451497, 34.77869621], [134.84637694, 34.77730124], [134.84597425, 34.77661718], [134.84769494, 34.77523118], [134.84789807, 34.77512364], [134.84939166, 34.77591229], [134.8496187, 34.77558968], [134.8504671, 34.77483694], [134.85127959, 34.77579284], [134.85209208, 34.77691603], [134.85294046, 34.77683241], [134.85257006, 34.77607964], [134.85380083, 34.77524326], [134.85396812, 34.77526717], [134.85412345, 34.7754464], [134.85444906, 34.77531497], [134.85491209, 34.77488184], [134.85539006, 34.77461301], [134.85571866, 34.77429937], [134.85592777, 34.77425457], [134.85583305, 34.7739968], [134.85574856, 34.77362726], [134.85582325, 34.77334348], [134.85649538, 34.7733435], [134.85682397, 34.7732987], [134.85680906, 34.77264152], [134.85670451, 34.77234281], [134.85652339, 34.7723095], [134.85622655, 34.77258177], [134.85601744, 34.77256683], [134.85537518, 34.77286553], [134.85455369, 34.77288044], [134.85393479, 34.77334484], [134.85328284, 34.77368996], [134.85298536, 34.77395578], [134.85287125, 34.77391217], [134.85259703, 34.77364212], [134.85251757, 34.77353936], [134.85249669, 34.77344068], [134.85346395, 34.77283203], [134.85364558, 34.77261218], [134.85330206, 34.77238612], [134.85266932, 34.77192593], [134.85174336, 34.77135992], [134.85213247, 34.77054539], [134.85231694, 34.77028934], [134.85286113, 34.76993183], [134.85332133, 34.76949084], [134.85393494, 34.76897316], [134.85445824, 34.76878864], [134.85453472, 34.76856879], [134.85516564, 34.76798571], [134.85575833, 34.7673644], [134.85632233, 34.76689603], [134.85670471, 34.76641809], [134.85649442, 34.76628426], [134.85628412, 34.76607396], [134.85607383, 34.76586366], [134.85625546, 34.76570116], [134.85652312, 34.76553867], [134.85683858, 34.76529015], [134.85629371, 34.76506072], [134.85603562, 34.76495557], [134.85584445, 34.76465924], [134.85576798, 34.76455409], [134.85552902, 34.7640857], [134.85546211, 34.76399011], [134.85542387, 34.7638276], [134.85518491, 34.76355995], [134.85437479, 34.76302284], [134.85400916, 34.76271874], [134.85389685, 34.76250008], [134.85114135, 34.7649459], [134.85237324, 34.76596514], [134.85244135, 34.7662077], [134.85244134, 34.76651358], [134.85212588, 34.76673343], [134.85130379, 34.76691503], [134.8509023, 34.76709664], [134.8508067, 34.76725914], [134.85018535, 34.7673356], [134.84979342, 34.76746941], [134.84965959, 34.767565], [134.84985074, 34.76873118], [134.84977426, 34.76884589], [134.84965955, 34.76887456], [134.84928674, 34.7689797], [134.84891392, 34.76952455], [134.84836906, 34.76891277], [134.84755657, 34.76810025], [134.84999422, 34.76586352], [134.84695449, 34.76354065], [134.84745158, 34.76307227], [134.84666776, 34.76226931], [134.84611332, 34.76260386], [134.84557802, 34.76216414], [134.84558762, 34.76087369], [134.84532958, 34.75940161], [134.84463173, 34.76020454], [134.8444979, 34.76022366], [134.84328393, 34.75931554], [134.84311186, 34.759392], [134.84240446, 34.76006111], [134.84166839, 34.7606633], [134.84157279, 34.76071109], [134.8406169, 34.76025225], [134.8407507, 34.76092137], [134.84053084, 34.76106475], [134.84020583, 34.76086401], [134.8400051, 34.76065371], [134.83924994, 34.76030001], [134.8388867, 34.75991765], [134.83822715, 34.75911468], [134.83789257, 34.75930585], [134.83724258, 34.75854113], [134.8370992, 34.75827348], [134.83696539, 34.75786244], [134.83652567, 34.75770949], [134.83584699, 34.75720285], [134.83448956, 34.75823518], [134.83384908, 34.75866532], [134.83322776, 34.75810133], [134.83140198, 34.75770937], [134.83168876, 34.75746085], [134.83032184, 34.75617037], [134.82934678, 34.75723138], [134.82947104, 34.75730786], [134.82966222, 34.75747992], [134.82951882, 34.75796742], [134.8289357, 34.75816814], [134.82896437, 34.75845491], [134.82941364, 34.75871301], [134.82943276, 34.75879904], [134.82830473, 34.76024241], [134.82729148, 34.75985047], [134.82837171, 34.75830196], [134.82801803, 34.75815857], [134.82726287, 34.75781443], [134.82635479, 34.7565144], [134.82450983, 34.7579004], [134.82364948, 34.75881803], [134.82252149, 34.75914301], [134.82120236, 34.7584643], [134.82081044, 34.75819664], [134.82200536, 34.75723122], [134.8230569, 34.75641874], [134.82313337, 34.75641874], [134.82381214, 34.75581907], [134.82390768, 34.7557114], [134.82408931, 34.75563493], [134.82425182, 34.75550111], [134.8240702, 34.75534816], [134.82366873, 34.75505183], [134.82420405, 34.7545739], [134.82450039, 34.75437317], [134.82422319, 34.75402904], [134.82485411, 34.75356067], [134.82548042, 34.75303887], [134.82548042, 34.75288548], [134.82507401, 34.75230846], [134.82584832, 34.751582], [134.82622801, 34.75125656], [134.82559325, 34.75056577], [134.82535055, 34.75019237], [134.82761686, 34.74858055], [134.8315456, 34.75064536], [134.83188974, 34.75036816], [134.8324537, 34.75109465], [134.83335224, 34.75157261], [134.83443242, 34.75178293], [134.8346236, 34.75167779], [134.83504422, 34.75119986], [134.83429863, 34.7506741], [134.83407878, 34.75036821], [134.83350522, 34.75071232], [134.83328536, 34.75065496], [134.83292212, 34.75037774], [134.83288389, 34.75018657], [134.83243462, 34.749852], [134.83188974, 34.75026301], [134.83153607, 34.74973727], [134.83195668, 34.74935492], [134.83188514, 34.7492777], [134.82936623, 34.74730926], [134.82827646, 34.74793057], [134.82710068, 34.74820775], [134.82572404, 34.74763463], [134.82527969, 34.74742925], [134.82462107, 34.74723842], [134.82616587, 34.74614492], [134.82631881, 34.74637433], [134.82702723, 34.74710071], [134.82982036, 34.74518003], [134.83115861, 34.74602841], [134.8327359, 34.74486943], [134.83174418, 34.7436865], [134.83742304, 34.73967787], [134.83696003, 34.73934927], [134.83673598, 34.73957331], [134.83657168, 34.73961811], [134.83597425, 34.73911028], [134.83625805, 34.73884144], [134.83550285, 34.73835135], [134.83591454, 34.73801997], [134.83667627, 34.73861742], [134.83736334, 34.73812455], [134.83776661, 34.73844475], [134.84323336, 34.73482388], [134.84637002, 34.73274788], [134.85101526, 34.72976084], [134.85119449, 34.72999981], [134.85132889, 34.73053153], [134.85103014, 34.73143962], [134.85011001, 34.73333942], [134.84957232, 34.7330407], [134.84804521, 34.7340324], [134.847768, 34.73399654], [134.84729003, 34.73442668], [134.84740473, 34.73467283], [134.84621458, 34.73586049], [134.84663039, 34.73618311], [134.84746201, 34.73684269], [134.84822678, 34.73582947], [134.84832237, 34.73571477], [134.84853268, 34.73550209], [134.84878362, 34.73527507], [134.84924961, 34.73571718], [134.85091294, 34.73449129], [134.85094162, 34.7343479], [134.85075045, 34.73396554], [134.85142916, 34.73359276], [134.85223444, 34.73320049], [134.8528917, 34.73388912], [134.85335055, 34.73361192], [134.8545359, 34.73310533], [134.85473663, 34.73330607], [134.85566044, 34.73303539], [134.85588067, 34.73333516], [134.85635213, 34.73320096], [134.85644963, 34.7332067], [134.85668822, 34.73344529], [134.85747127, 34.73453426], [134.85656581, 34.73506036], [134.85589895, 34.73550082], [134.85560836, 34.73522552], [134.85553189, 34.73510316], [134.8547672, 34.73409372], [134.85340289, 34.73488288], [134.85326829, 34.73498076], [134.85309087, 34.73514593], [134.85303581, 34.73518875], [134.85162255, 34.73621649], [134.85161031, 34.73638167], [134.85176936, 34.73695062], [134.85128604, 34.73717696], [134.85156744, 34.73790497], [134.85219147, 34.73750733], [134.85303576, 34.73659582], [134.85394117, 34.73746455], [134.85399012, 34.73743396], [134.85431437, 34.73729326], [134.85454072, 34.73760527], [134.85518922, 34.7373667], [134.85561745, 34.7378133], [134.85615584, 34.73743401], [134.85567713, 34.73691553], [134.85562361, 34.73676258], [134.85555478, 34.73665552], [134.85526267, 34.73620434], [134.85566646, 34.73580058], [134.85588059, 34.73561094], [134.85790252, 34.73625793], [134.85798425, 34.7363865], [134.85810134, 34.7364644], [134.8581778, 34.73679323], [134.85839189, 34.7380703], [134.85914322, 34.73847753], [134.85999778, 34.73924035], [134.85926362, 34.73985975], [134.85916707, 34.74000695], [134.85976067, 34.74065506], [134.85987203, 34.74081947], [134.85894238, 34.74135092], [134.85867472, 34.74156504], [134.85752707, 34.7403355], [134.85682506, 34.74072381], [134.85371829, 34.74205302], [134.85450689, 34.74317322], [134.85488159, 34.74372143], [134.85499629, 34.74378261], [134.85500393, 34.74395085], [134.8548051, 34.74405026], [134.85437684, 34.74427966], [134.85337501, 34.74528906], [134.85333104, 34.74535979], [134.85299265, 34.74538846], [134.85289323, 34.74540375], [134.85260263, 34.74554904], [134.85214378, 34.74593139], [134.85233495, 34.74620669], [134.85238847, 34.7464361], [134.85209787, 34.74658139], [134.85136372, 34.74699432], [134.85114194, 34.74698666], [134.85107313, 34.74677254], [134.85095842, 34.74674195], [134.85044603, 34.747109], [134.85040016, 34.746979], [134.85041547, 34.74651253], [134.85056077, 34.74635194], [134.8509202, 34.74614548], [134.85101197, 34.74599254], [134.8509508, 34.74577077], [134.85118788, 34.74554136], [134.85163907, 34.74543431], [134.85187615, 34.74498314], [134.85188381, 34.74477667], [134.85186088, 34.74427961], [134.85186855, 34.74367548], [134.8517615, 34.7433543], [134.85130268, 34.74268899], [134.85136386, 34.74265076], [134.85153975, 34.74263547], [134.85189917, 34.74263548], [134.85207509, 34.74163371], [134.85190685, 34.74160312], [134.85173097, 34.74138135], [134.85132567, 34.74133546], [134.85129509, 34.74085369], [134.84937562, 34.74092247], [134.84932973, 34.74102953], [134.84931443, 34.74125894], [134.84919971, 34.74147306], [134.84906967, 34.74264306], [134.84739561, 34.74346243], [134.84696493, 34.74310221], [134.84666841, 34.74270418], [134.84660864, 34.74264411], [134.84659104, 34.7420343], [134.84651861, 34.7419785], [134.84615447, 34.74210378], [134.84612315, 34.74209987], [134.84608204, 34.74209791], [134.84596948, 34.74171127], [134.84570029, 34.74174063], [134.84564156, 34.74177978], [134.84541152, 34.74204406], [134.84532832, 34.74207831], [134.84502978, 34.74163294], [134.84469208, 34.74169656], [134.8445844, 34.74180912], [134.84430543, 34.74164271], [134.84377684, 34.74196571], [134.84373278, 34.74206849], [134.84447936, 34.74301767], [134.84424993, 34.74335222], [134.84423081, 34.74347649], [134.84524137, 34.7442244], [134.84554038, 34.74444196], [134.84562641, 34.7444802], [134.84577936, 34.74438462], [134.8460402, 34.74422571], [134.84646495, 34.74397972], [134.84674025, 34.74422443], [134.84702777, 34.74456091], [134.84697271, 34.7445915], [134.8466974, 34.74485455], [134.84655057, 34.74498302], [134.84659951, 34.7450809], [134.84709504, 34.74549692], [134.84744986, 34.74581504], [134.84755387, 34.74579058], [134.84795153, 34.74559482], [134.84812284, 34.74550918], [134.84854767, 34.7452739], [134.84908335, 34.74500755], [134.84916125, 34.745504], [134.84918041, 34.74607922], [134.84918039, 34.74652022], [134.84881605, 34.74721048], [134.84805433, 34.74740288], [134.84762417, 34.74752236], [134.84708646, 34.74777327], [134.84695501, 34.74785691], [134.84615076, 34.74809243], [134.84586765, 34.74838262], [134.84524629, 34.74870522], [134.84542551, 34.74903978], [134.84579592, 34.74948189], [134.84564057, 34.74968501], [134.84546041, 34.7498756], [134.84536813, 34.74998611], [134.84499532, 34.75016772], [134.84479458, 34.75008169], [134.84466076, 34.74985227], [134.84430707, 34.7498905], [134.84431423, 34.75003149], [134.84430706, 34.75018682], [134.84427837, 34.750378], [134.84421861, 34.7507962], [134.84462249, 34.75085595], [134.84476587, 34.75090375], [134.84498101, 34.75098768], [134.84540632, 34.75117141], [134.84556884, 34.7509898], [134.84570267, 34.75084642], [134.84582694, 34.75076039], [134.84596077, 34.75063613], [134.84611372, 34.75060746], [134.8462093, 34.75080819], [134.84640048, 34.75104717], [134.84649606, 34.75126703], [134.84663945, 34.75132438], [134.84693577, 34.75170675], [134.84749019, 34.75187882], [134.8483983, 34.75219428], [134.84878066, 34.75228988], [134.84937332, 34.75250975], [134.85070457, 34.75293739], [134.85266649, 34.751119], [134.85367018, 34.75165671], [134.85414813, 34.75196739], [134.85498452, 34.75282771], [134.85499645, 34.75358047], [134.85429145, 34.75375968], [134.85427949, 34.75408229], [134.85423166, 34.75518157], [134.85376565, 34.75539663], [134.8561673, 34.75782225], [134.85656162, 34.75766693], [134.85689619, 34.7575594], [134.85743389, 34.75757136], [134.85756533, 34.75761916], [134.85815417, 34.75770807], [134.85844954, 34.75781035], [134.85884399, 34.7580824], [134.85930419, 34.75769893], [134.85972604, 34.75733463], [134.86009852, 34.75700267], [134.86045604, 34.75667576], [134.85992648, 34.75622839], [134.85915221, 34.75556881], [134.85913312, 34.75494748], [134.85912478, 34.7541063], [134.8612816, 34.75273226], [134.86148474, 34.75252317], [134.86142501, 34.75229017], [134.86127565, 34.75220951], [134.86176855, 34.75177638], [134.86288803, 34.75237049], [134.86305627, 34.75243167], [134.86327708, 34.75245749], [134.8636236, 34.75255309], [134.86429274, 34.75258895], [134.86489162, 34.75249289], [134.86603729, 34.75230222], [134.86669443, 34.75381971], [134.86644397, 34.75417529], [134.86713653, 34.75417818], [134.8671475, 34.75475649], [134.86722013, 34.75522965], [134.86804462, 34.75491901], [134.86977053, 34.75472596], [134.87071113, 34.75526892], [134.87092525, 34.75538364], [134.87125408, 34.75558247], [134.87165172, 34.75604895], [134.87216409, 34.75594955], [134.87259234, 34.75612544], [134.87331883, 34.75625546], [134.87341824, 34.7562784], [134.87348706, 34.75633194], [134.87353174, 34.75674055], [134.87354057, 34.75711959], [134.87379293, 34.75718842], [134.87411411, 34.75725725], [134.87479472, 34.75730315], [134.87487882, 34.75803727], [134.87482527, 34.75858022], [134.87478368, 34.75877856], [134.87479562, 34.75898169], [134.87558233, 34.75923788], [134.87571998, 34.75929142], [134.87578737, 34.75943576], [134.87580404, 34.76104261], [134.87666816, 34.76184557], [134.87653815, 34.76193733], [134.8765458, 34.76209028], [134.87688227, 34.7621897], [134.87717288, 34.76204441], [134.87802174, 34.76154737], [134.87810587, 34.76134854], [134.87812883, 34.76094325], [134.87822825, 34.76070619], [134.87861828, 34.76029325], [134.87869475, 34.76024737], [134.87903889, 34.75988797], [134.87943656, 34.75964327], [134.87963539, 34.75959739], [134.88026247, 34.75957446], [134.88028542, 34.75932976], [134.88022425, 34.75913858], [134.8802319, 34.75893975], [134.88028545, 34.75859563], [134.88032096, 34.75852875], [134.88029916, 34.75835083], [134.88059496, 34.75801265], [134.88103389, 34.75751083], [134.88138695, 34.75706222], [134.88121916, 34.7569525], [134.88068111, 34.75670444], [134.88057214, 34.75663894], [134.88049028, 34.75658972], [134.88044028, 34.75654528], [134.88034555, 34.75646083], [134.88024722, 34.7563225], [134.88017778, 34.75613167], [134.88013722, 34.75590861], [134.88013139, 34.7558225], [134.88018945, 34.75573223], [134.8803225, 34.75560806], [134.88045555, 34.7554125], [134.88064055, 34.75524556], [134.88082579, 34.75513751], [134.88083722, 34.75513083], [134.88087663, 34.75508454], [134.88091834, 34.75503556], [134.88106278, 34.75471083], [134.88117861, 34.75450583], [134.8813, 34.75435306], [134.88146195, 34.75423861], [134.88172311, 34.75411003], [134.88173389, 34.75410472], [134.88182639, 34.75399972], [134.88186111, 34.75385667], [134.88194805, 34.75372306], [134.88203473, 34.75354167], [134.8820625, 34.75334889], [134.88206166, 34.75329223], [134.88204278, 34.75325972], [134.88201111, 34.75323917], [134.88186195, 34.75317389], [134.881825, 34.75316056], [134.88160555, 34.75308167], [134.88121584, 34.75301556], [134.88089555, 34.7529625], [134.88085176, 34.75294445], [134.8807675, 34.75290972], [134.88071945, 34.75283917], [134.88077805, 34.75281694], [134.8808949, 34.75280716], [134.88114639, 34.75278611], [134.88143472, 34.75276417], [134.881675, 34.75271556], [134.88196334, 34.75264528], [134.88213945, 34.75256583], [134.88220361, 34.75249972], [134.88222, 34.7523925], [134.88224611, 34.75222194], [134.88224611, 34.75212056], [134.882305, 34.75208083], [134.88263055, 34.75208083], [134.88276397, 34.75204616], [134.88283361, 34.75202806], [134.88290166, 34.75201694], [134.88304695, 34.75199278], [134.88332472, 34.75203667], [134.88336252, 34.75203858], [134.88367666, 34.75205444], [134.88378334, 34.75201917], [134.8838475, 34.75190444], [134.88386889, 34.75166639], [134.88383695, 34.75155194], [134.88349555, 34.75137556], [134.88314305, 34.751155], [134.88305778, 34.75104917], [134.88304695, 34.75095222], [134.88316445, 34.75079361], [134.88349555, 34.75037944], [134.88366639, 34.75019417], [134.88399695, 34.74992972], [134.8842875, 34.74974639], [134.88466829, 34.74953121], [134.88469305, 34.74951722], [134.88514166, 34.74978167], [134.88533389, 34.7498875], [134.88537472, 34.74992361], [134.88545916, 34.74999806], [134.88549389, 34.75002861], [134.88567555, 34.75024889], [134.88578223, 34.7503725], [134.88590772, 34.75039209], [134.88600639, 34.7504075], [134.88611778, 34.7504075], [134.88622, 34.7504075], [134.88642278, 34.75034583], [134.88652972, 34.75024889], [134.88663639, 34.7500725], [134.88670055, 34.749905], [134.88678584, 34.74980806], [134.88688195, 34.7497375], [134.88696709, 34.7497023], [134.88703111, 34.74967583], [134.88710764, 34.74963567], [134.88714861, 34.74961417], [134.88723416, 34.74948194], [134.8872875, 34.74929667], [134.88728054, 34.74917219], [134.88727666, 34.74910277], [134.88714889, 34.74865639], [134.88694361, 34.74792778], [134.88692392, 34.74773754], [134.88692084, 34.74770778], [134.88692857, 34.74766079], [134.88696639, 34.74743111], [134.88701972, 34.74733056], [134.88717584, 34.74709194], [134.88738084, 34.74689694], [134.88758038, 34.74677419], [134.88776916, 34.74665806], [134.88802028, 34.74646333], [134.88805755, 34.74642518], [134.88821055, 34.74626861], [134.88833222, 34.74600444], [134.88856834, 34.74573417], [134.88878889, 34.74548944], [134.88892584, 34.74537], [134.88899834, 34.74525694], [134.88902861, 34.74517528], [134.88896027, 34.74509361], [134.88876222, 34.74496778], [134.88858722, 34.744905], [134.88854309, 34.74490391], [134.88832861, 34.74489861], [134.88812305, 34.74502444], [134.88795555, 34.74518139], [134.88775, 34.74531361], [134.88758028, 34.74543861], [134.88753695, 34.74547056], [134.88752278, 34.74548639], [134.88736945, 34.74565889], [134.88726334, 34.74574694], [134.88715666, 34.74573417], [134.88713055, 34.74571722], [134.88705028, 34.74566528], [134.88701972, 34.74553972], [134.88709161, 34.74541692], [134.88712639, 34.7453575], [134.88723834, 34.74510778], [134.88727861, 34.74501806], [134.88746916, 34.74477056], [134.88749139, 34.74474167], [134.88750278, 34.74472056], [134.88759028, 34.74455944], [134.88775, 34.74438972], [134.88784139, 34.74426389], [134.88789472, 34.74409417], [134.88799361, 34.74389944], [134.88812305, 34.74372333], [134.88829055, 34.74354111], [134.88838945, 34.74337778], [134.88847916, 34.74319], [134.88865945, 34.7428125], [134.88853851, 34.7427811], [134.88839305, 34.74274333], [134.88821055, 34.74275583], [134.88802778, 34.74292556], [134.88788361, 34.74306611], [134.88773861, 34.74320806], [134.88751834, 34.7433525], [134.88731278, 34.74363556], [134.88709195, 34.74400639], [134.88693223, 34.74413194], [134.88671139, 34.74429528], [134.88655916, 34.74447139], [134.88639195, 34.74463472], [134.88623195, 34.74467861], [134.8860325, 34.74470389], [134.88588805, 34.74478556], [134.88579666, 34.74483583], [134.88559889, 34.74503056], [134.88548084, 34.74510111], [134.88532111, 34.74513889], [134.88518416, 34.74512611], [134.88507, 34.74507583], [134.88499389, 34.7449125], [134.88497472, 34.74477917], [134.88492916, 34.74457194], [134.8849264, 34.74456326], [134.88485305, 34.74433306], [134.88468945, 34.74409556], [134.88452195, 34.74385028], [134.88441166, 34.74370444], [134.88432389, 34.74363722], [134.88419861, 34.74354111], [134.88401611, 34.74338417], [134.88366805, 34.7430575], [134.88351389, 34.74291278], [134.88348334, 34.74281222], [134.88357472, 34.74262389], [134.8839325, 34.74229083], [134.88436611, 34.74192639], [134.88458695, 34.74172389], [134.8846475, 34.74166861], [134.88479223, 34.74142973], [134.88485666, 34.74130778], [134.88488416, 34.74128694], [134.88495584, 34.7412325], [134.88510805, 34.74116333], [134.88527528, 34.74106278], [134.88555695, 34.74081139], [134.88586139, 34.74052861], [134.88609722, 34.7403525], [134.88627396, 34.74020177], [134.88631805, 34.74016417], [134.88650055, 34.73996944], [134.88660722, 34.73990667], [134.88665222, 34.73990667], [134.88674416, 34.73990667], [134.88689286, 34.7398899], [134.88691166, 34.73988778], [134.88693764, 34.73986858], [134.88705639, 34.73978083], [134.8870992, 34.73973953], [134.88728445, 34.73956083], [134.88752055, 34.73940389], [134.88771834, 34.73921528], [134.88780973, 34.73904556], [134.88780584, 34.73879417], [134.88777555, 34.73861833], [134.88769945, 34.7384925], [134.88753945, 34.73842333], [134.88736162, 34.73841901], [134.88728834, 34.73841722], [134.88709805, 34.73837306], [134.88693834, 34.73826639], [134.88685858, 34.73815018], [134.88680889, 34.73807778], [134.88664916, 34.73794583], [134.88640555, 34.73787667], [134.88616557, 34.73780494], [134.88604778, 34.73776972], [134.88587278, 34.73766944], [134.88584268, 34.73760232], [134.88579666, 34.73749972], [134.88581945, 34.73733], [134.88596387, 34.73718366], [134.88598695, 34.73716028], [134.88623805, 34.73703472], [134.88637889, 34.73695917], [134.88639526, 34.73694981], [134.88652666, 34.73687472], [134.88657666, 34.73684611], [134.88665685, 34.73677696], [134.88674416, 34.73670167], [134.88685834, 34.73660722], [134.88699528, 34.73658222], [134.88709445, 34.73660111], [134.88717805, 34.73668278], [134.88720834, 34.73684611], [134.88723139, 34.73697194], [134.88733778, 34.737085], [134.88739114, 34.73710266], [134.88745195, 34.73712278], [134.88760416, 34.73704722], [134.88780973, 34.7368775], [134.88823584, 34.73645028], [134.88836528, 34.73628694], [134.88833472, 34.7361925], [134.88826639, 34.73610444], [134.88807611, 34.73606694], [134.8879291, 34.73612078], [134.88787055, 34.73614222], [134.88784048, 34.73614371], [134.88774111, 34.73614861], [134.88770305, 34.73602917], [134.88770305, 34.73580278], [134.88777916, 34.73567723], [134.88790111, 34.73544472], [134.88813695, 34.7350175], [134.88833861, 34.73472222], [134.88855945, 34.73441417], [134.88875722, 34.73424444], [134.88892473, 34.73411889], [134.88902361, 34.7338925], [134.88907695, 34.73365361], [134.88910189, 34.73359608], [134.889115, 34.73356583], [134.88919834, 34.73350278], [134.88934305, 34.73354056], [134.88942344, 34.73361801], [134.88948, 34.7336725], [134.88963972, 34.7336475], [134.88975389, 34.73355306], [134.88977666, 34.73339611], [134.88976916, 34.73325778], [134.88971584, 34.73310694], [134.88960973, 34.73295056], [134.88956446, 34.73288369], [134.88953695, 34.73284306], [134.88954472, 34.73272389], [134.88954581, 34.73272085], [134.88958278, 34.73261694], [134.88978834, 34.73251639], [134.89008084, 34.73238722], [134.89015055, 34.73235667], [134.89020639, 34.73233194], [134.89022973, 34.73232167], [134.89039695, 34.73224611], [134.890595, 34.73208278], [134.89072445, 34.73198861], [134.89082334, 34.73188806], [134.89092972, 34.731775], [134.89096722, 34.73170278], [134.89099735, 34.73164467], [134.89099834, 34.73164277], [134.8910375, 34.731555], [134.89105166, 34.73152361], [134.89107445, 34.73146694], [134.89113666, 34.7314625], [134.89116584, 34.73146056], [134.8912875, 34.73148583], [134.89173639, 34.73183778], [134.89220834, 34.73215194], [134.8923326, 34.73222273], [134.89240778, 34.73226556], [134.89253889, 34.73226556], [134.89260805, 34.73223167], [134.89270361, 34.73218473], [134.89305139, 34.73244472], [134.89316834, 34.7325175], [134.89329805, 34.73239694], [134.89361, 34.73208917], [134.89385361, 34.73190694], [134.89391139, 34.73187417], [134.89409695, 34.73176861], [134.89427225, 34.7316672], [134.89440139, 34.7315925], [134.89470584, 34.73141667], [134.8949875, 34.73129722], [134.89518223, 34.73114777], [134.89532842, 34.73095818], [134.89534222, 34.73094028], [134.89547166, 34.73083973], [134.89564666, 34.73077056], [134.89576834, 34.73073917], [134.89581666, 34.73071167], [134.89598916, 34.73061361], [134.89600916, 34.73059389], [134.89606528, 34.73053833], [134.89620972, 34.73050694], [134.89643028, 34.73055083], [134.89646801, 34.73054788], [134.89659, 34.73053833], [134.89673472, 34.73045667], [134.89678416, 34.730375], [134.89679166, 34.73018], [134.89680341, 34.73011242], [134.89682222, 34.73000417], [134.89693639, 34.72995389], [134.89726361, 34.72990361], [134.89747023, 34.72984501], [134.89753, 34.72982806], [134.89772778, 34.72973389], [134.89788777, 34.72966472], [134.89794084, 34.72952028], [134.89793334, 34.72939444], [134.89787714, 34.72935959], [134.89784195, 34.72933778], [134.8977125, 34.72926889], [134.89779639, 34.72921861], [134.89812361, 34.72910528], [134.89822029, 34.72908537], [134.8983975, 34.72904889], [134.89854222, 34.72898583], [134.89866389, 34.72884139], [134.89868695, 34.72873861], [134.89872472, 34.72857111], [134.89872945, 34.72848194], [134.89882084, 34.72831889], [134.89885889, 34.72817417], [134.89883584, 34.72805472], [134.89889695, 34.72792917], [134.89907945, 34.72777194], [134.8991284, 34.72770686], [134.89915207, 34.72767538], [134.89917722, 34.72764194], [134.89921639, 34.72758972], [134.89930028, 34.7274075], [134.89937472, 34.72730473], [134.89939139, 34.72728167], [134.89947527, 34.72707444], [134.89987861, 34.72589917], [134.89989613, 34.7258466], [134.899925, 34.72576], [134.89998139, 34.72559139]]]}}, {"type": "Feature", "id": "did-1980-31", "properties": {"A16_001": "282041", "A16_002": "28204", "A16_003": "西宮市", "A16_004": "1", "A16_005": "390846", "A16_006": "36.4", "A16_007": "382557", "A16_008": "35.8", "A16_009": "95.3", "A16_010": "37.2", "A16_011": "1980", "year": 1980, "population": 390846.0, "areaKm2": 36.4, "density": 10737.527472527472}, "geometry": {"type": "Polygon", "coordinates": [[[135.37342312, 34.78134238], [135.37345, 34.78122973], [135.37349584, 34.78103861], [135.37368366, 34.78039356], [135.37378499, 34.78004556], [135.37383112, 34.7797925], [135.37385027, 34.77968777], [135.37391528, 34.7792525], [135.37394695, 34.77901667], [135.37395138, 34.77898389], [135.37392973, 34.77878111], [135.37392749, 34.77872444], [135.3739225, 34.77859611], [135.37398027, 34.77772833], [135.37399472, 34.77710806], [135.37403834, 34.7768875], [135.37403862, 34.77671444], [135.37404084, 34.77666056], [135.37405027, 34.77642861], [135.37405195, 34.77639111], [135.37407334, 34.77586306], [135.37407473, 34.77583139], [135.37408138, 34.77579639], [135.37411084, 34.77564056], [135.37410777, 34.77557277], [135.37410361, 34.77547667], [135.37413249, 34.77507083], [135.37415416, 34.77482667], [135.37416138, 34.77462972], [135.37414695, 34.774415], [135.37411806, 34.77421222], [135.37412962, 34.77396386], [135.37413972, 34.77374694], [135.37417584, 34.77357389], [135.37417584, 34.77320111], [135.37414695, 34.77292056], [135.37414695, 34.77272389], [135.37412527, 34.77253889], [135.3741325, 34.77235417], [135.37415063, 34.77161461], [135.37415416, 34.77147139], [135.37418556, 34.77115417], [135.37419742, 34.77103346], [135.37421916, 34.77081222], [135.37423361, 34.77060944], [135.37428445, 34.77040667], [135.37429542, 34.77026147], [135.37429888, 34.77021556], [135.37431211, 34.77010504], [135.37435666, 34.76973277], [135.37436389, 34.76955972], [135.3743608, 34.76953085], [135.37434222, 34.76935694], [135.374335, 34.76920194], [135.37433, 34.76901944], [135.37432055, 34.76868889], [135.37433223, 34.76861083], [135.37434945, 34.768495], [135.37434223, 34.76831], [135.37432306, 34.76775472], [135.37432055, 34.76767778], [135.37430861, 34.76743222], [135.37429889, 34.76723639], [135.37431334, 34.76711111], [135.37431334, 34.76656833], [135.37430472, 34.76651167], [135.37426999, 34.766285], [135.37421527, 34.76600944], [135.37421521, 34.76600911], [135.37415416, 34.76570056], [135.37416138, 34.7655275], [135.37413416, 34.76536111], [135.37411084, 34.76521722], [135.37401695, 34.76494889], [135.37389916, 34.76449306], [135.37389583, 34.7644802], [135.37388598, 34.76444221], [135.37386862, 34.76437527], [135.37383695, 34.76425306], [135.37383638, 34.76425111], [135.37377834, 34.76403333], [135.37368445, 34.76358611], [135.37359777, 34.76321027], [135.37356889, 34.76300723], [135.37348916, 34.7626375], [135.37346749, 34.76250028], [135.37342416, 34.76230361], [135.37340973, 34.76212472], [135.37336639, 34.76196972], [135.37333, 34.76175194], [135.37327222, 34.76144778], [135.37323695, 34.76105361], [135.37322888, 34.76096444], [135.37322361, 34.76081194], [135.37322166, 34.76075556], [135.37322366, 34.760661], [135.37323343, 34.7601974], [135.37323612, 34.76006972], [135.37320722, 34.75989083], [135.37322166, 34.75970611], [135.37322166, 34.75935111], [135.37320723, 34.75907083], [135.37322889, 34.75888583], [135.37324088, 34.75850932], [135.37325055, 34.75820583], [135.37329389, 34.7578], [135.37331834, 34.75759027], [135.37335195, 34.75729917], [135.37340973, 34.75695639], [135.37348112, 34.75669333], [135.3735057, 34.75660244], [135.37351805, 34.75655667], [135.37361223, 34.75589444], [135.37366055, 34.75567583], [135.37370036, 34.75549672], [135.37370611, 34.75547083], [135.37371916, 34.7553875], [135.37380027, 34.75486833], [135.37389416, 34.75451667], [135.37394806, 34.75425444], [135.37396639, 34.75416473], [135.37408945, 34.75363389], [135.37414723, 34.75347889], [135.37424195, 34.75324472], [135.37438885, 34.75294775], [135.37448778, 34.75274778], [135.37452722, 34.7526825], [135.37458813, 34.75258206], [135.37458888, 34.75258083], [135.37471889, 34.75227694], [135.37487611, 34.75181389], [135.37499334, 34.75146861], [135.37506759, 34.75117834], [135.37528945, 34.75031111], [135.37559306, 34.74931833], [135.37569584, 34.74899694], [135.37573683, 34.74886895], [135.37574584, 34.74884083], [135.37582416, 34.74859639], [135.37584737, 34.74851166], [135.37597612, 34.74804167], [135.37604038, 34.74787375], [135.37604277, 34.7478675], [135.37614945, 34.74758833], [135.37619593, 34.74737331], [135.37622445, 34.74724139], [135.37622888, 34.74722027], [135.37640945, 34.74659973], [135.37654666, 34.74607194], [135.37672749, 34.74547527], [135.37688639, 34.74515917], [135.37698749, 34.74498611], [135.37700666, 34.74494], [135.37708749, 34.74474583], [135.37719745, 34.74448177], [135.37722584, 34.74441361], [135.37731499, 34.74424194], [135.37762916, 34.7436375], [135.37765195, 34.74359333], [135.37797679, 34.74306352], [135.37822249, 34.74266277], [135.37825361, 34.74261639], [135.37867027, 34.741995], [135.37874107, 34.74187879], [135.37893749, 34.74155639], [135.37921223, 34.74109111], [135.37985499, 34.74016806], [135.38000666, 34.7399175], [135.38007166, 34.73981027], [135.38027416, 34.73935111], [135.38035244, 34.73920843], [135.38042945, 34.73906806], [135.38047638, 34.73898277], [135.38054172, 34.73877322], [135.38055358, 34.73873518], [135.38057277, 34.73867361], [135.38057277, 34.73867333], [135.38064945, 34.73842806], [135.38066416, 34.73838027], [135.38072916, 34.73794028], [135.38075445, 34.73761667], [135.38075806, 34.73757056], [135.38079499, 34.73702027], [135.38080139, 34.73692639], [135.38079781, 34.73680839], [135.38079357, 34.73666877], [135.38078695, 34.73645056], [135.38078416, 34.73621722], [135.38078, 34.73590194], [135.38073027, 34.73547288], [135.38070413, 34.73524736], [135.38068611, 34.73509194], [135.38055646, 34.73430688], [135.38053445, 34.73417361], [135.38048056, 34.73400722], [135.38044195, 34.73388778], [135.38026305, 34.73333528], [135.38020195, 34.73314611], [135.3801799, 34.73307793], [135.37994916, 34.73236472], [135.37987611, 34.73207639], [135.37983022, 34.73189543], [135.37982723, 34.73188361], [135.37978489, 34.73171718], [135.37971416, 34.73143917], [135.37968916, 34.73134027], [135.37961722, 34.730875], [135.37963306, 34.730715], [135.37966056, 34.730435], [135.37967353, 34.73036004], [135.37971834, 34.73010111], [135.37975416, 34.72995056], [135.37979777, 34.72976694], [135.37997306, 34.72931776], [135.37999278, 34.72926722], [135.38021602, 34.72881487], [135.38028916, 34.72866667], [135.38048416, 34.72830861], [135.3807228, 34.72798911], [135.38075138, 34.72795083], [135.38135852, 34.72727318], [135.381445, 34.72717667], [135.3814883, 34.72712586], [135.38235473, 34.72610917], [135.38271834, 34.72568556], [135.38272334, 34.72567972], [135.3831025, 34.72506806], [135.38326027, 34.72481806], [135.38336329, 34.72465494], [135.38343356, 34.72454367], [135.38371638, 34.72409583], [135.38391889, 34.72377361], [135.38403445, 34.72347722], [135.38417166, 34.72305944], [135.38418395, 34.72300648], [135.38426555, 34.72265472], [135.38429445, 34.72253027], [135.38431611, 34.72224389], [135.3843163, 34.72198573], [135.38431638, 34.72186444], [135.38431639, 34.72175472], [135.38431166, 34.7217275], [135.38430388, 34.72168222], [135.38429889, 34.72165278], [135.38426584, 34.72146223], [135.38424195, 34.72137972], [135.38417916, 34.72116417], [135.38416817, 34.72113653], [135.38401306, 34.72074639], [135.38341388, 34.71935611], [135.38332666, 34.71915389], [135.38327527, 34.71902027], [135.38305084, 34.71843667], [135.38304962, 34.7184335], [135.38298723, 34.71827111], [135.38287139, 34.71800936], [135.38266, 34.71753167], [135.38233723, 34.71680361], [135.38228416, 34.71667361], [135.3821925, 34.71644778], [135.38215639, 34.71635917], [135.38211249, 34.71625139], [135.38211166, 34.71624972], [135.38208584, 34.71618639], [135.38204416, 34.71608389], [135.38200527, 34.71598833], [135.38197027, 34.7159025], [135.38192556, 34.7157925], [135.38188084, 34.71566917], [135.38157777, 34.71483583], [135.38157144, 34.71481842], [135.38154881, 34.71475625], [135.3813475, 34.71420306], [135.3808872, 34.71282113], [135.38085666, 34.71272944], [135.38048834, 34.71161389], [135.38036964, 34.7113998], [135.38036964, 34.7113998], [135.38035797, 34.71140286], [135.37976778, 34.71155741], [135.37787512, 34.70657792], [135.37691419, 34.70555872], [135.37647741, 34.70491807], [135.37449734, 34.7014528], [135.37242996, 34.69661891], [135.37225524, 34.69658978], [135.37196403, 34.69676449], [135.37103226, 34.69449315], [135.3707907, 34.69407041], [135.36858333, 34.69627778], [135.36850222, 34.69627778], [135.36830556, 34.69627778], [135.36779347, 34.69585104], [135.36746928, 34.69558088], [135.36497222, 34.6935], [135.3671513, 34.69132093], [135.36719444, 34.69127778], [135.36474311, 34.68949647], [135.36318621, 34.68836513], [135.36302778, 34.68825], [135.35974688, 34.69132211], [135.35386111, 34.69683333], [135.35774393, 34.69960677], [135.35855478, 34.70018595], [135.35969444, 34.701], [135.36052778, 34.701], [135.36302778, 34.6985], [135.3636582, 34.69902535], [135.36469444, 34.69988889], [135.36136111, 34.70266667], [135.36174964, 34.70279618], [135.36219444, 34.70294444], [135.36205099, 34.7030879], [135.36191667, 34.70322222], [135.36358333, 34.70488889], [135.36345419, 34.70540548], [135.37053662, 34.71208135], [135.37025706, 34.71217453], [135.36415945, 34.70666496], [135.36248504, 34.70626453], [135.36126114, 34.70591881], [135.36066903, 34.70593995], [135.36012559, 34.70628105], [135.35988766, 34.70656832], [135.35790624, 34.70876768], [135.35577622, 34.71109584], [135.35434961, 34.71258191], [135.35164498, 34.71516765], [135.35105055, 34.71567291], [135.35080288, 34.71585124], [135.35048585, 34.71601966], [135.3501391, 34.71606919], [135.34979235, 34.71609892], [135.3494357, 34.71610882], [135.34911867, 34.71600975], [135.34874221, 34.71581161], [135.34850444, 34.71563328], [135.34798252, 34.71539469], [135.34358333, 34.7185], [135.34386111, 34.71905556], [135.3437807, 34.71910469], [135.34584231, 34.72021096], [135.34619176, 34.72018767], [135.34894065, 34.72202809], [135.34884746, 34.72233093], [135.34663435, 34.72128258], [135.34551612, 34.72139903], [135.34521325, 34.72195812], [135.34421151, 34.7219348], [135.34416496, 34.72079331], [135.3428523, 34.71967205], [135.33886111, 34.72211111], [135.33858333, 34.72377778], [135.33771873, 34.72421008], [135.33752573, 34.72430658], [135.33747222, 34.72433333], [135.33738204, 34.72440548], [135.33617419, 34.72537176], [135.33617418, 34.72566192], [135.33580143, 34.72589487], [135.33596448, 34.72675681], [135.33708269, 34.72682672], [135.33712927, 34.72719945], [135.33601105, 34.72743239], [135.33612749, 34.72862047], [135.33580134, 34.72871364], [135.33528049, 34.72571206], [135.33525, 34.72572222], [135.33471714, 34.72492293], [135.33413889, 34.72405556], [135.33497222, 34.72322222], [135.33486472, 34.72236222], [135.33481637, 34.72197887], [135.33441667, 34.72211111], [135.32941667, 34.72405556], [135.32887644, 34.72405556], [135.32892906, 34.72505607], [135.32909212, 34.72552198], [135.32909207, 34.72722257], [135.32876592, 34.72729245], [135.32842923, 34.72479626], [135.32827417, 34.72472469], [135.32774935, 34.72476046], [135.32629657, 34.72556851], [135.32461924, 34.72549859], [135.32465199, 34.7264265], [135.32470889, 34.72663091], [135.32440148, 34.72655412], [135.32440148, 34.72655412], [135.32440556, 34.72657083], [135.32454666, 34.72669889], [135.32464527, 34.72678833], [135.32466778, 34.72685556], [135.32463166, 34.72700472], [135.32456473, 34.72738889], [135.32454111, 34.72752361], [135.32452584, 34.72759083], [135.32451844, 34.72762363], [135.32449527, 34.72772639], [135.32447334, 34.7278225], [135.32441889, 34.72796833], [135.32434222, 34.72808778], [135.32426527, 34.72824833], [135.32413627, 34.72863191], [135.32413, 34.72865056], [135.32407084, 34.72882723], [135.32401084, 34.72902944], [135.32400528, 34.72904824], [135.32398472, 34.72911778], [135.32397112, 34.72916333], [135.32395916, 34.7292625], [135.32394028, 34.72941917], [135.32393056, 34.72949972], [135.32392138, 34.7296525], [135.32391971, 34.72966561], [135.32391, 34.72974168], [135.32389445, 34.72986527], [135.32389611, 34.72995667], [135.32389749, 34.73004194], [135.32389889, 34.73012667], [135.32391695, 34.73038083], [135.32392139, 34.73059], [135.32386722, 34.73068333], [135.32379027, 34.73072444], [135.32371612, 34.73074111], [135.32364111, 34.73075806], [135.32358416, 34.73076694], [135.32339499, 34.73079611], [135.32318249, 34.73080361], [135.32294278, 34.73083361], [135.32280249, 34.73085972], [135.32276389, 34.73090806], [135.32270387, 34.73098366], [135.32269862, 34.73099027], [135.32259445, 34.73121806], [135.32273492, 34.73126943], [135.32278889, 34.73128917], [135.32288388, 34.73133027], [135.32287945, 34.73137139], [135.32284394, 34.73143874], [135.32284166, 34.73144306], [135.32279334, 34.73153556], [135.32261249, 34.73179333], [135.32255834, 34.7319425], [135.32258528, 34.73200972], [135.32268028, 34.73204333], [135.32285223, 34.73208444], [135.32286584, 34.73212167], [135.32285467, 34.73213741], [135.32282249, 34.73218277], [135.32281473, 34.73219361], [135.32277166, 34.73225417], [135.32275888, 34.73227194], [135.32272861, 34.732315], [135.32265638, 34.73241694], [135.32264999, 34.73242556], [135.32258084, 34.73252306], [135.32253861, 34.7325825], [135.32250084, 34.73263583], [135.32244527, 34.73271417], [135.32232749, 34.73284111], [135.32222565, 34.73291927], [135.32221999, 34.73292361], [135.32208055, 34.73303056], [135.32205727, 34.73304843], [135.32182112, 34.73322972], [135.32181695, 34.73324417], [135.32179416, 34.73332333], [135.32177584, 34.73338639], [135.32175306, 34.73355083], [135.32173055, 34.73372639], [135.32172027, 34.73377833], [135.32171861, 34.73378659], [135.32171195, 34.73381972], [135.32170028, 34.73387833], [135.3217, 34.73387972], [135.32168112, 34.73397527], [135.32168084, 34.73397667], [135.32160388, 34.73412972], [135.32149527, 34.73422667], [135.32138666, 34.73423417], [135.32118362, 34.73421917], [135.32106056, 34.73417667], [135.32102084, 34.73416306], [135.3208625, 34.73416306], [135.32086223, 34.73416472], [135.32084889, 34.73426389], [135.32086695, 34.73445444], [135.32085612, 34.7345041], [135.32083556, 34.73459833], [135.32079, 34.73480556], [135.32093027, 34.73488777], [135.32093472, 34.73492889], [135.32083695, 34.73516694], [135.32077862, 34.73530833], [135.32071638, 34.73546], [135.32070824, 34.73547979], [135.32063998, 34.73564563], [135.32061805, 34.73569889], [135.32057305, 34.73585222], [135.32062386, 34.73592435], [135.32065445, 34.73596778], [135.32075834, 34.73610972], [135.32079416, 34.73620333], [135.32075695, 34.73630139], [135.32073584, 34.73635639], [135.3207009, 34.73642901], [135.32062277, 34.73659139], [135.32054138, 34.7366475], [135.32044639, 34.73666611], [135.32022028, 34.73669972], [135.31999389, 34.73672222], [135.31976638, 34.73679944], [135.31974084, 34.73680806], [135.31965419, 34.73684885], [135.31955612, 34.736895], [135.31935166, 34.73699111], [135.31918889, 34.73708056], [135.31906666, 34.73716277], [135.31903056, 34.73723], [135.31907584, 34.7372675], [135.31917973, 34.737275], [135.31930638, 34.73725611], [135.319415, 34.73726], [135.31951916, 34.73728972], [135.31957334, 34.73740944], [135.31956695, 34.73752833], [135.31956416, 34.73758111], [135.31953277, 34.73782777], [135.31939695, 34.73807806], [135.31932, 34.73813778], [135.31918889, 34.73813028], [135.31912556, 34.73812639], [135.31908028, 34.7382125], [135.31901862, 34.73827944], [135.31896723, 34.73833556], [135.31888138, 34.73836556], [135.31872306, 34.73835806], [135.31855556, 34.73833556], [135.31852806, 34.73834333], [135.31852473, 34.73834417], [135.31844723, 34.73836556], [135.31843305, 34.73838417], [135.31837916, 34.73845528], [135.31830834, 34.73852028], [135.31825472, 34.73856972], [135.31814861, 34.73866778], [135.31809139, 34.73877722], [135.31801945, 34.73891472], [135.31797666, 34.73899639], [135.31789084, 34.73910861], [135.31786806, 34.73925806], [135.31778223, 34.73933639], [135.31760584, 34.7393775], [135.31755084, 34.73941194], [135.31743862, 34.73948194], [135.31732527, 34.7396725], [135.31723056, 34.73984806], [135.31731195, 34.73991167], [135.31732166, 34.73991306], [135.31747139, 34.73993306], [135.31750638, 34.73993777], [135.31757416, 34.73998639], [135.31756527, 34.74017306], [135.31756271, 34.7402285], [135.31756111, 34.74026306], [135.31755084, 34.74047972], [135.31754695, 34.74056139], [135.31736027, 34.74056139], [135.31710834, 34.74056139], [135.31709027, 34.74061389], [135.31706556, 34.74067861], [135.317045, 34.74073306], [135.31705862, 34.74078694], [135.317235, 34.74088389], [135.31721805, 34.74101028], [135.31719862, 34.74115472], [135.31718528, 34.74125361], [135.3171774, 34.74130114], [135.31716306, 34.74138777], [135.31715362, 34.74144417], [135.31693195, 34.74144417], [135.31679612, 34.74147417], [135.31676445, 34.74157861], [135.31672834, 34.74181389], [135.31668125, 34.74217316], [135.31666612, 34.74228861], [135.31661528, 34.74267667], [135.31655195, 34.74340472], [135.31653834, 34.74347083], [135.31643888, 34.74395027], [135.31635306, 34.74476056], [135.31646612, 34.74475806], [135.31692112, 34.74474833], [135.31703305, 34.74474611], [135.31709612, 34.74474472], [135.31722139, 34.74474194], [135.31729834, 34.74505194], [135.31733889, 34.7452575], [135.31733973, 34.74528222], [135.31734361, 34.74538806], [135.31737973, 34.74571277], [135.31737973, 34.74609], [135.31733889, 34.74624417], [135.31731574, 34.74633089], [135.3173089, 34.7463565], [135.31730722, 34.74636278], [135.31709472, 34.74636056], [135.31703828, 34.74635995], [135.31694084, 34.74635889], [135.31693593, 34.74637067], [135.31685056, 34.74657556], [135.31677543, 34.74672241], [135.31667861, 34.74691167], [135.31662945, 34.74697333], [135.31650223, 34.74713222], [135.31632139, 34.74734139], [135.31619979, 34.74744479], [135.31618167, 34.7474602], [135.3160875, 34.74754028], [135.31602611, 34.7475925], [135.3158825, 34.74771444], [135.31588612, 34.74775722], [135.31585095, 34.74780616], [135.31580027, 34.74787667], [135.3156375, 34.7479925], [135.31542473, 34.74804833], [135.31532527, 34.74808583], [135.31527556, 34.74818667], [135.31518499, 34.74831361], [135.31502223, 34.74844056], [135.31487749, 34.74849667], [135.31468749, 34.74848556], [135.31441195, 34.74843306], [135.31426278, 34.74841444], [135.31418138, 34.74845194], [135.31415416, 34.74852667], [135.31418584, 34.7486125], [135.314335, 34.74881028], [135.31444672, 34.74892948], [135.31444672, 34.74892948], [135.31447576, 34.74896047], [135.31455222, 34.74904206], [135.31458362, 34.74907556], [135.314665, 34.74928861], [135.314665, 34.74938335], [135.31466499, 34.74948277], [135.31462889, 34.74962472], [135.31436222, 34.74985972], [135.31419499, 34.75002777], [135.31412249, 34.75021833], [135.31401834, 34.7503975], [135.31393695, 34.75071139], [135.31380766, 34.75091765], [135.31380584, 34.75092056], [135.31368008, 34.75104862], [135.31367027, 34.75105861], [135.31357123, 34.75111308], [135.31345306, 34.75117806], [135.31320445, 34.75138], [135.31301334, 34.75143667], [135.31286499, 34.75148083], [135.31241722, 34.75165056], [135.31236484, 34.75167028], [135.31234639, 34.75167722], [135.31225445, 34.75171222], [135.31229972, 34.7518875], [135.312555, 34.75233028], [135.31257806, 34.75237056], [135.31259945, 34.7524075], [135.31261195, 34.75242917], [135.31262695, 34.75244626], [135.31281527, 34.75266083], [135.31314555, 34.75287361], [135.31314249, 34.75290277], [135.31313695, 34.75295306], [135.31313195, 34.75300056], [135.31300834, 34.75324389], [135.31297778, 34.75327083], [135.31282999, 34.75340027], [135.31279221, 34.75343082], [135.31247584, 34.75368667], [135.31244138, 34.75369472], [135.31240204, 34.75370397], [135.31237166, 34.75371111], [135.31230861, 34.75372611], [135.31227334, 34.75373444], [135.31194777, 34.75400277], [135.31187445, 34.75406861], [135.31182888, 34.75410917], [135.31163445, 34.75428306], [135.31163028, 34.75428694], [135.31152138, 34.75438444], [135.31147749, 34.75443167], [135.31144973, 34.75446139], [135.31141305, 34.75450056], [135.31137666, 34.75453944], [135.31095861, 34.75497056], [135.31091862, 34.75501194], [135.31085611, 34.75507639], [135.31076246, 34.75515357], [135.310545, 34.75533278], [135.31053806, 34.75534], [135.31006945, 34.75582139], [135.31004334, 34.75584833], [135.30992584, 34.75596944], [135.3098475, 34.75604972], [135.30982277, 34.75607527], [135.30974999, 34.75615], [135.30911722, 34.75671361], [135.30869056, 34.75709527], [135.30854739, 34.75732198], [135.30842305, 34.75751889], [135.30829389, 34.75763723], [135.30824612, 34.75768083], [135.30796027, 34.7579425], [135.30756612, 34.75829111], [135.30737525, 34.75848801], [135.30716112, 34.75870889], [135.30680666, 34.75912639], [135.30645249, 34.75958556], [135.30627916, 34.75982417], [135.30596723, 34.76037639], [135.30595749, 34.76039361], [135.30580556, 34.76064417], [135.30573334, 34.76085889], [135.30570056, 34.76097611], [135.30568973, 34.76101417], [135.30566806, 34.76130056], [135.3056825, 34.76158667], [135.30568612, 34.76170917], [135.30564999, 34.76184639], [135.30561388, 34.76198361], [135.30556334, 34.76210889], [135.30550555, 34.76217444], [135.305245, 34.76245444], [135.30520239, 34.76250371], [135.30513666, 34.76257972], [135.30501361, 34.76274667], [135.3049125, 34.76289583], [135.30475718, 34.76320206], [135.30471723, 34.76328083], [135.30468834, 34.7633375], [135.30465102, 34.76336682], [135.30459574, 34.76341026], [135.3048176, 34.76359851], [135.30498859, 34.76369011], [135.30540387, 34.76347028], [135.30565426, 34.76332372], [135.30592908, 34.76314663], [135.30603901, 34.76307335], [135.30619169, 34.76300007], [135.3064604, 34.76281077], [135.30675965, 34.76262757], [135.30696729, 34.76254208], [135.30710775, 34.76243216], [135.30731539, 34.76231613], [135.30741921, 34.76218179], [135.30763297, 34.76186008], [135.30767597, 34.76167248], [135.30770611, 34.7616116], [135.30771506, 34.7614927], [135.30772288, 34.76141844], [135.30774291, 34.76134516], [135.30776734, 34.76130241], [135.30778566, 34.76122913], [135.3078101, 34.76109478], [135.30800039, 34.76099634], [135.30812156, 34.76096655], [135.30829255, 34.76089938], [135.30849678, 34.76071495], [135.30853196, 34.7605469], [135.30853196, 34.76041792], [135.30857105, 34.76039838], [135.30874302, 34.76039447], [135.3093151, 34.76068528], [135.30956128, 34.76083223], [135.30989716, 34.7609143], [135.31004406, 34.76050727], [135.31004407, 34.76027779], [135.31004223, 34.76003072], [135.31024834, 34.75996966], [135.31060713, 34.75999257], [135.31088957, 34.76022921], [135.31115674, 34.76048112], [135.31170635, 34.76110709], [135.31192008, 34.7614964], [135.31194297, 34.76175594], [135.31182082, 34.76203074], [135.31226358, 34.76199259], [135.31242389, 34.76197732], [135.31266817, 34.76193916], [135.31287428, 34.76193917], [135.31309565, 34.76211474], [135.31320252, 34.76216818], [135.31335519, 34.76224452], [135.31381621, 34.7625727], [135.31390226, 34.76271613], [135.3138162, 34.7627735], [135.31327119, 34.7629926], [135.31287424, 34.76303076], [135.31257653, 34.76298495], [135.31216431, 34.76295441], [135.31180552, 34.76296203], [135.31162995, 34.76296203], [135.31110536, 34.76300292], [135.31064637, 34.76323239], [135.31013002, 34.76353357], [135.30977143, 34.76369133], [135.30928636, 34.76387036], [135.30902681, 34.76398486], [135.30860696, 34.76405355], [135.30831687, 34.76412225], [135.30798099, 34.76425964], [135.30760693, 34.76435124], [135.30717944, 34.76456496], [135.30766035, 34.76481688], [135.30804966, 34.76498483], [135.30824051, 34.76505353], [135.30854585, 34.76512988], [135.3088741, 34.76523675], [135.3089657, 34.76526729], [135.30901914, 34.76523676], [135.30924069, 34.76532638], [135.30947715, 34.76543524], [135.30969089, 34.76560318], [135.3099428, 34.76580166], [135.31004967, 34.76595433], [135.3101489, 34.7661757], [135.31020996, 34.76633601], [135.31036263, 34.76646578], [135.31053057, 34.76641235], [135.31060691, 34.76635892], [135.31053822, 34.76609175], [135.31035502, 34.7657406], [135.31029396, 34.76559556], [135.31035503, 34.76554976], [135.31124052, 34.76598489], [135.31239325, 34.76500783], [135.31266043, 34.76498493], [135.31276731, 34.76487043], [135.31260701, 34.76460326], [135.31268335, 34.76445822], [135.3130803, 34.76441243], [135.31315664, 34.76448113], [135.31317953, 34.76489334], [135.31327113, 34.76498495], [135.31388183, 34.76483993], [135.31419483, 34.76431322], [135.31503455, 34.76401553], [135.31521776, 34.76388577], [135.31526357, 34.76357279], [135.31718726, 34.76400795], [135.31740864, 34.76385528], [135.31743922, 34.76238965], [135.31741633, 34.76212247], [135.31737817, 34.76182477], [135.31725857, 34.76152576], [135.31714918, 34.76132858], [135.31706521, 34.76126751], [135.31657666, 34.76109193], [135.3160194, 34.76087055], [135.31559192, 34.7606339], [135.31597363, 34.76018353], [135.31633242, 34.75979423], [135.3164851, 34.75960339], [135.31695842, 34.75884005], [135.31711111, 34.75839731], [135.31712639, 34.75801564], [135.31709587, 34.75766449], [135.31704244, 34.75748129], [135.31699664, 34.75725228], [135.31704245, 34.75715305], [135.31721039, 34.75703091], [135.31747388, 34.75693612], [135.31799667, 34.75679429], [135.31814935, 34.75677903], [135.31823332, 34.75674086], [135.3185005, 34.7567485], [135.31887456, 34.75667218], [135.31914174, 34.75663402], [135.31921807, 34.75663402], [135.31936311, 34.75664929], [135.31950816, 34.75664929], [135.31984404, 34.75665693], [135.31992037, 34.75668747], [135.32002725, 34.75674091], [135.32011885, 34.75681724], [135.32019518, 34.75690121], [135.32030205, 34.75710732], [135.32040128, 34.75722183], [135.32050024, 34.75733778], [135.32050024, 34.75748121], [135.32002721, 34.7579012], [135.31999522, 34.75856245], [135.32002718, 34.75873325], [135.32007297, 34.75891646], [135.32019509, 34.75951951], [135.32024566, 34.7597552], [135.3204699, 34.75971035], [135.32056914, 34.75981723], [135.32053859, 34.7600157], [135.32038591, 34.7603134], [135.32023322, 34.76083248], [135.31916447, 34.76154237], [135.31994311, 34.76172559], [135.32086681, 34.76111493], [135.32135537, 34.76089357], [135.32165309, 34.76092411], [135.32210347, 34.76105389], [135.32253859, 34.76119894], [135.32291264, 34.76130581], [135.32308821, 34.76125238], [135.32327906, 34.76126002], [135.32353097, 34.76119133], [135.32384396, 34.76110736], [135.32414931, 34.76105394], [135.32445466, 34.76102341], [135.32472947, 34.76095471], [135.32500384, 34.76082315], [135.32517596, 34.76076578], [135.32539362, 34.76067992], [135.32560736, 34.76055016], [135.32574477, 34.76061886], [135.32594324, 34.76090894], [135.32637836, 34.76096239], [135.32643943, 34.76094712], [135.32650813, 34.76104636], [135.32637834, 34.76127536], [135.32593559, 34.76127535], [135.3258644, 34.76138253], [135.32576, 34.76161122], [135.3255997, 34.76151198], [135.32533252, 34.76158068], [135.32564548, 34.7620616], [135.32595043, 34.76231481], [135.3268134, 34.76314558], [135.32677522, 34.76358833], [135.32663018, 34.76360359], [135.32595842, 34.76343564], [135.32590499, 34.7632677], [135.32593554, 34.76285549], [135.32561492, 34.76271044], [135.32534774, 34.76274097], [135.32523322, 34.76316845], [135.32476756, 34.76324477], [135.32463778, 34.76343561], [135.32461485, 34.76427529], [135.32459958, 34.764573], [135.32434766, 34.764802], [135.32414917, 34.76511497], [135.3237293, 34.76542793], [135.32378273, 34.76569511], [135.32375983, 34.76583251], [135.32368348, 34.76602335], [135.32385141, 34.76656533], [135.32362237, 34.76714547], [135.32362237, 34.76725997], [135.32370633, 34.76761112], [135.32392006, 34.7678783], [135.32456894, 34.76755007], [135.32463765, 34.76748137], [135.32486666, 34.76742794], [135.32504224, 34.76731344], [135.32516438, 34.76729054], [135.32521018, 34.76723711], [135.3253934, 34.76719131], [135.32570638, 34.76713789], [135.32617968, 34.76680966], [135.32623312, 34.76670279], [135.32646978, 34.76640509], [135.32653849, 34.76619898], [135.32661483, 34.76600815], [135.32673697, 34.76593945], [135.32684384, 34.76596998], [135.32704995, 34.76602342], [135.32728661, 34.76567992], [135.32802708, 34.76573337], [135.32834769, 34.76581735], [135.32861487, 34.76582499], [135.32880571, 34.76593949], [135.32886677, 34.7662143], [135.32888202, 34.76667995], [135.32894308, 34.76688605], [135.32908812, 34.76701583], [135.32940873, 34.76717614], [135.32965301, 34.76726775], [135.32979804, 34.76734408], [135.33011101, 34.76787844], [135.33019578, 34.7679946], [135.33099651, 34.76824487], [135.33124079, 34.76820671], [135.33178785, 34.76823846], [135.33224683, 34.76823848], [135.33327899, 34.76816858], [135.33339352, 34.76761134], [135.33342405, 34.76752737], [135.33319506, 34.76712279], [135.33297368, 34.76707698], [135.33286681, 34.76704645], [135.33228665, 34.7669014], [135.3323401, 34.76657316], [135.33260547, 34.76620183], [135.33257677, 34.76589378], [135.3322638, 34.76557317], [135.33159204, 34.76531361], [135.3308363, 34.76530596], [135.33079814, 34.76510749], [135.33087448, 34.76496245], [135.33105769, 34.76492429], [135.33144701, 34.76484033], [135.33159205, 34.76484797], [135.33224092, 34.76482508], [135.33244703, 34.76480218], [135.33252337, 34.76481745], [135.33264551, 34.76471059], [135.33269132, 34.76460372], [135.33273713, 34.76420678], [135.33263792, 34.76353503], [135.33288219, 34.76356557], [135.33339365, 34.76364191], [135.33388221, 34.76366482], [135.3343555, 34.76367247], [135.33444146, 34.76374927], [135.33450816, 34.76408468], [135.33441655, 34.76423735], [135.3343173, 34.76459612], [135.33431729, 34.76474879], [135.33443178, 34.76534421], [135.33474475, 34.76568773], [135.33483635, 34.7657946], [135.33485925, 34.76590147], [135.33495848, 34.76607704], [135.33499663, 34.76674116], [135.33502715, 34.76694726], [135.33495844, 34.7671381], [135.33496607, 34.76745107], [135.33541665, 34.76792301], [135.33556147, 34.7682068], [135.33557672, 34.76871062], [135.3354851, 34.76918389], [135.33637061, 34.76915338], [135.33691261, 34.76908469], [135.3372714, 34.76895493], [135.33759966, 34.76871066], [135.33800425, 34.76861907], [135.33831723, 34.76857328], [135.33998138, 34.76855041], [135.33998139, 34.76846645], [135.33967605, 34.76821453], [135.3394165, 34.76804659], [135.33914169, 34.76794735], [135.33873711, 34.76774887], [135.3383936, 34.76773359], [135.33810352, 34.76771832], [135.33808447, 34.76762187], [135.33805009, 34.76735954], [135.33811317, 34.7670912], [135.33840889, 34.76703131], [135.33900432, 34.76699315], [135.33907303, 34.76687102], [135.33905777, 34.76669545], [135.33882113, 34.76647407], [135.33819517, 34.76629849], [135.33855784, 34.76600116], [135.33887459, 34.76574126], [135.33895093, 34.76565729], [135.33923337, 34.7657489], [135.33939369, 34.76542829], [135.33981354, 34.76561914], [135.34010692, 34.76511196], [135.34016472, 34.76482526], [135.33959983, 34.76453518], [135.33957694, 34.7643367], [135.33957694, 34.764268], [135.33963801, 34.76416877], [135.33972199, 34.76388633], [135.33984414, 34.7637871], [135.33988995, 34.76358099], [135.34002735, 34.7635581], [135.34021055, 34.76388634], [135.34053116, 34.76414589], [135.34065329, 34.76425276], [135.34053114, 34.76461917], [135.34067617, 34.76489398], [135.34081357, 34.76518405], [135.34079067, 34.76526802], [135.34063798, 34.76563443], [135.34078301, 34.76589397], [135.34112524, 34.76621636], [135.34126392, 34.76639779], [135.34138606, 34.76637489], [135.341554, 34.76645887], [135.34181354, 34.76664971], [135.34208071, 34.76699323], [135.34222574, 34.76713063], [135.34250055, 34.76735201], [135.34263795, 34.76748178], [135.34274482, 34.76751995], [135.34281353, 34.76750469], [135.34293566, 34.76761919], [135.34330971, 34.76782531], [135.34349291, 34.76797798], [135.34360741, 34.76819172], [135.34372191, 34.76835966], [135.34406542, 34.76867265], [135.34364953, 34.76882679], [135.34282111, 34.76900849], [135.34256156, 34.76913826], [135.3420959, 34.76925275], [135.34173711, 34.76932907], [135.34139359, 34.76935197], [135.34092794, 34.76913822], [135.3406684, 34.76913058], [135.34050045, 34.76929851], [135.34059205, 34.76941302], [135.34069892, 34.76958096], [135.34071417, 34.7700924], [135.34096607, 34.77027561], [135.34102714, 34.77045118], [135.34075232, 34.77068782], [135.34023322, 34.77084048], [135.33987442, 34.77129848], [135.34063014, 34.77172597], [135.34093549, 34.77185575], [135.34127136, 34.77203896], [135.34149796, 34.77216858], [135.34179916, 34.77226898], [135.34211106, 34.77235959], [135.34279809, 34.77244357], [135.34317215, 34.77241305], [135.34317214, 34.77255045], [135.34333244, 34.77272603], [135.34280571, 34.77301609], [135.3428286, 34.77327563], [135.34254614, 34.77367256], [135.34228659, 34.77375653], [135.34217208, 34.77386339], [135.34216444, 34.77410003], [135.34207283, 34.774184], [135.34204229, 34.77433667], [135.34235527, 34.77456568], [135.34317366, 34.77517342], [135.34317366, 34.77517342], [135.34344052, 34.77511011], [135.34360138, 34.77507194], [135.34421388, 34.77492639], [135.34433666, 34.77489333], [135.34481416, 34.77476527], [135.34511473, 34.77468667], [135.34602166, 34.77444917], [135.34613945, 34.77442111], [135.34621666, 34.77440277], [135.34633999, 34.77437333], [135.34635084, 34.77437056], [135.34639777, 34.77435944], [135.34651742, 34.774356], [135.34660027, 34.77435361], [135.34683166, 34.77439527], [135.34697916, 34.77443889], [135.34698556, 34.77444083], [135.34711362, 34.77447889], [135.3471556, 34.77448955], [135.34739584, 34.77455056], [135.34751862, 34.7745625], [135.34761999, 34.77455056], [135.3477824, 34.77448453], [135.34784749, 34.77445806], [135.34793056, 34.77440722], [135.34801306, 34.77435722], [135.34801362, 34.77435667], [135.34815834, 34.77423722], [135.34827416, 34.77409417], [135.34852973, 34.77397], [135.34880195, 34.77383777], [135.34888255, 34.77378972], [135.34891749, 34.77376889], [135.34896473, 34.77374056], [135.34909112, 34.773665], [135.34921416, 34.77350389], [135.34941166, 34.77344111], [135.34948112, 34.77341917], [135.34954306, 34.77339944], [135.35114834, 34.77338139], [135.35165445, 34.77339944], [135.35188777, 34.77336056], [135.35194166, 34.77335139], [135.35201749, 34.77333889], [135.35226166, 34.77329806], [135.35293806, 34.77326527], [135.35294371, 34.7732634], [135.35301027, 34.77324139], [135.35308973, 34.77316972], [135.35324888, 34.77288944], [135.35346584, 34.77245389], [135.35355138, 34.77227056], [135.35356638, 34.77223833], [135.35359056, 34.77218667], [135.35363999, 34.77208027], [135.35364666, 34.77206639], [135.35390695, 34.77216777], [135.35401195, 34.77222139], [135.35439862, 34.77241806], [135.35491916, 34.77272222], [135.35512831, 34.77285768], [135.35577223, 34.77327472], [135.35619527, 34.77354861], [135.35687499, 34.77397222], [135.35713306, 34.77412194], [135.35726556, 34.77419889], [135.35734834, 34.77423389], [135.35740228, 34.77425663], [135.35757638, 34.77433], [135.35760695, 34.77434333], [135.35769945, 34.77438361], [135.35794666, 34.77445556], [135.35796249, 34.77446], [135.35796695, 34.77446139], [135.35845499, 34.77458694], [135.35863916, 34.77463417], [135.35887749, 34.77468476], [135.35925027, 34.77476389], [135.35972027, 34.77486389], [135.36034945, 34.775025], [135.36053638, 34.77509027], [135.36121112, 34.77532583], [135.3613893, 34.77538804], [135.36200999, 34.77560472], [135.36204112, 34.77561556], [135.36250245, 34.77578954], [135.36264138, 34.77584194], [135.36285056, 34.77593361], [135.36289473, 34.77595306], [135.36327416, 34.77611944], [135.36375862, 34.77625667], [135.36384247, 34.7762671], [135.36385027, 34.77626806], [135.36428612, 34.77632222], [135.36447945, 34.77632722], [135.36496612, 34.77634], [135.36501435, 34.77633948], [135.36550834, 34.77633417], [135.36620973, 34.7762925], [135.36642666, 34.77627444], [135.36683527, 34.77619417], [135.36742834, 34.77603306], [135.36795584, 34.77590777], [135.36821195, 34.7758375], [135.36858499, 34.775735], [135.36875138, 34.77568111], [135.36893699, 34.77561803], [135.36911999, 34.77555583], [135.36942388, 34.7754425], [135.36960806, 34.77534611], [135.36972027, 34.7752875], [135.37019027, 34.77497722], [135.37033027, 34.77485806], [135.37063862, 34.77459556], [135.37075445, 34.77447806], [135.37090249, 34.77432833], [135.37098584, 34.77424389], [135.37104195, 34.77421306], [135.37105084, 34.77420806], [135.37120473, 34.77430861], [135.37143388, 34.77445861], [135.37145556, 34.77452389], [135.37141288, 34.77461317], [135.37138612, 34.77466917], [135.37137584, 34.77469083], [135.37126584, 34.77479361], [135.37119195, 34.77486277], [135.37106584, 34.77498], [135.37099166, 34.77504944], [135.37083695, 34.77519333], [135.37076306, 34.77526222], [135.37060166, 34.77541277], [135.37053584, 34.77547417], [135.37038056, 34.77561889], [135.37037473, 34.77562444], [135.37030056, 34.77567861], [135.37005695, 34.77585639], [135.36997612, 34.77591556], [135.36980973, 34.77603694], [135.36974556, 34.77608389], [135.36972084, 34.77610333], [135.36959362, 34.77620306], [135.36955027, 34.77631056], [135.36955749, 34.77642972], [135.36959151, 34.7765439], [135.36965166, 34.77674583], [135.36964612, 34.77687056], [135.36964056, 34.77699806], [135.36963527, 34.77711806], [135.36962973, 34.77724694], [135.36973473, 34.77747056], [135.36996612, 34.77795972], [135.37000945, 34.77813277], [135.36999499, 34.77832944], [135.3699567, 34.77843377], [135.36970638, 34.77911583], [135.36961527, 34.77936417], [135.36910916, 34.78090944], [135.36911638, 34.78098694], [135.36916508, 34.78105381], [135.36906542, 34.78124562], [135.3704242, 34.78174947], [135.37003935, 34.78259901], [135.36952335, 34.7838563], [135.37072183, 34.78429907], [135.37100337, 34.78336158], [135.37102056, 34.78337527], [135.37115473, 34.7834825], [135.37117751, 34.78350075], [135.37127473, 34.78357861], [135.37158306, 34.78382944], [135.37160916, 34.78385083], [135.37185777, 34.78405333], [135.37201806, 34.78418333], [135.37219973, 34.78433139], [135.37225695, 34.784375], [135.37228791, 34.7843989], [135.37235916, 34.78445389], [135.37235916, 34.78445389], [135.37246916, 34.78426861], [135.37269334, 34.78386306], [135.37274806, 34.78370111], [135.37281612, 34.78349917], [135.37290502, 34.78325907], [135.37293945, 34.78316611], [135.37305473, 34.782855], [135.37316334, 34.78230917], [135.37326445, 34.78207639], [135.37335862, 34.78173667], [135.37338027, 34.78152194], [135.37342312, 34.78134238]]]}}, {"type": "Feature", "id": "did-1980-32", "properties": {"A16_001": "281095", "A16_002": "28109", "A16_003": "北区", "A16_004": "5", "A16_005": "7404", "A16_006": "0.7", "A16_007": "6911", "A16_008": "0.7", "A16_009": "4.5", "A16_010": "0.3", "A16_011": "1980", "year": 1980, "population": 7404.0, "areaKm2": 0.7, "density": 10577.142857142859}, "geometry": {"type": "Polygon", "coordinates": [[[135.19466512, 34.77138723], [135.19468421, 34.77179377], [135.19463528, 34.77207097], [135.19420385, 34.77204807], [135.19410714, 34.77206915], [135.19407159, 34.77204807], [135.19395215, 34.77203815], [135.19375418, 34.77200839], [135.19322515, 34.77199515], [135.19293419, 34.77202159], [135.19293418, 34.77206788], [135.19392113, 34.77265808], [135.19398302, 34.77275579], [135.19417866, 34.77360369], [135.1943254, 34.77415809], [135.19450474, 34.77495708], [135.19461887, 34.77542995], [135.19487974, 34.77601696], [135.19502649, 34.7764246], [135.19525475, 34.77694639], [135.19558086, 34.77746818], [135.19579283, 34.77774539], [135.19633091, 34.77843024], [135.19685268, 34.7791314], [135.1974886, 34.77978364], [135.19796146, 34.78030543], [135.19863, 34.7807457], [135.19936376, 34.78118597], [135.20026058, 34.78162625], [135.20102696, 34.78193608], [135.20171181, 34.7822459], [135.20231513, 34.78247419], [135.20273908, 34.78268618], [135.20337548, 34.78301207], [135.20383838, 34.78292612], [135.20390453, 34.78228469], [135.20408971, 34.78172924], [135.20372602, 34.78123328], [135.20377893, 34.78117376], [135.20386489, 34.78116715], [135.20420215, 34.78114071], [135.20420877, 34.78086959], [135.20412943, 34.7806117], [135.20398395, 34.78028106], [135.20398396, 34.78014219], [135.20375019, 34.77900111], [135.20373272, 34.77879321], [135.20369305, 34.77856837], [135.20354757, 34.77842289], [135.20337517, 34.77836518], [135.20313058, 34.77820211], [135.20290614, 34.77803934], [135.20290614, 34.77790709], [135.20291276, 34.7778079], [135.20294583, 34.77766242], [135.20328971, 34.7773318], [135.20326617, 34.77722229], [135.20321115, 34.7770657], [135.20309794, 34.777021], [135.2031244, 34.77689536], [135.20312441, 34.77674327], [135.20309796, 34.77661101], [135.20308473, 34.77654489], [135.20309135, 34.77642586], [135.20309797, 34.77635312], [135.20309797, 34.7762936], [135.20334265, 34.77609523], [135.20373281, 34.77592992], [135.20371959, 34.77579767], [135.20337573, 34.77563235], [135.20330299, 34.77556622], [135.20323687, 34.77547364], [135.20318397, 34.77542735], [135.20319719, 34.775348], [135.20317075, 34.77516945], [135.20325011, 34.77495124], [135.20330303, 34.77456109], [135.20285997, 34.77435609], [135.20279384, 34.77435609], [135.20273268, 34.77434451], [135.20267414, 34.77428873], [135.20251611, 34.77423044], [135.20237063, 34.77421721], [135.20218712, 34.77416265], [135.20202015, 34.77413124], [135.20149775, 34.77382043], [135.20136549, 34.77380059], [135.20130597, 34.77393946], [135.20116213, 34.77412957], [135.20139854, 34.77432961], [135.20154402, 34.77441557], [135.20148449, 34.77461395], [135.2011274, 34.77462717], [135.20104638, 34.77499748], [135.20106787, 34.77508344], [135.20093892, 34.77517932], [135.20061953, 34.77526703], [135.20034706, 34.77532148], [135.20022142, 34.77537438], [135.20006932, 34.77534131], [135.20002966, 34.77500572], [135.19998833, 34.7748404], [135.19959227, 34.77459847], [135.19931507, 34.77438649], [135.1993188, 34.77433617], [135.19942626, 34.77430311], [135.19963952, 34.77430973], [135.19977343, 34.77429485], [135.1998313, 34.77428659], [135.20007101, 34.77432792], [135.20020163, 34.77378073], [135.20017519, 34.77349638], [135.20000987, 34.77347654], [135.19980033, 34.77342281], [135.19988423, 34.77333767], [135.19987763, 34.77313268], [135.19967924, 34.77307977], [135.19942795, 34.77308638], [135.19918039, 34.7730715], [135.1990564, 34.77296817], [135.19888075, 34.77287518], [135.19900475, 34.77269622], [135.19901508, 34.77256521], [135.19870057, 34.7723722], [135.19835669, 34.77250444], [135.19824015, 34.77244121], [135.19789918, 34.77228621], [135.19770203, 34.77219363], [135.19759954, 34.77217255], [135.19724823, 34.77217254], [135.19711391, 34.77212088], [135.19674194, 34.77204854], [135.19627697, 34.7720692], [135.1960885, 34.77222666], [135.19598931, 34.77222666], [135.19574463, 34.77220681], [135.19554336, 34.77198652], [135.19555371, 34.77162489], [135.19555288, 34.77155877], [135.19546031, 34.77144635], [135.19514041, 34.77139757], [135.19496476, 34.7714079], [135.19466512, 34.77138723]]]}}, {"type": "Feature", "id": "did-1980-33", "properties": {"A16_001": "282021", "A16_002": "28202", "A16_003": "尼崎市", "A16_004": "1", "A16_005": "523650", "A16_006": "49.1", "A16_007": "545046", "A16_008": "48.6", "A16_009": "100.0", "A16_010": "100.0", "A16_011": "1980", "year": 1980, "population": 523650.0, "areaKm2": 49.1, "density": 10664.969450101833}, "geometry": {"type": "Polygon", "coordinates": [[[135.37342312, 34.78134238], [135.37465305, 34.7815239], [135.37477419, 34.78143258], [135.37501535, 34.78102368], [135.37510036, 34.78087349], [135.37539855, 34.78074864], [135.37546668, 34.78074134], [135.37551055, 34.78077472], [135.37569834, 34.78072694], [135.37571182, 34.78071508], [135.37580695, 34.78063139], [135.37584305, 34.78050611], [135.37593722, 34.780375], [135.37603111, 34.780345], [135.37618277, 34.78035972], [135.37618361, 34.78035972], [135.37634195, 34.780375], [135.37637805, 34.77979056], [135.37636, 34.77943472], [135.37635639, 34.77936111], [135.37639278, 34.77917028], [135.37641028, 34.77913194], [135.37641695, 34.77911722], [135.37648809, 34.77896211], [135.37649389, 34.77894944], [135.37649389, 34.77883611], [135.37653722, 34.7787825], [135.37674666, 34.77877056], [135.37714445, 34.77878833], [135.3773325, 34.7787825], [135.37749861, 34.77881833], [135.37774473, 34.77891361], [135.37783861, 34.77891972], [135.37791805, 34.77888389], [135.37796166, 34.77876444], [135.37803389, 34.77861528], [135.37821472, 34.77862722], [135.37832, 34.77865861], [135.37852722, 34.77872056], [135.37852949, 34.77872124], [135.37860416, 34.77874361], [135.37866445, 34.77876167], [135.37877528, 34.77879472], [135.37889445, 34.77883027], [135.37890617, 34.77881945], [135.37898834, 34.77874361], [135.37906389, 34.77857556], [135.37910528, 34.77848389], [135.37917639, 34.77832611], [135.37918885, 34.77829462], [135.37929916, 34.77801583], [135.37943666, 34.77755694], [135.37948, 34.77721694], [135.37950166, 34.77696028], [135.37952528, 34.77677639], [135.37959584, 34.77622944], [135.37963916, 34.77609222], [135.37974027, 34.77591333], [135.37994277, 34.77568667], [135.38003217, 34.77561615], [135.38109421, 34.77526218], [135.38128804, 34.77518764], [135.38210807, 34.77490438], [135.38294302, 34.77472549], [135.38379288, 34.77441241], [135.38416563, 34.77396515], [135.38415073, 34.77363714], [135.38417199, 34.77352906], [135.38416568, 34.77251895], [135.38405834, 34.77224224], [135.38394393, 34.77171982], [135.38394861, 34.7716725], [135.38394361, 34.77163972], [135.38392195, 34.77150111], [135.38391462, 34.7714537], [135.3839125, 34.77144], [135.38391195, 34.77142806], [135.38390527, 34.77130278], [135.38386195, 34.77116583], [135.38348361, 34.77085361], [135.38345695, 34.77083167], [135.38323278, 34.77074806], [135.38297973, 34.77069444], [135.38282055, 34.77067667], [135.38265861, 34.77063056], [135.38261687, 34.77061866], [135.38261084, 34.77061694], [135.38254584, 34.77050361], [135.38253139, 34.7703425], [135.38253861, 34.76990111], [135.38255305, 34.76974611], [135.38260861, 34.76972306], [135.38265416, 34.76970417], [135.38268445, 34.7697], [135.38273611, 34.7696925], [135.38286389, 34.76967444], [135.38290028, 34.76963861], [135.38292195, 34.7694775], [135.38334861, 34.76949111], [135.38339, 34.76949222], [135.38343277, 34.76949361], [135.38386389, 34.76950722], [135.38394861, 34.76951], [135.38395561, 34.76951027], [135.38395584, 34.76951028], [135.38398695, 34.76895222], [135.38399916, 34.76873527], [135.38404111, 34.76873556], [135.38466445, 34.76874111], [135.38491889, 34.76873194], [135.38497354, 34.76872986], [135.38506472, 34.76872639], [135.38513667, 34.76872379], [135.38564778, 34.76870528], [135.38595861, 34.76872333], [135.38618278, 34.76875889], [135.38632028, 34.76879194], [135.38643666, 34.76880306], [135.38650834, 34.76880972], [135.38667445, 34.76883944], [135.38681666, 34.76886222], [135.3868625, 34.76886944], [135.38695389, 34.76888028], [135.38696389, 34.76888139], [135.387, 34.768935], [135.3869725, 34.76897861], [135.38694639, 34.76902028], [135.38687916, 34.76912694], [135.38682861, 34.7692075], [135.38678305, 34.76928], [135.38673807, 34.76935137], [135.38673666, 34.76935361], [135.38666584, 34.76946639], [135.38661084, 34.76955389], [135.386595, 34.76957889], [135.38657278, 34.76966806], [135.38655861, 34.76972583], [135.38653723, 34.76981167], [135.38655166, 34.76993083], [135.38660222, 34.76999056], [135.38672907, 34.77000636], [135.38684084, 34.77002028], [135.38697834, 34.77003833], [135.38720972, 34.77006222], [135.38734695, 34.77009806], [135.38733574, 34.77021832], [135.3873325, 34.77025306], [135.38733528, 34.77032277], [135.38733861, 34.77040028], [135.38733972, 34.7704275], [135.38738334, 34.7706125], [135.38751305, 34.77070194], [135.38755271, 34.77070428], [135.38767334, 34.77071139], [135.38771555, 34.77071389], [135.38781848, 34.77068903], [135.38783861, 34.77068417], [135.38785284, 34.77066163], [135.38792527, 34.77054694], [135.38819278, 34.7704575], [135.38856166, 34.77044556], [135.38892022, 34.77048609], [135.38893028, 34.77048722], [135.38911111, 34.77051111], [135.3892125, 34.77057667], [135.38925584, 34.77068417], [135.38929916, 34.77074972], [135.38933827, 34.77076076], [135.38957389, 34.77082722], [135.38962445, 34.77082417], [135.38965139, 34.77075111], [135.38967528, 34.77068694], [135.38971139, 34.77053778], [135.38975472, 34.77043056], [135.38979805, 34.77009056], [135.38991473, 34.77000944], [135.39002945, 34.76992944], [135.3900875, 34.76968472], [135.39016208, 34.76937706], [135.39017416, 34.76932722], [135.39018861, 34.76920194], [135.39028972, 34.76898111], [135.39036972, 34.76882861], [135.3904125, 34.76874667], [135.39056472, 34.76845639], [135.39065861, 34.76828639], [135.39067, 34.76810028], [135.39067555, 34.76801278], [135.39068028, 34.76793417], [135.39064084, 34.76778861], [135.39061579, 34.76769558], [135.39059567, 34.76762085], [135.39059305, 34.76761111], [135.39057593, 34.76754783], [135.39054834, 34.76744583], [135.39047111, 34.76716028], [135.39041277, 34.76694444], [135.39023916, 34.76661611], [135.39020305, 34.76650889], [135.39018861, 34.76621056], [135.39016136, 34.76590964], [135.39015972, 34.76589139], [135.39008278, 34.76561889], [135.39005084, 34.76550611], [135.39003666, 34.76545583], [135.39007861, 34.76543222], [135.39021334, 34.76535667], [135.39027781, 34.76532048], [135.39028361, 34.76531722], [135.39030305, 34.76530639], [135.39039834, 34.76525306], [135.39069472, 34.76519944], [135.39099861, 34.76515167], [135.39123722, 34.76520556], [135.39149722, 34.76527694], [135.39164294, 34.76529779], [135.39170695, 34.76530694], [135.39185861, 34.765295], [135.39198562, 34.76525995], [135.39203229, 34.76524707], [135.39205389, 34.76524111], [135.39211786, 34.76520153], [135.39225639, 34.76511583], [135.39241555, 34.7650325], [135.39257472, 34.76494306], [135.39263195, 34.76490139], [135.39277438, 34.76479776], [135.39282055, 34.76476417], [135.39300139, 34.76462111], [135.39302305, 34.76446611], [135.39302972, 34.7643475], [135.39303278, 34.76429611], [135.39303695, 34.76422139], [135.39304473, 34.76408417], [135.39322555, 34.76403639], [135.39326445, 34.76403389], [135.39341334, 34.76402444], [135.39361511, 34.76399586], [135.39364472, 34.76399167], [135.39368269, 34.76396822], [135.39382416, 34.76388083], [135.39387242, 34.76385097], [135.39393416, 34.76381278], [135.39402861, 34.76372111], [135.39410889, 34.76364306], [135.39425945, 34.76349667], [135.39433889, 34.76348472], [135.39445472, 34.76350861], [135.39453389, 34.7635025], [135.39461166, 34.76342861], [135.39462805, 34.76341306], [135.3947075, 34.76330583], [135.39474916, 34.76325444], [135.39492166, 34.7630425], [135.39496447, 34.76298985], [135.39509084, 34.76283444], [135.39519195, 34.76278083], [135.39540278, 34.76274056], [135.39559695, 34.76270333], [135.39569834, 34.76266777], [135.39585, 34.76256028], [135.39589639, 34.76246222], [135.39595445, 34.76233972], [135.39597334, 34.76230028], [135.39602111, 34.76219972], [135.39604528, 34.76214861], [135.39619361, 34.76197222], [135.39629111, 34.76185639], [135.3964575, 34.76178472], [135.39650472, 34.76177611], [135.39663834, 34.76175194], [135.39696364, 34.76158033], [135.39700639, 34.76155778], [135.39701584, 34.76155278], [135.39726028, 34.76142389], [135.39749889, 34.76134028], [135.39771555, 34.761215], [135.39786, 34.76113167], [135.39827084, 34.76101111], [135.39851084, 34.76094083], [135.39854703, 34.7609464], [135.39872195, 34.76097333], [135.39876377, 34.76097971], [135.39885139, 34.76099306], [135.39892472, 34.76100444], [135.39905639, 34.76102444], [135.39923389, 34.76105167], [135.399285, 34.76105973], [135.39944361, 34.76108389], [135.39976195, 34.76114361], [135.40026472, 34.76120806], [135.40046305, 34.76123361], [135.40062195, 34.76125389], [135.40067028, 34.76127139], [135.40070528, 34.76128389], [135.40071222, 34.76128639], [135.40085361, 34.7613375], [135.40086805, 34.76150444], [135.40088973, 34.76164167], [135.40088805, 34.76176167], [135.40088666, 34.76186083], [135.40088626, 34.7618911], [135.40088472, 34.76200528], [135.40088416, 34.76204222], [135.40088362, 34.76208468], [135.4008825, 34.7621725], [135.40092584, 34.76222639], [135.40140305, 34.76226194], [135.40163639, 34.76227194], [135.40182972, 34.76228], [135.40200334, 34.76232167], [135.40203945, 34.76232861], [135.40208111, 34.76233639], [135.402285, 34.76237527], [135.40240778, 34.76247083], [135.40241211, 34.7624754], [135.40260166, 34.762675], [135.40267055, 34.7627475], [135.40274778, 34.76282889], [135.40266111, 34.76303167], [135.40258973, 34.76315417], [135.40253834, 34.76324222], [135.4025117, 34.76328784], [135.40239334, 34.76349056], [135.40240055, 34.76358917], [135.40247936, 34.76382639], [135.40251, 34.76391861], [135.40252097, 34.76395167], [135.40256695, 34.76409028], [135.4025525, 34.76426917], [135.40254305, 34.76439639], [135.40254195, 34.76441194], [135.402535, 34.76450667], [135.4025275, 34.76460972], [135.40252111, 34.76469556], [135.40251222, 34.76481417], [135.40250195, 34.76495528], [135.40250805, 34.76506222], [135.40251084, 34.76511194], [135.40252223, 34.76531361], [135.4025225, 34.76531694], [135.40252778, 34.76541139], [135.40253111, 34.76547194], [135.40253555, 34.76554917], [135.40253805, 34.76559333], [135.40250916, 34.76567694], [135.40258139, 34.76576333], [135.40283445, 34.76570972], [135.40298889, 34.76560139], [135.40303115, 34.76557165], [135.40309666, 34.76552556], [135.40319113, 34.76545925], [135.403439, 34.76528526], [135.40351416, 34.7652325], [135.403695, 34.76510722], [135.40380361, 34.765], [135.40398416, 34.76486277], [135.40406389, 34.76471944], [135.40409555, 34.76464083], [135.40413778, 34.76453639], [135.40414334, 34.76452278], [135.4042025, 34.76448083], [135.40423555, 34.76445722], [135.40433334, 34.76438798], [135.40435084, 34.76437556], [135.40448842, 34.76427769], [135.40453945, 34.76424139], [135.40460584, 34.76419444], [135.40468584, 34.76414194], [135.40471218, 34.76412474], [135.40481555, 34.76405722], [135.40495305, 34.7640275], [135.4051529, 34.7639994], [135.40529278, 34.76397972], [135.4054125, 34.76396361], [135.40547666, 34.763955], [135.40556028, 34.76394389], [135.40566889, 34.76390223], [135.40574834, 34.763795], [135.40577722, 34.76344028], [135.40578475, 34.76332382], [135.40579916, 34.76310083], [135.40580222, 34.76305556], [135.40580472, 34.76301639], [135.40582084, 34.76276611], [135.40583018, 34.76270598], [135.40585695, 34.76253361], [135.4060013, 34.76253571], [135.4060301, 34.76253613], [135.40606427, 34.76253663], [135.40606666, 34.76253667], [135.40608389, 34.76253694], [135.40615084, 34.76253806], [135.40624027, 34.76253944], [135.40625861, 34.76250472], [135.40627805, 34.76246833], [135.40630556, 34.7624168], [135.40631972, 34.76239028], [135.4064425, 34.76225917], [135.40667999, 34.76225917], [135.40675361, 34.76225917], [135.40675474, 34.76222387], [135.40676084, 34.7620325], [135.40678361, 34.76195444], [135.40681139, 34.76185944], [135.40681778, 34.76179639], [135.40682584, 34.76171611], [135.40700111, 34.76123417], [135.40702777, 34.76116083], [135.40713695, 34.76086056], [135.40738028, 34.760855], [135.4074083, 34.76085451], [135.40742778, 34.76085417], [135.40747142, 34.76085314], [135.40752612, 34.76085186], [135.4076175, 34.76084972], [135.40788537, 34.76084392], [135.40790926, 34.7608434], [135.40793805, 34.76084278], [135.40820666, 34.76083667], [135.4082948, 34.76079131], [135.40831139, 34.76078278], [135.40836222, 34.76075639], [135.40841195, 34.76073083], [135.40855389, 34.76065778], [135.40895166, 34.76066944], [135.40924838, 34.76071753], [135.40928416, 34.76072333], [135.40940584, 34.76075056], [135.40944605, 34.76075952], [135.40944945, 34.76076028], [135.40949166, 34.76076973], [135.40971084, 34.76081861], [135.41018778, 34.76098583], [135.41028222, 34.76102028], [135.41032055, 34.76103444], [135.41035445, 34.76104667], [135.41044084, 34.76107833], [135.41054945, 34.76092917], [135.41069473, 34.76069528], [135.41071611, 34.76066111], [135.41073666, 34.76062806], [135.41081039, 34.76050934], [135.41083861, 34.76046389], [135.41092305, 34.76035583], [135.41098334, 34.76027889], [135.41105361, 34.76018528], [135.41111334, 34.76010583], [135.41165584, 34.76005223], [135.41165889, 34.76005194], [135.41183315, 34.76004069], [135.4118525, 34.76003944], [135.41203834, 34.7600275], [135.41211861, 34.76002222], [135.41235449, 34.75996059], [135.41240778, 34.75994667], [135.41241472, 34.75994472], [135.41256528, 34.75989083], [135.41258148, 34.75987723], [135.41273334, 34.75974972], [135.41276805, 34.75972083], [135.41278139, 34.75970944], [135.41299916, 34.75952694], [135.41309459, 34.75942766], [135.41313666, 34.75938389], [135.41350938, 34.75936523], [135.4138525, 34.75934806], [135.41399584, 34.75930722], [135.41406, 34.75928917], [135.41408695, 34.75928139], [135.41422861, 34.75924111], [135.41431973, 34.75913083], [135.41433695, 34.75910972], [135.41433972, 34.75897944], [135.41434111, 34.75891889], [135.41434214, 34.75886344], [135.41434223, 34.75885889], [135.41434416, 34.75876972], [135.41436939, 34.75869041], [135.41438834, 34.75863083], [135.41441639, 34.75854306], [135.41449722, 34.75836222], [135.41451778, 34.75831639], [135.4146625, 34.75807167], [135.41493722, 34.75770194], [135.41506, 34.75757667], [135.4151975, 34.75737972], [135.41520889, 34.75729167], [135.41521445, 34.75724806], [135.41522111, 34.75719639], [135.4152625, 34.75687306], [135.41539277, 34.75678361], [135.41544445, 34.75678389], [135.41548916, 34.75678417], [135.41570416, 34.75678556], [135.41575581, 34.75678591], [135.41580417, 34.75678623], [135.41607409, 34.75678806], [135.416155, 34.75678861], [135.41619305, 34.75678889], [135.41629639, 34.75678944], [135.41638305, 34.7568075], [135.41641916, 34.75690278], [135.41644084, 34.75704611], [135.41641916, 34.75751111], [135.41644805, 34.75757667], [135.4164625, 34.75758333], [135.41650139, 34.75760083], [135.41665778, 34.75767222], [135.41678084, 34.75771972], [135.41690139, 34.75783083], [135.41696889, 34.75789278], [135.41694722, 34.75800611], [135.41686166, 34.75811861], [135.41670805, 34.75832111], [135.41657111, 34.75850139], [135.416195, 34.75887111], [135.41579028, 34.75925889], [135.415765, 34.75929513], [135.41567945, 34.75941778], [135.41550805, 34.75966417], [135.41546972, 34.75973472], [135.41544305, 34.75978361], [135.41538166, 34.75983083], [135.41533445, 34.75986694], [135.41549361, 34.75987889], [135.41562389, 34.75993861], [135.41567666, 34.75994917], [135.41577037, 34.75996791], [135.41583361, 34.75998056], [135.41584305, 34.75998861], [135.41585666, 34.76000028], [135.41604334, 34.76015944], [135.41605055, 34.76030861], [135.4160545, 34.760342], [135.41607945, 34.76055306], [135.41614445, 34.76079167], [135.41615195, 34.76085889], [135.41615611, 34.76089444], [135.41615972, 34.76092667], [135.41618778, 34.76117639], [135.41621305, 34.76138444], [135.41621666, 34.761415], [135.41622527, 34.76150667], [135.41622861, 34.76154111], [135.41623361, 34.76159222], [135.41624555, 34.76171306], [135.41622361, 34.76192194], [135.4162, 34.76212056], [135.41619472, 34.76216639], [135.41619472, 34.76216694], [135.41619666, 34.76219389], [135.4161996, 34.76223785], [135.41620916, 34.76238111], [135.41622361, 34.76245889], [135.41629611, 34.76249444], [135.41644778, 34.7625125], [135.41657084, 34.76259], [135.41670834, 34.76260778], [135.41676555, 34.76260806], [135.41681195, 34.76260861], [135.41714139, 34.76261083], [135.41754695, 34.76261389], [135.41759195, 34.7626125], [135.41812555, 34.76259583], [135.41815889, 34.76259333], [135.41845413, 34.76256986], [135.41850139, 34.76256611], [135.41866028, 34.762575], [135.41878889, 34.76257194], [135.41889889, 34.76256917], [135.41891995, 34.76272475], [135.41892834, 34.76278667], [135.41893528, 34.7628375], [135.41894195, 34.76298917], [135.41894723, 34.763105], [135.41895416, 34.76326], [135.41895861, 34.76335667], [135.41896278, 34.76344861], [135.41897166, 34.7636475], [135.41897334, 34.76368778], [135.41897349, 34.76369123], [135.41897861, 34.76380389], [135.41889166, 34.76400083], [135.41878, 34.76413917], [135.41865666, 34.76429167], [135.41854472, 34.76443], [135.41850166, 34.76459694], [135.41848985, 34.76480701], [135.41848722, 34.76485361], [135.41830334, 34.76492944], [135.41818334, 34.76497889], [135.41812777, 34.76501777], [135.41795584, 34.76513806], [135.41785084, 34.76521139], [135.4178, 34.76532472], [135.41779278, 34.76543222], [135.41784361, 34.76556639], [135.41792166, 34.76566583], [135.41795222, 34.76570528], [135.4180025, 34.76576917], [135.41814723, 34.765835], [135.41824416, 34.76584361], [135.41830111, 34.76584861], [135.4184625, 34.76586306], [135.41856416, 34.76587194], [135.41868195, 34.7658825], [135.41887646, 34.76588924], [135.41920278, 34.76590056], [135.41986805, 34.7658825], [135.42022945, 34.76587056], [135.42036305, 34.76598473], [135.42044722, 34.76605667], [135.42050305, 34.76610444], [135.42053571, 34.76613226], [135.4205575, 34.76615083], [135.42066305, 34.76624111], [135.42079852, 34.76635672], [135.42082611, 34.76638028], [135.42092972, 34.76646917], [135.42103222, 34.76655667], [135.42128861, 34.76699444], [135.42133361, 34.76707139], [135.42140555, 34.76719389], [135.42145778, 34.76728333], [135.42150916, 34.76737056], [135.42156445, 34.76746806], [135.42161028, 34.76754861], [135.42166889, 34.76765167], [135.42172611, 34.7677525], [135.42173084, 34.76778556], [135.42173916, 34.76784223], [135.42174778, 34.76790167], [135.42171087, 34.76814562], [135.42170445, 34.76818806], [135.42157416, 34.76893361], [135.42145834, 34.76901444], [135.42131416, 34.76911556], [135.42130972, 34.76943278], [135.42130361, 34.76986083], [135.42130176, 34.76999388], [135.42130148, 34.77001436], [135.42129973, 34.77014139], [135.42129695, 34.7702575], [135.42129611, 34.770305], [135.42128528, 34.77077361], [135.42133916, 34.77078556], [135.42138945, 34.77079667], [135.42150223, 34.77082139], [135.42147334, 34.77129861], [135.42146611, 34.77155806], [135.42153111, 34.77158806], [135.42165722, 34.77157139], [135.42171166, 34.77156417], [135.42182, 34.77151027], [135.42195028, 34.77139111], [135.42208048, 34.77128371], [135.42213111, 34.77124194], [135.422225, 34.77118222], [135.42231916, 34.7711225], [135.42240584, 34.77098556], [135.42244195, 34.77084833], [135.42252528, 34.77084473], [135.42257472, 34.7708425], [135.42261305, 34.77084083], [135.42270945, 34.77083639], [135.42281805, 34.77078861], [135.42287584, 34.77062167], [135.42290289, 34.7703935], [135.42291195, 34.77031722], [135.42293611, 34.77031], [135.42303861, 34.77027972], [135.42319555, 34.77023277], [135.42336916, 34.77018102], [135.42340611, 34.77017], [135.42359, 34.77011528], [135.42370416, 34.77008111], [135.42381834, 34.77004694], [135.42401111, 34.76998944], [135.42405166, 34.76999472], [135.42409142, 34.76999987], [135.4242425, 34.77001944], [135.42442139, 34.77001944], [135.42462584, 34.77001944], [135.42482834, 34.76998944], [135.42503805, 34.76988611], [135.4251113, 34.76984999], [135.42516084, 34.76982556], [135.42563778, 34.7696525], [135.4257516, 34.76964113], [135.4257693, 34.76963937], [135.42581861, 34.76963444], [135.42595367, 34.7696568], [135.42614416, 34.76968833], [135.4263764, 34.76969677], [135.42639071, 34.76969729], [135.42640789, 34.76969792], [135.42651861, 34.76970194], [135.42675084, 34.76971028], [135.42696111, 34.76971806], [135.42715639, 34.76970028], [135.42727945, 34.76967028], [135.4273916, 34.76960549], [135.42743861, 34.76957833], [135.42749639, 34.769545], [135.42763305, 34.76941333], [135.42775666, 34.76929444], [135.42785055, 34.76925861], [135.42790217, 34.76926999], [135.42803445, 34.76929917], [135.42805715, 34.76930417], [135.42816166, 34.76932722], [135.42821195, 34.76934639], [135.4283425, 34.76939667], [135.42851334, 34.76946222], [135.42856389, 34.76948161], [135.42872397, 34.76954305], [135.42878334, 34.76956583], [135.42922445, 34.76976889], [135.42966079, 34.76990883], [135.429745, 34.76993583], [135.42983166, 34.76997861], [135.430125, 34.77012417], [135.43039584, 34.77025806], [135.43076445, 34.77040694], [135.43091639, 34.77049667], [135.43109639, 34.77059778], [135.43128689, 34.77070495], [135.43139361, 34.770765], [135.43164141, 34.77090463], [135.43174805, 34.77096472], [135.4318925, 34.7710125], [135.43204445, 34.77102444], [135.43220361, 34.7710125], [135.43242195, 34.7710225], [135.43258672, 34.77102992], [135.43260111, 34.77103056], [135.43261525, 34.77103008], [135.43266966, 34.77102822], [135.4330475, 34.77101528], [135.43330277, 34.77100667], [135.43340111, 34.77100917], [135.43352695, 34.7710125], [135.43383055, 34.7710125], [135.43406166, 34.7710425], [135.43411889, 34.77106111], [135.43422334, 34.771095], [135.43430028, 34.77112], [135.43434584, 34.77113417], [135.43456805, 34.77120333], [135.43468361, 34.77123917], [135.43471692, 34.77125229], [135.43485289, 34.77130586], [135.43497639, 34.77135451], [135.43516805, 34.77143], [135.43530305, 34.77145278], [135.43545889, 34.77147917], [135.43564528, 34.77151056], [135.43610805, 34.77151667], [135.43623528, 34.77154861], [135.43627461, 34.77155842], [135.43634666, 34.77157639], [135.43635724, 34.77158384], [135.43644805, 34.77164778], [135.43650584, 34.77179694], [135.43652111, 34.77218056], [135.43653472, 34.77251889], [135.43691275, 34.77252345], [135.43752528, 34.77253083], [135.43788695, 34.77253667], [135.43847972, 34.77252472], [135.43848722, 34.77282992], [135.43849416, 34.7731125], [135.43851584, 34.77329722], [135.43852305, 34.77344639], [135.43855048, 34.77353899], [135.43856666, 34.77359361], [135.43858167, 34.77364462], [135.43859528, 34.77369083], [135.43863861, 34.77411417], [135.43867472, 34.77422167], [135.43870463, 34.77432926], [135.43873278, 34.77443056], [135.43880111, 34.77442806], [135.4388725, 34.77442556], [135.43938834, 34.77440639], [135.43970889, 34.77439472], [135.43976666, 34.77438278], [135.43977304, 34.77425631], [135.43978111, 34.77409639], [135.43971611, 34.77372083], [135.43988055, 34.77369889], [135.44000926, 34.77368199], [135.440035, 34.77367861], [135.44009278, 34.77367083], [135.44017055, 34.77366056], [135.44033666, 34.77363833], [135.44042136, 34.77362711], [135.44045195, 34.77362306], [135.4405825, 34.77360583], [135.44070139, 34.77359], [135.44079361, 34.77357778], [135.44111889, 34.77356583], [135.44148055, 34.77353], [135.4415241, 34.77352621], [135.44203, 34.77348222], [135.44217472, 34.77345528], [135.44216028, 34.77274556], [135.44232666, 34.77268583], [135.44256473, 34.77266861], [135.44299166, 34.77263806], [135.44321584, 34.77262028], [135.44325352, 34.77260344], [135.44330972, 34.77257833], [135.4433675, 34.77250694], [135.44336028, 34.77241139], [135.44325916, 34.7722325], [135.44321584, 34.77207167], [135.44325195, 34.77188083], [135.44326639, 34.77175556], [135.44321584, 34.77157056], [135.44320139, 34.77143333], [135.44322305, 34.77123056], [135.44325, 34.77112056], [135.44329528, 34.77093528], [135.44331761, 34.77080622], [135.44332416, 34.77076833], [135.44331695, 34.77066694], [135.4432786, 34.7706431], [135.44320166, 34.77059528], [135.44316972, 34.77058944], [135.44305889, 34.77056944], [135.44300139, 34.77055917], [135.44297028, 34.77055361], [135.44281111, 34.77054167], [135.44277389, 34.77054306], [135.44270861, 34.77054583], [135.44260639, 34.77055], [135.4424825, 34.770555], [135.44246472, 34.77055556], [135.44237778, 34.77055917], [135.44235639, 34.77056], [135.44192889, 34.77057722], [135.44187834, 34.77053556], [135.44184945, 34.77045194], [135.44181305, 34.77023139], [135.44177695, 34.77016583], [135.44170472, 34.77008806], [135.44157445, 34.77005833], [135.44098889, 34.77007028], [135.44093778, 34.77007194], [135.44080805, 34.77007639], [135.44054778, 34.77001056], [135.44038861, 34.76998667], [135.44028597, 34.76995187], [135.44014278, 34.76990333], [135.43994028, 34.76982583], [135.43980305, 34.76984667], [135.43962222, 34.76996], [135.439145, 34.77018667], [135.43868945, 34.77041333], [135.43810389, 34.77058639], [135.4378725, 34.77065777], [135.43774222, 34.77066389], [135.43764111, 34.77065777], [135.43762236, 34.77063831], [135.43756166, 34.77057528], [135.43747472, 34.770485], [135.43747034, 34.77047633], [135.43738084, 34.7703], [135.43735195, 34.77017472], [135.43735695, 34.77016333], [135.4374025, 34.77005527], [135.43762028, 34.76995667], [135.43781834, 34.76986722], [135.43785084, 34.7698525], [135.43787793, 34.76984086], [135.43836416, 34.76963194], [135.43859555, 34.76959611], [135.43892528, 34.76944694], [135.43894662, 34.76943728], [135.43926778, 34.76929194], [135.43934572, 34.76924903], [135.43948472, 34.7691725], [135.43954453, 34.76912844], [135.43968722, 34.76902333], [135.43991861, 34.76888639], [135.43992139, 34.76888528], [135.44030195, 34.76871944], [135.44040361, 34.768675], [135.44053334, 34.76861806], [135.44070416, 34.76856694], [135.44074044, 34.76855604], [135.44127639, 34.768395], [135.44132861, 34.76837944], [135.4414475, 34.76835194], [135.44159028, 34.76831889], [135.44174084, 34.76828389], [135.4418468, 34.76826664], [135.44202416, 34.76823778], [135.44229028, 34.76819444], [135.44229055, 34.76819444], [135.44236166, 34.76819278], [135.44271334, 34.76818389], [135.44276778, 34.7681825], [135.44287334, 34.76818833], [135.44329555, 34.76821222], [135.44346722, 34.76824694], [135.4435775, 34.76826917], [135.44370889, 34.76830472], [135.44407965, 34.76840537], [135.44414889, 34.76842417], [135.44428351, 34.76845806], [135.44446555, 34.76850389], [135.44448111, 34.76850778], [135.44469666, 34.76852917], [135.44469666, 34.76852917], [135.44480805, 34.76852917], [135.44490639, 34.76852917], [135.44521, 34.76857694], [135.44538611, 34.76859778], [135.44551389, 34.76861278], [135.44575573, 34.76861278], [135.44618639, 34.76861278], [135.44641805, 34.76860611], [135.44671416, 34.76859778], [135.44688, 34.76858639], [135.44706111, 34.76857389], [135.44710639, 34.76856806], [135.44737945, 34.76853222], [135.44768305, 34.76846667], [135.44805916, 34.76832361], [135.4485725, 34.76808527], [135.44873889, 34.76796], [135.44899889, 34.76782861], [135.44903889, 34.76780083], [135.44949055, 34.76748861], [135.4496425, 34.76730972], [135.44968362, 34.76725818], [135.44982334, 34.76708306], [135.45004028, 34.76673111], [135.45004222, 34.76672889], [135.45008309, 34.76668469], [135.45030778, 34.76644167], [135.45036541, 34.76637374], [135.45040889, 34.7663225], [135.45046084, 34.76620389], [135.45047416, 34.76617333], [135.45046, 34.76608778], [135.4504525, 34.76604194], [135.45042861, 34.76600611], [135.45027889, 34.76577972], [135.4502778, 34.76577825], [135.45016501, 34.76562578], [135.45010361, 34.76554278], [135.45007223, 34.7655], [135.45001861, 34.76542778], [135.44994611, 34.76524889], [135.44990305, 34.7649625], [135.44995361, 34.76455389], [135.44997528, 34.76432723], [135.45002611, 34.764035], [135.45020098, 34.76357335], [135.45027916, 34.76336694], [135.45035722, 34.76313722], [135.45038027, 34.76306889], [135.45050334, 34.7625975], [135.45049611, 34.76232611], [135.45049822, 34.76229217], [135.45051055, 34.76209361], [135.4504825, 34.76200389], [135.45035663, 34.76160337], [135.45035191, 34.76158836], [135.45030861, 34.76145056], [135.45027445, 34.76134222], [135.4502575, 34.76128806], [135.450245, 34.76123833], [135.45022084, 34.7611425], [135.45020695, 34.76108722], [135.45018445, 34.76099778], [135.45016611, 34.76092389], [135.45014361, 34.76083528], [135.450125, 34.76076083], [135.45010278, 34.7606725], [135.45008695, 34.76060917], [135.45006527, 34.76052306], [135.45004778, 34.76045333], [135.45003334, 34.76027444], [135.45006945, 34.76003278], [135.45014222, 34.75992056], [135.45023584, 34.75977611], [135.4502455, 34.75976628], [135.45064055, 34.75936472], [135.45087361, 34.75907778], [135.45095334, 34.75897973], [135.45105278, 34.7588575], [135.45112361, 34.7588025], [135.45152584, 34.75849028], [135.45161055, 34.75842444], [135.45191778, 34.75818583], [135.45192055, 34.75818361], [135.45199695, 34.758145], [135.45201445, 34.75813611], [135.45215195, 34.75806639], [135.4522775, 34.75800306], [135.45238334, 34.75794944], [135.45256782, 34.75785622], [135.45259278, 34.75784361], [135.45288916, 34.75784361], [135.45306278, 34.75789139], [135.45320084, 34.75809306], [135.45336666, 34.75833583], [135.45367028, 34.75890833], [135.45376, 34.75905639], [135.45389445, 34.75927806], [135.45403195, 34.75945694], [135.45414278, 34.75957083], [135.45445611, 34.75989277], [135.45469611, 34.76003223], [135.45482472, 34.76000639], [135.45490965, 34.7599892], [135.45500722, 34.75996944], [135.45518851, 34.76013104], [135.4552425, 34.76017917], [135.45533952, 34.76026544], [135.45535055, 34.76027528], [135.4554575, 34.76032889], [135.45553055, 34.76036528], [135.45553778, 34.76036806], [135.4556575, 34.76041111], [135.45572028, 34.76043389], [135.45587972, 34.76049139], [135.45598361, 34.760455], [135.45628889, 34.7603475], [135.45640889, 34.76019722], [135.45644722, 34.76014944], [135.45652361, 34.75996473], [135.45658853, 34.75972474], [135.45663805, 34.75954167], [135.45667084, 34.75921556], [135.45668305, 34.7590375], [135.45669278, 34.75889611], [135.45669305, 34.75888861], [135.45669834, 34.75868917], [135.45673639, 34.75845056], [135.45673195, 34.7582625], [135.45673084, 34.75821194], [135.45665805, 34.75803361], [135.45659028, 34.75786778], [135.45657278, 34.757825], [135.45643639, 34.75749639], [135.45641722, 34.75742167], [135.45635445, 34.75717917], [135.45621834, 34.75675583], [135.45618528, 34.7566525], [135.4560875, 34.75644111], [135.45603278, 34.75620278], [135.45599611, 34.7560925], [135.45595639, 34.75597333], [135.45588, 34.75562889], [135.45584195, 34.75547139], [135.45583639, 34.75522833], [135.45582, 34.75507083], [135.45583111, 34.75490444], [135.45585166, 34.75480583], [135.45591834, 34.75448583], [135.45596228, 34.75430482], [135.45598389, 34.75421583], [135.45600555, 34.75405833], [135.45604084, 34.753905], [135.45604389, 34.75389167], [135.45616389, 34.75350944], [135.45621834, 34.75336083], [135.45623166, 34.75324611], [135.45631055, 34.75295472], [135.45639055, 34.75265833], [135.45649166, 34.75237778], [135.45657111, 34.75196611], [135.45661, 34.75184278], [135.456665, 34.75166806], [135.45676639, 34.75142944], [135.45686028, 34.75123861], [135.4569732, 34.75108219], [135.45698861, 34.75106083], [135.45702528, 34.75100973], [135.4570625, 34.75095833], [135.45722861, 34.75116111], [135.45723096, 34.75116283], [135.45730445, 34.75121694], [135.45732881, 34.75123488], [135.45754186, 34.7513918], [135.45756055, 34.75140556], [135.45756084, 34.75140556], [135.45792195, 34.75168583], [135.45798341, 34.75172424], [135.45821805, 34.75187083], [135.45850695, 34.75199611], [135.45880305, 34.75208556], [135.45911389, 34.7520975], [135.45925111, 34.75209139], [135.45935222, 34.75203194], [135.45935778, 34.75202333], [135.45977834, 34.75137], [135.45990555, 34.75107361], [135.45992685, 34.7510241], [135.45993722, 34.751], [135.45993722, 34.75091667], [135.45990815, 34.75090248], [135.45975666, 34.75082861], [135.45924389, 34.75054222], [135.45918611, 34.75047056], [135.45918611, 34.75038722], [135.45924084, 34.75024056], [135.45924389, 34.75023194], [135.45938834, 34.74989944], [135.45981445, 34.74876777], [135.45985, 34.74867917], [135.45991016, 34.74852908], [135.46016834, 34.747885], [135.46018139, 34.74781222], [135.46019722, 34.74772528], [135.45997334, 34.74706306], [135.45983611, 34.74621194], [135.45980722, 34.74593806], [135.45979278, 34.74580028], [135.45979639, 34.74560278], [135.45980722, 34.74503806], [135.459805, 34.74484556], [135.45980361, 34.74470917], [135.45980334, 34.74467027], [135.45980166, 34.74450667], [135.4598, 34.74435973], [135.45970611, 34.74353056], [135.45960108, 34.74281346], [135.45956916, 34.74259556], [135.45946084, 34.74158889], [135.45941268, 34.74099648], [135.45940139, 34.7408575], [135.45939639, 34.74079694], [135.45938861, 34.74070028], [135.45935973, 34.74053473], [135.45929805, 34.73949194], [135.4592875, 34.73931333], [135.459265, 34.73906889], [135.45919195, 34.73827722], [135.45918639, 34.7382175], [135.45913305, 34.73794667], [135.45905611, 34.73755528], [135.45889445, 34.73696417], [135.45889, 34.73694833], [135.45875897, 34.73659183], [135.45872389, 34.73649639], [135.4585775, 34.73624729], [135.45848555, 34.73609083], [135.45862945, 34.73599389], [135.45865478, 34.73597684], [135.45883945, 34.7358525], [135.45886111, 34.73578083], [135.45885389, 34.73559583], [135.45889326, 34.73523417], [135.45889722, 34.73519778], [135.45892713, 34.73518216], [135.45903445, 34.73512611], [135.45907222, 34.73495933], [135.459105, 34.73481458], [135.45911416, 34.73477417], [135.45920805, 34.73458917], [135.45931555, 34.73447694], [135.45931611, 34.73447639], [135.45934528, 34.73444611], [135.45971361, 34.73417778], [135.45973389, 34.73415583], [135.45986166, 34.73401806], [135.45999639, 34.73380722], [135.45999889, 34.73380333], [135.46001361, 34.73377], [135.46029389, 34.73313833], [135.460295, 34.73313556], [135.46025111, 34.73315167], [135.45989166, 34.73328333], [135.45933445, 34.7334875], [135.45893361, 34.73360028], [135.45893055, 34.73360111], [135.45849278, 34.73372417], [135.45820972, 34.73379139], [135.45714813, 34.73404328], [135.457135, 34.73404639], [135.45619584, 34.73420167], [135.45559192, 34.73428165], [135.45544916, 34.73430056], [135.45538666, 34.73430889], [135.45477305, 34.73433278], [135.45370789, 34.73434764], [135.45306084, 34.73435667], [135.45252, 34.73434167], [135.45213847, 34.73433105], [135.45211111, 34.73433029], [135.45189111, 34.73432417], [135.45181778, 34.73432206], [135.451775, 34.73432083], [135.45115589, 34.73427321], [135.45011619, 34.73419323], [135.44979611, 34.73416861], [135.44898695, 34.73409722], [135.4485825, 34.73401361], [135.44811305, 34.73385861], [135.44780741, 34.73367829], [135.44770861, 34.73362], [135.44736916, 34.73335139], [135.44718791, 34.73315585], [135.44708722, 34.73304722], [135.44708139, 34.73303917], [135.44694112, 34.73284259], [135.44684889, 34.73271333], [135.44658166, 34.73229139], [135.44609055, 34.7313325], [135.44590445, 34.73083722], [135.44586338, 34.73072824], [135.44583655, 34.73065704], [135.44580166, 34.73056444], [135.44563555, 34.73003361], [135.44555611, 34.72950417], [135.44555611, 34.72945197], [135.44555611, 34.72934278], [135.44555611, 34.72908194], [135.44555611, 34.72899722], [135.44562111, 34.72841417], [135.44585223, 34.72752694], [135.44602555, 34.7269125], [135.44625695, 34.72621028], [135.44636065, 34.72594939], [135.44641584, 34.72581056], [135.44651195, 34.72563722], [135.44657472, 34.72552444], [135.44670685, 34.72533609], [135.44679861, 34.72520528], [135.44691069, 34.72502593], [135.44722226, 34.72452734], [135.44726834, 34.72445361], [135.44755054, 34.72394397], [135.44757889, 34.72389278], [135.44763389, 34.72374222], [135.44783166, 34.7232025], [135.44799055, 34.72273723], [135.44802555, 34.72252972], [135.44806278, 34.72230777], [135.44810611, 34.72168889], [135.44803389, 34.72128917], [135.44788222, 34.72077639], [135.44760778, 34.72019917], [135.44733334, 34.71967444], [135.44695028, 34.71912694], [135.44651695, 34.71866167], [135.44617027, 34.71833972], [135.44581278, 34.71808639], [135.44541427, 34.71788023], [135.44523611, 34.71778806], [135.44515555, 34.71774639], [135.44444028, 34.71737056], [135.44348695, 34.71702], [135.44282361, 34.71677861], [135.44202778, 34.71648917], [135.4416533, 34.71637676], [135.441405, 34.71630222], [135.44131639, 34.71627556], [135.44072973, 34.71609944], [135.43958278, 34.71575528], [135.439039, 34.71558447], [135.43872361, 34.71548541], [135.43819084, 34.71531806], [135.43816361, 34.71530944], [135.43697889, 34.7149514], [135.43658061, 34.71480487], [135.43590972, 34.71455806], [135.43467111, 34.71405833], [135.43365973, 34.71359917], [135.43271, 34.71315917], [135.43269916, 34.71315361], [135.43249978, 34.71305432], [135.43235778, 34.71298361], [135.43205416, 34.7128325], [135.4318, 34.71270583], [135.4315575, 34.71258194], [135.43109916, 34.71234778], [135.43054666, 34.71201528], [135.43019111, 34.71179361], [135.430135, 34.71175861], [135.42974111, 34.71146722], [135.42957889, 34.71134722], [135.42952491, 34.71129768], [135.42942305, 34.71120417], [135.428795, 34.71062694], [135.42868639, 34.71050389], [135.42853555, 34.71033361], [135.42848521, 34.71027683], [135.42836195, 34.71013778], [135.42808282, 34.70978043], [135.42786334, 34.70949944], [135.42741223, 34.70886417], [135.42709055, 34.70841083], [135.42655611, 34.70767889], [135.42620945, 34.70715389], [135.42587, 34.70678417], [135.42584195, 34.70675917], [135.42557, 34.70651722], [135.42553084, 34.70648667], [135.42519445, 34.70622472], [135.42491278, 34.70605194], [135.42462584, 34.70592361], [135.42456584, 34.70589667], [135.42398111, 34.70571167], [135.42228361, 34.70525556], [135.41979861, 34.70455139], [135.418925, 34.70425472], [135.41777639, 34.70387889], [135.41670222, 34.703525], [135.41635, 34.70340917], [135.41535361, 34.7030325], [135.414645, 34.70276472], [135.41385416, 34.70243223], [135.41367889, 34.702355], [135.41348778, 34.70227083], [135.41286472, 34.70199667], [135.41165139, 34.70126306], [135.410835, 34.70072028], [135.40998611, 34.700085], [135.40956, 34.69975083], [135.40906889, 34.69929167], [135.40857778, 34.69878167], [135.40832977, 34.69845788], [135.40750861, 34.69738583], [135.40719444, 34.69686111], [135.40608333, 34.69741667], [135.40525863, 34.69637815], [135.40481087, 34.69581431], [135.40458744, 34.69553296], [135.40451546, 34.69544231], [135.40097847, 34.69098831], [135.39890522, 34.68837757], [135.39858333, 34.68797222], [135.39469444, 34.68686111], [135.39247222, 34.68797222], [135.39552778, 34.69158333], [135.39525, 34.69158333], [135.39543196, 34.69181728], [135.3963016, 34.6929354], [135.39719444, 34.69408333], [135.39723285, 34.69407053], [135.39802778, 34.69380556], [135.39815125, 34.69392903], [135.39829734, 34.69407512], [135.39830556, 34.69408333], [135.39830426, 34.69408398], [135.39775, 34.69436111], [135.40108333, 34.69908333], [135.39919591, 34.6998383], [135.39830556, 34.70019444], [135.39608333, 34.70019444], [135.39469444, 34.69852778], [135.39302778, 34.701], [135.39239601, 34.701], [135.39219444, 34.701], [135.39219444, 34.70044444], [135.39358333, 34.69825], [135.39333103, 34.6972408], [135.39330556, 34.69713889], [135.39287517, 34.69655479], [135.3917429, 34.69501814], [135.39078639, 34.69537683], [135.38974105, 34.69388722], [135.39054113, 34.69338717], [135.38942428, 34.69187144], [135.38941667, 34.69186111], [135.38886111, 34.69158333], [135.38663889, 34.69213889], [135.38636111, 34.69241667], [135.38495652, 34.69287316], [135.38574531, 34.69414405], [135.38578169, 34.69476284], [135.38749241, 34.69785684], [135.38942153, 34.70073244], [135.3885115, 34.70131481], [135.38814747, 34.70211559], [135.38760146, 34.70207917], [135.3878563, 34.7009872], [135.38315956, 34.69345717], [135.38302778, 34.6935], [135.3816412, 34.69121214], [135.38136111, 34.69075], [135.38101779, 34.69084564], [135.38285433, 34.69346113], [135.382764, 34.69356209], [135.3826046, 34.69359928], [135.38078102, 34.6909116], [135.37838683, 34.69157855], [135.3798484, 34.6954907], [135.37890197, 34.69621866], [135.37821038, 34.69563626], [135.3786472, 34.69512667], [135.37747222, 34.69183333], [135.37581747, 34.68833767], [135.37538288, 34.6874196], [135.37742667, 34.68531259], [135.37726364, 34.6851088], [135.37660471, 34.68575414], [135.37628149, 34.68558996], [135.3758083, 34.68533516], [135.37573549, 34.68548075], [135.37588109, 34.68569915], [135.37580828, 34.68580835], [135.37617217, 34.68603229], [135.37525, 34.68713889], [135.37525392, 34.68714717], [135.37256851, 34.68988501], [135.36871028, 34.68366062], [135.37053036, 34.68162229], [135.36829733, 34.68354468], [135.3691602, 34.68498752], [135.37227223, 34.69007285], [135.37368225, 34.69321195], [135.37825377, 34.70416101], [135.37834111, 34.70477252], [135.38099084, 34.71123712], [135.38036964, 34.7113998], [135.38036964, 34.7113998], [135.38048834, 34.71161389], [135.38085666, 34.71272944], [135.3808872, 34.71282113], [135.3813475, 34.71420306], [135.38154881, 34.71475625], [135.38157144, 34.71481842], [135.38157777, 34.71483583], [135.38188084, 34.71566917], [135.38192556, 34.7157925], [135.38197027, 34.7159025], [135.38200527, 34.71598833], [135.38204416, 34.71608389], [135.38208584, 34.71618639], [135.38211166, 34.71624972], [135.38211249, 34.71625139], [135.38215639, 34.71635917], [135.3821925, 34.71644778], [135.38228416, 34.71667361], [135.38233723, 34.71680361], [135.38266, 34.71753167], [135.38287139, 34.71800936], [135.38298723, 34.71827111], [135.38304962, 34.7184335], [135.38305084, 34.71843667], [135.38327527, 34.71902027], [135.38332666, 34.71915389], [135.38341388, 34.71935611], [135.38401306, 34.72074639], [135.38416817, 34.72113653], [135.38417916, 34.72116417], [135.38424195, 34.72137972], [135.38426584, 34.72146223], [135.38429889, 34.72165278], [135.38430388, 34.72168222], [135.38431166, 34.7217275], [135.38431639, 34.72175472], [135.38431638, 34.72186444], [135.3843163, 34.72198573], [135.38431611, 34.72224389], [135.38429445, 34.72253027], [135.38426555, 34.72265472], [135.38418395, 34.72300648], [135.38417166, 34.72305944], [135.38403445, 34.72347722], [135.38391889, 34.72377361], [135.38371638, 34.72409583], [135.38343356, 34.72454367], [135.38336329, 34.72465494], [135.38326027, 34.72481806], [135.3831025, 34.72506806], [135.38272334, 34.72567972], [135.38271834, 34.72568556], [135.38235473, 34.72610917], [135.3814883, 34.72712586], [135.381445, 34.72717667], [135.38135852, 34.72727318], [135.38075138, 34.72795083], [135.3807228, 34.72798911], [135.38048416, 34.72830861], [135.38028916, 34.72866667], [135.38021602, 34.72881487], [135.37999278, 34.72926722], [135.37997306, 34.72931776], [135.37979777, 34.72976694], [135.37975416, 34.72995056], [135.37971834, 34.73010111], [135.37967353, 34.73036004], [135.37966056, 34.730435], [135.37963306, 34.730715], [135.37961722, 34.730875], [135.37968916, 34.73134027], [135.37971416, 34.73143917], [135.37978489, 34.73171718], [135.37982723, 34.73188361], [135.37983022, 34.73189543], [135.37987611, 34.73207639], [135.37994916, 34.73236472], [135.3801799, 34.73307793], [135.38020195, 34.73314611], [135.38026305, 34.73333528], [135.38044195, 34.73388778], [135.38048056, 34.73400722], [135.38053445, 34.73417361], [135.38055646, 34.73430688], [135.38068611, 34.73509194], [135.38070413, 34.73524736], [135.38073027, 34.73547288], [135.38078, 34.73590194], [135.38078416, 34.73621722], [135.38078695, 34.73645056], [135.38079357, 34.73666877], [135.38079781, 34.73680839], [135.38080139, 34.73692639], [135.38079499, 34.73702027], [135.38075806, 34.73757056], [135.38075445, 34.73761667], [135.38072916, 34.73794028], [135.38066416, 34.73838027], [135.38064945, 34.73842806], [135.38057277, 34.73867333], [135.38057277, 34.73867361], [135.38055358, 34.73873518], [135.38054172, 34.73877322], [135.38047638, 34.73898277], [135.38042945, 34.73906806], [135.38035244, 34.73920843], [135.38027416, 34.73935111], [135.38007166, 34.73981027], [135.38000666, 34.7399175], [135.37985499, 34.74016806], [135.37921223, 34.74109111], [135.37893749, 34.74155639], [135.37874107, 34.74187879], [135.37867027, 34.741995], [135.37825361, 34.74261639], [135.37822249, 34.74266277], [135.37797679, 34.74306352], [135.37765195, 34.74359333], [135.37762916, 34.7436375], [135.37731499, 34.74424194], [135.37722584, 34.74441361], [135.37719745, 34.74448177], [135.37708749, 34.74474583], [135.37700666, 34.74494], [135.37698749, 34.74498611], [135.37688639, 34.74515917], [135.37672749, 34.74547527], [135.37654666, 34.74607194], [135.37640945, 34.74659973], [135.37622888, 34.74722027], [135.37622445, 34.74724139], [135.37619593, 34.74737331], [135.37614945, 34.74758833], [135.37604277, 34.7478675], [135.37604038, 34.74787375], [135.37597612, 34.74804167], [135.37584737, 34.74851166], [135.37582416, 34.74859639], [135.37574584, 34.74884083], [135.37573683, 34.74886895], [135.37569584, 34.74899694], [135.37559306, 34.74931833], [135.37528945, 34.75031111], [135.37506759, 34.75117834], [135.37499334, 34.75146861], [135.37487611, 34.75181389], [135.37471889, 34.75227694], [135.37458888, 34.75258083], [135.37458813, 34.75258206], [135.37452722, 34.7526825], [135.37448778, 34.75274778], [135.37438885, 34.75294775], [135.37424195, 34.75324472], [135.37414723, 34.75347889], [135.37408945, 34.75363389], [135.37396639, 34.75416473], [135.37394806, 34.75425444], [135.37389416, 34.75451667], [135.37380027, 34.75486833], [135.37371916, 34.7553875], [135.37370611, 34.75547083], [135.37370036, 34.75549672], [135.37366055, 34.75567583], [135.37361223, 34.75589444], [135.37351805, 34.75655667], [135.3735057, 34.75660244], [135.37348112, 34.75669333], [135.37340973, 34.75695639], [135.37335195, 34.75729917], [135.37331834, 34.75759027], [135.37329389, 34.7578], [135.37325055, 34.75820583], [135.37324088, 34.75850932], [135.37322889, 34.75888583], [135.37320723, 34.75907083], [135.37322166, 34.75935111], [135.37322166, 34.75970611], [135.37320722, 34.75989083], [135.37323612, 34.76006972], [135.37323343, 34.7601974], [135.37322366, 34.760661], [135.37322166, 34.76075556], [135.37322361, 34.76081194], [135.37322888, 34.76096444], [135.37323695, 34.76105361], [135.37327222, 34.76144778], [135.37333, 34.76175194], [135.37336639, 34.76196972], [135.37340973, 34.76212472], [135.37342416, 34.76230361], [135.37346749, 34.76250028], [135.37348916, 34.7626375], [135.37356889, 34.76300723], [135.37359777, 34.76321027], [135.37368445, 34.76358611], [135.37377834, 34.76403333], [135.37383638, 34.76425111], [135.37383695, 34.76425306], [135.37386862, 34.76437527], [135.37388598, 34.76444221], [135.37389583, 34.7644802], [135.37389916, 34.76449306], [135.37401695, 34.76494889], [135.37411084, 34.76521722], [135.37413416, 34.76536111], [135.37416138, 34.7655275], [135.37415416, 34.76570056], [135.37421521, 34.76600911], [135.37421527, 34.76600944], [135.37426999, 34.766285], [135.37430472, 34.76651167], [135.37431334, 34.76656833], [135.37431334, 34.76711111], [135.37429889, 34.76723639], [135.37430861, 34.76743222], [135.37432055, 34.76767778], [135.37432306, 34.76775472], [135.37434223, 34.76831], [135.37434945, 34.768495], [135.37433223, 34.76861083], [135.37432055, 34.76868889], [135.37433, 34.76901944], [135.374335, 34.76920194], [135.37434222, 34.76935694], [135.3743608, 34.76953085], [135.37436389, 34.76955972], [135.37435666, 34.76973277], [135.37431211, 34.77010504], [135.37429888, 34.77021556], [135.37429542, 34.77026147], [135.37428445, 34.77040667], [135.37423361, 34.77060944], [135.37421916, 34.77081222], [135.37419742, 34.77103346], [135.37418556, 34.77115417], [135.37415416, 34.77147139], [135.37415063, 34.77161461], [135.3741325, 34.77235417], [135.37412527, 34.77253889], [135.37414695, 34.77272389], [135.37414695, 34.77292056], [135.37417584, 34.77320111], [135.37417584, 34.77357389], [135.37413972, 34.77374694], [135.37412962, 34.77396386], [135.37411806, 34.77421222], [135.37414695, 34.774415], [135.37416138, 34.77462972], [135.37415416, 34.77482667], [135.37413249, 34.77507083], [135.37410361, 34.77547667], [135.37410777, 34.77557277], [135.37411084, 34.77564056], [135.37408138, 34.77579639], [135.37407473, 34.77583139], [135.37407334, 34.77586306], [135.37405195, 34.77639111], [135.37405027, 34.77642861], [135.37404084, 34.77666056], [135.37403862, 34.77671444], [135.37403834, 34.7768875], [135.37399472, 34.77710806], [135.37398027, 34.77772833], [135.3739225, 34.77859611], [135.37392749, 34.77872444], [135.37392973, 34.77878111], [135.37395138, 34.77898389], [135.37394695, 34.77901667], [135.37391528, 34.7792525], [135.37385027, 34.77968777], [135.37383112, 34.7797925], [135.37378499, 34.78004556], [135.37368366, 34.78039356], [135.37349584, 34.78103861], [135.37345, 34.78122973], [135.37342312, 34.78134238]]]}}, {"type": "Feature", "id": "did-1980-35", "properties": {"A16_001": "281083", "A16_002": "28108", "A16_003": "垂水区", "A16_004": "3", "A16_005": "9349", "A16_006": "0.9", "A16_007": "0", "A16_008": "0.0", "A16_009": "3.1", "A16_010": "0.5", "A16_011": "1980", "year": 1980, "population": 9349.0, "areaKm2": 0.9, "density": 10387.777777777777}, "geometry": {"type": "Polygon", "coordinates": [[[135.03856223, 34.76474936], [135.03850144, 34.76472087], [135.03865412, 34.76448945], [135.03867996, 34.76424406], [135.03880914, 34.76377911], [135.03888663, 34.76372745], [135.0394291, 34.7635079], [135.03968742, 34.76330126], [135.03981659, 34.76293963], [135.0398166, 34.76268133], [135.03953245, 34.76259091], [135.03928706, 34.76251341], [135.03902875, 34.76228093], [135.03904168, 34.76194513], [135.03919669, 34.76124771], [135.03942919, 34.76067944], [135.03971335, 34.76024032], [135.03990708, 34.76049863], [135.04028161, 34.76118316], [135.04087572, 34.76145439], [135.04115986, 34.76177728], [135.04134068, 34.7617902], [135.04166358, 34.76155773], [135.0422545, 34.76153708], [135.04263143, 34.76151725], [135.04355062, 34.76145776], [135.04419206, 34.76154374], [135.04450503, 34.76162237], [135.04533163, 34.76173863], [135.04578368, 34.76173864], [135.04622282, 34.76154492], [135.046197, 34.76107997], [135.04639415, 34.76093542], [135.04729484, 34.76095084], [135.04732069, 34.76031799], [135.04734645, 34.75933518], [135.04730782, 34.7591556], [135.04685578, 34.75883271], [135.04664913, 34.75860023], [135.04571314, 34.75770182], [135.04546092, 34.75757989], [135.04307152, 34.75757984], [135.04303278, 34.75732153], [135.04261948, 34.75725694], [135.0422348, 34.7572653], [135.04204964, 34.75731159], [135.04198661, 34.75738608], [135.04152163, 34.75779936], [135.04110833, 34.75785101], [135.04103125, 34.75782735], [135.04083947, 34.75791331], [135.04069502, 34.75810931], [135.04068736, 34.75851506], [135.04115025, 34.75868039], [135.04163784, 34.7587551], [135.04174115, 34.75920714], [135.04167656, 34.75967209], [135.04112118, 34.75965916], [135.04094038, 34.75916838], [135.04058153, 34.75924906], [135.04065622, 34.75954291], [135.04037207, 34.7597883], [135.04001043, 34.75983995], [135.03964879, 34.75969788], [135.03902886, 34.75910375], [135.03882222, 34.75876795], [135.03856465, 34.75802567], [135.03783063, 34.75802566], [135.03728528, 34.75786384], [135.03676598, 34.75754291], [135.03643287, 34.75723097], [135.03542357, 34.75767513], [135.03563207, 34.75799296], [135.03541033, 34.75809834], [135.03440507, 34.758135], [135.0336043, 34.75809623], [135.03365593, 34.7592457], [135.03351385, 34.75947817], [135.03316511, 34.75996895], [135.03298428, 34.76027891], [135.0325064, 34.76024016], [135.03223516, 34.76060178], [135.03167978, 34.76060177], [135.03159462, 34.76115992], [135.03141607, 34.76127233], [135.03142143, 34.76159624], [135.03117603, 34.76180288], [135.0309796, 34.76190052], [135.03072397, 34.76193203], [135.03023319, 34.76164788], [135.02934201, 34.76146704], [135.02926689, 34.76145082], [135.02913464, 34.76152356], [135.02883828, 34.76200948], [135.02857995, 34.76252609], [135.02828287, 34.7629652], [135.02808913, 34.7633914], [135.02789537, 34.7638951], [135.02790475, 34.76451576], [135.02790475, 34.76451576], [135.02791595, 34.76451588], [135.02796695, 34.76451639], [135.02810389, 34.76453028], [135.02820916, 34.76454083], [135.02861972, 34.76454917], [135.0287925, 34.76456944], [135.02898555, 34.76461028], [135.02915861, 34.76463472], [135.02978111, 34.76476944], [135.02999361, 34.76487528], [135.03015195, 34.764965], [135.03032666, 34.76506861], [135.030855, 34.76535444], [135.03113028, 34.76547889], [135.03132111, 34.76558139], [135.03147666, 34.76564361], [135.03153778, 34.76566417], [135.03160305, 34.76568639], [135.0317475, 34.76573527], [135.03214722, 34.76571694], [135.03233778, 34.76572806], [135.03252945, 34.76573806], [135.03261211, 34.76574229], [135.03273, 34.76574833], [135.03275945, 34.76575], [135.03281722, 34.76573973], [135.03288389, 34.76572806], [135.03309695, 34.76577917], [135.03336777, 34.76585972], [135.03338765, 34.7658658], [135.0336075, 34.76593306], [135.033795, 34.76597556], [135.03388278, 34.76599528], [135.03394, 34.76598306], [135.03402055, 34.76596611], [135.03414651, 34.76591987], [135.03488021, 34.76565054], [135.03514805, 34.76555222], [135.03537445, 34.76547167], [135.03556084, 34.76539472], [135.03587166, 34.76531417], [135.03664545, 34.76514361], [135.03681945, 34.76510528], [135.037035, 34.76505778], [135.0371525, 34.76502944], [135.03731448, 34.76499061], [135.03739695, 34.76497083], [135.03752334, 34.76494056], [135.03771445, 34.76488917], [135.03779278, 34.76487611], [135.03797783, 34.76484565], [135.03803731, 34.76483586], [135.03835639, 34.76478333], [135.03849889, 34.76475972], [135.03856223, 34.76474936]]]}}, {"type": "Feature", "id": "did-1980-36", "properties": {"A16_001": "281092", "A16_002": "28109", "A16_003": "北区", "A16_004": "2", "A16_005": "18227", "A16_006": "1.2", "A16_007": "18636", "A16_008": "1.5", "A16_009": "11.1", "A16_010": "0.5", "A16_011": "1980", "year": 1980, "population": 18227.0, "areaKm2": 1.2, "density": 15189.166666666668}, "geometry": {"type": "Polygon", "coordinates": [[[135.1488063, 34.73594025], [135.14881059, 34.73619715], [135.14874016, 34.73625435], [135.14850871, 34.736337], [135.1485087, 34.73652712], [135.14846736, 34.73686601], [135.14806232, 34.73688254], [135.14762422, 34.73699825], [135.14758289, 34.73705611], [135.14757462, 34.73711397], [135.14759113, 34.73790749], [135.1475415, 34.73886632], [135.14753322, 34.7390895], [135.14749319, 34.73993195], [135.14750013, 34.74004007], [135.14748359, 34.74023845], [135.14740558, 34.7406936], [135.14728327, 34.74101971], [135.14690493, 34.74144525], [135.1467644, 34.7415775], [135.14659906, 34.74205691], [135.14656598, 34.74261899], [135.1466321, 34.74286696], [135.14684701, 34.74309015], [135.14681439, 34.7434248], [135.14659901, 34.74368528], [135.14648327, 34.74398285], [135.14653285, 34.74437961], [135.14625181, 34.74442093], [135.14600382, 34.74456144], [135.14602761, 34.74516386], [135.14602032, 34.74547895], [135.14602032, 34.74554508], [135.14610091, 34.7459114], [135.14611122, 34.746289], [135.14613865, 34.7466451], [135.1461856, 34.74693374], [135.1466941, 34.74765552], [135.1466898, 34.74777687], [135.14657406, 34.74797524], [135.146541, 34.74804137], [135.14648776, 34.7482533], [135.14646659, 34.74850194], [135.14646658, 34.74867122], [135.14652443, 34.74897541], [135.14664842, 34.74912419], [135.1467972, 34.7493887], [135.14693739, 34.74948062], [135.14700616, 34.74962875], [135.14706996, 34.74991772], [135.14712781, 34.75026489], [135.14723526, 34.75073604], [135.14733444, 34.75098402], [135.14760906, 34.75110889], [135.14781288, 34.75133309], [135.14793516, 34.75159807], [135.14791601, 34.75179243], [135.14794608, 34.75224871], [135.14800394, 34.75254628], [135.14797913, 34.75283558], [135.14799532, 34.75300916], [135.14811855, 34.75328979], [135.14866887, 34.75369744], [135.14884703, 34.75391842], [135.14892638, 34.75397199], [135.14907021, 34.75405895], [135.14935951, 34.75428213], [135.14964881, 34.75451358], [135.14997912, 34.75470205], [135.15025554, 34.7545169], [135.15077136, 34.75402758], [135.15119459, 34.75369034], [135.15141943, 34.75351842], [135.15151202, 34.75338617], [135.15213362, 34.7533994], [135.15208734, 34.75319441], [135.15176332, 34.75287038], [135.15178316, 34.75274474], [135.15208736, 34.75253976], [135.15198157, 34.75224219], [135.15199479, 34.75216945], [135.1519948, 34.75210332], [135.15223286, 34.75200414], [135.15234528, 34.75187188], [135.15228578, 34.75165367], [135.15223951, 34.75101885], [135.15223952, 34.75072789], [135.15179646, 34.75052289], [135.15179647, 34.75034435], [135.15184938, 34.75004017], [135.15151213, 34.74996742], [135.15157166, 34.74958389], [135.15168409, 34.74919374], [135.1526033, 34.74853911], [135.1522925, 34.7483275], [135.15231234, 34.74821508], [135.15245783, 34.74809606], [135.15265622, 34.74795058], [135.15277526, 34.74780511], [135.15292074, 34.7477456], [135.15303978, 34.74758028], [135.15319187, 34.74749432], [135.15342332, 34.74759352], [135.15358202, 34.74771916], [135.15401186, 34.74773901], [135.15404493, 34.74751418], [135.15413751, 34.74744409], [135.15419279, 34.7473791], [135.15426977, 34.74734887], [135.15432267, 34.7473621], [135.15439541, 34.7473621], [135.15450783, 34.74739516], [135.15478226, 34.74747121], [135.15512117, 34.74754561], [135.15454752, 34.74700502], [135.15434915, 34.74669818], [135.1543227, 34.74660164], [135.15424335, 34.74650245], [135.15403704, 34.74602633], [135.1539048, 34.74551319], [135.15377784, 34.74541267], [135.15369319, 34.74549202], [135.15350273, 34.74599987], [135.15303982, 34.74640323], [135.1524182, 34.74676691], [135.15204787, 34.74691899], [135.15152546, 34.74693221], [135.15135354, 34.7466148], [135.15145936, 34.74613207], [135.15153871, 34.74604611], [135.15151227, 34.74596676], [135.15095019, 34.74546418], [135.15091713, 34.74529887], [135.15119091, 34.74515339], [135.1514131, 34.74525259], [135.15167099, 34.74535179], [135.15182311, 34.74473681], [135.15183634, 34.74461382], [135.15174641, 34.74457678], [135.15161812, 34.74461117], [135.14999138, 34.74414163], [135.14956155, 34.74391679], [135.14927721, 34.74362583], [135.1494293, 34.74355309], [135.150408, 34.74359279], [135.15043445, 34.74384407], [135.15171072, 34.74383087], [135.15186944, 34.74345396], [135.15215909, 34.74343942], [135.1522649, 34.74310085], [135.15309227, 34.74318035], [135.15324492, 34.74322254], [135.15354911, 34.74324239], [135.15369459, 34.74322917], [135.15376733, 34.74322785], [135.1538943, 34.74323314], [135.15419717, 34.74320934], [135.1542633, 34.74318289], [135.15440878, 34.74309693], [135.15450136, 34.74307048], [135.15457411, 34.74305726], [135.15476588, 34.74292501], [135.15481482, 34.74289988], [135.1548254, 34.7428655], [135.15507008, 34.74273986], [135.15532269, 34.74259836], [135.1553875, 34.74254149], [135.15575783, 34.74236296], [135.15599589, 34.74225055], [135.15631277, 34.74212056], [135.1567405, 34.74204822], [135.15683573, 34.74202177], [135.15718489, 34.74203765], [135.15739782, 34.74211833], [135.15769274, 34.74232861], [135.15814771, 34.74229688], [135.15816888, 34.74191071], [135.15859475, 34.74182078], [135.15866089, 34.74163563], [135.15872041, 34.74150338], [135.15868734, 34.74141741], [135.15877332, 34.74124549], [135.15897171, 34.74111324], [135.15915291, 34.74088973], [135.15920978, 34.74070326], [135.15922302, 34.74028005], [135.1592958, 34.73929476], [135.15922307, 34.73893768], [135.15906436, 34.73883848], [135.15894533, 34.73881203], [135.15860147, 34.7387988], [135.15861471, 34.73834252], [135.15856577, 34.73832401], [135.1584403, 34.73821977], [135.15823778, 34.73810181], [135.15814257, 34.73777911], [135.15801957, 34.73774076], [135.15796667, 34.73773414], [135.1578807, 34.73776721], [135.15778151, 34.73778704], [135.15759634, 34.73789945], [135.1574707, 34.73799864], [135.1573186, 34.73811105], [135.15728553, 34.73815734], [135.15714872, 34.7383024], [135.15701572, 34.73838745], [135.15695224, 34.73840332], [135.15684643, 34.73850383], [135.15673004, 34.73856731], [135.15667052, 34.73863344], [135.15633988, 34.73874584], [135.15608197, 34.73883842], [135.15578439, 34.73899711], [135.15557815, 34.73906695], [135.15539217, 34.73891197], [135.15531984, 34.73891196], [135.15512311, 34.73882517], [135.15485199, 34.73875771], [135.15439691, 34.73855364], [135.15382621, 34.73824789], [135.15320145, 34.73793241], [135.1527994, 34.73771022], [135.15255076, 34.73772079], [135.15215399, 34.73769963], [135.15152783, 34.73777533], [135.15140277, 34.73762555], [135.15110422, 34.73710372], [135.1508103, 34.73666273], [135.15072566, 34.73650931], [135.15057225, 34.7362448], [135.14986434, 34.73621511], [135.14975755, 34.73624478], [135.14937665, 34.73617997], [135.1491333, 34.73599084], [135.1488063, 34.73594025]]]}}, {"type": "Feature", "id": "did-1980-37", "properties": {"A16_001": "282061", "A16_002": "28206", "A16_003": "芦屋市", "A16_004": "1", "A16_005": "79709", "A16_006": "7.6", "A16_007": "74724", "A16_008": "6.5", "A16_009": "97.5", "A16_010": "44.1", "A16_011": "1980", "year": 1980, "population": 79709.0, "areaKm2": 7.6, "density": 10488.026315789473}, "geometry": {"type": "Polygon", "coordinates": [[[135.32440148, 34.72655412], [135.32409644, 34.72647792], [135.32393245, 34.72600082], [135.32262041, 34.7260157], [135.32248622, 34.72613497], [135.32242656, 34.72653752], [135.32211346, 34.72650769], [135.32219444, 34.72572222], [135.32222347, 34.72570287], [135.32379327, 34.72465634], [135.32386111, 34.72461111], [135.32386111, 34.71794444], [135.31920393, 34.71699845], [135.31698633, 34.716548], [135.31646121, 34.71688555], [135.31644302, 34.71699469], [135.31629748, 34.71735849], [135.31611556, 34.717886], [135.31591544, 34.71846807], [135.31560621, 34.71846806], [135.31580632, 34.71801332], [135.31593367, 34.71734029], [135.31607921, 34.71686735], [135.31579098, 34.7163052], [135.31401825, 34.71594511], [135.30608333, 34.71433333], [135.30580556, 34.71433333], [135.30558944, 34.7175751], [135.30554562, 34.71823242], [135.30552778, 34.7185], [135.30511487, 34.71855899], [135.30504505, 34.71911648], [135.30501931, 34.71935913], [135.3048618, 34.72032563], [135.30477628, 34.72114394], [135.3047213, 34.72152867], [135.304648, 34.72197446], [135.30461746, 34.72220041], [135.30453805, 34.72295766], [135.30415331, 34.72294544], [135.30427341, 34.72188753], [135.30445537, 34.72046871], [135.30456454, 34.71946826], [135.30472992, 34.71861398], [135.30358333, 34.71877778], [135.30358333, 34.71877778], [135.30353361, 34.71892111], [135.30350728, 34.71898075], [135.30346445, 34.71907778], [135.30342584, 34.71916528], [135.30338834, 34.71928694], [135.30339389, 34.71943667], [135.30319695, 34.71997222], [135.30308139, 34.72028694], [135.30296139, 34.72061333], [135.30290723, 34.72078611], [135.30289389, 34.72082944], [135.30271611, 34.7213975], [135.30255341, 34.72194578], [135.30251861, 34.72206306], [135.30247222, 34.72223056], [135.30245945, 34.72227583], [135.30241722, 34.72242861], [135.30222445, 34.72292556], [135.30220166, 34.72298444], [135.30201334, 34.72346861], [135.30197416, 34.72356972], [135.30182472, 34.724015], [135.30167445, 34.72436861], [135.30163084, 34.72447139], [135.30147361, 34.72484139], [135.30146778, 34.72485528], [135.30144737, 34.72490312], [135.30139361, 34.72502917], [135.30113639, 34.72563472], [135.301105, 34.725695], [135.30108445, 34.72573444], [135.30106778, 34.72576583], [135.3007375, 34.72639944], [135.30072055, 34.72643223], [135.30066978, 34.72651325], [135.30064361, 34.726555], [135.30053527, 34.72672778], [135.30040695, 34.7269325], [135.30040555, 34.72693472], [135.30036389, 34.72702833], [135.30032695, 34.72711167], [135.300285, 34.72720611], [135.3001875, 34.72742556], [135.30007472, 34.72767944], [135.29994666, 34.72782472], [135.29988889, 34.72793028], [135.29984528, 34.72801], [135.29971722, 34.72819028], [135.2996287, 34.72837947], [135.29959972, 34.72844139], [135.29930084, 34.72831361], [135.29915054, 34.72823601], [135.29901014, 34.72816353], [135.29900222, 34.72815944], [135.29902658, 34.72809309], [135.29905555, 34.72801417], [135.29905242, 34.72798237], [135.29904472, 34.72790417], [135.29895945, 34.72788639], [135.29879945, 34.72782028], [135.29865, 34.72775861], [135.29854861, 34.72774111], [135.29849528, 34.727785], [135.29839389, 34.72793944], [135.29823361, 34.72787333], [135.29820075, 34.72785807], [135.29780666, 34.727675], [135.29755166, 34.72760583], [135.2974775, 34.72758556], [135.29732361, 34.72754389], [135.29652389, 34.72732639], [135.29645555, 34.72730778], [135.29640864, 34.72729504], [135.29620084, 34.72723861], [135.29610416, 34.72744278], [135.29609138, 34.72746975], [135.29582723, 34.72802722], [135.29595528, 34.72807556], [135.29591166, 34.72817167], [135.29585916, 34.72828723], [135.29598695, 34.72833139], [135.29612611, 34.72837973], [135.29607278, 34.72853389], [135.29595445, 34.72877111], [135.29582633, 34.72902814], [135.29577389, 34.72913333], [135.29572325, 34.72931419], [135.2957175, 34.72933472], [135.29568805, 34.72943944], [135.2956725, 34.72949472], [135.29556028, 34.72967972], [135.29551389, 34.72978139], [135.29538945, 34.73005444], [135.29558445, 34.73008417], [135.29561769, 34.73008922], [135.29602472, 34.73015111], [135.29617416, 34.73023473], [135.2963875, 34.73026111], [135.29653139, 34.73027889], [135.29647084, 34.73043277], [135.29645127, 34.73048259], [135.29614195, 34.73127028], [135.29599639, 34.73123361], [135.29520416, 34.731035], [135.2951425, 34.73101944], [135.29498722, 34.73098056], [135.29468528, 34.73090472], [135.29466278, 34.73097], [135.29465333, 34.73099778], [135.29464861, 34.73101167], [135.29464276, 34.73102867], [135.29460195, 34.73114722], [135.29454139, 34.73132333], [135.29447166, 34.73152611], [135.29440916, 34.73163861], [135.29411916, 34.73216028], [135.29373861, 34.73284444], [135.29372361, 34.73287147], [135.29366584, 34.73297556], [135.29364445, 34.73302167], [135.29347389, 34.73338972], [135.29335089, 34.73335661], [135.29322834, 34.73332361], [135.29298805, 34.73332806], [135.29280555, 34.73335833], [135.29277472, 34.73336333], [135.29276326, 34.73336531], [135.29273611, 34.73337], [135.29265695, 34.73338333], [135.29262027, 34.73338972], [135.29261377, 34.73350509], [135.29260389, 34.73368056], [135.29254528, 34.73387444], [135.29253913, 34.73389448], [135.29246555, 34.73413444], [135.29244195, 34.73431722], [135.29243305, 34.73438583], [135.29245967, 34.73448582], [135.29246567, 34.73450833], [135.29247055, 34.73452667], [135.29258834, 34.73466781], [135.29263584, 34.73472472], [135.29278555, 34.73484833], [135.29289222, 34.73493639], [135.29286528, 34.73497611], [135.29263584, 34.73524889], [135.29259055, 34.73530278], [135.29255416, 34.73534583], [135.29247139, 34.73544417], [135.29243555, 34.73548694], [135.29242619, 34.73549808], [135.29229445, 34.73565473], [135.29213972, 34.73579139], [135.29229445, 34.73595], [135.2925025, 34.73622306], [135.29255055, 34.73639056], [135.29256585, 34.73643341], [135.29267334, 34.73673444], [135.29236084, 34.73683194], [135.29226805, 34.73686111], [135.29210055, 34.73691333], [135.29188361, 34.73698083], [135.29167639, 34.73704389], [135.29162222, 34.73706027], [135.29143028, 34.73737306], [135.29140301, 34.73741897], [135.29140301, 34.73741897], [135.29166405, 34.73769921], [135.29185336, 34.73783967], [135.29190221, 34.73788242], [135.29196328, 34.73787021], [135.29288544, 34.73777252], [135.29318468, 34.73779695], [135.29360605, 34.73828551], [135.29420451, 34.73876796], [135.29416787, 34.73890842], [135.29409458, 34.73893895], [135.29364265, 34.73930535], [135.29383807, 34.73954352], [135.29425945, 34.73942139], [135.29433274, 34.73947635], [135.29435105, 34.7396107], [135.29428998, 34.73972063], [135.29401516, 34.73986718], [135.29401515, 34.74016642], [135.29353269, 34.74057556], [135.29344718, 34.74071602], [135.29315404, 34.74102746], [135.29311128, 34.74116791], [135.29320288, 34.74132669], [135.2934777, 34.74131449], [135.29369145, 34.74113129], [135.29415558, 34.74102748], [135.29428688, 34.74093321], [135.29450369, 34.74060001], [135.29460751, 34.74054505], [135.29474492, 34.74061834], [135.29497392, 34.74081872], [135.29547961, 34.74225002], [135.29568954, 34.74219277], [135.29584223, 34.74167751], [135.29607124, 34.74157256], [135.29627163, 34.74162981], [135.29648152, 34.7426508], [135.29665328, 34.74268897], [135.29691093, 34.74225959], [135.29719721, 34.74179205], [135.29732126, 34.74161075], [135.29778885, 34.74105733], [135.29786996, 34.74099293], [135.29812045, 34.74061126], [135.29831751, 34.74036651], [135.29844251, 34.74025344], [135.29858565, 34.7400149], [135.29880036, 34.73984792], [135.29889006, 34.73961081], [135.29910381, 34.73949631], [135.29955183, 34.73902495], [135.30000536, 34.73855239], [135.30026417, 34.73835894], [135.3004594, 34.73838942], [135.30053898, 34.73848872], [135.30079089, 34.73853453], [135.30112589, 34.73860408], [135.30130235, 34.73861087], [135.30141694, 34.73871323], [135.30170798, 34.73880418], [135.30198938, 34.73880936], [135.30205808, 34.73880173], [135.3020428, 34.7391147], [135.30200462, 34.73938951], [135.30146263, 34.73940476], [135.30144736, 34.73947346], [135.30146263, 34.7395498], [135.30140155, 34.73965667], [135.30127138, 34.7396591], [135.3010504, 34.73959559], [135.30104276, 34.7398017], [135.30107329, 34.74004597], [135.30108855, 34.74029788], [135.30095113, 34.74061848], [135.30094044, 34.74069787], [135.30083662, 34.74088718], [135.30072668, 34.7410887], [135.30086413, 34.74123073], [135.30105798, 34.74135893], [135.30111141, 34.74145512], [135.30106255, 34.74162], [135.3006839, 34.74210243], [135.30048848, 34.74201693], [135.30034803, 34.74182762], [135.30012206, 34.74201692], [135.29996633, 34.74208409], [135.2998961, 34.7420963], [135.29940755, 34.74172988], [135.29912052, 34.7418398], [135.29877852, 34.7422062], [135.2985892, 34.74246268], [135.29854034, 34.74252375], [135.29844873, 34.7425726], [135.29835102, 34.7426581], [135.29829605, 34.74272527], [135.29827162, 34.74279855], [135.29818612, 34.74288404], [135.29813726, 34.74300618], [135.29804565, 34.7431161], [135.29804565, 34.74318938], [135.29804565, 34.74326877], [135.29799679, 34.74333594], [135.29792961, 34.74344587], [135.29793571, 34.74351304], [135.29788074, 34.74376342], [135.29786242, 34.74384281], [135.29772195, 34.74415425], [135.2975143, 34.74452065], [135.29745323, 34.74458172], [135.29738604, 34.74476492], [135.29714786, 34.74503362], [135.29697686, 34.74533896], [135.29653103, 34.74602291], [135.29599359, 34.74659694], [135.29612794, 34.74669465], [135.29621418, 34.74680766], [135.29628694, 34.746935], [135.2964577, 34.74723206], [135.29656762, 34.74729313], [135.29689741, 34.7471771], [135.29720276, 34.74704276], [135.29746932, 34.74693502], [135.29759972, 34.74686567], [135.29770354, 34.7467985], [135.2978379, 34.74664583], [135.29802722, 34.74647485], [135.29816157, 34.7464321], [135.29839975, 34.74638325], [135.29854632, 34.74637104], [135.29877838, 34.74643822], [135.29907761, 34.74660311], [135.29913868, 34.74673136], [135.29908371, 34.74687181], [135.29903485, 34.74698784], [135.2989921, 34.74708555], [135.29889438, 34.74720158], [135.29870506, 34.74736035], [135.29858902, 34.74757409], [135.29867451, 34.74787943], [135.29871115, 34.7479466], [135.29900429, 34.74790997], [135.29937071, 34.74785502], [135.29960277, 34.74782449], [135.29986537, 34.7478306], [135.29999362, 34.7478306], [135.30008522, 34.74780618], [135.30035393, 34.74787336], [135.30054324, 34.7479039], [135.30072034, 34.74800161], [135.30090965, 34.74823368], [135.30113561, 34.74831918], [135.30172187, 34.74847797], [135.30221043, 34.74852683], [135.30268994, 34.74869957], [135.30332188, 34.74886884], [135.30383487, 34.74892992], [135.30423182, 34.74897878], [135.30468373, 34.74914368], [135.30500739, 34.74936964], [135.30529442, 34.74946735], [135.30546541, 34.74964445], [135.30565472, 34.74966889], [135.30585624, 34.74989484], [135.30585013, 34.74997423], [135.30583792, 34.75007194], [135.30577685, 34.75013301], [135.30572769, 34.75033675], [135.3056669, 34.75058491], [135.30564858, 34.75079865], [135.30563025, 34.75087803], [135.30551422, 34.75101849], [135.30533711, 34.75104291], [135.30516612, 34.7510368], [135.30492794, 34.75107344], [135.30481801, 34.75125053], [135.30486687, 34.75131771], [135.30492793, 34.75139099], [135.30499511, 34.75148259], [135.30502564, 34.75162916], [135.30493402, 34.75207495], [135.30503783, 34.75217877], [135.3051905, 34.75234977], [135.3054531, 34.75242305], [135.30574623, 34.75244749], [135.30592334, 34.75234368], [135.30612487, 34.75225208], [135.30634473, 34.75206277], [135.3064058, 34.7519956], [135.30650351, 34.75193453], [135.30652184, 34.75188568], [135.3065768, 34.75183683], [135.30663177, 34.75178797], [135.30669895, 34.75167805], [135.30672338, 34.75164141], [135.30675391, 34.75155592], [135.30680277, 34.75153149], [135.30703484, 34.75143989], [135.30712644, 34.75142157], [135.30737683, 34.75139105], [135.30774325, 34.75133609], [135.30790814, 34.75126282], [135.30804249, 34.75126893], [135.30845166, 34.75117733], [135.30878145, 34.75085368], [135.30889138, 34.75085368], [135.30893413, 34.75082315], [135.3090013, 34.75082315], [135.30907688, 34.75084758], [135.30921047, 34.75085712], [135.3094013, 34.75100026], [135.30966085, 34.75112851], [135.30987459, 34.75106134], [135.30995476, 34.75071401], [135.30981965, 34.75060943], [135.30968529, 34.75054225], [135.30964942, 34.75050408], [135.30977253, 34.75022915], [135.30979256, 34.75005562], [135.30967806, 34.74999836], [135.30942996, 34.75006515], [135.30911126, 34.74980942], [135.3090273, 34.74964912], [135.30912341, 34.74950546], [135.30917998, 34.74932088], [135.3092945, 34.74914531], [135.30944596, 34.74893127], [135.30950062, 34.74882471], [135.30960749, 34.74865677], [135.30975376, 34.74864304], [135.30980339, 34.74864597], [135.30995101, 34.74866441], [135.31014185, 34.74873312], [135.31040139, 34.74890106], [135.31068383, 34.74907664], [135.3108136, 34.74919878], [135.31093574, 34.74929038], [135.31105788, 34.74929039], [135.31118766, 34.74900795], [135.31125637, 34.74884001], [135.31136325, 34.74877132], [135.31145485, 34.74869498], [135.31159073, 34.7487359], [135.31169039, 34.74884143], [135.3118289, 34.7489469], [135.31198921, 34.74887057], [135.31230983, 34.74877897], [135.31251118, 34.74868902], [135.31260498, 34.74866167], [135.31267924, 34.74864213], [135.31286934, 34.74862268], [135.31301213, 34.74883242], [135.31320296, 34.7491225], [135.3134396, 34.74932098], [135.31367624, 34.74941258], [135.31385182, 34.74935915], [135.31404267, 34.74912252], [135.31411901, 34.74896985], [135.31444672, 34.74892948], [135.31444672, 34.74892948], [135.314335, 34.74881028], [135.31418584, 34.7486125], [135.31415416, 34.74852667], [135.31418138, 34.74845194], [135.31426278, 34.74841444], [135.31441195, 34.74843306], [135.31468749, 34.74848556], [135.31487749, 34.74849667], [135.31502223, 34.74844056], [135.31518499, 34.74831361], [135.31527556, 34.74818667], [135.31532527, 34.74808583], [135.31542473, 34.74804833], [135.3156375, 34.7479925], [135.31580027, 34.74787667], [135.31585095, 34.74780616], [135.31588612, 34.74775722], [135.3158825, 34.74771444], [135.31602611, 34.7475925], [135.3160875, 34.74754028], [135.31618167, 34.7474602], [135.31619979, 34.74744479], [135.31632139, 34.74734139], [135.31650223, 34.74713222], [135.31662945, 34.74697333], [135.31667861, 34.74691167], [135.31677543, 34.74672241], [135.31685056, 34.74657556], [135.31693593, 34.74637067], [135.31694084, 34.74635889], [135.31703828, 34.74635995], [135.31709472, 34.74636056], [135.31730722, 34.74636278], [135.3173089, 34.7463565], [135.31731574, 34.74633089], [135.31733889, 34.74624417], [135.31737973, 34.74609], [135.31737973, 34.74571277], [135.31734361, 34.74538806], [135.31733973, 34.74528222], [135.31733889, 34.7452575], [135.31729834, 34.74505194], [135.31722139, 34.74474194], [135.31709612, 34.74474472], [135.31703305, 34.74474611], [135.31692112, 34.74474833], [135.31646612, 34.74475806], [135.31635306, 34.74476056], [135.31643888, 34.74395027], [135.31653834, 34.74347083], [135.31655195, 34.74340472], [135.31661528, 34.74267667], [135.31666612, 34.74228861], [135.31668125, 34.74217316], [135.31672834, 34.74181389], [135.31676445, 34.74157861], [135.31679612, 34.74147417], [135.31693195, 34.74144417], [135.31715362, 34.74144417], [135.31716306, 34.74138777], [135.3171774, 34.74130114], [135.31718528, 34.74125361], [135.31719862, 34.74115472], [135.31721805, 34.74101028], [135.317235, 34.74088389], [135.31705862, 34.74078694], [135.317045, 34.74073306], [135.31706556, 34.74067861], [135.31709027, 34.74061389], [135.31710834, 34.74056139], [135.31736027, 34.74056139], [135.31754695, 34.74056139], [135.31755084, 34.74047972], [135.31756111, 34.74026306], [135.31756271, 34.7402285], [135.31756527, 34.74017306], [135.31757416, 34.73998639], [135.31750638, 34.73993777], [135.31747139, 34.73993306], [135.31732166, 34.73991306], [135.31731195, 34.73991167], [135.31723056, 34.73984806], [135.31732527, 34.7396725], [135.31743862, 34.73948194], [135.31755084, 34.73941194], [135.31760584, 34.7393775], [135.31778223, 34.73933639], [135.31786806, 34.73925806], [135.31789084, 34.73910861], [135.31797666, 34.73899639], [135.31801945, 34.73891472], [135.31809139, 34.73877722], [135.31814861, 34.73866778], [135.31825472, 34.73856972], [135.31830834, 34.73852028], [135.31837916, 34.73845528], [135.31843305, 34.73838417], [135.31844723, 34.73836556], [135.31852473, 34.73834417], [135.31852806, 34.73834333], [135.31855556, 34.73833556], [135.31872306, 34.73835806], [135.31888138, 34.73836556], [135.31896723, 34.73833556], [135.31901862, 34.73827944], [135.31908028, 34.7382125], [135.31912556, 34.73812639], [135.31918889, 34.73813028], [135.31932, 34.73813778], [135.31939695, 34.73807806], [135.31953277, 34.73782777], [135.31956416, 34.73758111], [135.31956695, 34.73752833], [135.31957334, 34.73740944], [135.31951916, 34.73728972], [135.319415, 34.73726], [135.31930638, 34.73725611], [135.31917973, 34.737275], [135.31907584, 34.7372675], [135.31903056, 34.73723], [135.31906666, 34.73716277], [135.31918889, 34.73708056], [135.31935166, 34.73699111], [135.31955612, 34.736895], [135.31965419, 34.73684885], [135.31974084, 34.73680806], [135.31976638, 34.73679944], [135.31999389, 34.73672222], [135.32022028, 34.73669972], [135.32044639, 34.73666611], [135.32054138, 34.7366475], [135.32062277, 34.73659139], [135.3207009, 34.73642901], [135.32073584, 34.73635639], [135.32075695, 34.73630139], [135.32079416, 34.73620333], [135.32075834, 34.73610972], [135.32065445, 34.73596778], [135.32062386, 34.73592435], [135.32057305, 34.73585222], [135.32061805, 34.73569889], [135.32063998, 34.73564563], [135.32070824, 34.73547979], [135.32071638, 34.73546], [135.32077862, 34.73530833], [135.32083695, 34.73516694], [135.32093472, 34.73492889], [135.32093027, 34.73488777], [135.32079, 34.73480556], [135.32083556, 34.73459833], [135.32085612, 34.7345041], [135.32086695, 34.73445444], [135.32084889, 34.73426389], [135.32086223, 34.73416472], [135.3208625, 34.73416306], [135.32102084, 34.73416306], [135.32106056, 34.73417667], [135.32118362, 34.73421917], [135.32138666, 34.73423417], [135.32149527, 34.73422667], [135.32160388, 34.73412972], [135.32168084, 34.73397667], [135.32168112, 34.73397527], [135.3217, 34.73387972], [135.32170028, 34.73387833], [135.32171195, 34.73381972], [135.32171861, 34.73378659], [135.32172027, 34.73377833], [135.32173055, 34.73372639], [135.32175306, 34.73355083], [135.32177584, 34.73338639], [135.32179416, 34.73332333], [135.32181695, 34.73324417], [135.32182112, 34.73322972], [135.32205727, 34.73304843], [135.32208055, 34.73303056], [135.32221999, 34.73292361], [135.32222565, 34.73291927], [135.32232749, 34.73284111], [135.32244527, 34.73271417], [135.32250084, 34.73263583], [135.32253861, 34.7325825], [135.32258084, 34.73252306], [135.32264999, 34.73242556], [135.32265638, 34.73241694], [135.32272861, 34.732315], [135.32275888, 34.73227194], [135.32277166, 34.73225417], [135.32281473, 34.73219361], [135.32282249, 34.73218277], [135.32285467, 34.73213741], [135.32286584, 34.73212167], [135.32285223, 34.73208444], [135.32268028, 34.73204333], [135.32258528, 34.73200972], [135.32255834, 34.7319425], [135.32261249, 34.73179333], [135.32279334, 34.73153556], [135.32284166, 34.73144306], [135.32284394, 34.73143874], [135.32287945, 34.73137139], [135.32288388, 34.73133027], [135.32278889, 34.73128917], [135.32273492, 34.73126943], [135.32259445, 34.73121806], [135.32269862, 34.73099027], [135.32270387, 34.73098366], [135.32276389, 34.73090806], [135.32280249, 34.73085972], [135.32294278, 34.73083361], [135.32318249, 34.73080361], [135.32339499, 34.73079611], [135.32358416, 34.73076694], [135.32364111, 34.73075806], [135.32371612, 34.73074111], [135.32379027, 34.73072444], [135.32386722, 34.73068333], [135.32392139, 34.73059], [135.32391695, 34.73038083], [135.32389889, 34.73012667], [135.32389749, 34.73004194], [135.32389611, 34.72995667], [135.32389445, 34.72986527], [135.32391, 34.72974168], [135.32391971, 34.72966561], [135.32392138, 34.7296525], [135.32393056, 34.72949972], [135.32394028, 34.72941917], [135.32395916, 34.7292625], [135.32397112, 34.72916333], [135.32398472, 34.72911778], [135.32400528, 34.72904824], [135.32401084, 34.72902944], [135.32407084, 34.72882723], [135.32413, 34.72865056], [135.32413627, 34.72863191], [135.32426527, 34.72824833], [135.32434222, 34.72808778], [135.32441889, 34.72796833], [135.32447334, 34.7278225], [135.32449527, 34.72772639], [135.32451844, 34.72762363], [135.32452584, 34.72759083], [135.32454111, 34.72752361], [135.32456473, 34.72738889], [135.32463166, 34.72700472], [135.32466778, 34.72685556], [135.32464527, 34.72678833], [135.32454666, 34.72669889], [135.32440556, 34.72657083], [135.32440148, 34.72655412]]]}}, {"type": "Feature", "id": "did-1980-38", "properties": {"A16_001": "281097", "A16_002": "28109", "A16_003": "北区", "A16_004": "7", "A16_005": "5563", "A16_006": "0.6", "A16_007": "0", "A16_008": "0.0", "A16_009": "3.4", "A16_010": "0.2", "A16_011": "1980", "year": 1980, "population": 5563.0, "areaKm2": 0.6, "density": 9271.666666666668}, "geometry": {"type": "Polygon", "coordinates": [[[135.16625237, 34.74323871], [135.16593495, 34.74333393], [135.16550644, 34.74332863], [135.16490863, 34.74359841], [135.16466527, 34.74362486], [135.16451186, 34.74355608], [135.16438489, 34.74348731], [135.16391935, 34.74346613], [135.16349612, 34.74383114], [135.16346437, 34.74389991], [135.16404627, 34.7447199], [135.16383466, 34.74489447], [135.16378175, 34.74492092], [135.16374472, 34.74494208], [135.16322627, 34.7452436], [135.1625438, 34.74579905], [135.16248032, 34.74580963], [135.16122657, 34.74456113], [135.16090387, 34.74416436], [135.16062351, 34.74366708], [135.15997346, 34.74395009], [135.16022141, 34.74476015], [135.16035365, 34.74522304], [135.16050243, 34.74557847], [135.16074213, 34.74590911], [135.16057053, 34.74600003], [135.16038007, 34.74624866], [135.1600147, 34.74649597], [135.15983284, 34.74663648], [135.15969232, 34.74671087], [135.15944433, 34.74689271], [135.15875823, 34.74745477], [135.15822092, 34.74789285], [135.15791507, 34.74811602], [135.1579812, 34.74819868], [135.15817131, 34.74828134], [135.15817131, 34.74840533], [135.15817957, 34.74851279], [135.1576092, 34.74895086], [135.15735294, 34.74917403], [135.15720581, 34.74928512], [135.1571529, 34.74935389], [135.15703883, 34.74943853], [135.15695616, 34.74952946], [135.15690425, 34.74958665], [135.15681431, 34.74972419], [135.15669263, 34.74994638], [135.15660897, 34.75020725], [135.15655936, 34.75052135], [135.15659242, 34.75068666], [135.15693133, 34.75069494], [135.15721339, 34.75074223], [135.15736942, 34.75081067], [135.15740906, 34.75095421], [135.15741901, 34.75113304], [135.15749959, 34.75131075], [135.15749959, 34.75153806], [135.15763732, 34.75172058], [135.15783021, 34.75197203], [135.15811018, 34.75219346], [135.15855348, 34.75234401], [135.15890479, 34.75234401], [135.15902878, 34.75235435], [135.15930775, 34.75244735], [135.1593491, 34.75193073], [135.15954542, 34.75196173], [135.15987125, 34.75194891], [135.16016476, 34.75196522], [135.16084732, 34.75205475], [135.16122962, 34.75209609], [135.1615396, 34.7521271], [135.1619529, 34.7521581], [135.16203556, 34.75216844], [135.16218021, 34.75217877], [135.16258591, 34.75221069], [135.16324719, 34.75226889], [135.16348526, 34.75196736], [135.16362678, 34.75184817], [135.16400911, 34.75124891], [135.1643191, 34.75084596], [135.16437076, 34.75077363], [135.16472208, 34.75027769], [135.16494942, 34.74983341], [135.16521808, 34.74944079], [135.16533174, 34.74917215], [135.1655803, 34.74917422], [135.1659207, 34.74922382], [135.16623629, 34.74925359], [135.1668093, 34.74899653], [135.16733627, 34.74873824], [135.16801823, 34.74841795], [135.16838418, 34.74826438], [135.1683736, 34.74819032], [135.16798212, 34.74805277], [135.16776522, 34.74795754], [135.16749542, 34.74785702], [135.1679028, 34.74707938], [135.16739494, 34.74680429], [135.16747959, 34.74673552], [135.16794515, 34.74627529], [135.16836839, 34.74578331], [135.16789228, 34.74540241], [135.16786583, 34.74529132], [135.16819912, 34.74501095], [135.16838429, 34.74474116], [135.16828378, 34.74463006], [135.16758548, 34.74409045], [135.16739504, 34.74392646], [135.16688717, 34.74406928], [135.16685014, 34.7440005], [135.1669348, 34.74355085], [135.16664383, 34.74356671], [135.16652216, 34.74354026], [135.16654333, 34.74327046], [135.16625237, 34.74323871]]]}}, {"type": "Feature", "id": "did-1980-39", "properties": {"A16_001": "281084", "A16_002": "28108", "A16_003": "垂水区", "A16_004": "4", "A16_005": "7068", "A16_006": "1.3", "A16_007": "0", "A16_008": "0.0", "A16_009": "2.4", "A16_010": "0.8", "A16_011": "1980", "year": 1980, "population": 7068.0, "areaKm2": 1.3, "density": 5436.923076923077}, "geometry": {"type": "Polygon", "coordinates": [[[135.066131, 34.73972695], [135.06584815, 34.74009607], [135.06553403, 34.74055068], [135.06517858, 34.74093917], [135.06489752, 34.74131112], [135.06453961, 34.74179642], [135.06515374, 34.7421873], [135.06547611, 34.74234436], [135.06609605, 34.74270807], [135.06589514, 34.74305607], [135.06553393, 34.74351811], [135.06536483, 34.74370935], [135.06522093, 34.743849], [135.06498008, 34.74416283], [135.0649289, 34.74423835], [135.0647977, 34.74431452], [135.06479346, 34.74435261], [135.06476807, 34.744378], [135.06462463, 34.74454305], [135.06455023, 34.7447001], [135.06439317, 34.74480755], [135.06303748, 34.74658468], [135.06064037, 34.74539434], [135.06017609, 34.74519893], [135.06160757, 34.74317912], [135.0613348, 34.74300553], [135.06053168, 34.74259619], [135.06034547, 34.74254963], [135.05971468, 34.74222851], [135.05920699, 34.74290087], [135.0591562, 34.74299821], [135.05870004, 34.74348393], [135.05821019, 34.74420401], [135.05762331, 34.74392296], [135.05679672, 34.74354271], [135.05650741, 34.74339392], [135.05604975, 34.74318012], [135.0559778, 34.74314203], [135.05521793, 34.74280701], [135.05471371, 34.74255076], [135.05462353, 34.74256664], [135.05450706, 34.74269954], [135.05439932, 34.74275008], [135.05419548, 34.74297427], [135.05417912, 34.7429727], [135.05400281, 34.74309629], [135.05380244, 34.74325201], [135.0536639, 34.74335252], [135.05339938, 34.74361702], [135.05311832, 34.74384846], [135.0529521, 34.74411565], [135.05273807, 34.74426174], [135.05261407, 34.74443532], [135.05233302, 34.74483208], [135.05201889, 34.74529496], [135.05192795, 34.74555946], [135.05172908, 34.74592963], [135.05167168, 34.74627858], [135.05156422, 34.74656788], [135.05153113, 34.74711343], [135.0515252, 34.74747867], [135.05154557, 34.7477844], [135.05159723, 34.74802267], [135.05180042, 34.74882565], [135.05228713, 34.74865638], [135.05248604, 34.74853788], [135.0527889, 34.74837551], [135.05310991, 34.74827894], [135.05336616, 34.74820456], [135.05362876, 34.74806391], [135.05376728, 34.74792713], [135.0541101, 34.74817151], [135.05420103, 34.74825417], [135.05434981, 34.74840296], [135.054449, 34.74843602], [135.05457299, 34.74856001], [135.05463085, 34.74860961], [135.05447518, 34.74873684], [135.05439053, 34.74883417], [135.05423406, 34.74909729], [135.05412811, 34.74951553], [135.05456468, 34.74981642], [135.05483064, 34.74990914], [135.05503584, 34.74994868], [135.05513365, 34.75040938], [135.05513027, 34.75045678], [135.05564751, 34.75045291], [135.05592029, 34.75042812], [135.05596327, 34.7505207], [135.05604262, 34.75063973], [135.05620794, 34.75077199], [135.05636606, 34.750836], [135.05658613, 34.75106285], [135.05680281, 34.75120505], [135.05691792, 34.75135741], [135.05719322, 34.75153247], [135.05750027, 34.75161812], [135.05752397, 34.75162489], [135.05766273, 34.75162505], [135.05766934, 34.75175731], [135.0577553, 34.75199536], [135.05786275, 34.75216399], [135.05823473, 34.75213507], [135.05851577, 34.75216401], [135.05870729, 34.75176289], [135.0589316, 34.75176289], [135.0590628, 34.75175866], [135.05950771, 34.7517838], [135.05968493, 34.75178407], [135.05974841, 34.75191103], [135.06006152, 34.75229629], [135.06029012, 34.75228347], [135.06039593, 34.75213112], [135.06043402, 34.75205917], [135.06056101, 34.75152593], [135.06067324, 34.75122175], [135.06089115, 34.75072607], [135.06098737, 34.75064315], [135.06139242, 34.75027946], [135.06192972, 34.75006456], [135.06201238, 34.7500563], [135.0621281, 34.74997364], [135.0621445, 34.749884], [135.0620889, 34.74969346], [135.06202965, 34.74949455], [135.06194627, 34.74927931], [135.06188015, 34.74905613], [135.06185918, 34.74878336], [135.06193803, 34.74846926], [135.0620207, 34.74842793], [135.06219428, 34.7484362], [135.06230054, 34.74872855], [135.06245051, 34.74906441], [135.06250837, 34.74908094], [135.06271502, 34.74910575], [135.06291907, 34.74892606], [135.06302088, 34.74880818], [135.0631862, 34.74879165], [135.06346725, 34.74863461], [135.06386224, 34.74845773], [135.06386404, 34.74798162], [135.06389612, 34.74760285], [135.06439976, 34.74757323], [135.06457011, 34.74772355], [135.06478064, 34.74799645], [135.06495515, 34.74813869], [135.06510228, 34.74832656], [135.06536017, 34.74856026], [135.06552549, 34.74865119], [135.06565774, 34.74875038], [135.06579, 34.74875038], [135.06612891, 34.74877519], [135.06626116, 34.74878346], [135.06639732, 34.74880482], [135.06655814, 34.74886407], [135.06658353, 34.74896531], [135.06675705, 34.74899104], [135.06689764, 34.74907278], [135.06710429, 34.74913064], [135.06719522, 34.74910585], [135.06762505, 34.74913892], [135.06789783, 34.7490728], [135.06811559, 34.74906725], [135.06823674, 34.74902321], [135.06832767, 34.74899015], [135.06851342, 34.74895299], [135.06911295, 34.74883312], [135.06942336, 34.7487541], [135.06955879, 34.74868639], [135.06984235, 34.74860176], [135.07006243, 34.7483563], [135.07008011, 34.74778338], [135.07003268, 34.74733642], [135.07008363, 34.74722633], [135.07018759, 34.74712212], [135.07029948, 34.74702319], [135.07035292, 34.7470064], [135.07046031, 34.74689624], [135.07079102, 34.7467419], [135.071163, 34.74656833], [135.07116301, 34.74624596], [135.07117955, 34.74613851], [135.07123531, 34.7457874], [135.07128703, 34.74551031], [135.07136183, 34.74533461], [135.07143801, 34.74520342], [135.07153536, 34.74501721], [135.07151023, 34.74493997], [135.07162424, 34.74483523], [135.07181893, 34.74453898], [135.07201448, 34.74419606], [135.07208062, 34.74398941], [135.07222942, 34.74367531], [135.07227076, 34.74331162], [135.07230383, 34.74315457], [135.07229558, 34.74282394], [135.07231211, 34.74268342], [135.07229558, 34.74255943], [135.07232038, 34.7424933], [135.07265698, 34.74230869], [135.07258491, 34.74198909], [135.07217161, 34.74204695], [135.07203936, 34.74195602], [135.07194843, 34.74185683], [135.0720311, 34.74173284], [135.07208896, 34.74161712], [135.07204764, 34.74151793], [135.07192365, 34.74137741], [135.07165914, 34.74123688], [135.07133677, 34.7410137], [135.07109706, 34.7409145], [135.07070856, 34.7408401], [135.07074406, 34.74109403], [135.07068904, 34.7411829], [135.07059593, 34.74124638], [135.07045627, 34.74121252], [135.07028275, 34.74112787], [135.07016299, 34.74112939], [135.06994841, 34.74104746], [135.06964224, 34.74104672], [135.0694418, 34.74107908], [135.06929506, 34.74098885], [135.06903055, 34.74096405], [135.0688735, 34.74084006], [135.06878258, 34.74077393], [135.06856766, 34.74078219], [135.06841212, 34.7407935], [135.06823702, 34.74078218], [135.06806343, 34.74079045], [135.06787331, 34.74083177], [135.06751787, 34.74085656], [135.06725336, 34.74081523], [135.06691446, 34.7406251], [135.06671608, 34.74032753], [135.06666001, 34.74020943], [135.0663553, 34.73988778], [135.06630875, 34.73977774], [135.066131, 34.73972695]]]}}, {"type": "Feature", "id": "did-1980-40", "properties": {"A16_001": "281091", "A16_002": "28109", "A16_003": "北区", "A16_004": "1", "A16_005": "56672", "A16_006": "4.5", "A16_007": "49964", "A16_008": "3.9", "A16_009": "34.4", "A16_010": "1.9", "A16_011": "1980", "year": 1980, "population": 56672.0, "areaKm2": 4.5, "density": 12593.777777777777}, "geometry": {"type": "Polygon", "coordinates": [[[135.13824305, 34.71344043], [135.13725112, 34.71353133], [135.1369294, 34.71381434], [135.13678126, 34.71402066], [135.13663114, 34.71445709], [135.13657492, 34.71479301], [135.13655376, 34.71484591], [135.1365154, 34.7150109], [135.13586237, 34.71527539], [135.13538293, 34.71544896], [135.13502904, 34.71554174], [135.13461418, 34.71570518], [135.13453978, 34.71593662], [135.13439924, 34.71649043], [135.13406031, 34.71714342], [135.13377925, 34.71743272], [135.1335478, 34.7175567], [135.13329979, 34.71833368], [135.13314274, 34.71829235], [135.13306712, 34.71811495], [135.13287824, 34.71796171], [135.13281209, 34.71855685], [135.13262197, 34.71853205], [135.13255584, 34.71853205], [135.13240705, 34.71853204], [135.13224206, 34.71852245], [135.13205161, 34.71853204], [135.13142735, 34.71895093], [135.13145908, 34.71911493], [135.13162176, 34.71921809], [135.1314399, 34.71944126], [135.13126629, 34.72006946], [135.13177878, 34.72011907], [135.13175397, 34.72054063], [135.1314729, 34.72112749], [135.13130758, 34.72125148], [135.13073722, 34.72135065], [135.13075375, 34.72148291], [135.12993011, 34.72170706], [135.12985671, 34.72208939], [135.12991951, 34.72238419], [135.13015856, 34.72241693], [135.13065452, 34.7224748], [135.13063798, 34.72268145], [135.13049365, 34.72272635], [135.13000955, 34.72308302], [135.12955511, 34.7232931], [135.12919966, 34.72354106], [135.12922445, 34.72392956], [135.12941455, 34.72427673], [135.12958813, 34.72446684], [135.12973691, 34.72473135], [135.12996836, 34.72482228], [135.13013688, 34.72489194], [135.13082183, 34.72493182], [135.1311504, 34.72497109], [135.13125786, 34.72502929], [135.1315389, 34.72511989], [135.13196145, 34.72537316], [135.13194028, 34.72553716], [135.13173924, 34.72581753], [135.13175172, 34.72601674], [135.13198419, 34.72646878], [135.13282369, 34.72760562], [135.1327602, 34.72770084], [135.13235285, 34.72788069], [135.13210037, 34.72812195], [135.130365, 34.72863284], [135.13032367, 34.72870723], [135.1314974, 34.73001326], [135.13197683, 34.73008766], [135.13208429, 34.73017032], [135.13260505, 34.73024473], [135.13273316, 34.73039506], [135.13334894, 34.73170779], [135.1331335, 34.73194491], [135.13297851, 34.73211281], [135.13298521, 34.73235252], [135.13288601, 34.7328154], [135.13275374, 34.73293112], [135.13212551, 34.73330307], [135.13169665, 34.73378975], [135.13158555, 34.73401723], [135.13162952, 34.73422057], [135.13198494, 34.73490664], [135.13200972, 34.7352786], [135.13163774, 34.73566709], [135.13106737, 34.73598944], [135.13080283, 34.73675816], [135.13026552, 34.73727889], [135.13003406, 34.73770044], [135.13027373, 34.73899818], [135.13083416, 34.73906399], [135.1315748, 34.73909575], [135.13175466, 34.73926504], [135.132162, 34.73954542], [135.13289027, 34.73956577], [135.13291883, 34.73995708], [135.13365309, 34.73996536], [135.13394368, 34.74012681], [135.13429886, 34.74028826], [135.13504152, 34.73998154], [135.135429, 34.73977167], [135.13555815, 34.73998155], [135.13563968, 34.74038251], [135.13588102, 34.74061118], [135.13634921, 34.74075649], [135.13682797, 34.74097915], [135.13720681, 34.74096767], [135.13759507, 34.74070409], [135.1375891, 34.741133], [135.13772201, 34.74152935], [135.13806438, 34.74171162], [135.13840445, 34.74178329], [135.13890132, 34.7417943], [135.1391493, 34.74186663], [135.13930428, 34.74190796], [135.13943591, 34.74196221], [135.13958877, 34.74203865], [135.1398829, 34.74217661], [135.13996556, 34.74218695], [135.14008674, 34.74212719], [135.14017139, 34.74200023], [135.14037861, 34.74180936], [135.14056486, 34.74184599], [135.14079217, 34.74190799], [135.14100915, 34.74189767], [135.14115381, 34.74198033], [135.14152577, 34.74217665], [135.14216637, 34.74269328], [135.14256935, 34.74245565], [135.14288966, 34.74235233], [135.14313765, 34.74226968], [135.14328206, 34.74222248], [135.14339844, 34.7422119], [135.14348896, 34.74219736], [135.1437576, 34.7422077], [135.14375289, 34.74221191], [135.14382166, 34.74226482], [135.14385869, 34.74229656], [135.14400152, 34.74252404], [135.1441239, 34.74270117], [135.14432586, 34.74309629], [135.14463634, 34.74310597], [135.14484266, 34.74309539], [135.14494582, 34.74307564], [135.14514215, 34.74281733], [135.14525581, 34.74260036], [135.1455348, 34.74240405], [135.14584477, 34.7423524], [135.14594306, 34.74231777], [135.14606177, 34.74199077], [135.14605144, 34.74181512], [135.14611345, 34.74156715], [135.14639244, 34.74108154], [135.14656811, 34.74057526], [135.14669211, 34.74038928], [135.14676444, 34.74019297], [135.14659539, 34.74015346], [135.14608583, 34.7397458], [135.1455508, 34.73944006], [135.14502266, 34.73910135], [135.14461003, 34.73880509], [135.14448073, 34.73875214], [135.1443561, 34.73861464], [135.14411937, 34.73847775], [135.14359242, 34.73810578], [135.14312747, 34.73780613], [135.14290111, 34.7376056], [135.1426421, 34.73738729], [135.14238818, 34.73700639], [135.1422699, 34.73684521], [135.14207357, 34.73701052], [135.14173218, 34.73727089], [135.14149494, 34.73732048], [135.14113966, 34.73731319], [135.14098865, 34.73725847], [135.14070587, 34.73720738], [135.14060535, 34.73718622], [135.14022445, 34.73711215], [135.13976941, 34.7370518], [135.13962136, 34.73719149], [135.13952084, 34.73730787], [135.13939388, 34.73731844], [135.13924046, 34.73711742], [135.13912408, 34.73705393], [135.13896008, 34.73710683], [135.13876715, 34.73728942], [135.13860563, 34.73728669], [135.13805419, 34.73749605], [135.13787854, 34.73743405], [135.13780545, 34.73712141], [135.13751691, 34.73714474], [135.13715527, 34.7371344], [135.13657946, 34.73712794], [135.13648953, 34.73697981], [135.13507174, 34.73701152], [135.13454114, 34.73703101], [135.13459279, 34.73732032], [135.13287097, 34.73737649], [135.13281807, 34.73738178], [135.13276394, 34.73702064], [135.1323737, 34.7370432], [135.13255731, 34.7364317], [135.13290863, 34.73599775], [135.13393156, 34.7357188], [135.13479669, 34.73553557], [135.13471206, 34.73532396], [135.13475438, 34.735197], [135.13509917, 34.73498523], [135.13541948, 34.73490258], [135.1356468, 34.73486126], [135.13603943, 34.73502658], [135.13643206, 34.73516091], [135.13664905, 34.73508859], [135.13680404, 34.73498527], [135.13715535, 34.7348303], [135.13732144, 34.73482841], [135.13765875, 34.73488495], [135.13813488, 34.73481618], [135.13836606, 34.73454818], [135.13862086, 34.73416602], [135.13885017, 34.7339622], [135.13898425, 34.73373512], [135.13921157, 34.73354914], [135.13952155, 34.73333217], [135.13976954, 34.73315653], [135.13999182, 34.73301758], [135.14023451, 34.73292923], [135.14030684, 34.7329189], [135.14042034, 34.73284831], [135.14061608, 34.7328536], [135.14074304, 34.73282187], [135.14081711, 34.73283774], [135.14131969, 34.73272137], [135.1418464, 34.73271229], [135.14255935, 34.73267097], [135.14292099, 34.73261932], [135.1432413, 34.73252634], [135.14353062, 34.73243335], [135.14363394, 34.73243335], [135.14415057, 34.7324127], [135.14459966, 34.73239874], [135.14491179, 34.73234585], [135.14604143, 34.73240241], [135.14633487, 34.73249401], [135.14675808, 34.73269504], [135.14703318, 34.73253105], [135.14739499, 34.73239211], [135.14753965, 34.73230946], [135.1476257, 34.7322454], [135.14791138, 34.73209199], [135.148451, 34.73182221], [135.14883123, 34.73206151], [135.14893455, 34.73206151], [135.14889325, 34.73125559], [135.14898626, 34.730615], [135.14914354, 34.73077772], [135.14957666, 34.73090512], [135.1496992, 34.73088365], [135.14994718, 34.73105931], [135.15035015, 34.73105931], [135.15063326, 34.73102212], [135.15067046, 34.73096633], [135.1502675, 34.73053237], [135.15147641, 34.73065638], [135.15184839, 34.73030509], [135.15202261, 34.73008989], [135.15248122, 34.73016634], [135.152613, 34.73022245], [135.15316063, 34.73025346], [135.15329496, 34.73005715], [135.1536256, 34.73007782], [135.15392524, 34.7300675], [135.15413191, 34.72975753], [135.15462787, 34.72970588], [135.15475186, 34.72970589], [135.15479319, 34.72981954], [135.1549585, 34.72997453], [135.15550613, 34.72987122], [135.15597111, 34.72939595], [135.15619843, 34.7292203], [135.15646709, 34.72881735], [135.15663243, 34.72848672], [135.15670476, 34.72830074], [135.15676677, 34.72795978], [135.15683911, 34.72763948], [135.15674613, 34.72712286], [135.15662215, 34.72678189], [135.15650692, 34.72649764], [135.15631252, 34.72629949], [135.15630194, 34.7262413], [135.15630311, 34.72611547], [135.15636387, 34.72568666], [135.15643621, 34.72543869], [135.15646598, 34.72518857], [135.15648185, 34.72504574], [135.15660155, 34.72487042], [135.15738682, 34.72493243], [135.15780637, 34.72494353], [135.1578732, 34.72486061], [135.15788907, 34.72482887], [135.15806366, 34.72464372], [135.15847101, 34.72465431], [135.15840226, 34.72377086], [135.15792614, 34.72367562], [135.1576142, 34.72315528], [135.15744889, 34.72290731], [135.15737598, 34.7229879], [135.15720088, 34.72355823], [135.15597198, 34.72359317], [135.15522736, 34.72358919], [135.15522738, 34.72295892], [135.15619865, 34.72293827], [135.15615733, 34.72242166], [135.15615734, 34.72226667], [135.15616769, 34.72167773], [135.1560747, 34.72158474], [135.15276291, 34.72167055], [135.1515258, 34.72141609], [135.15078966, 34.72107801], [135.1508955, 34.72008347], [135.15088493, 34.71964968], [135.15044332, 34.71933827], [135.15003566, 34.71931278], [135.14955157, 34.71933825], [135.14937721, 34.71937555], [135.14916559, 34.71975015], [135.14887295, 34.72038397], [135.14872648, 34.72037966], [135.1484266, 34.72002852], [135.14820342, 34.71971442], [135.14802819, 34.71957026], [135.14789759, 34.71944164], [135.14769921, 34.71921019], [135.14773228, 34.71896222], [135.14736859, 34.71873077], [135.14745126, 34.71830094], [135.1474678, 34.71808603], [135.14736048, 34.71788597], [135.14731076, 34.7177058], [135.1472777, 34.71744956], [135.14725291, 34.71732557], [135.1473769, 34.71717679], [135.14747611, 34.71666431], [135.14727774, 34.71634194], [135.1469967, 34.71604436], [135.14667929, 34.71584069], [135.14654175, 34.71569256], [135.14628584, 34.71562279], [135.14607919, 34.71553186], [135.14567416, 34.71534174], [135.1452278, 34.71526734], [135.14484756, 34.71515161], [135.14442599, 34.7151516], [135.14419455, 34.71503587], [135.14397197, 34.71475214], [135.14387222, 34.7136224], [135.1436573, 34.71363067], [135.14307868, 34.71360586], [135.14301254, 34.71409354], [135.14301253, 34.71431671], [135.14316957, 34.71468868], [135.14331835, 34.7148788], [135.14340927, 34.71502758], [135.14359112, 34.71525903], [135.14408707, 34.71577979], [135.1442441, 34.71630881], [135.14436808, 34.71668904], [135.14437634, 34.71688742], [135.14460778, 34.71716846], [135.14456645, 34.71722632], [135.14421927, 34.71718498], [135.14370678, 34.71706925], [135.14329349, 34.71690393], [135.14277273, 34.7167138], [135.1424173, 34.71647408], [135.14207013, 34.7162509], [135.14165685, 34.71586239], [135.14164032, 34.71561442], [135.14182218, 34.71531685], [135.14170438, 34.71505782], [135.14119483, 34.71459921], [135.14077541, 34.71426938], [135.14068548, 34.71422177], [135.14018555, 34.71393642], [135.14011943, 34.71392815], [135.13973093, 34.71380416], [135.13947468, 34.7136719], [135.13901179, 34.7135231], [135.13824305, 34.71344043]]]}}, {"type": "Feature", "id": "did-1980-41", "properties": {"A16_001": "281011", "A16_002": "28101", "A16_003": "東灘区", "A16_004": "1", "A16_005": "181925", "A16_006": "22.9", "A16_007": "181666", "A16_008": "16.5", "A16_009": "99.3", "A16_010": "78.5", "A16_011": "1980", "year": 1980, "population": 181925.0, "areaKm2": 22.9, "density": 7944.323144104804}, "geometry": {"type": "Polygon", "coordinates": [[[135.29140301, 34.73741897], [135.29143028, 34.73737306], [135.29162222, 34.73706027], [135.29167639, 34.73704389], [135.29188361, 34.73698083], [135.29210055, 34.73691333], [135.29226805, 34.73686111], [135.29236084, 34.73683194], [135.29267334, 34.73673444], [135.29256585, 34.73643341], [135.29255055, 34.73639056], [135.2925025, 34.73622306], [135.29229445, 34.73595], [135.29213972, 34.73579139], [135.29229445, 34.73565473], [135.29242619, 34.73549808], [135.29243555, 34.73548694], [135.29247139, 34.73544417], [135.29255416, 34.73534583], [135.29259055, 34.73530278], [135.29263584, 34.73524889], [135.29286528, 34.73497611], [135.29289222, 34.73493639], [135.29278555, 34.73484833], [135.29263584, 34.73472472], [135.29258834, 34.73466781], [135.29247055, 34.73452667], [135.29246567, 34.73450833], [135.29245967, 34.73448582], [135.29243305, 34.73438583], [135.29244195, 34.73431722], [135.29246555, 34.73413444], [135.29253913, 34.73389448], [135.29254528, 34.73387444], [135.29260389, 34.73368056], [135.29261377, 34.73350509], [135.29262027, 34.73338972], [135.29265695, 34.73338333], [135.29273611, 34.73337], [135.29276326, 34.73336531], [135.29277472, 34.73336333], [135.29280555, 34.73335833], [135.29298805, 34.73332806], [135.29322834, 34.73332361], [135.29335089, 34.73335661], [135.29347389, 34.73338972], [135.29364445, 34.73302167], [135.29366584, 34.73297556], [135.29372361, 34.73287147], [135.29373861, 34.73284444], [135.29411916, 34.73216028], [135.29440916, 34.73163861], [135.29447166, 34.73152611], [135.29454139, 34.73132333], [135.29460195, 34.73114722], [135.29464276, 34.73102867], [135.29464861, 34.73101167], [135.29465333, 34.73099778], [135.29466278, 34.73097], [135.29468528, 34.73090472], [135.29498722, 34.73098056], [135.2951425, 34.73101944], [135.29520416, 34.731035], [135.29599639, 34.73123361], [135.29614195, 34.73127028], [135.29645127, 34.73048259], [135.29647084, 34.73043277], [135.29653139, 34.73027889], [135.2963875, 34.73026111], [135.29617416, 34.73023473], [135.29602472, 34.73015111], [135.29561769, 34.73008922], [135.29558445, 34.73008417], [135.29538945, 34.73005444], [135.29551389, 34.72978139], [135.29556028, 34.72967972], [135.2956725, 34.72949472], [135.29568805, 34.72943944], [135.2957175, 34.72933472], [135.29572325, 34.72931419], [135.29577389, 34.72913333], [135.29582633, 34.72902814], [135.29595445, 34.72877111], [135.29607278, 34.72853389], [135.29612611, 34.72837973], [135.29598695, 34.72833139], [135.29585916, 34.72828723], [135.29591166, 34.72817167], [135.29595528, 34.72807556], [135.29582723, 34.72802722], [135.29609138, 34.72746975], [135.29610416, 34.72744278], [135.29620084, 34.72723861], [135.29640864, 34.72729504], [135.29645555, 34.72730778], [135.29652389, 34.72732639], [135.29732361, 34.72754389], [135.2974775, 34.72758556], [135.29755166, 34.72760583], [135.29780666, 34.727675], [135.29820075, 34.72785807], [135.29823361, 34.72787333], [135.29839389, 34.72793944], [135.29849528, 34.727785], [135.29854861, 34.72774111], [135.29865, 34.72775861], [135.29879945, 34.72782028], [135.29895945, 34.72788639], [135.29904472, 34.72790417], [135.29905242, 34.72798237], [135.29905555, 34.72801417], [135.29902658, 34.72809309], [135.29900222, 34.72815944], [135.29901014, 34.72816353], [135.29915054, 34.72823601], [135.29930084, 34.72831361], [135.29959972, 34.72844139], [135.2996287, 34.72837947], [135.29971722, 34.72819028], [135.29984528, 34.72801], [135.29988889, 34.72793028], [135.29994666, 34.72782472], [135.30007472, 34.72767944], [135.3001875, 34.72742556], [135.300285, 34.72720611], [135.30032695, 34.72711167], [135.30036389, 34.72702833], [135.30040555, 34.72693472], [135.30040695, 34.7269325], [135.30053527, 34.72672778], [135.30064361, 34.726555], [135.30066978, 34.72651325], [135.30072055, 34.72643223], [135.3007375, 34.72639944], [135.30106778, 34.72576583], [135.30108445, 34.72573444], [135.301105, 34.725695], [135.30113639, 34.72563472], [135.30139361, 34.72502917], [135.30144737, 34.72490312], [135.30146778, 34.72485528], [135.30147361, 34.72484139], [135.30163084, 34.72447139], [135.30167445, 34.72436861], [135.30182472, 34.724015], [135.30197416, 34.72356972], [135.30201334, 34.72346861], [135.30220166, 34.72298444], [135.30222445, 34.72292556], [135.30241722, 34.72242861], [135.30245945, 34.72227583], [135.30247222, 34.72223056], [135.30251861, 34.72206306], [135.30255341, 34.72194578], [135.30271611, 34.7213975], [135.30289389, 34.72082944], [135.30290723, 34.72078611], [135.30296139, 34.72061333], [135.30308139, 34.72028694], [135.30319695, 34.71997222], [135.30339389, 34.71943667], [135.30338834, 34.71928694], [135.30342584, 34.71916528], [135.30346445, 34.71907778], [135.30350728, 34.71898075], [135.30353361, 34.71892111], [135.30358333, 34.71877778], [135.30358333, 34.71877778], [135.30055124, 34.71932907], [135.30052778, 34.71933333], [135.30052778, 34.71898839], [135.30052778, 34.71877778], [135.29802778, 34.71933333], [135.29416478, 34.71933333], [135.29413889, 34.71933333], [135.29415195, 34.71932811], [135.29614625, 34.71853039], [135.29691667, 34.71822222], [135.29830556, 34.71738889], [135.30314592, 34.71658216], [135.30330556, 34.71655556], [135.30350332, 34.71339126], [135.30358333, 34.71211111], [135.30390653, 34.71211111], [135.30413889, 34.71211111], [135.30413889, 34.70669955], [135.30413889, 34.706], [135.30398702, 34.70569626], [135.30386111, 34.70544444], [135.29701294, 34.70468354], [135.29470464, 34.70442706], [135.29386111, 34.70433333], [135.29330556, 34.70461111], [135.29219444, 34.71183333], [135.29223716, 34.71194012], [135.29253993, 34.71269706], [135.29330556, 34.71461111], [135.29339907, 34.71465119], [135.29525, 34.71544444], [135.29521277, 34.71549657], [135.29386111, 34.71738889], [135.29386111, 34.7179388], [135.29386111, 34.71822222], [135.29413889, 34.71822222], [135.29407141, 34.71832343], [135.29358333, 34.71905556], [135.29325539, 34.71894624], [135.29266855, 34.71984688], [135.29306893, 34.72006645], [135.29315934, 34.72016978], [135.29286226, 34.7206993], [135.2925652, 34.7206218], [135.29270728, 34.72040224], [135.29237148, 34.72019559], [135.2920744, 34.72064762], [135.29186775, 34.72057012], [135.29279026, 34.7187912], [135.29275, 34.71877778], [135.29302778, 34.71794444], [135.29286175, 34.71761239], [135.29275, 34.71738889], [135.29247222, 34.71794444], [135.29157879, 34.71776576], [135.29108333, 34.71766667], [135.29131056, 34.7172122], [135.29136111, 34.71711111], [135.29114234, 34.71711111], [135.29113453, 34.71711111], [135.29108333, 34.71711111], [135.29163889, 34.71627778], [135.29167206, 34.71631095], [135.29191667, 34.71655556], [135.29175092, 34.71616881], [135.29114277, 34.7147498], [135.29108333, 34.71461111], [135.29080556, 34.71461111], [135.29080556, 34.71484387], [135.29080556, 34.71516667], [135.29027825, 34.71481513], [135.28997222, 34.71461111], [135.28956717, 34.71481364], [135.28941667, 34.71488889], [135.28932838, 34.71485578], [135.28719444, 34.71405556], [135.28562785, 34.71379446], [135.28552778, 34.71377778], [135.28552778, 34.71364984], [135.28552778, 34.7135], [135.28432004, 34.7135], [135.28413889, 34.7135], [135.28413889, 34.71311871], [135.28413889, 34.71294444], [135.28325783, 34.71294444], [135.28302778, 34.71294444], [135.28302778, 34.71253636], [135.28302778, 34.71238889], [135.28293129, 34.71248538], [135.28275, 34.71266667], [135.28193098, 34.71225716], [135.28163889, 34.71211111], [135.28193493, 34.71171639], [135.28134177, 34.71143873], [135.28082515, 34.71109], [135.28092849, 34.71080586], [135.28063143, 34.71065087], [135.28048936, 34.71063795], [135.28077352, 34.71022467], [135.28103183, 34.71044424], [135.28236212, 34.7110642], [135.28237516, 34.71112941], [135.28241968, 34.71107006], [135.28247222, 34.711], [135.28330556, 34.71127778], [135.28663889, 34.71183333], [135.28798915, 34.7040018], [135.28802778, 34.70377778], [135.28549166, 34.70351542], [135.28217378, 34.70317219], [135.27191667, 34.70211111], [135.27173048, 34.7022973], [135.27163889, 34.70238889], [135.27108333, 34.70572222], [135.27136111, 34.70627778], [135.27127531, 34.70636358], [135.27123528, 34.70640361], [135.27200388, 34.70665983], [135.27336001, 34.70716356], [135.27483239, 34.70761563], [135.27630476, 34.70813228], [135.27616268, 34.70849391], [135.27487112, 34.70801601], [135.27423826, 34.70779643], [135.27409618, 34.70789975], [135.27314043, 34.70760268], [135.27099645, 34.70687937], [135.26926577, 34.70628522], [135.26890413, 34.70640145], [135.26856831, 34.7066985], [135.26858122, 34.70691806], [135.26796126, 34.70700845], [135.26780628, 34.70671139], [135.26539103, 34.70708588], [135.2642932, 34.7072021], [135.2642286, 34.70758956], [135.26390571, 34.7076283], [135.26372491, 34.707215], [135.2633116, 34.70729248], [135.26173588, 34.70751201], [135.26041847, 34.70764113], [135.26047014, 34.70738282], [135.2620717, 34.70713747], [135.2628079, 34.70708583], [135.26310496, 34.70699542], [135.26695386, 34.70637558], [135.26743174, 34.70633684], [135.26765131, 34.70616895], [135.2678147, 34.70600557], [135.26786025, 34.70561844], [135.26829835, 34.70189454], [135.26830556, 34.70183333], [135.26802778, 34.70155556], [135.26767343, 34.7015194], [135.26859751, 34.69599002], [135.27219444, 34.69627778], [135.272267, 34.69656798], [135.27261672, 34.69796687], [135.27275, 34.6985], [135.27290725, 34.69848428], [135.27552778, 34.69822222], [135.28136111, 34.69738889], [135.28108333, 34.69711111], [135.28302778, 34.69711111], [135.28302778, 34.69683333], [135.28580556, 34.69683333], [135.28580556, 34.69655556], [135.28802778, 34.69655556], [135.28885111, 34.69081968], [135.28886111, 34.69075], [135.27839897, 34.69237439], [135.27830556, 34.69238889], [135.27855641, 34.68965458], [135.27858333, 34.68936111], [135.28552778, 34.68825], [135.29006532, 34.68759667], [135.2909789, 34.68162327], [135.27497222, 34.68019755], [135.27497222, 34.68019444], [135.26615134, 34.67910694], [135.25469444, 34.67769444], [135.25292779, 34.68847104], [135.25219444, 34.69294444], [135.25226618, 34.69297348], [135.25425121, 34.69377695], [135.26338665, 34.69747462], [135.26386111, 34.69766667], [135.26525, 34.69572222], [135.26813612, 34.69595311], [135.26723862, 34.70147503], [135.26719432, 34.70147051], [135.26083133, 34.70082122], [135.25525905, 34.70025262], [135.25408979, 34.70736976], [135.25441009, 34.7077004], [135.26014725, 34.70735699], [135.26017308, 34.70756363], [135.25722829, 34.7079252], [135.25556216, 34.70811889], [135.25507136, 34.70813179], [135.25171328, 34.70814463], [135.25163577, 34.70860958], [135.25125153, 34.70861199], [135.2512354, 34.70810587], [135.24941428, 34.70817041], [135.24817263, 34.70810971], [135.24765992, 34.70813567], [135.24765992, 34.70813567], [135.24762916, 34.70813722], [135.24760557, 34.70813788], [135.24721195, 34.70814889], [135.24713639, 34.70815139], [135.24643778, 34.70817306], [135.24598334, 34.70819833], [135.24579973, 34.70820861], [135.24577972, 34.70820973], [135.24553639, 34.70819], [135.24518389, 34.70816139], [135.2451275, 34.70815694], [135.24504166, 34.70828889], [135.24493028, 34.70845972], [135.24490472, 34.70849889], [135.24484666, 34.70858833], [135.24477389, 34.7087], [135.24469389, 34.70887667], [135.24449445, 34.70931639], [135.24447861, 34.70935139], [135.24419945, 34.70996694], [135.24407666, 34.70994667], [135.24397035, 34.71017009], [135.24394278, 34.71022806], [135.24389482, 34.71032857], [135.24388472, 34.71034972], [135.24372222, 34.71069167], [135.24355871, 34.71103517], [135.24353195, 34.71109139], [135.24344472, 34.71127444], [135.24341805, 34.71133056], [135.24334777, 34.71147861], [135.24327555, 34.71163], [135.24325416, 34.711675], [135.24323155, 34.71172256], [135.243165, 34.7118625], [135.24310445, 34.71199028], [135.24324944, 34.71203392], [135.24325028, 34.71203417], [135.24366445, 34.71215833], [135.24416723, 34.71230917], [135.24424472, 34.7123325], [135.2443985, 34.71237861], [135.24439945, 34.71237889], [135.24484166, 34.71251167], [135.24533389, 34.71265944], [135.24538972, 34.71267611], [135.24539791, 34.71267857], [135.24579305, 34.71279723], [135.24632926, 34.71296133], [135.24642111, 34.71298944], [135.24656555, 34.71303361], [135.24721166, 34.71323111], [135.24745611, 34.71330917], [135.24757472, 34.71334472], [135.24762445, 34.71335944], [135.24767965, 34.71337596], [135.24768755, 34.71337833], [135.24788805, 34.71343833], [135.24836723, 34.71365333], [135.24856647, 34.71376436], [135.24857111, 34.71376694], [135.24860972, 34.71378806], [135.24884611, 34.71391972], [135.24898166, 34.71397667], [135.24901445, 34.71399028], [135.24928445, 34.71410306], [135.24940639, 34.71415417], [135.24944531, 34.71417048], [135.24956084, 34.71421889], [135.24961055, 34.71423944], [135.24965805, 34.71425944], [135.24952166, 34.71473667], [135.24950722, 34.71478694], [135.24948111, 34.71487833], [135.24932695, 34.71553306], [135.24932389, 34.71554606], [135.24930007, 34.71564741], [135.24928334, 34.71571861], [135.24926334, 34.71580944], [135.24916834, 34.7162375], [135.24907462, 34.71666094], [135.24901778, 34.71691778], [135.24893973, 34.71717583], [135.24874166, 34.71761444], [135.24862777, 34.71775056], [135.24860629, 34.7177762], [135.24849695, 34.71790667], [135.24814305, 34.71841833], [135.24795028, 34.71874083], [135.24792581, 34.71886025], [135.2479133, 34.71892127], [135.24788527, 34.71905806], [135.24783055, 34.71932528], [135.24758055, 34.71985417], [135.24733707, 34.72010234], [135.24729195, 34.72014833], [135.24721139, 34.72023056], [135.24710055, 34.72033583], [135.24700972, 34.72041083], [135.24693055, 34.72047611], [135.24679861, 34.72060861], [135.24662389, 34.72088944], [135.2464825, 34.72120028], [135.24640445, 34.72130611], [135.24635028, 34.72137944], [135.24624639, 34.72152333], [135.24615666, 34.72170277], [135.24607166, 34.72181194], [135.24606555, 34.72181611], [135.24589778, 34.72193472], [135.24584528, 34.72197167], [135.24503805, 34.72254667], [135.24470307, 34.72278395], [135.24460316, 34.72285472], [135.24452472, 34.72291027], [135.24414111, 34.72318194], [135.24328824, 34.72378654], [135.2432833, 34.72379004], [135.24327278, 34.7237975], [135.243265, 34.72381111], [135.24314055, 34.72402361], [135.24309334, 34.72420667], [135.24306972, 34.72473583], [135.24306972, 34.72502278], [135.24306972, 34.72504], [135.24305084, 34.725305], [135.24300972, 34.72541361], [135.24298, 34.72549223], [135.24297278, 34.72550472], [135.24286223, 34.72569861], [135.24271111, 34.72592083], [135.24269945, 34.72593277], [135.24255055, 34.72608806], [135.24251278, 34.72622861], [135.24251223, 34.72624083], [135.24250805, 34.72633361], [135.24257416, 34.72652083], [135.24263, 34.72659611], [135.24273945, 34.72674306], [135.24283861, 34.72686278], [135.24286695, 34.72701889], [135.2428575, 34.72712778], [135.24280555, 34.72739694], [135.24280555, 34.72747444], [135.24280555, 34.72755667], [135.24281028, 34.72777889], [135.24278666, 34.72789583], [135.24276305, 34.72801278], [135.24275361, 34.7282075], [135.24272055, 34.72863111], [135.24271222, 34.72880111], [135.2426897, 34.72925738], [135.24268889, 34.72927389], [135.2426875, 34.72930167], [135.24266949, 34.72949078], [135.24265445, 34.72964861], [135.24263555, 34.73010056], [135.24263945, 34.73060361], [135.24264028, 34.73070389], [135.24262166, 34.73114444], [135.24261666, 34.73126083], [135.24259584, 34.73149667], [135.24258834, 34.73158222], [135.24258361, 34.73163528], [135.2428575, 34.73162333], [135.24330584, 34.73161556], [135.24338149, 34.73160962], [135.24360305, 34.73159222], [135.2437775, 34.73161944], [135.24427305, 34.73168973], [135.24433805, 34.73169936], [135.24450916, 34.73172472], [135.24460834, 34.73177944], [135.24461321, 34.73178567], [135.24463963, 34.73181941], [135.24463963, 34.73181941], [135.24465236, 34.73183567], [135.24469055, 34.73188444], [135.24471222, 34.73191194], [135.24485361, 34.73203667], [135.24497166, 34.73207944], [135.24561361, 34.73211861], [135.24584864, 34.73214929], [135.24609028, 34.73218083], [135.24626028, 34.73227833], [135.24635945, 34.73239528], [135.24651695, 34.73251778], [135.24657439, 34.73255486], [135.24683055, 34.73272028], [135.24696, 34.73286667], [135.24698416, 34.73291889], [135.24699389, 34.73293972], [135.24710334, 34.73317639], [135.24721018, 34.73366103], [135.24721111, 34.73366528], [135.24731722, 34.73391806], [135.24735606, 34.73395875], [135.24745639, 34.73406389], [135.247605, 34.73427806], [135.24766139, 34.73434611], [135.24776278, 34.73446277], [135.24780527, 34.73453417], [135.24780527, 34.73460806], [135.24774004, 34.73470381], [135.24773222, 34.73471528], [135.24768277, 34.73483389], [135.24770389, 34.73487472], [135.24770628, 34.73487601], [135.24788055, 34.73497], [135.24798666, 34.73505], [135.24807611, 34.73516667], [135.24811639, 34.73526528], [135.24812334, 34.73549277], [135.24812026, 34.735627], [135.24811861, 34.73569917], [135.24807389, 34.73578472], [135.24797972, 34.73580028], [135.24790889, 34.73579056], [135.24781695, 34.73579833], [135.24770861, 34.73587972], [135.24766528, 34.73592528], [135.247588, 34.73600714], [135.24753889, 34.73605917], [135.24741861, 34.73619917], [135.24740695, 34.73630389], [135.24743861, 34.73639306], [135.24748834, 34.73652056], [135.24745416, 34.7367025], [135.24738555, 34.73681444], [135.2472825, 34.73689944], [135.24724, 34.73692639], [135.24721111, 34.73694472], [135.24686999, 34.7371351], [135.24663024, 34.7372689], [135.24622111, 34.73749722], [135.24603722, 34.7376], [135.24551361, 34.73792778], [135.24532592, 34.73809311], [135.24527584, 34.73813723], [135.24513305, 34.738325], [135.24505361, 34.73849083], [135.24494778, 34.73884361], [135.24483326, 34.73921399], [135.24482084, 34.73925417], [135.24478916, 34.73943333], [135.244805, 34.73968223], [135.24480722, 34.73969111], [135.24486834, 34.73994], [135.24487893, 34.73997152], [135.24500555, 34.74034833], [135.2452013, 34.74078321], [135.24536528, 34.7411475], [135.24566714, 34.74174094], [135.24574084, 34.74188583], [135.2464975, 34.74211722], [135.24678834, 34.74221333], [135.24698945, 34.74224833], [135.24707916, 34.74223972], [135.24721111, 34.74218722], [135.24723555, 34.74218444], [135.24725139, 34.74219389], [135.24738472, 34.74229222], [135.24750555, 34.74241667], [135.24762084, 34.74258111], [135.2478975, 34.74266333], [135.24795389, 34.74268], [135.24812055, 34.74272306], [135.24841055, 34.74272639], [135.24847735, 34.7427272], [135.24847973, 34.74272723], [135.24850166, 34.74271917], [135.2487075, 34.74264309], [135.24882861, 34.74259833], [135.248875, 34.74254806], [135.24902666, 34.74238333], [135.24902694, 34.74238299], [135.24919624, 34.74217137], [135.24920889, 34.74215556], [135.24944305, 34.74199639], [135.24984389, 34.74190194], [135.24995102, 34.74188882], [135.25026114, 34.74185085], [135.25044278, 34.74182861], [135.25074101, 34.74183931], [135.25104639, 34.74185027], [135.25123916, 34.74185889], [135.25134674, 34.74190217], [135.251428, 34.74190536], [135.25183793, 34.74190618], [135.25220293, 34.74203453], [135.25247416, 34.74229285], [135.25271957, 34.74191831], [135.25295848, 34.7418838], [135.25323619, 34.74206039], [135.25321033, 34.7429128], [135.25322324, 34.7430807], [135.25353322, 34.74306779], [135.25367529, 34.74291281], [135.25374284, 34.74273541], [135.25372044, 34.74251131], [135.25407903, 34.74199588], [135.25412386, 34.74179418], [135.2542953, 34.74140173], [135.25448904, 34.7411176], [135.25491525, 34.74135008], [135.25583226, 34.741518], [135.25620683, 34.74107889], [135.2564264, 34.74097557], [135.25665889, 34.74093683], [135.25669763, 34.74109182], [135.25698176, 34.74154386], [135.25782129, 34.74115642], [135.25833792, 34.74111768], [135.25894496, 34.74106604], [135.25915161, 34.74098855], [135.25931952, 34.74093689], [135.25940993, 34.74082065], [135.25942285, 34.74067859], [135.25940996, 34.73999407], [135.25929374, 34.73939996], [135.25924209, 34.73893501], [135.25902253, 34.73865087], [135.25860925, 34.73823757], [135.25832511, 34.738018], [135.25831486, 34.73769317], [135.2583897, 34.73752722], [135.25850595, 34.73738515], [135.25869969, 34.73724309], [135.25915175, 34.7369073], [135.25942299, 34.7367394], [135.25959089, 34.73658442], [135.25968197, 34.73632617], [135.25978466, 34.73575784], [135.25983375, 34.73551504], [135.25951345, 34.73502941], [135.25959611, 34.73506041], [135.25924483, 34.7344508], [135.25931974, 34.73422091], [135.25928617, 34.73405817], [135.25937142, 34.73388511], [135.25944892, 34.73360097], [135.25946184, 34.7334589], [135.25948769, 34.73308436], [135.25938437, 34.73292937], [135.25888326, 34.73241533], [135.25895559, 34.73230168], [135.25913124, 34.73226035], [135.25928623, 34.73232235], [135.25993718, 34.73243602], [135.26046412, 34.73278733], [135.26053644, 34.73321095], [135.26100432, 34.73327838], [135.26154903, 34.73313865], [135.26192101, 34.73303534], [135.26230418, 34.73287503], [135.26316093, 34.73241543], [135.26336759, 34.73227078], [135.26366724, 34.7321468], [135.26376092, 34.731889], [135.26376025, 34.73169218], [135.26369826, 34.73142354], [135.26373257, 34.73129583], [135.26373257, 34.73114374], [135.26429755, 34.73135123], [135.26460547, 34.7310082], [135.26470053, 34.73096894], [135.26442157, 34.73058664], [135.26435958, 34.73040066], [135.2646179, 34.73017336], [135.26508323, 34.73023066], [135.26517585, 34.73029736], [135.26529984, 34.73031802], [135.26567183, 34.72995847], [135.26606446, 34.7300494], [135.2664571, 34.73013207], [135.26652321, 34.73049577], [135.26675672, 34.73056603], [135.26700262, 34.73104959], [135.26699435, 34.73120664], [135.26658102, 34.73196089], [135.26643222, 34.73228945], [135.26636609, 34.73260355], [135.26638257, 34.73413273], [135.26651892, 34.73518456], [135.26701075, 34.73524863], [135.26708514, 34.7352569], [135.26727526, 34.73528996], [135.26737445, 34.73534783], [135.26749018, 34.73533956], [135.26763896, 34.73537263], [135.26897819, 34.73150632], [135.26909185, 34.731434], [135.26992052, 34.73145468], [135.26982132, 34.73178531], [135.26983785, 34.73184317], [135.26997011, 34.73182664], [135.27067272, 34.73182666], [135.27096204, 34.73156216], [135.27142494, 34.7316283], [135.27061484, 34.73238047], [135.27075533, 34.73331451], [135.27078013, 34.73343023], [135.27125129, 34.73343851], [135.27136701, 34.73352944], [135.27127608, 34.73375261], [135.27079663, 34.7340915], [135.27092887, 34.73482716], [135.27090406, 34.73494288], [135.2709123, 34.73589345], [135.27106678, 34.73590063], [135.27167277, 34.7359596], [135.27233405, 34.7360836], [135.27333423, 34.7363316], [135.27353266, 34.73518265], [135.27364013, 34.73486855], [135.27373932, 34.7347611], [135.2742268, 34.73381654], [135.27445026, 34.73319061], [135.27490491, 34.73254588], [135.27473961, 34.7320582], [135.27507025, 34.73207474], [135.27523557, 34.73190116], [135.27554968, 34.73187637], [135.27561581, 34.73183504], [135.27562409, 34.7315788], [135.27649038, 34.73159796], [135.2777154, 34.73150445], [135.27770713, 34.7317111], [135.27793858, 34.73167804], [135.2781535, 34.73163672], [135.27842626, 34.73197562], [135.27872384, 34.73212441], [135.27889742, 34.73210789], [135.27902141, 34.73230627], [135.27898833, 34.7326865], [135.2797984, 34.73294276], [135.279852, 34.73274097], [135.27987442, 34.73233758], [135.28012907, 34.73198393], [135.28050932, 34.7317029], [135.28068124, 34.73155323], [135.28118714, 34.73147974], [135.28174096, 34.73153761], [135.28192281, 34.73184345], [135.28188974, 34.73191784], [135.28177401, 34.73196743], [135.28152603, 34.73199223], [135.28113753, 34.73199222], [135.28096393, 34.73227325], [135.28098872, 34.73244683], [135.28134416, 34.73246337], [135.28179053, 34.73242205], [135.28179879, 34.73253778], [135.28173266, 34.73266176], [135.28136895, 34.73274441], [135.28127802, 34.73277747], [135.28106311, 34.73277747], [135.28103003, 34.73312463], [135.2814764, 34.73313291], [135.2818897, 34.73313292], [135.28248485, 34.73337264], [135.28290641, 34.73337265], [135.28317093, 34.73343052], [135.28321225, 34.73352971], [135.28327838, 34.73358757], [135.28369995, 34.73359585], [135.28391486, 34.73373637], [135.28398098, 34.73410007], [135.2844604, 34.73433152], [135.28469185, 34.73437286], [135.28572509, 34.73473658], [135.28587388, 34.73462912], [135.28579125, 34.73364549], [135.28630375, 34.73361244], [135.28641947, 34.73360417], [135.28648561, 34.73343886], [135.2869733, 34.73361245], [135.28736181, 34.73343888], [135.2877503, 34.73369513], [135.28801068, 34.73380052], [135.28813054, 34.73384392], [135.28822973, 34.73384393], [135.28827933, 34.73386046], [135.28846118, 34.73384393], [135.28875876, 34.7338522], [135.28898195, 34.73366209], [135.28901501, 34.73356291], [135.2885604, 34.73307521], [135.28853561, 34.73281897], [135.28861827, 34.73271152], [135.28879186, 34.73271979], [135.28895718, 34.73281898], [135.28913902, 34.73297603], [135.28926301, 34.73326534], [135.28929607, 34.7333232], [135.28941179, 34.73347199], [135.28941178, 34.73358771], [135.28954403, 34.73391008], [135.289668, 34.7344391], [135.28973411, 34.73497638], [135.28977543, 34.7354062], [135.28970102, 34.73571204], [135.28912238, 34.73617491], [135.28902319, 34.73624103], [135.28879174, 34.73638981], [135.28834536, 34.73676176], [135.28810563, 34.73705106], [135.28825442, 34.73717505], [135.28875038, 34.73715853], [135.2888165, 34.73738998], [135.28917143, 34.73736004], [135.28913887, 34.73749744], [135.28909258, 34.73758506], [135.28922483, 34.73769748], [135.2895158, 34.73768426], [135.28954224, 34.73788925], [135.29053416, 34.73814056], [135.29093441, 34.73823181], [135.29093916, 34.73822333], [135.29098805, 34.73813611], [135.29116861, 34.73781361], [135.2912, 34.73776083], [135.29140301, 34.73741897]]]}}, {"type": "Feature", "id": "did-1980-42", "properties": {"A16_001": "281021", "A16_002": "28102", "A16_003": "灘区", "A16_004": "1", "A16_005": "139990", "A16_006": "10.8", "A16_007": "155284", "A16_008": "10.8", "A16_009": "98.4", "A16_010": "37.2", "A16_011": "1980", "year": 1980, "population": 139990.0, "areaKm2": 10.8, "density": 12962.037037037036}, "geometry": {"type": "Polygon", "coordinates": [[[135.24765992, 34.70813567], [135.247889, 34.70806519], [135.24820641, 34.70801891], [135.2502627, 34.70778458], [135.25048472, 34.70687648], [135.25171332, 34.70699516], [135.25244225, 34.70695724], [135.25331019, 34.70187184], [135.25345217, 34.70005538], [135.24719444, 34.69933333], [135.24497222, 34.69905556], [135.23969444, 34.70127778], [135.23608333, 34.701], [135.23580556, 34.70211111], [135.23449557, 34.70211111], [135.23434296, 34.70211111], [135.23413889, 34.70211111], [135.23462828, 34.70088763], [135.23469444, 34.70072222], [135.22787703, 34.69990413], [135.22775, 34.69988889], [135.22775, 34.6985], [135.23469444, 34.69822222], [135.23743564, 34.69356219], [135.23747222, 34.6935], [135.23552778, 34.69322222], [135.23360408, 34.69651999], [135.23358333, 34.69655556], [135.23247061, 34.69641647], [135.23184021, 34.69633767], [135.23136111, 34.69627778], [135.23339123, 34.6932326], [135.23358333, 34.69294444], [135.23136111, 34.69266667], [135.22941667, 34.696], [135.22772887, 34.69575889], [135.22747222, 34.69572222], [135.22937434, 34.69273318], [135.22941667, 34.69266667], [135.22719444, 34.69238889], [135.22525, 34.69544444], [135.22367936, 34.69522007], [135.22330556, 34.69516667], [135.2252358, 34.69213342], [135.22525, 34.69211111], [135.22358333, 34.69183333], [135.21889678, 34.69541716], [135.21886111, 34.69544444], [135.21702245, 34.69452511], [135.21652087, 34.69507025], [135.21861963, 34.6963013], [135.2186398, 34.69674526], [135.21908377, 34.69690672], [135.22289791, 34.69771401], [135.22659096, 34.69868275], [135.22640929, 34.6998532], [135.22576344, 34.70172995], [135.22453243, 34.70138685], [135.22514598, 34.69972321], [135.22499665, 34.69953028], [135.22309966, 34.6992679], [135.2216063, 34.69894498], [135.2208596, 34.69926784], [135.21956653, 34.69903826], [135.21952184, 34.6990153], [135.21952184, 34.6990153], [135.21930994, 34.69927895], [135.21925174, 34.69935301], [135.21880205, 34.69990318], [135.21873328, 34.69998253], [135.2183894, 34.70034225], [135.21832089, 34.70041988], [135.21771631, 34.701105], [135.21757466, 34.70133677], [135.21719636, 34.70175041], [135.21712023, 34.701867], [135.21710305, 34.70186], [135.21692945, 34.70178917], [135.21663584, 34.70215972], [135.21646889, 34.70234917], [135.21640805, 34.70241833], [135.21635055, 34.70248333], [135.21631354, 34.70252533], [135.21622889, 34.70262139], [135.21614611, 34.70260444], [135.21605666, 34.70286306], [135.215845, 34.70326944], [135.21584443, 34.70327054], [135.21581805, 34.70332111], [135.21577028, 34.70342194], [135.21556206, 34.70386341], [135.21541195, 34.70418167], [135.21539362, 34.7042204], [135.21532861, 34.70435778], [135.21531222, 34.70439278], [135.21524389, 34.7045375], [135.21493389, 34.70517778], [135.21490778, 34.70524667], [135.21489027, 34.7052925], [135.21487971, 34.70532032], [135.21481973, 34.70547833], [135.21475592, 34.70564615], [135.21471305, 34.70575889], [135.21462988, 34.70597396], [135.21461778, 34.70600528], [135.2145775, 34.70606583], [135.21450928, 34.70616795], [135.21448639, 34.70620222], [135.21440241, 34.70630057], [135.21439389, 34.70631056], [135.21439, 34.706315], [135.2143725, 34.70633556], [135.21427528, 34.70644944], [135.21423445, 34.7064975], [135.2139912, 34.7068337], [135.21395166, 34.70688833], [135.21390639, 34.70695056], [135.21377527, 34.70713278], [135.21371692, 34.70725636], [135.21350666, 34.70770167], [135.21328139, 34.70809], [135.21328111, 34.70809047], [135.21302389, 34.70853417], [135.21292889, 34.70870639], [135.21291082, 34.70873906], [135.2128725, 34.70880833], [135.21271584, 34.70909222], [135.21265416, 34.70920417], [135.21263166, 34.709245], [135.21261, 34.70928417], [135.212505, 34.70947472], [135.21217243, 34.70999425], [135.21214084, 34.71004361], [135.21211416, 34.71008556], [135.21189262, 34.71044756], [135.21181777, 34.71056985], [135.2117857, 34.71062226], [135.21127334, 34.71145944], [135.21125451, 34.71148935], [135.21124833, 34.71149917], [135.21122805, 34.71153139], [135.21118945, 34.7115925], [135.21117119, 34.71162143], [135.21079, 34.71222528], [135.21061111, 34.712575], [135.21051195, 34.71277167], [135.21049195, 34.71281167], [135.21049028, 34.71281417], [135.21048918, 34.71281565], [135.21046028, 34.71285472], [135.21028305, 34.71309722], [135.21000278, 34.7134125], [135.209935, 34.71348694], [135.20989834, 34.71352778], [135.20986139, 34.71356833], [135.20982584, 34.71360759], [135.20968278, 34.71376556], [135.2096475, 34.71380473], [135.2096075, 34.71384861], [135.20956139, 34.71389972], [135.20951995, 34.71396381], [135.20951361, 34.71397361], [135.2094808, 34.71407276], [135.20945055, 34.71416417], [135.2094375, 34.71420389], [135.2094327, 34.71421857], [135.20942195, 34.71425139], [135.20922, 34.71486278], [135.20921055, 34.71489949], [135.20920305, 34.71492861], [135.20918861, 34.71498389], [135.20918638, 34.7149925], [135.20885254, 34.7162829], [135.20885254, 34.7162829], [135.20904184, 34.71647297], [135.20935739, 34.71658772], [135.20970289, 34.71670706], [135.21019884, 34.71697985], [135.21047988, 34.71709558], [135.21074439, 34.71722783], [135.21092076, 34.71721883], [135.2112363, 34.71740529], [135.21133954, 34.71750062], [135.21146352, 34.71767421], [135.21162057, 34.71783126], [135.21176936, 34.71795525], [135.21194293, 34.71831895], [135.21234795, 34.71874052], [135.21243888, 34.71885624], [135.2125298, 34.71894717], [135.21275298, 34.71913729], [135.21312494, 34.71931088], [135.2134594, 34.71948503], [135.21368888, 34.71962846], [135.21397633, 34.71976552], [135.21405072, 34.71986471], [135.21438136, 34.7200135], [135.21485252, 34.72005484], [135.2151501, 34.72013751], [135.2154674, 34.72035998], [135.21581162, 34.72051775], [135.21605935, 34.72053429], [135.21609241, 34.72061695], [135.21665449, 34.72098066], [135.2171455, 34.72117755], [135.21734631, 34.72116321], [135.21748274, 34.72126337], [135.21763482, 34.72157416], [135.21787949, 34.72173287], [135.21802041, 34.72173693], [135.21878544, 34.72191144], [135.2189177, 34.72196434], [135.2189177, 34.72205031], [135.21884495, 34.72220901], [135.21879866, 34.7223082], [135.21887139, 34.7225198], [135.21915573, 34.72271819], [135.21933428, 34.72270497], [135.21960541, 34.72269836], [135.21967815, 34.72261901], [135.21984347, 34.72263885], [135.22005422, 34.7226463], [135.22020056, 34.72283063], [135.22024684, 34.7231811], [135.22076924, 34.72357787], [135.22087504, 34.72362416], [135.22095439, 34.72388867], [135.22054757, 34.72435596], [135.22039227, 34.72451686], [135.22026663, 34.72464911], [135.22024017, 34.72471524], [135.22017404, 34.72470201], [135.22004178, 34.72483426], [135.22001533, 34.724907], [135.21987054, 34.72531977], [135.21990289, 34.72541617], [135.21993596, 34.7254823], [135.22000869, 34.72572036], [135.22011449, 34.72585923], [135.22019181, 34.72588201], [135.22047819, 34.72604439], [135.22085511, 34.72627584], [135.22121882, 34.72639488], [135.22144365, 34.7264544], [135.22182058, 34.72636183], [135.22212477, 34.72642135], [135.2222438, 34.7265536], [135.22222396, 34.72663296], [135.22234298, 34.72690408], [135.22252152, 34.7271223], [135.22284236, 34.72705243], [135.22311776, 34.72682296], [135.22320266, 34.72650734], [135.22329525, 34.72620977], [135.22350687, 34.72597172], [135.22381768, 34.72580641], [135.22418801, 34.72560804], [135.2242872, 34.7254824], [135.22422108, 34.72518483], [135.2241748, 34.72484758], [135.2241153, 34.72453017], [135.22415498, 34.72435163], [135.22427402, 34.72431196], [135.22450547, 34.7242789], [135.22459144, 34.72395488], [135.22492208, 34.72402763], [135.22512587, 34.72424132], [135.22531884, 34.7243186], [135.2254511, 34.72446408], [135.22579496, 34.72446408], [135.22606677, 34.72445935], [135.22615867, 34.72445087], [135.22624464, 34.72439136], [135.22647609, 34.72432523], [135.22669431, 34.72437153], [135.2268464, 34.7246691], [135.22717703, 34.7247683], [135.22746139, 34.7247154], [135.22773913, 34.72469557], [135.22766638, 34.72485427], [135.22763874, 34.72506752], [135.22760684, 34.72552215], [135.22746136, 34.72548247], [135.22739777, 34.72546911], [135.22734234, 34.72536344], [135.22724976, 34.7252907], [135.22709105, 34.72522457], [135.22700764, 34.72545762], [135.22686619, 34.72593212], [135.22680006, 34.72606705], [135.22682155, 34.72612223], [135.2274415, 34.7262545], [135.22793745, 34.72661821], [135.22821849, 34.72685792], [135.22856566, 34.7268414], [135.22874752, 34.7266017], [135.22871447, 34.72628759], [135.22910298, 34.72600656], [135.22916913, 34.72546102], [135.22928486, 34.72528744], [135.22937579, 34.72527918], [135.22976428, 34.72556022], [135.23030983, 34.72568422], [135.23107858, 34.72565118], [135.23117776, 34.72593222], [135.2313348, 34.72629592], [135.23154145, 34.72650257], [135.23198781, 34.72676709], [135.2320126, 34.726982], [135.23189687, 34.72714731], [135.23127689, 34.72781683], [135.23099583, 34.72826318], [135.23058251, 34.72885004], [135.23012787, 34.72903188], [135.22983856, 34.72897401], [135.22919383, 34.72842019], [135.22850777, 34.72775891], [135.22807794, 34.72750265], [135.22737528, 34.72907315], [135.22716035, 34.72938724], [135.22700329, 34.72937897], [135.22628416, 34.72911445], [135.22587909, 34.72985837], [135.22495326, 34.7309081], [135.22554014, 34.73121395], [135.22565586, 34.73129661], [135.22488709, 34.73208185], [135.22488709, 34.73225543], [135.22562276, 34.73248689], [135.22621792, 34.73246211], [135.22721814, 34.73160249], [135.22846629, 34.73218112], [135.22845802, 34.73236297], [135.22786285, 34.7326192], [135.227681, 34.73271838], [135.22757353, 34.73285063], [135.22767271, 34.73323913], [135.22800334, 34.73373509], [135.22814385, 34.7339252], [135.22836703, 34.73415665], [135.22869324, 34.73407882], [135.22939359, 34.73385473], [135.229888, 34.73372686], [135.23018558, 34.73364421], [135.23028477, 34.73369381], [135.23042529, 34.73380127], [135.23052446, 34.73422283], [135.23054099, 34.73445427], [135.23057404, 34.73482623], [135.23046657, 34.73522299], [135.23002017, 34.73609089], [135.23005323, 34.73626448], [135.23174777, 34.73633891], [135.23255784, 34.73646291], [135.23275622, 34.73647945], [135.23311165, 34.73677703], [135.23316951, 34.73688449], [135.23333483, 34.73696715], [135.23386386, 34.7368845], [135.23450034, 34.73688452], [135.23488885, 34.73683493], [135.23546747, 34.73678535], [135.2360461, 34.73676883], [135.23640154, 34.73678537], [135.23717028, 34.73666967], [135.23755053, 34.73650436], [135.2379473, 34.73623986], [135.23813743, 34.73604148], [135.23831929, 34.73572739], [135.23841849, 34.735653], [135.23869127, 34.73554555], [135.23919835, 34.73545169], [135.23962535, 34.73513228], [135.2399312, 34.73478512], [135.2400304, 34.7346942], [135.24027012, 34.73442143], [135.24038585, 34.73433878], [135.24043545, 34.73413213], [135.24044372, 34.73400814], [135.24045902, 34.73377094], [135.24040302, 34.73287452], [135.24048709, 34.73211817], [135.24052645, 34.73194996], [135.24030328, 34.73177637], [135.24014623, 34.73162758], [135.23996438, 34.73153665], [135.23998091, 34.7313796], [135.23990653, 34.73120602], [135.23990653, 34.73113162], [135.23989884, 34.73088559], [135.24005534, 34.7304373], [135.24014627, 34.73027198], [135.24023721, 34.73006534], [135.24026202, 34.72970991], [135.24025376, 34.7295198], [135.24023724, 34.72920569], [135.24026205, 34.72875107], [135.2402631, 34.7285325], [135.24026207, 34.72823033], [135.24024556, 34.72758559], [135.24028689, 34.72745334], [135.24027864, 34.72710617], [135.24036131, 34.72665156], [135.24034478, 34.72649451], [135.24060931, 34.72608949], [135.24062737, 34.72601134], [135.24083251, 34.72578366], [135.24091518, 34.72535383], [135.24085151, 34.72500288], [135.24087387, 34.72484135], [135.24128717, 34.7248083], [135.24136156, 34.7248083], [135.24147729, 34.72475044], [135.24170874, 34.72475871], [135.2417914, 34.72480831], [135.24146073, 34.72550263], [135.2414194, 34.72557702], [135.24121566, 34.72595533], [135.24106393, 34.72641186], [135.2410722, 34.72648626], [135.24106392, 34.72691608], [135.24107218, 34.72706486], [135.24115482, 34.72769307], [135.24134492, 34.72820555], [135.24147717, 34.72842047], [135.24165075, 34.72870151], [135.24179126, 34.72892469], [135.24191525, 34.72909828], [135.24200616, 34.72954463], [135.24196482, 34.72985873], [135.24197307, 34.73019763], [135.24192346, 34.7304952], [135.24193171, 34.73102421], [135.24208874, 34.73179294], [135.24224579, 34.73197479], [135.24234498, 34.73207398], [135.24253209, 34.73225829], [135.24308065, 34.73239637], [135.24316331, 34.73237984], [135.24345654, 34.73239837], [135.24379979, 34.73247904], [135.2442627, 34.73228067], [135.24432497, 34.73217429], [135.24465948, 34.73190872], [135.24463963, 34.73181941], [135.24463963, 34.73181941], [135.24461321, 34.73178567], [135.24460834, 34.73177944], [135.24450916, 34.73172472], [135.24433805, 34.73169936], [135.24427305, 34.73168973], [135.2437775, 34.73161944], [135.24360305, 34.73159222], [135.24338149, 34.73160962], [135.24330584, 34.73161556], [135.2428575, 34.73162333], [135.24258361, 34.73163528], [135.24258834, 34.73158222], [135.24259584, 34.73149667], [135.24261666, 34.73126083], [135.24262166, 34.73114444], [135.24264028, 34.73070389], [135.24263945, 34.73060361], [135.24263555, 34.73010056], [135.24265445, 34.72964861], [135.24266949, 34.72949078], [135.2426875, 34.72930167], [135.24268889, 34.72927389], [135.2426897, 34.72925738], [135.24271222, 34.72880111], [135.24272055, 34.72863111], [135.24275361, 34.7282075], [135.24276305, 34.72801278], [135.24278666, 34.72789583], [135.24281028, 34.72777889], [135.24280555, 34.72755667], [135.24280555, 34.72747444], [135.24280555, 34.72739694], [135.2428575, 34.72712778], [135.24286695, 34.72701889], [135.24283861, 34.72686278], [135.24273945, 34.72674306], [135.24263, 34.72659611], [135.24257416, 34.72652083], [135.24250805, 34.72633361], [135.24251223, 34.72624083], [135.24251278, 34.72622861], [135.24255055, 34.72608806], [135.24269945, 34.72593277], [135.24271111, 34.72592083], [135.24286223, 34.72569861], [135.24297278, 34.72550472], [135.24298, 34.72549223], [135.24300972, 34.72541361], [135.24305084, 34.725305], [135.24306972, 34.72504], [135.24306972, 34.72502278], [135.24306972, 34.72473583], [135.24309334, 34.72420667], [135.24314055, 34.72402361], [135.243265, 34.72381111], [135.24327278, 34.7237975], [135.2432833, 34.72379004], [135.24328824, 34.72378654], [135.24414111, 34.72318194], [135.24452472, 34.72291027], [135.24460316, 34.72285472], [135.24470307, 34.72278395], [135.24503805, 34.72254667], [135.24584528, 34.72197167], [135.24589778, 34.72193472], [135.24606555, 34.72181611], [135.24607166, 34.72181194], [135.24615666, 34.72170277], [135.24624639, 34.72152333], [135.24635028, 34.72137944], [135.24640445, 34.72130611], [135.2464825, 34.72120028], [135.24662389, 34.72088944], [135.24679861, 34.72060861], [135.24693055, 34.72047611], [135.24700972, 34.72041083], [135.24710055, 34.72033583], [135.24721139, 34.72023056], [135.24729195, 34.72014833], [135.24733707, 34.72010234], [135.24758055, 34.71985417], [135.24783055, 34.71932528], [135.24788527, 34.71905806], [135.2479133, 34.71892127], [135.24792581, 34.71886025], [135.24795028, 34.71874083], [135.24814305, 34.71841833], [135.24849695, 34.71790667], [135.24860629, 34.7177762], [135.24862777, 34.71775056], [135.24874166, 34.71761444], [135.24893973, 34.71717583], [135.24901778, 34.71691778], [135.24907462, 34.71666094], [135.24916834, 34.7162375], [135.24926334, 34.71580944], [135.24928334, 34.71571861], [135.24930007, 34.71564741], [135.24932389, 34.71554606], [135.24932695, 34.71553306], [135.24948111, 34.71487833], [135.24950722, 34.71478694], [135.24952166, 34.71473667], [135.24965805, 34.71425944], [135.24961055, 34.71423944], [135.24956084, 34.71421889], [135.24944531, 34.71417048], [135.24940639, 34.71415417], [135.24928445, 34.71410306], [135.24901445, 34.71399028], [135.24898166, 34.71397667], [135.24884611, 34.71391972], [135.24860972, 34.71378806], [135.24857111, 34.71376694], [135.24856647, 34.71376436], [135.24836723, 34.71365333], [135.24788805, 34.71343833], [135.24768755, 34.71337833], [135.24767965, 34.71337596], [135.24762445, 34.71335944], [135.24757472, 34.71334472], [135.24745611, 34.71330917], [135.24721166, 34.71323111], [135.24656555, 34.71303361], [135.24642111, 34.71298944], [135.24632926, 34.71296133], [135.24579305, 34.71279723], [135.24539791, 34.71267857], [135.24538972, 34.71267611], [135.24533389, 34.71265944], [135.24484166, 34.71251167], [135.24439945, 34.71237889], [135.2443985, 34.71237861], [135.24424472, 34.7123325], [135.24416723, 34.71230917], [135.24366445, 34.71215833], [135.24325028, 34.71203417], [135.24324944, 34.71203392], [135.24310445, 34.71199028], [135.243165, 34.7118625], [135.24323155, 34.71172256], [135.24325416, 34.711675], [135.24327555, 34.71163], [135.24334777, 34.71147861], [135.24341805, 34.71133056], [135.24344472, 34.71127444], [135.24353195, 34.71109139], [135.24355871, 34.71103517], [135.24372222, 34.71069167], [135.24388472, 34.71034972], [135.24389482, 34.71032857], [135.24394278, 34.71022806], [135.24397035, 34.71017009], [135.24407666, 34.70994667], [135.24419945, 34.70996694], [135.24447861, 34.70935139], [135.24449445, 34.70931639], [135.24469389, 34.70887667], [135.24477389, 34.7087], [135.24484666, 34.70858833], [135.24490472, 34.70849889], [135.24493028, 34.70845972], [135.24504166, 34.70828889], [135.2451275, 34.70815694], [135.24518389, 34.70816139], [135.24553639, 34.70819], [135.24577972, 34.70820973], [135.24579973, 34.70820861], [135.24598334, 34.70819833], [135.24643778, 34.70817306], [135.24713639, 34.70815139], [135.24721195, 34.70814889], [135.24760557, 34.70813788], [135.24762916, 34.70813722], [135.24765992, 34.70813567]]]}}, {"type": "Feature", "id": "did-1980-43", "properties": {"A16_001": "283821", "A16_002": "28382", "A16_003": "播磨町", "A16_004": "1", "A16_005": "22250", "A16_006": "6.1", "A16_007": "6175", "A16_008": "1.2", "A16_009": "83.9", "A16_010": "68.4", "A16_011": "1980", "year": 1980, "population": 22250.0, "areaKm2": 6.1, "density": 3647.540983606558}, "geometry": {"type": "Polygon", "coordinates": [[[134.88540197, 34.72468788], [134.88566139, 34.72448778], [134.88619416, 34.7241925], [134.88680305, 34.72382167], [134.88708973, 34.72367583], [134.88765555, 34.72338806], [134.88821695, 34.72316306], [134.88906166, 34.72261], [134.88930445, 34.72241389], [134.88941945, 34.72232083], [134.88967416, 34.72211583], [134.89, 34.72185361], [134.89026555, 34.72162028], [134.89034722, 34.72154861], [134.89043334, 34.72147306], [134.89071555, 34.721225], [134.89071555, 34.721225], [134.89079196, 34.72115759], [134.89089722, 34.72106472], [134.89105028, 34.72092972], [134.89106555, 34.72090944], [134.89112973, 34.72082417], [134.89128639, 34.72061528], [134.8915375, 34.72011889], [134.8916325, 34.71994278], [134.89140246, 34.7199914], [134.89130528, 34.72001194], [134.89071166, 34.72016278], [134.89040722, 34.72021944], [134.89016055, 34.72025583], [134.88998111, 34.72028222], [134.88972223, 34.72028861], [134.88959166, 34.72029861], [134.8894705, 34.72030776], [134.88945195, 34.72030917], [134.8892558, 34.72032422], [134.8892275, 34.72032639], [134.889025, 34.72031306], [134.88884695, 34.72030111], [134.88880889, 34.72023833], [134.88884623, 34.7201295], [134.88893834, 34.71986111], [134.88915139, 34.71945917], [134.88853212, 34.71940361], [134.88845166, 34.71939639], [134.88828805, 34.719365], [134.88817138, 34.71932344], [134.88789973, 34.71922667], [134.88772232, 34.71915943], [134.88771722, 34.7191575], [134.88771498, 34.7191553], [134.88759528, 34.71903806], [134.88754222, 34.7189], [134.88748111, 34.71884972], [134.88732889, 34.71884972], [134.88716462, 34.71888156], [134.8867125, 34.71896917], [134.88652222, 34.71897528], [134.88622555, 34.71900667], [134.88590584, 34.71901306], [134.88560166, 34.71900056], [134.88546874, 34.71897863], [134.88541139, 34.71896917], [134.88531555, 34.718895], [134.8852325, 34.71883083], [134.88507278, 34.71854167], [134.88498889, 34.71812694], [134.88498028, 34.7180525], [134.88494334, 34.71773083], [134.88493584, 34.71739167], [134.88485973, 34.71714028], [134.88482916, 34.71692639], [134.88481399, 34.71685968], [134.88481399, 34.71685968], [134.88384534, 34.71699151], [134.88351674, 34.71709605], [134.88302386, 34.71652848], [134.88276996, 34.71630444], [134.88254035, 34.71611571], [134.88209784, 34.71615506], [134.88172445, 34.71576673], [134.88046982, 34.71558747], [134.88057438, 34.71515433], [134.88058933, 34.71473613], [134.88038023, 34.71460171], [134.88012633, 34.71431792], [134.879738, 34.7138549], [134.87921525, 34.71342176], [134.87892123, 34.71374284], [134.87813024, 34.71472549], [134.8773872, 34.71563624], [134.87626065, 34.71681063], [134.8754363, 34.71658805], [134.87393576, 34.71613948], [134.86956645, 34.71498979], [134.8709705, 34.71330208], [134.87048362, 34.71221475], [134.87042388, 34.71205942], [134.87025661, 34.711689], [134.8700296, 34.71106767], [134.86991528, 34.71048304], [134.86988533, 34.71018345], [134.8699699, 34.70971748], [134.86971899, 34.70926343], [134.86955171, 34.70912004], [134.86942027, 34.70902445], [134.86841658, 34.7083792], [134.8693761, 34.70748709], [134.87084419, 34.70619886], [134.87184602, 34.70532043], [134.86967416, 34.70319787], [134.8675, 34.70488889], [134.86752859, 34.70491747], [134.86833333, 34.70572222], [134.86833333, 34.706], [134.8674014, 34.70506807], [134.86722222, 34.70488889], [134.86583333, 34.70683333], [134.86638889, 34.70738889], [134.86428093, 34.70896986], [134.86416667, 34.70905556], [134.86380234, 34.70850906], [134.86361111, 34.70822222], [134.8625, 34.70933333], [134.86050459, 34.71016475], [134.85944444, 34.70988889], [134.85928289, 34.70940424], [134.85923297, 34.70925446], [134.85916667, 34.70905556], [134.86, 34.70877778], [134.85972222, 34.70822222], [134.86166667, 34.70766667], [134.86193444, 34.70713113], [134.86194444, 34.70711111], [134.85833333, 34.69961111], [134.85333333, 34.69377778], [134.84, 34.69627778], [134.84583333, 34.70794444], [134.85305556, 34.70544444], [134.85369362, 34.7068801], [134.8538071, 34.70713542], [134.85396348, 34.70748728], [134.85416667, 34.70794444], [134.84972222, 34.70961111], [134.84972222, 34.70988889], [134.8475, 34.71072222], [134.84722222, 34.711], [134.8473409, 34.71123735], [134.84777778, 34.71211111], [134.85194444, 34.71127778], [134.85666667, 34.70961111], [134.85757044, 34.71015338], [134.85805556, 34.71044444], [134.85810238, 34.71042572], [134.85848862, 34.71082013], [134.85852305, 34.71171532], [134.85897065, 34.71181861], [134.85948571, 34.71253969], [134.85833333, 34.7135], [134.85757387, 34.71324684], [134.8575, 34.71322222], [134.85738511, 34.71299244], [134.85694444, 34.71211111], [134.85277778, 34.7135], [134.85361111, 34.71433333], [134.85, 34.71572222], [134.84944444, 34.71461111], [134.84714091, 34.71512301], [134.84714091, 34.71512301], [134.84727397, 34.71535607], [134.84750472, 34.71576028], [134.84792916, 34.7165775], [134.84797028, 34.71665639], [134.84803028, 34.7167725], [134.84834662, 34.71738056], [134.84850472, 34.71768444], [134.84863886, 34.71769228], [134.84866639, 34.71769389], [134.84880425, 34.71788221], [134.84881666, 34.71789917], [134.84886334, 34.71795115], [134.84904139, 34.71814944], [134.84906527, 34.71817583], [134.84905834, 34.71825056], [134.84903935, 34.71845962], [134.84899805, 34.71891444], [134.84898195, 34.71908944], [134.84897305, 34.71918639], [134.84894861, 34.71945556], [134.84894805, 34.71946028], [134.84894389, 34.71950722], [134.84894389, 34.71978306], [134.84894389, 34.71981952], [134.84894389, 34.71989611], [134.84903889, 34.72045806], [134.84905361, 34.72054528], [134.84914722, 34.72086722], [134.84918334, 34.72099056], [134.8491925, 34.7210225], [134.84927916, 34.72118], [134.8493325, 34.72122417], [134.84936584, 34.72125139], [134.84947528, 34.72128972], [134.84963722, 34.72129917], [134.85001055, 34.72127667], [134.85016834, 34.72126722], [134.85060473, 34.72124083], [134.85115695, 34.72121083], [134.85140584, 34.7211975], [134.85171388, 34.72118076], [134.85178916, 34.72117667], [134.85192834, 34.72116917], [134.85208973, 34.7212025], [134.85215916, 34.72126472], [134.852175, 34.72137944], [134.85218805, 34.72147472], [134.85217084, 34.72152723], [134.85210111, 34.72152806], [134.85170861, 34.72153194], [134.85157611, 34.72154527], [134.85147166, 34.72155583], [134.85146505, 34.72155798], [134.85131, 34.72160833], [134.85109027, 34.72178], [134.85099195, 34.72191833], [134.85097472, 34.72202806], [134.85100361, 34.72213806], [134.85111916, 34.72221889], [134.8511675, 34.72223639], [134.85127807, 34.72227663], [134.85131555, 34.72229028], [134.85153528, 34.7223525], [134.85162639, 34.72280333], [134.85171278, 34.72283694], [134.85181666, 34.72281306], [134.8520825, 34.72264111], [134.85220722, 34.72254972], [134.85232084, 34.72246667], [134.85238889, 34.72241694], [134.85246972, 34.72237861], [134.85265472, 34.72239306], [134.85295528, 34.72274139], [134.85299166, 34.72281278], [134.853065, 34.72295611], [134.85306543, 34.72295893], [134.8530825, 34.72307056], [134.85303611, 34.72315194], [134.85283389, 34.72326167], [134.85282805, 34.72331417], [134.85302139, 34.72360444], [134.85307889, 34.72369028], [134.8530825, 34.72369583], [134.85310555, 34.72383417], [134.85308805, 34.72398694], [134.85302305, 34.72424222], [134.8530175, 34.72434723], [134.85304139, 34.72442], [134.85306945, 34.72450473], [134.85310972, 34.72456639], [134.85313201, 34.72460057], [134.85319084, 34.72469083], [134.85325445, 34.72485806], [134.85327, 34.724925], [134.85327805, 34.72496111], [134.85332361, 34.72515833], [134.85333528, 34.72531583], [134.85333277, 34.72538358], [134.85332945, 34.72547333], [134.85334389, 34.72551167], [134.85338139, 34.72561167], [134.85349666, 34.72565944], [134.8535962, 34.72566298], [134.85362972, 34.72566417], [134.85387166, 34.72566611], [134.85436139, 34.72567028], [134.85481445, 34.72567389], [134.85569584, 34.72566778], [134.855875, 34.72568694], [134.85605389, 34.72573944], [134.85612666, 34.72576083], [134.85616139, 34.72577083], [134.85623305, 34.72579194], [134.8564525, 34.72579194], [134.85670695, 34.72576333], [134.85693084, 34.7256925], [134.85697834, 34.7256775], [134.85710555, 34.72566306], [134.85711674, 34.72566553], [134.85719222, 34.72568222], [134.85731623, 34.72577195], [134.85731623, 34.72577195], [134.85753264, 34.72592855], [134.857555, 34.72594472], [134.85760414, 34.72596956], [134.85760666, 34.72597083], [134.85764068, 34.72598795], [134.85785722, 34.72609694], [134.85804111, 34.72618972], [134.85826996, 34.7263052], [134.85831195, 34.72632639], [134.85855445, 34.72645056], [134.85882611, 34.72662222], [134.85898611, 34.72668722], [134.85917861, 34.72676556], [134.85972472, 34.72695528], [134.85984889, 34.72697417], [134.85994445, 34.72698861], [134.86001305, 34.72697972], [134.86002305, 34.72697833], [134.86031416, 34.72694083], [134.86045305, 34.72688833], [134.86053389, 34.72672611], [134.86069555, 34.72657333], [134.86125055, 34.72633944], [134.86127916, 34.72644944], [134.86116361, 34.72675472], [134.86115778, 34.72692667], [134.86122139, 34.72696], [134.86144666, 34.72696472], [134.86182805, 34.72715083], [134.86192639, 34.72714139], [134.86201889, 34.72709361], [134.86213445, 34.72696944], [134.86225584, 34.72689778], [134.8624175, 34.72688361], [134.86244867, 34.72688798], [134.86258805, 34.7269075], [134.86263186, 34.72692556], [134.86273834, 34.72696944], [134.86279611, 34.72706028], [134.86280778, 34.72731306], [134.86318334, 34.727275], [134.8633997, 34.72726219], [134.86350695, 34.72725583], [134.86364, 34.72729556], [134.86368694, 34.72730946], [134.86377978, 34.72725789], [134.86397097, 34.72699503], [134.8642654, 34.72664566], [134.86453881, 34.72645285], [134.86495368, 34.72604155], [134.86541683, 34.72571656], [134.86538194, 34.72555979], [134.86515252, 34.72565155], [134.8645192, 34.72568711], [134.8646272, 34.72541223], [134.86494137, 34.72483303], [134.86507609, 34.72449684], [134.8645561, 34.7236327], [134.86418905, 34.72294445], [134.86382965, 34.72225621], [134.86350848, 34.72172855], [134.86363085, 34.72139973], [134.86416593, 34.72100434], [134.86473536, 34.72039569], [134.86530478, 34.71979686], [134.86555803, 34.71953387], [134.86600922, 34.71975565], [134.8664604, 34.71999272], [134.86670867, 34.71988524], [134.86709155, 34.71960055], [134.8675234, 34.71922803], [134.86766105, 34.71915921], [134.86824022, 34.71873667], [134.86885872, 34.71831455], [134.86917526, 34.71807336], [134.86957293, 34.71774454], [134.86969529, 34.71765278], [134.86996294, 34.71761455], [134.8703759, 34.71770633], [134.87039025, 34.71773538], [134.8708713, 34.71788264], [134.87094179, 34.71800458], [134.87094942, 34.71837164], [134.87093412, 34.71874634], [134.87097234, 34.71894517], [134.87104881, 34.71923576], [134.87104116, 34.71941165], [134.87113292, 34.71956459], [134.87137762, 34.71981695], [134.87172174, 34.72014578], [134.87214233, 34.72050521], [134.87231822, 34.72058168], [134.87235644, 34.72083404], [134.87195113, 34.72111697], [134.87148463, 34.72144579], [134.87130109, 34.72160637], [134.87074282, 34.72200401], [134.87062047, 34.72206518], [134.87056693, 34.72219518], [134.87094929, 34.72237107], [134.8711787, 34.72262343], [134.87159929, 34.72292168], [134.87200076, 34.723324], [134.87220987, 34.72329413], [134.87355415, 34.72243088], [134.87395744, 34.72206944], [134.87419643, 34.72181554], [134.87519718, 34.72077006], [134.87692984, 34.71887325], [134.87724352, 34.71823102], [134.87905078, 34.71863433], [134.87982748, 34.7179025], [134.88010451, 34.7176266], [134.88049663, 34.71780692], [134.88140473, 34.71809371], [134.88204997, 34.7183327], [134.88224115, 34.71841634], [134.88240843, 34.71859557], [134.88202604, 34.71913325], [134.88093865, 34.72053121], [134.88074745, 34.72080603], [134.88026947, 34.72154683], [134.87975565, 34.72220399], [134.87954056, 34.72245491], [134.87928962, 34.72276557], [134.87888334, 34.7232674], [134.87908646, 34.72349443], [134.87922984, 34.72396043], [134.87970779, 34.72406797], [134.88038888, 34.72413968], [134.88099827, 34.72419944], [134.88105802, 34.7240919], [134.88121336, 34.72388878], [134.88134481, 34.72349448], [134.88144041, 34.72320771], [134.88148822, 34.72283731], [134.88178806, 34.72274237], [134.88233784, 34.72264421], [134.88251583, 34.72259836], [134.88264727, 34.72269395], [134.88286233, 34.72315995], [134.88322078, 34.72388882], [134.88336416, 34.72404416], [134.88359441, 34.72410699], [134.88378237, 34.72410391], [134.88411694, 34.72411587], [134.8843559, 34.72454602], [134.88540197, 34.72468788]]]}}, {"type": "Feature", "id": "did-1980-44", "properties": {"A16_001": "282031", "A16_002": "28203", "A16_003": "明石市", "A16_004": "1", "A16_005": "239348", "A16_006": "30.3", "A16_007": "207952", "A16_008": "25.1", "A16_009": "93.9", "A16_010": "61.5", "A16_011": "1980", "year": 1980, "population": 239348.0, "areaKm2": 30.3, "density": 7899.273927392739}, "geometry": {"type": "Polygon", "coordinates": [[[134.97191414, 34.67636236], [134.97199555, 34.67628167], [134.97190639, 34.67590556], [134.97183611, 34.67579417], [134.97153528, 34.67531694], [134.97136695, 34.67500667], [134.97143695, 34.67495306], [134.97150889, 34.67489833], [134.97189139, 34.67460611], [134.97193528, 34.67456778], [134.97205, 34.67446722], [134.97205972, 34.67416472], [134.97199805, 34.67412874], [134.97197639, 34.67411611], [134.97189594, 34.67406931], [134.97189139, 34.67406667], [134.97180695, 34.67406194], [134.97174305, 34.67405833], [134.97153834, 34.67398694], [134.9712975, 34.67390306], [134.97112916, 34.67387056], [134.97101055, 34.673805], [134.9708605, 34.6737086], [134.97074334, 34.67363333], [134.97053555, 34.67352722], [134.97040058, 34.67344912], [134.97033777, 34.67341278], [134.97029241, 34.67336644], [134.97023361, 34.67330639], [134.97019416, 34.67317556], [134.97018883, 34.67313147], [134.97012806, 34.67262957], [134.97011559, 34.67252653], [134.970115, 34.67252167], [134.97006555, 34.67244806], [134.96991272, 34.67240224], [134.96984778, 34.67238278], [134.96986822, 34.67223092], [134.9698775, 34.67216194], [134.96993084, 34.67194944], [134.96998639, 34.67172889], [134.97004555, 34.67147528], [134.97014161, 34.67132933], [134.97017445, 34.67127944], [134.97024266, 34.67121108], [134.97031305, 34.67114056], [134.97040195, 34.67091167], [134.97048611, 34.67069917], [134.97067389, 34.67059278], [134.97083222, 34.67042111], [134.97090175, 34.67031533], [134.97096111, 34.670225], [134.97098414, 34.67019698], [134.97108052, 34.67007972], [134.97112916, 34.67002056], [134.97117195, 34.66997939], [134.97123916, 34.66991472], [134.97140909, 34.66970454], [134.97145151, 34.66965207], [134.97147834, 34.66961889], [134.97150274, 34.66958869], [134.97162695, 34.669435], [134.97168111, 34.66934917], [134.97174666, 34.66924528], [134.97182278, 34.66912528], [134.97186857, 34.66905276], [134.97189084, 34.6690175], [134.97189389, 34.66900777], [134.97195861, 34.66880556], [134.97192735, 34.66865481], [134.97191334, 34.66858723], [134.97177778, 34.66830056], [134.97177778, 34.6682775], [134.97177778, 34.66815722], [134.97180222, 34.66812222], [134.97183223, 34.66807889], [134.9718625, 34.66803528], [134.97194889, 34.66791083], [134.97198139, 34.66786417], [134.9721925, 34.66772722], [134.97253166, 34.66767111], [134.97276236, 34.66761487], [134.97278805, 34.66760861], [134.97283152, 34.66757684], [134.97298416, 34.66746528], [134.97307033, 34.66732284], [134.9731275, 34.66722833], [134.97321805, 34.66714111], [134.97345916, 34.66702306], [134.9735875, 34.66693583], [134.97373834, 34.66671444], [134.97373834, 34.66663973], [134.97365528, 34.66654], [134.97351195, 34.66642778], [134.97349695, 34.66635917], [134.9736025, 34.66627806], [134.974085, 34.66616583], [134.97422873, 34.66610917], [134.97425834, 34.6660975], [134.97433753, 34.66602469], [134.97439278, 34.66597389], [134.97439416, 34.66597278], [134.97442716, 34.66587212], [134.97449222, 34.66567361], [134.97457139, 34.66532444], [134.97455916, 34.6650975], [134.97455611, 34.66504389], [134.97456695, 34.66501111], [134.97459361, 34.66493111], [134.97460874, 34.66488572], [134.97463916, 34.66479444], [134.97465609, 34.66475545], [134.97468945, 34.66467861], [134.97474111, 34.66455972], [134.97474472, 34.66455139], [134.97475695, 34.66453194], [134.97485778, 34.66437083], [134.9750267, 34.66426867], [134.97505389, 34.66425222], [134.97510666, 34.6641525], [134.97510596, 34.6641437], [134.97509916, 34.66405917], [134.97518195, 34.66397167], [134.97519936, 34.66394973], [134.97523111, 34.66390973], [134.97524778, 34.66388889], [134.97533927, 34.66377408], [134.97534805, 34.66376306], [134.97535305, 34.66374694], [134.97536861, 34.66369778], [134.97540055, 34.6635975], [134.97543084, 34.66350139], [134.97546111, 34.66331444], [134.97545428, 34.66326801], [134.97543084, 34.66310861], [134.97540084, 34.66296528], [134.9754279, 34.66284173], [134.97543084, 34.66282833], [134.97551, 34.66267723], [134.97552889, 34.66264111], [134.97548361, 34.66244167], [134.97539334, 34.66234194], [134.97509166, 34.66213639], [134.97500972, 34.66200694], [134.97500861, 34.66200528], [134.97495584, 34.66191194], [134.97495584, 34.66179972], [134.97500111, 34.66169361], [134.97511416, 34.66161889], [134.97525697, 34.66163526], [134.97538555, 34.66165], [134.97549111, 34.66162528], [134.97559695, 34.66154417], [134.97561945, 34.66138833], [134.97561314, 34.66127564], [134.97560445, 34.66112028], [134.97560445, 34.66090833], [134.97564973, 34.66073389], [134.97572089, 34.66062471], [134.97575528, 34.66057194], [134.97588334, 34.6604225], [134.97594139, 34.6603775], [134.97599639, 34.660335], [134.97613972, 34.66027278], [134.97621695, 34.66025778], [134.97626805, 34.66024778], [134.97635834, 34.66019806], [134.97641111, 34.66012306], [134.97642639, 34.65995806], [134.97632834, 34.65981472], [134.97622278, 34.65961528], [134.9762134, 34.65956128], [134.9762, 34.65948417], [134.97617, 34.65936583], [134.97621527, 34.65931583], [134.976645, 34.6591475], [134.97670055, 34.65912472], [134.97681084, 34.65907917], [134.97686361, 34.65902917], [134.97667528, 34.65863056], [134.97676781, 34.65859116], [134.97694861, 34.65851417], [134.97699665, 34.65849376], [134.97720305, 34.65840611], [134.97763472, 34.65833139], [134.97896472, 34.65797306], [134.97911414, 34.65793288], [134.97944238, 34.6578446], [134.97948945, 34.65783194], [134.97965945, 34.65778611], [134.97975611, 34.65776028], [134.97994945, 34.65770806], [134.97997416, 34.65776306], [134.98002945, 34.65788473], [134.98031528, 34.6585175], [134.98039714, 34.65869855], [134.98046222, 34.6588425], [134.98048614, 34.65886229], [134.98065195, 34.65899944], [134.98065555, 34.65900222], [134.98072611, 34.65906056], [134.98118611, 34.65988944], [134.98089777, 34.65999639], [134.98077599, 34.66004154], [134.98059805, 34.6601075], [134.98036416, 34.66025083], [134.9803375, 34.66029833], [134.98027361, 34.66041306], [134.98028889, 34.66062806], [134.9805225, 34.66117028], [134.98059805, 34.66124528], [134.98073361, 34.66123889], [134.98080414, 34.66117232], [134.98089195, 34.66108944], [134.980975, 34.66099583], [134.98108055, 34.66105194], [134.98110803, 34.66107223], [134.9812086, 34.66114646], [134.98129166, 34.66120778], [134.98136723, 34.66118278], [134.98151805, 34.66094611], [134.98165361, 34.66074639], [134.98181166, 34.66072167], [134.98186445, 34.66077778], [134.98191722, 34.66089611], [134.98192485, 34.66089904], [134.98203055, 34.66093972], [134.98213926, 34.66093721], [134.98222278, 34.66093528], [134.98229445, 34.66093361], [134.98236334, 34.66093361], [134.9824225, 34.66093361], [134.98245584, 34.66095473], [134.98255084, 34.66101444], [134.98266389, 34.66106444], [134.9828525, 34.66103944], [134.98308611, 34.66099583], [134.98326195, 34.66099139], [134.983335, 34.66098972], [134.9834875, 34.66101222], [134.98361722, 34.66100333], [134.983625, 34.66100111], [134.98373084, 34.66097083], [134.98380177, 34.66085137], [134.98380177, 34.66085137], [134.98392695, 34.66064056], [134.98420584, 34.66036667], [134.984515, 34.66007973], [134.98454312, 34.66005277], [134.98468916, 34.65991278], [134.9849675, 34.65964667], [134.98545611, 34.6592675], [134.98545777, 34.65926639], [134.98575945, 34.65892972], [134.98591777, 34.65864917], [134.9859325, 34.65861611], [134.98604584, 34.65836278], [134.98604584, 34.65824111], [134.98604584, 34.65774556], [134.98625334, 34.65752861], [134.98630222, 34.6574775], [134.98648305, 34.65740917], [134.98650934, 34.65740843], [134.9865534, 34.6574072], [134.98681166, 34.6574], [134.98690278, 34.6573975], [134.98693166, 34.65739667], [134.98759527, 34.65755861], [134.98763389, 34.65757056], [134.98804139, 34.65769583], [134.98821945, 34.65775056], [134.98827416, 34.6577675], [134.98889222, 34.6579575], [134.98894028, 34.65795139], [134.98908639, 34.65793278], [134.98938389, 34.65774944], [134.98944389, 34.6577125], [134.98950111, 34.65767722], [134.98958777, 34.65767917], [134.98978778, 34.65768333], [134.99055291, 34.6576162], [134.99063945, 34.65760861], [134.99089584, 34.65763973], [134.99094119, 34.65765222], [134.99134834, 34.65776444], [134.991635, 34.65782056], [134.99183861, 34.65782667], [134.99226775, 34.65762169], [134.99236084, 34.65757722], [134.99251916, 34.65759], [134.99255829, 34.65760251], [134.99265472, 34.65763333], [134.993145, 34.65786417], [134.99357686, 34.6579771], [134.9935975, 34.6579825], [134.99397416, 34.65805111], [134.9943225, 34.658095], [134.99441916, 34.65810722], [134.99457, 34.65815083], [134.99478582, 34.65828711], [134.99485639, 34.65833167], [134.99492405, 34.6583641], [134.99523305, 34.65851223], [134.99554509, 34.65866185], [134.99570111, 34.65873667], [134.99595779, 34.65890756], [134.99601028, 34.6589425], [134.99629666, 34.65902973], [134.99637191, 34.65903145], [134.99657584, 34.65903611], [134.99684723, 34.65899222], [134.99701195, 34.65892194], [134.99709445, 34.65888528], [134.99715834, 34.65887778], [134.99723361, 34.65888167], [134.99726046, 34.65888488], [134.99727305, 34.65888639], [134.99731945, 34.65886639], [134.99736714, 34.65875225], [134.99737528, 34.65873277], [134.99748972, 34.65861778], [134.99770834, 34.65850694], [134.99794666, 34.65839611], [134.99802611, 34.6583425], [134.99816028, 34.65811667], [134.99817972, 34.65809438], [134.99824972, 34.65801417], [134.99840889, 34.65792361], [134.99851305, 34.6578375], [134.99865541, 34.65764811], [134.99872206, 34.65755947], [134.99881616, 34.65743431], [134.99890084, 34.65732167], [134.99902, 34.65723528], [134.99906306, 34.65721849], [134.99919889, 34.65716556], [134.99946202, 34.6570155], [134.99948758, 34.65700093], [134.99953889, 34.65697167], [134.99963111, 34.65691917], [134.99973055, 34.65690667], [135.00008222, 34.65720667], [135.00011611, 34.65723559], [135.00018789, 34.65729686], [135.00021884, 34.65732331], [135.00024555, 34.65734611], [135.00049584, 34.65753361], [135.00059916, 34.65761083], [135.00078145, 34.65774733], [135.0010015, 34.65791211], [135.00126389, 34.65810861], [135.00139639, 34.65816972], [135.00159445, 34.65826111], [135.00160166, 34.65826444], [135.00215445, 34.65874417], [135.0022925, 34.65886417], [135.00248044, 34.65907182], [135.00252305, 34.65911889], [135.00283655, 34.65894984], [135.00317186, 34.65876902], [135.00331584, 34.65869139], [135.00356639, 34.65855611], [135.00360895, 34.658531], [135.00458972, 34.6579525], [135.00476861, 34.65773917], [135.00492111, 34.65739], [135.00496613, 34.65740985], [135.00500111, 34.65742528], [135.00507395, 34.65745755], [135.00514778, 34.65749028], [135.00529628, 34.65755608], [135.00570945, 34.65773917], [135.00608695, 34.65794028], [135.00618639, 34.65803472], [135.0062325, 34.6581375], [135.0062325, 34.6582525], [135.00628084, 34.65837139], [135.00678278, 34.65897111], [135.00753778, 34.659795], [135.00779611, 34.66001667], [135.00795028, 34.66010278], [135.008, 34.66009472], [135.00815099, 34.65997081], [135.00829727, 34.65985075], [135.0083175, 34.65983417], [135.00833741, 34.65985361], [135.00834666, 34.65986265], [135.00843805, 34.65995194], [135.00867322, 34.66018175], [135.00886416, 34.66036833], [135.00903584, 34.66032056], [135.00918294, 34.66027971], [135.00923389, 34.66026556], [135.00950222, 34.66023277], [135.00980028, 34.66025333], [135.00990945, 34.66023667], [135.01010834, 34.66017528], [135.01034166, 34.66016278], [135.01060958, 34.66023287], [135.01064, 34.66024083], [135.01070458, 34.66024838], [135.01092305, 34.66027389], [135.01105722, 34.66034778], [135.01114166, 34.66043389], [135.01116666, 34.66054472], [135.01114166, 34.6606475], [135.01106222, 34.66071333], [135.01095778, 34.66074194], [135.01081889, 34.66074194], [135.01075948, 34.66073482], [135.01047584, 34.66070083], [135.0102325, 34.66072556], [135.00999389, 34.66078722], [135.009825, 34.66086917], [135.00977028, 34.66094333], [135.00975416, 34.66107028], [135.00975055, 34.66109917], [135.00979527, 34.66118972], [135.01001889, 34.66130889], [135.01015272, 34.66135866], [135.01016877, 34.66136463], [135.01031695, 34.66141972], [135.01054861, 34.66146528], [135.01063, 34.66148111], [135.01086361, 34.66148527], [135.01104223, 34.66146889], [135.01122111, 34.66141806], [135.01136811, 34.66140014], [135.01138972, 34.6613975], [135.01144355, 34.66140237], [135.01166305, 34.66142223], [135.01215278, 34.66148514], [135.01217334, 34.66148778], [135.01265028, 34.66147972], [135.01299316, 34.66151678], [135.01302805, 34.66152056], [135.01341055, 34.66150833], [135.01346922, 34.66141856], [135.013475, 34.66140972], [135.013515, 34.6613975], [135.01399195, 34.66160278], [135.01405139, 34.66159056], [135.01435445, 34.66122917], [135.01433889, 34.66113], [135.01431972, 34.66100722], [135.01412069, 34.66085037], [135.01381639, 34.66061056], [135.01381139, 34.66054889], [135.01381998, 34.6605366], [135.01388222, 34.6604475], [135.01396055, 34.66033528], [135.01395555, 34.66028194], [135.01383139, 34.66014222], [135.01383139, 34.66008083], [135.01389584, 34.66006028], [135.01440534, 34.66027666], [135.01441778, 34.66028194], [135.01474555, 34.66037639], [135.01489472, 34.66046667], [135.01500361, 34.66059], [135.01501269, 34.66061478], [135.01506834, 34.66076667], [135.01510805, 34.66093083], [135.01516278, 34.66100472], [135.01522722, 34.66100083], [135.01526195, 34.66095139], [135.01522222, 34.66085278], [135.01509805, 34.66049556], [135.01512778, 34.66040528], [135.0151925, 34.66038472], [135.01526195, 34.66045028], [135.01532166, 34.66068027], [135.01544084, 34.66090222], [135.01548055, 34.66094722], [135.01553516, 34.66093223], [135.01554028, 34.66093083], [135.01557, 34.66086111], [135.01556534, 34.66061583], [135.015565, 34.66059833], [135.01560472, 34.66050389], [135.01567445, 34.66046667], [135.01574889, 34.66048333], [135.01578598, 34.66052514], [135.01591278, 34.66066806], [135.0159675, 34.66070083], [135.01621111, 34.66069278], [135.01631722, 34.66065167], [135.01640334, 34.66058556], [135.01645639, 34.66054472], [135.01649611, 34.66041333], [135.01646139, 34.6602575], [135.01638695, 34.66007278], [135.01635887, 34.66000012], [135.01634722, 34.65997], [135.01636695, 34.65993306], [135.01647041, 34.65992087], [135.01650611, 34.65991667], [135.016675, 34.659925], [135.01685889, 34.65988806], [135.01696555, 34.65980694], [135.01704278, 34.65974833], [135.01706361, 34.65974278], [135.01716695, 34.65971556], [135.01738555, 34.6597525], [135.01749961, 34.6597525], [135.01749972, 34.6597525], [135.01756945, 34.65973194], [135.01760916, 34.65966194], [135.01759916, 34.65955528], [135.01754467, 34.65949049], [135.01751972, 34.65946083], [135.0175146, 34.65946049], [135.01739555, 34.6594525], [135.01724252, 34.65947556], [135.0170675, 34.65950194], [135.01697305, 34.65948139], [135.01692862, 34.65944642], [135.01687389, 34.65940333], [135.01681416, 34.65939917], [135.01663528, 34.65946083], [135.01642377, 34.65948628], [135.01585028, 34.65955528], [135.01536334, 34.65958417], [135.01517472, 34.65958], [135.01500084, 34.65955528], [135.01485695, 34.65950611], [135.0147575, 34.65943611], [135.01469305, 34.65933278], [135.01468305, 34.65921028], [135.01473278, 34.65910917], [135.01482695, 34.65902306], [135.01506055, 34.65888583], [135.01522516, 34.65879164], [135.01523955, 34.65878342], [135.01550277, 34.65863278], [135.01562666, 34.6586], [135.01585528, 34.65859167], [135.015905, 34.65856722], [135.01588798, 34.65852867], [135.015885, 34.65852194], [135.01572611, 34.65841528], [135.01561195, 34.65838639], [135.01547805, 34.65839861], [135.01505722, 34.65857111], [135.01487834, 34.65866556], [135.01468945, 34.65879722], [135.0146342, 34.65881342], [135.01458611, 34.6588275], [135.01443111, 34.65878889], [135.01434166, 34.65871083], [135.01413305, 34.65846194], [135.01402361, 34.65828139], [135.01391445, 34.65815806], [135.01390945, 34.65809639], [135.01397389, 34.65805528], [135.0144641, 34.6580002], [135.01450055, 34.65799611], [135.01471416, 34.65793861], [135.01489305, 34.65785], [135.01490475, 34.65784086], [135.01495528, 34.65780139], [135.01506695, 34.65771444], [135.01520611, 34.65754222], [135.01518639, 34.65747667], [135.01515, 34.65745667], [135.01500361, 34.65737556], [135.01462567, 34.65716624], [135.01457028, 34.65713556], [135.01456589, 34.65710125], [135.01456436, 34.65708933], [135.01456028, 34.6570575], [135.01459427, 34.6570202], [135.01460028, 34.65701361], [135.01462738, 34.6569837], [135.01466472, 34.6569425], [135.01474416, 34.65692611], [135.01475684, 34.65693297], [135.01500555, 34.65706806], [135.01529389, 34.65722444], [135.01540973, 34.6572875], [135.01562195, 34.65737806], [135.01594405, 34.65766861], [135.01638195, 34.65806361], [135.01646416, 34.65813472], [135.01656979, 34.65822597], [135.01704883, 34.65788996], [135.01696503, 34.65764346], [135.01664089, 34.65708914], [135.01645602, 34.65674249], [135.01638671, 34.65632652], [135.01647146, 34.65580272], [135.01659533, 34.65579471], [135.01683197, 34.65582429], [135.01776561, 34.6559337], [135.01795821, 34.65533286], [135.01778874, 34.65526353], [135.01732655, 34.65517878], [135.01734968, 34.65449321], [135.0173805, 34.65415427], [135.01755768, 34.65401562], [135.01785749, 34.65406924], [135.01825189, 34.65434533], [135.01850332, 34.65469044], [135.01869775, 34.65477055], [135.0192986, 34.65487841], [135.02003041, 34.65495546], [135.0208303, 34.65564197], [135.02136305, 34.65587215], [135.02277273, 34.656396], [135.0236355, 34.65649616], [135.02368942, 34.65662711], [135.02399753, 34.65728958], [135.02412848, 34.65728959], [135.02436729, 34.65716634], [135.02464461, 34.65711243], [135.02479096, 34.65739745], [135.0248757, 34.65737434], [135.02499896, 34.65718176], [135.02522236, 34.65718947], [135.02614673, 34.65773641], [135.02621606, 34.65778263], [135.02723287, 34.65869162], [135.02720975, 34.65885338], [135.02676601, 34.6596699], [135.02671669, 34.66026304], [135.02683994, 34.66035548], [135.0269786, 34.66037859], [135.02704793, 34.66032467], [135.02724915, 34.65995585], [135.02746393, 34.65966222], [135.02786451, 34.65945424], [135.02808791, 34.65940803], [135.02846537, 34.65937722], [135.02940517, 34.65941576], [135.03006766, 34.65913846], [135.03024176, 34.65906359], [135.0306223, 34.65917699], [135.03093936, 34.65935679], [135.03079612, 34.65948493], [135.03089676, 34.65959287], [135.03089676, 34.65959287], [135.03091305, 34.65958277], [135.03105941, 34.65949106], [135.0316525, 34.65911944], [135.03176641, 34.65903894], [135.03251666, 34.65850889], [135.03250472, 34.65843972], [135.03234861, 34.65831194], [135.0322845, 34.65825965], [135.03214973, 34.65814972], [135.0318525, 34.65790667], [135.031765, 34.657835], [135.03165916, 34.65774861], [135.0314875, 34.65760833], [135.03139055, 34.65752889], [135.031305, 34.65744417], [135.0311582, 34.65729917], [135.03085139, 34.65699611], [135.03060509, 34.65670025], [135.03053389, 34.65661472], [135.030455, 34.65651333], [135.03041305, 34.65645944], [135.03037222, 34.65640694], [135.0303148, 34.65629536], [135.03015055, 34.65597611], [135.0300622, 34.65584042], [135.02968972, 34.65526833], [135.02948, 34.65501], [135.02942464, 34.65495829], [135.02937312, 34.65491015], [135.02934916, 34.65488778], [135.02911472, 34.65466833], [135.02878814, 34.65440881], [135.02849778, 34.65417806], [135.02762334, 34.65353444], [135.02731889, 34.65332944], [135.02726184, 34.65329097], [135.02722602, 34.65326681], [135.02699722, 34.6531125], [135.0267875, 34.65297111], [135.02677611, 34.65296361], [135.02615055, 34.65254222], [135.0259325, 34.65239556], [135.02581805, 34.65231833], [135.02570153, 34.65223042], [135.02564611, 34.65218861], [135.02544666, 34.65203833], [135.02478195, 34.65153833], [135.02453441, 34.65127408], [135.02449445, 34.65123139], [135.02429695, 34.65094417], [135.0241922, 34.65080967], [135.02394972, 34.65049833], [135.02351584, 34.6499725], [135.02324655, 34.64975848], [135.02323695, 34.64975083], [135.02280222, 34.64948183], [135.02275528, 34.64945278], [135.02223295, 34.64915378], [135.02213222, 34.64909611], [135.022087, 34.64906933], [135.02193139, 34.64897723], [135.02172695, 34.64885583], [135.02172122, 34.64885158], [135.02137361, 34.64859333], [135.02087055, 34.6481675], [135.02051722, 34.64782611], [135.02011584, 34.64739722], [135.02011498, 34.64738858], [135.02010972, 34.64733583], [135.02015159, 34.64718745], [135.02016639, 34.647135], [135.02017166, 34.64711611], [135.02025195, 34.64683194], [135.02026555, 34.64678333], [135.02023389, 34.64661278], [135.02007111, 34.64636819], [135.02002055, 34.64629223], [135.01999611, 34.64625528], [135.01998374, 34.64623233], [135.01990028, 34.6460775], [135.01978027, 34.64573083], [135.01965523, 34.64550904], [135.01962909, 34.64546267], [135.01959361, 34.64539972], [135.01943166, 34.64508444], [135.01936328, 34.64495112], [135.01920555, 34.64464361], [135.01915166, 34.64446333], [135.01911555, 34.64431028], [135.01903805, 34.64398], [135.01899277, 34.64387], [135.01899222, 34.64386833], [135.01891389, 34.64372583], [135.01883, 34.64357278], [135.01873111, 34.6433925], [135.01861111, 34.64325], [135.01861111, 34.64325], [135.01138889, 34.64408333], [135.00789859, 34.64374556], [135.00578355, 34.64354088], [135.00377415, 34.64334642], [135.00277778, 34.64325], [135.00257348, 34.6428414], [135.0025, 34.64269444], [135.00166667, 34.64269444], [135.00138889, 34.64213889], [134.99833333, 34.64213889], [134.99805556, 34.64241667], [134.99722222, 34.64241667], [134.99444444, 34.64213889], [134.99444444, 34.64269444], [134.99527778, 34.64408333], [134.99499211, 34.64408333], [134.99361111, 34.64408333], [134.99277778, 34.64325], [134.99194444, 34.64352778], [134.99027778, 34.64297222], [134.99027778, 34.64380556], [134.99111111, 34.64436111], [134.99305556, 34.64436111], [134.99305556, 34.644682], [134.99305556, 34.64491667], [134.99222222, 34.64463889], [134.99055556, 34.64519444], [134.99039663, 34.64515471], [134.98988319, 34.64502635], [134.98944444, 34.64491667], [134.98944444, 34.64354765], [134.98944444, 34.64352778], [134.99027778, 34.64241667], [134.98972222, 34.64186111], [134.98944444, 34.64213889], [134.98833333, 34.64186111], [134.98805556, 34.64130556], [134.98722222, 34.64158333], [134.98694444, 34.64130556], [134.98666667, 34.64158333], [134.98555556, 34.64158333], [134.98555556, 34.64130556], [134.985, 34.64130556], [134.98527778, 34.64158333], [134.98154031, 34.6418503], [134.98138889, 34.64186111], [134.98166667, 34.64130556], [134.9825, 34.64075], [134.98138889, 34.64130556], [134.98111111, 34.64186111], [134.97761893, 34.64310832], [134.97743344, 34.64317456], [134.97722222, 34.64325], [134.97638889, 34.64297222], [134.97472222, 34.64380556], [134.9725, 34.64325], [134.97277778, 34.64380556], [134.97142466, 34.64457036], [134.96933439, 34.64575182], [134.96932289, 34.64575832], [134.96638889, 34.64741667], [134.96583333, 34.64602778], [134.96361111, 34.64713889], [134.96388889, 34.64852778], [134.96222222, 34.64991667], [134.96174929, 34.6501382], [134.95694444, 34.65238889], [134.95422613, 34.65448587], [134.94722222, 34.65988889], [134.94277814, 34.66277154], [134.93694444, 34.66655556], [134.93650725, 34.66655556], [134.93583333, 34.66655556], [134.93138889, 34.66988889], [134.92833333, 34.67155556], [134.92594867, 34.67243411], [134.92305556, 34.6735], [134.92083333, 34.67377778], [134.91638889, 34.67516667], [134.91527778, 34.67488889], [134.9125, 34.676], [134.91194444, 34.67544444], [134.91083333, 34.67572222], [134.90972222, 34.67627778], [134.90972222, 34.676], [134.91083333, 34.67544444], [134.91098221, 34.67540534], [134.91099477, 34.67533], [134.91090688, 34.67526722], [134.91074365, 34.67529234], [134.91037952, 34.67533], [134.91000284, 34.67535512], [134.90985216, 34.67546812], [134.90927458, 34.67583225], [134.90878489, 34.67612104], [134.90830776, 34.67643494], [134.90790238, 34.67647179], [134.90388889, 34.68155556], [134.90273052, 34.68259809], [134.90111111, 34.68405556], [134.89770644, 34.68663841], [134.89495572, 34.68872516], [134.89381247, 34.68959246], [134.89312642, 34.6901129], [134.89307032, 34.69015547], [134.89305556, 34.69016667], [134.89266433, 34.69049269], [134.88989503, 34.69280044], [134.88972222, 34.69294444], [134.889573, 34.69292579], [134.88895176, 34.69284814], [134.88835594, 34.69277366], [134.88781762, 34.69270637], [134.88772228, 34.69269445], [134.88754164, 34.69267187], [134.8875, 34.69266667], [134.88756185, 34.6926914], [134.88794916, 34.69284633], [134.88888889, 34.69322222], [134.88856624, 34.69341581], [134.88842003, 34.69350354], [134.88791114, 34.69380887], [134.88738576, 34.6941241], [134.88635598, 34.69474197], [134.88611111, 34.69488889], [134.88611111, 34.69416892], [134.88611111, 34.69412647], [134.88611111, 34.69405556], [134.8875, 34.69322222], [134.8869497, 34.69294707], [134.88694444, 34.69294444], [134.88555556, 34.6935], [134.885, 34.69294444], [134.88490676, 34.69303768], [134.88472881, 34.69321563], [134.88472222, 34.69322222], [134.88527778, 34.69377778], [134.88219033, 34.69645357], [134.8812824, 34.69724044], [134.88111111, 34.69738889], [134.88075764, 34.69756563], [134.88042117, 34.69773386], [134.88037744, 34.69775572], [134.87879987, 34.69854451], [134.87631882, 34.69978504], [134.87626325, 34.69981282], [134.875, 34.70044444], [134.87472222, 34.69988889], [134.87460141, 34.70013052], [134.8745528, 34.70022773], [134.87444444, 34.70044444], [134.87277349, 34.70127992], [134.87264097, 34.70134618], [134.87280626, 34.70182878], [134.8730423, 34.70212586], [134.87323937, 34.70246573], [134.87348137, 34.7026959], [134.87407451, 34.70310417], [134.87445968, 34.70303485], [134.874737, 34.70293472], [134.87547652, 34.70271135], [134.87631619, 34.70246487], [134.87645485, 34.70241865], [134.87674758, 34.7022723], [134.87704031, 34.70220298], [134.87768739, 34.70203353], [134.87791849, 34.70192569], [134.87806485, 34.7019488], [134.87848081, 34.7026806], [134.8787273, 34.70295792], [134.87913556, 34.70358958], [134.8792511, 34.70374365], [134.8792665, 34.70390541], [134.87920126, 34.70396905], [134.87885822, 34.70417501], [134.87805471, 34.70473336], [134.87750903, 34.70512896], [134.87725325, 34.7053095], [134.8768771, 34.70561039], [134.87683196, 34.7057157], [134.87713745, 34.70590531], [134.87754509, 34.70631296], [134.87787007, 34.70652816], [134.87874273, 34.70589629], [134.87940503, 34.70547224], [134.88009685, 34.70505379], [134.8811952, 34.70439183], [134.88185101, 34.70396911], [134.8824625, 34.70351053], [134.88299756, 34.70328124], [134.8832992, 34.70306009], [134.88348216, 34.70300232], [134.8835977, 34.70314676], [134.88383833, 34.70358699], [134.88437761, 34.70458148], [134.88496499, 34.70466815], [134.88537903, 34.70486074], [134.88565827, 34.70503406], [134.88596639, 34.7053133], [134.88614933, 34.70569846], [134.88605303, 34.70603547], [134.885716, 34.70632433], [134.88495527, 34.70717165], [134.88462787, 34.70750866], [134.88445454, 34.70772049], [134.88373233, 34.70853892], [134.88353011, 34.7087315], [134.88349159, 34.70889519], [134.88388638, 34.70911666], [134.88452188, 34.70959812], [134.88468557, 34.70974255], [134.88502258, 34.71011809], [134.88504183, 34.71025289], [134.88545587, 34.71060917], [134.88597584, 34.71073436], [134.88600473, 34.71079213], [134.88618768, 34.71087879], [134.88666914, 34.71065734], [134.88702541, 34.7107729], [134.88710244, 34.71088844], [134.88695797, 34.71196687], [134.88747022, 34.71250225], [134.88754725, 34.71267942], [134.88780144, 34.71316472], [134.88767048, 34.71333419], [134.88755493, 34.71340351], [134.88733923, 34.71361919], [134.88714664, 34.71374244], [134.8870465, 34.71381177], [134.88664593, 34.71381176], [134.88643794, 34.71383486], [134.88606048, 34.71380404], [134.88569072, 34.71388877], [134.88530555, 34.71401971], [134.88502822, 34.71415066], [134.88477401, 34.71430471], [134.88450439, 34.71441255], [134.88421936, 34.71466674], [134.88380199, 34.71492385], [134.8838236, 34.7149465], [134.88446, 34.71561333], [134.88464278, 34.71584583], [134.88469611, 34.71607194], [134.88471111, 34.71636111], [134.88474916, 34.71657472], [134.88481399, 34.71685968], [134.88481399, 34.71685968], [134.88482916, 34.71692639], [134.88485973, 34.71714028], [134.88493584, 34.71739167], [134.88494334, 34.71773083], [134.88498028, 34.7180525], [134.88498889, 34.71812694], [134.88507278, 34.71854167], [134.8852325, 34.71883083], [134.88531555, 34.718895], [134.88541139, 34.71896917], [134.88546874, 34.71897863], [134.88560166, 34.71900056], [134.88590584, 34.71901306], [134.88622555, 34.71900667], [134.88652222, 34.71897528], [134.8867125, 34.71896917], [134.88716462, 34.71888156], [134.88732889, 34.71884972], [134.88748111, 34.71884972], [134.88754222, 34.7189], [134.88759528, 34.71903806], [134.88771498, 34.7191553], [134.88771722, 34.7191575], [134.88772232, 34.71915943], [134.88789973, 34.71922667], [134.88817138, 34.71932344], [134.88828805, 34.719365], [134.88845166, 34.71939639], [134.88853212, 34.71940361], [134.88915139, 34.71945917], [134.88893834, 34.71986111], [134.88884623, 34.7201295], [134.88880889, 34.72023833], [134.88884695, 34.72030111], [134.889025, 34.72031306], [134.8892275, 34.72032639], [134.8892558, 34.72032422], [134.88945195, 34.72030917], [134.8894705, 34.72030776], [134.88959166, 34.72029861], [134.88972223, 34.72028861], [134.88998111, 34.72028222], [134.89016055, 34.72025583], [134.89040722, 34.72021944], [134.89071166, 34.72016278], [134.89130528, 34.72001194], [134.89140246, 34.7199914], [134.8916325, 34.71994278], [134.8915375, 34.72011889], [134.89128639, 34.72061528], [134.89112973, 34.72082417], [134.89106555, 34.72090944], [134.89105028, 34.72092972], [134.89089722, 34.72106472], [134.89079196, 34.72115759], [134.89071555, 34.721225], [134.89071555, 34.721225], [134.89082195, 34.72146389], [134.89082305, 34.721555], [134.89082472, 34.72168639], [134.89082715, 34.72188183], [134.89082723, 34.7218875], [134.89082889, 34.72201667], [134.89082972, 34.72207222], [134.89083389, 34.72211028], [134.8908525, 34.72228583], [134.89088055, 34.72241361], [134.89089055, 34.72245917], [134.89090805, 34.72253889], [134.89091334, 34.72256222], [134.89099695, 34.72266889], [134.89144028, 34.72300056], [134.89147611, 34.72302723], [134.89161639, 34.72317306], [134.89165139, 34.72320944], [134.89170473, 34.72326722], [134.8917532, 34.72331952], [134.89184916, 34.72342306], [134.89186361, 34.72343194], [134.89191334, 34.72346278], [134.89212305, 34.72359278], [134.89227113, 34.72367428], [134.89236278, 34.72372472], [134.89240518, 34.7237661], [134.89261416, 34.72397], [134.89272805, 34.72418361], [134.89288805, 34.72434083], [134.89323805, 34.72452306], [134.89361111, 34.72457333], [134.89370639, 34.72455222], [134.89373956, 34.72454484], [134.8937975, 34.72453194], [134.89392305, 34.72450417], [134.89419445, 34.72441277], [134.89439805, 34.72434389], [134.89446305, 34.72432194], [134.89458861, 34.72433722], [134.89468334, 34.72434889], [134.89475395, 34.72435759], [134.89482084, 34.72436583], [134.89549528, 34.72472417], [134.89566334, 34.72479917], [134.89575389, 34.72483973], [134.89587361, 34.72489306], [134.89596334, 34.72493306], [134.89600416, 34.72495139], [134.89605834, 34.72497556], [134.89609916, 34.72498889], [134.89667861, 34.72517667], [134.89699861, 34.72527583], [134.89703222, 34.72528611], [134.89710472, 34.72530861], [134.89725055, 34.72533972], [134.89736278, 34.72536361], [134.89744617, 34.72538145], [134.89754584, 34.72540278], [134.89761037, 34.72540928], [134.89770834, 34.72541917], [134.89791195, 34.72543972], [134.89818403, 34.72546739], [134.89829166, 34.72547833], [134.89909861, 34.7255475], [134.89998139, 34.72559139], [134.89998139, 34.72559139], [134.90034973, 34.72559639], [134.90053416, 34.72559917], [134.90109, 34.72560667], [134.90193084, 34.72561833], [134.90204472, 34.72562], [134.90216278, 34.72562167], [134.90225876, 34.72562297], [134.90234095, 34.7251884], [134.90264187, 34.72473706], [134.90330015, 34.72374034], [134.90301805, 34.72360868], [134.90267952, 34.72358987], [134.90224697, 34.72353344], [134.90195277, 34.72363834], [134.90170156, 34.72370269], [134.90116293, 34.72414788], [134.90078073, 34.72473386], [134.90062787, 34.72453003], [134.90029667, 34.72394404], [134.90006738, 34.72343448], [134.89967044, 34.72308203], [134.89946582, 34.72316553], [134.89925207, 34.72343446], [134.89882787, 34.72368306], [134.89869154, 34.72376566], [134.89785294, 34.72339417], [134.89785293, 34.72368304], [134.89731129, 34.7235386], [134.89697428, 34.72326176], [134.89660116, 34.7231775], [134.89599935, 34.72290065], [134.89543035, 34.72251718], [134.89507367, 34.72218596], [134.89466603, 34.72180378], [134.89452614, 34.72137445], [134.89454541, 34.72112409], [134.89456468, 34.7207582], [134.89462246, 34.72045971], [134.89470914, 34.72008418], [134.89471878, 34.71987235], [134.8942277, 34.7195931], [134.89380403, 34.71935237], [134.89418203, 34.71912861], [134.89469161, 34.71867003], [134.89520119, 34.71828787], [134.89532546, 34.71827397], [134.89599103, 34.71782929], [134.89629678, 34.71754905], [134.89701019, 34.71703951], [134.89746882, 34.71665735], [134.89784836, 34.71628085], [134.89790344, 34.71610291], [134.89759623, 34.71586755], [134.89718398, 34.71531795], [134.89728991, 34.71515426], [134.89769433, 34.71504835], [134.89783877, 34.71500021], [134.89832023, 34.71498097], [134.89864762, 34.71494438], [134.89902315, 34.71511579], [134.89912906, 34.71534688], [134.89937941, 34.71550095], [134.89988974, 34.71599203], [134.90004215, 34.71614786], [134.90016513, 34.71621543], [134.90023638, 34.71632905], [134.9003423, 34.71634831], [134.90042896, 34.7163772], [134.90064081, 34.71598242], [134.90073008, 34.71568928], [134.90121417, 34.71540903], [134.90164731, 34.71525618], [134.90230975, 34.71515428], [134.90294672, 34.71487404], [134.90354885, 34.71449964], [134.90358369, 34.71444093], [134.90395329, 34.7141819], [134.90411699, 34.71397007], [134.90435773, 34.71367158], [134.9033852, 34.71332492], [134.90264376, 34.71307455], [134.90245118, 34.71299751], [134.9019601, 34.71284344], [134.90155569, 34.712699], [134.90098496, 34.71253005], [134.90055182, 34.71296316], [134.90031351, 34.71335373], [134.90011867, 34.71342175], [134.89994761, 34.71322855], [134.89985132, 34.71303597], [134.89953356, 34.71300708], [134.89932172, 34.71304559], [134.89889804, 34.71301669], [134.89819512, 34.71272781], [134.89788699, 34.71276632], [134.89760775, 34.71277594], [134.89739251, 34.71270831], [134.89703582, 34.71252996], [134.89678103, 34.71283568], [134.89639884, 34.71321784], [134.89619501, 34.71339618], [134.89601666, 34.71319235], [134.8954307, 34.71219871], [134.8950995, 34.71158724], [134.89472871, 34.71079233], [134.89461544, 34.71054264], [134.89497909, 34.70999314], [134.89467097, 34.70977167], [134.89437247, 34.70953094], [134.89426655, 34.70944428], [134.89399694, 34.70944427], [134.8938525, 34.70955981], [134.89350585, 34.70968498], [134.89334215, 34.70974275], [134.89307254, 34.70966571], [134.89288959, 34.70955979], [134.89271627, 34.70936721], [134.8925237, 34.70906871], [134.89239889, 34.7087082], [134.89229264, 34.70776881], [134.89211933, 34.70721996], [134.8922349, 34.70681555], [134.89227342, 34.70664223], [134.89229269, 34.70630522], [134.8920168, 34.70593112], [134.89178752, 34.70542156], [134.89143084, 34.704912], [134.89136835, 34.70457201], [134.89156094, 34.70449498], [134.89192685, 34.70435055], [134.89193648, 34.70416761], [134.89183852, 34.70407125], [134.89184983, 34.7039654], [134.89210019, 34.703898], [134.89229714, 34.703791], [134.89280312, 34.7037247], [134.89281274, 34.70391728], [134.89292828, 34.70410023], [134.89301494, 34.70420615], [134.89314975, 34.70431207], [134.89340973, 34.70431207], [134.89364083, 34.70428319], [134.89406452, 34.70418691], [134.89430522, 34.70483205], [134.89448822, 34.70542163], [134.89479628, 34.7057468], [134.89513329, 34.70594902], [134.89546067, 34.7063727], [134.8956051, 34.7065749], [134.89592285, 34.70688304], [134.89625023, 34.70705636], [134.89663539, 34.70718155], [134.89673027, 34.70695034], [134.89724206, 34.70620905], [134.89728058, 34.70611276], [134.8973191, 34.70600684], [134.89752014, 34.70557456], [134.89771391, 34.70533283], [134.89780058, 34.70520766], [134.8980413, 34.70533284], [134.8981761, 34.70554467], [134.89795461, 34.70635349], [134.89782942, 34.70659421], [134.89781979, 34.70670976], [134.89770423, 34.70709491], [134.89771385, 34.70739341], [134.89772346, 34.70773042], [134.89780048, 34.70809632], [134.89812786, 34.70854888], [134.89838784, 34.70862592], [134.89879225, 34.70895331], [134.89911963, 34.70943476], [134.89906184, 34.70977177], [134.8995818, 34.71025322], [134.900044, 34.71009917], [134.90025584, 34.71007992], [134.90044843, 34.71000289], [134.90025587, 34.70932887], [134.90011881, 34.70934532], [134.89961072, 34.70928071], [134.89951443, 34.7090785], [134.89922708, 34.70878479], [134.89892135, 34.70847905], [134.89932902, 34.70814785], [134.90005371, 34.70773047], [134.90040035, 34.70809637], [134.90075579, 34.70855552], [134.90127657, 34.70894373], [134.90180615, 34.70943482], [134.90202967, 34.70970205], [134.90250906, 34.71005108], [134.9026921, 34.71010971], [134.902794, 34.71038996], [134.90256468, 34.71069569], [134.90208058, 34.71125619], [134.90164743, 34.7116893], [134.90241177, 34.71186766], [134.90337994, 34.71224985], [134.90416976, 34.71250464], [134.90475575, 34.71273395], [134.90522437, 34.7128724], [134.90533029, 34.71292055], [134.90545547, 34.71298795], [134.90544367, 34.71275945], [134.90557107, 34.71237729], [134.90580215, 34.71185175], [134.90582143, 34.71134142], [134.90589847, 34.71116811], [134.90596588, 34.71093702], [134.90609107, 34.71072518], [134.90634143, 34.71051335], [134.90651476, 34.71037855], [134.90668809, 34.71018598], [134.90684216, 34.71007044], [134.90695772, 34.70985861], [134.906947, 34.70949834], [134.90735467, 34.70903975], [134.90770628, 34.70868817], [134.90805279, 34.70846397], [134.90845992, 34.70802915], [134.9085851, 34.70790398], [134.90866214, 34.70781732], [134.90863325, 34.70772104], [134.90845993, 34.70759586], [134.908017, 34.70743216], [134.90762221, 34.70714328], [134.90759333, 34.70696996], [134.9078437, 34.70669073], [134.90785335, 34.70617077], [134.90819038, 34.70576637], [134.90813442, 34.70567162], [134.90758409, 34.70561046], [134.90697261, 34.70546777], [134.90689108, 34.70536586], [134.90715607, 34.70516204], [134.90744143, 34.70485632], [134.9077268, 34.70453021], [134.90829752, 34.70461175], [134.90892937, 34.70471367], [134.90998142, 34.70496721], [134.91027996, 34.70394656], [134.91059775, 34.70289702], [134.9100489, 34.70274294], [134.90978891, 34.70269479], [134.90925932, 34.70258886], [134.90935561, 34.70246369], [134.9095482, 34.70217483], [134.90974079, 34.70190523], [134.91011634, 34.70150082], [134.90980821, 34.70145267], [134.90955786, 34.70130823], [134.90924973, 34.70113491], [134.90942307, 34.70094233], [134.90958677, 34.70072087], [134.90940382, 34.70065347], [134.9091342, 34.70058606], [134.9091945, 34.70031114], [134.90943273, 34.69991204], [134.90950014, 34.69964244], [134.90919201, 34.69952688], [134.90897054, 34.69958465], [134.90896092, 34.69922838], [134.90889353, 34.69906469], [134.90870095, 34.69875656], [134.90850838, 34.69857361], [134.90830617, 34.69846769], [134.90796916, 34.6982751], [134.90806545, 34.69816919], [134.90837359, 34.69806328], [134.90866247, 34.69788034], [134.90896097, 34.69788997], [134.90956146, 34.6979672], [134.91005869, 34.69798629], [134.91024162, 34.69844847], [134.91048235, 34.69849662], [134.91085788, 34.69855441], [134.91129119, 34.6985833], [134.91187856, 34.69873738], [134.91178225, 34.69925733], [134.91199409, 34.69937289], [134.9118015, 34.69955583], [134.91182075, 34.69989284], [134.91192667, 34.6998447], [134.91243537, 34.69953669], [134.91306725, 34.69908829], [134.91373989, 34.69855837], [134.91443292, 34.69813036], [134.91510556, 34.69774312], [134.91594127, 34.69719282], [134.91638969, 34.69694824], [134.91665466, 34.69717245], [134.91677983, 34.69735093], [134.91703981, 34.69751463], [134.91712345, 34.69772278], [134.91705905, 34.69820791], [134.9170783, 34.69828494], [134.91703978, 34.69849677], [134.91727087, 34.6986701], [134.91751159, 34.69888194], [134.91781009, 34.69914192], [134.91793526, 34.69916119], [134.9183397, 34.69870864], [134.91853229, 34.69862198], [134.91875404, 34.69829352], [134.91912931, 34.69806352], [134.91924486, 34.69790946], [134.91949523, 34.69780355], [134.91996707, 34.69737026], [134.92033297, 34.69760136], [134.92040037, 34.69769765], [134.9206122, 34.69780358], [134.92099737, 34.69759175], [134.92127662, 34.69744732], [134.9215465, 34.6974783], [134.92191338, 34.69755983], [134.92234544, 34.69778436], [134.92266753, 34.69790635], [134.92309651, 34.69806361], [134.92356832, 34.69830434], [134.92334688, 34.69763995], [134.92335267, 34.69725094], [134.92370703, 34.6968889], [134.9247547, 34.69624187], [134.92470849, 34.69589523], [134.92428483, 34.69545614], [134.92493191, 34.69527899], [134.92560211, 34.69486303], [134.92581011, 34.69458573], [134.92619527, 34.69463195], [134.92591023, 34.69503251], [134.92638012, 34.69538686], [134.92690396, 34.69499402], [134.92753563, 34.69501714], [134.92812109, 34.69473214], [134.92819812, 34.69484769], [134.92833675, 34.69563341], [134.92998526, 34.69554101], [134.93024998, 34.69501225], [134.93027801, 34.69466286], [134.9295231, 34.6945473], [134.92939984, 34.69453959], [134.92917645, 34.69452418], [134.9290532, 34.69444715], [134.92909172, 34.69413902], [134.92932284, 34.69367684], [134.92920729, 34.69355359], [134.92886836, 34.69329168], [134.92903786, 34.69252137], [134.92871432, 34.69230568], [134.92856796, 34.69225175], [134.92855832, 34.69209757], [134.92867582, 34.69188201], [134.92880292, 34.69189375], [134.92896085, 34.69170484], [134.92896086, 34.69140442], [134.92884531, 34.69128887], [134.92885302, 34.69119644], [134.92894546, 34.69108089], [134.92900709, 34.69101927], [134.92935328, 34.69083389], [134.92974057, 34.69054855], [134.93011639, 34.69018736], [134.93031129, 34.69014092], [134.9306374, 34.69060972], [134.93094313, 34.6910989], [134.93135658, 34.6914661], [134.93181108, 34.691443], [134.93218854, 34.69139679], [134.93236571, 34.6914122], [134.93261992, 34.69145843], [134.93253517, 34.69178195], [134.93262761, 34.69185899], [134.93298966, 34.69192062], [134.93318995, 34.69207469], [134.93389865, 34.69199767], [134.93404579, 34.69203376], [134.93417135, 34.69201463], [134.93438704, 34.69205777], [134.93467668, 34.69220567], [134.93491085, 34.69227347], [134.93502794, 34.69240288], [134.93533606, 34.69269252], [134.93554559, 34.69268637], [134.93591645, 34.69246461], [134.93630373, 34.69228118], [134.93673178, 34.69205699], [134.93701233, 34.69182365], [134.93716639, 34.69181133], [134.93743755, 34.6918175], [134.93796752, 34.6921811], [134.93812159, 34.69227354], [134.93844204, 34.69236598], [134.938744, 34.69260633], [134.93897818, 34.69273574], [134.93922468, 34.6929083], [134.93964373, 34.69309934], [134.94001348, 34.69334585], [134.94007449, 34.69346343], [134.94015601, 34.69360611], [134.94003371, 34.69399337], [134.93993178, 34.69436024], [134.93989635, 34.69445509], [134.93990251, 34.69453521], [134.94003192, 34.69479403], [134.9400504, 34.6949974], [134.94001958, 34.69517611], [134.94000109, 34.69527471], [134.93999492, 34.69537331], [134.94001957, 34.69549039], [134.94012433, 34.69570608], [134.94029861, 34.69607235], [134.94046166, 34.69658191], [134.94046939, 34.69725287], [134.94038927, 34.69725903], [134.94027819, 34.69719337], [134.94003801, 34.6970988], [134.93985929, 34.69703101], [134.93938477, 34.69697553], [134.93927384, 34.69700634], [134.93917524, 34.6970125], [134.93857746, 34.69711725], [134.9384727, 34.69713574], [134.93790573, 34.6972713], [134.93736341, 34.69743767], [134.93689506, 34.69729593], [134.93656854, 34.69721367], [134.9361405, 34.69727481], [134.93587822, 34.69731439], [134.93559474, 34.69736368], [134.93535439, 34.69746228], [134.93526811, 34.69755471], [134.93516951, 34.69763482], [134.93500927, 34.69778272], [134.93459022, 34.69759784], [134.93428209, 34.69753004], [134.93423279, 34.69752388], [134.93402069, 34.69758049], [134.9336538, 34.69768239], [134.93340083, 34.69777652], [134.93327757, 34.6978936], [134.93340082, 34.69803534], [134.9337151, 34.69826953], [134.93373359, 34.69833731], [134.93363499, 34.69839894], [134.93298174, 34.69858996], [134.93284001, 34.69822021], [134.93279688, 34.69813393], [134.93271619, 34.69809001], [134.93253805, 34.69798602], [134.93245122, 34.69794733], [134.93232852, 34.69786893], [134.93224739, 34.69778427], [134.93190089, 34.69770274], [134.93155439, 34.69756005], [134.93130981, 34.69733584], [134.93107137, 34.69717255], [134.93092963, 34.69701848], [134.93007918, 34.69723415], [134.92983267, 34.6974868], [134.92976071, 34.69766192], [134.9297587, 34.69797364], [134.92986409, 34.69813495], [134.92998869, 34.69825525], [134.93012028, 34.6983075], [134.93033805, 34.69852833], [134.93052611, 34.6989125], [134.93061042, 34.69908053], [134.930645, 34.69914944], [134.93091222, 34.69934583], [134.93103931, 34.6993885], [134.93117945, 34.69943556], [134.93152584, 34.69958278], [134.93159949, 34.69966785], [134.93167445, 34.69975444], [134.93180278, 34.69990167], [134.93204028, 34.69997528], [134.9320556, 34.69998303], [134.9320797, 34.69999522], [134.93229778, 34.70010556], [134.93258348, 34.70027073], [134.93259472, 34.70027722], [134.93288166, 34.70053083], [134.93295111, 34.70068611], [134.93294111, 34.70088222], [134.93284222, 34.70108667], [134.93278123, 34.70136908], [134.93276805, 34.70143], [134.93273834, 34.701855], [134.93275005, 34.70193878], [134.93276805, 34.7020675], [134.93288666, 34.70211667], [134.9329903, 34.7021085], [134.93308259, 34.70210122], [134.93309472, 34.70210028], [134.93326381, 34.70204594], [134.93345084, 34.70198583], [134.93354055, 34.70196528], [134.93358403, 34.70195537], [134.93373805, 34.70192028], [134.93395584, 34.70187139], [134.93411416, 34.70192861], [134.93420736, 34.70199056], [134.93430639, 34.70205639], [134.93447186, 34.7021665], [134.93451972, 34.70219833], [134.93454867, 34.70227965], [134.93456916, 34.70233722], [134.93454945, 34.70252528], [134.93444055, 34.70279472], [134.93433166, 34.70310528], [134.93431072, 34.7031745], [134.93429633, 34.70322209], [134.9342525, 34.70336694], [134.93423339, 34.703565], [134.93423278, 34.70357139], [134.93432139, 34.70367556], [134.9343656, 34.70372747], [134.93445344, 34.70383062], [134.93445528, 34.70383278], [134.93478195, 34.70403722], [134.9352275, 34.7042825], [134.93562334, 34.70451139], [134.93593028, 34.70475667], [134.9361975, 34.70501833], [134.93647473, 34.70530417], [134.93655166, 34.70539611], [134.93656389, 34.70541056], [134.93683084, 34.70549194], [134.936977, 34.70528935], [134.93707834, 34.70514889], [134.93710122, 34.70515806], [134.93718083, 34.70518998], [134.93726195, 34.7052225], [134.93742472, 34.70528806], [134.93839472, 34.70623583], [134.93855805, 34.70620333], [134.93884631, 34.70662523], [134.93899361, 34.70684083], [134.93913111, 34.70687778], [134.93936, 34.70693889], [134.9397825, 34.70749917], [134.93983472, 34.70756833], [134.94027834, 34.70801], [134.94040213, 34.70813305], [134.94050805, 34.70823833], [134.94089389, 34.70893306], [134.94131945, 34.70970556], [134.94134674, 34.70975514], [134.94190839, 34.7096469], [134.94197362, 34.70953276], [134.94185948, 34.70930448], [134.94179396, 34.70912182], [134.9417878, 34.70899857], [134.9418371, 34.70890614], [134.94202199, 34.70875824], [134.94207745, 34.70870895], [134.94210827, 34.70866581], [134.94208978, 34.70850558], [134.94201583, 34.70848709], [134.94199735, 34.70838233], [134.94216991, 34.70823444], [134.94215759, 34.70812351], [134.94203434, 34.70800026], [134.94211446, 34.7077969], [134.94249038, 34.70763668], [134.94248423, 34.7074703], [134.9422747, 34.70737169], [134.9419789, 34.70716832], [134.94176321, 34.70699577], [134.94212066, 34.70657673], [134.94241648, 34.7062378], [134.94280474, 34.70585574], [134.94295881, 34.70565238], [134.94326194, 34.70553789], [134.94355043, 34.7054783], [134.94362746, 34.70540898], [134.94378154, 34.70522411], [134.94384317, 34.70500072], [134.9438971, 34.70483895], [134.94393377, 34.70474775], [134.94399725, 34.704708], [134.94410633, 34.70458999], [134.94419014, 34.70455056], [134.94424437, 34.70452591], [134.94427888, 34.70449633], [134.94442679, 34.70440759], [134.94459908, 34.7043313], [134.94480642, 34.70420547], [134.94493954, 34.70395898], [134.94506772, 34.70385052], [134.94516981, 34.70384214], [134.94589845, 34.70383452], [134.94603402, 34.70387766], [134.94603286, 34.70399551], [134.94604249, 34.70408217], [134.9460525, 34.70425973], [134.946081, 34.70441918], [134.94642379, 34.70451548], [134.94661637, 34.70466955], [134.94670108, 34.70535512], [134.94693988, 34.7052935], [134.94725572, 34.70533203], [134.94744521, 34.70557853], [134.94756846, 34.70561551], [134.94766706, 34.70573876], [134.94777182, 34.70586201], [134.94797518, 34.70602224], [134.94817007, 34.7060924], [134.94833878, 34.70607155], [134.94857296, 34.7059976], [134.94893038, 34.70621946], [134.94908445, 34.70626876], [134.94924627, 34.70622287], [134.949522, 34.7061825], [134.94980548, 34.70628727], [134.94997186, 34.70635506], [134.95028616, 34.7064475], [134.95055114, 34.70658308], [134.95074835, 34.70654611], [134.95102567, 34.70640438], [134.9513288, 34.70621027], [134.95153102, 34.70611399], [134.95167892, 34.70607779], [134.95191619, 34.70590216], [134.95222433, 34.70578662], [134.95259987, 34.7055748], [134.95287912, 34.70543037], [134.9532354, 34.70531483], [134.95357243, 34.70511263], [134.95380507, 34.70493162], [134.95418716, 34.70478989], [134.95411938, 34.70456187], [134.95378429, 34.7042653], [134.9536327, 34.70400539], [134.95338952, 34.70368756], [134.95322584, 34.70328314], [134.95318734, 34.70275355], [134.95320661, 34.70248394], [134.95333924, 34.70232589], [134.95342078, 34.702065], [134.95339228, 34.70174561], [134.95341693, 34.70162236], [134.95349089, 34.70143749], [134.95354636, 34.7013204], [134.95357102, 34.70114169], [134.95361416, 34.70099995], [134.9537251, 34.70072881], [134.95379905, 34.70054393], [134.95378673, 34.70043917], [134.95376825, 34.70021732], [134.95380523, 34.7001557], [134.95380523, 34.70006326], [134.9537621, 34.69995234], [134.95355875, 34.6995148], [134.95344166, 34.69931759], [134.95331225, 34.69916353], [134.95319516, 34.6991019], [134.95307192, 34.69894784], [134.95283387, 34.69878754], [134.95250775, 34.69873862], [134.95226316, 34.69882014], [134.95200225, 34.69888536], [134.95164219, 34.69892932], [134.95119847, 34.69902174], [134.95102388, 34.69901578], [134.95087802, 34.69884302], [134.95089652, 34.69859036], [134.9509828, 34.69847944], [134.95112455, 34.6982083], [134.95121083, 34.69806656], [134.95123548, 34.69799877], [134.95129096, 34.69773379], [134.95131744, 34.69745044], [134.951254, 34.69714835], [134.95121703, 34.69693267], [134.95116157, 34.69674163], [134.95110611, 34.69658756], [134.95108147, 34.69651978], [134.95105682, 34.69639036], [134.95117391, 34.6963349], [134.9516273, 34.69639057], [134.95227954, 34.69639059], [134.95299189, 34.69637808], [134.95328153, 34.69635344], [134.95365129, 34.69636577], [134.95431781, 34.69640694], [134.9546558, 34.69644591], [134.95460651, 34.69601453], [134.95455107, 34.69541677], [134.95445248, 34.69499772], [134.95433541, 34.69441228], [134.95419985, 34.69394393], [134.95399033, 34.69359267], [134.95382873, 34.69334145], [134.95363305, 34.69347189], [134.95327546, 34.69374055], [134.94976682, 34.69596512], [134.94798542, 34.69655485], [134.94670955, 34.69683165], [134.94508462, 34.69727695], [134.94325508, 34.69748152], [134.94327917, 34.69706026], [134.94253292, 34.69679545], [134.94260516, 34.69612143], [134.9416543, 34.69562793], [134.94252099, 34.69359385], [134.94278944, 34.69423802], [134.94338759, 34.69406328], [134.94398942, 34.69403922], [134.94450698, 34.6940272], [134.94498844, 34.69400313], [134.94536581, 34.69405871], [134.94571062, 34.69400315], [134.94569195, 34.69368369], [134.94546367, 34.69342279], [134.94528431, 34.69312928], [134.94515698, 34.69298007], [134.94498848, 34.69270324], [134.94479591, 34.69235419], [134.94444687, 34.69181256], [134.94462744, 34.69128297], [134.94482002, 34.69128298], [134.94504871, 34.69124687], [134.94555424, 34.6911867], [134.94587922, 34.69118671], [134.94568666, 34.69053676], [134.94551817, 34.69018771], [134.94542189, 34.68982662], [134.94549412, 34.68947758], [134.94549413, 34.68922482], [134.94603576, 34.68940538], [134.94628852, 34.68957389], [134.94660146, 34.68975443], [134.94709442, 34.68949315], [134.94733569, 34.6894054], [134.94731162, 34.68912857], [134.94741996, 34.68902025], [134.94756439, 34.68899618], [134.94770883, 34.68899619], [134.9482625, 34.68896009], [134.94813804, 34.68874311], [134.94785328, 34.68864714], [134.94769681, 34.68843049], [134.94772089, 34.6883342], [134.9478894, 34.68828606], [134.94865972, 34.6885268], [134.9489847, 34.68852681], [134.94875602, 34.68829812], [134.94856344, 34.6880935], [134.94825051, 34.68776852], [134.94779709, 34.68731913], [134.94773296, 34.68728706], [134.94759999, 34.68707991], [134.94740885, 34.6869617], [134.94694667, 34.68652415], [134.94685423, 34.68643787], [134.94686624, 34.68632983], [134.94694668, 34.68627765], [134.94742066, 34.68585698], [134.94778598, 34.68558516], [134.94776672, 34.68542147], [134.9477468, 34.68523737], [134.94772822, 34.68509409], [134.9476223, 34.68502669], [134.94752601, 34.68496891], [134.94735269, 34.68485336], [134.9476512, 34.68457413], [134.947786, 34.68478597], [134.94791118, 34.68477634], [134.94796896, 34.68465117], [134.94820969, 34.68471857], [134.9484504, 34.68499782], [134.94858521, 34.68498819], [134.94904742, 34.68461268], [134.94912445, 34.68463194], [134.94919186, 34.68467045], [134.94936518, 34.68482452], [134.94973107, 34.68509413], [134.95020289, 34.6855467], [134.95032806, 34.68563336], [134.95062655, 34.68592224], [134.95073247, 34.68599927], [134.95083839, 34.68611482], [134.95125243, 34.6864037], [134.95146426, 34.68661553], [134.95195534, 34.6870007], [134.95251381, 34.68744364], [134.9526775, 34.68752068], [134.9530434, 34.68784807], [134.95304621, 34.68813991], [134.95300486, 34.68836802], [134.95299522, 34.68871466], [134.95321668, 34.68910945], [134.95354407, 34.68904206], [134.95374628, 34.68906132], [134.95389409, 34.68924872], [134.95402454, 34.68928133], [134.95433436, 34.68921612], [134.95455512, 34.68920577], [134.95477659, 34.68923466], [134.95456476, 34.68893616], [134.95436699, 34.6885965], [134.95396778, 34.68817547], [134.95368855, 34.68793474], [134.95359226, 34.68789622], [134.95332264, 34.68788659], [134.9532071, 34.68774215], [134.95317821, 34.68761698], [134.95329377, 34.68745329], [134.95312046, 34.68707776], [134.95289899, 34.68692369], [134.95261013, 34.6864615], [134.95224424, 34.68615337], [134.95223462, 34.68596079], [134.95186873, 34.68546008], [134.95156061, 34.68504603], [134.95136803, 34.68479568], [134.95103103, 34.68435274], [134.95132954, 34.6841698], [134.95154408, 34.68407159], [134.95162804, 34.68407352], [134.95165693, 34.68399649], [134.95151251, 34.68374613], [134.95145165, 34.68370184], [134.95130992, 34.68351696], [134.95122364, 34.68340912], [134.95122365, 34.68332592], [134.95129144, 34.6832643], [134.95136809, 34.6832358], [134.95151253, 34.68305286], [134.95153795, 34.68293153], [134.95115589, 34.68231528], [134.95100183, 34.6821304], [134.95077986, 34.68179693], [134.95043489, 34.68139705], [134.95012061, 34.68098416], [134.95003434, 34.68090404], [134.94983098, 34.68060208], [134.94965226, 34.68067602], [134.94966458, 34.68076846], [134.94967075, 34.68081776], [134.94964609, 34.68094101], [134.94951667, 34.68113204], [134.94921471, 34.68091019], [134.948932, 34.6806841], [134.94872017, 34.68059743], [134.94861425, 34.68057817], [134.94842166, 34.68073223], [134.94818092, 34.68094406], [134.94798835, 34.68063593], [134.94794984, 34.68057816], [134.94770912, 34.68030854], [134.94729508, 34.67985598], [134.94699659, 34.67960562], [134.94742144, 34.67904292], [134.94784052, 34.67860539], [134.9481873, 34.67819331], [134.94848515, 34.67792384], [134.94855417, 34.67784003], [134.94863799, 34.67777101], [134.9487218, 34.67783017], [134.94881423, 34.67807544], [134.94894171, 34.67828651], [134.94901759, 34.67833304], [134.94908414, 34.67837269], [134.94941025, 34.67851945], [134.94958454, 34.67856476], [134.94966466, 34.6785623], [134.94980147, 34.67860913], [134.95002332, 34.67866337], [134.95044237, 34.67881621], [134.95054097, 34.67884086], [134.95080719, 34.67903807], [134.95096002, 34.67915146], [134.95101194, 34.67937462], [134.95121414, 34.67971163], [134.95170522, 34.67984645], [134.95199409, 34.679962], [134.95227332, 34.68016421], [134.95240813, 34.68027013], [134.95262959, 34.68047235], [134.95282216, 34.6808575], [134.95327473, 34.68073234], [134.95319321, 34.68063928], [134.95312799, 34.68045992], [134.95298125, 34.68019902], [134.9530244, 34.6800198], [134.95320736, 34.67990426], [134.95345772, 34.67973094], [134.95402486, 34.67953051], [134.95453619, 34.67936507], [134.95538356, 34.67914362], [134.95573985, 34.67896068], [134.95610575, 34.67915327], [134.95653908, 34.67835408], [134.95703016, 34.67864296], [134.95725162, 34.67883554], [134.95745383, 34.67897998], [134.95795453, 34.67939403], [134.95852537, 34.67900883], [134.9588308, 34.67882595], [134.95907153, 34.67870078], [134.95941817, 34.67891262], [134.95968778, 34.67918224], [134.95997665, 34.67933631], [134.96016923, 34.67917262], [134.96041689, 34.67895996], [134.96087347, 34.67869907], [134.96123221, 34.67850341], [134.9617051, 34.67811209], [134.96196029, 34.67788239], [134.96207584, 34.67796905], [134.96235735, 34.67820994], [134.96280763, 34.67864309], [134.96300021, 34.67872976], [134.96299057, 34.6789127], [134.96284356, 34.67899594], [134.9627691, 34.67915342], [134.96281595, 34.67920497], [134.9630447, 34.67931146], [134.96326161, 34.67957572], [134.9629658, 34.67987151], [134.96276466, 34.6796743], [134.96254761, 34.67952894], [134.96238392, 34.67942302], [134.96221643, 34.67954808], [134.96211388, 34.67968218], [134.96238996, 34.67987544], [134.96286719, 34.68017914], [134.96335624, 34.68060115], [134.96356133, 34.68058144], [134.96397157, 34.68065583], [134.96439155, 34.68060742], [134.96463228, 34.68070371], [134.96475264, 34.68072779], [134.96472856, 34.68086018], [134.96472856, 34.68096851], [134.96474059, 34.68119719], [134.96464426, 34.68242487], [134.96578176, 34.68214053], [134.96584889, 34.682085], [134.96609274, 34.68195652], [134.96620528, 34.68189722], [134.96644277, 34.68177444], [134.96645261, 34.68176411], [134.96655166, 34.68166], [134.9665597, 34.68164342], [134.96656662, 34.68162914], [134.96657389, 34.68161417], [134.96668497, 34.68138476], [134.96671, 34.68133306], [134.96676778, 34.68125639], [134.96681945, 34.6811875], [134.96686111, 34.68113222], [134.96686361, 34.68112861], [134.96689584, 34.68103333], [134.96691778, 34.68096972], [134.96694555, 34.68088778], [134.96696973, 34.68081667], [134.96699695, 34.68073639], [134.96702195, 34.68066278], [134.96703666, 34.68061278], [134.96705834, 34.68053833], [134.96707445, 34.68048333], [134.9670925, 34.68042139], [134.96710861, 34.68036667], [134.96713027, 34.68029222], [134.96716055, 34.68018861], [134.96718611, 34.6801525], [134.96724111, 34.680075], [134.96728389, 34.68001472], [134.96732861, 34.67995167], [134.96735111, 34.67993611], [134.96741666, 34.67989], [134.96749528, 34.67983528], [134.96771445, 34.67968194], [134.96785334, 34.67956972], [134.9679225, 34.67951417], [134.96798778, 34.67946139], [134.9680575, 34.679405], [134.9681475, 34.67933223], [134.96815, 34.67933028], [134.96815176, 34.67932883], [134.96821945, 34.67927306], [134.96825055, 34.6792475], [134.96832222, 34.67918806], [134.96840305, 34.67912194], [134.96846695, 34.67906917], [134.96847416, 34.67906056], [134.96853611, 34.67898778], [134.96859445, 34.67891917], [134.96872416, 34.67876639], [134.96877889, 34.67870194], [134.96886278, 34.67860306], [134.96892139, 34.67853444], [134.96893734, 34.67851584], [134.96898, 34.67846611], [134.96914223, 34.67827667], [134.96918445, 34.67822722], [134.9692, 34.67820777], [134.96922, 34.67818306], [134.96930334, 34.67808], [134.96949139, 34.67797361], [134.9698775, 34.6778675], [134.97138166, 34.67749944], [134.97150001, 34.67741494], [134.97150748, 34.67740961], [134.97153028, 34.67739333], [134.97166889, 34.67721361], [134.97169675, 34.67697593], [134.97169688, 34.67697482], [134.97169861, 34.67696], [134.97169948, 34.67694533], [134.97171834, 34.676625], [134.97174805, 34.67652694], [134.9718478, 34.67642809], [134.97190195, 34.67637444], [134.97191414, 34.67636236]], [[134.93184977, 34.68622031], [134.93155126, 34.68632622], [134.93122387, 34.68638398], [134.93074241, 34.68654766], [134.92986869, 34.68678601], [134.9290599, 34.68700775], [134.92845983, 34.68717731], [134.92771626, 34.68738601], [134.92714228, 34.68758167], [134.92652916, 34.68773819], [134.9263092, 34.68781287], [134.92577255, 34.68797297], [134.9254267, 34.68809386], [134.92541684, 34.68819246], [134.92551543, 34.68850798], [134.92564853, 34.68885308], [134.92571261, 34.68909465], [134.9258605, 34.68949398], [134.92585064, 34.68957286], [134.92590487, 34.68972076], [134.92613164, 34.6899722], [134.92635842, 34.69020884], [134.92648167, 34.69026801], [134.92672324, 34.69049479], [134.9266856, 34.69068626], [134.9265704, 34.69074622], [134.9264247, 34.69077757], [134.92625512, 34.69086888], [134.92555068, 34.69120802], [134.92517237, 34.69140368], [134.92446793, 34.69172978], [134.92399831, 34.69205588], [134.92322864, 34.69243416], [134.92268075, 34.69272113], [134.92213285, 34.69308636], [134.92170236, 34.69336029], [134.92144145, 34.69358204], [134.92095878, 34.69393423], [134.92048915, 34.6942212], [134.92018911, 34.69444296], [134.9198108, 34.69463862], [134.91949062, 34.69489217], [134.91936737, 34.69492667], [134.91930328, 34.69485765], [134.91924905, 34.69480835], [134.91913566, 34.69470482], [134.91900748, 34.69459636], [134.91872809, 34.69423421], [134.91857365, 34.69411814], [134.91851449, 34.6940294], [134.91836659, 34.69386178], [134.91827292, 34.69373852], [134.91810038, 34.69361527], [134.91793769, 34.69341807], [134.91778888, 34.69356891], [134.9175975, 34.69383218], [134.91760735, 34.69392585], [134.91782921, 34.69401952], [134.91783906, 34.69416742], [134.91779469, 34.69425616], [134.9175186, 34.69436954], [134.91752352, 34.69454209], [134.91747422, 34.69459139], [134.91738055, 34.69464562], [134.9171439, 34.69469491], [134.91695655, 34.69470477], [134.91676922, 34.69442869], [134.91670513, 34.69433995], [134.91669034, 34.69426107], [134.91659174, 34.69426106], [134.91650793, 34.69429557], [134.91642411, 34.69443361], [134.91639946, 34.69448291], [134.91628607, 34.69450756], [134.91615295, 34.69449769], [134.91606422, 34.69428077], [134.9159459, 34.69422654], [134.91582757, 34.69429556], [134.91581277, 34.69477869], [134.91544793, 34.69495124], [134.91516681, 34.69456024], [134.9148407, 34.6941689], [134.91461478, 34.69389127], [134.91455069, 34.69378774], [134.91443237, 34.69368421], [134.9144097, 34.6936428], [134.91443633, 34.69354275], [134.91459113, 34.69347321], [134.91463201, 34.6934384], [134.91468974, 34.69333517], [134.91478834, 34.6931853], [134.91478046, 34.69298416], [134.91463059, 34.69280668], [134.91453594, 34.69270413], [134.91441762, 34.69257398], [134.9142993, 34.69242805], [134.91415338, 34.69224662], [134.91334061, 34.69205238], [134.91285184, 34.69198234], [134.91264279, 34.69231363], [134.91257574, 34.69236885], [134.91252052, 34.69237279], [134.91227599, 34.69237673], [134.91217739, 34.69233334], [134.91211428, 34.69231362], [134.91199991, 34.69226235], [134.91174354, 34.69217163], [134.91119138, 34.69200991], [134.91088274, 34.6922002], [134.91045381, 34.69259459], [134.91034026, 34.69263932], [134.90981844, 34.69316109], [134.90895501, 34.6939996], [134.9088219, 34.69397988], [134.90874795, 34.69383198], [134.90882684, 34.69359041], [134.90871346, 34.69331926], [134.90870853, 34.69317629], [134.90881399, 34.69312259], [134.90883179, 34.69305797], [134.90896491, 34.69298896], [134.909029, 34.69291008], [134.90923114, 34.69272274], [134.90932482, 34.69263401], [134.90941849, 34.69249597], [134.90941357, 34.69239244], [134.90928539, 34.69222482], [134.90913256, 34.69203747], [134.90898466, 34.69195859], [134.90884169, 34.69181069], [134.90883679, 34.69111556], [134.90849168, 34.69112048], [134.90842266, 34.69115992], [134.9079888, 34.69121907], [134.90795922, 34.69131274], [134.90802824, 34.69147543], [134.90820875, 34.69181812], [134.90838614, 34.69222511], [134.90854267, 34.6926008], [134.90853223, 34.69272603], [134.90823895, 34.69280591], [134.90811377, 34.69288294], [134.90787802, 34.6930306], [134.90761711, 34.69322626], [134.90742046, 34.69342214], [134.90711233, 34.69346065], [134.90665013, 34.69347027], [134.90644793, 34.69313326], [134.9063035, 34.69296956], [134.90602426, 34.69261329], [134.90589909, 34.69238219], [134.90561022, 34.69225701], [134.90536952, 34.69150595], [134.9048977, 34.69141928], [134.90431033, 34.69103411], [134.90392516, 34.69140963], [134.90340518, 34.6916696], [134.90250965, 34.69209325], [134.90327034, 34.69247842], [134.90364586, 34.69309468], [134.90418508, 34.69330652], [134.90444506, 34.69360502], [134.90442579, 34.69369168], [134.90431024, 34.69373983], [134.90387208, 34.69372834], [134.90350725, 34.69374312], [134.90314242, 34.69374311], [134.90282736, 34.69375905], [134.9026733, 34.69367239], [134.90249997, 34.69370127], [134.90222073, 34.69367238], [134.90187408, 34.69353275], [134.90178742, 34.69350868], [134.90163336, 34.6934846], [134.90149855, 34.69348941], [134.90140226, 34.69342201], [134.90132293, 34.69337287], [134.90065439, 34.69307935], [134.9001326, 34.69289998], [134.89928469, 34.69255754], [134.89858675, 34.69218945], [134.8984789, 34.69216634], [134.89831286, 34.69214661], [134.89786934, 34.69196398], [134.89807835, 34.69175806], [134.89822156, 34.69171614], [134.89854769, 34.69144221], [134.8986651, 34.69139004], [134.89908255, 34.69106393], [134.89957281, 34.69084913], [134.89981933, 34.69065656], [134.90012746, 34.69046399], [134.900659, 34.69016358], [134.90085929, 34.69005574], [134.90133691, 34.68973993], [134.90085932, 34.68910056], [134.90068985, 34.68923151], [134.90044334, 34.68930083], [134.90032009, 34.68927002], [134.90018914, 34.68902351], [134.90005048, 34.68893107], [134.89981939, 34.68861524], [134.89968074, 34.68843036], [134.89966534, 34.68835333], [134.89982711, 34.68823779], [134.89995807, 34.68807603], [134.90011214, 34.68793738], [134.90021999, 34.68784494], [134.90027392, 34.6877448], [134.90036636, 34.68758304], [134.90049733, 34.68732884], [134.90054355, 34.6872364], [134.90060518, 34.68720559], [134.90072073, 34.68699761], [134.90076695, 34.68694369], [134.90096725, 34.68679734], [134.90106738, 34.68692059], [134.90117523, 34.68691289], [134.90130618, 34.68702074], [134.90142944, 34.68691289], [134.90149877, 34.68698222], [134.90142172, 34.68737508], [134.90141401, 34.68748292], [134.90172985, 34.68744442], [134.90189162, 34.68728265], [134.9020919, 34.68772173], [134.90219203, 34.68782188], [134.90253954, 34.68849423], [134.90268302, 34.6888073], [134.90286565, 34.68875513], [134.90317874, 34.68852033], [134.90364836, 34.68825945], [134.90457457, 34.68773769], [134.90528107, 34.68735976], [134.90545055, 34.68729044], [134.90584342, 34.68695921], [134.90587909, 34.686942], [134.90619778, 34.68675124], [134.90667484, 34.68643328], [134.90730708, 34.68615042], [134.90739181, 34.68637381], [134.90753817, 34.68645085], [134.90757668, 34.68662802], [134.90776925, 34.68676668], [134.9078925, 34.6870594], [134.9081467, 34.68725198], [134.90847794, 34.68729821], [134.90865511, 34.68736754], [134.90889391, 34.68742147], [134.90926367, 34.68759865], [134.90979519, 34.68776813], [134.91020346, 34.68795301], [134.91035752, 34.68799153], [134.91075038, 34.68811479], [134.91112784, 34.68828427], [134.91134353, 34.68834589], [134.91172316, 34.68842921], [134.91212155, 34.68860011], [134.91232954, 34.68866174], [134.91249902, 34.68856161], [134.91267544, 34.68841619], [134.91279946, 34.68817646], [134.91282257, 34.68797618], [134.91279177, 34.6877913], [134.91276866, 34.68770657], [134.91269933, 34.68760643], [134.91257609, 34.68732141], [134.91253758, 34.68725979], [134.91244514, 34.68703639], [134.9123142, 34.68661272], [134.91223717, 34.68652799], [134.91219096, 34.68628149], [134.91200608, 34.68621215], [134.91179039, 34.68621215], [134.91147456, 34.68625066], [134.91108169, 34.68631227], [134.91078125, 34.6864047], [134.91062719, 34.68642011], [134.91048853, 34.68649713], [134.9104269, 34.68645091], [134.91034217, 34.68622752], [134.91019582, 34.68604264], [134.91018041, 34.68588858], [134.9101496, 34.68577303], [134.91065357, 34.6855072], [134.91086229, 34.6854159], [134.91141019, 34.68527242], [134.91185205, 34.68521845], [134.91185207, 34.68479478], [134.91179815, 34.68457139], [134.91167491, 34.68415542], [134.91155167, 34.68387811], [134.91159789, 34.68381648], [134.9118367, 34.68364702], [134.91204469, 34.68353918], [134.91237594, 34.6833235], [134.91247608, 34.68329269], [134.91276881, 34.68311553], [134.91284585, 34.6830539], [134.91298451, 34.68297688], [134.91336197, 34.68307703], [134.91383186, 34.6832234], [134.9143942, 34.68322341], [134.91474856, 34.68321571], [134.91517224, 34.68313099], [134.91564215, 34.68296153], [134.91591947, 34.68290762], [134.9162353, 34.682846], [134.91614559, 34.68231141], [134.9161506, 34.68187541], [134.91669754, 34.6818215], [134.91680538, 34.68183691], [134.91767586, 34.68175989], [134.91794545, 34.68243007], [134.91846157, 34.68232224], [134.9187466, 34.6822221], [134.91871578, 34.68240698], [134.91835016, 34.6829376], [134.91828436, 34.68330823], [134.91833828, 34.68350851], [134.91844612, 34.68364717], [134.91879277, 34.68380124], [134.91870802, 34.68410936], [134.91956309, 34.68398613], [134.91949377, 34.68361638], [134.91950148, 34.68347773], [134.91983272, 34.683393], [134.92004071, 34.68335449], [134.92031033, 34.68327746], [134.92050256, 34.68325072], [134.92062617, 34.68330058], [134.92070319, 34.68343153], [134.92094608, 34.6835638], [134.92104213, 34.68360871], [134.92136568, 34.68338533], [134.92167382, 34.68313884], [134.92129832, 34.68276808], [134.92103743, 34.68246805], [134.9208573, 34.68227607], [134.92071094, 34.68221445], [134.92047985, 34.68181388], [134.92027187, 34.6816213], [134.92003308, 34.68135939], [134.9196248, 34.68155966], [134.91942451, 34.68163668], [134.9184616, 34.68162896], [134.91819199, 34.68145178], [134.91789927, 34.68124379], [134.9174833, 34.68092796], [134.91712896, 34.68071226], [134.91704423, 34.6805659], [134.91748332, 34.68035793], [134.9180996, 34.67994197], [134.91826907, 34.67982643], [134.91845396, 34.67971089], [134.91888512, 34.67941557], [134.91946311, 34.67912548], [134.91959407, 34.67901764], [134.92044915, 34.67858628], [134.92067253, 34.67898685], [134.92092673, 34.67926417], [134.92104998, 34.67929498], [134.92141204, 34.67922566], [134.92185882, 34.67936433], [134.92221318, 34.67924109], [134.9222363, 34.6790177], [134.92220549, 34.67880201], [134.92209765, 34.67856321], [134.92168168, 34.6783167], [134.92159695, 34.67819345], [134.92222092, 34.67797778], [134.92209576, 34.67740967], [134.92196097, 34.67710155], [134.92199571, 34.67703584], [134.92232688, 34.67688009], [134.9225002, 34.6768801], [134.92255798, 34.67687047], [134.92278563, 34.67681979], [134.92324304, 34.67672035], [134.92345349, 34.6767068], [134.92358829, 34.67692826], [134.92371346, 34.67717862], [134.92442602, 34.67712086], [134.92486896, 34.67698607], [134.92522524, 34.67688016], [134.9256393, 34.67675499], [134.92600521, 34.67660094], [134.92644816, 34.67645651], [134.92689109, 34.67652393], [134.9269585, 34.67657207], [134.92713182, 34.67669725], [134.92788621, 34.67633726], [134.92838193, 34.67606333], [134.92903419, 34.67573723], [134.92950062, 34.67553221], [134.92960654, 34.67537815], [134.92983764, 34.67536853], [134.93063874, 34.67482415], [134.93149389, 34.67429013], [134.93210053, 34.67392425], [134.93221608, 34.67387611], [134.93252421, 34.67412647], [134.93260124, 34.67421313], [134.93281307, 34.67445386], [134.93302491, 34.67459829], [134.93365081, 34.67418427], [134.93421894, 34.6737895], [134.93433449, 34.67370284], [134.93442116, 34.6736547], [134.93508711, 34.67327195], [134.93594259, 34.67281702], [134.93633739, 34.67260519], [134.93684821, 34.67226755], [134.93757874, 34.67186319], [134.93804177, 34.67160383], [134.93832102, 34.67157495], [134.93832102, 34.67144015], [134.93821512, 34.67110313], [134.93817661, 34.67069872], [134.93812668, 34.67020654], [134.93804184, 34.66964917], [134.9380611, 34.66956251], [134.93874478, 34.66916774], [134.93894699, 34.66910035], [134.93993882, 34.66839746], [134.94084397, 34.66779086], [134.94148914, 34.66733832], [134.94186468, 34.66709761], [134.94187067, 34.66704984], [134.94231726, 34.6668569], [134.94260613, 34.66710725], [134.942635, 34.66737686], [134.94279869, 34.66749241], [134.94296238, 34.66785831], [134.94316458, 34.66812793], [134.94328012, 34.66839754], [134.94341492, 34.66850346], [134.94356646, 34.6686674], [134.94395415, 34.66879233], [134.94441634, 34.66887901], [134.94505356, 34.66928053], [134.94584144, 34.66918716], [134.94599551, 34.66911013], [134.9466214, 34.669062], [134.94687176, 34.66899461], [134.94742062, 34.66893685], [134.94750729, 34.66890796], [134.94802726, 34.66881169], [134.94821022, 34.6687828], [134.94890352, 34.66865764], [134.94923091, 34.66866728], [134.94925016, 34.66878283], [134.94946199, 34.66918724], [134.94951976, 34.66934131], [134.949541, 34.6695937], [134.94966418, 34.66979387], [134.94971232, 34.66996719], [134.94970269, 34.67004422], [134.94979897, 34.67025606], [134.94984711, 34.67034272], [134.94988562, 34.67055455], [134.94995302, 34.67069899], [134.95003245, 34.67119487], [134.94986635, 34.67113228], [134.94924047, 34.67071823], [134.94887698, 34.6704125], [134.94872051, 34.67036436], [134.94837142, 34.67127909], [134.94880472, 34.67159204], [134.94882879, 34.67177258], [134.94868435, 34.67185683], [134.94847973, 34.67179664], [134.94843158, 34.6720494], [134.94837139, 34.67219383], [134.94816677, 34.67220586], [134.94802233, 34.67232622], [134.94798861, 34.67275567], [134.948004, 34.67330259], [134.94788844, 34.67361841], [134.94766505, 34.67364922], [134.94746476, 34.67370314], [134.9473338, 34.67374935], [134.94715662, 34.67380327], [134.94703624, 34.67380704], [134.94693322, 34.67399584], [134.94706416, 34.67439641], [134.94712579, 34.67455047], [134.94703334, 34.67458128], [134.94679454, 34.67458898], [134.94627072, 34.67465829], [134.94597957, 34.67477232], [134.9455466, 34.67475842], [134.94533861, 34.67474301], [134.9450613, 34.6745042], [134.94483021, 34.67438865], [134.94439882, 34.67445027], [134.94392122, 34.67448107], [134.94329233, 34.67434179], [134.94261399, 34.67428959], [134.94187985, 34.67435007], [134.94140224, 34.67440398], [134.94103557, 34.67401562], [134.94071667, 34.67384164], [134.940293, 34.67361824], [134.93984621, 34.67352579], [134.93943793, 34.67350267], [134.93892231, 34.6734677], [134.93854435, 34.67352576], [134.93829784, 34.67360279], [134.93861367, 34.67390322], [134.93912977, 34.67447326], [134.93907881, 34.67449823], [134.93873964, 34.67469389], [134.93837437, 34.67498086], [134.93852889, 34.6751203], [134.93864444, 34.67524355], [134.93842874, 34.67539761], [134.93832859, 34.67552856], [134.93852887, 34.67587521], [134.9379434, 34.67628346], [134.93788948, 34.67637589], [134.93848261, 34.67698445], [134.93843639, 34.67707689], [134.93832854, 34.6771308], [134.93805892, 34.67734649], [134.93743493, 34.67780866], [134.93697273, 34.67805514], [134.93648741, 34.67839407], [134.93622549, 34.67860205], [134.9360175, 34.6787561], [134.9357941, 34.67887935], [134.93560921, 34.67900259], [134.93552448, 34.67907192], [134.93543203, 34.67913354], [134.93530108, 34.67921057], [134.93526256, 34.67931071], [134.93510849, 34.67936463], [134.93500834, 34.67938774], [134.93493131, 34.67947247], [134.93485427, 34.67953409], [134.93475413, 34.67961112], [134.93460776, 34.67971126], [134.9344768, 34.67985761], [134.93418407, 34.68005789], [134.93389979, 34.68026381], [134.93359974, 34.68065514], [134.93336493, 34.68094212], [134.93316924, 34.68128127], [134.93303878, 34.68156825], [134.93288223, 34.68210307], [134.93279091, 34.68225961], [134.93260827, 34.68233787], [134.93234737, 34.682377], [134.93222996, 34.6826118], [134.93220387, 34.68271615], [134.93211255, 34.682964], [134.93187773, 34.68314662], [134.93166691, 34.68317758], [134.93124323, 34.68331238], [134.93114693, 34.68357235], [134.93133951, 34.68366865], [134.93146468, 34.68378419], [134.93161875, 34.68389974], [134.9317054, 34.68396715], [134.93194613, 34.68419825], [134.93216759, 34.68446786], [134.93256237, 34.68465082], [134.93338277, 34.68483533], [134.93475704, 34.68483536], [134.93490494, 34.68489082], [134.93483483, 34.68500714], [134.93401634, 34.68547893], [134.93360229, 34.6856041], [134.93259122, 34.68593146], [134.9322542, 34.68605662], [134.93193643, 34.68617216], [134.93184977, 34.68622031]]]}}, {"type": "Feature", "id": "did-1980-45", "properties": {"A16_001": "281031", "A16_002": "28103", "A16_003": "葺合区", "A16_004": "1", "A16_005": "62891", "A16_006": "5.0", "A16_007": "73145", "A16_008": "5.2", "A16_009": "99.0", "A16_010": "50.4", "A16_011": "1980", "year": 1980, "population": 62891.0, "areaKm2": 5.0, "density": 12578.2}, "geometry": {"type": "Polygon", "coordinates": [[[135.21952184, 34.6990153], [135.21867569, 34.69858051], [135.21859938, 34.6985413], [135.21619791, 34.69708827], [135.21524944, 34.69648284], [135.21321124, 34.69472711], [135.21236364, 34.69476746], [135.21145548, 34.69579663], [135.21062808, 34.69533246], [135.21056754, 34.69517102], [135.2085495, 34.69400052], [135.20848897, 34.69379872], [135.20776167, 34.69336846], [135.20739922, 34.69329418], [135.20637002, 34.69272911], [135.20555312, 34.69237392], [135.20519955, 34.6923053], [135.20453275, 34.69317465], [135.20431158, 34.69291069], [135.20471521, 34.69238601], [135.20467486, 34.69212367], [135.20436489, 34.69199935], [135.20396863, 34.6893186], [135.2043117, 34.68923788], [135.20443277, 34.68962131], [135.20467495, 34.68952042], [135.20501802, 34.68960115], [135.20461438, 34.69016618], [135.20526903, 34.69072075], [135.20678014, 34.6915732], [135.20696095, 34.69168944], [135.20721926, 34.69188318], [135.21121337, 34.6939804], [135.21323147, 34.69323378], [135.21510825, 34.69426301], [135.21562376, 34.69366163], [135.21498534, 34.69311442], [135.21413889, 34.69238889], [135.21747222, 34.69016667], [135.21721441, 34.68990885], [135.21691667, 34.68961111], [135.21386111, 34.69211111], [135.21354287, 34.69195199], [135.21330556, 34.69183333], [135.2163458, 34.68962225], [135.21636111, 34.68961111], [135.21630495, 34.68958303], [135.21594756, 34.68940434], [135.21580556, 34.68933333], [135.21275919, 34.69154887], [135.21275, 34.69155556], [135.21263014, 34.69148364], [135.21175093, 34.69095611], [135.21136111, 34.69072222], [135.21300294, 34.68962767], [135.21302778, 34.68961111], [135.21287096, 34.6895327], [135.21266932, 34.68943188], [135.21247222, 34.68933333], [135.21098389, 34.69032555], [135.21080556, 34.69044444], [135.21052778, 34.69044444], [135.21191667, 34.68933333], [135.21173898, 34.68897796], [135.21163889, 34.68877778], [135.21007397, 34.69008187], [135.20997222, 34.69016667], [135.20858333, 34.68933333], [135.21219444, 34.68683333], [135.21207183, 34.68671072], [135.21163889, 34.68627778], [135.20830556, 34.68877778], [135.2082667, 34.68875835], [135.20775, 34.6885], [135.21101597, 34.68605052], [135.21108333, 34.686], [135.21052778, 34.68572222], [135.20695844, 34.68846787], [135.20691667, 34.6885], [135.20525, 34.68766667], [135.2088302, 34.68491267], [135.20886111, 34.68488889], [135.20747222, 34.68405556], [135.20393287, 34.68677814], [135.20386111, 34.68683333], [135.20302778, 34.686], [135.20412147, 34.68463288], [135.20413889, 34.68461111], [135.20358333, 34.68433333], [135.20262535, 34.68553082], [135.20247222, 34.68572222], [135.2016583, 34.6849083], [135.2016583, 34.6849083], [135.20125122, 34.6849047], [135.20110582, 34.68518689], [135.20036425, 34.68507512], [135.19980325, 34.68496221], [135.19870725, 34.68477591], [135.19869366, 34.68505842], [135.19871212, 34.68528352], [135.19869313, 34.68542522], [135.19861465, 34.68554437], [135.19834667, 34.68606787], [135.19822564, 34.68628494], [135.19811033, 34.6862405], [135.19810974, 34.68624027], [135.19806993, 34.68631521], [135.19803782, 34.68637586], [135.1980528, 34.68638102], [135.19809635, 34.68639601], [135.19791562, 34.68671614], [135.19758098, 34.6873089], [135.1974108, 34.68760407], [135.19728651, 34.68781948], [135.19714232, 34.68806948], [135.19701731, 34.68828623], [135.19649371, 34.68919408], [135.19645962, 34.68925306], [135.19637591, 34.68938634], [135.19592605, 34.69025974], [135.19586299, 34.69038217], [135.19572082, 34.69065827], [135.19569701, 34.69070576], [135.19562509, 34.69084896], [135.19552351, 34.69105125], [135.19547205, 34.69115373], [135.19545571, 34.69118962], [135.19543093, 34.69123431], [135.19535619, 34.69136893], [135.19532556, 34.69144085], [135.19532246, 34.69144622], [135.19529281, 34.69151432], [135.1950769, 34.69194856], [135.19487025, 34.6923709], [135.19486908, 34.69237331], [135.19468805, 34.69272616], [135.19468419, 34.69273211], [135.1946189, 34.69283244], [135.19456538, 34.69290972], [135.19457134, 34.69297405], [135.19451377, 34.69302221], [135.19446818, 34.69314489], [135.19397339, 34.69326482], [135.19344434, 34.69392607], [135.19346086, 34.69452948], [135.19371693, 34.69974522], [135.1941658, 34.70102837], [135.19526254, 34.7038699], [135.19544439, 34.70406829], [135.19588248, 34.70419229], [135.19604877, 34.70446944], [135.19601387, 34.70461727], [135.19599493, 34.70492855], [135.19594262, 34.70517909], [135.19596941, 34.70538609], [135.19607435, 34.70567734], [135.19615868, 34.70586693], [135.19615868, 34.70586693], [135.1964776, 34.70540738], [135.19704795, 34.70568843], [135.19709059, 34.7058382], [135.19693717, 34.7060551], [135.19699833, 34.70633316], [135.19717191, 34.70649021], [135.19733391, 34.70697559], [135.19721322, 34.70717628], [135.19721222, 34.70728241], [135.19750252, 34.70753998], [135.19793234, 34.7078293], [135.19846136, 34.70798636], [135.19859361, 34.70815994], [135.19871759, 34.70841619], [135.19868287, 34.70871607], [135.19828775, 34.70869722], [135.19794059, 34.70830045], [135.19772567, 34.70825963], [135.19741983, 34.7082839], [135.19731236, 34.70858147], [135.19738674, 34.70908569], [135.19732061, 34.70925927], [135.19723794, 34.70934193], [135.19684943, 34.70968082], [135.19700647, 34.70995359], [135.19721312, 34.71005279], [135.1972756, 34.7102925], [135.19707981, 34.71066187], [135.1966675, 34.71184646], [135.19660136, 34.71213576], [135.19666644, 34.71257334], [135.19736182, 34.71264826], [135.19772553, 34.71267307], [135.19909767, 34.71331783], [135.19903155, 34.71292107], [135.19894065, 34.71212755], [135.1989843, 34.71201183], [135.19899026, 34.71190437], [135.19907292, 34.71174732], [135.19941184, 34.71161508], [135.19948623, 34.71145803], [135.19960198, 34.7108381], [135.19973424, 34.71062319], [135.1998417, 34.71062319], [135.19989129, 34.71096209], [135.19984993, 34.71168948], [135.20003178, 34.71192093], [135.20037069, 34.71188787], [135.20060215, 34.71154071], [135.20055094, 34.71130941], [135.20048643, 34.71123488], [135.20052777, 34.71106129], [135.2007179, 34.71081332], [135.20087496, 34.71061495], [135.20116426, 34.71092079], [135.20135438, 34.71099519], [135.20152796, 34.71099519], [135.20199085, 34.71123491], [135.20246199, 34.71195405], [135.20286703, 34.71194579], [135.20302408, 34.7122351], [135.20361923, 34.71234257], [135.20385067, 34.71248309], [135.2042309, 34.71289639], [135.20438794, 34.71308651], [135.20467725, 34.71337582], [135.20494175, 34.71357421], [135.20515667, 34.71368993], [135.20531371, 34.71394618], [135.20556995, 34.71416109], [135.20595846, 34.71415284], [135.20611551, 34.71422723], [135.20573526, 34.71455786], [135.20579312, 34.71463225], [135.20634694, 34.71466533], [135.20632213, 34.71498769], [135.20691729, 34.71501251], [135.20753227, 34.71539365], [135.20776867, 34.71551674], [135.20776866, 34.71592177], [135.20805219, 34.7158598], [135.20850212, 34.71611118], [135.20884502, 34.71631196], [135.20885254, 34.7162829], [135.20885254, 34.7162829], [135.20918638, 34.7149925], [135.20918861, 34.71498389], [135.20920305, 34.71492861], [135.20921055, 34.71489949], [135.20922, 34.71486278], [135.20942195, 34.71425139], [135.2094327, 34.71421857], [135.2094375, 34.71420389], [135.20945055, 34.71416417], [135.2094808, 34.71407276], [135.20951361, 34.71397361], [135.20951995, 34.71396381], [135.20956139, 34.71389972], [135.2096075, 34.71384861], [135.2096475, 34.71380473], [135.20968278, 34.71376556], [135.20982584, 34.71360759], [135.20986139, 34.71356833], [135.20989834, 34.71352778], [135.209935, 34.71348694], [135.21000278, 34.7134125], [135.21028305, 34.71309722], [135.21046028, 34.71285472], [135.21048918, 34.71281565], [135.21049028, 34.71281417], [135.21049195, 34.71281167], [135.21051195, 34.71277167], [135.21061111, 34.712575], [135.21079, 34.71222528], [135.21117119, 34.71162143], [135.21118945, 34.7115925], [135.21122805, 34.71153139], [135.21124833, 34.71149917], [135.21125451, 34.71148935], [135.21127334, 34.71145944], [135.2117857, 34.71062226], [135.21181777, 34.71056985], [135.21189262, 34.71044756], [135.21211416, 34.71008556], [135.21214084, 34.71004361], [135.21217243, 34.70999425], [135.212505, 34.70947472], [135.21261, 34.70928417], [135.21263166, 34.709245], [135.21265416, 34.70920417], [135.21271584, 34.70909222], [135.2128725, 34.70880833], [135.21291082, 34.70873906], [135.21292889, 34.70870639], [135.21302389, 34.70853417], [135.21328111, 34.70809047], [135.21328139, 34.70809], [135.21350666, 34.70770167], [135.21371692, 34.70725636], [135.21377527, 34.70713278], [135.21390639, 34.70695056], [135.21395166, 34.70688833], [135.2139912, 34.7068337], [135.21423445, 34.7064975], [135.21427528, 34.70644944], [135.2143725, 34.70633556], [135.21439, 34.706315], [135.21439389, 34.70631056], [135.21440241, 34.70630057], [135.21448639, 34.70620222], [135.21450928, 34.70616795], [135.2145775, 34.70606583], [135.21461778, 34.70600528], [135.21462988, 34.70597396], [135.21471305, 34.70575889], [135.21475592, 34.70564615], [135.21481973, 34.70547833], [135.21487971, 34.70532032], [135.21489027, 34.7052925], [135.21490778, 34.70524667], [135.21493389, 34.70517778], [135.21524389, 34.7045375], [135.21531222, 34.70439278], [135.21532861, 34.70435778], [135.21539362, 34.7042204], [135.21541195, 34.70418167], [135.21556206, 34.70386341], [135.21577028, 34.70342194], [135.21581805, 34.70332111], [135.21584443, 34.70327054], [135.215845, 34.70326944], [135.21605666, 34.70286306], [135.21614611, 34.70260444], [135.21622889, 34.70262139], [135.21631354, 34.70252533], [135.21635055, 34.70248333], [135.21640805, 34.70241833], [135.21646889, 34.70234917], [135.21663584, 34.70215972], [135.21692945, 34.70178917], [135.21710305, 34.70186], [135.21712023, 34.701867], [135.21719636, 34.70175041], [135.21757466, 34.70133677], [135.21771631, 34.701105], [135.21832089, 34.70041988], [135.2183894, 34.70034225], [135.21873328, 34.69998253], [135.21880205, 34.69990318], [135.21925174, 34.69935301], [135.21930994, 34.69927895], [135.21952184, 34.6990153]]]}}, {"type": "Feature", "id": "did-1980-46", "properties": {"A16_001": "281094", "A16_002": "28109", "A16_003": "北区", "A16_004": "4", "A16_005": "11063", "A16_006": "1.0", "A16_007": "0", "A16_008": "0.0", "A16_009": "6.7", "A16_010": "0.4", "A16_011": "1980", "year": 1980, "population": 11063.0, "areaKm2": 1.0, "density": 11063.0}, "geometry": {"type": "Polygon", "coordinates": [[[135.11681622, 34.69485958], [135.11663014, 34.69511209], [135.11627763, 34.69523937], [135.11526906, 34.69538622], [135.11519072, 34.69556247], [135.11546489, 34.69570935], [135.11633637, 34.69576812], [135.11675741, 34.69591501], [135.11832408, 34.69685504], [135.11830448, 34.69735441], [135.11831425, 34.69826504], [135.11734484, 34.6984021], [135.11697275, 34.69843146], [135.11683566, 34.69854896], [135.11624809, 34.70004707], [135.11536682, 34.70014496], [135.11539619, 34.70037997], [135.11585638, 34.70111435], [135.1159543, 34.70130039], [135.11615013, 34.70129061], [135.11662016, 34.70081083], [135.11690413, 34.70078146], [135.11709017, 34.70081084], [135.11714891, 34.70119271], [135.11762871, 34.70132981], [135.11816726, 34.70152565], [135.11837288, 34.70176066], [135.11864706, 34.70166274], [135.11899957, 34.70166275], [135.11908769, 34.70174109], [135.11933585, 34.70180789], [135.11951852, 34.7020936], [135.11933582, 34.70249273], [135.11926235, 34.70255725], [135.11924433, 34.70262234], [135.11918557, 34.702779], [135.11913661, 34.70284755], [135.11905827, 34.70306296], [135.11893097, 34.70323921], [135.11890135, 34.70335937], [135.11883304, 34.70362108], [135.11867573, 34.70392587], [135.11820635, 34.70391481], [135.11758946, 34.70394417], [135.11796153, 34.70442887], [135.11802273, 34.70450231], [135.11809616, 34.70461247], [135.11826752, 34.70479606], [135.11842173, 34.70503107], [135.11870814, 34.70524894], [135.11887949, 34.70539581], [135.11906091, 34.70565768], [135.11914753, 34.70577961], [135.1191732, 34.70579565], [135.11923786, 34.70616152], [135.11920894, 34.70676029], [135.11884424, 34.70717667], [135.11886336, 34.70738704], [135.11895897, 34.70761653], [135.11905459, 34.70780778], [135.11916933, 34.70803727], [135.11934145, 34.70834326], [135.11938733, 34.70887492], [135.11944852, 34.70907381], [135.11947912, 34.70922681], [135.11949865, 34.70942267], [135.11967802, 34.70955312], [135.1195556, 34.70976229], [135.11960149, 34.71006828], [135.11989217, 34.71034368], [135.11958998, 34.71086768], [135.11992275, 34.71090976], [135.12021346, 34.71080267], [135.12033585, 34.7107912], [135.12069923, 34.71071471], [135.12089048, 34.71056172], [135.12085225, 34.70996886], [135.12083313, 34.70983499], [135.12073752, 34.70945251], [135.12070311, 34.70910444], [135.12070312, 34.70875255], [135.12060521, 34.70832111], [135.1206909, 34.70812528], [135.12061747, 34.70774585], [135.12061748, 34.70762345], [135.12058077, 34.70714611], [135.12062668, 34.70694722], [135.12065424, 34.70628934], [135.12077667, 34.70553049], [135.12096028, 34.7050042], [135.12094805, 34.70483284], [135.12114391, 34.70408623], [135.12137893, 34.70367989], [135.12185873, 34.70369948], [135.12249035, 34.70260528], [135.12304116, 34.70209123], [135.12377557, 34.70150375], [135.1243019, 34.70112433], [135.12469358, 34.70092851], [135.12504854, 34.70075716], [135.12523215, 34.70062253], [135.12555039, 34.70050749], [135.12585639, 34.7003288], [135.12618687, 34.70012073], [135.12632151, 34.7000473], [135.1264072, 34.6999249], [135.12660715, 34.69985774], [135.12693352, 34.69955773], [135.12705592, 34.69959445], [135.12730071, 34.69986373], [135.12733743, 34.69996164], [135.12689677, 34.70053689], [135.12717828, 34.70090409], [135.12747819, 34.70116749], [135.1276098, 34.70109856], [135.12846347, 34.70079396], [135.12906323, 34.7005859], [135.12954059, 34.7004268], [135.13006691, 34.70021874], [135.13011428, 34.69967209], [135.13017709, 34.69952109], [135.13012815, 34.69910494], [135.13017712, 34.69881119], [135.13018937, 34.69845624], [135.13016489, 34.69832161], [135.13012818, 34.69802786], [135.13017715, 34.69777083], [135.12992863, 34.69771462], [135.12944276, 34.69783201], [135.12900212, 34.69780752], [135.12862269, 34.69774631], [135.12829222, 34.69755047], [135.12805967, 34.69737911], [135.12793727, 34.69723224], [135.12790055, 34.69714656], [135.12781488, 34.69710984], [135.12753337, 34.69669369], [135.12733754, 34.69662025], [135.12717843, 34.69619186], [135.1271662, 34.69610618], [135.12693365, 34.69570227], [135.12679902, 34.69551867], [135.12668887, 34.69511477], [135.1266032, 34.69504133], [135.12624826, 34.69445382], [135.12617483, 34.69436814], [135.12600348, 34.69403767], [135.12574645, 34.6937072], [135.12496311, 34.6934991], [135.12435112, 34.6933767], [135.12367793, 34.69324204], [135.12284562, 34.69310739], [135.12240499, 34.69298499], [135.12200108, 34.69285034], [135.12175628, 34.69280138], [135.12164612, 34.69285033], [135.12156044, 34.69293601], [135.12134012, 34.69307064], [135.12120303, 34.69318324], [135.12094843, 34.69328115], [135.12078931, 34.69336437], [135.12041967, 34.6933203], [135.12030217, 34.69327134], [135.11994477, 34.69307061], [135.11951638, 34.69283804], [135.11940622, 34.69296044], [135.11932054, 34.69300939], [135.11923486, 34.69307059], [135.11908797, 34.69335944], [135.11854941, 34.6935063], [135.1181865, 34.69352357], [135.11816924, 34.69354282], [135.11810499, 34.69361444], [135.11804945, 34.69370681], [135.11802362, 34.69374972], [135.11802358, 34.69382024], [135.11802348, 34.69402936], [135.11802334, 34.69427277], [135.11792917, 34.69442656], [135.11792638, 34.69443111], [135.11789134, 34.69446011], [135.11776722, 34.69456278], [135.11767222, 34.69466972], [135.11762916, 34.69474778], [135.11766745, 34.69495027], [135.11767223, 34.69497556], [135.11745249, 34.69502917], [135.11736195, 34.69502194], [135.11735624, 34.69501527], [135.11728861, 34.69493639], [135.11728692, 34.69492606], [135.11727905, 34.69487797], [135.11727584, 34.69485833], [135.11724139, 34.69481556], [135.11720249, 34.69480139], [135.11714666, 34.69480472], [135.11709055, 34.69481917], [135.11703028, 34.69483333], [135.11700795, 34.69484197], [135.11695695, 34.69486167], [135.11691816, 34.69486631], [135.11683612, 34.69487611], [135.11681622, 34.69485958]]]}}, {"type": "Feature", "id": "did-1980-47", "properties": {"A16_001": "281041", "A16_002": "28104", "A16_003": "生田区", "A16_004": "1", "A16_005": "51327", "A16_006": "9.5", "A16_007": "56607", "A16_008": "9.5", "A16_009": "99.1", "A16_010": "76.4", "A16_011": "1980", "year": 1980, "population": 51327.0, "areaKm2": 9.5, "density": 5402.8421052631575}, "geometry": {"type": "Polygon", "coordinates": [[[135.19615868, 34.70586693], [135.19607435, 34.70567734], [135.19596941, 34.70538609], [135.19594262, 34.70517909], [135.19599493, 34.70492855], [135.19601387, 34.70461727], [135.19604877, 34.70446944], [135.19588248, 34.70419229], [135.19544439, 34.70406829], [135.19526254, 34.7038699], [135.1941658, 34.70102837], [135.19371693, 34.69974522], [135.19346086, 34.69452948], [135.19344434, 34.69392607], [135.19397339, 34.69326482], [135.19446818, 34.69314489], [135.19451377, 34.69302221], [135.19457134, 34.69297405], [135.19456538, 34.69290972], [135.1946189, 34.69283244], [135.19468419, 34.69273211], [135.19468805, 34.69272616], [135.19486908, 34.69237331], [135.19487025, 34.6923709], [135.1950769, 34.69194856], [135.19529281, 34.69151432], [135.19532246, 34.69144622], [135.19532556, 34.69144085], [135.19535619, 34.69136893], [135.19543093, 34.69123431], [135.19545571, 34.69118962], [135.19547205, 34.69115373], [135.19552351, 34.69105125], [135.19562509, 34.69084896], [135.19569701, 34.69070576], [135.19572082, 34.69065827], [135.19586299, 34.69038217], [135.19592605, 34.69025974], [135.19637591, 34.68938634], [135.19645962, 34.68925306], [135.19649371, 34.68919408], [135.19701731, 34.68828623], [135.19714232, 34.68806948], [135.19728651, 34.68781948], [135.1974108, 34.68760407], [135.19758098, 34.6873089], [135.19791562, 34.68671614], [135.19809635, 34.68639601], [135.1980528, 34.68638102], [135.19803782, 34.68637586], [135.19806993, 34.68631521], [135.19810974, 34.68624027], [135.19811033, 34.6862405], [135.19822564, 34.68628494], [135.19834667, 34.68606787], [135.19861465, 34.68554437], [135.19869313, 34.68542522], [135.19871212, 34.68528352], [135.19869366, 34.68505842], [135.19870725, 34.68477591], [135.19980325, 34.68496221], [135.20036425, 34.68507512], [135.20110582, 34.68518689], [135.20125122, 34.6849047], [135.2016583, 34.6849083], [135.2016583, 34.6849083], [135.20163889, 34.68488889], [135.20168355, 34.6847333], [135.20330556, 34.67908333], [135.20396785, 34.67848727], [135.20608333, 34.67658333], [135.20727434, 34.67717884], [135.21052778, 34.67880556], [135.21031511, 34.68050687], [135.21030783, 34.68056514], [135.21029576, 34.6806617], [135.21025, 34.68102778], [135.2103375, 34.68104322], [135.2194857, 34.68265761], [135.21969444, 34.68269444], [135.21970103, 34.68268917], [135.22236801, 34.68055559], [135.22525, 34.67825], [135.22525, 34.6778482], [135.22525, 34.67769444], [135.21637149, 34.67500399], [135.21608333, 34.67491667], [135.21747222, 34.67241667], [135.2178036, 34.67252414], [135.22543125, 34.67499797], [135.22775, 34.67575], [135.22780933, 34.67571349], [135.23136111, 34.67352778], [135.23150912, 34.67337977], [135.23163889, 34.67325], [135.22332346, 34.67087416], [135.21997222, 34.66991667], [135.2196193, 34.6697402], [135.21955661, 34.66970886], [135.21955284, 34.66970698], [135.21941667, 34.66963889], [135.22080556, 34.66713889], [135.2210602, 34.66722103], [135.22941461, 34.669916], [135.22941777, 34.66991698], [135.23316618, 34.67098795], [135.23330556, 34.67102778], [135.23348377, 34.67031493], [135.23358333, 34.66991667], [135.23386111, 34.66936111], [135.22067413, 34.66381518], [135.21528665, 34.66154942], [135.21326802, 34.66070047], [135.20651855, 34.6578619], [135.20413889, 34.65686111], [135.2040906, 34.65724746], [135.20386111, 34.65908333], [135.20247222, 34.65908333], [135.20163889, 34.66991667], [135.20142056, 34.67275497], [135.20136111, 34.67352778], [135.20168778, 34.67352778], [135.20275, 34.67352778], [135.20275, 34.67372741], [135.20275, 34.67463889], [135.20298617, 34.67482783], [135.20413889, 34.67575], [135.20411311, 34.67577578], [135.20302778, 34.67686111], [135.20386111, 34.67741667], [135.20330973, 34.6781059], [135.20275, 34.67880556], [135.20219444, 34.67852778], [135.2005555, 34.68369046], [135.20052778, 34.68377778], [135.19929593, 34.68336716], [135.19925873, 34.68335476], [135.19886111, 34.68322222], [135.19940646, 34.67997739], [135.19941667, 34.67991667], [135.19888151, 34.67991667], [135.19843723, 34.67991667], [135.19830556, 34.67991667], [135.19775, 34.68297222], [135.1965578, 34.68294838], [135.19636111, 34.68294444], [135.19663409, 34.679696], [135.19663889, 34.67963889], [135.19625475, 34.67963889], [135.19574488, 34.67963889], [135.19552778, 34.67963889], [135.19497222, 34.68269444], [135.19395443, 34.68267409], [135.19358333, 34.68266667], [135.19412765, 34.67942799], [135.19413889, 34.67936111], [135.19351059, 34.67936111], [135.19307121, 34.67936111], [135.19302778, 34.67936111], [135.19230853, 34.68257976], [135.19227421, 34.68273335], [135.19191667, 34.68433333], [135.19231045, 34.68443178], [135.19302778, 34.68461111], [135.19302778, 34.68476609], [135.19302778, 34.68516667], [135.19214642, 34.68516667], [135.19212113, 34.68516667], [135.1906255, 34.68516667], [135.19037431, 34.68516667], [135.19019535, 34.68516667], [135.18997222, 34.68516667], [135.19008847, 34.6834346], [135.18991509, 34.68346972], [135.18988667, 34.68381714], [135.18932613, 34.68377967], [135.18922276, 34.68496788], [135.18906325, 34.68507637], [135.18799771, 34.68493105], [135.18712591, 34.68475344], [135.18680302, 34.68464042], [135.18723896, 34.68346191], [135.18819157, 34.68129861], [135.19022407, 34.68141413], [135.19023511, 34.68124964], [135.19025, 34.68102778], [135.18852131, 34.68102778], [135.18802778, 34.68102778], [135.18940067, 34.6793803], [135.18941667, 34.67936111], [135.18858333, 34.67880556], [135.18691667, 34.68075], [135.18525, 34.68405556], [135.18503956, 34.68398541], [135.18441667, 34.68377778], [135.18496502, 34.68295525], [135.18497222, 34.68294444], [135.18464817, 34.68272841], [135.18450883, 34.68263552], [135.18413889, 34.68238889], [135.18393916, 34.68298808], [135.18386111, 34.68322222], [135.18330556, 34.68266667], [135.18333055, 34.68263042], [135.18356951, 34.68228393], [135.18386111, 34.68186111], [135.1835911, 34.68118607], [135.18330556, 34.68047222], [135.18441667, 34.68047222], [135.18544292, 34.6779066], [135.18552778, 34.67769444], [135.18364026, 34.67769444], [135.18358333, 34.67769444], [135.18352978, 34.67758734], [135.18330556, 34.67713889], [135.18215017, 34.67713889], [135.18191667, 34.67713889], [135.18191667, 34.67658333], [135.18219444, 34.67658333], [135.18219444, 34.67681623], [135.18219444, 34.67686111], [135.18234059, 34.67686111], [135.18330556, 34.67686111], [135.18344192, 34.67713385], [135.18358333, 34.67741667], [135.18361563, 34.67731978], [135.18386111, 34.67658333], [135.1843488, 34.67658333], [135.18663889, 34.67658333], [135.18716583, 34.67579292], [135.18719444, 34.67575], [135.18717297, 34.67574141], [135.18629053, 34.67538843], [135.18597614, 34.67526268], [135.18580556, 34.67519444], [135.18580556, 34.67463889], [135.18663889, 34.67491667], [135.18775, 34.67436111], [135.18802778, 34.67352778], [135.18830556, 34.67352778], [135.18858333, 34.67269444], [135.18913889, 34.67269444], [135.1893596, 34.67225302], [135.18941667, 34.67213889], [135.18912019, 34.67213889], [135.18886111, 34.67213889], [135.18913889, 34.67158333], [135.18865248, 34.67085371], [135.18858333, 34.67075], [135.18833414, 34.6706254], [135.18820665, 34.67056166], [135.18771574, 34.6703162], [135.18747222, 34.67019444], [135.18747222, 34.67011885], [135.18747222, 34.66991667], [135.18320671, 34.66991667], [135.18320671, 34.66991667], [135.18307805, 34.67031472], [135.18283721, 34.67137683], [135.18273861, 34.67181167], [135.18397481, 34.67197403], [135.18452361, 34.67204611], [135.18444195, 34.67216723], [135.1843375, 34.67224806], [135.18388416, 34.67240806], [135.1833975, 34.67257944], [135.18334471, 34.67260027], [135.18314334, 34.67267972], [135.18315972, 34.67280111], [135.18328695, 34.67308277], [135.18330627, 34.67312561], [135.18333555, 34.67319056], [135.18331083, 34.67319987], [135.18240731, 34.67354033], [135.18224528, 34.67360139], [135.18223894, 34.67360378], [135.18198805, 34.67369833], [135.181355, 34.67390056], [135.18128024, 34.67393159], [135.1812225, 34.67395556], [135.18029529, 34.67434032], [135.18029473, 34.67434056], [135.18025555, 34.67435667], [135.18005611, 34.67443944], [135.17899586, 34.67484983], [135.17899111, 34.67485167], [135.17894445, 34.67486972], [135.17889555, 34.67488861], [135.17885889, 34.67490278], [135.17821916, 34.67514944], [135.17813111, 34.67517583], [135.17785834, 34.67525778], [135.17779872, 34.6752757], [135.17768555, 34.67530972], [135.17760071, 34.67533519], [135.17728584, 34.67542972], [135.17716834, 34.67547639], [135.17710555, 34.67550139], [135.17688472, 34.67558889], [135.17677345, 34.67563304], [135.17664389, 34.67568444], [135.17659722, 34.67570306], [135.17659416, 34.67570444], [135.17649945, 34.67574194], [135.17644639, 34.67576306], [135.17643416, 34.67576777], [135.17640584, 34.67577694], [135.1758325, 34.67596333], [135.17577472, 34.67598194], [135.17572945, 34.67599667], [135.17565416, 34.67602111], [135.175775, 34.67629056], [135.17573834, 34.67631222], [135.17568361, 34.67634444], [135.17560139, 34.67639389], [135.17550416, 34.67645222], [135.1754525, 34.67648667], [135.17535084, 34.67655473], [135.17519639, 34.67670583], [135.17519267, 34.67670944], [135.17516916, 34.67673222], [135.17516111, 34.67674028], [135.17512389, 34.67677667], [135.17507529, 34.67682415], [135.17492972, 34.67696639], [135.17488472, 34.67700889], [135.17484945, 34.6770425], [135.17481084, 34.67707917], [135.17458028, 34.67729833], [135.17454416, 34.67733278], [135.17451, 34.677365], [135.1744494, 34.67742258], [135.17440803, 34.67746189], [135.17417555, 34.67768278], [135.17413472, 34.67772167], [135.17412949, 34.67772662], [135.17409889, 34.67775556], [135.17381591, 34.67802445], [135.17381416, 34.67802611], [135.17377445, 34.67806389], [135.17373778, 34.67809861], [135.1734875, 34.67833639], [135.17351137, 34.67835003], [135.17427695, 34.6787875], [135.17438557, 34.67884947], [135.17440305, 34.67885944], [135.17461, 34.67897778], [135.17457882, 34.67900977], [135.17437584, 34.67921806], [135.17436166, 34.6792325], [135.17419334, 34.67940507], [135.17418555, 34.67941306], [135.17412695, 34.67947306], [135.17384834, 34.67975917], [135.17380305, 34.67980583], [135.17377361, 34.67983611], [135.17337445, 34.68024639], [135.17333111, 34.68029111], [135.17332749, 34.68029482], [135.17329555, 34.6803275], [135.17276972, 34.68086806], [135.1726, 34.68103972], [135.17256, 34.68108], [135.17255324, 34.68108683], [135.17253166, 34.68110861], [135.17231945, 34.68132333], [135.17203389, 34.68161361], [135.17199416, 34.68165361], [135.17196528, 34.68168306], [135.17173834, 34.68191333], [135.17162861, 34.68202667], [135.17150666, 34.68215278], [135.17150055, 34.68215917], [135.17137695, 34.68228694], [135.17126195, 34.68240583], [135.17125111, 34.68241861], [135.17107055, 34.68263472], [135.17097805, 34.68274528], [135.17086334, 34.68295333], [135.170835, 34.68300444], [135.17081389, 34.68304306], [135.17077889, 34.68310639], [135.17070084, 34.68326889], [135.17063528, 34.68340556], [135.17053055, 34.68367833], [135.17047889, 34.6838125], [135.17041666, 34.68400583], [135.17037576, 34.68408233], [135.17025639, 34.68430556], [135.170255, 34.68430814], [135.17024389, 34.68432889], [135.17018166, 34.68456889], [135.17012639, 34.68484361], [135.17001861, 34.68511778], [135.16967389, 34.68614583], [135.16966084, 34.68618472], [135.16964, 34.68624694], [135.16984941, 34.68633505], [135.17015166, 34.68646222], [135.17020055, 34.6864825], [135.17024861, 34.68650278], [135.1702728, 34.68651293], [135.17052778, 34.68662], [135.170597, 34.68665138], [135.17085303, 34.68676743], [135.171235, 34.68694056], [135.17128334, 34.68696278], [135.17129472, 34.68696778], [135.1713125, 34.68701472], [135.17138916, 34.68721833], [135.17147581, 34.68743994], [135.17149028, 34.68747694], [135.17156861, 34.68758472], [135.17170528, 34.68769777], [135.17195, 34.68784333], [135.17197055, 34.68785139], [135.17202472, 34.68787222], [135.17207278, 34.68789111], [135.17211666, 34.68790806], [135.17219722, 34.68790917], [135.17232528, 34.68791083], [135.17235528, 34.68790778], [135.17245456, 34.68789807], [135.17245472, 34.68789806], [135.17250611, 34.68789278], [135.17259639, 34.68788389], [135.1726875, 34.68790528], [135.17288666, 34.68806694], [135.17284416, 34.68807777], [135.172739, 34.68809468], [135.17272666, 34.68809667], [135.17266139, 34.68817223], [135.17265166, 34.68825833], [135.17267778, 34.68829889], [135.17274639, 34.68841139], [135.17277042, 34.6885125], [135.17277584, 34.68853528], [135.17276584, 34.68862417], [135.17272111, 34.68868083], [135.17269354, 34.68871571], [135.17262579, 34.68889477], [135.17264218, 34.68897271], [135.17262896, 34.68907851], [135.17264217, 34.68928351], [135.17277269, 34.68962288], [135.17282055, 34.68964777], [135.17282139, 34.68964806], [135.17303361, 34.68981778], [135.17317334, 34.68988389], [135.17338084, 34.68998222], [135.17339584, 34.68998944], [135.17393611, 34.69026194], [135.17395695, 34.6902725], [135.17418555, 34.69041528], [135.17433528, 34.69056389], [135.17436232, 34.69059077], [135.1743825, 34.69061083], [135.17443, 34.69065778], [135.17471028, 34.69098917], [135.17471055, 34.69098944], [135.17496555, 34.69133056], [135.17502611, 34.69141111], [135.17509916, 34.69150833], [135.17531139, 34.69172139], [135.1753575, 34.69175], [135.17544195, 34.69180223], [135.17553584, 34.69185333], [135.17558555, 34.69188028], [135.17575278, 34.69191861], [135.1758254, 34.69193516], [135.17585639, 34.69194222], [135.17614389, 34.69202167], [135.17619889, 34.69203667], [135.17622445, 34.69205444], [135.17624139, 34.69206611], [135.17615111, 34.69216583], [135.17610305, 34.69221889], [135.17603278, 34.69229667], [135.17576841, 34.69222135], [135.17574416, 34.69221444], [135.17562416, 34.69243861], [135.17558334, 34.69251528], [135.17547361, 34.69266777], [135.17542555, 34.69273444], [135.17537889, 34.69279917], [135.175285, 34.69292944], [135.17515555, 34.69319389], [135.17512416, 34.69325778], [135.17550297, 34.69337083], [135.17580112, 34.69345981], [135.17590972, 34.69349222], [135.17670945, 34.69373056], [135.17689834, 34.69379694], [135.17687472, 34.69403056], [135.17684666, 34.69409472], [135.17680834, 34.69418278], [135.17679118, 34.69425714], [135.17679118, 34.69425714], [135.17710964, 34.69424178], [135.17726834, 34.694501], [135.17781852, 34.69457508], [135.17790846, 34.69464385], [135.1779349, 34.69487133], [135.17798779, 34.69523635], [135.17829991, 34.69537919], [135.17860147, 34.6951094], [135.17883953, 34.69491367], [135.17895592, 34.69490309], [135.17910934, 34.69491897], [135.17950081, 34.69516232], [135.17919396, 34.69570191], [135.17914633, 34.69603518], [135.17949548, 34.69631028], [135.18033662, 34.69670177], [135.18060114, 34.69653249], [135.18077573, 34.69628386], [135.1811725, 34.69633148], [135.18137352, 34.6964267], [135.18133119, 34.6966436], [135.18119232, 34.6967494], [135.18120554, 34.69688165], [135.18137086, 34.69690149], [135.1814436, 34.69694117], [135.18166976, 34.69708269], [135.1819078, 34.69746887], [135.18199245, 34.69750591], [135.18215116, 34.69749004], [135.1825638, 34.69750063], [135.18316159, 34.69775457], [135.18345255, 34.6978498], [135.18392868, 34.69752711], [135.18419849, 34.69758531], [135.18423022, 34.69770169], [135.18473014, 34.69809846], [135.18463094, 34.69834313], [135.18426062, 34.69848199], [135.18420771, 34.6985944], [135.18451851, 34.69879279], [135.18455818, 34.69892504], [135.18455156, 34.69908374], [135.1844193, 34.69917632], [135.18396301, 34.69926227], [135.18392333, 34.69939453], [135.18407542, 34.69957968], [135.18435977, 34.69957969], [135.18489542, 34.69928213], [135.18543106, 34.69921602], [135.18551703, 34.69928876], [135.18579474, 34.70001616], [135.18609892, 34.70028728], [135.18682633, 34.70036004], [135.18711791, 34.70048374], [135.18722661, 34.70058079], [135.18754215, 34.70091068], [135.18800338, 34.70140487], [135.18812241, 34.7015239], [135.18829434, 34.70168261], [135.18840014, 34.70170245], [135.18858916, 34.7018143], [135.18924893, 34.70214419], [135.18963672, 34.70239019], [135.18972269, 34.70240342], [135.18980865, 34.70248277], [135.18986155, 34.7025489], [135.18986154, 34.70276712], [135.18991444, 34.70309114], [135.19027153, 34.70316389], [135.19061539, 34.70329615], [135.19098571, 34.70338873], [135.19107828, 34.70346148], [135.19120393, 34.70352099], [135.19131634, 34.70364002], [135.19147504, 34.70375905], [135.19159407, 34.70378551], [135.19162714, 34.70383841], [135.19197099, 34.70424179], [135.19224212, 34.70420873], [135.19238099, 34.70417567], [135.19265872, 34.70430132], [135.19276452, 34.70440051], [135.19304226, 34.70446003], [135.19322081, 34.70453939], [135.19324725, 34.7048568], [135.1933366, 34.70498413], [135.19367707, 34.70508825], [135.19394158, 34.70517422], [135.19430529, 34.70517423], [135.19441109, 34.70518746], [135.19447061, 34.7053131], [135.19451271, 34.70567261], [135.19435154, 34.70649015], [135.19455653, 34.70671499], [135.19477475, 34.70680095], [135.19480161, 34.70681515], [135.19504446, 34.70685557], [135.19522269, 34.70687995], [135.19553078, 34.70700468], [135.19595716, 34.7071773], [135.19591236, 34.70700268], [135.19593204, 34.70678689], [135.19622309, 34.70694174], [135.19622367, 34.70685821], [135.19621813, 34.70682571], [135.19621715, 34.70677994], [135.19620893, 34.70673633], [135.1961919, 34.70668152], [135.19617848, 34.70662062], [135.19617111, 34.70655968], [135.19616772, 34.70651294], [135.19616532, 34.70645394], [135.19616297, 34.70640001], [135.19615311, 34.7063381], [135.19615174, 34.70627191], [135.19615891, 34.70620664], [135.19617475, 34.70614751], [135.19618956, 34.70609543], [135.19619094, 34.70606429], [135.19619608, 34.70595101], [135.19615868, 34.70586693]]]}}, {"type": "Feature", "id": "did-1980-48", "properties": {"A16_001": "281051", "A16_002": "28105", "A16_003": "兵庫区", "A16_004": "1", "A16_005": "139880", "A16_006": "9.5", "A16_007": "162122", "A16_008": "9.3", "A16_009": "98.2", "A16_010": "66.2", "A16_011": "1980", "year": 1980, "population": 139880.0, "areaKm2": 9.5, "density": 14724.21052631579}, "geometry": {"type": "Polygon", "coordinates": [[[135.17679118, 34.69425714], [135.17680834, 34.69418278], [135.17684666, 34.69409472], [135.17687472, 34.69403056], [135.17689834, 34.69379694], [135.17670945, 34.69373056], [135.17590972, 34.69349222], [135.17580112, 34.69345981], [135.17550297, 34.69337083], [135.17512416, 34.69325778], [135.17515555, 34.69319389], [135.175285, 34.69292944], [135.17537889, 34.69279917], [135.17542555, 34.69273444], [135.17547361, 34.69266777], [135.17558334, 34.69251528], [135.17562416, 34.69243861], [135.17574416, 34.69221444], [135.17576841, 34.69222135], [135.17603278, 34.69229667], [135.17610305, 34.69221889], [135.17615111, 34.69216583], [135.17624139, 34.69206611], [135.17622445, 34.69205444], [135.17619889, 34.69203667], [135.17614389, 34.69202167], [135.17585639, 34.69194222], [135.1758254, 34.69193516], [135.17575278, 34.69191861], [135.17558555, 34.69188028], [135.17553584, 34.69185333], [135.17544195, 34.69180223], [135.1753575, 34.69175], [135.17531139, 34.69172139], [135.17509916, 34.69150833], [135.17502611, 34.69141111], [135.17496555, 34.69133056], [135.17471055, 34.69098944], [135.17471028, 34.69098917], [135.17443, 34.69065778], [135.1743825, 34.69061083], [135.17436232, 34.69059077], [135.17433528, 34.69056389], [135.17418555, 34.69041528], [135.17395695, 34.6902725], [135.17393611, 34.69026194], [135.17339584, 34.68998944], [135.17338084, 34.68998222], [135.17317334, 34.68988389], [135.17303361, 34.68981778], [135.17282139, 34.68964806], [135.17282055, 34.68964777], [135.17277269, 34.68962288], [135.17264217, 34.68928351], [135.17262896, 34.68907851], [135.17264218, 34.68897271], [135.17262579, 34.68889477], [135.17269354, 34.68871571], [135.17272111, 34.68868083], [135.17276584, 34.68862417], [135.17277584, 34.68853528], [135.17277042, 34.6885125], [135.17274639, 34.68841139], [135.17267778, 34.68829889], [135.17265166, 34.68825833], [135.17266139, 34.68817223], [135.17272666, 34.68809667], [135.172739, 34.68809468], [135.17284416, 34.68807777], [135.17288666, 34.68806694], [135.1726875, 34.68790528], [135.17259639, 34.68788389], [135.17250611, 34.68789278], [135.17245472, 34.68789806], [135.17245456, 34.68789807], [135.17235528, 34.68790778], [135.17232528, 34.68791083], [135.17219722, 34.68790917], [135.17211666, 34.68790806], [135.17207278, 34.68789111], [135.17202472, 34.68787222], [135.17197055, 34.68785139], [135.17195, 34.68784333], [135.17170528, 34.68769777], [135.17156861, 34.68758472], [135.17149028, 34.68747694], [135.17147581, 34.68743994], [135.17138916, 34.68721833], [135.1713125, 34.68701472], [135.17129472, 34.68696778], [135.17128334, 34.68696278], [135.171235, 34.68694056], [135.17085303, 34.68676743], [135.170597, 34.68665138], [135.17052778, 34.68662], [135.1702728, 34.68651293], [135.17024861, 34.68650278], [135.17020055, 34.6864825], [135.17015166, 34.68646222], [135.16984941, 34.68633505], [135.16964, 34.68624694], [135.16966084, 34.68618472], [135.16967389, 34.68614583], [135.17001861, 34.68511778], [135.17012639, 34.68484361], [135.17018166, 34.68456889], [135.17024389, 34.68432889], [135.170255, 34.68430814], [135.17025639, 34.68430556], [135.17037576, 34.68408233], [135.17041666, 34.68400583], [135.17047889, 34.6838125], [135.17053055, 34.68367833], [135.17063528, 34.68340556], [135.17070084, 34.68326889], [135.17077889, 34.68310639], [135.17081389, 34.68304306], [135.170835, 34.68300444], [135.17086334, 34.68295333], [135.17097805, 34.68274528], [135.17107055, 34.68263472], [135.17125111, 34.68241861], [135.17126195, 34.68240583], [135.17137695, 34.68228694], [135.17150055, 34.68215917], [135.17150666, 34.68215278], [135.17162861, 34.68202667], [135.17173834, 34.68191333], [135.17196528, 34.68168306], [135.17199416, 34.68165361], [135.17203389, 34.68161361], [135.17231945, 34.68132333], [135.17253166, 34.68110861], [135.17255324, 34.68108683], [135.17256, 34.68108], [135.1726, 34.68103972], [135.17276972, 34.68086806], [135.17329555, 34.6803275], [135.17332749, 34.68029482], [135.17333111, 34.68029111], [135.17337445, 34.68024639], [135.17377361, 34.67983611], [135.17380305, 34.67980583], [135.17384834, 34.67975917], [135.17412695, 34.67947306], [135.17418555, 34.67941306], [135.17419334, 34.67940507], [135.17436166, 34.6792325], [135.17437584, 34.67921806], [135.17457882, 34.67900977], [135.17461, 34.67897778], [135.17440305, 34.67885944], [135.17438557, 34.67884947], [135.17427695, 34.6787875], [135.17351137, 34.67835003], [135.1734875, 34.67833639], [135.17373778, 34.67809861], [135.17377445, 34.67806389], [135.17381416, 34.67802611], [135.17381591, 34.67802445], [135.17409889, 34.67775556], [135.17412949, 34.67772662], [135.17413472, 34.67772167], [135.17417555, 34.67768278], [135.17440803, 34.67746189], [135.1744494, 34.67742258], [135.17451, 34.677365], [135.17454416, 34.67733278], [135.17458028, 34.67729833], [135.17481084, 34.67707917], [135.17484945, 34.6770425], [135.17488472, 34.67700889], [135.17492972, 34.67696639], [135.17507529, 34.67682415], [135.17512389, 34.67677667], [135.17516111, 34.67674028], [135.17516916, 34.67673222], [135.17519267, 34.67670944], [135.17519639, 34.67670583], [135.17535084, 34.67655473], [135.1754525, 34.67648667], [135.17550416, 34.67645222], [135.17560139, 34.67639389], [135.17568361, 34.67634444], [135.17573834, 34.67631222], [135.175775, 34.67629056], [135.17565416, 34.67602111], [135.17572945, 34.67599667], [135.17577472, 34.67598194], [135.1758325, 34.67596333], [135.17640584, 34.67577694], [135.17643416, 34.67576777], [135.17644639, 34.67576306], [135.17649945, 34.67574194], [135.17659416, 34.67570444], [135.17659722, 34.67570306], [135.17664389, 34.67568444], [135.17677345, 34.67563304], [135.17688472, 34.67558889], [135.17710555, 34.67550139], [135.17716834, 34.67547639], [135.17728584, 34.67542972], [135.17760071, 34.67533519], [135.17768555, 34.67530972], [135.17779872, 34.6752757], [135.17785834, 34.67525778], [135.17813111, 34.67517583], [135.17821916, 34.67514944], [135.17885889, 34.67490278], [135.17889555, 34.67488861], [135.17894445, 34.67486972], [135.17899111, 34.67485167], [135.17899586, 34.67484983], [135.18005611, 34.67443944], [135.18025555, 34.67435667], [135.18029473, 34.67434056], [135.18029529, 34.67434032], [135.1812225, 34.67395556], [135.18128024, 34.67393159], [135.181355, 34.67390056], [135.18198805, 34.67369833], [135.18223894, 34.67360378], [135.18224528, 34.67360139], [135.18240731, 34.67354033], [135.18331083, 34.67319987], [135.18333555, 34.67319056], [135.18330627, 34.67312561], [135.18328695, 34.67308277], [135.18315972, 34.67280111], [135.18314334, 34.67267972], [135.18334471, 34.67260027], [135.1833975, 34.67257944], [135.18388416, 34.67240806], [135.1843375, 34.67224806], [135.18444195, 34.67216723], [135.18452361, 34.67204611], [135.18397481, 34.67197403], [135.18273861, 34.67181167], [135.18283721, 34.67137683], [135.18307805, 34.67031472], [135.18320671, 34.66991667], [135.18320671, 34.66991667], [135.18306175, 34.66991667], [135.18302778, 34.66991667], [135.1822467, 34.66991667], [135.18219444, 34.66991667], [135.18219444, 34.67019444], [135.18102324, 34.67038965], [135.18052778, 34.67047222], [135.18040907, 34.67046143], [135.17860641, 34.67029755], [135.17775406, 34.67022007], [135.17747222, 34.67019444], [135.17747222, 34.67015017], [135.17747222, 34.66991667], [135.17749587, 34.66946742], [135.17755495, 34.66834476], [135.1775762, 34.66794109], [135.17758522, 34.66776962], [135.17775, 34.66463889], [135.17794395, 34.66463889], [135.17802778, 34.66463889], [135.17822257, 34.66490673], [135.18025, 34.66769444], [135.18040371, 34.66765435], [135.18663889, 34.66602778], [135.18654179, 34.66583357], [135.18636111, 34.66547222], [135.18227177, 34.66649456], [135.18191667, 34.66658333], [135.18163889, 34.66547222], [135.18608333, 34.66436111], [135.18566785, 34.66353014], [135.18552778, 34.66325], [135.18139879, 34.66428225], [135.18108333, 34.66436111], [135.18080556, 34.66352778], [135.18302778, 34.66269444], [135.18255028, 34.66173945], [135.18247222, 34.66158333], [135.17969444, 34.66213889], [135.17858333, 34.66352778], [135.17749365, 34.66352778], [135.17719444, 34.66352778], [135.17719444, 34.66297222], [135.17723468, 34.66290852], [135.17742758, 34.66260309], [135.17756081, 34.66239214], [135.178429, 34.66101751], [135.18052778, 34.65769444], [135.18025, 34.65547222], [135.18247222, 34.65547222], [135.18270583, 34.65593944], [135.18275, 34.65602778], [135.1827701, 34.65601773], [135.18330556, 34.65575], [135.18302778, 34.65519444], [135.18430851, 34.65468215], [135.18441667, 34.65463889], [135.18440277, 34.65461109], [135.18413889, 34.65408333], [135.18469444, 34.65352778], [135.18658568, 34.65298742], [135.18663889, 34.65297222], [135.18691667, 34.65241667], [135.18466936, 34.65065093], [135.18381953, 34.64998321], [135.18302778, 34.64936111], [135.17404827, 34.6484322], [135.1678669, 34.64779274], [135.167484, 34.65051371], [135.16765495, 34.65083551], [135.1680375, 34.65104107], [135.16987183, 34.65101537], [135.17004843, 34.65092607], [135.17017916, 34.65095625], [135.17031995, 34.65104676], [135.17122505, 34.65103672], [135.17133286, 34.6509253], [135.17142297, 34.65093174], [135.17148732, 34.65103472], [135.1729934, 34.65107337], [135.17285178, 34.65185856], [135.17158706, 34.65189152], [135.17059909, 34.65200011], [135.17053473, 34.65202585], [135.16970445, 34.65204514], [135.16755435, 34.65196182], [135.16720237, 34.65199198], [135.16545009, 34.65221882], [135.16546296, 34.65244408], [135.1628756, 34.65218658], [135.16257632, 34.6518712], [135.16243795, 34.65177466], [135.16127902, 34.65169016], [135.15972186, 34.65144636], [135.15995147, 34.65397292], [135.15978252, 34.65399705], [135.15960737, 34.65401301], [135.15960737, 34.65401301], [135.15961055, 34.65404306], [135.1596575, 34.65424917], [135.15966111, 34.65426528], [135.1596859, 34.65437436], [135.15971111, 34.65448528], [135.15971028, 34.65475667], [135.15970611, 34.65623694], [135.15970173, 34.65630927], [135.15967584, 34.65673639], [135.15961834, 34.6573425], [135.15958584, 34.65802583], [135.15954305, 34.65980167], [135.15953643, 34.66008655], [135.15953528, 34.66013611], [135.15953361, 34.66021528], [135.159525, 34.66059056], [135.15950861, 34.66130861], [135.15949889, 34.66177417], [135.15949584, 34.66192444], [135.15949472, 34.66197972], [135.15949195, 34.66212194], [135.15948972, 34.66222139], [135.15948861, 34.66227833], [135.15948737, 34.66233809], [135.15948528, 34.66243944], [135.15947389, 34.66299278], [135.15947059, 34.66315443], [135.15947027, 34.66317], [135.15946389, 34.66347361], [135.15946222, 34.66355722], [135.15947389, 34.66380972], [135.15950389, 34.66414556], [135.15950611, 34.66417167], [135.15956611, 34.66484527], [135.15960639, 34.66498333], [135.15960948, 34.6650868], [135.15961222, 34.66517889], [135.15956945, 34.665295], [135.15953139, 34.66539833], [135.15949805, 34.66543766], [135.15938445, 34.66557167], [135.15933778, 34.66562639], [135.15930028, 34.66567027], [135.15897166, 34.66599472], [135.15887278, 34.66609722], [135.15884639, 34.66612473], [135.15881834, 34.66615389], [135.15840861, 34.66657917], [135.1583775, 34.66661139], [135.15837628, 34.66661266], [135.15834195, 34.66664833], [135.15805086, 34.66695051], [135.15768555, 34.66732972], [135.15765805, 34.66735806], [135.15762146, 34.66739613], [135.1575825, 34.66743667], [135.15751028, 34.66751167], [135.15729416, 34.66773611], [135.15723111, 34.66780139], [135.15730639, 34.66782639], [135.15737195, 34.66784806], [135.15742861, 34.66786667], [135.15754861, 34.66790639], [135.15768516, 34.66794468], [135.15782, 34.6679825], [135.15807389, 34.66801111], [135.15876666, 34.66808278], [135.15874889, 34.66817056], [135.15873678, 34.66823093], [135.15872805, 34.66827444], [135.15870445, 34.66839139], [135.15869305, 34.66844777], [135.15847148, 34.66867153], [135.15843861, 34.66870472], [135.15827166, 34.66887333], [135.15827084, 34.66887417], [135.15809528, 34.66905139], [135.15799945, 34.66914778], [135.15776305, 34.66938639], [135.15769416, 34.66945583], [135.15765445, 34.66949583], [135.15758666, 34.66956444], [135.15754993, 34.6696014], [135.15753945, 34.66961194], [135.15741139, 34.66974111], [135.15747389, 34.66977833], [135.15753635, 34.6698153], [135.15714894, 34.67021058], [135.15704974, 34.6703759], [135.15684308, 34.67062387], [135.15746302, 34.67099584], [135.15778029, 34.67119414], [135.15770889, 34.6712675], [135.15786, 34.67136861], [135.15796514, 34.67143876], [135.15805528, 34.67149889], [135.15813305, 34.67155083], [135.15818722, 34.67158723], [135.15842205, 34.67174398], [135.15850139, 34.67179694], [135.15817416, 34.67215028], [135.158125, 34.67220333], [135.15806305, 34.67227], [135.15778916, 34.67256583], [135.15762834, 34.67273139], [135.15762778, 34.67273194], [135.15760463, 34.67275577], [135.15755166, 34.67281028], [135.15684055, 34.6735425], [135.15679695, 34.67358722], [135.15678519, 34.67359933], [135.15645805, 34.67393611], [135.1564075, 34.67398833], [135.15612966, 34.67427631], [135.15593134, 34.67448186], [135.15572077, 34.67470012], [135.15571445, 34.67470667], [135.1557194, 34.67471521], [135.15578778, 34.67483333], [135.15585727, 34.67495358], [135.15645139, 34.67598167], [135.15632195, 34.67619194], [135.15620611, 34.67638], [135.15619437, 34.67639908], [135.15609512, 34.67656028], [135.15598278, 34.67674278], [135.15588222, 34.67685806], [135.15581611, 34.67693389], [135.15577416, 34.67702473], [135.15577416, 34.67705427], [135.15577416, 34.6770875], [135.15579234, 34.67712384], [135.15579834, 34.67713583], [135.15586916, 34.67727861], [135.15591805, 34.67738639], [135.15592611, 34.67740389], [135.15591084, 34.67749444], [135.15580834, 34.67756639], [135.15569834, 34.67757583], [135.1556651, 34.67754411], [135.15554002, 34.67761746], [135.1553428, 34.67763539], [135.15503801, 34.67768916], [135.1546615, 34.67788637], [135.154611, 34.67808786], [135.1545118, 34.67841849], [135.15437953, 34.67868299], [135.15433278, 34.67876], [135.15433278, 34.67879583], [135.15431, 34.67901194], [135.15424555, 34.67915917], [135.15415834, 34.67924083], [135.15412472, 34.67925833], [135.15405584, 34.67929389], [135.15401433, 34.6793041], [135.15381305, 34.67935361], [135.15348416, 34.679435], [135.1521075, 34.67977917], [135.15207334, 34.67982611], [135.15208555, 34.67993611], [135.15208709, 34.67994996], [135.1520402, 34.67994761], [135.15161353, 34.67993013], [135.15124666, 34.6799228], [135.15114738, 34.6801094], [135.15100693, 34.68037741], [135.15092426, 34.68060885], [135.15129623, 34.68058406], [135.15191189, 34.68070721], [135.15185695, 34.68081806], [135.15180305, 34.68092722], [135.15167778, 34.68124361], [135.15164, 34.68146611], [135.15162945, 34.68151917], [135.15162868, 34.68152306], [135.15158528, 34.68174194], [135.15157555, 34.68179027], [135.15156777, 34.68192778], [135.15155639, 34.68199972], [135.1514275, 34.68219389], [135.15130861, 34.68238278], [135.15130733, 34.68238482], [135.15122278, 34.68251972], [135.15121347, 34.68253231], [135.15121347, 34.68253231], [135.15179831, 34.68304522], [135.15212895, 34.68325188], [135.15287288, 34.6835102], [135.15299685, 34.68437812], [135.15262487, 34.68448143], [135.1522748, 34.68469385], [135.15175691, 34.685215], [135.15106461, 34.68567994], [135.15173622, 34.68600026], [135.15240784, 34.68574196], [135.15307946, 34.68579364], [135.15406106, 34.68562835], [135.15420571, 34.68571101], [135.15455701, 34.68605198], [135.15444334, 34.68623796], [135.15338942, 34.6862586], [135.15324476, 34.68643425], [135.15333775, 34.6866099], [135.15357539, 34.68684755], [135.15437099, 34.6868579], [135.15446398, 34.68695089], [135.15459831, 34.68693023], [135.15479461, 34.68730219], [135.15534223, 34.68745719], [135.15528023, 34.68769483], [135.15524716, 34.68790768], [135.15526369, 34.68799034], [135.15541247, 34.68803167], [135.15550341, 34.68788288], [135.15573486, 34.6877837], [135.15617917, 34.68747787], [135.15628738, 34.68781397], [135.15625148, 34.68802549], [135.15628041, 34.68813088], [135.15627213, 34.68837885], [135.15623906, 34.68856897], [135.15618119, 34.68874255], [135.15611505, 34.68926329], [135.15652835, 34.68932943], [135.15700779, 34.68885829], [135.1574525, 34.68894591], [135.15766907, 34.68896576], [135.15815677, 34.6889823], [135.15857006, 34.68919722], [135.15870893, 34.68931625], [135.15875191, 34.68939561], [135.15919166, 34.68948819], [135.15920653, 34.68980891], [135.15876181, 34.68993784], [135.15872213, 34.69007671], [135.15876015, 34.69020566], [135.1588924, 34.69047843], [135.15906597, 34.69075947], [135.15914036, 34.69098265], [135.15921475, 34.69109011], [135.15917176, 34.69124055], [135.15903289, 34.69125377], [135.15892709, 34.69128683], [135.15861132, 34.69151165], [135.15855676, 34.69161084], [135.15867744, 34.6917679], [135.15881465, 34.692001], [135.15890061, 34.69200761], [135.15893367, 34.6921597], [135.15882621, 34.69214813], [135.15867742, 34.69238783], [135.15862947, 34.69248372], [135.15855672, 34.69267548], [135.15856994, 34.69279286], [135.15864268, 34.6928408], [135.15894687, 34.69281436], [135.15931389, 34.69270195], [135.15938002, 34.69260276], [135.15957842, 34.69231346], [135.15965282, 34.69215641], [135.15969415, 34.6919415], [135.15978508, 34.69191671], [135.15994214, 34.69186711], [135.16015705, 34.69192498], [135.16032237, 34.69205724], [135.16036866, 34.69210022], [135.16039511, 34.69214651], [135.16047942, 34.69231348], [135.16038849, 34.69244408], [135.1602959, 34.69254988], [135.16028267, 34.69262923], [135.16026945, 34.69268875], [135.16023638, 34.69274826], [135.16017025, 34.69293341], [135.16018181, 34.69313179], [135.16016361, 34.69354178], [135.1603719, 34.69408237], [135.16044628, 34.6944626], [135.16047107, 34.6947271], [135.16047105, 34.69519826], [135.16104968, 34.69515694], [135.16139685, 34.69507429], [135.16169774, 34.69500982], [135.16196226, 34.69487096], [135.16211436, 34.69483129], [135.16225984, 34.69472549], [135.16242186, 34.69462796], [135.1627492, 34.69440148], [135.16288146, 34.69430229], [135.16296743, 34.69418988], [135.16331462, 34.69386752], [135.16337248, 34.6938014], [135.16362213, 34.69348895], [135.16365354, 34.69342118], [135.16382713, 34.69329719], [135.163885, 34.69318147], [135.16399246, 34.6930393], [135.16418424, 34.6927748], [135.16424045, 34.69277645], [135.16430658, 34.6926938], [135.16440578, 34.69253675], [135.16468021, 34.69253014], [135.16492489, 34.69252354], [135.16528198, 34.69252024], [135.16512491, 34.69299965], [135.16538115, 34.69323937], [135.16548861, 34.69320631], [135.16554647, 34.69328897], [135.16567787, 34.69331718], [135.16579444, 34.69342122], [135.16607548, 34.69368574], [135.16582749, 34.69390064], [135.16569853, 34.69440816], [135.16598451, 34.69504133], [135.16612501, 34.69561994], [135.16519093, 34.69609107], [135.16492641, 34.69630598], [135.16445523, 34.69696723], [135.1641411, 34.69752104], [135.1641163, 34.69762849], [135.1640981, 34.69809799], [135.16496768, 34.69807487], [135.16521567, 34.69805834], [135.16546365, 34.69808314], [135.16558764, 34.69809141], [135.16585215, 34.69816581], [135.16602904, 34.69815094], [135.1661613, 34.69814433], [135.16641424, 34.69819889], [135.1665713, 34.69806664], [135.16677796, 34.69784346], [135.16704083, 34.69745002], [135.16706729, 34.69717229], [135.16710698, 34.69680198], [135.16703425, 34.69645481], [135.16704252, 34.6962151], [135.16703427, 34.69588447], [135.16706735, 34.69544638], [135.16692684, 34.69487604], [135.16692685, 34.69478511], [135.1669219, 34.69454044], [135.16685577, 34.69447431], [135.16678304, 34.69415029], [135.16682768, 34.69402465], [135.16688555, 34.69390067], [135.16702608, 34.69370229], [135.16727406, 34.69352045], [135.16754354, 34.69348904], [135.16786757, 34.69350228], [135.16803288, 34.69366098], [135.1681453, 34.69367421], [135.16823788, 34.69366099], [135.16836352, 34.69367422], [135.16858009, 34.69368579], [135.16883634, 34.69369407], [135.16934883, 34.69385939], [135.1697704, 34.69381807], [135.17040688, 34.69391728], [135.17050607, 34.69388422], [135.17072099, 34.69390902], [135.17091607, 34.69392556], [135.17124174, 34.69416527], [135.17153105, 34.69422314], [135.17180383, 34.69428927], [135.17195427, 34.69446782], [135.17211793, 34.69452072], [135.17225845, 34.69453726], [135.17240724, 34.69457033], [135.17263869, 34.69451247], [135.17276268, 34.69448768], [135.17293455, 34.69447005], [135.17291945, 34.694335], [135.17292889, 34.69425694], [135.173, 34.69422944], [135.17303334, 34.69423028], [135.17317027, 34.69423333], [135.17351555, 34.69429972], [135.17370472, 34.69431167], [135.17390805, 34.69431556], [135.175995, 34.69474139], [135.17648695, 34.69481556], [135.17664278, 34.69478444], [135.17664957, 34.69477156], [135.17669028, 34.69469444], [135.17679118, 34.69425714]]]}}, {"type": "Feature", "id": "did-1980-49", "properties": {"A16_001": "281073", "A16_002": "28107", "A16_003": "須磨区", "A16_004": "3", "A16_005": "18399", "A16_006": "1.4", "A16_007": "9507", "A16_008": "0.7", "A16_009": "11.8", "A16_010": "5.1", "A16_011": "1980", "year": 1980, "population": 18399.0, "areaKm2": 1.4, "density": 13142.142857142859}, "geometry": {"type": "Polygon", "coordinates": [[[135.09150956, 34.69292741], [135.09179449, 34.69296154], [135.09205458, 34.69292439], [135.0923716, 34.69298382], [135.09268003, 34.69303826], [135.09293403, 34.69321969], [135.09320616, 34.69347369], [135.09325181, 34.69348071], [135.09367788, 34.69354627], [135.09451245, 34.693637], [135.09465759, 34.693637], [135.09485717, 34.69349187], [135.09522004, 34.69329231], [135.09551032, 34.69325603], [135.09565547, 34.69316532], [135.09623604, 34.69338304], [135.09601831, 34.69378217], [135.09590944, 34.69405431], [135.09608361, 34.6940906], [135.09619973, 34.6941922], [135.09605457, 34.69454053], [135.09618519, 34.69470019], [135.09628296, 34.69470797], [135.09750599, 34.69501952], [135.0977237, 34.6950921], [135.09778176, 34.69513564], [135.0977527, 34.69594842], [135.09768745, 34.6959713], [135.09741887, 34.69599196], [135.09733178, 34.69605001], [135.09727371, 34.69664508], [135.09693988, 34.69664508], [135.09693987, 34.69692084], [135.09704832, 34.69698192], [135.09733814, 34.69702651], [135.09773815, 34.697066], [135.09801392, 34.69713858], [135.09826067, 34.69713858], [135.09833325, 34.69681928], [135.09844937, 34.69665963], [135.0986816, 34.69665963], [135.09884125, 34.69677575], [135.09905896, 34.697037], [135.09926215, 34.69725472], [135.09953792, 34.69737084], [135.09956695, 34.6972257], [135.09959727, 34.69698198], [135.09970875, 34.69677391], [135.10001692, 34.69664515], [135.10029269, 34.69665967], [135.10056846, 34.69680481], [135.10071197, 34.69704888], [135.1007281, 34.69724024], [135.10161349, 34.69694998], [135.1024263, 34.69657263], [135.10252793, 34.69573082], [135.10252795, 34.69515026], [135.10262956, 34.6948745], [135.103065, 34.69454069], [135.10352949, 34.69385854], [135.10361658, 34.69362632], [135.103515, 34.69311833], [135.1033989, 34.69263937], [135.10345696, 34.6923636], [135.10374726, 34.6920443], [135.10393596, 34.69165243], [135.10371826, 34.69127506], [135.10351379, 34.69106687], [135.10348604, 34.69088318], [135.10364572, 34.69033165], [135.10360219, 34.68992526], [135.10351511, 34.68985269], [135.10307538, 34.68985558], [135.10296391, 34.68985558], [135.10264436, 34.68991502], [135.10251803, 34.68990758], [135.10242885, 34.68995217], [135.10213624, 34.68999779], [135.10207819, 34.68982363], [135.10172989, 34.68851736], [135.10136708, 34.6870079], [135.10122195, 34.68664504], [135.10143316, 34.68653381], [135.10165738, 34.68657248], [135.10181703, 34.68681923], [135.1026008, 34.68681924], [135.10325394, 34.68694988], [135.1036031, 34.68704661], [135.10389292, 34.68713579], [135.10435366, 34.68721755], [135.10473439, 34.68742888], [135.10534401, 34.68696445], [135.10548916, 34.68679028], [135.10548917, 34.68661611], [135.10566335, 34.68636938], [135.10579398, 34.6862823], [135.10579399, 34.68589042], [135.10583755, 34.68549855], [135.10593916, 34.68526632], [135.10591014, 34.68485993], [135.10620045, 34.68427938], [135.10658317, 34.68393303], [135.1067764, 34.68371753], [135.1068246, 34.68332147], [135.10702781, 34.68294411], [135.10644725, 34.68256674], [135.10503009, 34.68182254], [135.1044133, 34.68146583], [135.10395256, 34.6813655], [135.10391541, 34.68121316], [135.10398973, 34.68109612], [135.10422662, 34.68046216], [135.10413373, 34.68045055], [135.10383183, 34.68041571], [135.10358103, 34.68044775], [135.10300882, 34.68011333], [135.10293776, 34.67999768], [135.10277103, 34.67992012], [135.10229915, 34.6796145], [135.10155602, 34.67926615], [135.10148636, 34.67919648], [135.10156766, 34.67844175], [135.10150961, 34.67839531], [135.10017429, 34.678314], [135.10011623, 34.67838366], [135.09993041, 34.67926611], [135.09976783, 34.679986], [135.09947752, 34.68068266], [135.09932655, 34.68111227], [135.09957039, 34.68122839], [135.10104505, 34.68122842], [135.10195075, 34.68124006], [135.10306545, 34.68128653], [135.10376678, 34.68139151], [135.10359584, 34.68179279], [135.10290283, 34.68297247], [135.10238261, 34.68384562], [135.10202031, 34.68449583], [135.1017509, 34.68509961], [135.10150936, 34.68567552], [135.10148148, 34.68600992], [135.10139788, 34.68608423], [135.10084982, 34.68596346], [135.10042252, 34.68588914], [135.10041323, 34.68584269], [135.10052471, 34.68549901], [135.10070125, 34.68428216], [135.10084989, 34.683827], [135.10100782, 34.68356692], [135.10098924, 34.683409], [135.10037616, 34.6832325], [135.09962374, 34.68309315], [135.09909984, 34.68299653], [135.09889919, 34.68294451], [135.09890663, 34.68276616], [135.09911474, 34.68173323], [135.09901814, 34.68163663], [135.09838648, 34.68148799], [135.09808179, 34.68142853], [135.09814127, 34.68078946], [135.09799264, 34.68064826], [135.09750218, 34.68057394], [135.09724208, 34.68053678], [135.09699685, 34.68049218], [135.09687051, 34.68049961], [135.09676645, 34.68126502], [135.09664752, 34.68199327], [135.09658807, 34.68222363], [135.09664751, 34.68229795], [135.09728661, 34.682402], [135.09758386, 34.68246145], [135.09753926, 34.68280329], [135.09757641, 34.6828553], [135.09805945, 34.68288504], [135.09880169, 34.68297691], [135.09877315, 34.68316714], [135.09862978, 34.68379444], [135.0985601, 34.68410794], [135.09856008, 34.68451433], [135.09862973, 34.68523423], [135.09866455, 34.6855129], [135.09858327, 34.68555934], [135.0972828, 34.68518775], [135.09578493, 34.68482777], [135.09532047, 34.68471165], [135.09518113, 34.68472326], [135.09477471, 34.68545475], [135.09437989, 34.68619786], [135.09408958, 34.68682486], [135.09398507, 34.68721963], [135.09401989, 34.68752152], [135.09415921, 34.68813692], [135.09382247, 34.68825302], [135.09252198, 34.68838072], [135.09168595, 34.68852003], [135.09160467, 34.68861292], [135.0913608, 34.68946053], [135.09088467, 34.69121381], [135.0907337, 34.69170147], [135.09047822, 34.69261875], [135.09047187, 34.69265018], [135.09052528, 34.69269944], [135.09069055, 34.692795], [135.09076417, 34.69283762], [135.09087, 34.69289889], [135.09118, 34.69291306], [135.09150956, 34.69292741]]]}}, {"type": "Feature", "id": "did-1980-50", "properties": {"A16_001": "281061", "A16_002": "28106", "A16_003": "長田区", "A16_004": "1", "A16_005": "163444", "A16_006": "9.8", "A16_007": "184946", "A16_008": "9.8", "A16_009": "99.7", "A16_010": "91.4", "A16_011": "1980", "year": 1980, "population": 163444.0, "areaKm2": 9.8, "density": 16677.95918367347}, "geometry": {"type": "Polygon", "coordinates": [[[135.15121347, 34.68253231], [135.15122278, 34.68251972], [135.15130733, 34.68238482], [135.15130861, 34.68238278], [135.1514275, 34.68219389], [135.15155639, 34.68199972], [135.15156777, 34.68192778], [135.15157555, 34.68179027], [135.15158528, 34.68174194], [135.15162868, 34.68152306], [135.15162945, 34.68151917], [135.15164, 34.68146611], [135.15167778, 34.68124361], [135.15180305, 34.68092722], [135.15185695, 34.68081806], [135.15191189, 34.68070721], [135.15129623, 34.68058406], [135.15092426, 34.68060885], [135.15100693, 34.68037741], [135.15114738, 34.6801094], [135.15124666, 34.6799228], [135.15161353, 34.67993013], [135.1520402, 34.67994761], [135.15208709, 34.67994996], [135.15208555, 34.67993611], [135.15207334, 34.67982611], [135.1521075, 34.67977917], [135.15348416, 34.679435], [135.15381305, 34.67935361], [135.15401433, 34.6793041], [135.15405584, 34.67929389], [135.15412472, 34.67925833], [135.15415834, 34.67924083], [135.15424555, 34.67915917], [135.15431, 34.67901194], [135.15433278, 34.67879583], [135.15433278, 34.67876], [135.15437953, 34.67868299], [135.1545118, 34.67841849], [135.154611, 34.67808786], [135.1546615, 34.67788637], [135.15503801, 34.67768916], [135.1553428, 34.67763539], [135.15554002, 34.67761746], [135.1556651, 34.67754411], [135.15569834, 34.67757583], [135.15580834, 34.67756639], [135.15591084, 34.67749444], [135.15592611, 34.67740389], [135.15591805, 34.67738639], [135.15586916, 34.67727861], [135.15579834, 34.67713583], [135.15579234, 34.67712384], [135.15577416, 34.6770875], [135.15577416, 34.67705427], [135.15577416, 34.67702473], [135.15581611, 34.67693389], [135.15588222, 34.67685806], [135.15598278, 34.67674278], [135.15609512, 34.67656028], [135.15619437, 34.67639908], [135.15620611, 34.67638], [135.15632195, 34.67619194], [135.15645139, 34.67598167], [135.15585727, 34.67495358], [135.15578778, 34.67483333], [135.1557194, 34.67471521], [135.15571445, 34.67470667], [135.15572077, 34.67470012], [135.15593134, 34.67448186], [135.15612966, 34.67427631], [135.1564075, 34.67398833], [135.15645805, 34.67393611], [135.15678519, 34.67359933], [135.15679695, 34.67358722], [135.15684055, 34.6735425], [135.15755166, 34.67281028], [135.15760463, 34.67275577], [135.15762778, 34.67273194], [135.15762834, 34.67273139], [135.15778916, 34.67256583], [135.15806305, 34.67227], [135.158125, 34.67220333], [135.15817416, 34.67215028], [135.15850139, 34.67179694], [135.15842205, 34.67174398], [135.15818722, 34.67158723], [135.15813305, 34.67155083], [135.15805528, 34.67149889], [135.15796514, 34.67143876], [135.15786, 34.67136861], [135.15770889, 34.6712675], [135.15778029, 34.67119414], [135.15746302, 34.67099584], [135.15684308, 34.67062387], [135.15704974, 34.6703759], [135.15714894, 34.67021058], [135.15753635, 34.6698153], [135.15747389, 34.66977833], [135.15741139, 34.66974111], [135.15753945, 34.66961194], [135.15754993, 34.6696014], [135.15758666, 34.66956444], [135.15765445, 34.66949583], [135.15769416, 34.66945583], [135.15776305, 34.66938639], [135.15799945, 34.66914778], [135.15809528, 34.66905139], [135.15827084, 34.66887417], [135.15827166, 34.66887333], [135.15843861, 34.66870472], [135.15847148, 34.66867153], [135.15869305, 34.66844777], [135.15870445, 34.66839139], [135.15872805, 34.66827444], [135.15873678, 34.66823093], [135.15874889, 34.66817056], [135.15876666, 34.66808278], [135.15807389, 34.66801111], [135.15782, 34.6679825], [135.15768516, 34.66794468], [135.15754861, 34.66790639], [135.15742861, 34.66786667], [135.15737195, 34.66784806], [135.15730639, 34.66782639], [135.15723111, 34.66780139], [135.15729416, 34.66773611], [135.15751028, 34.66751167], [135.1575825, 34.66743667], [135.15762146, 34.66739613], [135.15765805, 34.66735806], [135.15768555, 34.66732972], [135.15805086, 34.66695051], [135.15834195, 34.66664833], [135.15837628, 34.66661266], [135.1583775, 34.66661139], [135.15840861, 34.66657917], [135.15881834, 34.66615389], [135.15884639, 34.66612473], [135.15887278, 34.66609722], [135.15897166, 34.66599472], [135.15930028, 34.66567027], [135.15933778, 34.66562639], [135.15938445, 34.66557167], [135.15949805, 34.66543766], [135.15953139, 34.66539833], [135.15956945, 34.665295], [135.15961222, 34.66517889], [135.15960948, 34.6650868], [135.15960639, 34.66498333], [135.15956611, 34.66484527], [135.15950611, 34.66417167], [135.15950389, 34.66414556], [135.15947389, 34.66380972], [135.15946222, 34.66355722], [135.15946389, 34.66347361], [135.15947027, 34.66317], [135.15947059, 34.66315443], [135.15947389, 34.66299278], [135.15948528, 34.66243944], [135.15948737, 34.66233809], [135.15948861, 34.66227833], [135.15948972, 34.66222139], [135.15949195, 34.66212194], [135.15949472, 34.66197972], [135.15949584, 34.66192444], [135.15949889, 34.66177417], [135.15950861, 34.66130861], [135.159525, 34.66059056], [135.15953361, 34.66021528], [135.15953528, 34.66013611], [135.15953643, 34.66008655], [135.15954305, 34.65980167], [135.15958584, 34.65802583], [135.15961834, 34.6573425], [135.15967584, 34.65673639], [135.15970173, 34.65630927], [135.15970611, 34.65623694], [135.15971028, 34.65475667], [135.15971111, 34.65448528], [135.1596859, 34.65437436], [135.15966111, 34.65426528], [135.1596575, 34.65424917], [135.15961055, 34.65404306], [135.15960737, 34.65401301], [135.15960737, 34.65401301], [135.15945145, 34.65402722], [135.15902637, 34.6506543], [135.15875485, 34.65048334], [135.15761846, 34.65035258], [135.15781961, 34.64968886], [135.15938844, 34.64985986], [135.16076616, 34.6508253], [135.16270709, 34.65095608], [135.16280766, 34.65079518], [135.16403456, 34.65092594], [135.16372286, 34.64930686], [135.16628729, 34.64968906], [135.16653876, 34.64806999], [135.16647421, 34.64764388], [135.15824249, 34.64670311], [135.15746034, 34.64661372], [135.15680398, 34.64706413], [135.15652235, 34.64838151], [135.15509431, 34.64823063], [135.15497359, 34.64940722], [135.15705531, 34.64960839], [135.15752797, 34.64961846], [135.15743744, 34.65032241], [135.15507414, 34.64999049], [135.15489302, 34.65289678], [135.1546215, 34.65289677], [135.15458136, 34.6501011], [135.15359581, 34.65006085], [135.15402831, 34.64819038], [135.15435012, 34.64818033], [135.15476245, 34.64792893], [135.15568697, 34.64641105], [135.15124145, 34.64590299], [135.15037906, 34.64685657], [135.14994887, 34.6478239], [135.15061472, 34.64805077], [135.15036622, 34.64902694], [135.14960511, 34.64865864], [135.1493419, 34.64877354], [135.14909049, 34.64863212], [135.14624148, 34.64757829], [135.14660781, 34.64717075], [135.14685797, 34.64711418], [135.1493842, 34.64674361], [135.14998568, 34.64575947], [135.14747222, 34.64547222], [135.13969444, 34.64241667], [135.13969444, 34.64241667], [135.13964666, 34.64255472], [135.1396175, 34.6426125], [135.13906472, 34.64370167], [135.13839834, 34.64527917], [135.13833, 34.64551806], [135.13826084, 34.64579973], [135.13820778, 34.64603889], [135.13819118, 34.64611371], [135.13818471, 34.64614287], [135.13813389, 34.64637194], [135.13808222, 34.64654472], [135.13802416, 34.64673944], [135.13796139, 34.64686278], [135.13788584, 34.64701167], [135.13778195, 34.64716917], [135.13749334, 34.64749361], [135.1374425, 34.64755028], [135.13731305, 34.64769472], [135.13728834, 34.64772229], [135.13727222, 34.64774027], [135.1371825, 34.64784083], [135.13710889, 34.6479225], [135.13698113, 34.64806509], [135.13677139, 34.64829917], [135.13671889, 34.648358], [135.13671166, 34.64836611], [135.13652264, 34.64857677], [135.13652222, 34.64857722], [135.13650472, 34.64859694], [135.13645834, 34.64864861], [135.13641887, 34.64869264], [135.13630222, 34.64882278], [135.13624528, 34.64888639], [135.13615528, 34.64898389], [135.13607777, 34.64906778], [135.13593555, 34.64921944], [135.13589889, 34.64925861], [135.13585413, 34.64929261], [135.13582723, 34.64931306], [135.13578305, 34.64934639], [135.13570111, 34.64940833], [135.13569837, 34.64941041], [135.13569084, 34.64941611], [135.13553916, 34.64950444], [135.13543695, 34.64956389], [135.13520027, 34.64975973], [135.13511861, 34.64984806], [135.13500008, 34.64997627], [135.13495889, 34.65002083], [135.13492028, 34.65006278], [135.13488223, 34.65010417], [135.13471639, 34.65028361], [135.13450028, 34.65051722], [135.13449695, 34.65052083], [135.13457695, 34.65056306], [135.1349825, 34.65077722], [135.13538471, 34.65098913], [135.13540639, 34.65100056], [135.13549955, 34.65104971], [135.13558222, 34.65109333], [135.13569916, 34.65122806], [135.135715, 34.65124611], [135.13572416, 34.65126917], [135.13574722, 34.6513275], [135.13576466, 34.65137164], [135.13581305, 34.65149417], [135.1358825, 34.65160889], [135.13607972, 34.65171444], [135.13612028, 34.65173611], [135.13616945, 34.65176222], [135.13622506, 34.65179198], [135.13681416, 34.65210722], [135.1371025, 34.65229111], [135.13714445, 34.65231806], [135.13722456, 34.65236914], [135.13734528, 34.65244611], [135.1374425, 34.65252139], [135.13778889, 34.65279], [135.13779311, 34.65279326], [135.13780722, 34.65280417], [135.13802111, 34.65297889], [135.13808508, 34.6530315], [135.1381025, 34.65304583], [135.13811136, 34.65305308], [135.13821084, 34.65313444], [135.13837305, 34.65326694], [135.138445, 34.6533175], [135.13863334, 34.65344972], [135.13871945, 34.65351028], [135.13873527, 34.65352], [135.13882028, 34.65357139], [135.13892722, 34.65363611], [135.13898998, 34.65367406], [135.13906916, 34.65372194], [135.13919361, 34.6537975], [135.13931639, 34.65387194], [135.139435, 34.65394083], [135.13986889, 34.65419167], [135.13991718, 34.65421956], [135.13998334, 34.65425778], [135.14012445, 34.65433944], [135.14069028, 34.65470222], [135.14091805, 34.65484111], [135.14096084, 34.65486722], [135.14099132, 34.65488586], [135.14102084, 34.65490389], [135.14167584, 34.65530333], [135.14164916, 34.65533], [135.1416075, 34.65537194], [135.14151584, 34.65546389], [135.14142666, 34.65555333], [135.14129639, 34.65568361], [135.14123166, 34.65574889], [135.14110611, 34.65587472], [135.14106834, 34.6559125], [135.14095805, 34.65602306], [135.14088291, 34.65609819], [135.140875, 34.65610611], [135.14083084, 34.65615056], [135.14073073, 34.65625103], [135.14068084, 34.65630111], [135.14034778, 34.65663473], [135.14021416, 34.65677111], [135.14014, 34.65684667], [135.14005222, 34.65693583], [135.13995361, 34.65703639], [135.13991639, 34.65707444], [135.13990266, 34.65708845], [135.13973555, 34.65725889], [135.13971916, 34.65727556], [135.13964528, 34.65735361], [135.1391675, 34.6578575], [135.13915631, 34.65786927], [135.13912472, 34.6579025], [135.13905722, 34.65797389], [135.1387725, 34.65827389], [135.13871472, 34.658335], [135.13870305, 34.65834444], [135.13864889, 34.65838833], [135.13856611, 34.65845556], [135.13846908, 34.65853417], [135.13844611, 34.65855277], [135.13833528, 34.6586425], [135.13810889, 34.65882639], [135.13796834, 34.65896028], [135.13793361, 34.65899333], [135.13788278, 34.65904139], [135.13784305, 34.65907944], [135.13781945, 34.65910361], [135.137595, 34.65933472], [135.13753166, 34.6594], [135.13752156, 34.65941042], [135.13750528, 34.65942722], [135.13735084, 34.65958611], [135.1372875, 34.65965139], [135.13717195, 34.65977], [135.13710139, 34.65984278], [135.13706305, 34.65988222], [135.13702111, 34.65992556], [135.13671555, 34.66024], [135.13668111, 34.66027527], [135.13667715, 34.66027936], [135.13651695, 34.66044444], [135.13648555, 34.66047667], [135.1361308, 34.66083492], [135.13609111, 34.660875], [135.13605584, 34.66091083], [135.13604653, 34.66092019], [135.13600555, 34.66096139], [135.13588528, 34.66108306], [135.13576139, 34.66120833], [135.13572055, 34.66124972], [135.13542305, 34.66155028], [135.13536282, 34.66161355], [135.13531861, 34.66166], [135.13528584, 34.66169444], [135.13524861, 34.66173361], [135.13522805, 34.661755], [135.13518723, 34.66179806], [135.1351225, 34.66186583], [135.13482166, 34.66218167], [135.13458746, 34.6624278], [135.13458695, 34.66242833], [135.13455361, 34.66246333], [135.13452527, 34.66249306], [135.13445805, 34.66256361], [135.13419334, 34.66282], [135.134135, 34.66287639], [135.13408182, 34.66292778], [135.13401916, 34.66298833], [135.13400261, 34.66300553], [135.13386027, 34.66315333], [135.13375419, 34.66326352], [135.13352305, 34.66350361], [135.13350722, 34.66351583], [135.13340195, 34.66359806], [135.13336817, 34.66362442], [135.13335389, 34.66363556], [135.13330945, 34.66367028], [135.13321111, 34.66374694], [135.13283509, 34.66405433], [135.13268, 34.66418111], [135.13267066, 34.66418714], [135.13254278, 34.66433302], [135.13254277, 34.66445205], [135.13252293, 34.66457107], [135.13238405, 34.6647711], [135.13235925, 34.66489509], [135.13233776, 34.66500089], [135.13235098, 34.66506041], [135.13232617, 34.66529185], [135.13242536, 34.66549023], [135.13248983, 34.66560265], [135.13259894, 34.66579607], [135.13284691, 34.66615151], [135.1333693, 34.66679956], [135.13334284, 34.66707729], [135.13303864, 34.6673484], [135.13272289, 34.66693676], [135.13248394, 34.66673444], [135.13235093, 34.66666398], [135.13221041, 34.66658958], [135.13201635, 34.66656427], [135.13195222, 34.66669611], [135.1318425, 34.66696333], [135.13183305, 34.66702102], [135.13181361, 34.66714], [135.13181945, 34.66736417], [135.13184364, 34.66757465], [135.13186, 34.66771694], [135.13190611, 34.66794139], [135.13194084, 34.66826111], [135.13196361, 34.6686], [135.131965, 34.66861917], [135.13196555, 34.66864505], [135.13196584, 34.66865889], [135.13196608, 34.66866842], [135.13196805, 34.66874583], [135.13197084, 34.66886722], [135.13194195, 34.66898167], [135.13186111, 34.66913917], [135.13181334, 34.66919778], [135.13174611, 34.66928056], [135.13169555, 34.6693425], [135.1316475, 34.66940167], [135.13163, 34.66942333], [135.13159591, 34.66946564], [135.131555, 34.66951639], [135.13152666, 34.66960694], [135.13151472, 34.669645], [135.13150528, 34.66971111], [135.13149861, 34.6697585], [135.13149666, 34.66977223], [135.13147716, 34.66990814], [135.13147584, 34.6699175], [135.1314518, 34.67031908], [135.1314475, 34.67039111], [135.13144125, 34.67044072], [135.13140195, 34.67075277], [135.13136778, 34.67092667], [135.13130861, 34.6709815], [135.13123111, 34.67105333], [135.13120466, 34.67110283], [135.13118584, 34.67113806], [135.13121361, 34.67123417], [135.13121972, 34.67125528], [135.13125389, 34.67134], [135.13125972, 34.671495], [135.13124439, 34.67182452], [135.1312425, 34.671865], [135.13123141, 34.67204516], [135.13123141, 34.67204516], [135.13123483, 34.67204501], [135.1315572, 34.67226819], [135.13195397, 34.67236739], [135.13210275, 34.67239219], [135.1321907, 34.67241368], [135.13231767, 34.67231317], [135.132483, 34.67227648], [135.13267741, 34.67228673], [135.13306162, 34.67235088], [135.13326827, 34.67240875], [135.13346665, 34.67229303], [135.133508, 34.67192702], [135.13363497, 34.67176832], [135.13379732, 34.67168963], [135.13402051, 34.67146646], [135.13405359, 34.67095398], [135.1340536, 34.67055722], [135.13441268, 34.67051987], [135.13443383, 34.67073908], [135.13459088, 34.67087133], [135.13493805, 34.67112758], [135.13500417, 34.67123504], [135.13500417, 34.67150781], [135.13479751, 34.67174752], [135.13480577, 34.67180538], [135.13501241, 34.67201203], [135.13509507, 34.67217735], [135.13517772, 34.67247492], [135.13520251, 34.67273116], [135.13528517, 34.67278902], [135.13560754, 34.67283862], [135.13580593, 34.67287169], [135.13601258, 34.67276424], [135.13616898, 34.67267828], [135.13645068, 34.67270639], [135.13683919, 34.67266507], [135.13707063, 34.6728056], [135.13710369, 34.67297091], [135.13718635, 34.67300398], [135.13753353, 34.67297919], [135.13770712, 34.67287174], [135.13782284, 34.67279735], [135.13817829, 34.67273123], [135.13825268, 34.67278909], [135.13828573, 34.6730288], [135.1382692, 34.67314452], [135.13815347, 34.67322718], [135.13813693, 34.67346655], [135.13837664, 34.67361568], [135.13869901, 34.6737562], [135.13888086, 34.67390499], [135.13912884, 34.67407858], [135.13925282, 34.67428523], [135.13927959, 34.67470976], [135.13933545, 34.67506222], [135.13937677, 34.67543418], [135.13950075, 34.67574002], [135.13971565, 34.67616985], [135.13993056, 34.67639303], [135.14014548, 34.67653355], [135.14024764, 34.67666184], [135.14051743, 34.67721963], [135.14075712, 34.67778171], [135.14082952, 34.67814309], [135.14104112, 34.67838644], [135.14102525, 34.67849753], [135.14101467, 34.6785716], [135.14098027, 34.67894719], [135.14107119, 34.67912078], [135.14171593, 34.6793853], [135.14169113, 34.67951755], [135.14115382, 34.67979031], [135.14072398, 34.68002175], [135.14054212, 34.68020359], [135.14038507, 34.68020359], [135.13994698, 34.67994734], [135.13950889, 34.67966629], [135.1389964, 34.6793935], [135.13888894, 34.67940177], [135.138798, 34.67976546], [135.13870706, 34.68026967], [135.13863266, 34.68054245], [135.13839293, 34.68079868], [135.13811188, 34.68102185], [135.13813668, 34.68108798], [135.13837639, 34.6812285], [135.1385169, 34.68134423], [135.1385665, 34.68146822], [135.13845076, 34.68174925], [135.13817797, 34.68201375], [135.13805398, 34.68203855], [135.13773161, 34.68183189], [135.13765722, 34.68183189], [135.13759109, 34.68189802], [135.13738444, 34.68194761], [135.13698768, 34.68165003], [135.13653305, 34.68141031], [135.13602057, 34.68112099], [135.13553287, 34.68102179], [135.1352105, 34.68086473], [135.13487987, 34.68065808], [135.13467322, 34.68069114], [135.13451616, 34.68086472], [135.13423509, 34.68149291], [135.13416895, 34.68182355], [135.13409455, 34.68197233], [135.1339127, 34.68196406], [135.13361512, 34.68208804], [135.13354071, 34.68230295], [135.13350764, 34.68254266], [135.13337538, 34.68259225], [135.13313567, 34.68262531], [135.13302821, 34.68257571], [135.1328381, 34.68227814], [135.13265625, 34.68217068], [135.13243307, 34.6821872], [135.1323256, 34.68239385], [135.13235039, 34.68258396], [135.13228426, 34.68263355], [135.13202802, 34.68250956], [135.13168912, 34.68233597], [135.13155687, 34.68226158], [135.13146032, 34.6822586], [135.13143915, 34.68234324], [135.13139808, 34.68236535], [135.1313675, 34.68240389], [135.13129275, 34.68249778], [135.13125361, 34.68254694], [135.13120848, 34.68264081], [135.131015, 34.68304328], [135.13096916, 34.68313861], [135.13075305, 34.68348167], [135.13038522, 34.68347063], [135.13028084, 34.6834675], [135.13006682, 34.68345896], [135.12983203, 34.68344958], [135.12981472, 34.68344889], [135.12942333, 34.68346247], [135.12947376, 34.6841544], [135.12947375, 34.68445197], [135.1296556, 34.68462556], [135.12972999, 34.68462556], [135.13017635, 34.68490661], [135.13044086, 34.68508846], [135.13083762, 34.68528685], [135.13108559, 34.68546044], [135.13119305, 34.68546044], [135.13128398, 34.68539432], [135.13161363, 34.68533217], [135.13175118, 34.68532159], [135.13184111, 34.68532688], [135.13197006, 34.6853778], [135.13220977, 34.68555139], [135.13216844, 34.68571671], [135.13207751, 34.68580763], [135.13194525, 34.68580762], [135.13194525, 34.68587375], [135.13222628, 34.6861548], [135.13233374, 34.6861548], [135.13266439, 34.68609694], [135.13273051, 34.68616307], [135.13276357, 34.68633666], [135.13269744, 34.68636972], [135.13263131, 34.68638625], [135.13259825, 34.68645237], [135.1326561, 34.68668382], [135.13272223, 34.68673341], [135.13283795, 34.68679954], [135.13283794, 34.68703925], [135.13278834, 34.68729549], [135.13295365, 34.68747734], [135.13306111, 34.68762613], [135.13307763, 34.68775839], [135.13295364, 34.6878989], [135.13278832, 34.68794849], [135.13263952, 34.68804768], [135.13250726, 34.6881634], [135.13234194, 34.68824605], [135.13218488, 34.68837004], [135.13199476, 34.68839483], [135.13179638, 34.68841136], [135.13168065, 34.68840309], [135.13163105, 34.68846095], [135.13146573, 34.68864279], [135.13126733, 34.68881637], [135.13102762, 34.68891555], [135.13072177, 34.68895688], [135.12997783, 34.68894033], [135.12929175, 34.68890725], [135.12883712, 34.68888244], [135.12815104, 34.68863445], [135.12744017, 34.68839473], [135.12686156, 34.68816327], [135.126316, 34.68794835], [135.12609142, 34.68785945], [135.12552247, 34.68763423], [135.1248116, 34.6873945], [135.12449287, 34.68729464], [135.1243983, 34.68732836], [135.1244479, 34.68742756], [135.12484464, 34.68826241], [135.12499342, 34.68851866], [135.12523874, 34.68896634], [135.12526519, 34.68904569], [135.12542917, 34.68937368], [135.12567561, 34.68994873], [135.12581982, 34.69005861], [135.12661199, 34.69051694], [135.12673175, 34.69061219], [135.12678278, 34.69065277], [135.1271572, 34.69087422], [135.127545, 34.69110361], [135.12779252, 34.69122808], [135.12802834, 34.69134667], [135.12811195, 34.69139167], [135.12821684, 34.691448], [135.12887352, 34.69180069], [135.12918036, 34.69196548], [135.12921723, 34.69198527], [135.12942758, 34.69210453], [135.12951836, 34.692156], [135.12980991, 34.69232127], [135.13015528, 34.69251706], [135.13017861, 34.69253028], [135.13040987, 34.69270527], [135.13051999, 34.69278861], [135.13067605, 34.69287964], [135.13070804, 34.69289831], [135.13116805, 34.69316667], [135.13118886, 34.69317739], [135.13148609, 34.69333041], [135.1314867, 34.69333073], [135.13160612, 34.69339222], [135.13164778, 34.69342139], [135.13177695, 34.69351194], [135.13184555, 34.69355972], [135.13185695, 34.69356777], [135.13194305, 34.69362806], [135.13195073, 34.69363342], [135.13209445, 34.69373417], [135.13212945, 34.69375861], [135.13217552, 34.693789], [135.13224873, 34.69383723], [135.13225645, 34.69384233], [135.13230249, 34.69387269], [135.13269064, 34.6941285], [135.13269249, 34.69412972], [135.13296555, 34.69421917], [135.13309059, 34.69422944], [135.13330695, 34.69424722], [135.13356305, 34.69421444], [135.1337275, 34.69415333], [135.13386945, 34.69403611], [135.13387555, 34.69403111], [135.13395598, 34.69397814], [135.13410362, 34.69388083], [135.13420695, 34.69381278], [135.13429555, 34.69375444], [135.13435334, 34.69371639], [135.1344442, 34.69367825], [135.13452712, 34.69364344], [135.13468889, 34.69357556], [135.13512498, 34.69351002], [135.13512695, 34.69350972], [135.13535752, 34.69349564], [135.13549048, 34.69348752], [135.13551389, 34.69348611], [135.1356457, 34.69349783], [135.13580961, 34.69351242], [135.13583249, 34.69351444], [135.13590137, 34.69352606], [135.13608966, 34.69355775], [135.13660809, 34.69364508], [135.13666861, 34.69365527], [135.13676363, 34.69367122], [135.13687913, 34.69369061], [135.13737091, 34.69377314], [135.13742499, 34.69378222], [135.13775138, 34.69381389], [135.13776084, 34.69381056], [135.13818722, 34.69366333], [135.13852111, 34.69356306], [135.13860889, 34.69353639], [135.13895361, 34.69343167], [135.13953195, 34.69319056], [135.13977834, 34.69306], [135.14051028, 34.69267083], [135.14080134, 34.69247618], [135.14090861, 34.69240444], [135.14117028, 34.69219472], [135.14126321, 34.69207612], [135.14133722, 34.69198167], [135.1413425, 34.69197472], [135.14159722, 34.69163222], [135.14184361, 34.69124389], [135.14196139, 34.69100056], [135.14209389, 34.6907275], [135.14228, 34.69042028], [135.14238805, 34.69024194], [135.14251695, 34.69002583], [135.14260805, 34.68994111], [135.14279778, 34.68982222], [135.14299111, 34.68977833], [135.14320722, 34.689775], [135.14345, 34.68981889], [135.14345573, 34.68982018], [135.14321248, 34.68639154], [135.14320657, 34.68630826], [135.14331673, 34.68617058], [135.14361689, 34.68610546], [135.14402194, 34.68589056], [135.1446171, 34.6855682], [135.14500559, 34.6860311], [135.14501386, 34.68608896], [135.14508825, 34.68620468], [135.14515437, 34.68627908], [135.14524529, 34.68643613], [135.14531142, 34.68655185], [135.1454106, 34.68679157], [135.14556765, 34.68707261], [135.14565748, 34.68745573], [135.14568501, 34.68754753], [135.14579081, 34.6878248], [135.14596438, 34.6882133], [135.14617103, 34.68840342], [135.14654778, 34.68851331], [135.14668916, 34.68848944], [135.14695861, 34.68840806], [135.14705722, 34.68832973], [135.14715945, 34.688145], [135.14719623, 34.68805248], [135.14723166, 34.68796333], [135.14724248, 34.68793981], [135.14729222, 34.68783167], [135.14738334, 34.68775028], [135.14752, 34.687675], [135.14783472, 34.68760944], [135.14796361, 34.68759694], [135.148115, 34.6876125], [135.14817334, 34.68762806], [135.14817723, 34.68762917], [135.14825555, 34.68765], [135.14828055, 34.68766028], [135.14848168, 34.68774222], [135.14866305, 34.68781611], [135.14873166, 34.68784417], [135.14877972, 34.68786083], [135.14900472, 34.68793833], [135.14905111, 34.68793667], [135.14908977, 34.68793533], [135.14909945, 34.687935], [135.14909778, 34.68791901], [135.14908805, 34.68782556], [135.1489775, 34.68751028], [135.14895166, 34.68743694], [135.14884528, 34.68711444], [135.14891361, 34.68692333], [135.14891639, 34.686905], [135.14894028, 34.68675417], [135.14889084, 34.6865225], [135.14883028, 34.68635944], [135.148815, 34.68620639], [135.14887195, 34.68609667], [135.14888787, 34.68607883], [135.1490425, 34.68590556], [135.14939267, 34.6855912], [135.14942802, 34.68555946], [135.14952055, 34.68547639], [135.14967611, 34.6853325], [135.1496875, 34.68531111], [135.14972166, 34.68524778], [135.14972195, 34.68524194], [135.14972528, 34.68513194], [135.14970361, 34.68499889], [135.14966722, 34.68485306], [135.14965416, 34.68480139], [135.14963916, 34.68461667], [135.14966401, 34.68448094], [135.14966555, 34.6844725], [135.14971111, 34.68430333], [135.14977084, 34.68419501], [135.14978555, 34.68416833], [135.14982861, 34.68409028], [135.14996916, 34.68399667], [135.1501625, 34.68381806], [135.15043195, 34.68360833], [135.15057972, 34.68342028], [135.15066334, 34.683295], [135.15074278, 34.68317833], [135.15082445, 34.68305861], [135.15121347, 34.68253231]]]}}, {"type": "Feature", "id": "did-1980-51", "properties": {"A16_001": "281076", "A16_002": "28107", "A16_003": "須磨区", "A16_004": "6", "A16_005": "5127", "A16_006": "0.3", "A16_007": "0", "A16_008": "0.0", "A16_009": "3.3", "A16_010": "1.1", "A16_011": "1980", "year": 1980, "population": 5127.0, "areaKm2": 0.3, "density": 17090.0}, "geometry": {"type": "Polygon", "coordinates": [[[135.08802863, 34.67959095], [135.08797057, 34.67962578], [135.08804021, 34.68058951], [135.08812147, 34.6811933], [135.08831885, 34.68175064], [135.08840012, 34.68188997], [135.08836528, 34.6820177], [135.0880866, 34.68231958], [135.08762212, 34.68279563], [135.08727377, 34.68306268], [135.08713442, 34.68327168], [135.08684413, 34.68355034], [135.08700668, 34.68365484], [135.08718085, 34.68377096], [135.08725051, 34.68397996], [135.08702682, 34.68439629], [135.08702087, 34.68452707], [135.0876685, 34.68480436], [135.08772655, 34.68493209], [135.08741303, 34.68546619], [135.08723884, 34.68572164], [135.08756396, 34.68586098], [135.08776135, 34.68601193], [135.08772651, 34.68620932], [135.08760343, 34.68626895], [135.08756775, 34.68640568], [135.08700659, 34.68639508], [135.08672792, 34.68640668], [135.08668147, 34.6865228], [135.08656535, 34.68668535], [135.08652141, 34.68672668], [135.08629828, 34.68676662], [135.08600799, 34.68677823], [135.08584543, 34.68682467], [135.08568286, 34.6870685], [135.08555512, 34.68734716], [135.08539255, 34.68762583], [135.08535772, 34.68774194], [135.08538094, 34.68778838], [135.08594989, 34.68798579], [135.08625979, 34.68777893], [135.08627502, 34.68773035], [135.08653049, 34.68745169], [135.08721556, 34.68767231], [135.08783098, 34.68710338], [135.08903856, 34.68762591], [135.08987462, 34.68659254], [135.09030427, 34.68607004], [135.09080357, 34.68582622], [135.09093129, 34.68582622], [135.09112869, 34.68568689], [135.09111709, 34.68555917], [135.09126804, 34.68533856], [135.09195311, 34.68558241], [135.0927311, 34.68489737], [135.09348587, 34.68420071], [135.09356715, 34.68420072], [135.0936136, 34.68413105], [135.09348318, 34.68408135], [135.092205, 34.68373652], [135.09102427, 34.68343432], [135.09102427, 34.68335304], [135.09169781, 34.68101921], [135.09195543, 34.68015172], [135.09188409, 34.68007444], [135.09107083, 34.67995097], [135.08945684, 34.67973032], [135.08845825, 34.67962579], [135.08802863, 34.67959095]]]}}, {"type": "Feature", "id": "did-1980-52", "properties": {"A16_001": "281074", "A16_002": "28107", "A16_003": "須磨区", "A16_004": "4", "A16_005": "12294", "A16_006": "1.6", "A16_007": "0", "A16_008": "0.0", "A16_009": "7.9", "A16_010": "5.9", "A16_011": "1980", "year": 1980, "population": 12294.0, "areaKm2": 1.6, "density": 7683.75}, "geometry": {"type": "Polygon", "coordinates": [[[135.11977118, 34.66846909], [135.11906738, 34.66848438], [135.11923567, 34.66869857], [135.11977115, 34.66921877], [135.12033722, 34.66983076], [135.1207044, 34.67032035], [135.1207044, 34.67058044], [135.12040867, 34.67092289], [135.12021282, 34.67108739], [135.11963338, 34.67148308], [135.11918967, 34.67180436], [135.11905197, 34.67189615], [135.11918966, 34.67201855], [135.11957215, 34.67237045], [135.11954154, 34.67253874], [135.11922024, 34.67272233], [135.11825633, 34.67328838], [135.11795033, 34.67330368], [135.11683648, 34.67403264], [135.11671897, 34.67418147], [135.11643561, 34.67428281], [135.11620611, 34.67445109], [135.11582361, 34.67446639], [135.11547172, 34.67432868], [135.11481384, 34.67386968], [135.11475264, 34.67396148], [135.11449254, 34.67402267], [135.11416525, 34.67386024], [135.11346747, 34.67344127], [135.11244241, 34.67275277], [135.11189162, 34.67237027], [135.11192223, 34.67220198], [135.11251895, 34.67132992], [135.11284027, 34.67084035], [135.11306977, 34.67054966], [135.11276379, 34.67016717], [135.1122895, 34.67010596], [135.1119223, 34.67007536], [135.11175401, 34.66984586], [135.11155511, 34.66983056], [135.11144801, 34.66984585], [135.11126442, 34.66963166], [135.11100433, 34.66957045], [135.11077484, 34.66923386], [135.11063714, 34.66914206], [135.10987214, 34.66950923], [135.10932134, 34.66973871], [135.10918363, 34.6698917], [135.10867873, 34.67022828], [135.10884702, 34.67048837], [135.10952019, 34.67117686], [135.10958138, 34.67126866], [135.10930598, 34.67151344], [135.10837267, 34.67194181], [135.10779127, 34.67232428], [135.10751586, 34.67252317], [135.10771475, 34.67273736], [135.10802074, 34.67315046], [135.10828082, 34.67357885], [135.10881632, 34.67341056], [135.10961192, 34.67327289], [135.10968842, 34.67313519], [135.10993321, 34.67330349], [135.11073419, 34.67320217], [135.11095832, 34.67290573], [135.11118855, 34.67295151], [135.11146321, 34.67304344], [135.11146319, 34.67351772], [135.11138668, 34.67388491], [135.11155496, 34.67432859], [135.11149375, 34.67458868], [135.11141724, 34.67490997], [135.11100414, 34.67513945], [135.11039214, 34.67546073], [135.10983325, 34.67577148], [135.10970008, 34.67583414], [135.10939762, 34.67622568], [135.10935171, 34.67650106], [135.10961179, 34.67703655], [135.10967298, 34.67723545], [135.10959648, 34.67734254], [135.10935168, 34.67743433], [135.10870908, 34.67772501], [135.10806648, 34.67796978], [135.10781212, 34.67842692], [135.10776511, 34.67848959], [135.10775727, 34.67871675], [135.10851712, 34.67870111], [135.1087443, 34.67869328], [135.10887734, 34.67875007], [135.10904979, 34.67892828], [135.10924453, 34.67899487], [135.10971883, 34.67891839], [135.11007072, 34.67891839], [135.11028491, 34.67914789], [135.11011661, 34.67939268], [135.10987181, 34.67946917], [135.1096882, 34.67969866], [135.10988012, 34.67987613], [135.11004462, 34.6798683], [135.11003678, 34.68000147], [135.10996358, 34.68021884], [135.10977998, 34.68037183], [135.10919859, 34.68029532], [135.10883825, 34.68023644], [135.10853274, 34.68025994], [135.10854057, 34.68033044], [135.10860187, 34.68096849], [135.10877013, 34.68200885], [135.10892434, 34.68261777], [135.10921379, 34.68303392], [135.10947266, 34.68328362], [135.10953508, 34.68333992], [135.10995834, 34.68314263], [135.11009151, 34.68310347], [135.11013851, 34.68311913], [135.11059286, 34.68303298], [135.11068257, 34.68338585], [135.11086616, 34.68361534], [135.11111095, 34.68375304], [135.11101583, 34.68423932], [135.11175217, 34.6844665], [135.11227702, 34.68460751], [135.11254912, 34.68418146], [135.11297754, 34.68364599], [135.11352832, 34.68390609], [135.11391082, 34.6839367], [135.11458401, 34.68382962], [135.11499711, 34.68375313], [135.11519601, 34.68386023], [135.11546528, 34.68395742], [135.1156703, 34.68392144], [135.1165424, 34.68366137], [135.11686749, 34.68366762], [135.11700066, 34.68364412], [135.11726149, 34.68375318], [135.11758279, 34.6835237], [135.1176287, 34.6834013], [135.11870053, 34.68370683], [135.11966356, 34.68396743], [135.12022022, 34.68409853], [135.12015315, 34.68398274], [135.11993823, 34.68375386], [135.11966358, 34.68335545], [135.11987778, 34.68315656], [135.11990839, 34.68300357], [135.12010729, 34.68281998], [135.1202909, 34.6824834], [135.12048981, 34.68213151], [135.12089398, 34.68203838], [135.12107122, 34.68164195], [135.12127013, 34.68148896], [135.12170085, 34.68124723], [135.12133136, 34.68055569], [135.12122304, 34.68030723], [135.12127005, 34.68021323], [135.12195866, 34.68037211], [135.12338154, 34.68050984], [135.12440662, 34.68061696], [135.12529402, 34.68050988], [135.12537053, 34.68023449], [135.12497274, 34.6798214], [135.12463616, 34.6795001], [135.12463616, 34.67940831], [135.124897, 34.67930464], [135.12424683, 34.67881896], [135.1238395, 34.67846646], [135.12521762, 34.67751119], [135.12691031, 34.6763437], [135.12705915, 34.67628887], [135.12707482, 34.6762027], [135.12668645, 34.67619547], [135.12547776, 34.67624134], [135.12538278, 34.67627316], [135.12492843, 34.67639848], [135.12434556, 34.67644021], [135.12346355, 34.67652378], [135.12188229, 34.67631776], [135.12084718, 34.67591273], [135.12045943, 34.67559865], [135.12032175, 34.67506317], [135.12094904, 34.67521618], [135.12165283, 34.67535389], [135.12197414, 34.67474192], [135.12174465, 34.67461952], [135.12223428, 34.67368626], [135.1209961, 34.6732494], [135.12038508, 34.67359405], [135.12006171, 34.67336492], [135.12007702, 34.67313543], [135.12105623, 34.67256937], [135.12081144, 34.67220218], [135.12093385, 34.67194209], [135.12184218, 34.67157309], [135.12215785, 34.67155964], [135.12237486, 34.6717376], [135.12301721, 34.67167495], [135.12345835, 34.67125368], [135.12335126, 34.67097828], [135.12306424, 34.67061745], [135.12289974, 34.67064878], [135.1227509, 34.67053128], [135.12252508, 34.67048868], [135.12240269, 34.67035098], [135.12218852, 34.66940241], [135.12191314, 34.66874453], [135.12174485, 34.66851504], [135.12131744, 34.66857292], [135.12107166, 34.66857622], [135.12080825, 34.66865907], [135.12056676, 34.66862211], [135.12006187, 34.66863739], [135.11977118, 34.66846909]]]}}, {"type": "Feature", "id": "did-1980-53", "properties": {"A16_001": "281082", "A16_002": "28108", "A16_003": "垂水区", "A16_004": "2", "A16_005": "15321", "A16_006": "2.1", "A16_007": "7968", "A16_008": "1.2", "A16_009": "5.1", "A16_010": "1.3", "A16_011": "1980", "year": 1980, "population": 15321.0, "areaKm2": 2.1, "density": 7295.714285714285}, "geometry": {"type": "Polygon", "coordinates": [[[134.97191414, 34.67636236], [134.97195909, 34.67652963], [134.97212719, 34.6768393], [134.97262871, 34.67617928], [134.97289876, 34.67597291], [134.97295892, 34.67594571], [134.97314471, 34.67632616], [134.97337474, 34.67673316], [134.97488773, 34.6761404], [134.9756022, 34.67583739], [134.97611372, 34.67567151], [134.97662192, 34.67552996], [134.97671924, 34.67546803], [134.97715279, 34.6754238], [134.97786947, 34.67525682], [134.97760405, 34.67471601], [134.97794912, 34.67468062], [134.9780199, 34.67457446], [134.97858616, 34.6744506], [134.97881621, 34.67436213], [134.97939132, 34.6743356], [134.97955943, 34.67432676], [134.97969751, 34.67431322], [134.97977177, 34.67436215], [134.98023186, 34.6744241], [134.98063, 34.67446834], [134.98078042, 34.67435333], [134.98112549, 34.67413215], [134.98126706, 34.67401713], [134.98138015, 34.67390399], [134.98162098, 34.67376941], [134.98172712, 34.67468956], [134.98179788, 34.67550354], [134.98185096, 34.67575127], [134.98191286, 34.67668911], [134.98203671, 34.67738807], [134.98196592, 34.67759156], [134.98204554, 34.67770658], [134.98215172, 34.67770659], [134.98260296, 34.67752965], [134.98276886, 34.6773527], [134.98316702, 34.67712046], [134.98342648, 34.67685991], [134.98385275, 34.67639055], [134.98404078, 34.67594818], [134.98416246, 34.67529567], [134.98432838, 34.67453257], [134.98445006, 34.67404596], [134.98461597, 34.67339345], [134.98473764, 34.67303955], [134.98493673, 34.67255294], [134.9853594, 34.67144843], [134.98560038, 34.67063967], [134.98572324, 34.67053893], [134.98594327, 34.66969963], [134.98616448, 34.66906924], [134.98651842, 34.66818449], [134.98669541, 34.66739928], [134.98670111, 34.66640073], [134.98641897, 34.66560764], [134.98630838, 34.66548598], [134.98607613, 34.66514313], [134.98585986, 34.66476361], [134.98554529, 34.66432472], [134.98531305, 34.66398187], [134.98503657, 34.66368326], [134.98463844, 34.66306392], [134.98437302, 34.6626326], [134.98396382, 34.66212385], [134.98376805, 34.66176221], [134.98367711, 34.6613984], [134.98372868, 34.66119215], [134.98380177, 34.66085137], [134.98380177, 34.66085137], [134.98373084, 34.66097083], [134.983625, 34.66100111], [134.98361722, 34.66100333], [134.9834875, 34.66101222], [134.983335, 34.66098972], [134.98326195, 34.66099139], [134.98308611, 34.66099583], [134.9828525, 34.66103944], [134.98266389, 34.66106444], [134.98255084, 34.66101444], [134.98245584, 34.66095473], [134.9824225, 34.66093361], [134.98236334, 34.66093361], [134.98229445, 34.66093361], [134.98222278, 34.66093528], [134.98213926, 34.66093721], [134.98203055, 34.66093972], [134.98192485, 34.66089904], [134.98191722, 34.66089611], [134.98186445, 34.66077778], [134.98181166, 34.66072167], [134.98165361, 34.66074639], [134.98151805, 34.66094611], [134.98136723, 34.66118278], [134.98129166, 34.66120778], [134.9812086, 34.66114646], [134.98110803, 34.66107223], [134.98108055, 34.66105194], [134.980975, 34.66099583], [134.98089195, 34.66108944], [134.98080414, 34.66117232], [134.98073361, 34.66123889], [134.98059805, 34.66124528], [134.9805225, 34.66117028], [134.98028889, 34.66062806], [134.98027361, 34.66041306], [134.9803375, 34.66029833], [134.98036416, 34.66025083], [134.98059805, 34.6601075], [134.98077599, 34.66004154], [134.98089777, 34.65999639], [134.98118611, 34.65988944], [134.98072611, 34.65906056], [134.98065555, 34.65900222], [134.98065195, 34.65899944], [134.98048614, 34.65886229], [134.98046222, 34.6588425], [134.98039714, 34.65869855], [134.98031528, 34.6585175], [134.98002945, 34.65788473], [134.97997416, 34.65776306], [134.97994945, 34.65770806], [134.97975611, 34.65776028], [134.97965945, 34.65778611], [134.97948945, 34.65783194], [134.97944238, 34.6578446], [134.97911414, 34.65793288], [134.97896472, 34.65797306], [134.97763472, 34.65833139], [134.97720305, 34.65840611], [134.97699665, 34.65849376], [134.97694861, 34.65851417], [134.97676781, 34.65859116], [134.97667528, 34.65863056], [134.97686361, 34.65902917], [134.97681084, 34.65907917], [134.97670055, 34.65912472], [134.976645, 34.6591475], [134.97621527, 34.65931583], [134.97617, 34.65936583], [134.9762, 34.65948417], [134.9762134, 34.65956128], [134.97622278, 34.65961528], [134.97632834, 34.65981472], [134.97642639, 34.65995806], [134.97641111, 34.66012306], [134.97635834, 34.66019806], [134.97626805, 34.66024778], [134.97621695, 34.66025778], [134.97613972, 34.66027278], [134.97599639, 34.660335], [134.97594139, 34.6603775], [134.97588334, 34.6604225], [134.97575528, 34.66057194], [134.97572089, 34.66062471], [134.97564973, 34.66073389], [134.97560445, 34.66090833], [134.97560445, 34.66112028], [134.97561314, 34.66127564], [134.97561945, 34.66138833], [134.97559695, 34.66154417], [134.97549111, 34.66162528], [134.97538555, 34.66165], [134.97525697, 34.66163526], [134.97511416, 34.66161889], [134.97500111, 34.66169361], [134.97495584, 34.66179972], [134.97495584, 34.66191194], [134.97500861, 34.66200528], [134.97500972, 34.66200694], [134.97509166, 34.66213639], [134.97539334, 34.66234194], [134.97548361, 34.66244167], [134.97552889, 34.66264111], [134.97551, 34.66267723], [134.97543084, 34.66282833], [134.9754279, 34.66284173], [134.97540084, 34.66296528], [134.97543084, 34.66310861], [134.97545428, 34.66326801], [134.97546111, 34.66331444], [134.97543084, 34.66350139], [134.97540055, 34.6635975], [134.97536861, 34.66369778], [134.97535305, 34.66374694], [134.97534805, 34.66376306], [134.97533927, 34.66377408], [134.97524778, 34.66388889], [134.97523111, 34.66390973], [134.97519936, 34.66394973], [134.97518195, 34.66397167], [134.97509916, 34.66405917], [134.97510596, 34.6641437], [134.97510666, 34.6641525], [134.97505389, 34.66425222], [134.9750267, 34.66426867], [134.97485778, 34.66437083], [134.97475695, 34.66453194], [134.97474472, 34.66455139], [134.97474111, 34.66455972], [134.97468945, 34.66467861], [134.97465609, 34.66475545], [134.97463916, 34.66479444], [134.97460874, 34.66488572], [134.97459361, 34.66493111], [134.97456695, 34.66501111], [134.97455611, 34.66504389], [134.97455916, 34.6650975], [134.97457139, 34.66532444], [134.97449222, 34.66567361], [134.97442716, 34.66587212], [134.97439416, 34.66597278], [134.97439278, 34.66597389], [134.97433753, 34.66602469], [134.97425834, 34.6660975], [134.97422873, 34.66610917], [134.974085, 34.66616583], [134.9736025, 34.66627806], [134.97349695, 34.66635917], [134.97351195, 34.66642778], [134.97365528, 34.66654], [134.97373834, 34.66663973], [134.97373834, 34.66671444], [134.9735875, 34.66693583], [134.97345916, 34.66702306], [134.97321805, 34.66714111], [134.9731275, 34.66722833], [134.97307033, 34.66732284], [134.97298416, 34.66746528], [134.97283152, 34.66757684], [134.97278805, 34.66760861], [134.97276236, 34.66761487], [134.97253166, 34.66767111], [134.9721925, 34.66772722], [134.97198139, 34.66786417], [134.97194889, 34.66791083], [134.9718625, 34.66803528], [134.97183223, 34.66807889], [134.97180222, 34.66812222], [134.97177778, 34.66815722], [134.97177778, 34.6682775], [134.97177778, 34.66830056], [134.97191334, 34.66858723], [134.97192735, 34.66865481], [134.97195861, 34.66880556], [134.97189389, 34.66900777], [134.97189084, 34.6690175], [134.97186857, 34.66905276], [134.97182278, 34.66912528], [134.97174666, 34.66924528], [134.97168111, 34.66934917], [134.97162695, 34.669435], [134.97150274, 34.66958869], [134.97147834, 34.66961889], [134.97145151, 34.66965207], [134.97140909, 34.66970454], [134.97123916, 34.66991472], [134.97117195, 34.66997939], [134.97112916, 34.67002056], [134.97108052, 34.67007972], [134.97098414, 34.67019698], [134.97096111, 34.670225], [134.97090175, 34.67031533], [134.97083222, 34.67042111], [134.97067389, 34.67059278], [134.97048611, 34.67069917], [134.97040195, 34.67091167], [134.97031305, 34.67114056], [134.97024266, 34.67121108], [134.97017445, 34.67127944], [134.97014161, 34.67132933], [134.97004555, 34.67147528], [134.96998639, 34.67172889], [134.96993084, 34.67194944], [134.9698775, 34.67216194], [134.96986822, 34.67223092], [134.96984778, 34.67238278], [134.96991272, 34.67240224], [134.97006555, 34.67244806], [134.970115, 34.67252167], [134.97011559, 34.67252653], [134.97012806, 34.67262957], [134.97018883, 34.67313147], [134.97019416, 34.67317556], [134.97023361, 34.67330639], [134.97029241, 34.67336644], [134.97033777, 34.67341278], [134.97040058, 34.67344912], [134.97053555, 34.67352722], [134.97074334, 34.67363333], [134.9708605, 34.6737086], [134.97101055, 34.673805], [134.97112916, 34.67387056], [134.9712975, 34.67390306], [134.97153834, 34.67398694], [134.97174305, 34.67405833], [134.97180695, 34.67406194], [134.97189139, 34.67406667], [134.97189594, 34.67406931], [134.97197639, 34.67411611], [134.97199805, 34.67412874], [134.97205972, 34.67416472], [134.97205, 34.67446722], [134.97193528, 34.67456778], [134.97189139, 34.67460611], [134.97150889, 34.67489833], [134.97143695, 34.67495306], [134.97136695, 34.67500667], [134.97153528, 34.67531694], [134.97183611, 34.67579417], [134.97190639, 34.67590556], [134.97199555, 34.67628167], [134.97191414, 34.67636236]]]}}, {"type": "Feature", "id": "did-1980-54", "properties": {"A16_001": "281072", "A16_002": "28107", "A16_003": "須磨区", "A16_004": "2", "A16_005": "22788", "A16_006": "2.0", "A16_007": "7789", "A16_008": "0.9", "A16_009": "14.6", "A16_010": "7.4", "A16_011": "1980", "year": 1980, "population": 22788.0, "areaKm2": 2.0, "density": 11394.0}, "geometry": {"type": "Polygon", "coordinates": [[[135.07936373, 34.67039771], [135.07950222, 34.67033361], [135.08014584, 34.66991639], [135.08020461, 34.66986543], [135.08029834, 34.66978417], [135.08047778, 34.66968278], [135.08055584, 34.66966583], [135.08061584, 34.66965306], [135.08070922, 34.66965306], [135.08072166, 34.66965306], [135.08084884, 34.66969006], [135.08091412, 34.66970904], [135.08096611, 34.66972417], [135.08101, 34.66972994], [135.08118625, 34.66975311], [135.08121111, 34.66975639], [135.08125228, 34.66976181], [135.08138222, 34.66977889], [135.0815162, 34.66977114], [135.08157797, 34.66976757], [135.08168539, 34.66976136], [135.08185805, 34.66975139], [135.082055, 34.66976944], [135.08217328, 34.6698165], [135.08218834, 34.6698225], [135.08229778, 34.66991639], [135.08239722, 34.67000611], [135.08239997, 34.670008], [135.08263416, 34.67016972], [135.08278473, 34.67029083], [135.082785, 34.67029111], [135.08280666, 34.67030861], [135.08276778, 34.67034778], [135.08257834, 34.67052194], [135.0825293, 34.67057256], [135.08244028, 34.67066444], [135.08228305, 34.67104667], [135.08221203, 34.67117638], [135.08197722, 34.67160527], [135.08189111, 34.67182583], [135.08188391, 34.67184664], [135.08185666, 34.67192556], [135.08184986, 34.67197906], [135.08183945, 34.67206083], [135.08185222, 34.67219583], [135.08187584, 34.67242861], [135.08185989, 34.67247298], [135.08176834, 34.6727275], [135.08163389, 34.67306389], [135.08152097, 34.67334636], [135.08148389, 34.67343917], [135.08146773, 34.67347039], [135.08138902, 34.67362256], [135.08132928, 34.67373806], [135.08130084, 34.67379306], [135.08121886, 34.67384294], [135.08105528, 34.6739425], [135.08092166, 34.67414194], [135.08092166, 34.67420583], [135.08092166, 34.67427333], [135.08099055, 34.67435889], [135.08099916, 34.67443722], [135.0811025, 34.6744975], [135.08134655, 34.67457], [135.08165416, 34.67466139], [135.08167484, 34.67466689], [135.08181361, 34.67470389], [135.08201166, 34.674775], [135.08224861, 34.67487833], [135.08249416, 34.674985], [135.08255489, 34.67501831], [135.08271139, 34.67510417], [135.08274311, 34.67512533], [135.0828925, 34.675225], [135.08316011, 34.67540367], [135.08361195, 34.67570528], [135.08364227, 34.67572514], [135.083905, 34.67589722], [135.08426984, 34.67615964], [135.08427111, 34.67616056], [135.08424678, 34.67619273], [135.08440015, 34.67631071], [135.08485009, 34.67655746], [135.08528551, 34.67667358], [135.0856774, 34.67670262], [135.08612734, 34.67680422], [135.0868966, 34.67692035], [135.08744814, 34.67709453], [135.08785454, 34.67719614], [135.08876894, 34.67737033], [135.08923339, 34.67748645], [135.08963805, 34.67752884], [135.09004619, 34.67753001], [135.09059774, 34.67741391], [135.09159924, 34.67715268], [135.09228142, 34.67697853], [135.09321035, 34.67677536], [135.09370384, 34.67664474], [135.09418282, 34.67657218], [135.09450214, 34.67651414], [135.09501014, 34.67655769], [135.09537299, 34.67665929], [135.09599711, 34.67677542], [135.09612775, 34.67638355], [135.09605519, 34.67587556], [135.09586653, 34.67533853], [135.09564882, 34.67506276], [135.09563431, 34.67480151], [135.095794, 34.6739597], [135.09593916, 34.67352429], [135.0960843, 34.67340818], [135.09608431, 34.6733211], [135.09653426, 34.67320499], [135.09689712, 34.67313243], [135.09691164, 34.67303084], [135.09657782, 34.67269701], [135.0964617, 34.67268249], [135.09628928, 34.67243865], [135.09628929, 34.67217856], [135.09641818, 34.67194228], [135.09741968, 34.67189876], [135.0976519, 34.6719423], [135.09779705, 34.67189877], [135.09792769, 34.67150689], [135.09805833, 34.67128918], [135.09858086, 34.6709844], [135.09884212, 34.67079573], [135.09894372, 34.67079573], [135.09917595, 34.67085379], [135.0993362, 34.67041373], [135.09952433, 34.66976525], [135.09955336, 34.66964914], [135.09968399, 34.66954754], [135.10128058, 34.66950404], [135.1026159, 34.66947504], [135.1031239, 34.66946054], [135.10296426, 34.66903963], [135.10271752, 34.66867677], [135.10263044, 34.66854615], [135.10257239, 34.66837198], [135.10265949, 34.66806719], [135.10277561, 34.66767531], [135.10293528, 34.66739955], [135.10289174, 34.6672399], [135.10260146, 34.6671528], [135.10235472, 34.66700766], [135.10197736, 34.66655772], [135.10148389, 34.66616583], [135.10115007, 34.66581749], [135.1009759, 34.66584651], [135.10080172, 34.66606422], [135.10067109, 34.6660497], [135.10027921, 34.66561427], [135.10009808, 34.66557421], [135.10001796, 34.66545461], [135.09968413, 34.66541106], [135.09927773, 34.66542557], [135.0990455, 34.66541105], [135.09878425, 34.66528041], [135.098523, 34.66499013], [135.09817466, 34.66493207], [135.0977102, 34.66469983], [135.09734735, 34.6645692], [135.09721672, 34.66461274], [135.09694094, 34.66490301], [135.09656356, 34.66488849], [135.0959975, 34.66485945], [135.09583785, 34.66478687], [135.09534438, 34.66416276], [135.09524278, 34.66422081], [135.09499603, 34.66438046], [135.09466219, 34.66458365], [135.09470109, 34.66468235], [135.0949426, 34.66493315], [135.09531532, 34.66526582], [135.0958233, 34.66567222], [135.09622969, 34.66607863], [135.09627323, 34.66619474], [135.09636032, 34.66619474], [135.09646191, 34.66633988], [135.09637482, 34.66645599], [135.09625871, 34.66654307], [135.09614259, 34.66668821], [135.09604098, 34.66686238], [135.09579423, 34.666993], [135.09536984, 34.66690242], [135.09506852, 34.66668819], [135.09502499, 34.66642693], [135.09506854, 34.66616568], [135.09509758, 34.665977], [135.09498147, 34.66580283], [135.09486535, 34.66575929], [135.09450251, 34.66530934], [135.09424126, 34.66501906], [135.09415302, 34.66494242], [135.09409728, 34.66486811], [135.09380583, 34.66506259], [135.09355908, 34.66519321], [135.09354456, 34.66526578], [135.09361713, 34.66542544], [135.09366067, 34.66558509], [135.09361712, 34.66564315], [135.09342843, 34.6658028], [135.09342843, 34.66586085], [135.09368967, 34.66654301], [135.09379125, 34.66709455], [135.09377672, 34.66737031], [135.09377671, 34.66773316], [135.09370414, 34.66783476], [135.09366059, 34.66783476], [135.09358802, 34.66800892], [135.0934719, 34.66802344], [135.09300745, 34.66770412], [135.09292037, 34.66752995], [135.09280426, 34.66744286], [135.09258655, 34.6673848], [135.09254301, 34.66722515], [135.0927317, 34.66697841], [135.09264462, 34.66690584], [135.09218017, 34.66658652], [135.09184635, 34.66638332], [135.09173024, 34.66628172], [135.09161412, 34.66638331], [135.0915427, 34.66654006], [135.09130931, 34.66652845], [135.09081583, 34.66625267], [135.09055458, 34.66602044], [135.09017722, 34.66577834], [135.08994499, 34.66570402], [135.08986139, 34.66568544], [135.08956762, 34.66562854], [135.08940795, 34.66583173], [135.08932084, 34.66654291], [135.08932083, 34.66696382], [135.08913214, 34.66712347], [135.08864445, 34.66717164], [135.08795647, 34.66738469], [135.08750651, 34.66768948], [135.08711461, 34.66812489], [135.08692592, 34.66831357], [135.08685334, 34.66854579], [135.08669368, 34.6685603], [135.08638889, 34.66819744], [135.08609861, 34.66806681], [135.08604055, 34.6679507], [135.08595346, 34.66809583], [135.08572123, 34.6681684], [135.08543093, 34.66837159], [135.08531482, 34.66840061], [135.08474878, 34.66789261], [135.08451655, 34.66768941], [135.08438592, 34.66768941], [135.0841682, 34.66802322], [135.08399402, 34.66805225], [135.08393596, 34.66812482], [135.08402305, 34.66818287], [135.08406659, 34.66826996], [135.08416819, 34.66835704], [135.08393595, 34.66853121], [135.08370372, 34.66870537], [135.08387788, 34.66887954], [135.0835005, 34.66914078], [135.08325376, 34.66890855], [135.08291994, 34.66867632], [135.08249903, 34.6686618], [135.08209263, 34.66847311], [135.08164269, 34.66841504], [135.08138145, 34.66779094], [135.08116375, 34.66725391], [135.0811057, 34.66715231], [135.08106217, 34.66665884], [135.08094608, 34.66599119], [135.08139604, 34.66559933], [135.08161376, 34.66535259], [135.08178794, 34.6650478], [135.08166533, 34.66472082], [135.08165334, 34.66471833], [135.08136872, 34.66464992], [135.08121543, 34.66461306], [135.08097278, 34.66455472], [135.08065584, 34.66453278], [135.0804855, 34.6645495], [135.08037834, 34.66456], [135.08034394, 34.66456833], [135.0801075, 34.66462556], [135.0799832, 34.66467966], [135.07986945, 34.66472917], [135.07967059, 34.66485802], [135.0795325, 34.6649475], [135.07930922, 34.66512286], [135.07926834, 34.665155], [135.07908334, 34.66524806], [135.07891805, 34.66529723], [135.07877278, 34.66531889], [135.07858777, 34.66530806], [135.0782753, 34.66523669], [135.07813939, 34.66520567], [135.07809881, 34.6651964], [135.07803025, 34.66518075], [135.07795984, 34.66516467], [135.07789445, 34.66514972], [135.07784485, 34.66510505], [135.07782166, 34.66508417], [135.07781949, 34.66507607], [135.07781164, 34.66504675], [135.07779528, 34.66498583], [135.07780334, 34.66491889], [135.07781191, 34.66484767], [135.077815, 34.66482194], [135.07784139, 34.66460361], [135.077815, 34.66445056], [135.0777425, 34.66434167], [135.07760361, 34.66427611], [135.077445, 34.66427611], [135.07731305, 34.66434667], [135.07718439, 34.66447566], [135.077095, 34.66456528], [135.07689, 34.66487111], [135.07686028, 34.66497556], [135.07683722, 34.66505667], [135.07681484, 34.66528552], [135.07680416, 34.66539472], [135.07673805, 34.66556417], [135.07647389, 34.66593], [135.07640095, 34.66603925], [135.07633048, 34.66614478], [135.07624725, 34.66626942], [135.07622945, 34.66629611], [135.07618884, 34.66632958], [135.07609055, 34.66641056], [135.07608528, 34.66641639], [135.07603778, 34.66647083], [135.07599805, 34.66662361], [135.07594528, 34.66675444], [135.07591889, 34.66684194], [135.07597166, 34.66692917], [135.07609055, 34.66697833], [135.07619516, 34.66698794], [135.07626916, 34.66699472], [135.07651361, 34.66699417], [135.07652611, 34.66699667], [135.07664555, 34.66702167], [135.07692973, 34.66714167], [135.07705528, 34.66716361], [135.07722695, 34.66714167], [135.0773525, 34.66706528], [135.07745572, 34.66697172], [135.07746459, 34.66696367], [135.0774878, 34.66694264], [135.0775575, 34.66687944], [135.07765228, 34.66683252], [135.07775555, 34.66678139], [135.07786139, 34.6667925], [135.07795389, 34.66684694], [135.07799334, 34.666945], [135.07798695, 34.6671525], [135.07804611, 34.66729472], [135.07818472, 34.66748028], [135.07821778, 34.66761083], [135.07818472, 34.66763861], [135.07800639, 34.667595], [135.077945, 34.66760296], [135.07784139, 34.66761639], [135.07768945, 34.66772556], [135.07768805, 34.667729], [135.07766661, 34.66778214], [135.07765639, 34.6678075], [135.07767792, 34.66800274], [135.07770278, 34.66822806], [135.07767505, 34.6682835], [135.07765639, 34.66832083], [135.07761222, 34.66835286], [135.07757555, 34.66837944], [135.07749805, 34.66843556], [135.07740973, 34.66850607], [135.07729972, 34.66859389], [135.07724602, 34.66862128], [135.07698916, 34.66875222], [135.07693545, 34.668801], [135.07685055, 34.66887806], [135.07683128, 34.66892172], [135.07677111, 34.66905806], [135.07674472, 34.66922722], [135.07677111, 34.66941278], [135.07682361, 34.66949639], [135.07685695, 34.66954944], [135.07689025, 34.6695845], [135.07695334, 34.66965083], [135.07699766, 34.66967974], [135.07680936, 34.66990987], [135.07657712, 34.67006952], [135.0766642, 34.67014209], [135.07678032, 34.67018564], [135.07711413, 34.67060655], [135.07741893, 34.67089684], [135.07782532, 34.67123067], [135.07789789, 34.67121616], [135.07836235, 34.67101297], [135.07903003, 34.67066465], [135.07936373, 34.67039771]]]}}, {"type": "Feature", "id": "did-1980-55", "properties": {"A16_001": "281071", "A16_002": "28107", "A16_003": "須磨区", "A16_004": "1", "A16_005": "77442", "A16_006": "5.6", "A16_007": "94973", "A16_008": "6.5", "A16_009": "49.7", "A16_010": "20.6", "A16_011": "1980", "year": 1980, "population": 77442.0, "areaKm2": 5.6, "density": 13828.928571428572}, "geometry": {"type": "Polygon", "coordinates": [[[135.13969444, 34.64241667], [135.13945912, 34.64233757], [135.13813927, 34.64189392], [135.13663144, 34.64138709], [135.13638889, 34.64130556], [135.13601426, 34.6418675], [135.13583333, 34.64213889], [135.13571826, 34.64202382], [135.13555556, 34.64186111], [135.13408762, 34.64161646], [135.13388889, 34.64158333], [135.13388889, 34.64110498], [135.13388889, 34.64102778], [135.13194444, 34.64102778], [135.13194444, 34.64114049], [135.13194444, 34.64123217], [135.13194444, 34.64154275], [135.13194444, 34.64161986], [135.13194444, 34.64200008], [135.13194444, 34.64203965], [135.13194444, 34.64238887], [135.13194444, 34.64241667], [135.13171885, 34.64238847], [135.13121405, 34.64232537], [135.13117954, 34.64232105], [135.12994191, 34.64216635], [135.12821288, 34.64252032], [135.1271544, 34.64266251], [135.1271228, 34.64240973], [135.12664885, 34.64242553], [135.12585894, 34.64247293], [135.12363928, 34.64248082], [135.1215697, 34.64249662], [135.1206534, 34.64244923], [135.11919995, 34.64232284], [135.11738315, 34.64205427], [135.11571979, 34.64186111], [135.11562752, 34.64186111], [135.11555556, 34.64186111], [135.11418381, 34.64168219], [135.11289709, 34.64151435], [135.1126666, 34.64148429], [135.111439, 34.64132417], [135.11134646, 34.6413121], [135.11024097, 34.6411679], [135.11015734, 34.641157], [135.11010928, 34.64115073], [135.10959305, 34.64108339], [135.10959073, 34.64108309], [135.10922839, 34.64103583], [135.10916667, 34.64102778], [135.10884428, 34.64088673], [135.10860054, 34.6407801], [135.10856398, 34.6407641], [135.10787369, 34.6404621], [135.10783724, 34.64044615], [135.10685971, 34.64001848], [135.10591223, 34.63960396], [135.10572616, 34.63952255], [135.10497886, 34.63919561], [135.10469034, 34.63954151], [135.10461099, 34.63956796], [135.10446374, 34.63972863], [135.10414084, 34.64014191], [135.10380502, 34.6404777], [135.10334005, 34.64054227], [135.10295258, 34.64056809], [135.10268136, 34.6404131], [135.10252638, 34.64012896], [135.10219058, 34.63978024], [135.10197102, 34.63957359], [135.10141565, 34.63930235], [135.10087321, 34.63899237], [135.10055734, 34.63888015], [135.1001241, 34.63890194], [135.09969787, 34.63919899], [135.09955579, 34.63934105], [135.09932331, 34.63928939], [135.09915541, 34.63922481], [135.09892293, 34.63921189], [135.09881154, 34.63926365], [135.09874211, 34.63934104], [135.09882476, 34.6394488], [135.09891734, 34.63948848], [135.09906499, 34.6395606], [135.09888426, 34.63987201], [135.09912232, 34.64016298], [135.09923474, 34.64008363], [135.09937495, 34.64007723], [135.09956867, 34.64040011], [135.09971074, 34.64051635], [135.09998197, 34.64052669], [135.10028617, 34.64039445], [135.10051152, 34.64038722], [135.10067942, 34.64055512], [135.10102018, 34.6407251], [135.10163517, 34.64079785], [135.10166162, 34.64085736], [135.10154476, 34.64098135], [135.1013381, 34.64116216], [135.10104103, 34.64152378], [135.10096063, 34.64175667], [135.10090111, 34.64201456], [135.10104658, 34.6421865], [135.10119868, 34.64222618], [135.10119597, 34.64269908], [135.10163511, 34.64268907], [135.10166157, 34.64245763], [135.10232285, 34.64252377], [135.10250046, 34.64263454], [135.10293121, 34.64303296], [135.1033012, 34.64356446], [135.10426695, 34.64465309], [135.10437275, 34.64477212], [135.10476063, 34.64510142], [135.10483562, 34.64571774], [135.10556136, 34.64625091], [135.10563575, 34.64630629], [135.10558718, 34.64654796], [135.10545802, 34.64659962], [135.10530302, 34.64702582], [135.10518677, 34.64733579], [135.10519927, 34.64747672], [135.10527201, 34.64755607], [135.10540426, 34.64750318], [135.10557424, 34.64737454], [135.10579381, 34.64725831], [135.10596172, 34.64718082], [135.10646543, 34.64711626], [135.10662051, 34.64716687], [135.10686147, 34.64721277], [135.10710377, 34.64737757], [135.10734183, 34.64743709], [135.10773197, 34.64776773], [135.10787084, 34.64780741], [135.10862849, 34.64834875], [135.1093124, 34.64885225], [135.10947111, 34.64899112], [135.11017205, 34.64948708], [135.1107209, 34.64987063], [135.11093912, 34.64999627], [135.11130282, 34.65023434], [135.11133588, 34.65028724], [135.1114483, 34.65032031], [135.11196409, 34.65066418], [135.11256585, 34.65096837], [135.11283952, 34.65105674], [135.11356699, 34.65118756], [135.11359083, 34.65123952], [135.11361066, 34.65142467], [135.11368339, 34.65170902], [135.11375612, 34.65211239], [135.11376934, 34.65221819], [135.11382885, 34.65251577], [135.11395448, 34.6528464], [135.11401399, 34.65301833], [135.11409995, 34.65338864], [135.11409932, 34.65373942], [135.11409331, 34.65393088], [135.11422556, 34.65428135], [135.11449669, 34.6541954], [135.11466863, 34.65410282], [135.1150125, 34.65392429], [135.1153696, 34.65365979], [135.11564735, 34.65341513], [135.11583252, 34.65317046], [135.11593172, 34.65295886], [135.11607721, 34.65269436], [135.11611689, 34.65256211], [135.11614996, 34.65222486], [135.11614997, 34.65217196], [135.11612807, 34.65176592], [135.11616322, 34.65116022], [135.11631532, 34.65117345], [135.11678483, 34.65118007], [135.11726095, 34.65125944], [135.11748579, 34.65124622], [135.11779659, 34.65131235], [135.11799497, 34.65135864], [135.11831239, 34.65140494], [135.11865625, 34.6514314], [135.11900012, 34.65151737], [135.11943656, 34.65165625], [135.11970769, 34.65172899], [135.1195688, 34.65207946], [135.11944977, 34.65226461], [135.11941008, 34.65270766], [135.1195754, 34.65271428], [135.11970765, 34.6527275], [135.11970765, 34.65281347], [135.11950265, 34.65289943], [135.11929765, 34.65301845], [135.11905297, 34.6532036], [135.11878183, 34.65340197], [135.11860989, 34.65352761], [135.11843134, 34.6536797], [135.11831231, 34.65377227], [135.11809408, 34.65399049], [135.11803456, 34.65409629], [135.11773036, 34.6543145], [135.11749891, 34.65450626], [135.11753197, 34.65464513], [135.11761132, 34.65471126], [135.11773035, 34.65475755], [135.11789566, 34.65486335], [135.11811388, 34.65504851], [135.11823291, 34.65518077], [135.11836516, 34.65529319], [135.11858338, 34.65544528], [135.11890016, 34.65573144], [135.11904702, 34.65602518], [135.11899334, 34.65642397], [135.11898673, 34.65649671], [135.11891398, 34.65666863], [135.11878833, 34.6568075], [135.11852381, 34.65709183], [135.11833864, 34.65736956], [135.1181667, 34.657601], [135.11816669, 34.65785889], [135.11810056, 34.65795147], [135.11790217, 34.65801759], [135.11748643, 34.65808131], [135.1172475, 34.6580308], [135.11710863, 34.65803741], [135.11706417, 34.65819145], [135.11707556, 34.65833498], [135.11691023, 34.65841433], [135.11672507, 34.65858625], [135.11654652, 34.65864576], [135.1166786, 34.65887989], [135.11677796, 34.65894334], [135.11689037, 34.65913511], [135.11716149, 34.65926737], [135.11730698, 34.65918141], [135.11769753, 34.65903596], [135.11778972, 34.65898965], [135.1179815, 34.65890369], [135.11815651, 34.65877895], [135.11830553, 34.65874499], [135.11862956, 34.6586392], [135.11892053, 34.65863921], [135.11904617, 34.65869872], [135.11923133, 34.65878469], [135.11940492, 34.65900846], [135.11958851, 34.65924713], [135.11982778, 34.65941555], [135.12017165, 34.65954252], [135.12027745, 34.65943672], [135.12030391, 34.65926744], [135.12035682, 34.65920925], [135.12066894, 34.659241], [135.12093874, 34.65925687], [135.1209652, 34.65919339], [135.12081708, 34.65889714], [135.12081709, 34.65862206], [135.12145192, 34.6586062], [135.12178521, 34.65865382], [135.12185398, 34.65878607], [135.12158416, 34.65921986], [135.12175873, 34.65949495], [135.12240943, 34.65950025], [135.12238296, 34.66006101], [135.12274799, 34.66004515], [135.12314476, 34.65990761], [135.1235045, 34.65995523], [135.12397534, 34.65968544], [135.12471599, 34.65951618], [135.12494347, 34.65943683], [135.12493289, 34.65933632], [135.12429807, 34.65905064], [135.12429807, 34.65898186], [135.12464725, 34.65851634], [135.12467899, 34.65841054], [135.12366327, 34.65798731], [135.12362095, 34.65790795], [135.12370031, 34.6577757], [135.12438806, 34.65752179], [135.12494354, 34.657416], [135.12517632, 34.65714621], [135.12531916, 34.6570986], [135.12563127, 34.65746892], [135.12605978, 34.65751125], [135.12594338, 34.65790272], [135.12594867, 34.65799794], [135.12607563, 34.65813019], [135.1263613, 34.65833652], [135.1264142, 34.65842116], [135.12641949, 34.65854812], [135.12641948, 34.65870683], [135.12631367, 34.65887082], [135.12620697, 34.65896272], [135.1260756, 34.65910887], [135.1261285, 34.65918822], [135.12664758, 34.6591555], [135.12675804, 34.65917237], [135.12678449, 34.65929404], [135.12676332, 34.65950035], [135.12674215, 34.65964848], [135.12675273, 34.65975428], [135.12675802, 34.65993943], [135.12676689, 34.66005507], [135.12640884, 34.66041554], [135.12639297, 34.66050547], [135.12646703, 34.66056895], [135.12658871, 34.66058483], [135.12669451, 34.66062186], [135.12677386, 34.66071708], [135.12681618, 34.66072766], [135.12693785, 34.6608705], [135.12700663, 34.66088637], [135.12713888, 34.66089696], [135.12722583, 34.66088122], [135.12738753, 34.66079116], [135.12759385, 34.66073297], [135.1277261, 34.66091813], [135.12782661, 34.66115619], [135.12741925, 34.66142598], [135.1274404, 34.66166932], [135.12754091, 34.66178042], [135.12760969, 34.66183332], [135.1276573, 34.66190738], [135.12771018, 34.66234646], [135.12761496, 34.66242581], [135.1274245, 34.662484], [135.12733358, 34.66243176], [135.12726745, 34.66258881], [135.12739969, 34.66283679], [135.12751971, 34.66321404], [135.12765196, 34.66324579], [135.12779645, 34.66322529], [135.1280775, 34.66307651], [135.12799485, 34.66273761], [135.12825111, 34.6625971], [135.12856521, 34.66269629], [135.12870573, 34.66285335], [135.12875532, 34.66291948], [135.12871399, 34.66307653], [135.12868918, 34.66323358], [135.12858999, 34.66335756], [135.12854039, 34.66344022], [135.12848334, 34.66356161], [135.12874702, 34.66393617], [135.12868915, 34.66410975], [135.12837317, 34.66405729], [135.12824279, 34.66406015], [135.12794521, 34.66405188], [135.12782948, 34.66420892], [135.12774682, 34.66429158], [135.1275071, 34.66454782], [135.12728391, 34.664647], [135.12712685, 34.66475445], [135.12693673, 34.6648867], [135.12679621, 34.6648867], [135.12658129, 34.66491976], [135.12628938, 34.66506696], [135.12594055, 34.66524136], [135.12564721, 34.66534129], [135.12536616, 34.66533302], [135.12506032, 34.66534954], [135.1248702, 34.66534954], [135.12468008, 34.66531647], [135.1244073, 34.66531647], [135.12437423, 34.66553964], [135.12452301, 34.66586201], [135.12455607, 34.6660108], [135.12465526, 34.66616785], [135.12491976, 34.66639104], [135.12501068, 34.66663901], [135.12504374, 34.6667878], [135.12501067, 34.66687872], [135.12496106, 34.66729201], [135.12494453, 34.6673664], [135.12501891, 34.66763091], [135.12553968, 34.66755653], [135.12568345, 34.66760962], [135.12567426, 34.66772895], [135.12561, 34.6677932], [135.12539887, 34.66804104], [135.12517855, 34.66828887], [135.12500413, 34.6684541], [135.12457253, 34.66820951], [135.12453597, 34.66845409], [135.12446506, 34.6686228], [135.12443199, 34.66869719], [135.12429147, 34.66869719], [135.12410135, 34.66869718], [135.1239195, 34.66864758], [135.12377071, 34.66861452], [135.12297716, 34.6689038], [135.12305155, 34.66911045], [135.12307634, 34.66935843], [135.1239301, 34.66920678], [135.12397734, 34.66929232], [135.12386161, 34.66945763], [135.12383681, 34.66953203], [135.12367148, 34.66955682], [135.12344003, 34.6697304], [135.12325817, 34.66983785], [135.12312591, 34.66990397], [135.12315897, 34.67006929], [135.12314244, 34.67023461], [135.12319203, 34.67037513], [135.12372811, 34.67036336], [135.12385663, 34.67032665], [135.12417791, 34.67027158], [135.124589, 34.67008585], [135.12475623, 34.66994114], [135.12525856, 34.66982963], [135.12560993, 34.66991362], [135.12594463, 34.67016028], [135.12613474, 34.67019334], [135.12622567, 34.67026774], [135.1266307, 34.67052399], [135.12688694, 34.67066451], [135.12724237, 34.67078024], [135.1276474, 34.6709621], [135.12784579, 34.67108609], [135.12818469, 34.67124315], [135.12847399, 34.67146633], [135.12871814, 34.67157878], [135.12955404, 34.67231715], [135.12962139, 34.67231111], [135.12966361, 34.67232639], [135.12975761, 34.67236039], [135.12980334, 34.67237694], [135.12986275, 34.67241392], [135.13001995, 34.67251177], [135.13008222, 34.67255056], [135.13010652, 34.67257583], [135.130209, 34.67268239], [135.13023584, 34.67271028], [135.13035386, 34.67278602], [135.13044055, 34.67284167], [135.1307032, 34.67293969], [135.13079334, 34.67297333], [135.13093014, 34.67298878], [135.13095805, 34.67299194], [135.1310775, 34.67293556], [135.13112128, 34.67287698], [135.13116861, 34.67281361], [135.13118366, 34.67265239], [135.13120195, 34.67245667], [135.13121261, 34.67234194], [135.13121416, 34.67232528], [135.13123141, 34.67204516], [135.13123141, 34.67204516], [135.1312425, 34.671865], [135.13124439, 34.67182452], [135.13125972, 34.671495], [135.13125389, 34.67134], [135.13121972, 34.67125528], [135.13121361, 34.67123417], [135.13118584, 34.67113806], [135.13120466, 34.67110283], [135.13123111, 34.67105333], [135.13130861, 34.6709815], [135.13136778, 34.67092667], [135.13140195, 34.67075277], [135.13144125, 34.67044072], [135.1314475, 34.67039111], [135.1314518, 34.67031908], [135.13147584, 34.6699175], [135.13147716, 34.66990814], [135.13149666, 34.66977223], [135.13149861, 34.6697585], [135.13150528, 34.66971111], [135.13151472, 34.669645], [135.13152666, 34.66960694], [135.131555, 34.66951639], [135.13159591, 34.66946564], [135.13163, 34.66942333], [135.1316475, 34.66940167], [135.13169555, 34.6693425], [135.13174611, 34.66928056], [135.13181334, 34.66919778], [135.13186111, 34.66913917], [135.13194195, 34.66898167], [135.13197084, 34.66886722], [135.13196805, 34.66874583], [135.13196608, 34.66866842], [135.13196584, 34.66865889], [135.13196555, 34.66864505], [135.131965, 34.66861917], [135.13196361, 34.6686], [135.13194084, 34.66826111], [135.13190611, 34.66794139], [135.13186, 34.66771694], [135.13184364, 34.66757465], [135.13181945, 34.66736417], [135.13181361, 34.66714], [135.13183305, 34.66702102], [135.1318425, 34.66696333], [135.13195222, 34.66669611], [135.13201635, 34.66656427], [135.13221041, 34.66658958], [135.13235093, 34.66666398], [135.13248394, 34.66673444], [135.13272289, 34.66693676], [135.13303864, 34.6673484], [135.13334284, 34.66707729], [135.1333693, 34.66679956], [135.13284691, 34.66615151], [135.13259894, 34.66579607], [135.13248983, 34.66560265], [135.13242536, 34.66549023], [135.13232617, 34.66529185], [135.13235098, 34.66506041], [135.13233776, 34.66500089], [135.13235925, 34.66489509], [135.13238405, 34.6647711], [135.13252293, 34.66457107], [135.13254277, 34.66445205], [135.13254278, 34.66433302], [135.13267066, 34.66418714], [135.13268, 34.66418111], [135.13283509, 34.66405433], [135.13321111, 34.66374694], [135.13330945, 34.66367028], [135.13335389, 34.66363556], [135.13336817, 34.66362442], [135.13340195, 34.66359806], [135.13350722, 34.66351583], [135.13352305, 34.66350361], [135.13375419, 34.66326352], [135.13386027, 34.66315333], [135.13400261, 34.66300553], [135.13401916, 34.66298833], [135.13408182, 34.66292778], [135.134135, 34.66287639], [135.13419334, 34.66282], [135.13445805, 34.66256361], [135.13452527, 34.66249306], [135.13455361, 34.66246333], [135.13458695, 34.66242833], [135.13458746, 34.6624278], [135.13482166, 34.66218167], [135.1351225, 34.66186583], [135.13518723, 34.66179806], [135.13522805, 34.661755], [135.13524861, 34.66173361], [135.13528584, 34.66169444], [135.13531861, 34.66166], [135.13536282, 34.66161355], [135.13542305, 34.66155028], [135.13572055, 34.66124972], [135.13576139, 34.66120833], [135.13588528, 34.66108306], [135.13600555, 34.66096139], [135.13604653, 34.66092019], [135.13605584, 34.66091083], [135.13609111, 34.660875], [135.1361308, 34.66083492], [135.13648555, 34.66047667], [135.13651695, 34.66044444], [135.13667715, 34.66027936], [135.13668111, 34.66027527], [135.13671555, 34.66024], [135.13702111, 34.65992556], [135.13706305, 34.65988222], [135.13710139, 34.65984278], [135.13717195, 34.65977], [135.1372875, 34.65965139], [135.13735084, 34.65958611], [135.13750528, 34.65942722], [135.13752156, 34.65941042], [135.13753166, 34.6594], [135.137595, 34.65933472], [135.13781945, 34.65910361], [135.13784305, 34.65907944], [135.13788278, 34.65904139], [135.13793361, 34.65899333], [135.13796834, 34.65896028], [135.13810889, 34.65882639], [135.13833528, 34.6586425], [135.13844611, 34.65855277], [135.13846908, 34.65853417], [135.13856611, 34.65845556], [135.13864889, 34.65838833], [135.13870305, 34.65834444], [135.13871472, 34.658335], [135.1387725, 34.65827389], [135.13905722, 34.65797389], [135.13912472, 34.6579025], [135.13915631, 34.65786927], [135.1391675, 34.6578575], [135.13964528, 34.65735361], [135.13971916, 34.65727556], [135.13973555, 34.65725889], [135.13990266, 34.65708845], [135.13991639, 34.65707444], [135.13995361, 34.65703639], [135.14005222, 34.65693583], [135.14014, 34.65684667], [135.14021416, 34.65677111], [135.14034778, 34.65663473], [135.14068084, 34.65630111], [135.14073073, 34.65625103], [135.14083084, 34.65615056], [135.140875, 34.65610611], [135.14088291, 34.65609819], [135.14095805, 34.65602306], [135.14106834, 34.6559125], [135.14110611, 34.65587472], [135.14123166, 34.65574889], [135.14129639, 34.65568361], [135.14142666, 34.65555333], [135.14151584, 34.65546389], [135.1416075, 34.65537194], [135.14164916, 34.65533], [135.14167584, 34.65530333], [135.14102084, 34.65490389], [135.14099132, 34.65488586], [135.14096084, 34.65486722], [135.14091805, 34.65484111], [135.14069028, 34.65470222], [135.14012445, 34.65433944], [135.13998334, 34.65425778], [135.13991718, 34.65421956], [135.13986889, 34.65419167], [135.139435, 34.65394083], [135.13931639, 34.65387194], [135.13919361, 34.6537975], [135.13906916, 34.65372194], [135.13898998, 34.65367406], [135.13892722, 34.65363611], [135.13882028, 34.65357139], [135.13873527, 34.65352], [135.13871945, 34.65351028], [135.13863334, 34.65344972], [135.138445, 34.6533175], [135.13837305, 34.65326694], [135.13821084, 34.65313444], [135.13811136, 34.65305308], [135.1381025, 34.65304583], [135.13808508, 34.6530315], [135.13802111, 34.65297889], [135.13780722, 34.65280417], [135.13779311, 34.65279326], [135.13778889, 34.65279], [135.1374425, 34.65252139], [135.13734528, 34.65244611], [135.13722456, 34.65236914], [135.13714445, 34.65231806], [135.1371025, 34.65229111], [135.13681416, 34.65210722], [135.13622506, 34.65179198], [135.13616945, 34.65176222], [135.13612028, 34.65173611], [135.13607972, 34.65171444], [135.1358825, 34.65160889], [135.13581305, 34.65149417], [135.13576466, 34.65137164], [135.13574722, 34.6513275], [135.13572416, 34.65126917], [135.135715, 34.65124611], [135.13569916, 34.65122806], [135.13558222, 34.65109333], [135.13549955, 34.65104971], [135.13540639, 34.65100056], [135.13538471, 34.65098913], [135.1349825, 34.65077722], [135.13457695, 34.65056306], [135.13449695, 34.65052083], [135.13450028, 34.65051722], [135.13471639, 34.65028361], [135.13488223, 34.65010417], [135.13492028, 34.65006278], [135.13495889, 34.65002083], [135.13500008, 34.64997627], [135.13511861, 34.64984806], [135.13520027, 34.64975973], [135.13543695, 34.64956389], [135.13553916, 34.64950444], [135.13569084, 34.64941611], [135.13569837, 34.64941041], [135.13570111, 34.64940833], [135.13578305, 34.64934639], [135.13582723, 34.64931306], [135.13585413, 34.64929261], [135.13589889, 34.64925861], [135.13593555, 34.64921944], [135.13607777, 34.64906778], [135.13615528, 34.64898389], [135.13624528, 34.64888639], [135.13630222, 34.64882278], [135.13641887, 34.64869264], [135.13645834, 34.64864861], [135.13650472, 34.64859694], [135.13652222, 34.64857722], [135.13652264, 34.64857677], [135.13671166, 34.64836611], [135.13671889, 34.648358], [135.13677139, 34.64829917], [135.13698113, 34.64806509], [135.13710889, 34.6479225], [135.1371825, 34.64784083], [135.13727222, 34.64774027], [135.13728834, 34.64772229], [135.13731305, 34.64769472], [135.1374425, 34.64755028], [135.13749334, 34.64749361], [135.13778195, 34.64716917], [135.13788584, 34.64701167], [135.13796139, 34.64686278], [135.13802416, 34.64673944], [135.13808222, 34.64654472], [135.13813389, 34.64637194], [135.13818471, 34.64614287], [135.13819118, 34.64611371], [135.13820778, 34.64603889], [135.13826084, 34.64579973], [135.13833, 34.64551806], [135.13839834, 34.64527917], [135.13906472, 34.64370167], [135.1396175, 34.6426125], [135.13964666, 34.64255472], [135.13969444, 34.64241667]]]}}, {"type": "Feature", "id": "did-1980-56", "properties": {"A16_001": "281081", "A16_002": "28108", "A16_003": "垂水区", "A16_004": "1", "A16_005": "203804", "A16_006": "16.3", "A16_007": "196171", "A16_008": "14.4", "A16_009": "68.0", "A16_010": "9.7", "A16_011": "1980", "year": 1980, "population": 203804.0, "areaKm2": 16.3, "density": 12503.312883435583}, "geometry": {"type": "Polygon", "coordinates": [[[135.03089676, 34.65959287], [135.03090555, 34.6596023], [135.03103183, 34.65989352], [135.03116643, 34.66012665], [135.03143209, 34.66078115], [135.03183143, 34.66136719], [135.03213611, 34.66196395], [135.03247085, 34.66249263], [135.03303358, 34.66250543], [135.03330215, 34.6625438], [135.03357072, 34.66279958], [135.0336986, 34.66288911], [135.03399276, 34.66265892], [135.03424823, 34.66306229], [135.03469881, 34.66345656], [135.03489594, 34.66368185], [135.03506702, 34.66387389], [135.03490074, 34.66446217], [135.03506137, 34.66459927], [135.03519233, 34.66470568], [135.0354788, 34.66477116], [135.03574236, 34.66486611], [135.03574481, 34.66492259], [135.03581437, 34.66543415], [135.03636277, 34.66544234], [135.03643644, 34.66535231], [135.03673111, 34.66527047], [135.03687025, 34.66542599], [135.03664106, 34.66559786], [135.0366165, 34.66567971], [135.03646916, 34.66586796], [135.03624817, 34.66572881], [135.03598624, 34.66598254], [135.0364937, 34.66644909], [135.03638728, 34.66676011], [135.03658371, 34.66710388], [135.036862, 34.66719392], [135.03718123, 34.66712027], [135.03750863, 34.66697294], [135.03768051, 34.66722668], [135.03795062, 34.66739857], [135.03836805, 34.66752135], [135.03885916, 34.66754592], [135.03917644, 34.66804697], [135.03945805, 34.6684694], [135.03951393, 34.66866726], [135.03998047, 34.66880642], [135.04037335, 34.66919112], [135.04054523, 34.66917475], [135.04070894, 34.66911746], [135.04121642, 34.6691011], [135.04127371, 34.66906836], [135.04162567, 34.66904382], [135.04196945, 34.66895379], [135.0420513, 34.66888013], [135.04205949, 34.66879009], [135.04142926, 34.66824988], [135.04106094, 34.66798795], [135.04090542, 34.66788154], [135.04094635, 34.66772603], [135.04106095, 34.6676933], [135.04106095, 34.66752141], [135.04102003, 34.66739864], [135.04074174, 34.66723493], [135.04038161, 34.66690753], [135.03980868, 34.66600718], [135.03953041, 34.66540968], [135.03921939, 34.66477943], [135.03924396, 34.66451752], [135.03954681, 34.66439475], [135.03977599, 34.66444387], [135.0399888, 34.66463212], [135.04039805, 34.66485312], [135.04084824, 34.6645994], [135.04116745, 34.66462396], [135.04156852, 34.66476312], [135.04180588, 34.66495956], [135.04200232, 34.66506597], [135.04226424, 34.6652133], [135.04246887, 34.66524605], [135.04323827, 34.66507418], [135.04348382, 34.66513967], [135.04348381, 34.66540158], [135.04332829, 34.66556528], [135.04313184, 34.66579445], [135.04273895, 34.6660318], [135.04251794, 34.66621186], [135.0424852, 34.66639193], [135.042919, 34.66675208], [135.04328732, 34.66689123], [135.04395852, 34.66636741], [135.04411404, 34.66618735], [135.04421753, 34.66607579], [135.0448098, 34.66536887], [135.04499806, 34.66523792], [135.04494077, 34.66519699], [135.04484255, 34.6651397], [135.04475252, 34.66504148], [135.04485074, 34.66498418], [135.04484256, 34.66477138], [135.04474435, 34.6645422], [135.04457247, 34.66431302], [135.04478529, 34.66416569], [135.04494899, 34.66414933], [135.04493262, 34.66396107], [135.04479348, 34.66382193], [135.04509634, 34.66355183], [135.04519457, 34.66337995], [135.04534191, 34.66294616], [135.04560385, 34.66259421], [135.04593945, 34.66220953], [135.04603768, 34.66200491], [135.04634872, 34.66166115], [135.04643876, 34.66153838], [135.04660247, 34.66144835], [135.04682348, 34.66105548], [135.0465452, 34.660769], [135.04641424, 34.66067078], [135.04605411, 34.66021242], [135.0462751, 34.66026153], [135.04673347, 34.66041706], [135.04735552, 34.6607281], [135.04766655, 34.66093273], [135.04859149, 34.66032707], [135.04702823, 34.65748687], [135.04719193, 34.65733136], [135.04767485, 34.65734774], [135.04831331, 34.65674208], [135.04855888, 34.6564638], [135.04864891, 34.6565702], [135.04872614, 34.65697459], [135.04880441, 34.65700401], [135.04914818, 34.65703675], [135.04997948, 34.65700659], [135.05035956, 34.65772431], [135.05112078, 34.65740512], [135.05185949, 34.65718568], [135.05334295, 34.65998648], [135.05459631, 34.65966678], [135.05552993, 34.65947497], [135.05661701, 34.6595901], [135.05810054, 34.66010169], [135.05789588, 34.66095854], [135.05662976, 34.66076668], [135.05637397, 34.66068994], [135.05521015, 34.66083059], [135.05517177, 34.66112473], [135.05637395, 34.66132938], [135.05765286, 34.66172587], [135.05836905, 34.66207118], [135.05917475, 34.66277459], [135.05852248, 34.66331171], [135.05749933, 34.66373372], [135.05749932, 34.66402786], [135.05752488, 34.66432201], [135.05822829, 34.66447549], [135.05847128, 34.66446271], [135.0590596, 34.66405348], [135.05944328, 34.66407906], [135.05964125, 34.66423969], [135.0596658, 34.66443613], [135.05953483, 34.6645589], [135.05955936, 34.66536921], [135.05984583, 34.66554928], [135.05978032, 34.66637595], [135.06072979, 34.66653967], [135.06076253, 34.66666245], [135.06126182, 34.6666952], [135.06129456, 34.66646602], [135.06175293, 34.66649059], [135.06186754, 34.66596676], [135.06199855, 34.66446893], [135.06204767, 34.66413335], [135.06211316, 34.66395328], [135.06265337, 34.66403514], [135.0633491, 34.6641743], [135.06365195, 34.66415794], [135.06378292, 34.66406791], [135.0638484, 34.66393695], [135.06384023, 34.66340493], [135.06363561, 34.6632003], [135.06301356, 34.66287289], [135.06267798, 34.66238998], [135.06274348, 34.66202985], [135.0635375, 34.66009004], [135.06362755, 34.65952529], [135.06346386, 34.65931248], [135.06291547, 34.65882956], [135.06247963, 34.6583139], [135.06247968, 34.65674854], [135.06298105, 34.65573567], [135.06307315, 34.65529573], [135.06303223, 34.65509111], [135.06271507, 34.65470232], [135.06214213, 34.65437491], [135.06191704, 34.65412936], [135.06179428, 34.65366896], [135.06148734, 34.65363826], [135.06135433, 34.65369964], [135.06076091, 34.65366893], [135.06005496, 34.65344383], [135.05911369, 34.65282995], [135.05865943, 34.65243706], [135.05847936, 34.65227336], [135.0586922, 34.65142213], [135.0588641, 34.65116841], [135.05879862, 34.65100471], [135.05855308, 34.65075097], [135.05867586, 34.65068549], [135.05942071, 34.65058729], [135.05954349, 34.65043178], [135.05973175, 34.65011258], [135.06028017, 34.64984249], [135.06100807, 34.64872603], [135.06183538, 34.64841835], [135.06241859, 34.6479907], [135.06250044, 34.64801117], [135.06294039, 34.64800095], [135.06448532, 34.64808283], [135.0661735, 34.64804195], [135.06767048, 34.64794287], [135.06943737, 34.64623111], [135.06965225, 34.64567864], [135.06938624, 34.64540239], [135.06840917, 34.64471688], [135.067207, 34.64407741], [135.06693844, 34.64361701], [135.06622227, 34.64287523], [135.06564678, 34.64213347], [135.06555726, 34.64201836], [135.06494343, 34.64061157], [135.06481555, 34.6399977], [135.06483516, 34.63915943], [135.06555737, 34.63888508], [135.06592825, 34.6389874], [135.06628632, 34.63989542], [135.06675951, 34.64021516], [135.06697692, 34.640407], [135.06730803, 34.64083303], [135.06756517, 34.64204399], [135.06755236, 34.64258112], [135.06826854, 34.64305433], [135.06824295, 34.64359146], [135.06823015, 34.64369377], [135.0687545, 34.64403908], [135.06892075, 34.64447391], [135.07044266, 34.64470414], [135.07068566, 34.64439721], [135.07215641, 34.6446786], [135.07477818, 34.645446], [135.07503397, 34.64524138], [135.07649194, 34.64533093], [135.07705466, 34.64543326], [135.07750228, 34.64565068], [135.07792432, 34.64570185], [135.07814837, 34.64609421], [135.07842307, 34.64667381], [135.08002213, 34.64645344], [135.08045183, 34.6445501], [135.08187868, 34.64766375], [135.08262985, 34.64884642], [135.08184793, 34.6495074], [135.08170878, 34.64964654], [135.08146322, 34.64983478], [135.08116854, 34.65021128], [135.08384505, 34.65068607], [135.08509733, 34.65208571], [135.08480265, 34.65240492], [135.08523441, 34.65279985], [135.08514543, 34.6528492], [135.08430334, 34.65304537], [135.08420102, 34.65317837], [135.08413962, 34.65371039], [135.08372012, 34.65393547], [135.08368943, 34.65402755], [135.08420095, 34.65523483], [135.08432814, 34.65568836], [135.08440554, 34.65646257], [135.0846005, 34.65662602], [135.08505625, 34.6565874], [135.08543275, 34.65711943], [135.08564556, 34.6571931], [135.08576834, 34.65709488], [135.08606301, 34.65691482], [135.08624309, 34.65667746], [135.08626766, 34.65638281], [135.08622674, 34.65617], [135.08585841, 34.65614544], [135.08574468, 34.65621495], [135.08549007, 34.65625183], [135.08542015, 34.65616934], [135.08576839, 34.65570345], [135.08613361, 34.6555069], [135.08621857, 34.65549065], [135.08641502, 34.65531059], [135.08641306, 34.65515724], [135.08635939, 34.65454121], [135.08621861, 34.65445117], [135.08584209, 34.65449209], [135.08557198, 34.65452482], [135.08546231, 34.65441023], [135.08550037, 34.65431406], [135.08578317, 34.65409594], [135.08631358, 34.65384058], [135.08656241, 34.65364415], [135.08660825, 34.65355903], [135.08670647, 34.65354593], [135.08745949, 34.65388644], [135.08757735, 34.65407633], [135.08783926, 34.65432516], [135.08808891, 34.65441643], [135.08817076, 34.65426296], [135.08745297, 34.65310724], [135.08673269, 34.65276018], [135.08661974, 34.65261776], [135.08605498, 34.65238039], [135.08639223, 34.65148988], [135.08676713, 34.65090713], [135.08824043, 34.65154558], [135.08855966, 34.65104467], [135.08867098, 34.65103813], [135.08871682, 34.65094646], [135.08857931, 34.65091371], [135.08810132, 34.65047336], [135.08818647, 34.6496827], [135.0847127, 34.64985941], [135.08393512, 34.64974481], [135.08351769, 34.64959092], [135.08344566, 34.64954508], [135.08338018, 34.64943377], [135.0834915, 34.64928317], [135.08399573, 34.64872661], [135.08394334, 34.64861529], [135.0824701, 34.6464348], [135.08277132, 34.64601574], [135.08232214, 34.64554166], [135.08227503, 34.64458305], [135.08246361, 34.64450317], [135.08267316, 34.64440496], [135.08272554, 34.64438924], [135.08295473, 34.64424126], [135.08306605, 34.64421507], [135.08312891, 34.6442321], [135.08328606, 34.64422687], [135.08336464, 34.64421639], [135.08406659, 34.64450975], [135.08435995, 34.64434213], [135.08610435, 34.64441035], [135.08568483, 34.64545392], [135.08510164, 34.64541298], [135.08459003, 34.64659978], [135.08512206, 34.64686048], [135.08590781, 34.64735159], [135.08602568, 34.64727957], [135.08611082, 34.64693908], [135.08625488, 34.64664442], [135.08634656, 34.64658549], [135.08821932, 34.64642184], [135.08827825, 34.64629743], [135.08886108, 34.64490274], [135.0896927, 34.6446212], [135.08987606, 34.64405808], [135.09032134, 34.64382237], [135.09027552, 34.64339675], [135.08940462, 34.64333125], [135.08919508, 34.64336399], [135.08891352, 34.64335743], [135.08890697, 34.64320028], [135.08922784, 34.64290563], [135.08915582, 34.64257169], [135.08875639, 34.64260442], [135.0887302, 34.64241453], [135.08878261, 34.64173355], [135.08907729, 34.64106567], [135.08795102, 34.6410329], [135.08749265, 34.64141922], [135.08703166, 34.64147159], [135.08658115, 34.64155015], [135.08628255, 34.64183826], [135.08583203, 34.64211064], [135.08557011, 34.64210016], [135.08495197, 34.64192728], [135.08414526, 34.64157105], [135.08444387, 34.64111532], [135.08447007, 34.64096865], [135.08441245, 34.64079579], [135.08416625, 34.64040814], [135.08364242, 34.63986858], [135.08445439, 34.63971145], [135.08452773, 34.6397586], [135.0846063, 34.64001004], [135.08515109, 34.64024054], [135.08566969, 34.64050771], [135.08598926, 34.63985816], [135.08547066, 34.63964862], [135.08530827, 34.63950718], [135.08533716, 34.63942778], [135.08702536, 34.63893673], [135.08696399, 34.63831263], [135.08679008, 34.63777038], [135.08618647, 34.63639939], [135.08511455, 34.6364637], [135.08507264, 34.63647418], [135.0846313, 34.63641982], [135.08564424, 34.63531488], [135.08591083, 34.63534272], [135.08612037, 34.63537939], [135.08743472, 34.63569348], [135.08768027, 34.63577533], [135.08774554, 34.63578467], [135.08778577, 34.63579137], [135.08787964, 34.63584501], [135.08796675, 34.6357651], [135.08809979, 34.63499777], [135.08826351, 34.63422021], [135.08838223, 34.63384185], [135.08555556, 34.63352778], [135.08222222, 34.63213889], [135.08027778, 34.63158333], [135.07416667, 34.63075], [135.07299722, 34.63063141], [135.07162965, 34.6302106], [135.0679928, 34.62938397], [135.06770726, 34.62938397], [135.06573855, 34.62887297], [135.06434091, 34.62881282], [135.06382994, 34.62879778], [135.06366463, 34.62879778], [135.06121502, 34.6281966], [135.06013298, 34.6279411], [135.059081, 34.62764052], [135.05830518, 34.62716148], [135.05795387, 34.62774569], [135.0576082, 34.62833177], [135.05744289, 34.62813641], [135.05759319, 34.62773065], [135.05776631, 34.6274687], [135.05795149, 34.62689691], [135.05796086, 34.62671907], [135.0575, 34.62602778], [135.05722222, 34.62602778], [135.05722222, 34.62686111], [135.05472222, 34.62686111], [135.05472222, 34.62630556], [135.05388889, 34.62630556], [135.05361111, 34.62686111], [135.05166667, 34.62686111], [135.05166667, 34.62713889], [135.04694444, 34.62769444], [135.04055556, 34.62825], [135.03898981, 34.62898682], [135.03583333, 34.63047222], [135.0305621, 34.63457207], [135.02833333, 34.63630556], [135.02638889, 34.63769444], [135.02638889, 34.63741667], [135.02470325, 34.63952371], [135.02416667, 34.64019444], [135.01979816, 34.64259712], [135.01892253, 34.64307872], [135.01861111, 34.64325], [135.01861111, 34.64325], [135.01873111, 34.6433925], [135.01883, 34.64357278], [135.01891389, 34.64372583], [135.01899222, 34.64386833], [135.01899277, 34.64387], [135.01903805, 34.64398], [135.01911555, 34.64431028], [135.01915166, 34.64446333], [135.01920555, 34.64464361], [135.01936328, 34.64495112], [135.01943166, 34.64508444], [135.01959361, 34.64539972], [135.01962909, 34.64546267], [135.01965523, 34.64550904], [135.01978027, 34.64573083], [135.01990028, 34.6460775], [135.01998374, 34.64623233], [135.01999611, 34.64625528], [135.02002055, 34.64629223], [135.02007111, 34.64636819], [135.02023389, 34.64661278], [135.02026555, 34.64678333], [135.02025195, 34.64683194], [135.02017166, 34.64711611], [135.02016639, 34.647135], [135.02015159, 34.64718745], [135.02010972, 34.64733583], [135.02011498, 34.64738858], [135.02011584, 34.64739722], [135.02051722, 34.64782611], [135.02087055, 34.6481675], [135.02137361, 34.64859333], [135.02172122, 34.64885158], [135.02172695, 34.64885583], [135.02193139, 34.64897723], [135.022087, 34.64906933], [135.02213222, 34.64909611], [135.02223295, 34.64915378], [135.02275528, 34.64945278], [135.02280222, 34.64948183], [135.02323695, 34.64975083], [135.02324655, 34.64975848], [135.02351584, 34.6499725], [135.02394972, 34.65049833], [135.0241922, 34.65080967], [135.02429695, 34.65094417], [135.02449445, 34.65123139], [135.02453441, 34.65127408], [135.02478195, 34.65153833], [135.02544666, 34.65203833], [135.02564611, 34.65218861], [135.02570153, 34.65223042], [135.02581805, 34.65231833], [135.0259325, 34.65239556], [135.02615055, 34.65254222], [135.02677611, 34.65296361], [135.0267875, 34.65297111], [135.02699722, 34.6531125], [135.02722602, 34.65326681], [135.02726184, 34.65329097], [135.02731889, 34.65332944], [135.02762334, 34.65353444], [135.02849778, 34.65417806], [135.02878814, 34.65440881], [135.02911472, 34.65466833], [135.02934916, 34.65488778], [135.02937312, 34.65491015], [135.02942464, 34.65495829], [135.02948, 34.65501], [135.02968972, 34.65526833], [135.0300622, 34.65584042], [135.03015055, 34.65597611], [135.0303148, 34.65629536], [135.03037222, 34.65640694], [135.03041305, 34.65645944], [135.030455, 34.65651333], [135.03053389, 34.65661472], [135.03060509, 34.65670025], [135.03085139, 34.65699611], [135.0311582, 34.65729917], [135.031305, 34.65744417], [135.03139055, 34.65752889], [135.0314875, 34.65760833], [135.03165916, 34.65774861], [135.031765, 34.657835], [135.0318525, 34.65790667], [135.03214973, 34.65814972], [135.0322845, 34.65825965], [135.03234861, 34.65831194], [135.03250472, 34.65843972], [135.03251666, 34.65850889], [135.03176641, 34.65903894], [135.0316525, 34.65911944], [135.03105941, 34.65949106], [135.03091305, 34.65958277], [135.03089676, 34.65959287]]]}}, {"type": "Feature", "id": "did-1980-57", "properties": {"A16_001": "281075", "A16_002": "28107", "A16_003": "須磨区", "A16_004": "5", "A16_005": "10657", "A16_006": "0.8", "A16_007": "7673", "A16_008": "0.7", "A16_009": "6.8", "A16_010": "2.9", "A16_011": "1980", "year": 1980, "population": 10657.0, "areaKm2": 0.8, "density": 13321.25}, "geometry": {"type": "Polygon", "coordinates": [[[135.10038278, 34.65309778], [135.10026416, 34.65298253], [135.10015805, 34.65287944], [135.10000234, 34.65272525], [135.09995972, 34.65268306], [135.09913144, 34.65199824], [135.09896222, 34.65185833], [135.0988995, 34.65181686], [135.09877867, 34.65173699], [135.0984799, 34.65176789], [135.09798641, 34.6517824], [135.09775418, 34.65166628], [135.09714456, 34.65210169], [135.09682524, 34.65247904], [135.09662202, 34.65294348], [135.09634476, 34.65304909], [135.09633945, 34.65306444], [135.09626028, 34.65312444], [135.09598945, 34.65326111], [135.09593725, 34.65330213], [135.0959108, 34.65340792], [135.09602691, 34.653495], [135.09644782, 34.65359661], [135.09683971, 34.65361113], [135.09714451, 34.65361114], [135.09768153, 34.65420622], [135.09827659, 34.65493194], [135.09814595, 34.65523673], [135.09804434, 34.65561409], [135.09830559, 34.6558318], [135.09892971, 34.65573022], [135.09919097, 34.65573023], [135.09939416, 34.65584634], [135.09933609, 34.65648496], [135.09937961, 34.65700746], [135.09975697, 34.65758803], [135.10007626, 34.65811054], [135.10006174, 34.65827019], [135.09993111, 34.65840082], [135.0998295, 34.65876366], [135.10004721, 34.65877818], [135.10027944, 34.65882173], [135.10043907, 34.65959097], [135.10055516, 34.66030216], [135.10056967, 34.66053438], [135.10100509, 34.66082467], [135.10155665, 34.6604183], [135.10203562, 34.66066504], [135.1029065, 34.65998291], [135.10396603, 34.66053446], [135.10409666, 34.66054898], [135.10543202, 34.65922824], [135.10678189, 34.65825583], [135.10763825, 34.657893], [135.10893007, 34.6566158], [135.10953969, 34.65619491], [135.11027993, 34.65604979], [135.11094759, 34.65597723], [135.11174588, 34.65584662], [135.11222486, 34.65565795], [135.11251516, 34.65525157], [135.11186203, 34.65478711], [135.11030903, 34.65372755], [135.10910437, 34.6527696], [135.10769651, 34.65178262], [135.1067531, 34.65101336], [135.10627414, 34.65069404], [135.1059258, 34.65047632], [135.10576613, 34.65096979], [135.10538876, 34.65095527], [135.10522909, 34.6513036], [135.10469206, 34.65130359], [135.10463399, 34.65165192], [135.10322609, 34.65170995], [135.10319705, 34.65211634], [135.10453237, 34.65210185], [135.10459042, 34.65233408], [135.10521454, 34.65234861], [135.10518549, 34.65279854], [135.10456137, 34.65294367], [135.10412594, 34.65311782], [135.10373403, 34.65361129], [135.10316795, 34.65424989], [135.10267446, 34.65439502], [135.10181811, 34.65435146], [135.10123754, 34.65424985], [135.10091824, 34.65382893], [135.10070539, 34.65358807], [135.10038278, 34.65309778]]]}}, {"type": "Feature", "id": "did-1980-58", "properties": {"A16_001": "286821", "A16_002": "28682", "A16_003": "淡路町", "A16_004": "1", "A16_005": "6831", "A16_006": "0.8", "A16_007": "7596", "A16_008": "0.7", "A16_009": "75.2", "A16_010": "5.8", "A16_011": "1980", "year": 1980, "population": 6831.0, "areaKm2": 0.8, "density": 8538.75}, "geometry": {"type": "Polygon", "coordinates": [[[135.01444444, 34.59380556], [135.01468483, 34.59395804], [135.01500814, 34.59357767], [135.01521735, 34.59327338], [135.01529342, 34.59308319], [135.0157879, 34.59285497], [135.01633944, 34.59178043], [135.0168149, 34.59115282], [135.01742349, 34.59065834], [135.01791797, 34.59029698], [135.01848853, 34.58995465], [135.01902104, 34.58985956], [135.01949651, 34.58999269], [135.01974375, 34.59029698], [135.02118915, 34.59098165], [135.02175971, 34.5903683], [135.02139835, 34.59027321], [135.02109406, 34.58996892], [135.02111308, 34.5898548], [135.02130326, 34.58981677], [135.02156952, 34.59006401], [135.02181676, 34.59008303], [135.02194989, 34.59000695], [135.02196891, 34.58968364], [135.02181676, 34.5896456], [135.02156952, 34.58951247], [135.02168363, 34.58939836], [135.02198793, 34.58899897], [135.02221615, 34.58856155], [135.02233026, 34.58816216], [135.02250143, 34.5881051], [135.02272965, 34.58785786], [135.02306242, 34.58796879], [135.02361111, 34.58769444], [135.0225, 34.58658333], [135.02254117, 34.58625401], [135.02208679, 34.5862348], [135.02189975, 34.58617978], [135.02184475, 34.58593774], [135.02166871, 34.58584971], [135.02109685, 34.58587031], [135.02104728, 34.58585679], [135.02086251, 34.58585228], [135.02079942, 34.58578919], [135.01919318, 34.58551959], [135.01909415, 34.58567362], [135.01858669, 34.58558184], [135.01812702, 34.58545115], [135.01808194, 34.58542055], [135.01768538, 34.58533847], [135.0167976, 34.58487429], [135.01571647, 34.58408924], [135.01563494, 34.58359442], [135.01522936, 34.58336008], [135.01519939, 34.58305503], [135.01505637, 34.58254893], [135.01491334, 34.58253792], [135.01474832, 34.58221886], [135.01420641, 34.58189095], [135.01404868, 34.58190897], [135.0137918, 34.58217935], [135.01374222, 34.5823506], [135.01375809, 34.58242788], [135.01409373, 34.58250833], [135.01421089, 34.58261198], [135.01427849, 34.58276971], [135.01410723, 34.58289589], [135.01393412, 34.58288997], [135.01358897, 34.58292742], [135.01330957, 34.58297699], [135.01317436, 34.58308063], [135.01311578, 34.58317527], [135.01316985, 34.58321583], [135.01329153, 34.58334652], [135.01350783, 34.58363493], [135.0144292, 34.58378115], [135.01485979, 34.58421179], [135.01476064, 34.58438754], [135.01474711, 34.58451372], [135.01479225, 34.58459532], [135.01492287, 34.58459034], [135.01519777, 34.58472554], [135.01534649, 34.58459485], [135.01560643, 34.58454032], [135.01570545, 34.58466135], [135.01584847, 34.58473837], [135.01589177, 34.58492834], [135.01624455, 34.58514546], [135.01625228, 34.58562235], [135.01645356, 34.58614665], [135.01657222, 34.58629382], [135.01676149, 34.58645606], [135.01640095, 34.58707794], [135.01523375, 34.58673092], [135.01496335, 34.58701932], [135.01454422, 34.58742039], [135.01368346, 34.58748346], [135.01330941, 34.58757809], [135.01325533, 34.5877223], [135.01317478, 34.58802794], [135.01298943, 34.58810534], [135.01270551, 34.58819997], [135.01232695, 34.58829009], [135.01221756, 34.58828097], [135.01197551, 34.58814894], [135.01176648, 34.58778586], [135.01143466, 34.58787547], [135.01116134, 34.58789587], [135.01117777, 34.58827204], [135.01121382, 34.58838019], [135.01144738, 34.58873204], [135.01263562, 34.58930417], [135.01265139, 34.58946628], [135.01282265, 34.58954623], [135.013075, 34.58954741], [135.01329579, 34.59078219], [135.01343098, 34.59089936], [135.01369686, 34.59103907], [135.01375995, 34.59121482], [135.01362577, 34.59144961], [135.01362924, 34.59188177], [135.01353459, 34.59201246], [135.01289958, 34.59234077], [135.01236046, 34.59219773], [135.01214656, 34.59229183], [135.01203038, 34.59249478], [135.01212401, 34.59263432], [135.01236044, 34.59281384], [135.01236285, 34.59286415], [135.01223941, 34.59303388], [135.01151561, 34.59308495], [135.0114525, 34.59350405], [135.0113702, 34.59359497], [135.01107394, 34.59374289], [135.01104239, 34.59387357], [135.01112813, 34.59407906], [135.01106942, 34.59416199], [135.01075846, 34.59432421], [135.01068802, 34.59454114], [135.01060973, 34.59461262], [135.01040195, 34.59470616], [135.01027174, 34.59463966], [135.00978054, 34.59408535], [135.00942003, 34.59370229], [135.00925779, 34.59374735], [135.00914771, 34.59389198], [135.00927578, 34.59477032], [135.00810241, 34.59588334], [135.00820585, 34.59667112], [135.00973426, 34.59669797], [135.00978574, 34.5970386], [135.00933429, 34.59705285], [135.00940187, 34.59755983], [135.00946945, 34.59811187], [135.00962716, 34.59890051], [135.00916523, 34.59893993], [135.00916044, 34.59929692], [135.00954601, 34.59962379], [135.00956854, 34.59985362], [135.00946375, 34.60015668], [135.00921589, 34.60021864], [135.00886099, 34.60023215], [135.00846666, 34.60038761], [135.00827512, 34.60073235], [135.00824695, 34.60075939], [135.00824694, 34.60121567], [135.00828074, 34.60125511], [135.00862999, 34.60148044], [135.00872575, 34.60161], [135.0088329, 34.60166732], [135.00944444, 34.60075], [135.01, 34.60047222], [135.01166667, 34.59658333], [135.01388889, 34.59352778], [135.01444444, 34.59380556]]]}}]}