{"type": "FeatureCollection", "features": [{"type": "Feature", "id": "did-1965-4", "properties": {"A16_001": "280141", "A16_002": "02814", "A16_003": "西脇市", "A16_004": "1", "A16_005": "9495", "A16_006": "1.1", "A16_007": "12098", "A16_008": "1.4", "A16_009": "23.6", "A16_010": "1.14", "A16_011": "1965", "year": 1965, "population": 9495.0, "areaKm2": 1.1, "density": 8631.818181818182}, "geometry": {"type": "Polygon", "coordinates": [[[134.97571329, 34.97388803], [134.97557985, 34.97393651], [134.97552526, 34.97401529], [134.9754327, 34.97438817], [134.97496566, 34.97440029], [134.97474073, 34.97685854], [134.97337601, 34.97690702], [134.97299995, 34.97697367], [134.9721613, 34.97729743], [134.97167, 34.97776404], [134.97130607, 34.97818217], [134.97117263, 34.97852153], [134.97117263, 34.97882452], [134.97119609, 34.97978654], [134.97047431, 34.98011378], [134.9704925, 34.98061069], [134.96990415, 34.98094398], [134.9693325, 34.98144977], [134.9689989, 34.98178912], [134.9686164, 34.98316203], [134.96751249, 34.98305901], [134.9674397, 34.98350744], [134.96599612, 34.98319839], [134.96602039, 34.98403465], [134.96594793, 34.98506662], [134.96652415, 34.98513328], [134.96654841, 34.98571503], [134.96686988, 34.98578169], [134.96689445, 34.98685346], [134.96694297, 34.98776244], [134.96707035, 34.98826542], [134.96745922, 34.98920177], [134.96692486, 34.99059408], [134.96730092, 34.99060014], [134.96759317, 34.99252897], [134.96948422, 34.99266257], [134.96946521, 34.99248769], [134.96935028, 34.99076789], [134.96954993, 34.98966546], [134.97059582, 34.99009092], [134.9711316, 34.99022262], [134.97164186, 34.99025661], [134.97215638, 34.99016314], [134.97330757, 34.98975843], [134.97362223, 34.98963098], [134.97383909, 34.98940158], [134.97391988, 34.98918491], [134.9739454, 34.98896825], [134.97372421, 34.98769151], [134.97423448, 34.98766602], [134.97437905, 34.988333], [134.97657517, 34.98926467], [134.97689848, 34.98738863], [134.97684716, 34.985958], [134.97624897, 34.98405407], [134.97525187, 34.98149116], [134.97733434, 34.98058504], [134.97742532, 34.98048808], [134.97752844, 34.97996087], [134.97747385, 34.97986391], [134.97740713, 34.97981543], [134.97655797, 34.9797306], [134.97530788, 34.97923819], [134.9754898, 34.978272], [134.97732212, 34.97682633], [134.97668445, 34.97607267], [134.97618033, 34.97443342], [134.97595591, 34.97401529], [134.97582247, 34.97391227], [134.97571329, 34.97388803]]]}}, {"type": "Feature", "id": "did-1965-5", "properties": {"A16_001": "280201", "A16_002": "02820", "A16_003": "三田市", "A16_004": "1", "A16_005": "8341", "A16_006": "0.9", "A16_007": "8353", "A16_008": "0.9", "A16_009": "25.9", "A16_010": "0.42", "A16_011": "1965", "year": 1965, "population": 8341.0, "areaKm2": 0.9, "density": 9267.777777777777}, "geometry": {"type": "Polygon", "coordinates": [[[135.22726132, 34.88193852], [135.22675113, 34.88225368], [135.22549643, 34.88224902], [135.22590945, 34.88352156], [135.22584449, 34.88357252], [135.22524619, 34.88367911], [135.22497252, 34.88323421], [135.2242755, 34.88332226], [135.22382094, 34.88345666], [135.22368187, 34.88362349], [135.22351946, 34.88371619], [135.22242735, 34.88301997], [135.22220474, 34.88330726], [135.22151833, 34.88324237], [135.22120266, 34.88495038], [135.22229258, 34.88495038], [135.22185165, 34.88706495], [135.22287669, 34.88775545], [135.22344718, 34.88842741], [135.22437724, 34.88840583], [135.22531481, 34.887023], [135.22564878, 34.88720837], [135.22573222, 34.88797299], [135.22605694, 34.88801934], [135.2262942, 34.88899516], [135.22702233, 34.88873568], [135.22739866, 34.8897572], [135.22641534, 34.89023913], [135.22661974, 34.89190652], [135.22691702, 34.89291552], [135.22687529, 34.89357355], [135.22643062, 34.89488976], [135.22769996, 34.89439334], [135.22795057, 34.89461731], [135.22891321, 34.89427474], [135.22903188, 34.89416932], [135.22900553, 34.89370157], [135.22957912, 34.89392559], [135.23089366, 34.89321138], [135.23081451, 34.89292809], [135.23070902, 34.89246039], [135.23053755, 34.89135103], [135.23037935, 34.88903448], [135.23145408, 34.88863259], [135.23371231, 34.88793783], [135.23274903, 34.88589323], [135.23190452, 34.88428121], [135.23125123, 34.88319201], [135.23063152, 34.88257937], [135.23008418, 34.88222364], [135.22880506, 34.88259913], [135.22744688, 34.88195245], [135.22726132, 34.88193852]]]}}, {"type": "Feature", "id": "did-1965-8", "properties": {"A16_001": "280191", "A16_002": "02819", "A16_003": "小野市", "A16_004": "1", "A16_005": "6441", "A16_006": "0.8", "A16_007": "0", "A16_008": "0.0", "A16_009": "17.6", "A16_010": "0.85", "A16_011": "1965", "year": 1965, "population": 6441.0, "areaKm2": 0.8, "density": 8051.25}, "geometry": {"type": "Polygon", "coordinates": [[[134.93696089, 34.84040644], [134.93704595, 34.8408071], [134.93704595, 34.84088804], [134.9369771, 34.84097303], [134.93662875, 34.84123204], [134.93646268, 34.84142226], [134.93619095, 34.8424849], [134.93567993, 34.84360877], [134.9345009, 34.84378657], [134.93466181, 34.84560805], [134.9330898, 34.84574614], [134.93281916, 34.8458497], [134.93267521, 34.84598202], [134.9324276, 34.84639051], [134.93237002, 34.84672996], [134.93228943, 34.84765813], [134.93253703, 34.8477847], [134.93347563, 34.84793429], [134.93360231, 34.84802059], [134.93350403, 34.8493998], [134.93340614, 34.84960117], [134.93326219, 34.84971048], [134.93284183, 34.8498313], [134.93215992, 34.8499066], [134.93098546, 34.85005862], [134.93095622, 34.8500721], [134.93095847, 34.85010356], [134.93097196, 34.85012379], [134.93107993, 34.85017323], [134.93128687, 34.85022717], [134.9321399, 34.8501623], [134.93292071, 34.85015151], [134.93411326, 34.85049501], [134.93567454, 34.85044538], [134.93611845, 34.85091056], [134.93714867, 34.85178121], [134.93730025, 34.85187857], [134.93805849, 34.85195833], [134.9385385, 34.85221796], [134.93955057, 34.85266682], [134.94249802, 34.85296254], [134.9441927, 34.85355857], [134.94556964, 34.85423784], [134.94607168, 34.85387252], [134.94697755, 34.85333522], [134.94565925, 34.85201272], [134.94468119, 34.8512807], [134.94385671, 34.85085542], [134.94212538, 34.84987461], [134.9402147, 34.84891316], [134.93966059, 34.8485133], [134.94037889, 34.84824673], [134.94082526, 34.8479494], [134.94100997, 34.84735987], [134.9409994, 34.84654972], [134.93917141, 34.84574256], [134.93798899, 34.84545219], [134.93811727, 34.84481562], [134.93820275, 34.84470744], [134.93826258, 34.84468751], [134.93874692, 34.84468681], [134.93967853, 34.84452088], [134.94018484, 34.84435495], [134.94123112, 34.84381865], [134.9414782, 34.84364463], [134.94158757, 34.84345846], [134.94159162, 34.84298901], [134.94157136, 34.84256002], [134.94129499, 34.84188526], [134.93889811, 34.84248454], [134.93831889, 34.84264237], [134.93847686, 34.84211626], [134.93808288, 34.84136155], [134.93799782, 34.84100541], [134.93797352, 34.84043882], [134.93696089, 34.84040644]]]}}, {"type": "Feature", "id": "did-1965-9", "properties": {"A16_001": "280181", "A16_002": "02818", "A16_003": "川西市", "A16_004": "1", "A16_005": "40342", "A16_006": "3.6", "A16_007": "16864", "A16_008": "1.7", "A16_009": "65.8", "A16_010": "6.69", "A16_011": "1965", "year": 1965, "population": 40342.0, "areaKm2": 3.6, "density": 11206.111111111111}, "geometry": {"type": "Polygon", "coordinates": [[[135.42274926, 34.8413499], [135.42283639, 34.84115333], [135.42295473, 34.84088611], [135.4234325, 34.83986028], [135.42353973, 34.83965473], [135.42389084, 34.83898111], [135.4239175, 34.83892972], [135.42420563, 34.83827242], [135.42422861, 34.83822], [135.42429389, 34.83790389], [135.42431445, 34.83774028], [135.424315, 34.83773667], [135.42433, 34.8376175], [135.42433, 34.83712277], [135.42427945, 34.83656944], [135.42423272, 34.83645552], [135.42419695, 34.83636833], [135.42409555, 34.8361], [135.42408945, 34.8360725], [135.4239755, 34.835555], [135.4239725, 34.83554139], [135.42396222, 34.83549583], [135.42395361, 34.83545611], [135.42392916, 34.83534528], [135.42384972, 34.83508889], [135.42375584, 34.83474917], [135.42359666, 34.83414667], [135.42359528, 34.83401694], [135.42359518, 34.83400142], [135.423595, 34.83397361], [135.42359445, 34.83391722], [135.42359361, 34.83383694], [135.4235925, 34.83372139], [135.42359166, 34.83363361], [135.42359148, 34.8336125], [135.4235907, 34.83353511], [135.42358945, 34.83340694], [135.42363639, 34.83327723], [135.42368334, 34.8331475], [135.42371973, 34.83263444], [135.42374139, 34.83205611], [135.42372695, 34.83173389], [135.42375278, 34.83117917], [135.42376305, 34.83096139], [135.423785, 34.83060944], [135.42378861, 34.83038417], [135.42379222, 34.83017389], [135.42379945, 34.8299475], [135.42376945, 34.82986333], [135.42372722, 34.82974472], [135.42358972, 34.82919], [135.42351204, 34.82905196], [135.42348139, 34.8289975], [135.42340166, 34.82885583], [135.42333666, 34.8285725], [135.42322777, 34.82838833], [135.42319916, 34.82834], [135.42299666, 34.82802361], [135.42295334, 34.82788056], [135.42278695, 34.82758861], [135.42262498, 34.82731648], [135.42242555, 34.82698139], [135.42238222, 34.82690861], [135.4222119, 34.82667066], [135.42215416, 34.82659], [135.42197, 34.82633277], [135.42176055, 34.82617778], [135.42167805, 34.82606944], [135.42160028, 34.82596694], [135.42142055, 34.82573028], [135.42105195, 34.82529472], [135.42082055, 34.82506806], [135.42069166, 34.82498139], [135.42066445, 34.82496306], [135.42046611, 34.82482972], [135.42032028, 34.82466139], [135.42022084, 34.82454639], [135.42014084, 34.82445389], [135.41970695, 34.82404528], [135.41945527, 34.82382973], [135.41933111, 34.82372333], [135.41882, 34.82332], [135.41867305, 34.82320417], [135.41864175, 34.82317525], [135.41843445, 34.82298361], [135.4182825, 34.82281056], [135.41766084, 34.82219], [135.41750889, 34.82202333], [135.41727028, 34.82177583], [135.41708684, 34.82156017], [135.41693028, 34.82137611], [135.41651834, 34.82085111], [135.41629166, 34.82058278], [135.41618584, 34.8204575], [135.41611361, 34.82020083], [135.41609195, 34.81978944], [135.41609278, 34.819785], [135.41611114, 34.81966773], [135.41612805, 34.81955972], [135.41606111, 34.81865217], [135.41605416, 34.81855806], [135.41605134, 34.81851964], [135.41604147, 34.81838542], [135.41603191, 34.81825525], [135.41602172, 34.81811667], [135.4160117, 34.81798027], [135.41600016, 34.81782361], [135.41599148, 34.81770528], [135.41599055, 34.81769277], [135.41604736, 34.81756444], [135.41605865, 34.81753895], [135.41392388, 34.81794714], [135.41383394, 34.81793431], [135.4137183, 34.81780166], [135.41347418, 34.81766046], [135.41306054, 34.81756184], [135.41291492, 34.81753189], [135.41281642, 34.81739496], [135.4126965, 34.8170826], [135.41249684, 34.81548223], [135.41146202, 34.81549924], [135.41049057, 34.81651912], [135.41040746, 34.81705886], [135.41028279, 34.81716958], [135.40782508, 34.81729141], [135.4077688, 34.81718762], [135.40798078, 34.81525249], [135.40791584, 34.81517464], [135.40670378, 34.81516167], [135.40672975, 34.81550765], [135.40672109, 34.81559415], [135.4066475, 34.81565902], [135.40618823, 34.8157856], [135.4051694, 34.81610022], [135.40412587, 34.81635316], [135.40182658, 34.81706442], [135.40213096, 34.8182033], [135.40178094, 34.81819019], [135.40198749, 34.82152558], [135.40235728, 34.82203853], [135.40241149, 34.82214439], [135.40244846, 34.82217393], [135.40266283, 34.82218624], [135.40273982, 34.82219202], [135.40278494, 34.82227217], [135.40230169, 34.82269457], [135.40175521, 34.82269457], [135.4016441, 34.82331793], [135.40031709, 34.82337802], [135.39998459, 34.82339307], [135.39992442, 34.82347322], [135.39992445, 34.82416059], [135.39992446, 34.82440685], [135.40002473, 34.82450202], [135.40161222, 34.82454253], [135.40164854, 34.82507544], [135.40170778, 34.82508245], [135.40173999, 34.82503611], [135.40182666, 34.8250125], [135.40193499, 34.82504222], [135.40201306, 34.82507417], [135.40206445, 34.82509556], [135.40209416, 34.82510777], [135.40211584, 34.82526889], [135.40205881, 34.82546776], [135.4020747, 34.82565649], [135.40213486, 34.82574164], [135.40246075, 34.82583181], [135.40272146, 34.82581678], [135.4028468, 34.82575667], [135.40291699, 34.82568154], [135.40295208, 34.82490513], [135.40372418, 34.82493018], [135.40371917, 34.82582179], [135.40378936, 34.82607725], [135.40388995, 34.82670613], [135.40317802, 34.82737234], [135.40305268, 34.82759774], [135.40303262, 34.82777306], [135.40303764, 34.82788326], [135.40317802, 34.82808362], [135.40339862, 34.82826395], [135.40379039, 34.82849135], [135.40402652, 34.8290843], [135.40502774, 34.82889138], [135.40592884, 34.8289414], [135.40595047, 34.8293556], [135.40607046, 34.83165315], [135.40608476, 34.8319268], [135.4061525, 34.83203031], [135.40654301, 34.83216965], [135.40694548, 34.8321816], [135.40737584, 34.83214179], [135.40769065, 34.83202235], [135.40789786, 34.83191884], [135.40808116, 34.8317357], [135.40834659, 34.83121683], [135.40948039, 34.83121155], [135.41003399, 34.83120897], [135.41005608, 34.83120887], [135.41005255, 34.83127412], [135.41004811, 34.83135617], [135.40983985, 34.83180965], [135.40981704, 34.83185932], [135.41003222, 34.83203848], [135.41032311, 34.83195089], [135.41064694, 34.8319479], [135.41116626, 34.8319431], [135.41180384, 34.83202273], [135.41217443, 34.83215012], [135.41255612, 34.83233764], [135.41313876, 34.83262389], [135.41325432, 34.83271546], [135.41321447, 34.83284285], [135.41313876, 34.8328747], [135.41299132, 34.83289063], [135.4127084, 34.83276323], [135.41193135, 34.83258806], [135.41126796, 34.8326], [135.41029965, 34.83277916], [135.40979122, 34.83302201], [135.40955213, 34.8330459], [135.40914169, 34.83218596], [135.40913465, 34.832185], [135.40891249, 34.832185], [135.40873888, 34.83220307], [135.40860772, 34.83218994], [135.40764171, 34.83269661], [135.40740262, 34.83265281], [135.40728307, 34.83279614], [135.40767482, 34.83300514], [135.40767575, 34.83300534], [135.40787406, 34.83304893], [135.40804143, 34.83323604], [135.40804541, 34.83337539], [135.40798834, 34.83350072], [135.40787466, 34.8336427], [135.4085031, 34.83407857], [135.40856243, 34.83411972], [135.41050471, 34.83388658], [135.41097081, 34.83423867], [135.41032683, 34.83477051], [135.41000284, 34.83509989], [135.40986074, 34.83535544], [135.40966062, 34.83650993], [135.40941861, 34.83688926], [135.4093964, 34.8369653], [135.40940972, 34.83702963], [135.40946079, 34.83707622], [135.40951852, 34.83709396], [135.40956513, 34.83709187], [135.41042801, 34.83671273], [135.41061896, 34.83686535], [135.41078943, 34.8370016], [135.41029248, 34.83755226], [135.41027638, 34.83759739], [135.41020641, 34.83779348], [135.41020189, 34.83795597], [135.41026062, 34.83812749], [135.41043734, 34.83835395], [135.4105548, 34.83841714], [135.41063167, 34.83841552], [135.41114076, 34.83820949], [135.4111524, 34.83820819], [135.41167258, 34.83815], [135.41276809, 34.83795041], [135.41345118, 34.8379311], [135.41343829, 34.83819507], [135.41275521, 34.83865863], [135.41345118, 34.83907068], [135.41440492, 34.83887109], [135.41516534, 34.83882602], [135.41591931, 34.83887753], [135.41677387, 34.83912156], [135.41689631, 34.83914088], [135.41788872, 34.83839403], [135.41730874, 34.83814294], [135.41629008, 34.83790865], [135.41629008, 34.83729057], [135.41660585, 34.83725838], [135.41668962, 34.83692359], [135.41719871, 34.83688496], [135.41728552, 34.83646542], [135.41776883, 34.83642679], [135.41782683, 34.83558337], [135.41902545, 34.83557693], [135.41901256, 34.83513269], [135.41932338, 34.83501511], [135.42157863, 34.83491031], [135.42195888, 34.83577491], [135.42132951, 34.83867], [135.42120005, 34.84151871], [135.42249699, 34.84206611], [135.42252778, 34.84186444], [135.42262166, 34.84163778], [135.42274926, 34.8413499]]]}}, {"type": "Feature", "id": "did-1965-10", "properties": {"A16_001": "280151", "A16_002": "02815", "A16_003": "宝塚市", "A16_004": "1", "A16_005": "62545", "A16_006": "8.8", "A16_007": "37358", "A16_008": "5.6", "A16_009": "68.4", "A16_010": "8.64", "A16_011": "1965", "year": 1965, "population": 62545.0, "areaKm2": 8.8, "density": 7107.386363636363}, "geometry": {"type": "Polygon", "coordinates": [[[135.37119308, 34.774301], [135.37105084, 34.77420806], [135.37104195, 34.77421306], [135.37098584, 34.77424389], [135.37090249, 34.77432833], [135.37075445, 34.77447806], [135.37063862, 34.77459556], [135.37053565, 34.77468323], [135.37033027, 34.77485806], [135.37019027, 34.77497722], [135.36972027, 34.7752875], [135.36960806, 34.77534611], [135.36942388, 34.7754425], [135.36911999, 34.77555583], [135.36893699, 34.77561803], [135.36875138, 34.77568111], [135.36858499, 34.775735], [135.36821195, 34.7758375], [135.36795584, 34.77590777], [135.36777271, 34.77595126], [135.36742834, 34.77603306], [135.36683527, 34.77619417], [135.36642666, 34.77627444], [135.36620973, 34.7762925], [135.36550834, 34.77633417], [135.36496612, 34.77634], [135.36447945, 34.77632722], [135.36428612, 34.77632222], [135.36385027, 34.77626806], [135.36384247, 34.7762671], [135.36375862, 34.77625667], [135.36327416, 34.77611944], [135.36289473, 34.77595306], [135.36285056, 34.77593361], [135.36264138, 34.77584194], [135.36250245, 34.77578954], [135.36204112, 34.77561556], [135.36200999, 34.77560472], [135.361902, 34.77556702], [135.36121112, 34.77532583], [135.36082357, 34.77519053], [135.36053638, 34.77509027], [135.36034945, 34.775025], [135.35972027, 34.77486389], [135.35925027, 34.77476389], [135.35863916, 34.77463417], [135.35845499, 34.77458694], [135.35830184, 34.77454754], [135.35796695, 34.77446139], [135.35796249, 34.77446], [135.35794666, 34.77445556], [135.35769945, 34.77438361], [135.35760695, 34.77434333], [135.35757638, 34.77433], [135.35740228, 34.77425663], [135.35734834, 34.77423389], [135.35726556, 34.77419889], [135.35713306, 34.77412194], [135.35687499, 34.77397222], [135.35619527, 34.77354861], [135.35577223, 34.77327472], [135.3552461, 34.77293397], [135.35491916, 34.77272222], [135.35439862, 34.77241806], [135.35401195, 34.77222139], [135.35390695, 34.77216777], [135.35364666, 34.77206639], [135.35363999, 34.77208027], [135.35359056, 34.77218667], [135.35356638, 34.77223833], [135.35355138, 34.77227056], [135.35346584, 34.77245389], [135.35324888, 34.77288944], [135.35308973, 34.77316972], [135.35301027, 34.77324139], [135.35294371, 34.7732634], [135.35293806, 34.77326527], [135.35226166, 34.77329806], [135.35201749, 34.77333889], [135.35194166, 34.77335139], [135.35188777, 34.77336056], [135.35165445, 34.77339944], [135.35114834, 34.77338139], [135.35084981, 34.77338475], [135.35055789, 34.77417638], [135.3503881, 34.77437864], [135.35006157, 34.77441126], [135.34984606, 34.77432644], [135.34761999, 34.77455056], [135.34761999, 34.77455056], [135.34751862, 34.7745625], [135.34739584, 34.77455056], [135.34711362, 34.77447889], [135.34698556, 34.77444083], [135.34697916, 34.77443889], [135.34683166, 34.77439527], [135.34660027, 34.77435361], [135.34651742, 34.774356], [135.34639777, 34.77435944], [135.34635084, 34.77437056], [135.34633999, 34.77437333], [135.34621666, 34.77440277], [135.34613945, 34.77442111], [135.34602166, 34.77444917], [135.34511473, 34.77468667], [135.34481416, 34.77476527], [135.34473259, 34.77478715], [135.34568078, 34.77587597], [135.34665448, 34.77581727], [135.34678039, 34.77550698], [135.34685593, 34.77542312], [135.347049, 34.77541473], [135.34719169, 34.77548182], [135.34725045, 34.77569986], [135.34788, 34.77581727], [135.34802269, 34.77571663], [135.34818218, 34.77576695], [135.34844239, 34.7761024], [135.34872044, 34.77701616], [135.34946007, 34.7794533], [135.34994886, 34.78099934], [135.34957952, 34.78125932], [135.34883246, 34.78198053], [135.35013352, 34.78188829], [135.35115758, 34.78173733], [135.35147793, 34.78070833], [135.35225017, 34.7791401], [135.35287133, 34.77830986], [135.35407166, 34.77911494], [135.35299655, 34.78016681], [135.35275313, 34.78061128], [135.3526608, 34.78103059], [135.35259365, 34.78177697], [135.3536261, 34.78184406], [135.35359247, 34.78261307], [135.35420523, 34.78270532], [135.35406253, 34.78378715], [135.35353263, 34.78674583], [135.35296969, 34.78991276], [135.35286057, 34.79010564], [135.35236533, 34.79039916], [135.35179454, 34.79078493], [135.35086282, 34.79164871], [135.35026685, 34.79247896], [135.34930154, 34.79229446], [135.34951139, 34.79156485], [135.3504683, 34.79138874], [135.35010731, 34.78807699], [135.35173573, 34.78732222], [135.35163501, 34.78657585], [135.34992641, 34.78692127], [135.34906184, 34.78723156], [135.3487009, 34.78740767], [135.34839759, 34.78791489], [135.34732956, 34.7906452], [135.34661607, 34.79197023], [135.34633907, 34.79316947], [135.34523107, 34.79187798], [135.34468547, 34.79177735], [135.34349825, 34.79032358], [135.34226434, 34.79028165], [135.34418757, 34.79258349], [135.34390218, 34.79286023], [135.34349088, 34.79249962], [135.34286133, 34.79283507], [135.34178691, 34.79181195], [135.34092652, 34.7911495], [135.33944919, 34.79197974], [135.3388784, 34.79324607], [135.34000404, 34.79398814], [135.33955916, 34.79486031], [135.33973544, 34.79500288], [135.34019768, 34.79709462], [135.34128889, 34.79723719], [135.34393468, 34.79805505], [135.34391789, 34.79935492], [135.34134095, 34.79884336], [135.34117286, 34.80022463], [135.34061046, 34.80009884], [135.34053492, 34.8005517], [135.34230604, 34.80171739], [135.34424681, 34.80282802], [135.34407054, 34.80324734], [135.34276948, 34.80313832], [135.34182935, 34.80493298], [135.34308005, 34.80524327], [135.34406214, 34.80373374], [135.34480081, 34.8039434], [135.34374317, 34.80490782], [135.34321716, 34.80586515], [135.34247703, 34.80735343], [135.34061816, 34.80700754], [135.34015045, 34.80651689], [135.33961258, 34.80593279], [135.33924777, 34.80620849], [135.34041764, 34.80756542], [135.3414802, 34.80847347], [135.34147138, 34.80861622], [135.33978348, 34.80992264], [135.33907477, 34.81050571], [135.33926157, 34.81094563], [135.33785916, 34.81164097], [135.33641144, 34.81242083], [135.33539701, 34.81314931], [135.33747991, 34.81443798], [135.33913674, 34.8155477], [135.3401562, 34.81630666], [135.34016923, 34.81636394], [135.34014838, 34.8164056], [135.34008844, 34.81642904], [135.34003523, 34.81643355], [135.33949437, 34.8163064], [135.33937772, 34.81668784], [135.33897473, 34.81696332], [135.33904893, 34.81710228], [135.33843383, 34.81746252], [135.34130251, 34.81738305], [135.34347389, 34.81742016], [135.34466945, 34.81752087], [135.34465355, 34.81778575], [135.34434081, 34.81838592], [135.34488697, 34.81856605], [135.34514679, 34.81897927], [135.34561872, 34.81868259], [135.34577277, 34.81743581], [135.34609131, 34.81640021], [135.34618213, 34.81624945], [135.34634651, 34.81613291], [135.34665406, 34.81603755], [135.3469457, 34.81594749], [135.34593795, 34.81512454], [135.34585311, 34.81486495], [135.34584781, 34.81451531], [135.34587963, 34.81438816], [135.34613516, 34.814116], [135.34674496, 34.81375576], [135.34717976, 34.81363921], [135.34758276, 34.81363391], [135.34801756, 34.81374516], [135.34881021, 34.81413283], [135.34956847, 34.81471558], [135.35020604, 34.81513449], [135.3508016, 34.81397063], [135.35150896, 34.81232486], [135.35305099, 34.81253997], [135.35340067, 34.81361895], [135.35311098, 34.81408221], [135.35269747, 34.81521416], [135.35246076, 34.81523293], [135.35228793, 34.81576973], [135.35313818, 34.81582592], [135.35415355, 34.81484488], [135.35414695, 34.81520139], [135.35429724, 34.81520139], [135.35483828, 34.81480348], [135.3549773, 34.81434551], [135.35504869, 34.81427044], [135.35517268, 34.81422915], [135.35591728, 34.81421063], [135.35601121, 34.81429697], [135.35576759, 34.81505657], [135.3558169, 34.81509411], [135.35597893, 34.81501434], [135.35606349, 34.81509977], [135.355256, 34.81652233], [135.35540412, 34.81661303], [135.35557613, 34.81636479], [135.35598227, 34.81594471], [135.35646963, 34.81562965], [135.3575417, 34.81523567], [135.35632328, 34.81407844], [135.35644273, 34.81381111], [135.35660519, 34.81354378], [135.35681542, 34.81336238], [135.35707344, 34.81329078], [135.3573649, 34.81327646], [135.35776148, 34.81331465], [135.35809116, 34.81338148], [135.35846966, 34.81361615], [135.35957404, 34.81477245], [135.36044186, 34.81560609], [135.36029412, 34.81597949], [135.36094595, 34.81623101], [135.36108679, 34.81599829], [135.36220811, 34.81653409], [135.36209432, 34.81709908], [135.36169346, 34.8172452], [135.36166096, 34.81784053], [135.3609241, 34.81837241], [135.36100535, 34.81892444], [135.36118412, 34.81905314], [135.36400852, 34.81957023], [135.36442901, 34.81961399], [135.36477066, 34.81958774], [135.36496339, 34.81952647], [135.36529628, 34.81923765], [135.36605108, 34.82004495], [135.36485093, 34.82133153], [135.36407126, 34.8219792], [135.36447423, 34.82205797], [135.36486845, 34.82208423], [135.36526266, 34.82196169], [135.36552546, 34.8217779], [135.36604232, 34.82123526], [135.36689286, 34.82009614], [135.36747979, 34.82022742], [135.36807549, 34.81958851], [135.3698289, 34.82049171], [135.36898792, 34.82166451], [135.36853239, 34.82165576], [135.36822578, 34.82237345], [135.3689266, 34.82233844], [135.36896164, 34.82260976], [135.36916313, 34.82277605], [135.3698289, 34.82228592], [135.37159466, 34.82281403], [135.37166539, 34.82301187], [135.37175026, 34.82310138], [135.37185398, 34.82313435], [135.37193885, 34.82313435], [135.37206615, 34.82305898], [135.37244806, 34.82258792], [135.37225926, 34.82038827], [135.37468534, 34.82041171], [135.37551701, 34.82103989], [135.37600735, 34.82127542], [135.37637511, 34.82137905], [135.37756821, 34.81954924], [135.37761988, 34.81824139], [135.37587537, 34.81817073], [135.37598398, 34.81690919], [135.37717213, 34.81682911], [135.37723814, 34.81623087], [135.37542905, 34.81636271], [135.37230055, 34.81668754], [135.37200351, 34.81633424], [135.37171119, 34.81578311], [135.37157433, 34.8149421], [135.37159319, 34.81412717], [135.37175373, 34.8133848], [135.37183867, 34.81289322], [135.37136014, 34.81321024], [135.37074721, 34.81358709], [135.36992211, 34.8138603], [135.36946005, 34.81390741], [135.36918659, 34.81244242], [135.36883232, 34.81132783], [135.36822287, 34.81112182], [135.36774667, 34.81032103], [135.36815686, 34.81011376], [135.36828888, 34.80985468], [135.36771213, 34.80978728], [135.3675141, 34.80969778], [135.36726893, 34.80917019], [135.36711334, 34.80915606], [135.36660413, 34.80915135], [135.3661515, 34.80927854], [135.36550588, 34.80894146], [135.36619897, 34.80847041], [135.36678833, 34.80793811], [135.36710784, 34.80751021], [135.36724235, 34.8071944], [135.36723563, 34.80675765], [135.36714147, 34.80628058], [135.36774647, 34.80501403], [135.3683114, 34.80508122], [135.36808274, 34.80457055], [135.36780027, 34.80401286], [135.36752307, 34.80376837], [135.36715317, 34.80355335], [135.36679673, 34.803466], [135.36623179, 34.80344584], [135.36576101, 34.803466], [135.3655996, 34.80303597], [135.36416394, 34.80412118], [135.3630139, 34.80495437], [135.36207724, 34.80542587], [135.36211086, 34.80653782], [135.36219829, 34.80692082], [135.36237336, 34.80785788], [135.36232628, 34.80797211], [135.3615987, 34.80858517], [135.36107412, 34.80941164], [135.36102704, 34.80957291], [135.35992407, 34.80934445], [135.35834677, 34.80920786], [135.35770786, 34.80861656], [135.35644348, 34.80879798], [135.35574404, 34.80881814], [135.35453883, 34.80788723], [135.3544514, 34.80681887], [135.35338062, 34.80687041], [135.35266772, 34.80503605], [135.35336044, 34.804774], [135.35460808, 34.8045641], [135.35606749, 34.80396608], [135.35828356, 34.80360932], [135.35971218, 34.80232189], [135.36042507, 34.8018045], [135.36128592, 34.80129384], [135.36210855, 34.80053668], [135.36360159, 34.79948847], [135.3648082, 34.79865166], [135.36581029, 34.79783191], [135.36705653, 34.7968001], [135.36782322, 34.7961013], [135.36809941, 34.79518265], [135.36871143, 34.79387239], [135.36954623, 34.79240336], [135.36980786, 34.79201957], [135.37039364, 34.79116029], [135.37118776, 34.7900692], [135.37164569, 34.7888826], [135.37219718, 34.78823755], [135.3725471, 34.78777242], [135.37315247, 34.78550422], [135.37233869, 34.78494653], [135.37211868, 34.78482303], [135.37082129, 34.78409482], [135.37074534, 34.78411182], [135.37006208, 34.78822588], [135.36999399, 34.78828206], [135.36895074, 34.78794057], [135.36771443, 34.78764344], [135.36753174, 34.78756279], [135.367502, 34.7875161], [135.36745952, 34.78724869], [135.36720461, 34.78719776], [135.36677551, 34.78718502], [135.36680961, 34.78837925], [135.36705603, 34.78848961], [135.3671325, 34.78859148], [135.36713675, 34.78875278], [135.36708549, 34.78899284], [135.36698777, 34.78913291], [135.36657142, 34.78938335], [135.36583095, 34.78974996], [135.36657869, 34.79009377], [135.36743935, 34.79035272], [135.36769426, 34.79008955], [135.36805963, 34.79003437], [135.36837402, 34.79008106], [135.36874365, 34.7902084], [135.3689073, 34.79028328], [135.36718485, 34.79269762], [135.36646889, 34.7939171], [135.36520837, 34.79497061], [135.36338069, 34.79679197], [135.3625586, 34.79601067], [135.36159527, 34.7960588], [135.36194811, 34.79336068], [135.36206304, 34.79272507], [135.35975436, 34.79272336], [135.35970163, 34.79393605], [135.35894888, 34.79395123], [135.35886977, 34.79390563], [135.35878153, 34.79383875], [135.35872068, 34.79381139], [135.35867199, 34.79381139], [135.3586081, 34.79386611], [135.35855941, 34.79391779], [135.35852899, 34.79397555], [135.35826711, 34.79380313], [135.35825473, 34.79450826], [135.35753038, 34.79448971], [135.35754276, 34.79400106], [135.35670079, 34.79395777], [135.35665126, 34.7941124], [135.35545639, 34.79397014], [135.35540679, 34.79235222], [135.35501056, 34.79230892], [135.35500427, 34.79039992], [135.35426135, 34.79005354], [135.35442223, 34.78903032], [135.35367312, 34.78925917], [135.35371646, 34.78850456], [135.35456463, 34.78835611], [135.35523899, 34.7850969], [135.35641816, 34.78511093], [135.3564322, 34.78586828], [135.3570639, 34.7859945], [135.35702881, 34.78643629], [135.3579279, 34.78658023], [135.3580881, 34.78628015], [135.35931957, 34.78622013], [135.3595999, 34.78522985], [135.36033078, 34.78518984], [135.36050098, 34.78401951], [135.3642413, 34.78390981], [135.36426132, 34.7856503], [135.36401102, 34.78603041], [135.363991, 34.78639051], [135.36531258, 34.78676062], [135.3652026, 34.78327466], [135.36642406, 34.78319463], [135.36722584, 34.7789281], [135.36760481, 34.77702853], [135.36875229, 34.77663409], [135.36959362, 34.77620306], [135.36972084, 34.77610333], [135.36974556, 34.77608389], [135.36980973, 34.77603694], [135.36997612, 34.77591556], [135.37005695, 34.77585639], [135.37030056, 34.77567861], [135.37037473, 34.77562444], [135.37038056, 34.77561889], [135.37053584, 34.77547417], [135.37060166, 34.77541277], [135.37070368, 34.77531761], [135.37076306, 34.77526222], [135.37083695, 34.77519333], [135.37099166, 34.77504944], [135.37103268, 34.77501105], [135.37106584, 34.77498], [135.37119195, 34.77486277], [135.37126584, 34.77479361], [135.37137584, 34.77469083], [135.37138612, 34.77466917], [135.37145556, 34.77452389], [135.37143388, 34.77445861], [135.37120473, 34.77430861], [135.37119308, 34.774301]]]}}, {"type": "Feature", "id": "did-1965-15", "properties": {"A16_001": "280161", "A16_002": "02816", "A16_003": "三木市", "A16_004": "1", "A16_005": "11472", "A16_006": "1.2", "A16_007": "14230", "A16_008": "2.2", "A16_009": "29.8", "A16_010": "1.0", "A16_011": "1965", "year": 1965, "population": 11472.0, "areaKm2": 1.2, "density": 9560.0}, "geometry": {"type": "Polygon", "coordinates": [[[134.97420183, 34.79067731], [134.97366611, 34.79232489], [134.97349313, 34.79252915], [134.97289557, 34.79314192], [134.97344066, 34.79374842], [134.97387049, 34.79369605], [134.97395436, 34.79408361], [134.97415355, 34.79443452], [134.97527598, 34.79565304], [134.97571674, 34.79800765], [134.97456222, 34.79819172], [134.97378119, 34.79854786], [134.97469864, 34.8006092], [134.9763865, 34.8001745], [134.97693259, 34.8010412], [134.97745677, 34.80087884], [134.97795474, 34.80147066], [134.97933563, 34.80065336], [134.97928845, 34.80043339], [134.98065858, 34.79997132], [134.98003947, 34.79867984], [134.97815242, 34.79834465], [134.9782258, 34.79749096], [134.98205341, 34.79825067], [134.98188567, 34.79931386], [134.98235257, 34.7996408], [134.98126828, 34.80155415], [134.98202759, 34.80329663], [134.9835748, 34.8027206], [134.98372776, 34.80257953], [134.98409838, 34.80210341], [134.98428823, 34.80172398], [134.98437927, 34.8014883], [134.984371, 34.80126916], [134.98428823, 34.80097974], [134.98416409, 34.80081435], [134.98369609, 34.80050332], [134.98454113, 34.79950876], [134.9875142, 34.80087421], [134.98882191, 34.80162549], [134.98967092, 34.80371572], [134.99059712, 34.80361732], [134.99119023, 34.80530184], [134.99200795, 34.80643834], [134.99278374, 34.80613981], [134.9923644, 34.80536468], [134.99164616, 34.80286817], [134.99120572, 34.80096361], [134.99273761, 34.80057938], [134.99400088, 34.80041702], [134.99366596, 34.79813438], [134.99253374, 34.79835959], [134.98655785, 34.79996007], [134.98621713, 34.79765118], [134.98804651, 34.79752025], [134.98778967, 34.79698604], [134.98713968, 34.79699651], [134.98602219, 34.79588818], [134.98595405, 34.79531207], [134.9856647, 34.79501043], [134.98555986, 34.79485331], [134.98553365, 34.79472761], [134.9861578, 34.79298574], [134.9855183, 34.79311667], [134.98538201, 34.79257199], [134.98519331, 34.79269245], [134.9850046, 34.79292813], [134.98436461, 34.79414589], [134.98420735, 34.79429254], [134.98405534, 34.79438157], [134.9838247, 34.79439205], [134.98357309, 34.79436586], [134.98343681, 34.79429778], [134.98329004, 34.79415637], [134.98316947, 34.79404638], [134.98309085, 34.79392069], [134.98309085, 34.79369548], [134.98309103, 34.79322699], [134.98321683, 34.79288132], [134.98374625, 34.79211143], [134.98348364, 34.7918116], [134.9831901, 34.79209442], [134.98255584, 34.79219917], [134.98243858, 34.79243555], [134.98169948, 34.79252982], [134.98145836, 34.79223129], [134.98123821, 34.79232556], [134.98099708, 34.79271836], [134.98070708, 34.79289188], [134.9804083, 34.79293902], [134.98003613, 34.79300187], [134.9792624, 34.79296519], [134.97879588, 34.79288663], [134.97838178, 34.79262999], [134.97749591, 34.79210626], [134.97711115, 34.79188489], [134.97677044, 34.79179061], [134.97634585, 34.79179061], [134.97590554, 34.7919006], [134.97563296, 34.79205248], [134.9753237, 34.79231435], [134.9751612, 34.79256051], [134.97449025, 34.79255527], [134.97464226, 34.79205772], [134.97436445, 34.79205772], [134.9746369, 34.79073493], [134.97420183, 34.79067731]]]}}, {"type": "Feature", "id": "did-1965-16", "properties": {"A16_001": "280082", "A16_002": "00288", "A16_003": "伊丹市", "A16_004": "2", "A16_005": "8526", "A16_006": "1.0", "A16_007": "0", "A16_008": "0.0", "A16_009": "7.0", "A16_010": "3.98", "A16_011": "1965", "year": 1965, "population": 8526.0, "areaKm2": 1.0, "density": 8526.0}, "geometry": {"type": "Polygon", "coordinates": [[[135.40130267, 34.8058816], [135.40132111, 34.80581194], [135.40138139, 34.80569306], [135.40145111, 34.80555556], [135.4016825, 34.80511722], [135.40173528, 34.80501528], [135.40177945, 34.80492972], [135.40195139, 34.80459806], [135.40199166, 34.80452028], [135.40225431, 34.80401304], [135.40231889, 34.80388833], [135.40235383, 34.80381619], [135.40239666, 34.80372778], [135.40241305, 34.80369417], [135.4025675, 34.80337556], [135.40258166, 34.80334611], [135.4026275, 34.80325194], [135.4026625, 34.80318], [135.40278889, 34.80291917], [135.40293063, 34.80262513], [135.4030275, 34.80242417], [135.403085, 34.80232556], [135.40311639, 34.80227194], [135.40317084, 34.80217861], [135.40318428, 34.80215553], [135.40320805, 34.80211473], [135.40325139, 34.80204056], [135.40328611, 34.80198083], [135.40332945, 34.80190667], [135.40339639, 34.80179194], [135.40346861, 34.80164861], [135.40350639, 34.80157723], [135.40370722, 34.80119528], [135.40378916, 34.80105417], [135.40381305, 34.80101333], [135.40387361, 34.80090917], [135.40390972, 34.80078389], [135.40402555, 34.80061083], [135.404105, 34.80048556], [135.40421334, 34.80044389], [135.40447361, 34.80043194], [135.40480611, 34.80047973], [135.40496945, 34.80056556], [135.40503342, 34.80059923], [135.40503384, 34.80059945], [135.40503429, 34.80059969], [135.40509611, 34.80063222], [135.405305, 34.80074222], [135.40542805, 34.80087333], [135.405645, 34.80097473], [135.4059775, 34.80104056], [135.40615834, 34.80105833], [135.40630305, 34.80111194], [135.40667916, 34.80113583], [135.40680584, 34.80114278], [135.40712, 34.80115972], [135.40727889, 34.80117778], [135.40756834, 34.8012075], [135.40768389, 34.80123722], [135.40777611, 34.80125639], [135.408315, 34.80136944], [135.40843778, 34.801395], [135.40860945, 34.80143111], [135.40869916, 34.80145528], [135.40900723, 34.80153861], [135.40933195, 34.80158333], [135.40944111, 34.80159833], [135.40990361, 34.80169361], [135.41006722, 34.80167861], [135.41010627, 34.80167502], [135.41017181, 34.80106804], [135.41030607, 34.80085563], [135.41035081, 34.80057616], [135.41047388, 34.79973773], [135.41067526, 34.79936882], [135.41084307, 34.79914524], [135.41388765, 34.7991452], [135.41377889, 34.79871052], [135.41373934, 34.79818692], [135.41369521, 34.79738792], [135.41352753, 34.79698304], [135.41280094, 34.79599174], [135.41222808, 34.79536347], [135.41168314, 34.79516801], [135.41116615, 34.79512611], [135.41083081, 34.79512611], [135.40976889, 34.79550308], [135.40928907, 34.7954782], [135.40857447, 34.7952804], [135.40856957, 34.79655576], [135.4067004, 34.79565662], [135.40655765, 34.79543417], [135.4065249, 34.79512886], [135.40655747, 34.79452638], [135.40661204, 34.79421017], [135.40680847, 34.79355594], [135.40596822, 34.79327243], [135.40540485, 34.79396427], [135.40497883, 34.79429381], [135.40430545, 34.79469204], [135.40404435, 34.79495295], [135.40333459, 34.79602664], [135.40302598, 34.79642171], [135.40237988, 34.7970866], [135.40221591, 34.79796428], [135.40011815, 34.79775327], [135.39864631, 34.79749452], [135.3978831, 34.79722217], [135.39622042, 34.79652766], [135.39584904, 34.79777251], [135.39640761, 34.79821516], [135.39642686, 34.79898499], [135.39973965, 34.79946611], [135.39925035, 34.79985655], [135.39937679, 34.80013586], [135.39908394, 34.80133957], [135.39754232, 34.8009413], [135.3982811, 34.80313842], [135.39736666, 34.80345206], [135.39718225, 34.80345206], [135.39693919, 34.80338505], [135.39657879, 34.80316729], [135.39629382, 34.80335992], [135.39652851, 34.80415555], [135.3962603, 34.80434818], [135.39661231, 34.80512707], [135.39787945, 34.8047522], [135.39854158, 34.80467682], [135.39892714, 34.80471871], [135.39918696, 34.80529658], [135.40130267, 34.8058816]]]}}, {"type": "Feature", "id": "did-1965-17", "properties": {"A16_001": "280081", "A16_002": "00288", "A16_003": "伊丹市", "A16_004": "1", "A16_005": "87379", "A16_006": "10.3", "A16_007": "49118", "A16_008": "4.6", "A16_009": "72.0", "A16_010": "41.04", "A16_011": "1965", "year": 1965, "population": 87379.0, "areaKm2": 10.3, "density": 8483.398058252427}, "geometry": {"type": "Polygon", "coordinates": [[[135.41944057, 34.76354067], [135.41895372, 34.76325008], [135.41894723, 34.763105], [135.41894195, 34.76298917], [135.41893528, 34.7628375], [135.41892834, 34.76278667], [135.41889889, 34.76256917], [135.41878889, 34.76257194], [135.41866028, 34.762575], [135.41850139, 34.76256611], [135.41815889, 34.76259333], [135.41812555, 34.76259583], [135.41759195, 34.7626125], [135.41754695, 34.76261389], [135.41714139, 34.76261083], [135.41681195, 34.76260861], [135.41676555, 34.76260806], [135.41670834, 34.76260778], [135.41657084, 34.76259], [135.41644778, 34.7625125], [135.41634129, 34.76249982], [135.41629611, 34.76249444], [135.41622361, 34.76245889], [135.41620916, 34.76238111], [135.4161996, 34.76223785], [135.41619666, 34.76219389], [135.41619472, 34.76216694], [135.41619472, 34.76216639], [135.4162, 34.76212056], [135.41620856, 34.76204856], [135.41622361, 34.76192194], [135.41624555, 34.76171306], [135.41623361, 34.76159222], [135.41622861, 34.76154111], [135.41622527, 34.76150667], [135.41621666, 34.761415], [135.41621305, 34.76138444], [135.41618778, 34.76117639], [135.41615972, 34.76092667], [135.41615611, 34.76089444], [135.41615195, 34.76085889], [135.41614445, 34.76079167], [135.41607945, 34.76055306], [135.4160545, 34.760342], [135.41605055, 34.76030861], [135.41604334, 34.76015944], [135.41585666, 34.76000028], [135.41584305, 34.75998861], [135.41583361, 34.75998056], [135.41577037, 34.75996791], [135.41567666, 34.75994917], [135.41562389, 34.75993861], [135.41556291, 34.75991066], [135.41549361, 34.75987889], [135.41533445, 34.75986694], [135.41538166, 34.75983083], [135.41544305, 34.75978361], [135.41546972, 34.75973472], [135.41550805, 34.75966417], [135.41555628, 34.75959484], [135.41567945, 34.75941778], [135.415765, 34.75929513], [135.41579028, 34.75925889], [135.416195, 34.75887111], [135.41657111, 34.75850139], [135.41670805, 34.75832111], [135.41686166, 34.75811861], [135.41694722, 34.75800611], [135.41696889, 34.75789278], [135.41690139, 34.75783083], [135.41678084, 34.75771972], [135.41665778, 34.75767222], [135.41650139, 34.75760083], [135.4164625, 34.75758333], [135.41644805, 34.75757667], [135.41641916, 34.75751111], [135.41644084, 34.75704611], [135.41641916, 34.75690278], [135.41638305, 34.7568075], [135.41629639, 34.75678944], [135.41619305, 34.75678889], [135.416155, 34.75678861], [135.41580417, 34.75678623], [135.41575581, 34.75678591], [135.41570416, 34.75678556], [135.41548916, 34.75678417], [135.41544445, 34.75678389], [135.41539277, 34.75678361], [135.4152625, 34.75687306], [135.4152606, 34.7568879], [135.41522111, 34.75719639], [135.41521445, 34.75724806], [135.41520889, 34.75729167], [135.4151975, 34.75737972], [135.41506, 34.75757667], [135.41493722, 34.75770194], [135.4146625, 34.75807167], [135.41451778, 34.75831639], [135.41449722, 34.75836222], [135.41441639, 34.75854306], [135.41438834, 34.75863083], [135.41436939, 34.75869041], [135.41434416, 34.75876972], [135.41434223, 34.75885889], [135.41434111, 34.75891889], [135.41433972, 34.75897944], [135.41433695, 34.75910972], [135.41431973, 34.75913083], [135.41422861, 34.75924111], [135.41408695, 34.75928139], [135.41406, 34.75928917], [135.41399584, 34.75930722], [135.4138525, 34.75934806], [135.41313666, 34.75938389], [135.41299916, 34.75952694], [135.41278139, 34.75970944], [135.41276805, 34.75972083], [135.41273334, 34.75974972], [135.41258148, 34.75987723], [135.41256528, 34.75989083], [135.41241472, 34.75994472], [135.41240778, 34.75994667], [135.41214086, 34.76001641], [135.41211861, 34.76002222], [135.41203834, 34.7600275], [135.4118525, 34.76003944], [135.41183315, 34.76004069], [135.41165889, 34.76005194], [135.41165584, 34.76005223], [135.41111334, 34.76010583], [135.41105361, 34.76018528], [135.41098334, 34.76027889], [135.41092305, 34.76035583], [135.41091807, 34.7603622], [135.41083861, 34.76046389], [135.41073666, 34.76062806], [135.41071611, 34.76066111], [135.41069473, 34.76069528], [135.41054945, 34.76092917], [135.41044084, 34.76107833], [135.41035445, 34.76104667], [135.41032055, 34.76103444], [135.41028222, 34.76102028], [135.41018778, 34.76098583], [135.40971084, 34.76081861], [135.40949166, 34.76076973], [135.40944945, 34.76076028], [135.40944605, 34.76075952], [135.40940584, 34.76075056], [135.40928416, 34.76072333], [135.40895166, 34.76066944], [135.40855389, 34.76065778], [135.40841195, 34.76073083], [135.40836222, 34.76075639], [135.40831139, 34.76078278], [135.40820666, 34.76083667], [135.40793805, 34.76084278], [135.40788537, 34.76084392], [135.40767465, 34.76084849], [135.40767465, 34.76084849], [135.40755941, 34.76198956], [135.40729572, 34.76197118], [135.40700156, 34.76338498], [135.40798275, 34.7643714], [135.40766967, 34.76499213], [135.40642224, 34.76511018], [135.40620148, 34.76512243], [135.40607883, 34.76518982], [135.40606043, 34.76524497], [135.40608496, 34.76528785], [135.40646517, 34.76557581], [135.40655103, 34.76566772], [135.40655716, 34.76570448], [135.40651423, 34.76585765], [135.40636705, 34.76598631], [135.40607883, 34.7662804], [135.40597458, 34.76645195], [135.40595005, 34.76682569], [135.40582642, 34.76708637], [135.40509666, 34.76790124], [135.40445888, 34.76880801], [135.40424206, 34.76932568], [135.40408262, 34.76971779], [135.40383119, 34.76998737], [135.40346324, 34.77016505], [135.40332833, 34.77020181], [135.40315049, 34.77019569], [135.40297265, 34.76998737], [135.40263536, 34.76935631], [135.40246309, 34.76852095], [135.40237111, 34.76800017], [135.40230978, 34.76797566], [135.40218713, 34.76798792], [135.4019725, 34.76812883], [135.40162908, 34.76856997], [135.40144492, 34.76894082], [135.40107084, 34.76894082], [135.40075196, 34.7698047], [135.4013652, 34.77000689], [135.40135289, 34.77021428], [135.40192316, 34.77026297], [135.40194753, 34.77034575], [135.40202551, 34.77042854], [135.40211812, 34.77050645], [135.4023472, 34.77056976], [135.40256166, 34.77073532], [135.40219831, 34.77096575], [135.4004628, 34.77179803], [135.39995702, 34.77140171], [135.3994314, 34.77106483], [135.39906447, 34.77117382], [135.39865786, 34.77123327], [135.39817192, 34.77124318], [135.39805291, 34.77196647], [135.39783418, 34.77233584], [135.397616, 34.77253401], [135.39706063, 34.77282134], [135.39805236, 34.77266281], [135.39817136, 34.77267272], [135.3983102, 34.77295015], [135.39851847, 34.77321767], [135.39881669, 34.77348675], [135.39923653, 34.77371543], [135.39827405, 34.7737852], [135.39821206, 34.77417611], [135.39756512, 34.77414901], [135.39726929, 34.7738868], [135.39711952, 34.77402855], [135.39706435, 34.7743278], [135.39652047, 34.77428055], [135.39609452, 34.77570183], [135.39774387, 34.77635807], [135.39861092, 34.77659432], [135.39926514, 34.77669669], [135.39944643, 34.77676757], [135.39998243, 34.77727157], [135.39887103, 34.7787127], [135.39420809, 34.77768693], [135.39065636, 34.7768204], [135.3875744, 34.77630065], [135.38733015, 34.77727408], [135.38636063, 34.77734496], [135.38677839, 34.77888846], [135.3880159, 34.77821908], [135.39019928, 34.77723471], [135.39051457, 34.77755758], [135.39060911, 34.77952059], [135.39078275, 34.7805234], [135.39034134, 34.78059427], [135.39010488, 34.78182278], [135.39008123, 34.78224229], [135.39014429, 34.7827148], [135.39019946, 34.78307705], [135.39042078, 34.78367136], [135.39046019, 34.78397849], [135.39038925, 34.78409662], [135.39016066, 34.78430924], [135.38969561, 34.78461637], [135.38926015, 34.78379409], [135.38883451, 34.78314047], [135.38849557, 34.78288847], [135.38842463, 34.78277822], [135.38846343, 34.7822404], [135.38737568, 34.7818939], [135.38725674, 34.78257621], [135.38667346, 34.78252108], [135.38433243, 34.78277308], [135.38420665, 34.78536781], [135.38520769, 34.78548594], [135.38523134, 34.78505281], [135.38703892, 34.78542441], [135.38736209, 34.78555041], [135.38763797, 34.78578666], [135.38777985, 34.78599929], [135.38791385, 34.78644029], [135.3880242, 34.78678679], [135.38973464, 34.78702304], [135.38984499, 34.78693642], [135.39059859, 34.78696004], [135.39135528, 34.78777905], [135.39180457, 34.78732229], [135.39256914, 34.7877948], [135.39473691, 34.78683491], [135.39391614, 34.78566666], [135.39655763, 34.78227115], [135.39768197, 34.7830364], [135.39916041, 34.78098973], [135.40060097, 34.78160755], [135.4021191, 34.77938313], [135.40001798, 34.77821769], [135.40078394, 34.77738924], [135.40176378, 34.77659929], [135.40070971, 34.77647292], [135.40146161, 34.77571468], [135.40437788, 34.77546193], [135.40353462, 34.77631144], [135.40547116, 34.77623919], [135.40559062, 34.77582497], [135.40630036, 34.77510885], [135.40696794, 34.77503865], [135.40758633, 34.77506673], [135.40755119, 34.77638662], [135.40703057, 34.77749251], [135.40618731, 34.77723976], [135.40593311, 34.77743968], [135.40537797, 34.77786092], [135.40485093, 34.77859107], [135.40437252, 34.77916991], [135.40494172, 34.77940159], [135.40508929, 34.77953499], [135.40514551, 34.77977369], [135.40522983, 34.78015281], [135.40593958, 34.78032833], [135.4062558, 34.78044066], [135.40443577, 34.7808619], [135.40302007, 34.78122444], [135.40220492, 34.78234073], [135.40213465, 34.78281112], [135.40151484, 34.78381211], [135.40077699, 34.7832996], [135.40051698, 34.78330662], [135.40029914, 34.78344001], [135.39956832, 34.78406486], [135.3989429, 34.78478799], [135.39797953, 34.78618937], [135.39863305, 34.78694761], [135.40008907, 34.78811652], [135.4002015, 34.78828501], [135.40030691, 34.78887475], [135.40039826, 34.78927493], [135.40081286, 34.78895198], [135.40226305, 34.79014043], [135.4022323, 34.79053535], [135.40286914, 34.7906626], [135.4028911, 34.79054413], [135.40293502, 34.79045637], [135.40300529, 34.79043443], [135.4033586, 34.79042505], [135.40526311, 34.78898546], [135.4065297, 34.78996459], [135.40824726, 34.79132531], [135.40856676, 34.79295267], [135.41038817, 34.79299026], [135.41299757, 34.79304021], [135.41363066, 34.79127939], [135.41521805, 34.79230771], [135.41553129, 34.79248297], [135.41579441, 34.7925393], [135.4164021, 34.79257686], [135.41618742, 34.79309678], [135.41553984, 34.79478502], [135.41614234, 34.79479994], [135.41620707, 34.79491436], [135.41601781, 34.79567698], [135.41586802, 34.79669002], [135.41540495, 34.79757552], [135.41485162, 34.79829512], [135.41525992, 34.79842944], [135.41524499, 34.79864833], [135.41495619, 34.79901646], [135.41493627, 34.7992453], [135.41692033, 34.79936978], [135.41694129, 34.79885064], [135.41752885, 34.79873125], [135.41806661, 34.79854221], [135.41839026, 34.79836809], [135.41789234, 34.79835814], [135.41780809, 34.79823464], [135.41844627, 34.79706043], [135.4185874, 34.79654719], [135.41859292, 34.79623473], [135.41851954, 34.79582865], [135.4183897, 34.79551845], [135.4182147, 34.79528157], [135.41780755, 34.79489124], [135.41820956, 34.79409942], [135.41914509, 34.79345453], [135.41977334, 34.79383192], [135.41965813, 34.79333957], [135.41927413, 34.79255948], [135.41910749, 34.79173255], [135.41911545, 34.78915003], [135.42023834, 34.78924124], [135.42110562, 34.78940542], [135.42039359, 34.79397181], [135.42043923, 34.79418159], [135.42147288, 34.79508595], [135.42175589, 34.79443837], [135.42244058, 34.79503123], [135.42285139, 34.79525013], [135.42352022, 34.79355357], [135.42379451, 34.79246361], [135.424041, 34.79189812], [135.42439704, 34.79126878], [135.42456164, 34.79044422], [135.42493593, 34.78936796], [135.42528386, 34.78822247], [135.42538428, 34.78709148], [135.42795872, 34.78673577], [135.42881889, 34.78658776], [135.42850508, 34.78748274], [135.42806003, 34.78815541], [135.42768266, 34.78853987], [135.4273175, 34.78909852], [135.42703791, 34.78961727], [135.42698585, 34.78983849], [135.42639816, 34.78984419], [135.42692311, 34.79139762], [135.42689458, 34.79181946], [135.4268204, 34.7922869], [135.42684326, 34.79299108], [135.42687749, 34.79351553], [135.42701443, 34.79383476], [135.42738011, 34.79469346], [135.42682666, 34.7951381], [135.42679242, 34.79520651], [135.42682095, 34.79546873], [135.42695218, 34.79576516], [135.42720963, 34.79614924], [135.42759762, 34.79655398], [135.42796279, 34.7968048], [135.42855619, 34.79707843], [135.43080643, 34.79559965], [135.43230876, 34.79604141], [135.43407472, 34.79659306], [135.43463139, 34.7960025], [135.43484055, 34.79578194], [135.43538334, 34.79520944], [135.43569334, 34.79489833], [135.43603722, 34.79455333], [135.43618584, 34.79440417], [135.43636028, 34.79421806], [135.43643166, 34.79414167], [135.43701028, 34.79354806], [135.4376668, 34.79285108], [135.43774055, 34.79277278], [135.437895, 34.79261472], [135.43797166, 34.79253583], [135.43814305, 34.79236028], [135.43818889, 34.79231333], [135.43838834, 34.7920975], [135.43847805, 34.79200028], [135.438695, 34.79189278], [135.4387975, 34.79188611], [135.43916722, 34.79186194], [135.43960584, 34.79183333], [135.44058223, 34.79177361], [135.44068555, 34.79179473], [135.44070305, 34.79179833], [135.44085278, 34.79182889], [135.44105334, 34.79187], [135.44114334, 34.79188833], [135.441265, 34.79191333], [135.441515, 34.79196444], [135.44160889, 34.79195861], [135.44170305, 34.79180944], [135.44242611, 34.79123389], [135.44267195, 34.79121], [135.4427875, 34.79117444], [135.44279472, 34.79106694], [135.44275861, 34.79101917], [135.44266472, 34.79098944], [135.44245445, 34.79093667], [135.44225555, 34.79088667], [135.44206334, 34.79083833], [135.44190389, 34.79079833], [135.44183305, 34.79078056], [135.44168416, 34.79077611], [135.44143528, 34.79076861], [135.44127639, 34.79069723], [135.44137028, 34.79059583], [135.44143639, 34.7905625], [135.44159445, 34.79048222], [135.44180472, 34.79041583], [135.44200805, 34.79035139], [135.44204389, 34.79034], [135.44221639, 34.79028556], [135.44233195, 34.79013028], [135.44256334, 34.79005278], [135.44270805, 34.790005], [135.44273695, 34.78989167], [135.44268639, 34.78983222], [135.44247666, 34.7897725], [135.44236834, 34.78970694], [135.44232472, 34.7896175], [135.44287445, 34.78931333], [135.44238722, 34.78933778], [135.44227416, 34.78934333], [135.44215861, 34.78933139], [135.44208611, 34.78935528], [135.44204278, 34.78953972], [135.44194555, 34.78963917], [135.44189084, 34.789695], [135.44184611, 34.7897], [135.44173195, 34.78971278], [135.44163778, 34.78964723], [135.44159445, 34.78954889], [135.44160084, 34.78949806], [135.44161639, 34.78937583], [135.441645, 34.78914944], [135.44168139, 34.78894472], [135.44169584, 34.78886306], [135.44214416, 34.78787861], [135.44247666, 34.78714194], [135.4427225, 34.78651583], [135.44276584, 34.78633111], [135.44275861, 34.78623556], [135.44269361, 34.78612806], [135.44263778, 34.78600278], [135.4425925, 34.78590139], [135.44257805, 34.78560917], [135.44254889, 34.7855375], [135.44252, 34.78546611], [135.44239722, 34.785305], [135.44237111, 34.7851875], [135.44230305, 34.78488139], [135.4423175, 34.78448472], [135.44249111, 34.78433583], [135.4425838, 34.78431931], [135.44269055, 34.78430028], [135.442925, 34.78425833], [135.44310695, 34.78423861], [135.44330834, 34.78421667], [135.44370611, 34.78421056], [135.44381445, 34.78415694], [135.44382889, 34.7840675], [135.44382889, 34.78390028], [135.44382678, 34.78378881], [135.4438, 34.78237028], [135.44383, 34.78231139], [135.44385666, 34.78225944], [135.44385778, 34.78225694], [135.44398084, 34.78223917], [135.44429889, 34.78222111], [135.44447972, 34.78212], [135.44450861, 34.78157111], [135.44470389, 34.78141611], [135.44479055, 34.78129083], [135.44488472, 34.78110583], [135.44513028, 34.78074194], [135.44518805, 34.78049139], [135.445165, 34.7804425], [135.44512305, 34.78035417], [135.44498584, 34.78026472], [135.44496416, 34.78016639], [135.44497166, 34.78012889], [135.4450075, 34.77995167], [135.44512334, 34.77934333], [135.44529695, 34.77856778], [135.44536916, 34.77827556], [135.44539, 34.77815306], [135.44541972, 34.77798027], [135.44543416, 34.77759861], [135.44543685, 34.77759085], [135.4454775, 34.77747333], [135.44557889, 34.77739611], [135.44594028, 34.77735417], [135.44605756, 34.77732184], [135.44611361, 34.77730639], [135.44617166, 34.77722889], [135.446185, 34.77715528], [135.44620055, 34.77706778], [135.44620055, 34.77643056], [135.44620055, 34.7762925], [135.44620778, 34.77595833], [135.4462225, 34.77571361], [135.44621527, 34.77538277], [135.44617916, 34.77528722], [135.4460564, 34.77526323], [135.44601009, 34.77525418], [135.44598584, 34.77524944], [135.44572195, 34.77519778], [135.44567055, 34.77509583], [135.44564389, 34.77504278], [135.44566555, 34.77490583], [135.44565394, 34.77465626], [135.44563011, 34.77466275], [135.44556699, 34.77465039], [135.44535993, 34.7744969], [135.44437558, 34.77542862], [135.44182106, 34.77780228], [135.4396948, 34.77974709], [135.43716146, 34.78204498], [135.43504, 34.78210404], [135.43469925, 34.77738642], [135.43153283, 34.77748165], [135.43070467, 34.77681867], [135.42991296, 34.7782379], [135.42998197, 34.77962597], [135.43058186, 34.77964189], [135.43126675, 34.78066755], [135.43095885, 34.78063573], [135.43084205, 34.78081606], [135.43100663, 34.78115021], [135.43054476, 34.78115021], [135.43046513, 34.78143662], [135.42936434, 34.78137275], [135.42932865, 34.78108478], [135.42850772, 34.78103083], [135.4270711, 34.7825093], [135.42493237, 34.78246614], [135.42558047, 34.78077182], [135.42655864, 34.7790812], [135.4270022, 34.77790177], [135.42737806, 34.77686675], [135.42736962, 34.77677823], [135.42731025, 34.77672605], [135.42718789, 34.77667547], [135.42695582, 34.77661223], [135.42640308, 34.77654479], [135.42641152, 34.77632979], [135.42680392, 34.77565109], [135.42698497, 34.77558975], [135.42773129, 34.77549354], [135.42785768, 34.77540935], [135.42801417, 34.77516882], [135.42796602, 34.77506059], [135.42759888, 34.77488019], [135.42740026, 34.77480803], [135.42683795, 34.77482655], [135.42597126, 34.77486864], [135.42566431, 34.77486263], [135.42549578, 34.77500093], [135.42531522, 34.77533767], [135.4253393, 34.77551205], [135.42535735, 34.77560225], [135.42570644, 34.7759931], [135.42573051, 34.77607127], [135.42529498, 34.77684817], [135.42422968, 34.77684817], [135.42305002, 34.77687222], [135.42247222, 34.77678804], [135.42205092, 34.77655954], [135.42138078, 34.77590595], [135.42079095, 34.77532868], [135.42138078, 34.77525051], [135.42140815, 34.77193585], [135.42146611, 34.77155806], [135.42147334, 34.77129861], [135.42150223, 34.77082139], [135.42142655, 34.7708048], [135.42138945, 34.77079667], [135.42133916, 34.77078556], [135.42128528, 34.77077361], [135.42129611, 34.770305], [135.42129695, 34.7702575], [135.42129973, 34.77014139], [135.42130148, 34.77001436], [135.42130176, 34.76999388], [135.42130361, 34.76986083], [135.42130972, 34.76943278], [135.42131416, 34.76911556], [135.42145691, 34.76901544], [135.42145834, 34.76901444], [135.42157416, 34.76893361], [135.42170445, 34.76818806], [135.42171087, 34.76814562], [135.42174778, 34.76790167], [135.42173916, 34.76784223], [135.42173084, 34.76778556], [135.42172611, 34.7677525], [135.42166889, 34.76765167], [135.42161028, 34.76754861], [135.42156445, 34.76746806], [135.42150916, 34.76737056], [135.42148314, 34.76732639], [135.42148375, 34.76726262], [135.42122798, 34.76649423], [135.42097969, 34.76568804], [135.42026819, 34.76449155], [135.41944057, 34.76354067]]]}}, {"type": "Feature", "id": "did-1965-21", "properties": {"A16_001": "280111", "A16_002": "02811", "A16_003": "加古川市", "A16_004": "1", "A16_005": "22373", "A16_006": "2.4", "A16_007": "18378", "A16_008": "2.2", "A16_009": "22.0", "A16_010": "2.56", "A16_011": "1965", "year": 1965, "population": 22373.0, "areaKm2": 2.4, "density": 9322.083333333334}, "geometry": {"type": "Polygon", "coordinates": [[[134.83575681, 34.75878762], [134.83604058, 34.76058212], [134.83407481, 34.76070279], [134.83265582, 34.76183687], [134.83210033, 34.76131811], [134.83236002, 34.761113], [134.83184074, 34.76062434], [134.83015475, 34.76189379], [134.83211379, 34.76379157], [134.83094225, 34.76481938], [134.82918576, 34.76632961], [134.82872912, 34.76623914], [134.8284574, 34.76649174], [134.8277461, 34.76635312], [134.82535734, 34.76834822], [134.82519897, 34.76898791], [134.82631592, 34.77025036], [134.8261747, 34.77044269], [134.82583246, 34.77100266], [134.82570802, 34.77139883], [134.82561817, 34.77188613], [134.82556254, 34.77230926], [134.82613186, 34.77236318], [134.82593074, 34.77433228], [134.82594354, 34.77508884], [134.82603765, 34.77561612], [134.82492099, 34.77576147], [134.8241424, 34.77599227], [134.82344428, 34.77640881], [134.82487749, 34.77666952], [134.82429054, 34.77712858], [134.8240553, 34.77693625], [134.82293864, 34.77758172], [134.82316582, 34.77789142], [134.82139852, 34.7795275], [134.82184776, 34.77995068], [134.82269981, 34.78112368], [134.82292784, 34.78090753], [134.82391541, 34.78000151], [134.82482697, 34.7793042], [134.82469865, 34.78121871], [134.82592051, 34.78169936], [134.82648348, 34.78183235], [134.82666384, 34.78189874], [134.82680629, 34.78204105], [134.82703423, 34.78229719], [134.82714815, 34.78240159], [134.82765615, 34.78210273], [134.82792684, 34.78196042], [134.82817553, 34.78191182], [134.82946705, 34.78199245], [134.83003713, 34.77903204], [134.8304932, 34.77835221], [134.82969044, 34.77743479], [134.8302791, 34.77692251], [134.82953975, 34.77609845], [134.83043235, 34.7757], [134.8328175, 34.77402272], [134.83378849, 34.77335688], [134.83520815, 34.77279711], [134.83776627, 34.77213102], [134.83856458, 34.77060122], [134.83908679, 34.77090951], [134.8395094, 34.77022644], [134.84021682, 34.7703498], [134.84076993, 34.77041614], [134.84220078, 34.76905551], [134.84325005, 34.76812578], [134.84347325, 34.76892273], [134.84549029, 34.76822015], [134.8464446, 34.76883678], [134.84622168, 34.76812355], [134.8474135, 34.7663552], [134.8449711, 34.76438408], [134.84584068, 34.76362772], [134.84598303, 34.76338106], [134.84600682, 34.76303952], [134.84594493, 34.76259571], [134.84517573, 34.76140508], [134.84478771, 34.76099203], [134.84325887, 34.76164185], [134.84185579, 34.76056398], [134.84125756, 34.76085337], [134.84121406, 34.76193347], [134.84010782, 34.76228925], [134.83878389, 34.76063676], [134.83826461, 34.76085392], [134.83575681, 34.75878762]]]}}, {"type": "Feature", "id": "did-1965-22", "properties": {"A16_001": "280051", "A16_002": "00285", "A16_003": "西宮市", "A16_004": "1", "A16_005": "316106", "A16_006": "31.1", "A16_007": "238856", "A16_008": "27.4", "A16_009": "93.8", "A16_010": "32.23", "A16_011": "1965", "year": 1965, "population": 316106.0, "areaKm2": 31.1, "density": 10164.18006430868}, "geometry": {"type": "Polygon", "coordinates": [[[135.37119308, 34.774301], [135.37174921, 34.77396469], [135.37291937, 34.7731156], [135.37327777, 34.77278329], [135.37399977, 34.77198817], [135.37415106, 34.77159727], [135.37415416, 34.77147139], [135.37418556, 34.77115417], [135.37419742, 34.77103346], [135.37421916, 34.77081222], [135.37423361, 34.77060944], [135.37428445, 34.77040667], [135.37429888, 34.77021556], [135.37431211, 34.77010504], [135.37435666, 34.76973277], [135.37436389, 34.76955972], [135.3743608, 34.76953085], [135.37434222, 34.76935694], [135.374335, 34.76920194], [135.37433, 34.76901944], [135.37432055, 34.76868889], [135.37433223, 34.76861083], [135.37434945, 34.768495], [135.37434223, 34.76831], [135.37432306, 34.76775472], [135.37432055, 34.76767778], [135.37430861, 34.76743222], [135.37429889, 34.76723639], [135.37431334, 34.76711111], [135.37431334, 34.76656833], [135.37430472, 34.76651167], [135.37426999, 34.766285], [135.37421527, 34.76600944], [135.37421521, 34.76600911], [135.37415416, 34.76570056], [135.37416138, 34.7655275], [135.37413416, 34.76536111], [135.37411084, 34.76521722], [135.37401695, 34.76494889], [135.37396575, 34.76475075], [135.37396575, 34.76475075], [135.37389916, 34.76449306], [135.37388598, 34.76444221], [135.37386862, 34.76437527], [135.37383695, 34.76425306], [135.37383638, 34.76425111], [135.37377834, 34.76403333], [135.37368445, 34.76358611], [135.3736722, 34.76353299], [135.3736722, 34.76353299], [135.37281843, 34.76353596], [135.37185017, 34.76365017], [135.36994429, 34.76408167], [135.36955194, 34.76419927], [135.36868222, 34.76419927], [135.36797599, 34.76565618], [135.36883288, 34.76643087], [135.36924485, 34.76713646], [135.37012869, 34.76876253], [135.37027909, 34.76899119], [135.37043603, 34.76911532], [135.3707303, 34.76916106], [135.37087416, 34.76915452], [135.3712142, 34.76904999], [135.37146269, 34.76890626], [135.37169156, 34.76871026], [135.37192697, 34.7683444], [135.37205776, 34.7682856], [135.37231932, 34.76827254], [135.37240433, 34.7683248], [135.37243049, 34.7684816], [135.37207737, 34.77049384], [135.37160001, 34.77049384], [135.37080183, 34.77258316], [135.37047487, 34.77301435], [135.36985896, 34.77366582], [135.36945353, 34.77497247], [135.36891077, 34.7752142], [135.36898924, 34.77382915], [135.36855765, 34.77377689], [135.36852496, 34.77395982], [135.36820454, 34.77395328], [135.36817184, 34.77423421], [135.36775333, 34.77427341], [135.36773371, 34.77382262], [135.36744599, 34.77383569], [135.36725635, 34.77362009], [135.36712557, 34.77358742], [135.36679207, 34.77360049], [135.36624931, 34.77380302], [135.3660116, 34.77314229], [135.36886923, 34.7723583], [135.36888346, 34.77176045], [135.36886389, 34.77107781], [135.368465, 34.76929424], [135.36840739, 34.7692393], [135.36830776, 34.76922966], [135.36809565, 34.76932278], [135.36765535, 34.7693581], [135.36691492, 34.7691966], [135.36556953, 34.76875305], [135.36434778, 34.76857665], [135.36422089, 34.76866885], [135.36403055, 34.76910105], [135.36287697, 34.76919901], [135.36308983, 34.7683393], [135.36330324, 34.76786101], [135.36349358, 34.76760169], [135.36365508, 34.76750372], [135.36495863, 34.76748067], [135.36478012, 34.76535114], [135.36487817, 34.76524741], [135.36634356, 34.76524961], [135.36591097, 34.76491538], [135.36538609, 34.76444861], [135.36490736, 34.76374557], [135.36428917, 34.76337478], [135.36330803, 34.76241046], [135.36280045, 34.76207622], [135.36242554, 34.76189182], [135.36225827, 34.7618342], [135.36214868, 34.76161522], [135.36259368, 34.7612435], [135.3653565, 34.7610591], [135.36538672, 34.76127659], [135.36444657, 34.76168828], [135.36433455, 34.76228383], [135.36567615, 34.76232601], [135.36639627, 34.76250987], [135.36754045, 34.76288159], [135.36698036, 34.76229803], [135.36566766, 34.76130024], [135.36542362, 34.76107641], [135.36533635, 34.75953714], [135.36426654, 34.75957301], [135.36430962, 34.76031187], [135.36322545, 34.75951562], [135.36324221, 34.75524231], [135.36172008, 34.75513771], [135.36163149, 34.75436527], [135.36073597, 34.75433727], [135.36085082, 34.75209258], [135.36538875, 34.75217134], [135.36563001, 34.75019349], [135.36634564, 34.7514273], [135.36686353, 34.75142167], [135.36704087, 34.75258288], [135.36725628, 34.75328138], [135.36738927, 34.75404698], [135.36813716, 34.75544883], [135.36830182, 34.75640424], [135.37097436, 34.75567028], [135.37209368, 34.75569023], [135.37210001, 34.75434886], [135.3708826, 34.75453739], [135.37091428, 34.75320539], [135.37168691, 34.75353441], [135.37264953, 34.75276249], [135.37086259, 34.75171493], [135.37096431, 34.75041418], [135.37315554, 34.74974349], [135.37434363, 34.74935555], [135.37552293, 34.74954765], [135.37559306, 34.74931833], [135.37569584, 34.74899694], [135.37573683, 34.74886895], [135.37574584, 34.74884083], [135.37582416, 34.74859639], [135.37584737, 34.74851166], [135.37592348, 34.74823381], [135.37597612, 34.74804167], [135.37602266, 34.74792007], [135.37604038, 34.74787375], [135.37604277, 34.7478675], [135.37614945, 34.74758833], [135.3761969, 34.74736883], [135.37622445, 34.74724139], [135.37622888, 34.74722027], [135.37640945, 34.74659973], [135.37654666, 34.74607194], [135.37672749, 34.74547527], [135.37674614, 34.74543818], [135.37688639, 34.74515917], [135.37698749, 34.74498611], [135.37700666, 34.74494], [135.37708749, 34.74474583], [135.37719041, 34.74449868], [135.37719041, 34.74449868], [135.37719745, 34.74448177], [135.37722584, 34.74441361], [135.37731499, 34.74424194], [135.37762916, 34.7436375], [135.37765195, 34.74359333], [135.37797679, 34.74306352], [135.37822249, 34.74266277], [135.37825361, 34.74261639], [135.37867027, 34.741995], [135.37874107, 34.74187879], [135.37893749, 34.74155639], [135.37921223, 34.74109111], [135.37985499, 34.74016806], [135.38000666, 34.7399175], [135.38007166, 34.73981027], [135.38027416, 34.73935111], [135.38042945, 34.73906806], [135.38047638, 34.73898277], [135.38054172, 34.73877322], [135.38055358, 34.73873518], [135.38057277, 34.73867361], [135.38057277, 34.73867333], [135.38064945, 34.73842806], [135.38066416, 34.73838027], [135.38072916, 34.73794028], [135.38075445, 34.73761667], [135.38075806, 34.73757056], [135.38079499, 34.73702027], [135.38080139, 34.73692639], [135.38079357, 34.73666877], [135.38078695, 34.73645056], [135.38078416, 34.73621722], [135.38078, 34.73590194], [135.38073027, 34.73547288], [135.38070413, 34.73524736], [135.38068611, 34.73509194], [135.38053445, 34.73417361], [135.38048056, 34.73400722], [135.38044195, 34.73388778], [135.38026305, 34.73333528], [135.38020195, 34.73314611], [135.3801799, 34.73307793], [135.37994916, 34.73236472], [135.37987611, 34.73207639], [135.37983022, 34.73189543], [135.37982723, 34.73188361], [135.37978489, 34.73171718], [135.37971416, 34.73143917], [135.37968916, 34.73134027], [135.37961722, 34.730875], [135.37963306, 34.730715], [135.37966056, 34.730435], [135.37967353, 34.73036004], [135.37971834, 34.73010111], [135.37975416, 34.72995056], [135.37979777, 34.72976694], [135.37997306, 34.72931776], [135.37999278, 34.72926722], [135.38028916, 34.72866667], [135.38048416, 34.72830861], [135.3807228, 34.72798911], [135.38075138, 34.72795083], [135.38135852, 34.72727318], [135.381445, 34.72717667], [135.3814883, 34.72712586], [135.38235473, 34.72610917], [135.38271834, 34.72568556], [135.38272334, 34.72567972], [135.3831025, 34.72506806], [135.38326027, 34.72481806], [135.38336329, 34.72465494], [135.38343356, 34.72454367], [135.38371638, 34.72409583], [135.38391889, 34.72377361], [135.38403445, 34.72347722], [135.38417166, 34.72305944], [135.38418395, 34.72300648], [135.38426555, 34.72265472], [135.38429445, 34.72253027], [135.38431611, 34.72224389], [135.38431638, 34.72186444], [135.38431639, 34.72175472], [135.38431166, 34.7217275], [135.38430388, 34.72168222], [135.38429889, 34.72165278], [135.38426584, 34.72146223], [135.38424195, 34.72137972], [135.38417916, 34.72116417], [135.38416817, 34.72113653], [135.38401306, 34.72074639], [135.38341388, 34.71935611], [135.38332666, 34.71915389], [135.38327527, 34.71902027], [135.38305084, 34.71843667], [135.38304962, 34.7184335], [135.38298723, 34.71827111], [135.38287139, 34.71800936], [135.38266, 34.71753167], [135.38233723, 34.71680361], [135.38228416, 34.71667361], [135.3821925, 34.71644778], [135.38215639, 34.71635917], [135.38211249, 34.71625139], [135.38211166, 34.71624972], [135.38208584, 34.71618639], [135.38204416, 34.71608389], [135.38200527, 34.71598833], [135.38197027, 34.7159025], [135.38192556, 34.7157925], [135.38188084, 34.71566917], [135.38157777, 34.71483583], [135.38157144, 34.71481842], [135.38154881, 34.71475625], [135.3813475, 34.71420306], [135.3808872, 34.71282113], [135.38085666, 34.71272944], [135.38048834, 34.71161389], [135.38035112, 34.71136639], [135.38034777, 34.71135639], [135.38030002, 34.71121493], [135.38006916, 34.71053111], [135.37980277, 34.70981722], [135.37970622, 34.70955828], [135.37967195, 34.70946639], [135.37932556, 34.70844917], [135.37927445, 34.70831694], [135.37916962, 34.70804604], [135.37871861, 34.70688056], [135.37850806, 34.70635027], [135.3784875, 34.70629889], [135.37846388, 34.70625083], [135.37843611, 34.70619444], [135.3777285, 34.70475913], [135.37741861, 34.70413056], [135.37640723, 34.70203361], [135.37610978, 34.70142356], [135.3779775, 34.70095989], [135.37859287, 34.70080712], [135.37859144, 34.69913356], [135.37810713, 34.69788679], [135.37754192, 34.69643178], [135.37816997, 34.69630311], [135.37865752, 34.69620323], [135.37891094, 34.69616134], [135.37891094, 34.69616134], [135.37610659, 34.69496058], [135.37440651, 34.69547853], [135.37200905, 34.69602265], [135.37105821, 34.69690137], [135.36919301, 34.69864904], [135.36795478, 34.69799231], [135.36596489, 34.69979662], [135.36395847, 34.70155559], [135.36203362, 34.70333918], [135.36358333, 34.70488889], [135.36344917, 34.70542555], [135.36331274, 34.70597128], [135.36330556, 34.706], [135.36309376, 34.70596974], [135.3628768, 34.70593875], [135.36136111, 34.70572222], [135.36102259, 34.70572222], [135.36052778, 34.70572222], [135.35886111, 34.70711111], [135.35802778, 34.70738889], [135.35858333, 34.70766667], [135.35525, 34.71044444], [135.35497222, 34.71127778], [135.35494865, 34.71130135], [135.35405105, 34.71219895], [135.35216843, 34.71408157], [135.35136111, 34.71488889], [135.35005213, 34.71554338], [135.34969444, 34.71572222], [135.3494687, 34.71563192], [135.34774947, 34.7169512], [135.34694808, 34.71771951], [135.34520563, 34.71980437], [135.34598273, 34.72026536], [135.34518944, 34.72104176], [135.34552133, 34.7214057], [135.34441233, 34.72202843], [135.34256605, 34.71984698], [135.33886111, 34.72211111], [135.33858333, 34.72377778], [135.33771873, 34.72421008], [135.33752573, 34.72430658], [135.33747222, 34.72433333], [135.33738204, 34.72440548], [135.3363441, 34.72523583], [135.33633208, 34.72686186], [135.3374087, 34.72681334], [135.33746536, 34.72725815], [135.33640493, 34.72736329], [135.33638874, 34.72805072], [135.33612971, 34.72808307], [135.33567587, 34.72585582], [135.33585395, 34.72577494], [135.33578461, 34.72554402], [135.33571902, 34.72556588], [135.33565997, 34.72558556], [135.3355747, 34.72561399], [135.3355149, 34.72563392], [135.33525, 34.72572222], [135.33471714, 34.72492293], [135.33432788, 34.72433905], [135.33602268, 34.72376356], [135.33566651, 34.72295482], [135.33538319, 34.72301143], [135.33501843, 34.7224555], [135.33488203, 34.72250067], [135.33170032, 34.72355428], [135.32965655, 34.72407341], [135.32672743, 34.72514359], [135.32587495, 34.72536891], [135.32456376, 34.72550146], [135.32434277, 34.7254798], [135.32434277, 34.7254798], [135.32434401, 34.7255168], [135.32435537, 34.72585623], [135.32436945, 34.72627667], [135.32437195, 34.72631306], [135.32437445, 34.72635194], [135.32438278, 34.7264775], [135.32440556, 34.72657083], [135.32449831, 34.72665501], [135.32454666, 34.72669889], [135.32464527, 34.72678833], [135.32466778, 34.72685556], [135.32463166, 34.72700472], [135.32456473, 34.72738889], [135.32454111, 34.72752361], [135.32452584, 34.72759083], [135.32451844, 34.72762363], [135.32449527, 34.72772639], [135.32447334, 34.7278225], [135.32441889, 34.72796833], [135.32434222, 34.72808778], [135.32426527, 34.72824833], [135.32413627, 34.72863191], [135.32413, 34.72865056], [135.32407084, 34.72882723], [135.32401084, 34.72902944], [135.32398472, 34.72911778], [135.32397112, 34.72916333], [135.32395916, 34.7292625], [135.32394028, 34.72941917], [135.32393056, 34.72949972], [135.32392138, 34.7296525], [135.32391971, 34.72966561], [135.32391, 34.72974168], [135.32389445, 34.72986527], [135.32389611, 34.72995667], [135.32389749, 34.73004194], [135.32389889, 34.73012667], [135.32391695, 34.73038083], [135.32392139, 34.73059], [135.32386722, 34.73068333], [135.32379027, 34.73072444], [135.32371612, 34.73074111], [135.32364111, 34.73075806], [135.32358416, 34.73076694], [135.32339499, 34.73079611], [135.32318249, 34.73080361], [135.32307623, 34.73081691], [135.32294278, 34.73083361], [135.32280249, 34.73085972], [135.32276389, 34.73090806], [135.32269862, 34.73099027], [135.32259445, 34.73121806], [135.32278889, 34.73128917], [135.32283081, 34.73130731], [135.32288388, 34.73133027], [135.32287945, 34.73137139], [135.32284166, 34.73144306], [135.32279334, 34.73153556], [135.32271027, 34.73165396], [135.32261249, 34.73179333], [135.32255834, 34.7319425], [135.32258528, 34.73200972], [135.3226732, 34.73204083], [135.32268028, 34.73204333], [135.32285223, 34.73208444], [135.32286584, 34.73212167], [135.32285467, 34.73213741], [135.32282249, 34.73218277], [135.32281473, 34.73219361], [135.32277166, 34.73225417], [135.32275888, 34.73227194], [135.32272861, 34.732315], [135.32265638, 34.73241694], [135.32264999, 34.73242556], [135.32258084, 34.73252306], [135.32253861, 34.7325825], [135.32250084, 34.73263583], [135.32244527, 34.73271417], [135.32232749, 34.73284111], [135.32222565, 34.73291927], [135.32221999, 34.73292361], [135.32208055, 34.73303056], [135.32182112, 34.73322972], [135.32181695, 34.73324417], [135.32179416, 34.73332333], [135.32177584, 34.73338639], [135.32175306, 34.73355083], [135.32173055, 34.73372639], [135.32172027, 34.73377833], [135.32171195, 34.73381972], [135.32170028, 34.73387833], [135.3217, 34.73387972], [135.32168112, 34.73397527], [135.32168084, 34.73397667], [135.32160388, 34.73412972], [135.32157463, 34.73415584], [135.32149527, 34.73422667], [135.32138666, 34.73423417], [135.32118362, 34.73421917], [135.32106056, 34.73417667], [135.32102084, 34.73416306], [135.3208625, 34.73416306], [135.32086223, 34.73416472], [135.32084889, 34.73426389], [135.32086695, 34.73445444], [135.32083556, 34.73459833], [135.32079, 34.73480556], [135.32093027, 34.73488777], [135.32093225, 34.73490606], [135.32093472, 34.73492889], [135.32083695, 34.73516694], [135.32077862, 34.73530833], [135.32071638, 34.73546], [135.32070824, 34.73547979], [135.32063826, 34.7356498], [135.32061805, 34.73569889], [135.32057305, 34.73585222], [135.32065445, 34.73596778], [135.32067555, 34.73599661], [135.32075834, 34.73610972], [135.32079416, 34.73620333], [135.32075695, 34.73630139], [135.32073584, 34.73635639], [135.32070508, 34.73642031], [135.32062277, 34.73659139], [135.32054138, 34.7366475], [135.32044639, 34.73666611], [135.32022028, 34.73669972], [135.31999389, 34.73672222], [135.31976638, 34.73679944], [135.31974084, 34.73680806], [135.31965419, 34.73684885], [135.31955612, 34.736895], [135.31935166, 34.73699111], [135.31918889, 34.73708056], [135.31906666, 34.73716277], [135.31903056, 34.73723], [135.31907584, 34.7372675], [135.31917973, 34.737275], [135.31930638, 34.73725611], [135.319415, 34.73726], [135.31951916, 34.73728972], [135.31957334, 34.73740944], [135.31956695, 34.73752833], [135.31956416, 34.73758111], [135.31953277, 34.73782777], [135.31948479, 34.73791619], [135.31939695, 34.73807806], [135.31932, 34.73813778], [135.31931056, 34.73813723], [135.31918889, 34.73813028], [135.31912556, 34.73812639], [135.31908028, 34.7382125], [135.31901862, 34.73827944], [135.31896723, 34.73833556], [135.31888138, 34.73836556], [135.31872306, 34.73835806], [135.31855556, 34.73833556], [135.31852806, 34.73834333], [135.31852473, 34.73834417], [135.31844723, 34.73836556], [135.31843305, 34.73838417], [135.31837916, 34.73845528], [135.31830834, 34.73852028], [135.31825472, 34.73856972], [135.31814861, 34.73866778], [135.31809139, 34.73877722], [135.31801945, 34.73891472], [135.31797666, 34.73899639], [135.31789084, 34.73910861], [135.31786806, 34.73925806], [135.31778223, 34.73933639], [135.31760584, 34.7393775], [135.31755084, 34.73941194], [135.31743862, 34.73948194], [135.31732527, 34.7396725], [135.31723056, 34.73984806], [135.31731195, 34.73991167], [135.31732166, 34.73991306], [135.31747139, 34.73993306], [135.31750638, 34.73993777], [135.31757416, 34.73998639], [135.31756527, 34.74017306], [135.31756111, 34.74026306], [135.31755084, 34.74047972], [135.31754799, 34.74053938], [135.31754695, 34.74056139], [135.31736027, 34.74056139], [135.31710834, 34.74056139], [135.31709027, 34.74061389], [135.31706556, 34.74067861], [135.317045, 34.74073306], [135.31705862, 34.74078694], [135.317235, 34.74088389], [135.31721805, 34.74101028], [135.31719862, 34.74115472], [135.31718528, 34.74125361], [135.3171774, 34.74130114], [135.31716306, 34.74138777], [135.31715362, 34.74144417], [135.31698491, 34.74144417], [135.3168687, 34.74190543], [135.31783801, 34.74426092], [135.31726934, 34.74493512], [135.31729834, 34.74505194], [135.31733889, 34.7452575], [135.31733973, 34.74528222], [135.31734361, 34.74538806], [135.31737973, 34.74571277], [135.31737973, 34.74609], [135.31733889, 34.74624417], [135.3173089, 34.7463565], [135.31730722, 34.74636278], [135.31709472, 34.74636056], [135.31694084, 34.74635889], [135.31685056, 34.74657556], [135.31667861, 34.74691167], [135.31662945, 34.74697333], [135.31650223, 34.74713222], [135.31632139, 34.74734139], [135.31621898, 34.74742847], [135.31621898, 34.74742847], [135.31698109, 34.74774371], [135.31750625, 34.74805905], [135.31878893, 34.74910325], [135.31957737, 34.74972153], [135.32041891, 34.75005377], [135.32225983, 34.75051714], [135.32313531, 34.75113416], [135.3241084, 34.75163247], [135.32461062, 34.75177486], [135.32408804, 34.75223594], [135.32330757, 34.75285296], [135.32257238, 34.7533173], [135.32123082, 34.75342678], [135.31937806, 34.7537997], [135.31796487, 34.75528784], [135.31804631, 34.75573536], [135.3170325, 34.75774566], [135.31436534, 34.75824064], [135.31477345, 34.75940489], [135.31432553, 34.76023211], [135.31518744, 34.7604084], [135.3152427, 34.76049939], [135.31485586, 34.76134017], [135.31543273, 34.76102827], [135.31587386, 34.76135373], [135.31586029, 34.76182836], [135.31620004, 34.76228522], [135.31690586, 34.76353961], [135.3169873, 34.76342434], [135.31726555, 34.76293614], [135.31765253, 34.76262098], [135.3182294, 34.76243791], [135.31697386, 34.76182767], [135.31795557, 34.76010093], [135.31856455, 34.75870516], [135.31855574, 34.75786833], [135.31834482, 34.75724814], [135.31955272, 34.75594445], [135.32033913, 34.755008], [135.32075352, 34.75417117], [135.32159993, 34.75423283], [135.32132764, 34.75516962], [135.32390215, 34.75528414], [135.32362898, 34.75765971], [135.32498676, 34.75796801], [135.32630047, 34.75841726], [135.327104, 34.7587714], [135.32632812, 34.75948491], [135.32605479, 34.75981964], [135.32597544, 34.76009271], [135.32586964, 34.76055957], [135.32573624, 34.76099384], [135.32532847, 34.76184168], [135.32564808, 34.76188022], [135.32753132, 34.76094977], [135.32843504, 34.7612801], [135.32938836, 34.76143426], [135.32984855, 34.76226148], [135.33007999, 34.76192565], [135.33123168, 34.7616724], [135.33230072, 34.76111084], [135.33384978, 34.76263259], [135.33367895, 34.76279776], [135.33363487, 34.76290787], [135.3336514, 34.76300697], [135.33367895, 34.76312258], [135.33427445, 34.76362586], [135.33433507, 34.76383507], [135.33328256, 34.76379653], [135.33322746, 34.76381305], [135.33320541, 34.7638626], [135.33330321, 34.76523501], [135.33326877, 34.76524878], [135.33322055, 34.7652591], [135.33253863, 34.765032], [135.33235265, 34.76498382], [135.33231634, 34.76501211], [135.33227704, 34.76605756], [135.33139767, 34.76648458], [135.33349048, 34.76646494], [135.33335784, 34.76587105], [135.33340696, 34.76582687], [135.33382454, 34.76599866], [135.33442389, 34.76601339], [135.33534825, 34.76592974], [135.33541273, 34.76589906], [135.33551713, 34.76558309], [135.33553555, 34.76535916], [135.33550855, 34.76522564], [135.33532461, 34.76478806], [135.33530271, 34.7645474], [135.33532023, 34.76445113], [135.33540344, 34.76438112], [135.33585018, 34.7643111], [135.33639169, 34.76429361], [135.33668514, 34.76434612], [135.33700048, 34.76445114], [135.33739904, 34.76468743], [135.33783263, 34.7649631], [135.34009995, 34.7642262], [135.3397581, 34.76336124], [135.33960919, 34.76283615], [135.33956539, 34.76236357], [135.33961803, 34.76190289], [135.33968373, 34.76178474], [135.33974067, 34.76177599], [135.34060348, 34.76215668], [135.34166071, 34.76298489], [135.34392286, 34.76283156], [135.34387906, 34.76221895], [135.34414623, 34.76203079], [135.34351004, 34.76133222], [135.34301459, 34.76045899], [135.34299269, 34.76019645], [135.34301459, 34.76008705], [135.34370707, 34.75910858], [135.34335669, 34.75894668], [135.3427507, 34.75986151], [135.34195359, 34.76120049], [135.34080171, 34.761253], [135.34162093, 34.75999006], [135.3417348, 34.75928557], [135.34176514, 34.75900822], [135.34142352, 34.75868879], [135.34136221, 34.75847438], [135.34141042, 34.75821436], [135.34158561, 34.75775928], [135.341577, 34.7574113], [135.34142706, 34.75706177], [135.34122089, 34.75685579], [135.3407336, 34.75670599], [135.33987012, 34.75668478], [135.33988261, 34.75566115], [135.34106962, 34.75562994], [135.34168531, 34.75551609], [135.34215386, 34.75521025], [135.34263491, 34.75467346], [135.34279734, 34.75431768], [135.34291682, 34.75339033], [135.343098, 34.75245407], [135.34340412, 34.75213575], [135.34354156, 34.75207957], [135.34445368, 34.75283481], [135.34449186, 34.75539891], [135.34531651, 34.75496199], [135.34762945, 34.75493172], [135.34769097, 34.75503162], [135.34750165, 34.75703885], [135.34759076, 34.75728369], [135.3478971, 34.7576287], [135.34774672, 34.75810168], [135.34700595, 34.75784571], [135.34632466, 34.75898336], [135.34633162, 34.75902857], [135.34638732, 34.75905292], [135.34663927, 34.75904299], [135.3475687, 34.7588378], [135.34778442, 34.75883556], [135.34802523, 34.75894879], [135.34871227, 34.75953612], [135.3494713, 34.76042364], [135.34981836, 34.76094729], [135.35008183, 34.761805], [135.35054739, 34.76384189], [135.35209676, 34.76343058], [135.35220301, 34.76344827], [135.35226498, 34.76350576], [135.35228529, 34.76410343], [135.35311752, 34.76423307], [135.35403671, 34.76454156], [135.35427385, 34.76379056], [135.35527162, 34.76336589], [135.35540138, 34.76340165], [135.35542822, 34.76346871], [135.35531012, 34.76503157], [135.3541455, 34.76581155], [135.35263598, 34.76664723], [135.35240127, 34.76640918], [135.35206559, 34.76665479], [135.35194268, 34.76661927], [135.34989496, 34.76818799], [135.34842659, 34.76559131], [135.35011795, 34.7651937], [135.3495188, 34.76380048], [135.34761866, 34.76435145], [135.34702087, 34.76517527], [135.3456586, 34.76586117], [135.34541778, 34.7656062], [135.34461398, 34.76608881], [135.34489434, 34.7663522], [135.34458163, 34.76653534], [135.34434056, 34.76708903], [135.34363247, 34.76715367], [135.34264205, 34.7663961], [135.34194114, 34.7670389], [135.34308159, 34.76781259], [135.34177134, 34.76784866], [135.34004245, 34.7680354], [135.339949, 34.76803899], [135.33991305, 34.76808208], [135.3399208, 34.76812489], [135.34101336, 34.76933588], [135.33999736, 34.77039361], [135.34016655, 34.77101855], [135.33962308, 34.77098781], [135.33950516, 34.77103904], [135.33938143, 34.77120133], [135.33903792, 34.77182114], [135.33891487, 34.77229753], [135.33889948, 34.77251779], [135.33896629, 34.77279594], [135.33918163, 34.77305206], [135.33956616, 34.77342088], [135.33983277, 34.77356943], [135.34024979, 34.77361044], [135.34053691, 34.77357458], [135.34078813, 34.7734875], [135.34115729, 34.77326723], [135.34217861, 34.77228382], [135.34351679, 34.77267313], [135.34379916, 34.77282304], [135.34297882, 34.77391411], [135.34262505, 34.77449806], [135.34342488, 34.77404729], [135.34418605, 34.7737794], [135.34505253, 34.77358475], [135.34653939, 34.77345669], [135.34746603, 34.77333358], [135.34825561, 34.77316967], [135.34930153, 34.77279061], [135.35079563, 34.77236974], [135.35088248, 34.77315013], [135.35077041, 34.77319492], [135.3500964, 34.77339322], [135.34954306, 34.77339944], [135.34948112, 34.77341917], [135.34941166, 34.77344111], [135.34921416, 34.77350389], [135.34909112, 34.773665], [135.34896473, 34.77374056], [135.34891749, 34.77376889], [135.34888255, 34.77378972], [135.34880195, 34.77383777], [135.34852973, 34.77397], [135.34827416, 34.77409417], [135.34815834, 34.77423722], [135.34801362, 34.77435667], [135.34801306, 34.77435722], [135.34793056, 34.77440722], [135.34784749, 34.77445806], [135.34761999, 34.77455056], [135.34761999, 34.77455056], [135.34984606, 34.77432644], [135.35006157, 34.77441126], [135.3503881, 34.77437864], [135.35055789, 34.77417638], [135.35084981, 34.77338475], [135.35114834, 34.77338139], [135.35165445, 34.77339944], [135.35188777, 34.77336056], [135.35194166, 34.77335139], [135.35201749, 34.77333889], [135.35226166, 34.77329806], [135.35293806, 34.77326527], [135.35294371, 34.7732634], [135.35301027, 34.77324139], [135.35308973, 34.77316972], [135.35324888, 34.77288944], [135.35346584, 34.77245389], [135.35355138, 34.77227056], [135.35356638, 34.77223833], [135.35359056, 34.77218667], [135.35363999, 34.77208027], [135.35364666, 34.77206639], [135.35390695, 34.77216777], [135.35401195, 34.77222139], [135.35439862, 34.77241806], [135.35491916, 34.77272222], [135.3552461, 34.77293397], [135.35577223, 34.77327472], [135.35619527, 34.77354861], [135.35687499, 34.77397222], [135.35713306, 34.77412194], [135.35726556, 34.77419889], [135.35734834, 34.77423389], [135.35740228, 34.77425663], [135.35757638, 34.77433], [135.35760695, 34.77434333], [135.35769945, 34.77438361], [135.35794666, 34.77445556], [135.35796249, 34.77446], [135.35796695, 34.77446139], [135.35830184, 34.77454754], [135.35845499, 34.77458694], [135.35863916, 34.77463417], [135.35925027, 34.77476389], [135.35972027, 34.77486389], [135.36034945, 34.775025], [135.36053638, 34.77509027], [135.36082357, 34.77519053], [135.36121112, 34.77532583], [135.361902, 34.77556702], [135.36200999, 34.77560472], [135.36204112, 34.77561556], [135.36250245, 34.77578954], [135.36264138, 34.77584194], [135.36285056, 34.77593361], [135.36289473, 34.77595306], [135.36327416, 34.77611944], [135.36375862, 34.77625667], [135.36384247, 34.7762671], [135.36385027, 34.77626806], [135.36428612, 34.77632222], [135.36447945, 34.77632722], [135.36496612, 34.77634], [135.36550834, 34.77633417], [135.36620973, 34.7762925], [135.36642666, 34.77627444], [135.36683527, 34.77619417], [135.36742834, 34.77603306], [135.36777271, 34.77595126], [135.36795584, 34.77590777], [135.36821195, 34.7758375], [135.36858499, 34.775735], [135.36875138, 34.77568111], [135.36893699, 34.77561803], [135.36911999, 34.77555583], [135.36942388, 34.7754425], [135.36960806, 34.77534611], [135.36972027, 34.7752875], [135.37019027, 34.77497722], [135.37033027, 34.77485806], [135.37053565, 34.77468323], [135.37063862, 34.77459556], [135.37075445, 34.77447806], [135.37090249, 34.77432833], [135.37098584, 34.77424389], [135.37104195, 34.77421306], [135.37105084, 34.77420806], [135.37119308, 34.774301]]]}}, {"type": "Feature", "id": "did-1965-23", "properties": {"A16_001": "280171", "A16_002": "02817", "A16_003": "高砂市", "A16_004": "1", "A16_005": "33776", "A16_006": "9.0", "A16_007": "30025", "A16_008": "7.7", "A16_009": "55.4", "A16_010": "28.39", "A16_011": "1965", "year": 1965, "population": 33776.0, "areaKm2": 9.0, "density": 3752.8888888888887}, "geometry": {"type": "Polygon", "coordinates": [[[134.80742494, 34.75641722], [134.80756111, 34.75640222], [134.80768361, 34.75638944], [134.80781278, 34.75637583], [134.80822305, 34.75633306], [134.80836528, 34.75620194], [134.80855805, 34.75585639], [134.80869222, 34.75551083], [134.80885972, 34.75460556], [134.80887584, 34.75449889], [134.80893389, 34.754115], [134.80895896, 34.7539498], [134.80898528, 34.75377639], [134.80905334, 34.75353361], [134.80911166, 34.75332611], [134.80913611, 34.75323917], [134.80915361, 34.7530325], [134.80920215, 34.75280051], [134.80920639, 34.75278028], [134.80928084, 34.75242639], [134.80963625, 34.75084221], [134.80977222, 34.75023611], [134.80982666, 34.74997167], [134.80992972, 34.74947111], [134.80995555, 34.74934583], [134.81011166, 34.74854417], [134.81022305, 34.74809028], [134.81030028, 34.74777556], [134.81034222, 34.74760417], [134.81038334, 34.74743722], [134.81040742, 34.74734056], [134.80803747, 34.74710559], [134.80830152, 34.74483642], [134.80863276, 34.74263744], [134.808819, 34.741938], [134.80869171, 34.73968159], [134.80863409, 34.73905326], [134.80847316, 34.73872181], [134.80827991, 34.73838093], [134.80811547, 34.73826183], [134.80795928, 34.73824951], [134.8078319, 34.73825772], [134.80777844, 34.73830293], [134.8077538, 34.73837682], [134.8077538, 34.7384754], [134.80777844, 34.73855755], [134.80779484, 34.73868075], [134.80778252, 34.73872591], [134.80771674, 34.73873002], [134.80762225, 34.73873002], [134.80751942, 34.73866844], [134.80745781, 34.73856576], [134.80739204, 34.73832756], [134.80740843, 34.73815504], [134.80762633, 34.73769512], [134.80764689, 34.73753902], [134.80760149, 34.73738546], [134.80659032, 34.73642035], [134.80617425, 34.7361304], [134.80600157, 34.73608114], [134.80583723, 34.73608935], [134.80544665, 34.735884], [134.80532335, 34.73578542], [134.80495504, 34.7338477], [134.80456241, 34.7320598], [134.80375567, 34.73210462], [134.80411324, 34.73365369], [134.80272902, 34.73394703], [134.80234101, 34.73307376], [134.8022576, 34.73288604], [134.80117118, 34.7311149], [134.80093348, 34.73116614], [134.80073312, 34.73131048], [134.80106152, 34.73225317], [134.8013068, 34.73295729], [134.80148897, 34.73353637], [134.80165208, 34.73387628], [134.80275262, 34.73543932], [134.80324726, 34.7364059], [134.80467991, 34.73944411], [134.80455461, 34.73977317], [134.80512981, 34.74187905], [134.80591219, 34.74462473], [134.8062441, 34.74456553], [134.80630931, 34.74491487], [134.80505276, 34.74521095], [134.80498755, 34.74490899], [134.80513607, 34.74471697], [134.80513607, 34.74414255], [134.80422877, 34.74006814], [134.80406765, 34.73958576], [134.802519, 34.73765685], [134.80191442, 34.73691073], [134.80147579, 34.73632451], [134.80133353, 34.73593959], [134.80104257, 34.73429551], [134.80055948, 34.73245399], [134.80002778, 34.73266667], [134.7997951, 34.73266667], [134.80012882, 34.73384476], [134.79961912, 34.73399285], [134.8000858, 34.7361858], [134.79928967, 34.73627991], [134.79891667, 34.73572222], [134.79814412, 34.7342875], [134.78865535, 34.74101647], [134.78680273, 34.74233025], [134.77018988, 34.75411128], [134.77100959, 34.75501106], [134.77135568, 34.75501106], [134.77516471, 34.75898696], [134.77544709, 34.75903675], [134.77601185, 34.75904505], [134.77700425, 34.75895194], [134.77956305, 34.7585618], [134.77973039, 34.75883353], [134.77925973, 34.75922022], [134.78000233, 34.7599518], [134.78020106, 34.75983684], [134.78365914, 34.76298984], [134.78440948, 34.76351786], [134.78511196, 34.76392424], [134.78588838, 34.76418285], [134.78712695, 34.76459847], [134.786851, 34.76540734], [134.78574183, 34.76513026], [134.78782532, 34.76659327], [134.78600271, 34.76627569], [134.78484818, 34.76622384], [134.78437823, 34.76675038], [134.78398257, 34.76676335], [134.78395663, 34.76722351], [134.78448201, 34.76712629], [134.78584322, 34.76837778], [134.78474789, 34.77009148], [134.78442196, 34.77047531], [134.78363042, 34.77098709], [134.78411931, 34.77133603], [134.78460707, 34.77147908], [134.78336156, 34.77227001], [134.7842113, 34.77322378], [134.78447903, 34.77302605], [134.78542344, 34.77389059], [134.78418957, 34.77483272], [134.78488856, 34.77528916], [134.78470232, 34.77560321], [134.78493512, 34.77617314], [134.78570338, 34.7760452], [134.7863436, 34.77602193], [134.7864722, 34.77418157], [134.78680977, 34.77289049], [134.78813827, 34.77263269], [134.78710228, 34.77158587], [134.78760939, 34.76846174], [134.78773563, 34.76842165], [134.78810299, 34.76843883], [134.78857355, 34.76853057], [134.7888032, 34.76866244], [134.78902696, 34.76896637], [134.78969343, 34.77075919], [134.79142917, 34.77049495], [134.7916301, 34.77099379], [134.79206626, 34.77095938], [134.79235325, 34.77124036], [134.79363406, 34.77084312], [134.79331267, 34.77050483], [134.79269861, 34.76969632], [134.79188818, 34.7688384], [134.79068868, 34.76792098], [134.79065997, 34.76786366], [134.79070593, 34.76781202], [134.7909297, 34.76772028], [134.79146917, 34.76772028], [134.79196855, 34.76779483], [134.79422708, 34.76861586], [134.79508803, 34.76882228], [134.79586473, 34.76887362], [134.79674378, 34.76652397], [134.79885929, 34.76535989], [134.79942748, 34.7650445], [134.79973162, 34.76498718], [134.79991529, 34.76499291], [134.80038017, 34.76517642], [134.80097708, 34.76546885], [134.80140177, 34.76571541], [134.80168297, 34.76603074], [134.80234944, 34.76732964], [134.80260193, 34.76770234], [134.80295781, 34.76805209], [134.80377972, 34.76867982], [134.80446846, 34.76929336], [134.80470948, 34.76954565], [134.80522677, 34.77039211], [134.80577771, 34.77130953], [134.80476758, 34.77110884], [134.80453073, 34.77143649], [134.8049904, 34.77212205], [134.80373356, 34.77275849], [134.80410215, 34.7733693], [134.80162175, 34.7744383], [134.80169065, 34.77446126], [134.80228755, 34.77460458], [134.80274665, 34.77459313], [134.8053514, 34.77405688], [134.80632135, 34.7738906], [134.807429, 34.7738161], [134.80795122, 34.77384473], [134.80821527, 34.77392501], [134.80916474, 34.77439664], [134.80900978, 34.77472921], [134.80999688, 34.77522233], [134.81132271, 34.77562372], [134.81221797, 34.7758531], [134.8125968, 34.77588174], [134.81208026, 34.77474644], [134.81150061, 34.77464893], [134.80979994, 34.77346493], [134.80882421, 34.77269083], [134.80803538, 34.77220607], [134.80743279, 34.77191365], [134.80714581, 34.7715753], [134.80657705, 34.77006401], [134.80590357, 34.76940273], [134.80676319, 34.76928003], [134.80590357, 34.76840488], [134.80372759, 34.76614898], [134.80337265, 34.76634066], [134.8029055, 34.7657706], [134.80311012, 34.76560447], [134.80284133, 34.76526456], [134.80319315, 34.7649738], [134.80217221, 34.76384712], [134.8019963, 34.7636075], [134.80198673, 34.76347923], [134.80288768, 34.76293796], [134.80325229, 34.76328943], [134.80365205, 34.76306258], [134.80364883, 34.76273666], [134.80374797, 34.76259607], [134.80391544, 34.76240794], [134.80451405, 34.76182932], [134.80549669, 34.76123119], [134.80656634, 34.76070654], [134.80826474, 34.76006944], [134.80872782, 34.75990829], [134.80868043, 34.75981883], [134.808645, 34.75975194], [134.80825222, 34.75901056], [134.80789222, 34.7584925], [134.80771055, 34.75828611], [134.80729305, 34.75781167], [134.80689111, 34.75728639], [134.80681001, 34.75713236], [134.80669834, 34.75692028], [134.80659778, 34.75669917], [134.80658945, 34.75659556], [134.80669, 34.75651277], [134.80693305, 34.75647139], [134.80742494, 34.75641722]]]}}, {"type": "Feature", "id": "did-1965-24", "properties": {"A16_001": "280031", "A16_002": "00283", "A16_003": "尼崎市", "A16_004": "1", "A16_005": "480623", "A16_006": "40.2", "A16_007": "382445", "A16_008": "36.2", "A16_009": "95.9", "A16_010": "84.1", "A16_011": "1965", "year": 1965, "population": 480623.0, "areaKm2": 40.2, "density": 11955.796019900497}, "geometry": {"type": "Polygon", "coordinates": [[[135.37891094, 34.69616134], [135.37865752, 34.69620323], [135.37816997, 34.69630311], [135.37754192, 34.69643178], [135.37810713, 34.69788679], [135.37859144, 34.69913356], [135.37859287, 34.70080712], [135.3779775, 34.70095989], [135.37610978, 34.70142356], [135.37640723, 34.70203361], [135.37741861, 34.70413056], [135.3777285, 34.70475913], [135.37843611, 34.70619444], [135.37846388, 34.70625083], [135.3784875, 34.70629889], [135.37850806, 34.70635027], [135.37871861, 34.70688056], [135.37916962, 34.70804604], [135.37927445, 34.70831694], [135.37932556, 34.70844917], [135.37967195, 34.70946639], [135.37970622, 34.70955828], [135.37980277, 34.70981722], [135.38006916, 34.71053111], [135.38030002, 34.71121493], [135.38034777, 34.71135639], [135.38035112, 34.71136639], [135.38048834, 34.71161389], [135.38085666, 34.71272944], [135.3808872, 34.71282113], [135.3813475, 34.71420306], [135.38154881, 34.71475625], [135.38157144, 34.71481842], [135.38157777, 34.71483583], [135.38188084, 34.71566917], [135.38192556, 34.7157925], [135.38197027, 34.7159025], [135.38200527, 34.71598833], [135.38204416, 34.71608389], [135.38208584, 34.71618639], [135.38211166, 34.71624972], [135.38211249, 34.71625139], [135.38215639, 34.71635917], [135.3821925, 34.71644778], [135.38228416, 34.71667361], [135.38233723, 34.71680361], [135.38266, 34.71753167], [135.38287139, 34.71800936], [135.38298723, 34.71827111], [135.38304962, 34.7184335], [135.38305084, 34.71843667], [135.38327527, 34.71902027], [135.38332666, 34.71915389], [135.38341388, 34.71935611], [135.38401306, 34.72074639], [135.38416817, 34.72113653], [135.38417916, 34.72116417], [135.38424195, 34.72137972], [135.38426584, 34.72146223], [135.38429889, 34.72165278], [135.38430388, 34.72168222], [135.38431166, 34.7217275], [135.38431639, 34.72175472], [135.38431638, 34.72186444], [135.38431611, 34.72224389], [135.38429445, 34.72253027], [135.38426555, 34.72265472], [135.38418395, 34.72300648], [135.38417166, 34.72305944], [135.38403445, 34.72347722], [135.38391889, 34.72377361], [135.38371638, 34.72409583], [135.38343356, 34.72454367], [135.38336329, 34.72465494], [135.38326027, 34.72481806], [135.3831025, 34.72506806], [135.38272334, 34.72567972], [135.38271834, 34.72568556], [135.38235473, 34.72610917], [135.3814883, 34.72712586], [135.381445, 34.72717667], [135.38135852, 34.72727318], [135.38075138, 34.72795083], [135.3807228, 34.72798911], [135.38048416, 34.72830861], [135.38028916, 34.72866667], [135.37999278, 34.72926722], [135.37997306, 34.72931776], [135.37979777, 34.72976694], [135.37975416, 34.72995056], [135.37971834, 34.73010111], [135.37967353, 34.73036004], [135.37966056, 34.730435], [135.37963306, 34.730715], [135.37961722, 34.730875], [135.37968916, 34.73134027], [135.37971416, 34.73143917], [135.37978489, 34.73171718], [135.37982723, 34.73188361], [135.37983022, 34.73189543], [135.37987611, 34.73207639], [135.37994916, 34.73236472], [135.3801799, 34.73307793], [135.38020195, 34.73314611], [135.38026305, 34.73333528], [135.38044195, 34.73388778], [135.38048056, 34.73400722], [135.38053445, 34.73417361], [135.38068611, 34.73509194], [135.38070413, 34.73524736], [135.38073027, 34.73547288], [135.38078, 34.73590194], [135.38078416, 34.73621722], [135.38078695, 34.73645056], [135.38079357, 34.73666877], [135.38080139, 34.73692639], [135.38079499, 34.73702027], [135.38075806, 34.73757056], [135.38075445, 34.73761667], [135.38072916, 34.73794028], [135.38066416, 34.73838027], [135.38064945, 34.73842806], [135.38057277, 34.73867333], [135.38057277, 34.73867361], [135.38055358, 34.73873518], [135.38054172, 34.73877322], [135.38047638, 34.73898277], [135.38042945, 34.73906806], [135.38027416, 34.73935111], [135.38007166, 34.73981027], [135.38000666, 34.7399175], [135.37985499, 34.74016806], [135.37921223, 34.74109111], [135.37893749, 34.74155639], [135.37874107, 34.74187879], [135.37867027, 34.741995], [135.37825361, 34.74261639], [135.37822249, 34.74266277], [135.37797679, 34.74306352], [135.37765195, 34.74359333], [135.37762916, 34.7436375], [135.37731499, 34.74424194], [135.37722584, 34.74441361], [135.37719745, 34.74448177], [135.37719041, 34.74449868], [135.37719041, 34.74449868], [135.38140606, 34.74434691], [135.38297772, 34.74430282], [135.38317972, 34.74402338], [135.38339727, 34.74387978], [135.38348662, 34.74386087], [135.38364745, 34.74386087], [135.38397377, 34.74407433], [135.38421074, 34.74389968], [135.38467361, 34.74430069], [135.38675242, 34.74424541], [135.38838069, 34.74396112], [135.38997734, 34.74370841], [135.39016072, 34.74209404], [135.39178626, 34.74180224], [135.39364375, 34.74186541], [135.39382555, 34.74286043], [135.39604277, 34.74286833], [135.3960823, 34.74234713], [135.39846937, 34.74211812], [135.39875519, 34.74574459], [135.39591535, 34.74558971], [135.39587307, 34.74663167], [135.39779099, 34.74679606], [135.39699471, 34.74814076], [135.39674073, 34.74885477], [135.39729743, 34.74884069], [135.39751058, 34.74963457], [135.40376271, 34.74980529], [135.40371245, 34.75197447], [135.39703175, 34.75171348], [135.39476007, 34.75152267], [135.39059079, 34.75089041], [135.38566562, 34.7501641], [135.38564166, 34.75094632], [135.38499454, 34.75045145], [135.38498443, 34.75097372], [135.38457699, 34.75068638], [135.38459297, 34.75148455], [135.38390591, 34.75072628], [135.38387395, 34.75272173], [135.38287532, 34.75264191], [135.3825232, 34.75516198], [135.37902046, 34.75501925], [135.37888465, 34.75583339], [135.37611632, 34.75573771], [135.37566017, 34.75709877], [135.3733738, 34.75716953], [135.37335195, 34.75729917], [135.37331834, 34.75759027], [135.37329389, 34.7578], [135.37325055, 34.75820583], [135.37324088, 34.75850932], [135.37322889, 34.75888583], [135.37320723, 34.75907083], [135.37322166, 34.75935111], [135.37322166, 34.75970611], [135.37320722, 34.75989083], [135.37323612, 34.76006972], [135.37323343, 34.7601974], [135.37322366, 34.760661], [135.37322166, 34.76075556], [135.37322361, 34.76081194], [135.37322888, 34.76096444], [135.37323695, 34.76105361], [135.37327222, 34.76144778], [135.37333, 34.76175194], [135.37336639, 34.76196972], [135.37340973, 34.76212472], [135.37342416, 34.76230361], [135.37346749, 34.76250028], [135.37348916, 34.7626375], [135.37356889, 34.76300723], [135.37359777, 34.76321027], [135.3736722, 34.76353299], [135.3736722, 34.76353299], [135.37368445, 34.76358611], [135.37377834, 34.76403333], [135.37383638, 34.76425111], [135.37383695, 34.76425306], [135.37386862, 34.76437527], [135.37388598, 34.76444221], [135.37389916, 34.76449306], [135.37396575, 34.76475075], [135.37396575, 34.76475075], [135.37562986, 34.76451706], [135.37665229, 34.76475776], [135.37800964, 34.76421179], [135.37798614, 34.76462273], [135.37956916, 34.76474558], [135.38044468, 34.76358906], [135.3805387, 34.76370647], [135.38064447, 34.76432289], [135.3810301, 34.76434], [135.3810301, 34.76451612], [135.38183511, 34.76458657], [135.38182924, 34.76429304], [135.38300444, 34.76439284], [135.38302794, 34.76412866], [135.38524908, 34.76422846], [135.38529021, 34.76355921], [135.38322185, 34.76335961], [135.3831859, 34.76254977], [135.38036127, 34.76212269], [135.38056261, 34.75890464], [135.3816554, 34.75874443], [135.38185219, 34.75863619], [135.38181806, 34.75586861], [135.38263686, 34.75592208], [135.38280276, 34.75615199], [135.38565777, 34.75625392], [135.38573805, 34.7563662], [135.38546232, 34.76084674], [135.39029207, 34.7608877], [135.39027994, 34.7598269], [135.39039522, 34.75968748], [135.39038951, 34.75850699], [135.39159691, 34.75804629], [135.39170612, 34.75762803], [135.39363242, 34.75701453], [135.39370594, 34.756174], [135.39640258, 34.75607597], [135.39660918, 34.75338814], [135.40084092, 34.75317673], [135.40084092, 34.7542739], [135.39879045, 34.75530149], [135.40094434, 34.75530149], [135.40091401, 34.75604709], [135.39991807, 34.7560686], [135.39956617, 34.75642018], [135.399281, 34.7564808], [135.39923853, 34.75703242], [135.39965718, 34.75724458], [135.40232876, 34.75713166], [135.40241977, 34.75764691], [135.40196472, 34.75822278], [135.40216499, 34.75907961], [135.40378137, 34.75904374], [135.4040726, 34.75998937], [135.4035816, 34.76045285], [135.40347239, 34.76116207], [135.40413373, 34.76141667], [135.40474046, 34.76178037], [135.40497256, 34.76199988], [135.40530019, 34.76238177], [135.40546401, 34.7617756], [135.40678784, 34.76193999], [135.40681139, 34.76185944], [135.40681778, 34.76179639], [135.40682584, 34.76171611], [135.40700111, 34.76123417], [135.40702777, 34.76116083], [135.40713695, 34.76086056], [135.40738028, 34.760855], [135.4074083, 34.76085451], [135.40742778, 34.76085417], [135.4076175, 34.76084972], [135.40767465, 34.76084849], [135.40767465, 34.76084849], [135.40788537, 34.76084392], [135.40793805, 34.76084278], [135.40820666, 34.76083667], [135.40831139, 34.76078278], [135.40836222, 34.76075639], [135.40841195, 34.76073083], [135.40855389, 34.76065778], [135.40895166, 34.76066944], [135.40928416, 34.76072333], [135.40940584, 34.76075056], [135.40944605, 34.76075952], [135.40944945, 34.76076028], [135.40949166, 34.76076973], [135.40971084, 34.76081861], [135.41018778, 34.76098583], [135.41028222, 34.76102028], [135.41032055, 34.76103444], [135.41035445, 34.76104667], [135.41044084, 34.76107833], [135.41054945, 34.76092917], [135.41069473, 34.76069528], [135.41071611, 34.76066111], [135.41073666, 34.76062806], [135.41083861, 34.76046389], [135.41091807, 34.7603622], [135.41092305, 34.76035583], [135.41098334, 34.76027889], [135.41105361, 34.76018528], [135.41111334, 34.76010583], [135.41165584, 34.76005223], [135.41165889, 34.76005194], [135.41183315, 34.76004069], [135.4118525, 34.76003944], [135.41203834, 34.7600275], [135.41211861, 34.76002222], [135.41214086, 34.76001641], [135.41240778, 34.75994667], [135.41241472, 34.75994472], [135.41256528, 34.75989083], [135.41258148, 34.75987723], [135.41273334, 34.75974972], [135.41276805, 34.75972083], [135.41278139, 34.75970944], [135.41299916, 34.75952694], [135.41313666, 34.75938389], [135.4138525, 34.75934806], [135.41399584, 34.75930722], [135.41406, 34.75928917], [135.41408695, 34.75928139], [135.41422861, 34.75924111], [135.41431973, 34.75913083], [135.41433695, 34.75910972], [135.41433972, 34.75897944], [135.41434111, 34.75891889], [135.41434223, 34.75885889], [135.41434416, 34.75876972], [135.41436939, 34.75869041], [135.41438834, 34.75863083], [135.41441639, 34.75854306], [135.41449722, 34.75836222], [135.41451778, 34.75831639], [135.4146625, 34.75807167], [135.41493722, 34.75770194], [135.41506, 34.75757667], [135.4151975, 34.75737972], [135.41520889, 34.75729167], [135.41521445, 34.75724806], [135.41522111, 34.75719639], [135.4152606, 34.7568879], [135.4152625, 34.75687306], [135.41539277, 34.75678361], [135.41544445, 34.75678389], [135.41548916, 34.75678417], [135.41570416, 34.75678556], [135.41575581, 34.75678591], [135.41580417, 34.75678623], [135.416155, 34.75678861], [135.41619305, 34.75678889], [135.41629639, 34.75678944], [135.41638305, 34.7568075], [135.41641916, 34.75690278], [135.41644084, 34.75704611], [135.41641916, 34.75751111], [135.41644805, 34.75757667], [135.4164625, 34.75758333], [135.41650139, 34.75760083], [135.41665778, 34.75767222], [135.41678084, 34.75771972], [135.41690139, 34.75783083], [135.41696889, 34.75789278], [135.41694722, 34.75800611], [135.41686166, 34.75811861], [135.41670805, 34.75832111], [135.41657111, 34.75850139], [135.416195, 34.75887111], [135.41579028, 34.75925889], [135.415765, 34.75929513], [135.41567945, 34.75941778], [135.41555628, 34.75959484], [135.41550805, 34.75966417], [135.41546972, 34.75973472], [135.41544305, 34.75978361], [135.41538166, 34.75983083], [135.41533445, 34.75986694], [135.41549361, 34.75987889], [135.41556291, 34.75991066], [135.41562389, 34.75993861], [135.41567666, 34.75994917], [135.41577037, 34.75996791], [135.41583361, 34.75998056], [135.41584305, 34.75998861], [135.41585666, 34.76000028], [135.41604334, 34.76015944], [135.41605055, 34.76030861], [135.4160545, 34.760342], [135.41607945, 34.76055306], [135.41614445, 34.76079167], [135.41615195, 34.76085889], [135.41615611, 34.76089444], [135.41615972, 34.76092667], [135.41618778, 34.76117639], [135.41621305, 34.76138444], [135.41621666, 34.761415], [135.41622527, 34.76150667], [135.41622861, 34.76154111], [135.41623361, 34.76159222], [135.41624555, 34.76171306], [135.41622361, 34.76192194], [135.41620856, 34.76204856], [135.4162, 34.76212056], [135.41619472, 34.76216639], [135.41619472, 34.76216694], [135.41619666, 34.76219389], [135.4161996, 34.76223785], [135.41620916, 34.76238111], [135.41622361, 34.76245889], [135.41629611, 34.76249444], [135.41634129, 34.76249982], [135.41644778, 34.7625125], [135.41657084, 34.76259], [135.41670834, 34.76260778], [135.41676555, 34.76260806], [135.41681195, 34.76260861], [135.41714139, 34.76261083], [135.41754695, 34.76261389], [135.41759195, 34.7626125], [135.41812555, 34.76259583], [135.41815889, 34.76259333], [135.41850139, 34.76256611], [135.41866028, 34.762575], [135.41878889, 34.76257194], [135.41889889, 34.76256917], [135.41892834, 34.76278667], [135.41893528, 34.7628375], [135.41894195, 34.76298917], [135.41894723, 34.763105], [135.41895372, 34.76325008], [135.41944057, 34.76354067], [135.41944057, 34.76354067], [135.42018054, 34.76330502], [135.41991307, 34.76179914], [135.42149072, 34.76034642], [135.4227105, 34.76042121], [135.42554738, 34.76058916], [135.42526503, 34.76227755], [135.42418616, 34.76219396], [135.42382948, 34.76310906], [135.4239836, 34.76332463], [135.4241069, 34.76343462], [135.42427864, 34.76346982], [135.42474101, 34.76347862], [135.42496999, 34.76346982], [135.42521219, 34.76337743], [135.4255757, 34.76300301], [135.42598398, 34.76289005], [135.42615251, 34.76282617], [135.42682449, 34.76221745], [135.42716497, 34.76235173], [135.42768101, 34.76184078], [135.42805732, 34.76198401], [135.4282634, 34.76197506], [135.428353, 34.7619482], [135.42843363, 34.76184078], [135.42866659, 34.76138425], [135.42912354, 34.76084715], [135.42996577, 34.75988037], [135.43027936, 34.75995198], [135.42974177, 34.7614111], [135.43272964, 34.76184979], [135.43333891, 34.76071293], [135.43403778, 34.76073978], [135.43462913, 34.76066817], [135.43535488, 34.76049809], [135.43543487, 34.75953457], [135.43429697, 34.75898852], [135.43426113, 34.75849618], [135.43312323, 34.75805754], [135.43252218, 34.75735449], [135.43333753, 34.75645932], [135.43364216, 34.75621763], [135.43395575, 34.75611916], [135.43456014, 34.75602721], [135.43454222, 34.75552592], [135.43550988, 34.75524842], [135.43573388, 34.75425478], [135.43652234, 34.7540489], [135.43655877, 34.75507242], [135.43749059, 34.75512613], [135.43747267, 34.75543048], [135.43874497, 34.75551105], [135.43868225, 34.75699702], [135.44115884, 34.75710865], [135.44098926, 34.76100098], [135.44455528, 34.76116211], [135.44441982, 34.76404187], [135.44082693, 34.76404187], [135.44058055, 34.76860393], [135.44070416, 34.76856694], [135.44127639, 34.768395], [135.44132861, 34.76837944], [135.4414475, 34.76835194], [135.44159028, 34.76831889], [135.44174084, 34.76828389], [135.44202416, 34.76823778], [135.44229028, 34.76819444], [135.44229055, 34.76819444], [135.44236166, 34.76819278], [135.44271334, 34.76818389], [135.44276778, 34.7681825], [135.44287334, 34.76818833], [135.44329555, 34.76821222], [135.44346722, 34.76824694], [135.4435775, 34.76826917], [135.44370889, 34.76830472], [135.44414889, 34.76842417], [135.44446555, 34.76850389], [135.44448111, 34.76850778], [135.44469666, 34.76852917], [135.44480805, 34.76852917], [135.44490639, 34.76852917], [135.44521, 34.76857694], [135.44538611, 34.76859778], [135.44551389, 34.76861278], [135.44618639, 34.76861278], [135.44641805, 34.76860611], [135.44671416, 34.76859778], [135.44688, 34.76858639], [135.44706111, 34.76857389], [135.44710639, 34.76856806], [135.44737945, 34.76853222], [135.44768305, 34.76846667], [135.44805916, 34.76832361], [135.4485725, 34.76808527], [135.44873889, 34.76796], [135.44899889, 34.76782861], [135.44903889, 34.76780083], [135.44949055, 34.76748861], [135.4496425, 34.76730972], [135.44982334, 34.76708306], [135.45004028, 34.76673111], [135.45004222, 34.76672889], [135.45030778, 34.76644167], [135.45036541, 34.76637374], [135.45040889, 34.7663225], [135.45046084, 34.76620389], [135.45047416, 34.76617333], [135.45046, 34.76608778], [135.4504525, 34.76604194], [135.45042861, 34.76600611], [135.45027889, 34.76577972], [135.4502778, 34.76577825], [135.45010361, 34.76554278], [135.45007223, 34.7655], [135.45001861, 34.76542778], [135.44994611, 34.76524889], [135.44990305, 34.7649625], [135.44995361, 34.76455389], [135.44997528, 34.76432723], [135.45002611, 34.764035], [135.45027916, 34.76336694], [135.45035722, 34.76313722], [135.45038027, 34.76306889], [135.45050334, 34.7625975], [135.45049611, 34.76232611], [135.45051055, 34.76209361], [135.4504825, 34.76200389], [135.45035663, 34.76160337], [135.45035191, 34.76158836], [135.45030861, 34.76145056], [135.45027445, 34.76134222], [135.4502575, 34.76128806], [135.450245, 34.76123833], [135.45022084, 34.7611425], [135.45020695, 34.76108722], [135.45018445, 34.76099778], [135.45016611, 34.76092389], [135.45014361, 34.76083528], [135.450125, 34.76076083], [135.45010278, 34.7606725], [135.45008695, 34.76060917], [135.45006527, 34.76052306], [135.45004778, 34.76045333], [135.45003334, 34.76027444], [135.45006945, 34.76003278], [135.45014222, 34.75992056], [135.45023584, 34.75977611], [135.45064055, 34.75936472], [135.45087361, 34.75907778], [135.45095334, 34.75897973], [135.45105278, 34.7588575], [135.45112361, 34.7588025], [135.45152584, 34.75849028], [135.45161055, 34.75842444], [135.45191778, 34.75818583], [135.45192055, 34.75818361], [135.45199695, 34.758145], [135.45201445, 34.75813611], [135.45215195, 34.75806639], [135.4522775, 34.75800306], [135.45235101, 34.75796582], [135.45238334, 34.75794944], [135.45256782, 34.75785622], [135.45259278, 34.75784361], [135.45288916, 34.75784361], [135.45306278, 34.75789139], [135.45320084, 34.75809306], [135.45336666, 34.75833583], [135.45367028, 34.75890833], [135.45376, 34.75905639], [135.45389445, 34.75927806], [135.45403195, 34.75945694], [135.45414278, 34.75957083], [135.4542676, 34.75969909], [135.45445611, 34.75989277], [135.45469611, 34.76003223], [135.45482472, 34.76000639], [135.45500722, 34.75996944], [135.4552425, 34.76017917], [135.45533952, 34.76026544], [135.45535055, 34.76027528], [135.4554575, 34.76032889], [135.45553055, 34.76036528], [135.45553778, 34.76036806], [135.4556575, 34.76041111], [135.45572028, 34.76043389], [135.45587972, 34.76049139], [135.45598361, 34.760455], [135.45628889, 34.7603475], [135.45640889, 34.76019722], [135.45644722, 34.76014944], [135.45652361, 34.75996473], [135.45663805, 34.75954167], [135.45667084, 34.75921556], [135.45668305, 34.7590375], [135.45669278, 34.75889611], [135.45669305, 34.75888861], [135.45669834, 34.75868917], [135.45673639, 34.75845056], [135.45673195, 34.7582625], [135.45673084, 34.75821194], [135.45665805, 34.75803361], [135.45659028, 34.75786778], [135.45657278, 34.757825], [135.45643639, 34.75749639], [135.45641722, 34.75742167], [135.45635445, 34.75717917], [135.45621834, 34.75675583], [135.45618528, 34.7566525], [135.4560875, 34.75644111], [135.45603278, 34.75620278], [135.45599611, 34.7560925], [135.45595639, 34.75597333], [135.45588, 34.75562889], [135.45584195, 34.75547139], [135.45583639, 34.75522833], [135.45582, 34.75507083], [135.45583111, 34.75490444], [135.45585166, 34.75480583], [135.45591834, 34.75448583], [135.45596228, 34.75430482], [135.45598389, 34.75421583], [135.45600555, 34.75405833], [135.45604084, 34.753905], [135.45604389, 34.75389167], [135.45616389, 34.75350944], [135.45621834, 34.75336083], [135.45623166, 34.75324611], [135.45631055, 34.75295472], [135.45639055, 34.75265833], [135.45649166, 34.75237778], [135.45657111, 34.75196611], [135.45661, 34.75184278], [135.456665, 34.75166806], [135.45676639, 34.75142944], [135.45686028, 34.75123861], [135.45693006, 34.75114194], [135.4569732, 34.75108219], [135.45698861, 34.75106083], [135.45702528, 34.75100973], [135.4570625, 34.75095833], [135.45718609, 34.7511092], [135.45722861, 34.75116111], [135.45730445, 34.75121694], [135.45732881, 34.75123488], [135.45754186, 34.7513918], [135.45756055, 34.75140556], [135.45756084, 34.75140556], [135.45792195, 34.75168583], [135.45821805, 34.75187083], [135.45850695, 34.75199611], [135.45880305, 34.75208556], [135.45911389, 34.7520975], [135.45925111, 34.75209139], [135.45935222, 34.75203194], [135.45935778, 34.75202333], [135.45977834, 34.75137], [135.45990555, 34.75107361], [135.45993722, 34.751], [135.45993722, 34.75091667], [135.45975666, 34.75082861], [135.45924389, 34.75054222], [135.45918611, 34.75047056], [135.45918611, 34.75038722], [135.45924084, 34.75024056], [135.45924389, 34.75023194], [135.45938834, 34.74989944], [135.45981445, 34.74876777], [135.45985, 34.74867917], [135.46016834, 34.747885], [135.46018139, 34.74781222], [135.46019722, 34.74772528], [135.45997334, 34.74706306], [135.45983611, 34.74621194], [135.45980722, 34.74593806], [135.45979278, 34.74580028], [135.45979639, 34.74560278], [135.45980722, 34.74503806], [135.459805, 34.74484556], [135.45980361, 34.74470917], [135.45980334, 34.74467027], [135.45980166, 34.74450667], [135.4598, 34.74435973], [135.45970611, 34.74353056], [135.45960108, 34.74281346], [135.45956916, 34.74259556], [135.45946084, 34.74158889], [135.45941268, 34.74099648], [135.45940139, 34.7408575], [135.45939639, 34.74079694], [135.45938861, 34.74070028], [135.45935973, 34.74053473], [135.45929805, 34.73949194], [135.4592875, 34.73931333], [135.459265, 34.73906889], [135.45919195, 34.73827722], [135.45918639, 34.7382175], [135.45913305, 34.73794667], [135.45905611, 34.73755528], [135.45889445, 34.73696417], [135.45889, 34.73694833], [135.45875897, 34.73659183], [135.45872389, 34.73649639], [135.45848555, 34.73609083], [135.45693649, 34.73480517], [135.45544916, 34.73430056], [135.45538666, 34.73430889], [135.45477305, 34.73433278], [135.45306084, 34.73435667], [135.45252, 34.73434167], [135.45211111, 34.73433029], [135.45189111, 34.73432417], [135.451775, 34.73432083], [135.44979611, 34.73416861], [135.44898695, 34.73409722], [135.4485825, 34.73401361], [135.44811305, 34.73385861], [135.44780741, 34.73367829], [135.44770861, 34.73362], [135.44736916, 34.73335139], [135.44718791, 34.73315585], [135.44708722, 34.73304722], [135.44708139, 34.73303917], [135.44684889, 34.73271333], [135.44658166, 34.73229139], [135.44609055, 34.7313325], [135.44590445, 34.73083722], [135.44580166, 34.73056444], [135.44563555, 34.73003361], [135.44555611, 34.72950417], [135.44555611, 34.72945197], [135.44555611, 34.72934278], [135.44555611, 34.72908194], [135.44555611, 34.72899722], [135.44562111, 34.72841417], [135.44585223, 34.72752694], [135.44602555, 34.7269125], [135.44625695, 34.72621028], [135.44641584, 34.72581056], [135.44651195, 34.72563722], [135.44657472, 34.72552444], [135.44679861, 34.72520528], [135.44726834, 34.72445361], [135.44755054, 34.72394397], [135.44757889, 34.72389278], [135.44763389, 34.72374222], [135.44783166, 34.7232025], [135.44799055, 34.72273723], [135.44802555, 34.72252972], [135.44806278, 34.72230777], [135.44810611, 34.72168889], [135.44803389, 34.72128917], [135.44788222, 34.72077639], [135.44760778, 34.72019917], [135.44733334, 34.71967444], [135.44695028, 34.71912694], [135.44651695, 34.71866167], [135.44617027, 34.71833972], [135.44581278, 34.71808639], [135.44541427, 34.71788023], [135.44523611, 34.71778806], [135.44515555, 34.71774639], [135.44444028, 34.71737056], [135.44348695, 34.71702], [135.44282361, 34.71677861], [135.44202778, 34.71648917], [135.4416533, 34.71637676], [135.441405, 34.71630222], [135.44131639, 34.71627556], [135.44072973, 34.71609944], [135.43958278, 34.71575528], [135.43819084, 34.71531806], [135.43816361, 34.71530944], [135.43697889, 34.71495139], [135.43658061, 34.71480487], [135.43590972, 34.71455806], [135.43467111, 34.71405833], [135.43365973, 34.71359917], [135.43271, 34.71315917], [135.43269916, 34.71315361], [135.43249978, 34.71305432], [135.43235778, 34.71298361], [135.43205416, 34.7128325], [135.4318, 34.71270583], [135.4315575, 34.71258194], [135.43109916, 34.71234778], [135.43054666, 34.71201528], [135.43019111, 34.71179361], [135.430135, 34.71175861], [135.42974111, 34.71146722], [135.42957889, 34.71134722], [135.42952491, 34.71129768], [135.42942305, 34.71120417], [135.42899649, 34.71081212], [135.42826438, 34.71166136], [135.42761937, 34.71116439], [135.42670211, 34.71009552], [135.42663424, 34.70991631], [135.42663652, 34.70969281], [135.4252173, 34.70700735], [135.42454207, 34.70588915], [135.42398111, 34.70571167], [135.42228361, 34.70525556], [135.42215398, 34.70521883], [135.41584215, 34.70372334], [135.41343939, 34.70317331], [135.41212222, 34.70269565], [135.41045766, 34.70171139], [135.40876415, 34.70062581], [135.40694037, 34.69922179], [135.40581928, 34.69828755], [135.40487545, 34.69872206], [135.4004896, 34.70055688], [135.39971308, 34.69963143], [135.39894518, 34.69871624], [135.39711731, 34.70019444], [135.39646092, 34.70072527], [135.39608333, 34.70019444], [135.39469444, 34.69852778], [135.39457627, 34.69870307], [135.39446466, 34.69854946], [135.39330556, 34.69713889], [135.39287517, 34.69655479], [135.39160192, 34.69482682], [135.38942428, 34.69187144], [135.38941667, 34.69186111], [135.38925439, 34.69177997], [135.38886111, 34.69158333], [135.38812832, 34.69176653], [135.38663889, 34.69213889], [135.38636111, 34.69241667], [135.3842026, 34.69311818], [135.38417833, 34.69312607], [135.38567712, 34.69555298], [135.38746062, 34.69842771], [135.38839314, 34.69980446], [135.38785152, 34.70071052], [135.38720664, 34.70036849], [135.38536725, 34.69728109], [135.38376551, 34.69456113], [135.38311514, 34.69347161], [135.38302778, 34.6935], [135.3816412, 34.69121214], [135.38156845, 34.6910921], [135.38136111, 34.69075], [135.3802026, 34.69107273], [135.37879628, 34.69146449], [135.37798674, 34.69169], [135.37897122, 34.69451769], [135.37950906, 34.69606247], [135.37891094, 34.69616134]]]}}, {"type": "Feature", "id": "did-1965-26", "properties": {"A16_001": "280071", "A16_002": "00287", "A16_003": "芦屋市", "A16_004": "1", "A16_005": "59763", "A16_006": "5.3", "A16_007": "53144", "A16_008": "5.0", "A16_009": "94.6", "A16_010": "32.92", "A16_011": "1965", "year": 1965, "population": 59763.0, "areaKm2": 5.3, "density": 11276.037735849057}, "geometry": {"type": "Polygon", "coordinates": [[[135.31621898, 34.74742847], [135.31632139, 34.74734139], [135.31650223, 34.74713222], [135.31662945, 34.74697333], [135.31667861, 34.74691167], [135.31685056, 34.74657556], [135.31694084, 34.74635889], [135.31709472, 34.74636056], [135.31730722, 34.74636278], [135.3173089, 34.7463565], [135.31733889, 34.74624417], [135.31737973, 34.74609], [135.31737973, 34.74571277], [135.31734361, 34.74538806], [135.31733973, 34.74528222], [135.31733889, 34.7452575], [135.31729834, 34.74505194], [135.31726934, 34.74493512], [135.31783801, 34.74426092], [135.3168687, 34.74190543], [135.31698491, 34.74144417], [135.31715362, 34.74144417], [135.31716306, 34.74138777], [135.3171774, 34.74130114], [135.31718528, 34.74125361], [135.31719862, 34.74115472], [135.31721805, 34.74101028], [135.317235, 34.74088389], [135.31705862, 34.74078694], [135.317045, 34.74073306], [135.31706556, 34.74067861], [135.31709027, 34.74061389], [135.31710834, 34.74056139], [135.31736027, 34.74056139], [135.31754695, 34.74056139], [135.31754799, 34.74053938], [135.31755084, 34.74047972], [135.31756111, 34.74026306], [135.31756527, 34.74017306], [135.31757416, 34.73998639], [135.31750638, 34.73993777], [135.31747139, 34.73993306], [135.31732166, 34.73991306], [135.31731195, 34.73991167], [135.31723056, 34.73984806], [135.31732527, 34.7396725], [135.31743862, 34.73948194], [135.31755084, 34.73941194], [135.31760584, 34.7393775], [135.31778223, 34.73933639], [135.31786806, 34.73925806], [135.31789084, 34.73910861], [135.31797666, 34.73899639], [135.31801945, 34.73891472], [135.31809139, 34.73877722], [135.31814861, 34.73866778], [135.31825472, 34.73856972], [135.31830834, 34.73852028], [135.31837916, 34.73845528], [135.31843305, 34.73838417], [135.31844723, 34.73836556], [135.31852473, 34.73834417], [135.31852806, 34.73834333], [135.31855556, 34.73833556], [135.31872306, 34.73835806], [135.31888138, 34.73836556], [135.31896723, 34.73833556], [135.31901862, 34.73827944], [135.31908028, 34.7382125], [135.31912556, 34.73812639], [135.31918889, 34.73813028], [135.31931056, 34.73813723], [135.31932, 34.73813778], [135.31939695, 34.73807806], [135.31948479, 34.73791619], [135.31953277, 34.73782777], [135.31956416, 34.73758111], [135.31956695, 34.73752833], [135.31957334, 34.73740944], [135.31951916, 34.73728972], [135.319415, 34.73726], [135.31930638, 34.73725611], [135.31917973, 34.737275], [135.31907584, 34.7372675], [135.31903056, 34.73723], [135.31906666, 34.73716277], [135.31918889, 34.73708056], [135.31935166, 34.73699111], [135.31955612, 34.736895], [135.31965419, 34.73684885], [135.31974084, 34.73680806], [135.31976638, 34.73679944], [135.31999389, 34.73672222], [135.32022028, 34.73669972], [135.32044639, 34.73666611], [135.32054138, 34.7366475], [135.32062277, 34.73659139], [135.32070508, 34.73642031], [135.32073584, 34.73635639], [135.32075695, 34.73630139], [135.32079416, 34.73620333], [135.32075834, 34.73610972], [135.32067555, 34.73599661], [135.32065445, 34.73596778], [135.32057305, 34.73585222], [135.32061805, 34.73569889], [135.32063826, 34.7356498], [135.32070824, 34.73547979], [135.32071638, 34.73546], [135.32077862, 34.73530833], [135.32083695, 34.73516694], [135.32093472, 34.73492889], [135.32093225, 34.73490606], [135.32093027, 34.73488777], [135.32079, 34.73480556], [135.32083556, 34.73459833], [135.32086695, 34.73445444], [135.32084889, 34.73426389], [135.32086223, 34.73416472], [135.3208625, 34.73416306], [135.32102084, 34.73416306], [135.32106056, 34.73417667], [135.32118362, 34.73421917], [135.32138666, 34.73423417], [135.32149527, 34.73422667], [135.32157463, 34.73415584], [135.32160388, 34.73412972], [135.32168084, 34.73397667], [135.32168112, 34.73397527], [135.3217, 34.73387972], [135.32170028, 34.73387833], [135.32171195, 34.73381972], [135.32172027, 34.73377833], [135.32173055, 34.73372639], [135.32175306, 34.73355083], [135.32177584, 34.73338639], [135.32179416, 34.73332333], [135.32181695, 34.73324417], [135.32182112, 34.73322972], [135.32208055, 34.73303056], [135.32221999, 34.73292361], [135.32222565, 34.73291927], [135.32232749, 34.73284111], [135.32244527, 34.73271417], [135.32250084, 34.73263583], [135.32253861, 34.7325825], [135.32258084, 34.73252306], [135.32264999, 34.73242556], [135.32265638, 34.73241694], [135.32272861, 34.732315], [135.32275888, 34.73227194], [135.32277166, 34.73225417], [135.32281473, 34.73219361], [135.32282249, 34.73218277], [135.32285467, 34.73213741], [135.32286584, 34.73212167], [135.32285223, 34.73208444], [135.32268028, 34.73204333], [135.3226732, 34.73204083], [135.32258528, 34.73200972], [135.32255834, 34.7319425], [135.32261249, 34.73179333], [135.32271027, 34.73165396], [135.32279334, 34.73153556], [135.32284166, 34.73144306], [135.32287945, 34.73137139], [135.32288388, 34.73133027], [135.32283081, 34.73130731], [135.32278889, 34.73128917], [135.32259445, 34.73121806], [135.32269862, 34.73099027], [135.32276389, 34.73090806], [135.32280249, 34.73085972], [135.32294278, 34.73083361], [135.32307623, 34.73081691], [135.32318249, 34.73080361], [135.32339499, 34.73079611], [135.32358416, 34.73076694], [135.32364111, 34.73075806], [135.32371612, 34.73074111], [135.32379027, 34.73072444], [135.32386722, 34.73068333], [135.32392139, 34.73059], [135.32391695, 34.73038083], [135.32389889, 34.73012667], [135.32389749, 34.73004194], [135.32389611, 34.72995667], [135.32389445, 34.72986527], [135.32391, 34.72974168], [135.32391971, 34.72966561], [135.32392138, 34.7296525], [135.32393056, 34.72949972], [135.32394028, 34.72941917], [135.32395916, 34.7292625], [135.32397112, 34.72916333], [135.32398472, 34.72911778], [135.32401084, 34.72902944], [135.32407084, 34.72882723], [135.32413, 34.72865056], [135.32413627, 34.72863191], [135.32426527, 34.72824833], [135.32434222, 34.72808778], [135.32441889, 34.72796833], [135.32447334, 34.7278225], [135.32449527, 34.72772639], [135.32451844, 34.72762363], [135.32452584, 34.72759083], [135.32454111, 34.72752361], [135.32456473, 34.72738889], [135.32463166, 34.72700472], [135.32466778, 34.72685556], [135.32464527, 34.72678833], [135.32454666, 34.72669889], [135.32449831, 34.72665501], [135.32440556, 34.72657083], [135.32438278, 34.7264775], [135.32437445, 34.72635194], [135.32437195, 34.72631306], [135.32436945, 34.72627667], [135.32435537, 34.72585623], [135.32434401, 34.7255168], [135.32434277, 34.7254798], [135.32434277, 34.7254798], [135.32433496, 34.72524655], [135.32343274, 34.72544705], [135.32237758, 34.72568153], [135.32233759, 34.72569041], [135.32223373, 34.72571349], [135.32219444, 34.72572222], [135.32222347, 34.72570287], [135.32262556, 34.72543481], [135.32193261, 34.7252332], [135.32155373, 34.72521968], [135.32067632, 34.72529923], [135.31927357, 34.72443401], [135.31893462, 34.72423481], [135.31815278, 34.72419833], [135.3171244, 34.72383332], [135.31610253, 34.72319502], [135.31539481, 34.72291219], [135.31469996, 34.72263579], [135.31417882, 34.72233368], [135.31294571, 34.7219524], [135.31218009, 34.72177242], [135.3119549, 34.72169529], [135.31156244, 34.72142531], [135.3105894, 34.72077324], [135.3101712, 34.72056112], [135.30968469, 34.72052825], [135.30898721, 34.72011565], [135.30817042, 34.71983141], [135.30615614, 34.71931742], [135.30618367, 34.7189415], [135.30488607, 34.71859167], [135.30483504, 34.71859896], [135.30398572, 34.71872029], [135.30358333, 34.71877778], [135.30358333, 34.71877778], [135.30353361, 34.71892111], [135.30350728, 34.71898075], [135.30346445, 34.71907778], [135.30342584, 34.71916528], [135.30338834, 34.71928694], [135.30339389, 34.71943667], [135.30319695, 34.71997222], [135.30308139, 34.72028694], [135.30296139, 34.72061333], [135.30290723, 34.72078611], [135.30289389, 34.72082944], [135.30271611, 34.7213975], [135.30251861, 34.72206306], [135.30247222, 34.72223056], [135.30245945, 34.72227583], [135.30241722, 34.72242861], [135.30222445, 34.72292556], [135.30220166, 34.72298444], [135.30201334, 34.72346861], [135.30197416, 34.72356972], [135.30182472, 34.724015], [135.30167445, 34.72436861], [135.30163084, 34.72447139], [135.30147361, 34.72484139], [135.30146778, 34.72485528], [135.30144737, 34.72490312], [135.30139361, 34.72502917], [135.30113639, 34.72563472], [135.301105, 34.725695], [135.30108445, 34.72573444], [135.30106778, 34.72576583], [135.3007375, 34.72639944], [135.30072055, 34.72643223], [135.30066978, 34.72651325], [135.30064361, 34.726555], [135.30053527, 34.72672778], [135.30040695, 34.7269325], [135.30040555, 34.72693472], [135.30036389, 34.72702833], [135.30032695, 34.72711167], [135.300285, 34.72720611], [135.3001875, 34.72742556], [135.30007472, 34.72767944], [135.3000704, 34.72768435], [135.29994666, 34.72782472], [135.29988889, 34.72793028], [135.29984528, 34.72801], [135.29971722, 34.72819028], [135.29959972, 34.72844139], [135.29930084, 34.72831361], [135.29900222, 34.72815944], [135.29905555, 34.72801417], [135.29904472, 34.72790417], [135.29895945, 34.72788639], [135.29879945, 34.72782028], [135.29865, 34.72775861], [135.29854861, 34.72774111], [135.29849528, 34.727785], [135.29839389, 34.72793944], [135.29823361, 34.72787333], [135.29780666, 34.727675], [135.29755166, 34.72760583], [135.2974775, 34.72758556], [135.29732361, 34.72754389], [135.29652389, 34.72732639], [135.29645555, 34.72730778], [135.29640864, 34.72729504], [135.29628167, 34.72726056], [135.29620084, 34.72723861], [135.29610416, 34.72744278], [135.29582723, 34.72802722], [135.29595528, 34.72807556], [135.29591166, 34.72817167], [135.29585916, 34.72828723], [135.29598695, 34.72833139], [135.29610452, 34.72837223], [135.29612611, 34.72837973], [135.29607278, 34.72853389], [135.29595445, 34.72877111], [135.29577389, 34.72913333], [135.29572325, 34.72931419], [135.2957175, 34.72933472], [135.29568805, 34.72943944], [135.2956725, 34.72949472], [135.29564066, 34.72954721], [135.29806399, 34.73013987], [135.29749668, 34.7316805], [135.29629767, 34.73139712], [135.29545094, 34.73323411], [135.29446846, 34.73429501], [135.29398219, 34.73458254], [135.29398219, 34.73458254], [135.29606206, 34.73669089], [135.29435077, 34.73835717], [135.29573951, 34.73965683], [135.29536398, 34.74023935], [135.29512373, 34.74080722], [135.29486591, 34.7411936], [135.29578316, 34.7410997], [135.29628709, 34.74014545], [135.29679102, 34.74017472], [135.29682032, 34.74073088], [135.29646857, 34.74075628], [135.29625763, 34.74099631], [135.29631036, 34.74110754], [135.29623725, 34.74130368], [135.29603665, 34.74128698], [135.29627904, 34.74226402], [135.29678055, 34.74213876], [135.29666353, 34.7414874], [135.29714832, 34.74157091], [135.29805938, 34.7404519], [135.29795072, 34.74130368], [135.2976763, 34.74298144], [135.29839166, 34.74175453], [135.30084106, 34.73829564], [135.30144185, 34.73926812], [135.30141856, 34.7394589], [135.30114819, 34.73999555], [135.30216449, 34.74038401], [135.30182916, 34.74119363], [135.30098431, 34.74110198], [135.30042434, 34.7429058], [135.30034516, 34.74303143], [135.30027065, 34.74308727], [135.29943233, 34.74312915], [135.29929727, 34.74350604], [135.29926002, 34.74354327], [135.29917618, 34.74355723], [135.29911564, 34.74354327], [135.29874569, 34.74338173], [135.29870845, 34.74397808], [135.29821435, 34.74428505], [135.2982019, 34.7445215], [135.29868769, 34.74450076], [135.29875795, 34.74555395], [135.2999007, 34.74521569], [135.30016351, 34.74510844], [135.30033749, 34.74495682], [135.30041522, 34.74481258], [135.30065248, 34.74432649], [135.30090049, 34.74395296], [135.30113739, 34.74374956], [135.30148238, 34.74351491], [135.3017489, 34.74334849], [135.30208945, 34.74318207], [135.30245221, 34.74306003], [135.303016, 34.74301125], [135.30308634, 34.74298167], [135.30320109, 34.74281525], [135.30319917, 34.74275374], [135.30272925, 34.74234755], [135.30283485, 34.74154571], [135.30340259, 34.74173869], [135.30374052, 34.74134304], [135.30332867, 34.74105291], [135.30400452, 34.74016139], [135.30423157, 34.74028272], [135.30409428, 34.74061506], [135.30440581, 34.74069419], [135.30464869, 34.74039877], [135.30466453, 34.74016666], [135.30507638, 34.74025107], [135.3049919, 34.74080497], [135.30649378, 34.74115316], [135.30657298, 34.74083664], [135.30697955, 34.74088939], [135.30693731, 34.74119536], [135.30747587, 34.74135889], [135.3082901, 34.73929975], [135.31094752, 34.74001323], [135.31096336, 34.74006071], [135.31093696, 34.74021897], [135.31043388, 34.74102834], [135.31006955, 34.74071182], [135.30983195, 34.74104944], [135.3095257, 34.74135013], [135.30929338, 34.74150839], [135.30907689, 34.74155586], [135.30865977, 34.74154004], [135.30860226, 34.7415808], [135.30845939, 34.74191585], [135.30795129, 34.74266346], [135.30761975, 34.74286891], [135.30752743, 34.74294018], [135.3074244, 34.74295473], [135.30685347, 34.74296269], [135.30585378, 34.74303446], [135.30539285, 34.74316604], [135.30501572, 34.74330957], [135.30469845, 34.74351292], [135.30445302, 34.74379999], [135.3042435, 34.74415883], [135.30418364, 34.74432629], [135.30505163, 34.74405716], [135.3061471, 34.74380597], [135.3072725, 34.7437342], [135.30887417, 34.74362695], [135.31035276, 34.7437346], [135.3105503, 34.74377647], [135.31060492, 34.74384956], [135.31061689, 34.7440529], [135.31050914, 34.74427419], [135.31036547, 34.74441174], [135.31012004, 34.74453136], [135.30900661, 34.74485431], [135.31022969, 34.74565183], [135.31036139, 34.74561595], [135.3114808, 34.74650109], [135.31164493, 34.74726282], [135.31254551, 34.74728282], [135.31266893, 34.74759273], [135.31277233, 34.74779268], [135.31300965, 34.74805028], [135.31341992, 34.74831021], [135.31420897, 34.74865738], [135.31422439, 34.74866362], [135.31418584, 34.7486125], [135.31415416, 34.74852667], [135.31418138, 34.74845194], [135.31426278, 34.74841444], [135.31441195, 34.74843306], [135.31468749, 34.74848556], [135.31471925, 34.74848742], [135.31487749, 34.74849667], [135.31502223, 34.74844056], [135.31518499, 34.74831361], [135.31527556, 34.74818667], [135.31532527, 34.74808583], [135.31542473, 34.74804833], [135.3156375, 34.7479925], [135.31580027, 34.74787667], [135.31588612, 34.74775722], [135.3158825, 34.74771444], [135.31602611, 34.7475925], [135.3160875, 34.74754028], [135.31619979, 34.74744479], [135.31621898, 34.74742847]]]}}, {"type": "Feature", "id": "did-1965-27", "properties": {"A16_001": "281011", "A16_002": "28101", "A16_003": "東灘区", "A16_004": "1", "A16_005": "148283", "A16_006": "11.2", "A16_007": "128535", "A16_008": "10.3", "A16_009": "95.1", "A16_010": "38.23", "A16_011": "1965", "year": 1965, "population": 148283.0, "areaKm2": 11.2, "density": 13239.553571428572}, "geometry": {"type": "Polygon", "coordinates": [[[135.30358333, 34.71877778], [135.30055124, 34.71932907], [135.30052778, 34.71933333], [135.30052778, 34.71903139], [135.30052778, 34.71898839], [135.30052778, 34.71877778], [135.29874327, 34.71917434], [135.298196, 34.71929595], [135.29802778, 34.71933333], [135.2979353, 34.71933333], [135.29416478, 34.71933333], [135.29413889, 34.71933333], [135.29415195, 34.71932811], [135.29473485, 34.71909495], [135.29409285, 34.71896039], [135.29365474, 34.71894845], [135.29358333, 34.71905556], [135.29322706, 34.7189368], [135.2931596, 34.71891431], [135.29291611, 34.71883315], [135.29275, 34.71877778], [135.29194902, 34.71867615], [135.29166603, 34.71875273], [135.29119439, 34.71874684], [135.29070507, 34.71854657], [135.29116419, 34.71768284], [135.29108333, 34.71766667], [135.29131056, 34.7172122], [135.29136111, 34.71711111], [135.29114234, 34.71711111], [135.29113453, 34.71711111], [135.29108333, 34.71711111], [135.29163889, 34.71627778], [135.29167206, 34.71631095], [135.29191667, 34.71655556], [135.29175092, 34.71616881], [135.29150376, 34.71559211], [135.29114277, 34.7147498], [135.29108333, 34.71461111], [135.29080556, 34.71461111], [135.29080556, 34.71484387], [135.29080556, 34.71516667], [135.29027825, 34.71481513], [135.28997222, 34.71461111], [135.28956717, 34.71481364], [135.28949088, 34.71485178], [135.28941667, 34.71488889], [135.28932838, 34.71485578], [135.28730053, 34.71409534], [135.28663519, 34.71493627], [135.28535592, 34.71430337], [135.28422478, 34.713657], [135.28320137, 34.71346848], [135.28239341, 34.71315876], [135.28181437, 34.71275478], [135.28163931, 34.71244506], [135.28163889, 34.71211111], [135.28181782, 34.71187253], [135.28181782, 34.71176442], [135.28171879, 34.71163042], [135.27985856, 34.71057192], [135.28014764, 34.7100304], [135.2795049, 34.70992011], [135.27764133, 34.70859884], [135.27595312, 34.70851754], [135.2747395, 34.70798853], [135.27357538, 34.70757994], [135.2721822, 34.70717979], [135.27108333, 34.70655556], [135.26941667, 34.706], [135.26829307, 34.70667416], [135.26802778, 34.70683333], [135.26775, 34.70655556], [135.26776977, 34.70638748], [135.26777904, 34.70630868], [135.26786025, 34.70561844], [135.26829835, 34.70189454], [135.26830556, 34.70183333], [135.26802778, 34.70155556], [135.26741705, 34.70149324], [135.26730866, 34.70148218], [135.26719432, 34.70147051], [135.26083133, 34.70082122], [135.25441667, 34.70016667], [135.25330124, 34.70671329], [135.25425038, 34.70806546], [135.25507861, 34.70805898], [135.25873443, 34.70797474], [135.25986325, 34.70808438], [135.25983915, 34.70836117], [135.25823281, 34.70846147], [135.25526164, 34.70863844], [135.25159167, 34.70851878], [135.25124702, 34.70830357], [135.24802761, 34.70830819], [135.2480196, 34.70811746], [135.2480196, 34.70811746], [135.24762916, 34.70813722], [135.24760557, 34.70813788], [135.24721195, 34.70814889], [135.24713639, 34.70815139], [135.24643778, 34.70817306], [135.24598334, 34.70819833], [135.24579973, 34.70820861], [135.24577972, 34.70820973], [135.24553639, 34.70819], [135.24533114, 34.70817334], [135.24518389, 34.70816139], [135.2451275, 34.70815694], [135.24504166, 34.70828889], [135.24493028, 34.70845972], [135.24490472, 34.70849889], [135.24484666, 34.70858833], [135.24477389, 34.7087], [135.24469389, 34.70887667], [135.24449445, 34.70931639], [135.24447861, 34.70935139], [135.24419945, 34.70996694], [135.24407666, 34.70994667], [135.24397035, 34.71017009], [135.24394278, 34.71022806], [135.24389482, 34.71032857], [135.24388472, 34.71034972], [135.24372222, 34.71069167], [135.24353195, 34.71109139], [135.24344472, 34.71127444], [135.24341805, 34.71133056], [135.24334777, 34.71147861], [135.24327555, 34.71163], [135.24325416, 34.711675], [135.24323155, 34.71172256], [135.243165, 34.7118625], [135.24310445, 34.71199028], [135.24324944, 34.71203392], [135.24325028, 34.71203417], [135.24366445, 34.71215833], [135.24416723, 34.71230917], [135.24424472, 34.7123325], [135.2443985, 34.71237861], [135.24439945, 34.71237889], [135.24484166, 34.71251167], [135.24533389, 34.71265944], [135.24538972, 34.71267611], [135.24539791, 34.71267857], [135.24579305, 34.71279723], [135.24632926, 34.71296133], [135.24642111, 34.71298944], [135.24656555, 34.71303361], [135.24721166, 34.71323111], [135.24745611, 34.71330917], [135.24757472, 34.71334472], [135.24762445, 34.71335944], [135.24768755, 34.71337833], [135.24788805, 34.71343833], [135.24836723, 34.71365333], [135.24856647, 34.71376436], [135.24857111, 34.71376694], [135.24860972, 34.71378806], [135.24884611, 34.71391972], [135.24898166, 34.71397667], [135.24901445, 34.71399028], [135.24928445, 34.71410306], [135.24940639, 34.71415417], [135.24942488, 34.71416192], [135.24944531, 34.71417048], [135.24956084, 34.71421889], [135.24961055, 34.71423944], [135.24965805, 34.71425944], [135.24952166, 34.71473667], [135.24950722, 34.71478694], [135.24948111, 34.71487833], [135.24932695, 34.71553306], [135.24932389, 34.71554606], [135.24930007, 34.71564741], [135.24928334, 34.71571861], [135.24926334, 34.71580944], [135.24916834, 34.7162375], [135.24907462, 34.71666094], [135.24901778, 34.71691778], [135.24893973, 34.71717583], [135.24874166, 34.71761444], [135.24862777, 34.71775056], [135.24860629, 34.7177762], [135.24849695, 34.71790667], [135.24843838, 34.71799135], [135.24814305, 34.71841833], [135.24795028, 34.71874083], [135.24792581, 34.71886025], [135.2479133, 34.71892127], [135.24788527, 34.71905806], [135.24787107, 34.71912744], [135.24783055, 34.71932528], [135.24758055, 34.71985417], [135.24733707, 34.72010234], [135.24729195, 34.72014833], [135.24721139, 34.72023056], [135.24710055, 34.72033583], [135.24700972, 34.72041083], [135.24693055, 34.72047611], [135.24679861, 34.72060861], [135.24662389, 34.72088944], [135.2464825, 34.72120028], [135.24640445, 34.72130611], [135.24635028, 34.72137944], [135.24624639, 34.72152333], [135.24615666, 34.72170277], [135.24607166, 34.72181194], [135.24606555, 34.72181611], [135.24589778, 34.72193472], [135.24584528, 34.72197167], [135.24503805, 34.72254667], [135.24470307, 34.72278395], [135.24460316, 34.72285472], [135.24452472, 34.72291027], [135.24414431, 34.72317968], [135.24414431, 34.72317968], [135.2446963, 34.72348854], [135.24458805, 34.72374271], [135.24575952, 34.72426254], [135.24555106, 34.72485651], [135.24731143, 34.72494907], [135.24718018, 34.72347572], [135.25055805, 34.72434855], [135.25268675, 34.72475831], [135.2529984, 34.72624149], [135.25364801, 34.72625868], [135.25381579, 34.72664282], [135.25449344, 34.72664282], [135.25476017, 34.72730473], [135.25497527, 34.72726605], [135.25518607, 34.72759701], [135.25699069, 34.72723292], [135.25729614, 34.72789914], [135.25874755, 34.72789914], [135.25915243, 34.72921163], [135.2589422, 34.7299805], [135.26009946, 34.73081864], [135.25981963, 34.73003463], [135.26066037, 34.72924689], [135.26107337, 34.72837006], [135.26235109, 34.72885146], [135.26340638, 34.72943821], [135.26237387, 34.7301474], [135.26352253, 34.73043538], [135.26418505, 34.73020328], [135.26492832, 34.73024655], [135.26574142, 34.73039698], [135.26610482, 34.72974127], [135.2661754, 34.72969426], [135.26628142, 34.729701], [135.26652492, 34.72982612], [135.26703976, 34.72995124], [135.26754763, 34.73022927], [135.2690504, 34.73031268], [135.27115574, 34.73015975], [135.27148969, 34.73025011], [135.27243716, 34.73084914], [135.27149794, 34.73185702], [135.27119857, 34.73237338], [135.271943, 34.73242899], [135.27188038, 34.73307542], [135.27226467, 34.73304067], [135.27226467, 34.73355137], [135.27229946, 34.7341978], [135.2720977, 34.73464265], [135.27267515, 34.73494154], [135.27309258, 34.73508751], [135.27343349, 34.7350319], [135.27394832, 34.73482338], [135.27446316, 34.73458705], [135.274784, 34.7334923], [135.27556321, 34.73299183], [135.27578683, 34.73271201], [135.27582161, 34.73230886], [135.27571725, 34.73216984], [135.27507719, 34.73153731], [135.27557811, 34.73085612], [135.27632949, 34.73117586], [135.27710174, 34.73136354], [135.27920689, 34.73128013], [135.28099142, 34.73102298], [135.28125579, 34.73074495], [135.28174975, 34.73064764], [135.28229938, 34.73068239], [135.28236895, 34.73107164], [135.28243156, 34.73134968], [135.28268202, 34.73155125], [135.28307163, 34.73162076], [135.28341253, 34.73164161], [135.28376735, 34.73150955], [135.28462309, 34.73112725], [135.28569678, 34.73263092], [135.28564273, 34.73308527], [135.28626888, 34.73333551], [135.28700635, 34.73346062], [135.28641385, 34.73251034], [135.28673389, 34.73222535], [135.28639994, 34.73162757], [135.28685216, 34.73164843], [135.28695652, 34.73127308], [135.28801665, 34.73197814], [135.28853148, 34.73226313], [135.28999946, 34.73240215], [135.2923283, 34.73243026], [135.29275269, 34.73261794], [135.29307272, 34.73295158], [135.29322682, 34.73332364], [135.29323969, 34.73335473], [135.29322796, 34.73398765], [135.29398219, 34.73458254], [135.29398219, 34.73458254], [135.29446846, 34.73429501], [135.29545094, 34.73323411], [135.29629767, 34.73139712], [135.29749668, 34.7316805], [135.29806399, 34.73013987], [135.29564066, 34.72954721], [135.2956725, 34.72949472], [135.29568805, 34.72943944], [135.2957175, 34.72933472], [135.29572325, 34.72931419], [135.29577389, 34.72913333], [135.29595445, 34.72877111], [135.29607278, 34.72853389], [135.29612611, 34.72837973], [135.29610452, 34.72837223], [135.29598695, 34.72833139], [135.29585916, 34.72828723], [135.29591166, 34.72817167], [135.29595528, 34.72807556], [135.29582723, 34.72802722], [135.29610416, 34.72744278], [135.29620084, 34.72723861], [135.29628167, 34.72726056], [135.29640864, 34.72729504], [135.29645555, 34.72730778], [135.29652389, 34.72732639], [135.29732361, 34.72754389], [135.2974775, 34.72758556], [135.29755166, 34.72760583], [135.29780666, 34.727675], [135.29823361, 34.72787333], [135.29839389, 34.72793944], [135.29849528, 34.727785], [135.29854861, 34.72774111], [135.29865, 34.72775861], [135.29879945, 34.72782028], [135.29895945, 34.72788639], [135.29904472, 34.72790417], [135.29905555, 34.72801417], [135.29900222, 34.72815944], [135.29930084, 34.72831361], [135.29959972, 34.72844139], [135.29971722, 34.72819028], [135.29984528, 34.72801], [135.29988889, 34.72793028], [135.29994666, 34.72782472], [135.3000704, 34.72768435], [135.30007472, 34.72767944], [135.3001875, 34.72742556], [135.300285, 34.72720611], [135.30032695, 34.72711167], [135.30036389, 34.72702833], [135.30040555, 34.72693472], [135.30040695, 34.7269325], [135.30053527, 34.72672778], [135.30064361, 34.726555], [135.30066978, 34.72651325], [135.30072055, 34.72643223], [135.3007375, 34.72639944], [135.30106778, 34.72576583], [135.30108445, 34.72573444], [135.301105, 34.725695], [135.30113639, 34.72563472], [135.30139361, 34.72502917], [135.30144737, 34.72490312], [135.30146778, 34.72485528], [135.30147361, 34.72484139], [135.30163084, 34.72447139], [135.30167445, 34.72436861], [135.30182472, 34.724015], [135.30197416, 34.72356972], [135.30201334, 34.72346861], [135.30220166, 34.72298444], [135.30222445, 34.72292556], [135.30241722, 34.72242861], [135.30245945, 34.72227583], [135.30247222, 34.72223056], [135.30251861, 34.72206306], [135.30271611, 34.7213975], [135.30289389, 34.72082944], [135.30290723, 34.72078611], [135.30296139, 34.72061333], [135.30308139, 34.72028694], [135.30319695, 34.71997222], [135.30339389, 34.71943667], [135.30338834, 34.71928694], [135.30342584, 34.71916528], [135.30346445, 34.71907778], [135.30350728, 34.71898075], [135.30353361, 34.71892111], [135.30358333, 34.71877778]]]}}, {"type": "Feature", "id": "did-1965-28", "properties": {"A16_001": "281052", "A16_002": "28105", "A16_003": "兵庫区", "A16_004": "2", "A16_005": "10943", "A16_006": "1.6", "A16_007": "0", "A16_008": "0.0", "A16_009": "4.3", "A16_010": "0.61", "A16_011": "1965", "year": 1965, "population": 10943.0, "areaKm2": 1.6, "density": 6839.375}, "geometry": {"type": "Polygon", "coordinates": [[[135.14543841, 34.71582484], [135.14393007, 34.71635856], [135.14432287, 34.71686088], [135.14454283, 34.71828936], [135.14369439, 34.71846203], [135.14336444, 34.71946668], [135.14271767, 34.72000317], [135.14311047, 34.72122758], [135.14197921, 34.7223735], [135.14212062, 34.72293862], [135.13950802, 34.72418422], [135.13615272, 34.72404359], [135.13585419, 34.72446743], [135.13475436, 34.72509533], [135.13431443, 34.72555056], [135.13685976, 34.72675927], [135.13921654, 34.72788949], [135.14000214, 34.72777961], [135.13982931, 34.72704183], [135.14275745, 34.72742141], [135.14200357, 34.73144616], [135.14287958, 34.73139804], [135.14493937, 34.72986837], [135.14561127, 34.72959325], [135.14611796, 34.7304076], [135.14458678, 34.73174228], [135.14335311, 34.73318391], [135.14297081, 34.73358823], [135.14435346, 34.73361963], [135.14465199, 34.73349405], [135.14517048, 34.7337766], [135.14934985, 34.73416904], [135.14983692, 34.73388648], [135.1494127, 34.73283475], [135.14762154, 34.73156325], [135.1477001, 34.73063709], [135.14919273, 34.73139057], [135.15005689, 34.73150046], [135.15052825, 34.73165743], [135.15275934, 34.73128069], [135.15202088, 34.73040163], [135.15170664, 34.72999349], [135.14801434, 34.72958535], [135.14788861, 34.72873086], [135.14944409, 34.72835412], [135.15070104, 34.72830702], [135.15384343, 34.72739657], [135.15423622, 34.72694134], [135.15491184, 34.72672157], [135.1565773, 34.7265646], [135.15450255, 34.7251931], [135.15439257, 34.72487915], [135.15453397, 34.72478496], [135.155497, 34.72500235], [135.15661254, 34.72486107], [135.1565497, 34.72440584], [135.1556384, 34.72451573], [135.15489994, 34.72238086], [135.15221321, 34.72233377], [135.14944465, 34.72160788], [135.14825055, 34.72112125], [135.14831339, 34.72024219], [135.14746495, 34.72000673], [135.14771664, 34.71926261], [135.14722957, 34.71811669], [135.14650682, 34.71769285], [135.14543841, 34.71582484]]]}}, {"type": "Feature", "id": "did-1965-29", "properties": {"A16_001": "281021", "A16_002": "28102", "A16_003": "灘区", "A16_004": "1", "A16_005": "165299", "A16_006": "9.1", "A16_007": "153994", "A16_008": "8.0", "A16_009": "97.8", "A16_010": "46.19", "A16_011": "1965", "year": 1965, "population": 165299.0, "areaKm2": 9.1, "density": 18164.725274725275}, "geometry": {"type": "Polygon", "coordinates": [[[135.24414431, 34.72317968], [135.24452472, 34.72291027], [135.24460316, 34.72285472], [135.24470307, 34.72278395], [135.24503805, 34.72254667], [135.24584528, 34.72197167], [135.24589778, 34.72193472], [135.24606555, 34.72181611], [135.24607166, 34.72181194], [135.24615666, 34.72170277], [135.24624639, 34.72152333], [135.24635028, 34.72137944], [135.24640445, 34.72130611], [135.2464825, 34.72120028], [135.24662389, 34.72088944], [135.24679861, 34.72060861], [135.24693055, 34.72047611], [135.24700972, 34.72041083], [135.24710055, 34.72033583], [135.24721139, 34.72023056], [135.24729195, 34.72014833], [135.24733707, 34.72010234], [135.24758055, 34.71985417], [135.24783055, 34.71932528], [135.24787107, 34.71912744], [135.24788527, 34.71905806], [135.2479133, 34.71892127], [135.24792581, 34.71886025], [135.24795028, 34.71874083], [135.24814305, 34.71841833], [135.24843838, 34.71799135], [135.24849695, 34.71790667], [135.24860629, 34.7177762], [135.24862777, 34.71775056], [135.24874166, 34.71761444], [135.24893973, 34.71717583], [135.24901778, 34.71691778], [135.24907462, 34.71666094], [135.24916834, 34.7162375], [135.24926334, 34.71580944], [135.24928334, 34.71571861], [135.24930007, 34.71564741], [135.24932389, 34.71554606], [135.24932695, 34.71553306], [135.24948111, 34.71487833], [135.24950722, 34.71478694], [135.24952166, 34.71473667], [135.24965805, 34.71425944], [135.24961055, 34.71423944], [135.24956084, 34.71421889], [135.24944531, 34.71417048], [135.24942488, 34.71416192], [135.24940639, 34.71415417], [135.24928445, 34.71410306], [135.24901445, 34.71399028], [135.24898166, 34.71397667], [135.24884611, 34.71391972], [135.24860972, 34.71378806], [135.24857111, 34.71376694], [135.24856647, 34.71376436], [135.24836723, 34.71365333], [135.24788805, 34.71343833], [135.24768755, 34.71337833], [135.24762445, 34.71335944], [135.24757472, 34.71334472], [135.24745611, 34.71330917], [135.24721166, 34.71323111], [135.24656555, 34.71303361], [135.24642111, 34.71298944], [135.24632926, 34.71296133], [135.24579305, 34.71279723], [135.24539791, 34.71267857], [135.24538972, 34.71267611], [135.24533389, 34.71265944], [135.24484166, 34.71251167], [135.24439945, 34.71237889], [135.2443985, 34.71237861], [135.24424472, 34.7123325], [135.24416723, 34.71230917], [135.24366445, 34.71215833], [135.24325028, 34.71203417], [135.24324944, 34.71203392], [135.24310445, 34.71199028], [135.243165, 34.7118625], [135.24323155, 34.71172256], [135.24325416, 34.711675], [135.24327555, 34.71163], [135.24334777, 34.71147861], [135.24341805, 34.71133056], [135.24344472, 34.71127444], [135.24353195, 34.71109139], [135.24372222, 34.71069167], [135.24388472, 34.71034972], [135.24389482, 34.71032857], [135.24394278, 34.71022806], [135.24397035, 34.71017009], [135.24407666, 34.70994667], [135.24419945, 34.70996694], [135.24447861, 34.70935139], [135.24449445, 34.70931639], [135.24469389, 34.70887667], [135.24477389, 34.7087], [135.24484666, 34.70858833], [135.24490472, 34.70849889], [135.24493028, 34.70845972], [135.24504166, 34.70828889], [135.2451275, 34.70815694], [135.24518389, 34.70816139], [135.24533114, 34.70817334], [135.24553639, 34.70819], [135.24577972, 34.70820973], [135.24579973, 34.70820861], [135.24598334, 34.70819833], [135.24643778, 34.70817306], [135.24713639, 34.70815139], [135.24721195, 34.70814889], [135.24760557, 34.70813788], [135.24762916, 34.70813722], [135.2480196, 34.70811746], [135.2480196, 34.70811746], [135.24800817, 34.70784524], [135.24973895, 34.70777189], [135.2498805, 34.70730291], [135.25205205, 34.70734179], [135.25251891, 34.69994769], [135.24719444, 34.69933333], [135.24497222, 34.69905556], [135.23969444, 34.70127778], [135.23608333, 34.701], [135.23580556, 34.70211111], [135.23557343, 34.70211111], [135.23449557, 34.70211111], [135.23434296, 34.70211111], [135.23413889, 34.70211111], [135.23451304, 34.70117574], [135.23462828, 34.70088763], [135.23469444, 34.70072222], [135.23282541, 34.70049794], [135.22787703, 34.69990413], [135.22775, 34.69988889], [135.22775, 34.6985], [135.22831439, 34.69847742], [135.22836854, 34.69830089], [135.22852608, 34.69803579], [135.23113181, 34.69621018], [135.23175661, 34.69561685], [135.23190978, 34.69545478], [135.23318105, 34.69354787], [135.23339123, 34.6932326], [135.23358333, 34.69294444], [135.23136111, 34.69266667], [135.22962587, 34.69564137], [135.22941667, 34.696], [135.22772887, 34.69575889], [135.22747222, 34.69572222], [135.22881866, 34.69360639], [135.22937434, 34.69273318], [135.22941667, 34.69266667], [135.22928281, 34.69264994], [135.22719444, 34.69238889], [135.22577531, 34.69461896], [135.22546145, 34.69511217], [135.22525, 34.69544444], [135.22367936, 34.69522007], [135.22330556, 34.69516667], [135.22433865, 34.69354324], [135.2252358, 34.69213342], [135.22525, 34.69211111], [135.22499248, 34.69206819], [135.22365137, 34.69184467], [135.22358333, 34.69183333], [135.22026965, 34.69436733], [135.2182089, 34.6937118], [135.2178785, 34.69428687], [135.21945347, 34.69499146], [135.22012393, 34.69529141], [135.21992946, 34.69590753], [135.22643638, 34.6986697], [135.2263789, 34.69958228], [135.22525309, 34.70118287], [135.22389043, 34.70064487], [135.2244909, 34.69953031], [135.219895, 34.69814329], [135.21875239, 34.69768986], [135.21875239, 34.69768986], [135.21870262, 34.69826783], [135.21863805, 34.6990175], [135.2185925, 34.69930278], [135.2185309, 34.69968921], [135.21848584, 34.69997194], [135.21840695, 34.70019611], [135.21837527, 34.70028635], [135.21836639, 34.70031167], [135.21812195, 34.70089306], [135.21794305, 34.70131167], [135.21781555, 34.70183639], [135.21780416, 34.70188278], [135.21778139, 34.70197472], [135.21777611, 34.70199639], [135.21777577, 34.70199777], [135.21776062, 34.70205928], [135.21774889, 34.70210694], [135.21756389, 34.70203944], [135.21736139, 34.70196528], [135.21710305, 34.70186], [135.21701735, 34.70182503], [135.21692945, 34.70178917], [135.21663584, 34.70215972], [135.21646889, 34.70234917], [135.21640805, 34.70241833], [135.21635055, 34.70248333], [135.21631354, 34.70252533], [135.21622889, 34.70262139], [135.21614611, 34.70260444], [135.21605666, 34.70286306], [135.215845, 34.70326944], [135.21584443, 34.70327054], [135.21581805, 34.70332111], [135.21577028, 34.70342194], [135.21541195, 34.70418167], [135.21539362, 34.7042204], [135.21532861, 34.70435778], [135.21531222, 34.70439278], [135.21524389, 34.7045375], [135.21493389, 34.70517778], [135.21490778, 34.70524667], [135.21489027, 34.7052925], [135.21487971, 34.70532032], [135.21481973, 34.70547833], [135.21475592, 34.70564615], [135.21471305, 34.70575889], [135.21462988, 34.70597396], [135.21461778, 34.70600528], [135.2145775, 34.70606583], [135.21450928, 34.70616795], [135.21448639, 34.70620222], [135.21440241, 34.70630057], [135.21439389, 34.70631056], [135.21439, 34.706315], [135.2143725, 34.70633556], [135.21427528, 34.70644944], [135.21423445, 34.7064975], [135.2139912, 34.7068337], [135.21395166, 34.70688833], [135.21390639, 34.70695056], [135.21377527, 34.70713278], [135.21371692, 34.70725636], [135.21350666, 34.70770167], [135.21328139, 34.70809], [135.21328111, 34.70809047], [135.21302389, 34.70853417], [135.21292889, 34.70870639], [135.21291082, 34.70873906], [135.2128725, 34.70880833], [135.21271584, 34.70909222], [135.21265416, 34.70920417], [135.21263166, 34.709245], [135.21261, 34.70928417], [135.212505, 34.70947472], [135.21214084, 34.71004361], [135.21211416, 34.71008556], [135.21181777, 34.71056985], [135.2117857, 34.71062226], [135.21127334, 34.71145944], [135.21122805, 34.71153139], [135.21118945, 34.7115925], [135.21117119, 34.71162143], [135.21079, 34.71222528], [135.21061111, 34.712575], [135.21051195, 34.71277167], [135.21049195, 34.71281167], [135.21049028, 34.71281417], [135.21048918, 34.71281565], [135.21046028, 34.71285472], [135.21028305, 34.71309722], [135.21000278, 34.7134125], [135.209935, 34.71348694], [135.20989834, 34.71352778], [135.20986139, 34.71356833], [135.20982584, 34.71360759], [135.20968278, 34.71376556], [135.2096475, 34.71380473], [135.2096075, 34.71384861], [135.20956139, 34.71389972], [135.20951361, 34.71397361], [135.20945055, 34.71416417], [135.2094375, 34.71420389], [135.2094327, 34.71421857], [135.20942195, 34.71425139], [135.20922, 34.71486278], [135.20920305, 34.71492861], [135.20918861, 34.71498389], [135.20918638, 34.7149925], [135.20882964, 34.71637139], [135.20882964, 34.71637139], [135.20893021, 34.71641786], [135.20943896, 34.71662695], [135.20954769, 34.71630622], [135.21188332, 34.71739297], [135.21260147, 34.7175263], [135.21485489, 34.71884264], [135.21565103, 34.71998885], [135.2170827, 34.71992502], [135.21777284, 34.71882284], [135.21863552, 34.71919372], [135.21942673, 34.71965631], [135.2192542, 34.72058611], [135.22058832, 34.72123162], [135.22021188, 34.72215619], [135.22088628, 34.72271312], [135.22099957, 34.72337355], [135.22059685, 34.72484141], [135.22020101, 34.7254033], [135.22017777, 34.72551153], [135.22020691, 34.72567743], [135.22024769, 34.72573855], [135.22036131, 34.72577348], [135.22042831, 34.72578512], [135.22059627, 34.72573537], [135.22167033, 34.72483789], [135.22213268, 34.72428714], [135.22305283, 34.7230518], [135.22391232, 34.72242998], [135.22406077, 34.72183024], [135.22412597, 34.72161704], [135.22431565, 34.72156966], [135.22562107, 34.72256739], [135.22559143, 34.72301154], [135.22581667, 34.72318921], [135.22607156, 34.72320697], [135.22626717, 34.7233491], [135.22634548, 34.72377268], [135.22658258, 34.72406287], [135.22721682, 34.72445373], [135.22845567, 34.7249571], [135.22893425, 34.72505778], [135.22971076, 34.7247676], [135.23029166, 34.72473799], [135.23097332, 34.72486827], [135.23125367, 34.72552135], [135.23252216, 34.72553911], [135.23252216, 34.72694265], [135.23243338, 34.72747326], [135.23207773, 34.72863992], [135.23171547, 34.7293553], [135.23166212, 34.72982907], [135.23210763, 34.73136514], [135.2333939, 34.73122893], [135.23516948, 34.73293663], [135.23517541, 34.7324451], [135.23546586, 34.73231481], [135.23547179, 34.73194764], [135.23574445, 34.73185881], [135.23585696, 34.72879883], [135.23577981, 34.72781164], [135.23742466, 34.72820266], [135.23767379, 34.72670816], [135.2382784, 34.72687398], [135.23810792, 34.72827466], [135.23880736, 34.72845232], [135.23892032, 34.72717105], [135.23982902, 34.72732443], [135.23995582, 34.72657682], [135.23917795, 34.72535194], [135.24018411, 34.72554623], [135.2401942, 34.72605469], [135.24088752, 34.72616451], [135.24096362, 34.72670514], [135.24129337, 34.72669669], [135.24131028, 34.72588574], [135.24182604, 34.72487205], [135.24206337, 34.72382972], [135.24250304, 34.72386351], [135.24251149, 34.72426899], [135.24308538, 34.72438495], [135.24401651, 34.72457309], [135.24358182, 34.72357842], [135.24414111, 34.72318194], [135.24414431, 34.72317968]]]}}, {"type": "Feature", "id": "did-1965-30", "properties": {"A16_001": "281031", "A16_002": "28103", "A16_003": "葺合区", "A16_004": "1", "A16_005": "93781", "A16_006": "4.8", "A16_007": "91774", "A16_008": "4.8", "A16_009": "98.8", "A16_010": "48.48", "A16_011": "1965", "year": 1965, "population": 93781.0, "areaKm2": 4.8, "density": 19537.708333333336}, "geometry": {"type": "Polygon", "coordinates": [[[135.21875239, 34.69768986], [135.21437699, 34.69595357], [135.21237783, 34.69415848], [135.21137661, 34.69518187], [135.20652036, 34.69239815], [135.20565777, 34.69245201], [135.20481058, 34.69195186], [135.20437112, 34.68889279], [135.20468689, 34.68886201], [135.20484189, 34.68991896], [135.20781945, 34.69169171], [135.21133574, 34.69337514], [135.21388032, 34.69238078], [135.21386111, 34.69211111], [135.21354287, 34.69195199], [135.21330556, 34.69183333], [135.21448619, 34.69097469], [135.2163458, 34.68962225], [135.21636111, 34.68961111], [135.21630495, 34.68958303], [135.21601866, 34.68943989], [135.21594756, 34.68940434], [135.21580556, 34.68933333], [135.21275919, 34.69154887], [135.21275, 34.69155556], [135.21263014, 34.69148364], [135.21175093, 34.69095611], [135.21136111, 34.69072222], [135.21300294, 34.68962767], [135.21302778, 34.68961111], [135.21287096, 34.6895327], [135.21266932, 34.68943188], [135.21247222, 34.68933333], [135.21098389, 34.69032555], [135.21080556, 34.69044444], [135.21052778, 34.69044444], [135.21141601, 34.68973386], [135.21191667, 34.68933333], [135.21175876, 34.68901753], [135.21173898, 34.68897796], [135.21163889, 34.68877778], [135.21007397, 34.69008187], [135.20997222, 34.69016667], [135.20858333, 34.68933333], [135.20936094, 34.68879499], [135.21219444, 34.68683333], [135.21207183, 34.68671072], [135.21195966, 34.68659855], [135.21236258, 34.68629271], [135.21046026, 34.68523854], [135.20652698, 34.68830516], [135.20525, 34.68766667], [135.2088302, 34.68491267], [135.20886111, 34.68488889], [135.20747222, 34.68405556], [135.20393287, 34.68677814], [135.20386111, 34.68683333], [135.20302778, 34.686], [135.20412147, 34.68463288], [135.20413889, 34.68461111], [135.20361656, 34.68434995], [135.20358333, 34.68433333], [135.20344147, 34.68451067], [135.20262535, 34.68553082], [135.20247222, 34.68572222], [135.2016583, 34.6849083], [135.2016583, 34.6849083], [135.20131047, 34.68490523], [135.20125122, 34.6849047], [135.20119678, 34.68501037], [135.20110582, 34.68518689], [135.20036425, 34.68507512], [135.19980325, 34.68496221], [135.19908458, 34.68484005], [135.19870725, 34.68477591], [135.19869366, 34.68505842], [135.19871212, 34.68528352], [135.19869313, 34.68542522], [135.19861465, 34.68554437], [135.19834667, 34.68606787], [135.19822564, 34.68628494], [135.19810974, 34.68624027], [135.19806993, 34.68631521], [135.19803782, 34.68637586], [135.19809635, 34.68639601], [135.19758098, 34.6873089], [135.1974108, 34.68760407], [135.19728651, 34.68781948], [135.19649371, 34.68919408], [135.19645962, 34.68925306], [135.19637591, 34.68938634], [135.19586299, 34.69038217], [135.19572082, 34.69065827], [135.19569701, 34.69070576], [135.19562509, 34.69084896], [135.19552351, 34.69105125], [135.19547205, 34.69115373], [135.19545571, 34.69118962], [135.19543093, 34.69123431], [135.19535619, 34.69136893], [135.19532556, 34.69144085], [135.19532246, 34.69144622], [135.19529281, 34.69151432], [135.1950769, 34.69194856], [135.19490138, 34.69230729], [135.19487025, 34.6923709], [135.19486908, 34.69237331], [135.19468805, 34.69272616], [135.19468419, 34.69273211], [135.1946189, 34.69283244], [135.19456538, 34.69290972], [135.19457134, 34.69297405], [135.19451377, 34.69302221], [135.19444732, 34.693201], [135.19444141, 34.69322274], [135.19450048, 34.69324528], [135.19426131, 34.69367405], [135.19489639, 34.69432213], [135.19452742, 34.69474929], [135.19431823, 34.69499318], [135.19427973, 34.69503064], [135.19428916, 34.69524101], [135.19430198, 34.69551559], [135.19434376, 34.69640283], [135.19436329, 34.6966251], [135.19436701, 34.69666353], [135.1944073, 34.69748964], [135.19440751, 34.69749359], [135.19435736, 34.69750084], [135.19436311, 34.69784125], [135.19436998, 34.69802699], [135.19437317, 34.69811275], [135.19437542, 34.69815724], [135.19438532, 34.6983548], [135.19444016, 34.69862682], [135.19444177, 34.69863484], [135.19448075, 34.69924348], [135.1944825, 34.69929714], [135.19449399, 34.69934467], [135.19451519, 34.699391], [135.19470569, 34.70001505], [135.19478886, 34.70028068], [135.19516918, 34.70133934], [135.1953656, 34.70181939], [135.1954175, 34.70193115], [135.19542169, 34.70194041], [135.19566976, 34.70270364], [135.19578833, 34.70307621], [135.19579318, 34.70309139], [135.19582414, 34.70317386], [135.19583212, 34.70319535], [135.1958944, 34.70333745], [135.19590453, 34.70336062], [135.19596227, 34.70352516], [135.19596253, 34.703526], [135.19598241, 34.70358375], [135.19604093, 34.7038242], [135.19608429, 34.70400813], [135.19611519, 34.70416694], [135.19610168, 34.70424535], [135.19609743, 34.70426327], [135.19601387, 34.70461727], [135.19599493, 34.70492855], [135.19594262, 34.70517909], [135.19596941, 34.70538609], [135.19607435, 34.70567734], [135.19619608, 34.70595101], [135.19619094, 34.70606429], [135.19618956, 34.70609543], [135.19617475, 34.70614751], [135.19615891, 34.70620664], [135.19615174, 34.70627191], [135.19615311, 34.7063381], [135.19616297, 34.70640001], [135.19616532, 34.70645394], [135.19616772, 34.70651294], [135.19617111, 34.70655968], [135.19617848, 34.70662062], [135.1961919, 34.70668152], [135.19620893, 34.70673633], [135.19621715, 34.70677994], [135.19621813, 34.70682571], [135.19622367, 34.70685821], [135.19622362, 34.70686644], [135.19622362, 34.70686644], [135.19722151, 34.70722021], [135.19822585, 34.70769409], [135.19799419, 34.70872748], [135.19734093, 34.71066106], [135.19845208, 34.71062446], [135.19922785, 34.71118793], [135.19991774, 34.71021199], [135.20050384, 34.71065726], [135.20077857, 34.71080365], [135.20094341, 34.71079145], [135.20110215, 34.71073046], [135.20119373, 34.71062066], [135.20230487, 34.71109033], [135.20229948, 34.71221559], [135.20236663, 34.71245348], [135.20248874, 34.71266086], [135.20263526, 34.71276456], [135.20290687, 34.7127899], [135.20335255, 34.7127899], [135.20370054, 34.71268011], [135.2040058, 34.71270451], [135.20449422, 34.7128631], [135.20486664, 34.71295459], [135.20502537, 34.71294849], [135.20507421, 34.7128814], [135.20507421, 34.7127899], [135.20498874, 34.71266181], [135.20450643, 34.71227754], [135.20441485, 34.71215554], [135.20431106, 34.71192986], [135.20424391, 34.71171027], [135.20425001, 34.71147239], [135.20431106, 34.711326], [135.20439654, 34.7112711], [135.20462853, 34.711204], [135.20536116, 34.71119181], [135.2064694, 34.71139758], [135.20721423, 34.71167816], [135.20786138, 34.71209904], [135.20719606, 34.7136272], [135.20703122, 34.71437136], [135.20689719, 34.71547852], [135.20882964, 34.71637139], [135.20882964, 34.71637139], [135.20918638, 34.7149925], [135.20918861, 34.71498389], [135.20920305, 34.71492861], [135.20922, 34.71486278], [135.20942195, 34.71425139], [135.2094327, 34.71421857], [135.2094375, 34.71420389], [135.20945055, 34.71416417], [135.20951361, 34.71397361], [135.20956139, 34.71389972], [135.2096075, 34.71384861], [135.2096475, 34.71380473], [135.20968278, 34.71376556], [135.20982584, 34.71360759], [135.20986139, 34.71356833], [135.20989834, 34.71352778], [135.209935, 34.71348694], [135.21000278, 34.7134125], [135.21028305, 34.71309722], [135.21046028, 34.71285472], [135.21048918, 34.71281565], [135.21049028, 34.71281417], [135.21049195, 34.71281167], [135.21051195, 34.71277167], [135.21061111, 34.712575], [135.21079, 34.71222528], [135.21117119, 34.71162143], [135.21118945, 34.7115925], [135.21122805, 34.71153139], [135.21127334, 34.71145944], [135.2117857, 34.71062226], [135.21181777, 34.71056985], [135.21211416, 34.71008556], [135.21214084, 34.71004361], [135.212505, 34.70947472], [135.21261, 34.70928417], [135.21263166, 34.709245], [135.21265416, 34.70920417], [135.21271584, 34.70909222], [135.2128725, 34.70880833], [135.21291082, 34.70873906], [135.21292889, 34.70870639], [135.21302389, 34.70853417], [135.21328111, 34.70809047], [135.21328139, 34.70809], [135.21350666, 34.70770167], [135.21371692, 34.70725636], [135.21377527, 34.70713278], [135.21390639, 34.70695056], [135.21395166, 34.70688833], [135.2139912, 34.7068337], [135.21423445, 34.7064975], [135.21427528, 34.70644944], [135.2143725, 34.70633556], [135.21439, 34.706315], [135.21439389, 34.70631056], [135.21440241, 34.70630057], [135.21448639, 34.70620222], [135.21450928, 34.70616795], [135.2145775, 34.70606583], [135.21461778, 34.70600528], [135.21462988, 34.70597396], [135.21471305, 34.70575889], [135.21475592, 34.70564615], [135.21481973, 34.70547833], [135.21487971, 34.70532032], [135.21489027, 34.7052925], [135.21490778, 34.70524667], [135.21493389, 34.70517778], [135.21524389, 34.7045375], [135.21531222, 34.70439278], [135.21532861, 34.70435778], [135.21539362, 34.7042204], [135.21541195, 34.70418167], [135.21577028, 34.70342194], [135.21581805, 34.70332111], [135.21584443, 34.70327054], [135.215845, 34.70326944], [135.21605666, 34.70286306], [135.21614611, 34.70260444], [135.21622889, 34.70262139], [135.21631354, 34.70252533], [135.21635055, 34.70248333], [135.21640805, 34.70241833], [135.21646889, 34.70234917], [135.21663584, 34.70215972], [135.21692945, 34.70178917], [135.21701735, 34.70182503], [135.21710305, 34.70186], [135.21736139, 34.70196528], [135.21756389, 34.70203944], [135.21774889, 34.70210694], [135.21776062, 34.70205928], [135.21777577, 34.70199777], [135.21777611, 34.70199639], [135.21778139, 34.70197472], [135.21780416, 34.70188278], [135.21781555, 34.70183639], [135.21794305, 34.70131167], [135.21812195, 34.70089306], [135.21836639, 34.70031167], [135.21837527, 34.70028635], [135.21840695, 34.70019611], [135.21848584, 34.69997194], [135.2185309, 34.69968921], [135.2185925, 34.69930278], [135.21863805, 34.6990175], [135.21870262, 34.69826783], [135.21875239, 34.69768986]]]}}, {"type": "Feature", "id": "did-1965-31", "properties": {"A16_001": "281041", "A16_002": "28104", "A16_003": "生田区", "A16_004": "1", "A16_005": "74231", "A16_006": "5.2", "A16_007": "83485", "A16_008": "5.1", "A16_009": "96.5", "A16_010": "61.18", "A16_011": "1965", "year": 1965, "population": 74231.0, "areaKm2": 5.2, "density": 14275.192307692307}, "geometry": {"type": "Polygon", "coordinates": [[[135.19622362, 34.70686644], [135.19622367, 34.70685821], [135.19621813, 34.70682571], [135.19621715, 34.70677994], [135.19620893, 34.70673633], [135.1961919, 34.70668152], [135.19617848, 34.70662062], [135.19617111, 34.70655968], [135.19616772, 34.70651294], [135.19616532, 34.70645394], [135.19616297, 34.70640001], [135.19615311, 34.7063381], [135.19615174, 34.70627191], [135.19615891, 34.70620664], [135.19617475, 34.70614751], [135.19618956, 34.70609543], [135.19619094, 34.70606429], [135.19619608, 34.70595101], [135.19607435, 34.70567734], [135.19596941, 34.70538609], [135.19594262, 34.70517909], [135.19599493, 34.70492855], [135.19601387, 34.70461727], [135.19609743, 34.70426327], [135.19610168, 34.70424535], [135.19611519, 34.70416694], [135.19608429, 34.70400813], [135.19604093, 34.7038242], [135.19598241, 34.70358375], [135.19596253, 34.703526], [135.19596227, 34.70352516], [135.19590453, 34.70336062], [135.1958944, 34.70333745], [135.19583212, 34.70319535], [135.19582414, 34.70317386], [135.19579318, 34.70309139], [135.19578833, 34.70307621], [135.19566976, 34.70270364], [135.19542169, 34.70194041], [135.1954175, 34.70193115], [135.1953656, 34.70181939], [135.19516918, 34.70133934], [135.19478886, 34.70028068], [135.19470569, 34.70001505], [135.19451519, 34.699391], [135.19449399, 34.69934467], [135.1944825, 34.69929714], [135.19448075, 34.69924348], [135.19444177, 34.69863484], [135.19444016, 34.69862682], [135.19438532, 34.6983548], [135.19437542, 34.69815724], [135.19437317, 34.69811275], [135.19436998, 34.69802699], [135.19436311, 34.69784125], [135.19435736, 34.69750084], [135.19440751, 34.69749359], [135.1944073, 34.69748964], [135.19436701, 34.69666353], [135.19436329, 34.6966251], [135.19434376, 34.69640283], [135.19430198, 34.69551559], [135.19428916, 34.69524101], [135.19427973, 34.69503064], [135.19431823, 34.69499318], [135.19452742, 34.69474929], [135.19489639, 34.69432213], [135.19426131, 34.69367405], [135.19450048, 34.69324528], [135.19444141, 34.69322274], [135.19444732, 34.693201], [135.19451377, 34.69302221], [135.19457134, 34.69297405], [135.19456538, 34.69290972], [135.1946189, 34.69283244], [135.19468419, 34.69273211], [135.19468805, 34.69272616], [135.19486908, 34.69237331], [135.19487025, 34.6923709], [135.19490138, 34.69230729], [135.1950769, 34.69194856], [135.19529281, 34.69151432], [135.19532246, 34.69144622], [135.19532556, 34.69144085], [135.19535619, 34.69136893], [135.19543093, 34.69123431], [135.19545571, 34.69118962], [135.19547205, 34.69115373], [135.19552351, 34.69105125], [135.19562509, 34.69084896], [135.19569701, 34.69070576], [135.19572082, 34.69065827], [135.19586299, 34.69038217], [135.19637591, 34.68938634], [135.19645962, 34.68925306], [135.19649371, 34.68919408], [135.19728651, 34.68781948], [135.1974108, 34.68760407], [135.19758098, 34.6873089], [135.19809635, 34.68639601], [135.19803782, 34.68637586], [135.19806993, 34.68631521], [135.19810974, 34.68624027], [135.19822564, 34.68628494], [135.19834667, 34.68606787], [135.19861465, 34.68554437], [135.19869313, 34.68542522], [135.19871212, 34.68528352], [135.19869366, 34.68505842], [135.19870725, 34.68477591], [135.19908458, 34.68484005], [135.19980325, 34.68496221], [135.20036425, 34.68507512], [135.20110582, 34.68518689], [135.20119678, 34.68501037], [135.20125122, 34.6849047], [135.20131047, 34.68490523], [135.2016583, 34.6849083], [135.2016583, 34.6849083], [135.20163889, 34.68488889], [135.20181371, 34.68427992], [135.20297316, 34.68024116], [135.20174495, 34.67994369], [135.2005555, 34.68369046], [135.20052778, 34.68377778], [135.19929593, 34.68336716], [135.19925873, 34.68335476], [135.19886111, 34.68322222], [135.19940646, 34.67997739], [135.19941667, 34.67991667], [135.19888151, 34.67991667], [135.19877278, 34.67991667], [135.19843723, 34.67991667], [135.19830556, 34.67991667], [135.19779855, 34.6827052], [135.19775, 34.68297222], [135.1965578, 34.68294838], [135.19636111, 34.68294444], [135.19663409, 34.679696], [135.19663889, 34.67963889], [135.19625475, 34.67963889], [135.19611797, 34.67963889], [135.19574488, 34.67963889], [135.19552778, 34.67963889], [135.19503081, 34.6823722], [135.19497222, 34.68269444], [135.19395443, 34.68267409], [135.19358333, 34.68266667], [135.19412765, 34.67942799], [135.19413889, 34.67936111], [135.19351059, 34.67936111], [135.1933307, 34.67936111], [135.19307121, 34.67936111], [135.19302778, 34.67936111], [135.19230853, 34.68257976], [135.19227421, 34.68273335], [135.19191667, 34.68433333], [135.19231045, 34.68443178], [135.19302778, 34.68461111], [135.19302778, 34.68476609], [135.19302778, 34.68497003], [135.19302778, 34.68516667], [135.19214642, 34.68516667], [135.19212113, 34.68516667], [135.19095138, 34.68516667], [135.19094254, 34.68298501], [135.19029044, 34.68296118], [135.19028249, 34.68335844], [135.19009358, 34.68335844], [135.18998852, 34.68492377], [135.18737986, 34.68448664], [135.1865091, 34.68438452], [135.18802778, 34.68102778], [135.18940067, 34.6793803], [135.18941667, 34.67936111], [135.18887002, 34.67899668], [135.18858333, 34.67880556], [135.18691667, 34.68075], [135.18554997, 34.68346061], [135.18525, 34.68405556], [135.18503956, 34.68398541], [135.18441667, 34.68377778], [135.18496502, 34.68295525], [135.18497222, 34.68294444], [135.18474422, 34.68279244], [135.18464817, 34.68272841], [135.1845546, 34.68266603], [135.18450883, 34.68263552], [135.18413889, 34.68238889], [135.18393916, 34.68298808], [135.18386111, 34.68322222], [135.18330556, 34.68266667], [135.18333055, 34.68263042], [135.18356951, 34.68228393], [135.18386111, 34.68186111], [135.1835911, 34.68118607], [135.18330556, 34.68047222], [135.18441667, 34.68047222], [135.18544292, 34.6779066], [135.18552778, 34.67769444], [135.18364026, 34.67769444], [135.18358333, 34.67769444], [135.18352978, 34.67758734], [135.18330556, 34.67713889], [135.18215017, 34.67713889], [135.18191667, 34.67713889], [135.18191667, 34.67658333], [135.18219444, 34.67658333], [135.18219444, 34.67681623], [135.18219444, 34.67686111], [135.18234059, 34.67686111], [135.18330556, 34.67686111], [135.18344192, 34.67713385], [135.18358333, 34.67741667], [135.18361563, 34.67731978], [135.18386111, 34.67658333], [135.1843488, 34.67658333], [135.18622644, 34.67658333], [135.18663889, 34.67658333], [135.18677774, 34.67637506], [135.18716583, 34.67579292], [135.18719444, 34.67575], [135.18717297, 34.67574141], [135.18629053, 34.67538843], [135.18597614, 34.67526268], [135.18580556, 34.67519444], [135.18580556, 34.67463889], [135.18663889, 34.67491667], [135.18775, 34.67436111], [135.18802778, 34.67352778], [135.18830556, 34.67352778], [135.18858333, 34.67269444], [135.18913889, 34.67269444], [135.1893596, 34.67225302], [135.18941667, 34.67213889], [135.18912019, 34.67213889], [135.18886111, 34.67213889], [135.18913889, 34.67158333], [135.18865248, 34.67085371], [135.18858333, 34.67075], [135.18833414, 34.6706254], [135.18820665, 34.67056166], [135.18771574, 34.6703162], [135.18747222, 34.67019444], [135.18747222, 34.67011885], [135.18747222, 34.66998056], [135.18747222, 34.66991667], [135.1864396, 34.66991667], [135.18355476, 34.66991667], [135.18320671, 34.66991667], [135.18320671, 34.66991667], [135.18307805, 34.67031472], [135.18273861, 34.67181167], [135.18452361, 34.67204611], [135.18444195, 34.67216723], [135.1843375, 34.67224806], [135.18388416, 34.67240806], [135.1833975, 34.67257944], [135.18314334, 34.67267972], [135.18315972, 34.67280111], [135.18328695, 34.67308277], [135.18333555, 34.67319056], [135.18240731, 34.67354033], [135.18224528, 34.67360139], [135.18223894, 34.67360378], [135.18198805, 34.67369833], [135.181355, 34.67390056], [135.18128024, 34.67393159], [135.1812225, 34.67395556], [135.18089502, 34.67409145], [135.18029529, 34.67434032], [135.18029473, 34.67434056], [135.18025555, 34.67435667], [135.18005611, 34.67443944], [135.17899586, 34.67484983], [135.17899111, 34.67485167], [135.17894445, 34.67486972], [135.17889555, 34.67488861], [135.17885889, 34.67490278], [135.17821916, 34.67514944], [135.17813111, 34.67517583], [135.17785834, 34.67525778], [135.17779872, 34.6752757], [135.17768555, 34.67530972], [135.17760071, 34.67533519], [135.17728584, 34.67542972], [135.17716834, 34.67547639], [135.17710555, 34.67550139], [135.17688472, 34.67558889], [135.17677345, 34.67563304], [135.17664389, 34.67568444], [135.17659722, 34.67570306], [135.17659416, 34.67570444], [135.17649945, 34.67574194], [135.17644639, 34.67576306], [135.17643416, 34.67576777], [135.17640584, 34.67577694], [135.1758325, 34.67596333], [135.17577472, 34.67598194], [135.17572945, 34.67599667], [135.17565416, 34.67602111], [135.175775, 34.67629056], [135.17573834, 34.67631222], [135.17568361, 34.67634444], [135.17560139, 34.67639389], [135.17550416, 34.67645222], [135.1754525, 34.67648667], [135.17535084, 34.67655473], [135.17519639, 34.67670583], [135.17519267, 34.67670944], [135.17516916, 34.67673222], [135.17516111, 34.67674028], [135.17512389, 34.67677667], [135.17492972, 34.67696639], [135.17488472, 34.67700889], [135.17484945, 34.6770425], [135.17481084, 34.67707917], [135.17458028, 34.67729833], [135.17454416, 34.67733278], [135.17451, 34.677365], [135.17417555, 34.67768278], [135.17413472, 34.67772167], [135.17412949, 34.67772662], [135.17409889, 34.67775556], [135.17381416, 34.67802611], [135.17377445, 34.67806389], [135.17373778, 34.67809861], [135.1734875, 34.67833639], [135.17427695, 34.6787875], [135.17438557, 34.67884947], [135.17440305, 34.67885944], [135.17461, 34.67897778], [135.17437584, 34.67921806], [135.17436166, 34.6792325], [135.17419334, 34.67940507], [135.17418555, 34.67941306], [135.17412695, 34.67947306], [135.17384834, 34.67975917], [135.17380305, 34.67980583], [135.17377361, 34.67983611], [135.17337445, 34.68024639], [135.17333111, 34.68029111], [135.17332749, 34.68029482], [135.17329555, 34.6803275], [135.17276972, 34.68086806], [135.1726, 34.68103972], [135.17256, 34.68108], [135.17255324, 34.68108683], [135.17253166, 34.68110861], [135.17231945, 34.68132333], [135.17203389, 34.68161361], [135.17199416, 34.68165361], [135.17196528, 34.68168306], [135.17173834, 34.68191333], [135.17162861, 34.68202667], [135.17150666, 34.68215278], [135.17150055, 34.68215917], [135.17137695, 34.68228694], [135.17126195, 34.68240583], [135.17125111, 34.68241861], [135.17107055, 34.68263472], [135.17097805, 34.68274528], [135.17086334, 34.68295333], [135.170835, 34.68300444], [135.17081389, 34.68304306], [135.17077889, 34.68310639], [135.17070084, 34.68326889], [135.17063528, 34.68340556], [135.17053055, 34.68367833], [135.17047889, 34.6838125], [135.17041666, 34.68400583], [135.17037576, 34.68408233], [135.17025639, 34.68430556], [135.170255, 34.68430814], [135.17024389, 34.68432889], [135.17018166, 34.68456889], [135.17012639, 34.68484361], [135.17001861, 34.68511778], [135.16992434, 34.68539893], [135.16967389, 34.68614583], [135.16966084, 34.68618472], [135.16964, 34.68624694], [135.17015166, 34.68646222], [135.17020055, 34.6864825], [135.17024861, 34.68650278], [135.1702728, 34.68651293], [135.17052778, 34.68662], [135.171235, 34.68694056], [135.17128334, 34.68696278], [135.17129472, 34.68696778], [135.1713125, 34.68701472], [135.17138916, 34.68721833], [135.17149028, 34.68747694], [135.17156861, 34.68758472], [135.17170528, 34.68769777], [135.17195, 34.68784333], [135.17197055, 34.68785139], [135.17202472, 34.68787222], [135.17207278, 34.68789111], [135.17211666, 34.68790806], [135.17219722, 34.68790917], [135.17232528, 34.68791083], [135.17235528, 34.68790778], [135.17245472, 34.68789806], [135.17250611, 34.68789278], [135.17259639, 34.68788389], [135.1726875, 34.68790528], [135.17288666, 34.68806694], [135.17284416, 34.68807777], [135.17272666, 34.68809667], [135.17266139, 34.68817223], [135.17265166, 34.68825833], [135.17267778, 34.68829889], [135.17274639, 34.68841139], [135.17277584, 34.68853528], [135.17276584, 34.68862417], [135.17272111, 34.68868083], [135.172655, 34.68876444], [135.17250805, 34.68886417], [135.17237445, 34.68889111], [135.17227305, 34.68888028], [135.17196972, 34.68875639], [135.17186916, 34.68873194], [135.17182389, 34.68872083], [135.17174778, 34.68870222], [135.17172805, 34.68870556], [135.17170028, 34.68871], [135.1716825, 34.68871306], [135.17168111, 34.68874972], [135.17167916, 34.68879389], [135.17172139, 34.68889806], [135.17172149, 34.68889832], [135.171725, 34.68890722], [135.17175528, 34.68893222], [135.17194834, 34.68909167], [135.17198278, 34.68912], [135.17213555, 34.68923583], [135.17217555, 34.68926611], [135.17221334, 34.68929473], [135.17227398, 34.68934078], [135.172345, 34.68939472], [135.17246028, 34.68945694], [135.17250445, 34.68948056], [135.17254555, 34.68950278], [135.17261639, 34.68954083], [135.172655, 34.68956167], [135.1727609, 34.68961675], [135.17282055, 34.68964777], [135.17282139, 34.68964806], [135.17303361, 34.68981778], [135.17317334, 34.68988389], [135.17338084, 34.68998222], [135.17339584, 34.68998944], [135.17393611, 34.69026194], [135.17395695, 34.6902725], [135.17418555, 34.69041528], [135.17433528, 34.69056389], [135.17436232, 34.69059077], [135.1743825, 34.69061083], [135.17443, 34.69065778], [135.17471028, 34.69098917], [135.17471055, 34.69098944], [135.17496555, 34.69133056], [135.17502611, 34.69141111], [135.17509916, 34.69150833], [135.17531139, 34.69172139], [135.1753575, 34.69175], [135.17544195, 34.69180223], [135.17553584, 34.69185333], [135.17558555, 34.69188028], [135.17575278, 34.69191861], [135.17585639, 34.69194222], [135.17614389, 34.69202167], [135.17614743, 34.69202263], [135.17619889, 34.69203667], [135.17622445, 34.69205444], [135.17624139, 34.69206611], [135.17615111, 34.69216583], [135.17610305, 34.69221889], [135.17603808, 34.69229079], [135.17603278, 34.69229667], [135.17574416, 34.69221444], [135.17562416, 34.69243861], [135.17558334, 34.69251528], [135.17547361, 34.69266777], [135.17542555, 34.69273444], [135.17537889, 34.69279917], [135.175285, 34.69292944], [135.17515555, 34.69319389], [135.17512416, 34.69325778], [135.17590972, 34.69349222], [135.17670945, 34.69373056], [135.17689834, 34.69379694], [135.17687472, 34.69403056], [135.17684666, 34.69409472], [135.17680834, 34.69418278], [135.17671171, 34.69460156], [135.17671171, 34.69460156], [135.17754549, 34.69501512], [135.17786739, 34.69518428], [135.17827568, 34.69555025], [135.17858093, 34.69605347], [135.17862745, 34.69621176], [135.1788831, 34.69635282], [135.1799744, 34.69659299], [135.18186906, 34.69693054], [135.18319044, 34.69706544], [135.18345296, 34.69724843], [135.18419169, 34.69814507], [135.18452293, 34.69885703], [135.18449241, 34.69899732], [135.18408336, 34.6994243], [135.18405283, 34.69955849], [135.18411999, 34.69965608], [135.18416883, 34.69969878], [135.18431536, 34.69966828], [135.18545703, 34.69922911], [135.18610418, 34.69955239], [135.18711764, 34.70007696], [135.18740712, 34.69992056], [135.18852437, 34.70181754], [135.18949127, 34.70213073], [135.1898759, 34.70234422], [135.19014453, 34.70256381], [135.19018116, 34.7026919], [135.19001021, 34.70286879], [135.19074418, 34.70337166], [135.19115933, 34.70307277], [135.19221682, 34.70450277], [135.19236945, 34.70459427], [135.1926686, 34.70467966], [135.19304712, 34.70469796], [135.19330964, 34.70496634], [135.19363932, 34.70507004], [135.19395679, 34.70507004], [135.19464436, 34.70494252], [135.19492596, 34.70564041], [135.195335, 34.70620767], [135.19495038, 34.70640286], [135.19512337, 34.70686636], [135.19522269, 34.70687995], [135.19547496, 34.70698208], [135.19595716, 34.7071773], [135.19591236, 34.70700268], [135.19593204, 34.70678689], [135.19622309, 34.70694174], [135.19622362, 34.70686644]]]}}, {"type": "Feature", "id": "did-1965-32", "properties": {"A16_001": "280042", "A16_002": "00284", "A16_003": "明石市", "A16_004": "2", "A16_005": "7114", "A16_006": "0.6", "A16_007": "0", "A16_008": "0.0", "A16_009": "4.5", "A16_010": "1.27", "A16_011": "1965", "year": 1965, "population": 7114.0, "areaKm2": 0.6, "density": 11856.666666666668}, "geometry": {"type": "Polygon", "coordinates": [[[134.88747333, 34.69320889], [134.8869497, 34.69294707], [134.88694444, 34.69294444], [134.88638057, 34.69316999], [134.88555556, 34.6935], [134.885, 34.69294444], [134.88490676, 34.69303768], [134.88472881, 34.69321563], [134.88472222, 34.69322222], [134.88527778, 34.69377778], [134.88362036, 34.69521421], [134.88408755, 34.69703967], [134.88420452, 34.69712733], [134.88498316, 34.69720037], [134.88500875, 34.69724055], [134.88499835, 34.69728855], [134.88467852, 34.69749662], [134.88253509, 34.69837063], [134.88304087, 34.69920292], [134.88344252, 34.69917319], [134.88344252, 34.69997576], [134.88355409, 34.70007236], [134.88479969, 34.70013901], [134.88496333, 34.69971544], [134.88528316, 34.69971544], [134.88532035, 34.69923241], [134.88584844, 34.69926957], [134.88610268, 34.70020067], [134.88753821, 34.69937581], [134.88822994, 34.69903398], [134.88834894, 34.70014865], [134.88764978, 34.70023039], [134.88539547, 34.70183982], [134.88542523, 34.70270927], [134.88587894, 34.70344495], [134.88713596, 34.70308826], [134.88799397, 34.70413629], [134.88861149, 34.7050348], [134.88858662, 34.70449238], [134.88909639, 34.70433089], [134.88864013, 34.70317369], [134.88945244, 34.70292111], [134.88959783, 34.70406214], [134.88976361, 34.7043644], [134.8899211, 34.70453417], [134.89012003, 34.70472464], [134.89053447, 34.70488612], [134.89060734, 34.70378246], [134.89085571, 34.70157891], [134.88992126, 34.70007767], [134.88942416, 34.69936369], [134.8891084, 34.69910919], [134.8921734, 34.6968128], [134.8923963, 34.69591109], [134.89301956, 34.69562924], [134.89294739, 34.69532117], [134.8926456, 34.69485579], [134.89154127, 34.69509155], [134.89055061, 34.69550449], [134.88983479, 34.69285064], [134.88972222, 34.69294444], [134.889573, 34.69292579], [134.88895176, 34.69284814], [134.88835594, 34.69277366], [134.88781762, 34.69270637], [134.88780563, 34.69270487], [134.88772228, 34.69269445], [134.88754164, 34.69267187], [134.8875, 34.69266667], [134.88756185, 34.6926914], [134.88794916, 34.69284633], [134.88865132, 34.6931272], [134.88888889, 34.69322222], [134.88856624, 34.69341581], [134.88842003, 34.69350354], [134.88791114, 34.69380887], [134.88738576, 34.6941241], [134.88635598, 34.69474197], [134.88611111, 34.69488889], [134.88611111, 34.69416892], [134.88611111, 34.69412647], [134.88611111, 34.69405556], [134.8864877, 34.6938296], [134.8875, 34.69322222], [134.88747333, 34.69320889]]]}}, {"type": "Feature", "id": "did-1965-33", "properties": {"A16_001": "281051", "A16_002": "28105", "A16_003": "兵庫区", "A16_004": "1", "A16_005": "202270", "A16_006": "9.4", "A16_007": "197965", "A16_008": "8.8", "A16_009": "79.6", "A16_010": "3.6", "A16_011": "1965", "year": 1965, "population": 202270.0, "areaKm2": 9.4, "density": 21518.08510638298}, "geometry": {"type": "Polygon", "coordinates": [[[135.17671171, 34.69460156], [135.17680834, 34.69418278], [135.17684666, 34.69409472], [135.17687472, 34.69403056], [135.17689834, 34.69379694], [135.17670945, 34.69373056], [135.17590972, 34.69349222], [135.17512416, 34.69325778], [135.17515555, 34.69319389], [135.175285, 34.69292944], [135.17537889, 34.69279917], [135.17542555, 34.69273444], [135.17547361, 34.69266777], [135.17558334, 34.69251528], [135.17562416, 34.69243861], [135.17574416, 34.69221444], [135.17603278, 34.69229667], [135.17603808, 34.69229079], [135.17610305, 34.69221889], [135.17615111, 34.69216583], [135.17624139, 34.69206611], [135.17622445, 34.69205444], [135.17619889, 34.69203667], [135.17614743, 34.69202263], [135.17614389, 34.69202167], [135.17585639, 34.69194222], [135.17575278, 34.69191861], [135.17558555, 34.69188028], [135.17553584, 34.69185333], [135.17544195, 34.69180223], [135.1753575, 34.69175], [135.17531139, 34.69172139], [135.17509916, 34.69150833], [135.17502611, 34.69141111], [135.17496555, 34.69133056], [135.17471055, 34.69098944], [135.17471028, 34.69098917], [135.17443, 34.69065778], [135.1743825, 34.69061083], [135.17436232, 34.69059077], [135.17433528, 34.69056389], [135.17418555, 34.69041528], [135.17395695, 34.6902725], [135.17393611, 34.69026194], [135.17339584, 34.68998944], [135.17338084, 34.68998222], [135.17317334, 34.68988389], [135.17303361, 34.68981778], [135.17282139, 34.68964806], [135.17282055, 34.68964777], [135.1727609, 34.68961675], [135.172655, 34.68956167], [135.17261639, 34.68954083], [135.17254555, 34.68950278], [135.17250445, 34.68948056], [135.17246028, 34.68945694], [135.172345, 34.68939472], [135.17227398, 34.68934078], [135.17221334, 34.68929473], [135.17217555, 34.68926611], [135.17213555, 34.68923583], [135.17198278, 34.68912], [135.17194834, 34.68909167], [135.17175528, 34.68893222], [135.171725, 34.68890722], [135.17172149, 34.68889832], [135.17172139, 34.68889806], [135.17167916, 34.68879389], [135.17168111, 34.68874972], [135.1716825, 34.68871306], [135.17170028, 34.68871], [135.17172805, 34.68870556], [135.17174778, 34.68870222], [135.17182389, 34.68872083], [135.17186916, 34.68873194], [135.17196972, 34.68875639], [135.17227305, 34.68888028], [135.17237445, 34.68889111], [135.17250805, 34.68886417], [135.172655, 34.68876444], [135.17272111, 34.68868083], [135.17276584, 34.68862417], [135.17277584, 34.68853528], [135.17274639, 34.68841139], [135.17267778, 34.68829889], [135.17265166, 34.68825833], [135.17266139, 34.68817223], [135.17272666, 34.68809667], [135.17284416, 34.68807777], [135.17288666, 34.68806694], [135.1726875, 34.68790528], [135.17259639, 34.68788389], [135.17250611, 34.68789278], [135.17245472, 34.68789806], [135.17235528, 34.68790778], [135.17232528, 34.68791083], [135.17219722, 34.68790917], [135.17211666, 34.68790806], [135.17207278, 34.68789111], [135.17202472, 34.68787222], [135.17197055, 34.68785139], [135.17195, 34.68784333], [135.17170528, 34.68769777], [135.17156861, 34.68758472], [135.17149028, 34.68747694], [135.17138916, 34.68721833], [135.1713125, 34.68701472], [135.17129472, 34.68696778], [135.17128334, 34.68696278], [135.171235, 34.68694056], [135.17052778, 34.68662], [135.1702728, 34.68651293], [135.17024861, 34.68650278], [135.17020055, 34.6864825], [135.17015166, 34.68646222], [135.16964, 34.68624694], [135.16966084, 34.68618472], [135.16967389, 34.68614583], [135.16992434, 34.68539893], [135.17001861, 34.68511778], [135.17012639, 34.68484361], [135.17018166, 34.68456889], [135.17024389, 34.68432889], [135.170255, 34.68430814], [135.17025639, 34.68430556], [135.17037576, 34.68408233], [135.17041666, 34.68400583], [135.17047889, 34.6838125], [135.17053055, 34.68367833], [135.17063528, 34.68340556], [135.17070084, 34.68326889], [135.17077889, 34.68310639], [135.17081389, 34.68304306], [135.170835, 34.68300444], [135.17086334, 34.68295333], [135.17097805, 34.68274528], [135.17107055, 34.68263472], [135.17125111, 34.68241861], [135.17126195, 34.68240583], [135.17137695, 34.68228694], [135.17150055, 34.68215917], [135.17150666, 34.68215278], [135.17162861, 34.68202667], [135.17173834, 34.68191333], [135.17196528, 34.68168306], [135.17199416, 34.68165361], [135.17203389, 34.68161361], [135.17231945, 34.68132333], [135.17253166, 34.68110861], [135.17255324, 34.68108683], [135.17256, 34.68108], [135.1726, 34.68103972], [135.17276972, 34.68086806], [135.17329555, 34.6803275], [135.17332749, 34.68029482], [135.17333111, 34.68029111], [135.17337445, 34.68024639], [135.17377361, 34.67983611], [135.17380305, 34.67980583], [135.17384834, 34.67975917], [135.17412695, 34.67947306], [135.17418555, 34.67941306], [135.17419334, 34.67940507], [135.17436166, 34.6792325], [135.17437584, 34.67921806], [135.17461, 34.67897778], [135.17440305, 34.67885944], [135.17438557, 34.67884947], [135.17427695, 34.6787875], [135.1734875, 34.67833639], [135.17373778, 34.67809861], [135.17377445, 34.67806389], [135.17381416, 34.67802611], [135.17409889, 34.67775556], [135.17412949, 34.67772662], [135.17413472, 34.67772167], [135.17417555, 34.67768278], [135.17451, 34.677365], [135.17454416, 34.67733278], [135.17458028, 34.67729833], [135.17481084, 34.67707917], [135.17484945, 34.6770425], [135.17488472, 34.67700889], [135.17492972, 34.67696639], [135.17512389, 34.67677667], [135.17516111, 34.67674028], [135.17516916, 34.67673222], [135.17519267, 34.67670944], [135.17519639, 34.67670583], [135.17535084, 34.67655473], [135.1754525, 34.67648667], [135.17550416, 34.67645222], [135.17560139, 34.67639389], [135.17568361, 34.67634444], [135.17573834, 34.67631222], [135.175775, 34.67629056], [135.17565416, 34.67602111], [135.17572945, 34.67599667], [135.17577472, 34.67598194], [135.1758325, 34.67596333], [135.17640584, 34.67577694], [135.17643416, 34.67576777], [135.17644639, 34.67576306], [135.17649945, 34.67574194], [135.17659416, 34.67570444], [135.17659722, 34.67570306], [135.17664389, 34.67568444], [135.17677345, 34.67563304], [135.17688472, 34.67558889], [135.17710555, 34.67550139], [135.17716834, 34.67547639], [135.17728584, 34.67542972], [135.17760071, 34.67533519], [135.17768555, 34.67530972], [135.17779872, 34.6752757], [135.17785834, 34.67525778], [135.17813111, 34.67517583], [135.17821916, 34.67514944], [135.17885889, 34.67490278], [135.17889555, 34.67488861], [135.17894445, 34.67486972], [135.17899111, 34.67485167], [135.17899586, 34.67484983], [135.18005611, 34.67443944], [135.18025555, 34.67435667], [135.18029473, 34.67434056], [135.18029529, 34.67434032], [135.18089502, 34.67409145], [135.1812225, 34.67395556], [135.18128024, 34.67393159], [135.181355, 34.67390056], [135.18198805, 34.67369833], [135.18223894, 34.67360378], [135.18224528, 34.67360139], [135.18240731, 34.67354033], [135.18333555, 34.67319056], [135.18328695, 34.67308277], [135.18315972, 34.67280111], [135.18314334, 34.67267972], [135.1833975, 34.67257944], [135.18388416, 34.67240806], [135.1843375, 34.67224806], [135.18444195, 34.67216723], [135.18452361, 34.67204611], [135.18273861, 34.67181167], [135.18307805, 34.67031472], [135.18320671, 34.66991667], [135.18320671, 34.66991667], [135.18306175, 34.66991667], [135.18302778, 34.66991667], [135.1822467, 34.66991667], [135.18222757, 34.66991667], [135.18219444, 34.66991667], [135.18219444, 34.6699263], [135.18219444, 34.67019444], [135.18102324, 34.67038965], [135.18052778, 34.67047222], [135.18040907, 34.67046143], [135.17860641, 34.67029755], [135.17775406, 34.67022007], [135.17747222, 34.67019444], [135.17747222, 34.67015017], [135.17747222, 34.66991667], [135.17749587, 34.66946742], [135.17755495, 34.66834476], [135.1775762, 34.66794109], [135.17758522, 34.66776962], [135.17775, 34.66463889], [135.17794395, 34.66463889], [135.17802778, 34.66463889], [135.17822257, 34.66490673], [135.1783972, 34.66514684], [135.18025, 34.66769444], [135.18040371, 34.66765435], [135.18077719, 34.66755692], [135.18663889, 34.66602778], [135.18654179, 34.66583357], [135.18651917, 34.66578833], [135.18636111, 34.66547222], [135.18250562, 34.6664361], [135.18227177, 34.66649456], [135.18191667, 34.66658333], [135.18163889, 34.66547222], [135.18608333, 34.66436111], [135.18566785, 34.66353014], [135.18560165, 34.66339775], [135.18552778, 34.66325], [135.18177942, 34.66418709], [135.18139879, 34.66428225], [135.18108333, 34.66436111], [135.18089049, 34.66378257], [135.17816114, 34.66377528], [135.1781731, 34.66352778], [135.17828232, 34.66248821], [135.17901118, 34.66242617], [135.17942989, 34.6612631], [135.1806705, 34.66165079], [135.1808566, 34.66129411], [135.17955395, 34.66070482], [135.18028281, 34.65901448], [135.18130632, 34.6578359], [135.18139937, 34.6566263], [135.181663, 34.65563381], [135.1822678, 34.65574236], [135.18209721, 34.65671934], [135.18250041, 34.6568279], [135.1826865, 34.65588193], [135.18285709, 34.65585091], [135.18321377, 34.65670384], [135.1834774, 34.65670384], [135.18313623, 34.65575787], [135.18372552, 34.65547873], [135.18397364, 34.65490494], [135.18423727, 34.65462581], [135.18481106, 34.65423811], [135.18519875, 34.65385042], [135.18552441, 34.65361781], [135.18600515, 34.65375738], [135.18634632, 34.65372636], [135.18682706, 34.65335418], [135.18749389, 34.65313707], [135.18691667, 34.65241667], [135.18466936, 34.65065093], [135.18381953, 34.64998321], [135.18302778, 34.64936111], [135.17950573, 34.64899676], [135.17404827, 34.6484322], [135.16846735, 34.64785486], [135.16850874, 34.65042425], [135.17292838, 34.65047887], [135.17294661, 34.65080663], [135.16666205, 34.65115729], [135.16659006, 34.6511613], [135.16312264, 34.65137166], [135.15983932, 34.65157084], [135.15939502, 34.65155553], [135.15939502, 34.65155553], [135.15942274, 34.65217996], [135.15943666, 34.65249361], [135.15948313, 34.65286591], [135.15950361, 34.65303], [135.15956805, 34.65364111], [135.15960044, 34.65394741], [135.15961055, 34.65404306], [135.1596575, 34.65424917], [135.15966111, 34.65426528], [135.1596859, 34.65437436], [135.15971111, 34.65448528], [135.15971028, 34.65475667], [135.15970611, 34.65623694], [135.15970173, 34.65630927], [135.15967584, 34.65673639], [135.15961834, 34.6573425], [135.15958584, 34.65802583], [135.15954305, 34.65980167], [135.15953643, 34.66008655], [135.15953528, 34.66013611], [135.15953361, 34.66021528], [135.159525, 34.66059056], [135.15950861, 34.66130861], [135.15949889, 34.66177417], [135.15949584, 34.66192444], [135.15949472, 34.66197972], [135.15949195, 34.66212194], [135.15948972, 34.66222139], [135.15948861, 34.66227833], [135.15948737, 34.66233809], [135.15948528, 34.66243944], [135.15947389, 34.66299278], [135.15947059, 34.66315443], [135.15947027, 34.66317], [135.15946389, 34.66347361], [135.15946222, 34.66355722], [135.15947389, 34.66380972], [135.15950389, 34.66414556], [135.15950611, 34.66417167], [135.15956611, 34.66484527], [135.15960639, 34.66498333], [135.15960948, 34.6650868], [135.15961222, 34.66517889], [135.15956945, 34.665295], [135.15953139, 34.66539833], [135.15949805, 34.66543766], [135.15938445, 34.66557167], [135.15933778, 34.66562639], [135.15930028, 34.66567027], [135.15897166, 34.66599472], [135.15887278, 34.66609722], [135.15884639, 34.66612473], [135.15881834, 34.66615389], [135.15840861, 34.66657917], [135.1583775, 34.66661139], [135.15837628, 34.66661266], [135.15834195, 34.66664833], [135.15805086, 34.66695051], [135.15768555, 34.66732972], [135.15765805, 34.66735806], [135.15762146, 34.66739613], [135.1575825, 34.66743667], [135.15751028, 34.66751167], [135.15729416, 34.66773611], [135.15723111, 34.66780139], [135.15730639, 34.66782639], [135.15737195, 34.66784806], [135.15742861, 34.66786667], [135.15754861, 34.66790639], [135.15768516, 34.66794468], [135.15774516, 34.66796151], [135.15782, 34.6679825], [135.15807389, 34.66801111], [135.15876666, 34.66808278], [135.15874889, 34.66817056], [135.15873678, 34.66823093], [135.15872805, 34.66827444], [135.15872568, 34.66828619], [135.15870445, 34.66839139], [135.15869305, 34.66844777], [135.15847148, 34.66867153], [135.15843861, 34.66870472], [135.15827166, 34.66887333], [135.15827084, 34.66887417], [135.15809528, 34.66905139], [135.15799945, 34.66914778], [135.15776305, 34.66938639], [135.15769416, 34.66945583], [135.15765445, 34.66949583], [135.15758666, 34.66956444], [135.15754993, 34.6696014], [135.15753945, 34.66961194], [135.15741139, 34.66974111], [135.15747389, 34.66977833], [135.15755416, 34.66982583], [135.15763334, 34.66987306], [135.15768383, 34.66990294], [135.15770889, 34.66991778], [135.15788399, 34.67004164], [135.15822722, 34.67028444], [135.15848611, 34.67046723], [135.15837278, 34.67058389], [135.15815778, 34.67080528], [135.15782708, 34.67114599], [135.15780028, 34.67117361], [135.15770889, 34.6712675], [135.15786, 34.67136861], [135.15796514, 34.67143876], [135.15805528, 34.67149889], [135.15813305, 34.67155083], [135.15818722, 34.67158723], [135.15850139, 34.67179694], [135.15817416, 34.67215028], [135.158125, 34.67220333], [135.15806305, 34.67227], [135.15778916, 34.67256583], [135.15762834, 34.67273139], [135.15762778, 34.67273194], [135.15760463, 34.67275577], [135.15755166, 34.67281028], [135.15684055, 34.6735425], [135.15679695, 34.67358722], [135.15678519, 34.67359933], [135.15645805, 34.67393611], [135.1564075, 34.67398833], [135.15612966, 34.67427631], [135.15593134, 34.67448186], [135.15584597, 34.67457035], [135.15571445, 34.67470667], [135.15578778, 34.67483333], [135.15584406, 34.67493072], [135.15585727, 34.67495358], [135.15645139, 34.67598167], [135.15632195, 34.67619194], [135.15620611, 34.67638], [135.15598445, 34.67674006], [135.15598278, 34.67674278], [135.15588222, 34.67685806], [135.15581611, 34.67693389], [135.15577416, 34.67702473], [135.15577416, 34.67705427], [135.15577416, 34.6770875], [135.15579234, 34.67712384], [135.15579834, 34.67713583], [135.15585839, 34.6772569], [135.15586916, 34.67727861], [135.15591805, 34.67738639], [135.15592611, 34.67740389], [135.15591084, 34.67749444], [135.15580834, 34.67756639], [135.15569834, 34.67757583], [135.15564916, 34.67752889], [135.15562695, 34.67743405], [135.15501804, 34.67790012], [135.15487656, 34.67871499], [135.1543181, 34.67893509], [135.15431, 34.67901194], [135.15424555, 34.67915917], [135.15415834, 34.67924083], [135.15412472, 34.67925833], [135.15405584, 34.67929389], [135.15381305, 34.67935361], [135.15348416, 34.679435], [135.15229618, 34.679732], [135.1521075, 34.67977917], [135.15207975, 34.6798173], [135.15207334, 34.67982611], [135.15208555, 34.67993611], [135.15210361, 34.68009861], [135.15210449, 34.68012054], [135.15210449, 34.68012054], [135.15245015, 34.68017063], [135.15384315, 34.68051679], [135.15374415, 34.68139986], [135.15331989, 34.6815906], [135.15361687, 34.68261497], [135.15310776, 34.68268561], [135.153201, 34.68329108], [135.15270603, 34.68338292], [135.1527131, 34.6838845], [135.15344849, 34.68383505], [135.15347677, 34.68416709], [135.15307372, 34.6842448], [135.1523172, 34.68532953], [135.15297481, 34.68726522], [135.15370481, 34.68763847], [135.15459576, 34.68877587], [135.15749883, 34.68943555], [135.15884232, 34.69007136], [135.15935851, 34.69038927], [135.15947872, 34.69058708], [135.15943629, 34.69102508], [135.15925245, 34.69136418], [135.15889227, 34.69162266], [135.15942967, 34.69211012], [135.15974208, 34.69330909], [135.16001785, 34.69395903], [135.16031483, 34.69427694], [135.16076031, 34.69460897], [135.16109971, 34.69470081], [135.16136842, 34.69464429], [135.16175025, 34.69446062], [135.16206138, 34.69429107], [135.16220987, 34.69405087], [135.1629255, 34.69184888], [135.16519074, 34.69189116], [135.16531095, 34.6923009], [135.16655106, 34.69249352], [135.16786627, 34.69318585], [135.16786627, 34.69283262], [135.16987028, 34.69354001], [135.17016019, 34.69308081], [135.17110771, 34.69332101], [135.17082487, 34.69399921], [135.17157044, 34.69415664], [135.17205127, 34.6944251], [135.17234825, 34.69470061], [135.17294531, 34.69455291], [135.17294305, 34.69454611], [135.17291945, 34.694335], [135.17292889, 34.69425694], [135.173, 34.69422944], [135.17303334, 34.69423028], [135.17317027, 34.69423333], [135.17351555, 34.69429972], [135.17370472, 34.69431167], [135.17390805, 34.69431556], [135.17489525, 34.69451699], [135.17525959, 34.69459133], [135.175995, 34.69474139], [135.17648695, 34.69481556], [135.17664278, 34.69478444], [135.17664957, 34.69477156], [135.17669028, 34.69469444], [135.17671171, 34.69460156]]]}}, {"type": "Feature", "id": "did-1965-34", "properties": {"A16_001": "281061", "A16_002": "28106", "A16_003": "長田区", "A16_004": "1", "A16_005": "212208", "A16_006": "8.6", "A16_007": "200548", "A16_008": "7.2", "A16_009": "99.0", "A16_010": "81.9", "A16_011": "1965", "year": 1965, "population": 212208.0, "areaKm2": 8.6, "density": 24675.3488372093}, "geometry": {"type": "Polygon", "coordinates": [[[135.15210449, 34.68012054], [135.15210361, 34.68009861], [135.15208555, 34.67993611], [135.15207334, 34.67982611], [135.15207975, 34.6798173], [135.1521075, 34.67977917], [135.15229618, 34.679732], [135.15348416, 34.679435], [135.15381305, 34.67935361], [135.15405584, 34.67929389], [135.15412472, 34.67925833], [135.15415834, 34.67924083], [135.15424555, 34.67915917], [135.15431, 34.67901194], [135.1543181, 34.67893509], [135.15487656, 34.67871499], [135.15501804, 34.67790012], [135.15562695, 34.67743405], [135.15564916, 34.67752889], [135.15569834, 34.67757583], [135.15580834, 34.67756639], [135.15591084, 34.67749444], [135.15592611, 34.67740389], [135.15591805, 34.67738639], [135.15586916, 34.67727861], [135.15585839, 34.6772569], [135.15579834, 34.67713583], [135.15579234, 34.67712384], [135.15577416, 34.6770875], [135.15577416, 34.67705427], [135.15577416, 34.67702473], [135.15581611, 34.67693389], [135.15588222, 34.67685806], [135.15598278, 34.67674278], [135.15598445, 34.67674006], [135.15620611, 34.67638], [135.15632195, 34.67619194], [135.15645139, 34.67598167], [135.15585727, 34.67495358], [135.15584406, 34.67493072], [135.15578778, 34.67483333], [135.15571445, 34.67470667], [135.15584597, 34.67457035], [135.15593134, 34.67448186], [135.15612966, 34.67427631], [135.1564075, 34.67398833], [135.15645805, 34.67393611], [135.15678519, 34.67359933], [135.15679695, 34.67358722], [135.15684055, 34.6735425], [135.15755166, 34.67281028], [135.15760463, 34.67275577], [135.15762778, 34.67273194], [135.15762834, 34.67273139], [135.15778916, 34.67256583], [135.15806305, 34.67227], [135.158125, 34.67220333], [135.15817416, 34.67215028], [135.15850139, 34.67179694], [135.15818722, 34.67158723], [135.15813305, 34.67155083], [135.15805528, 34.67149889], [135.15796514, 34.67143876], [135.15786, 34.67136861], [135.15770889, 34.6712675], [135.15780028, 34.67117361], [135.15782708, 34.67114599], [135.15815778, 34.67080528], [135.15837278, 34.67058389], [135.15848611, 34.67046723], [135.15822722, 34.67028444], [135.15788399, 34.67004164], [135.15770889, 34.66991778], [135.15768383, 34.66990294], [135.15763334, 34.66987306], [135.15755416, 34.66982583], [135.15747389, 34.66977833], [135.15741139, 34.66974111], [135.15753945, 34.66961194], [135.15754993, 34.6696014], [135.15758666, 34.66956444], [135.15765445, 34.66949583], [135.15769416, 34.66945583], [135.15776305, 34.66938639], [135.15799945, 34.66914778], [135.15809528, 34.66905139], [135.15827084, 34.66887417], [135.15827166, 34.66887333], [135.15843861, 34.66870472], [135.15847148, 34.66867153], [135.15869305, 34.66844777], [135.15870445, 34.66839139], [135.15872568, 34.66828619], [135.15872805, 34.66827444], [135.15873678, 34.66823093], [135.15874889, 34.66817056], [135.15876666, 34.66808278], [135.15807389, 34.66801111], [135.15782, 34.6679825], [135.15774516, 34.66796151], [135.15768516, 34.66794468], [135.15754861, 34.66790639], [135.15742861, 34.66786667], [135.15737195, 34.66784806], [135.15730639, 34.66782639], [135.15723111, 34.66780139], [135.15729416, 34.66773611], [135.15751028, 34.66751167], [135.1575825, 34.66743667], [135.15762146, 34.66739613], [135.15765805, 34.66735806], [135.15768555, 34.66732972], [135.15805086, 34.66695051], [135.15834195, 34.66664833], [135.15837628, 34.66661266], [135.1583775, 34.66661139], [135.15840861, 34.66657917], [135.15881834, 34.66615389], [135.15884639, 34.66612473], [135.15887278, 34.66609722], [135.15897166, 34.66599472], [135.15930028, 34.66567027], [135.15933778, 34.66562639], [135.15938445, 34.66557167], [135.15949805, 34.66543766], [135.15953139, 34.66539833], [135.15956945, 34.665295], [135.15961222, 34.66517889], [135.15960948, 34.6650868], [135.15960639, 34.66498333], [135.15956611, 34.66484527], [135.15950611, 34.66417167], [135.15950389, 34.66414556], [135.15947389, 34.66380972], [135.15946222, 34.66355722], [135.15946389, 34.66347361], [135.15947027, 34.66317], [135.15947059, 34.66315443], [135.15947389, 34.66299278], [135.15948528, 34.66243944], [135.15948737, 34.66233809], [135.15948861, 34.66227833], [135.15948972, 34.66222139], [135.15949195, 34.66212194], [135.15949472, 34.66197972], [135.15949584, 34.66192444], [135.15949889, 34.66177417], [135.15950861, 34.66130861], [135.159525, 34.66059056], [135.15953361, 34.66021528], [135.15953528, 34.66013611], [135.15953643, 34.66008655], [135.15954305, 34.65980167], [135.15958584, 34.65802583], [135.15961834, 34.6573425], [135.15967584, 34.65673639], [135.15970173, 34.65630927], [135.15970611, 34.65623694], [135.15971028, 34.65475667], [135.15971111, 34.65448528], [135.1596859, 34.65437436], [135.15966111, 34.65426528], [135.1596575, 34.65424917], [135.15961055, 34.65404306], [135.15960044, 34.65394741], [135.15956805, 34.65364111], [135.15950361, 34.65303], [135.15948313, 34.65286591], [135.15943666, 34.65249361], [135.15942274, 34.65217996], [135.15939502, 34.65155553], [135.15939502, 34.65155553], [135.15936727, 34.65093063], [135.15864556, 34.65067861], [135.15885515, 34.65019608], [135.15970263, 34.65038728], [135.15993044, 34.65010504], [135.16236904, 34.6508517], [135.16287023, 34.6506241], [135.16497764, 34.6507667], [135.16512345, 34.64933732], [135.16384922, 34.649209], [135.16021327, 34.64897229], [135.15950006, 34.64879916], [135.15583677, 34.64788873], [135.15573661, 34.64917644], [135.15813324, 34.6499412], [135.15797832, 34.65045104], [135.15558695, 34.64985937], [135.15552316, 34.65029638], [135.15421094, 34.64994131], [135.15470413, 34.64785762], [135.15551516, 34.64751166], [135.15569035, 34.64641144], [135.15084718, 34.64585793], [135.15074311, 34.64584604], [135.14977207, 34.64712097], [135.15051976, 34.64746423], [135.14986123, 34.64845646], [135.14918134, 34.64843156], [135.14906743, 34.64816128], [135.14873282, 34.64797635], [135.14868089, 34.64797921], [135.14858478, 34.64809301], [135.14850647, 34.64816058], [135.1484068, 34.64817125], [135.14834628, 34.64811791], [135.14838188, 34.64797921], [135.14832137, 34.64775516], [135.14826085, 34.6476698], [135.14819678, 34.64765202], [135.14813271, 34.6476947], [135.14807575, 34.64793653], [135.14806507, 34.64795787], [135.14799388, 34.6479472], [135.1479587, 34.64790488], [135.14793226, 34.64765973], [135.14753113, 34.64755827], [135.1473788, 34.64775104], [135.14714016, 34.64763944], [135.14723155, 34.64741116], [135.14690151, 34.64726404], [135.14679996, 34.6473655], [135.14671364, 34.6474213], [135.14658163, 34.6474213], [135.14651054, 34.64731985], [135.14650546, 34.64722346], [135.14651562, 34.64708142], [135.14644961, 34.64703069], [135.14628205, 34.64702054], [135.14624143, 34.64696981], [135.14631251, 34.64674153], [135.14657655, 34.64645238], [135.14684058, 34.64624946], [135.14823536, 34.64586668], [135.14896511, 34.64564284], [135.14747222, 34.64547222], [135.14249674, 34.64351757], [135.14108631, 34.64517413], [135.14084258, 34.64506252], [135.14055317, 34.64526544], [135.13874593, 34.64445633], [135.13874593, 34.64445633], [135.13839834, 34.64527917], [135.13833, 34.64551806], [135.13826084, 34.64579973], [135.13820778, 34.64603889], [135.13819118, 34.64611371], [135.13813389, 34.64637194], [135.13808222, 34.64654472], [135.13802416, 34.64673944], [135.13796139, 34.64686278], [135.13788584, 34.64701167], [135.13778195, 34.64716917], [135.13749334, 34.64749361], [135.1374425, 34.64755028], [135.13731305, 34.64769472], [135.13728834, 34.64772229], [135.13727222, 34.64774027], [135.1371825, 34.64784083], [135.13710889, 34.6479225], [135.13677139, 34.64829917], [135.13671889, 34.648358], [135.13671166, 34.64836611], [135.13652264, 34.64857677], [135.13652222, 34.64857722], [135.13650472, 34.64859694], [135.13645834, 34.64864861], [135.13641887, 34.64869264], [135.13630222, 34.64882278], [135.13624528, 34.64888639], [135.13615528, 34.64898389], [135.13607777, 34.64906778], [135.13593555, 34.64921944], [135.13589889, 34.64925861], [135.13585413, 34.64929261], [135.13582723, 34.64931306], [135.13578305, 34.64934639], [135.13570111, 34.64940833], [135.13569084, 34.64941611], [135.13553916, 34.64950444], [135.13543695, 34.64956389], [135.13520027, 34.64975973], [135.13511861, 34.64984806], [135.13500008, 34.64997627], [135.13495889, 34.65002083], [135.13492028, 34.65006278], [135.13488223, 34.65010417], [135.13471639, 34.65028361], [135.13450028, 34.65051722], [135.13449695, 34.65052083], [135.13457695, 34.65056306], [135.1349825, 34.65077722], [135.13515526, 34.65086825], [135.13540639, 34.65100056], [135.13549955, 34.65104971], [135.13558222, 34.65109333], [135.13569916, 34.65122806], [135.135715, 34.65124611], [135.13572416, 34.65126917], [135.13574722, 34.6513275], [135.13581305, 34.65149417], [135.1358825, 34.65160889], [135.13607972, 34.65171444], [135.13612028, 34.65173611], [135.13616945, 34.65176222], [135.13622506, 34.65179198], [135.13681416, 34.65210722], [135.1371025, 34.65229111], [135.13714445, 34.65231806], [135.13722456, 34.65236914], [135.13734528, 34.65244611], [135.1374425, 34.65252139], [135.13778889, 34.65279], [135.13780722, 34.65280417], [135.13802111, 34.65297889], [135.13808508, 34.6530315], [135.1381025, 34.65304583], [135.13811136, 34.65305308], [135.13821084, 34.65313444], [135.13831884, 34.65322266], [135.13837305, 34.65326694], [135.138445, 34.6533175], [135.13863334, 34.65344972], [135.13871945, 34.65351028], [135.13873527, 34.65352], [135.13882028, 34.65357139], [135.13892722, 34.65363611], [135.13898998, 34.65367406], [135.13906916, 34.65372194], [135.13919361, 34.6537975], [135.13931639, 34.65387194], [135.139435, 34.65394083], [135.13986889, 34.65419167], [135.13991718, 34.65421956], [135.13998334, 34.65425778], [135.14012445, 34.65433944], [135.14069028, 34.65470222], [135.14091805, 34.65484111], [135.14096084, 34.65486722], [135.14099132, 34.65488586], [135.14102084, 34.65490389], [135.14167584, 34.65530333], [135.14164916, 34.65533], [135.1416075, 34.65537194], [135.14151584, 34.65546389], [135.14142666, 34.65555333], [135.14129639, 34.65568361], [135.14123166, 34.65574889], [135.14110611, 34.65587472], [135.14106834, 34.6559125], [135.14095805, 34.65602306], [135.14088291, 34.65609819], [135.140875, 34.65610611], [135.14083084, 34.65615056], [135.14073073, 34.65625103], [135.14068084, 34.65630111], [135.14034778, 34.65663473], [135.14021416, 34.65677111], [135.14014, 34.65684667], [135.14005222, 34.65693583], [135.13995361, 34.65703639], [135.13991639, 34.65707444], [135.13990266, 34.65708845], [135.13973555, 34.65725889], [135.13971916, 34.65727556], [135.13964528, 34.65735361], [135.1391675, 34.6578575], [135.13915631, 34.65786927], [135.13912472, 34.6579025], [135.13905722, 34.65797389], [135.1387725, 34.65827389], [135.13871472, 34.658335], [135.13870305, 34.65834444], [135.13864889, 34.65838833], [135.13856611, 34.65845556], [135.13846908, 34.65853417], [135.13844611, 34.65855277], [135.13833528, 34.6586425], [135.13810889, 34.65882639], [135.13796834, 34.65896028], [135.13793361, 34.65899333], [135.13788278, 34.65904139], [135.13784305, 34.65907944], [135.13781945, 34.65910361], [135.137595, 34.65933472], [135.13753166, 34.6594], [135.13752156, 34.65941042], [135.13750528, 34.65942722], [135.13735084, 34.65958611], [135.1372875, 34.65965139], [135.13717195, 34.65977], [135.13710139, 34.65984278], [135.13706305, 34.65988222], [135.13702111, 34.65992556], [135.13671555, 34.66024], [135.13668111, 34.66027527], [135.13667715, 34.66027936], [135.13651695, 34.66044444], [135.13648555, 34.66047667], [135.1361308, 34.66083492], [135.13609111, 34.660875], [135.13605584, 34.66091083], [135.13604653, 34.66092019], [135.13600555, 34.66096139], [135.13588528, 34.66108306], [135.13576139, 34.66120833], [135.13572055, 34.66124972], [135.13542305, 34.66155028], [135.13536282, 34.66161355], [135.13531861, 34.66166], [135.13528584, 34.66169444], [135.13524861, 34.66173361], [135.13522805, 34.661755], [135.13518723, 34.66179806], [135.1351225, 34.66186583], [135.13482166, 34.66218167], [135.13458746, 34.6624278], [135.13458695, 34.66242833], [135.13455361, 34.66246333], [135.13452527, 34.66249306], [135.13445805, 34.66256361], [135.13419334, 34.66282], [135.134135, 34.66287639], [135.13408182, 34.66292778], [135.13401916, 34.66298833], [135.13400261, 34.66300553], [135.13386027, 34.66315333], [135.13375419, 34.66326352], [135.13352305, 34.66350361], [135.13350722, 34.66351583], [135.13340195, 34.66359806], [135.13336817, 34.66362442], [135.13335389, 34.66363556], [135.13330945, 34.66367028], [135.1332397, 34.66372465], [135.13457989, 34.66519319], [135.13388611, 34.66569606], [135.13404965, 34.66828478], [135.1339134, 34.66916036], [135.13358692, 34.670003], [135.13317886, 34.67422211], [135.13421272, 34.67521425], [135.13574024, 34.67481282], [135.13574024, 34.67481282], [135.1364666, 34.67471734], [135.13623085, 34.67436085], [135.13623722, 34.67373064], [135.13742872, 34.67378156], [135.13747525, 34.67324473], [135.13815701, 34.6734548], [135.13826002, 34.67541297], [135.13861682, 34.67601136], [135.13831172, 34.67749196], [135.13882145, 34.67753652], [135.13937579, 34.67584958], [135.14002569, 34.67624426], [135.13983473, 34.67552221], [135.14012783, 34.67515936], [135.14052924, 34.6748729], [135.14058097, 34.67367125], [135.1419891, 34.67367125], [135.14145388, 34.67450517], [135.14228353, 34.67583274], [135.14030115, 34.6779579], [135.14171565, 34.67759505], [135.14225724, 34.67737861], [135.14251211, 34.67754412], [135.14346546, 34.6772114], [135.14486085, 34.6769695], [135.14522403, 34.67700769], [135.14471472, 34.67757162], [135.14482941, 34.67823366], [135.14380358, 34.67883204], [135.14335756, 34.67974235], [135.14287969, 34.67948136], [135.14273952, 34.67944316], [135.14173684, 34.67996724], [135.14070464, 34.68080752], [135.14059632, 34.68102396], [135.14044977, 34.68117674], [135.14025225, 34.68117674], [135.1400611, 34.68092211], [135.13987633, 34.68056562], [135.13989544, 34.68024097], [135.14013756, 34.67908239], [135.13985721, 34.6790251], [135.13937934, 34.67899327], [135.13917545, 34.67961712], [135.13916908, 34.68066747], [135.13922642, 34.68102396], [135.13881227, 34.68080116], [135.13808125, 34.67998631], [135.13707453, 34.68031733], [135.13791559, 34.68139952], [135.13795223, 34.6815283], [135.13779142, 34.68158632], [135.137175, 34.68165326], [135.13572499, 34.68156504], [135.13524257, 34.68163198], [135.13487183, 34.6817614], [135.13475122, 34.6819176], [135.13475122, 34.68205148], [135.13493436, 34.68239957], [135.13526044, 34.68264503], [135.13645468, 34.68305805], [135.13582486, 34.68354449], [135.13568604, 34.68439521], [135.13516342, 34.68431042], [135.13412913, 34.6841186], [135.13393259, 34.68414092], [135.13381198, 34.68417662], [135.13378071, 34.68425249], [135.13378965, 34.68441761], [135.13393259, 34.68463182], [135.13496121, 34.6856205], [135.13603772, 34.68692362], [135.13623085, 34.68732834], [135.13564122, 34.68781925], [135.13486718, 34.68827634], [135.13403635, 34.6885798], [135.133545, 34.68873154], [135.13344226, 34.68879848], [135.13322339, 34.68903054], [135.13311111, 34.68927475], [135.13300391, 34.68968978], [135.13287883, 34.69018515], [135.13217709, 34.69108866], [135.1332, 34.69184286], [135.13307948, 34.69222862], [135.13333409, 34.69253655], [135.13350383, 34.69219292], [135.13328943, 34.69187606], [135.1336021, 34.69123788], [135.1352057, 34.69155474], [135.13557645, 34.6915592], [135.13576406, 34.69146102], [135.13593144, 34.69122625], [135.13638259, 34.69018197], [135.13656573, 34.69015519], [135.13751717, 34.6902623], [135.13800293, 34.69024424], [135.13856575, 34.68998093], [135.13954102, 34.68929947], [135.14004578, 34.6895717], [135.13887009, 34.69103451], [135.13761831, 34.69264589], [135.13933018, 34.69327468], [135.13953195, 34.69319056], [135.13977834, 34.69306], [135.14031443, 34.69277496], [135.14051028, 34.69267083], [135.14080134, 34.69247618], [135.1408746, 34.69242719], [135.14090861, 34.69240444], [135.14117028, 34.69219472], [135.14126321, 34.69207612], [135.14133722, 34.69198167], [135.1413425, 34.69197472], [135.14159722, 34.69163222], [135.14184361, 34.69124389], [135.14196139, 34.69100056], [135.14209389, 34.6907275], [135.14228, 34.69042028], [135.14238805, 34.69024194], [135.14251695, 34.69002583], [135.14260805, 34.68994111], [135.14279778, 34.68982222], [135.14299111, 34.68977833], [135.14320722, 34.689775], [135.14336008, 34.68980263], [135.14358085, 34.68952097], [135.14138903, 34.68861696], [135.14258645, 34.68708408], [135.14439079, 34.68561036], [135.14625755, 34.68429635], [135.14706364, 34.68392192], [135.14815258, 34.68368173], [135.14948738, 34.68363662], [135.15022625, 34.68376844], [135.15043195, 34.68360833], [135.15048547, 34.68354022], [135.15056219, 34.68096892], [135.15069654, 34.68058037], [135.15112787, 34.68018475], [135.15152385, 34.6800364], [135.15210449, 34.68012054]]]}}, {"type": "Feature", "id": "did-1965-35", "properties": {"A16_001": "280041", "A16_002": "00284", "A16_003": "明石市", "A16_004": "1", "A16_005": "107806", "A16_006": "12.5", "A16_007": "80508", "A16_008": "9.5", "A16_009": "67.7", "A16_010": "26.48", "A16_011": "1965", "year": 1965, "population": 107806.0, "areaKm2": 12.5, "density": 8624.48}, "geometry": {"type": "Polygon", "coordinates": [[[134.94316197, 34.66252256], [134.94388715, 34.66317304], [134.94405456, 34.66458332], [134.94465164, 34.66414205], [134.94515875, 34.66463235], [134.94188934, 34.66680459], [134.94235587, 34.66734208], [134.94238041, 34.66807754], [134.94355886, 34.66872092], [134.94577543, 34.66842674], [134.94750092, 34.66821034], [134.94763415, 34.66917279], [134.94942758, 34.66889634], [134.94977602, 34.66928542], [134.95033967, 34.66928542], [134.95050364, 34.66960282], [134.95085208, 34.66947996], [134.95066762, 34.66908064], [134.95056513, 34.66798509], [134.95043191, 34.66755506], [134.95039091, 34.66717622], [134.95044215, 34.66706359], [134.95065737, 34.6668793], [134.95108779, 34.66680762], [134.95217092, 34.66679517], [134.9525296, 34.66749141], [134.95305226, 34.6667235], [134.95350318, 34.66671326], [134.95504041, 34.66676445], [134.95481495, 34.66715353], [134.95444601, 34.66771666], [134.95434353, 34.66805454], [134.95434353, 34.66852553], [134.95478435, 34.67015494], [134.95139169, 34.67286597], [134.9507379, 34.67239223], [134.94889621, 34.67373754], [134.94750241, 34.6730341], [134.94717392, 34.67361056], [134.94608187, 34.67397663], [134.94577294, 34.67410583], [134.94560769, 34.67427093], [134.94549992, 34.67456522], [134.9453275, 34.67508204], [134.94462341, 34.67447909], [134.94423545, 34.67440013], [134.94328709, 34.67433553], [134.9432431, 34.67363073], [134.94233785, 34.67363791], [134.94230193, 34.67334362], [134.94158741, 34.67340104], [134.94129284, 34.67358767], [134.94047381, 34.67431264], [134.94008584, 34.67449209], [134.93984875, 34.6745854], [134.93885011, 34.67457822], [134.93883574, 34.67461411], [134.93889321, 34.67473614], [134.93930992, 34.67522424], [134.94018042, 34.67605341], [134.94086295, 34.67552224], [134.94120781, 34.67571604], [134.94189752, 34.6751777], [134.94276685, 34.67587396], [134.94194781, 34.67651997], [134.9425585, 34.67702243], [134.94257991, 34.67805922], [134.94362848, 34.67808631], [134.9439087, 34.67788762], [134.9441618, 34.67814953], [134.94191099, 34.67979319], [134.94031102, 34.67834821], [134.93958388, 34.67874558], [134.93916807, 34.67885395], [134.93896921, 34.67877267], [134.9379116, 34.677707], [134.9346277, 34.67996743], [134.93466386, 34.68042802], [134.93485369, 34.68081636], [134.93580341, 34.68184365], [134.93592996, 34.68253001], [134.93718644, 34.68347828], [134.93762937, 34.68397499], [134.93727683, 34.68403821], [134.93725875, 34.68420077], [134.93767457, 34.68480586], [134.93727717, 34.68505393], [134.93921648, 34.68645306], [134.93959018, 34.68497477], [134.94136273, 34.68563571], [134.94153511, 34.68890913], [134.94223201, 34.68889904], [134.94224349, 34.68849528], [134.94292019, 34.68855078], [134.94294544, 34.68896955], [134.94370451, 34.68852535], [134.94495691, 34.68761719], [134.94576252, 34.68910155], [134.94623722, 34.68873324], [134.94674222, 34.68812779], [134.94542538, 34.68692025], [134.94512803, 34.68653277], [134.94471434, 34.68552531], [134.94401575, 34.68502219], [134.94379399, 34.68470789], [134.94371109, 34.68459183], [134.94369838, 34.68424269], [134.94454979, 34.68426173], [134.94461968, 34.68366502], [134.94555368, 34.68358885], [134.94570708, 34.68350934], [134.94591943, 34.6833628], [134.94602785, 34.68324826], [134.94613993, 34.68310828], [134.94618477, 34.68289551], [134.94637896, 34.68288744], [134.94646147, 34.68294239], [134.94653219, 34.68294239], [134.94663827, 34.68289136], [134.94681114, 34.68272258], [134.94688972, 34.68258519], [134.94690151, 34.68243995], [134.94686195, 34.68224966], [134.94672836, 34.68207695], [134.94582078, 34.68160198], [134.94434604, 34.68098345], [134.94609879, 34.67991298], [134.9477707, 34.67815181], [134.94874059, 34.67713848], [134.95004047, 34.67718819], [134.94966108, 34.67755481], [134.95238896, 34.67971649], [134.95391274, 34.67937473], [134.95570022, 34.67797477], [134.95650254, 34.67868314], [134.95716448, 34.67774265], [134.95842705, 34.67649988], [134.95958623, 34.67539025], [134.95782489, 34.6738674], [134.95852708, 34.67329191], [134.95829875, 34.67279938], [134.95822282, 34.67264767], [134.95811929, 34.67245458], [134.95804336, 34.67215116], [134.95796054, 34.67188912], [134.95788461, 34.67162707], [134.95778507, 34.67149571], [134.95763991, 34.67138935], [134.95666616, 34.6709624], [134.9564726, 34.67087055], [134.95631292, 34.67070134], [134.95616776, 34.67056115], [134.95610969, 34.67041128], [134.95607617, 34.67030199], [134.95611972, 34.67018113], [134.95634715, 34.66985723], [134.95724819, 34.66880522], [134.95755787, 34.66851999], [134.95828854, 34.66807522], [134.9598967, 34.66674879], [134.9596596, 34.66729508], [134.95949024, 34.66819912], [134.96046284, 34.6675078], [134.96084166, 34.66768182], [134.9613449, 34.66776884], [134.96134974, 34.66786553], [134.96112715, 34.66810242], [134.96108844, 34.66824745], [134.96108857, 34.66840353], [134.96117567, 34.66857274], [134.96139825, 34.66874194], [134.96180955, 34.66880962], [134.96219182, 34.66895949], [134.96337387, 34.67017062], [134.96282706, 34.67057867], [134.96383937, 34.67110168], [134.96449261, 34.67181717], [134.96553471, 34.67211419], [134.9660875, 34.67177018], [134.96706494, 34.67091932], [134.9665617, 34.67018284], [134.96671654, 34.6699798], [134.96672622, 34.66980092], [134.96611077, 34.66932394], [134.96275155, 34.66680205], [134.96518947, 34.6655905], [134.96635008, 34.66620758], [134.96715437, 34.66565752], [134.96760101, 34.66603544], [134.96791698, 34.66583455], [134.96834306, 34.66617415], [134.96811805, 34.66639895], [134.96890438, 34.66697426], [134.97080759, 34.66647085], [134.97055386, 34.66545684], [134.97188123, 34.66511535], [134.97250359, 34.66500534], [134.9729584, 34.66529232], [134.97306851, 34.66527797], [134.97319299, 34.66524449], [134.97329352, 34.66513448], [134.97337491, 34.66489055], [134.97363404, 34.66350473], [134.97370106, 34.66326557], [134.97377288, 34.66316513], [134.97396916, 34.66302642], [134.97549829, 34.66250633], [134.97548361, 34.66244167], [134.97539334, 34.66234194], [134.97509166, 34.66213639], [134.97500972, 34.66200694], [134.97500861, 34.66200528], [134.97496522, 34.66192853], [134.97448295, 34.66150693], [134.97429145, 34.66139692], [134.97310198, 34.66142421], [134.97232641, 34.66129028], [134.97161787, 34.66109896], [134.97146946, 34.66102243], [134.97142159, 34.66092199], [134.97144074, 34.66073066], [134.97170424, 34.65979872], [134.97309565, 34.65980474], [134.97347513, 34.6589863], [134.972842, 34.65854949], [134.97334797, 34.65786947], [134.97444728, 34.65836283], [134.9745557, 34.65771289], [134.97416418, 34.65757448], [134.97408581, 34.65644582], [134.9743147, 34.65628936], [134.97403762, 34.65547092], [134.9751588, 34.65473944], [134.9784559, 34.65267207], [134.97999361, 34.65611356], [134.97934911, 34.65630011], [134.97953583, 34.65701625], [134.9822728, 34.65647481], [134.98275572, 34.65791024], [134.98400257, 34.65755518], [134.9840869, 34.65765749], [134.98409421, 34.65811236], [134.98604584, 34.65834355], [134.98604584, 34.65824111], [134.98604584, 34.65774556], [134.98625334, 34.65752861], [134.98630222, 34.6574775], [134.98648305, 34.65740917], [134.9865534, 34.6574072], [134.98681166, 34.6574], [134.98690278, 34.6573975], [134.98693166, 34.65739667], [134.98759527, 34.65755861], [134.98763389, 34.65757056], [134.98804139, 34.65769583], [134.98821945, 34.65775056], [134.98827416, 34.6577675], [134.98889222, 34.6579575], [134.98894028, 34.65795139], [134.98908639, 34.65793278], [134.98937444, 34.65775526], [134.98938389, 34.65774944], [134.98944389, 34.6577125], [134.98950111, 34.65767722], [134.98958777, 34.65767917], [134.98978778, 34.65768333], [134.99063945, 34.65760861], [134.99089584, 34.65763973], [134.99134834, 34.65776444], [134.991635, 34.65782056], [134.99183861, 34.65782667], [134.9921901, 34.65765878], [134.99520881, 34.65906518], [134.9969395, 34.66008275], [134.99710186, 34.66011916], [134.99733651, 34.66008567], [134.99757117, 34.66002985], [134.99782072, 34.65990333], [134.9981087, 34.6596309], [134.99836198, 34.65928482], [134.9989924, 34.65833323], [134.99943936, 34.65789412], [134.99981928, 34.65760386], [135.00023619, 34.65733812], [135.00024555, 34.65734611], [135.00026417, 34.65736006], [135.00049584, 34.65753361], [135.00059916, 34.65761083], [135.00078145, 34.65774733], [135.0010015, 34.65791211], [135.00126389, 34.65810861], [135.00139639, 34.65816972], [135.00159445, 34.65826111], [135.00160166, 34.65826444], [135.00215445, 34.65874417], [135.00224819, 34.65882565], [135.0022925, 34.65886417], [135.00252305, 34.65911889], [135.00317186, 34.65876902], [135.00331584, 34.65869139], [135.00356639, 34.65855611], [135.00360895, 34.658531], [135.00377821, 34.65843116], [135.0038551, 34.65838581], [135.00458972, 34.6579525], [135.00476861, 34.65773917], [135.00492111, 34.65739], [135.00467477, 34.6572603], [135.00483141, 34.65689801], [135.0049804, 34.65642914], [135.00539038, 34.6550985], [135.00623731, 34.65507528], [135.00725415, 34.65469943], [135.00663363, 34.65313443], [135.00625222, 34.6513911], [135.00762611, 34.65073814], [135.00906592, 34.65021419], [135.00953314, 34.65067146], [135.01045127, 34.65013364], [135.01101947, 34.64998671], [135.01112642, 34.65027388], [135.01085235, 34.65036738], [135.01129392, 34.65092983], [135.01105996, 34.65105004], [135.01154848, 34.65167281], [135.00979711, 34.65222045], [135.0094094, 34.65222713], [135.00914201, 34.65216034], [135.00868746, 34.65238073], [135.00888777, 34.65342028], [135.00894793, 34.65393453], [135.00891451, 34.65420167], [135.00871397, 34.65456899], [135.00833876, 34.65494696], [135.00865962, 34.65600216], [135.0078842, 34.65626263], [135.00849298, 34.65897166], [135.00861999, 34.65903845], [135.00971626, 34.65812349], [135.01032457, 34.65748235], [135.01102645, 34.65641379], [135.01031023, 34.65560804], [135.01018323, 34.65532086], [135.01010301, 34.65497358], [135.01010969, 34.6544994], [135.01025064, 34.65393466], [135.01056482, 34.65331356], [135.01097927, 34.65274588], [135.01106617, 34.65267242], [135.01111296, 34.6526791], [135.01113301, 34.65271249], [135.01113301, 34.65396137], [135.01242315, 34.65236521], [135.01283091, 34.65261231], [135.01336212, 34.65231081], [135.01405732, 34.65279834], [135.01507339, 34.65220395], [135.01425118, 34.65182327], [135.01423112, 34.65176985], [135.01426455, 34.6517231], [135.01475921, 34.6515962], [135.01548115, 34.65170306], [135.01684163, 34.65156221], [135.01702211, 34.65116817], [135.01777747, 34.65117485], [135.01782901, 34.65116625], [135.01790786, 34.65112686], [135.017921, 34.65109732], [135.01790457, 34.65104481], [135.01746406, 34.65054818], [135.01684821, 34.65016843], [135.01625948, 34.64987433], [135.01405595, 34.64985753], [135.01361795, 34.64975058], [135.01335262, 34.64955618], [135.01274965, 34.64869242], [135.01276144, 34.64864529], [135.01284988, 34.64862173], [135.01403501, 34.64897518], [135.01415883, 34.64894572], [135.01441237, 34.64866297], [135.01470128, 34.64843323], [135.01511991, 34.64821527], [135.01586872, 34.64795018], [135.01472486, 34.64744947], [135.01402773, 34.64709233], [135.01365627, 34.6473044], [135.01369755, 34.64560197], [135.01276006, 34.64561375], [135.01216455, 34.64549004], [135.01198176, 34.64531332], [135.01038211, 34.6456756], [135.0105531, 34.6446565], [135.01165568, 34.64475664], [135.01143163, 34.64447389], [135.01129012, 34.64429716], [135.01121901, 34.64413016], [135.01120207, 34.64406525], [135.00789859, 34.64374556], [135.00578355, 34.64354088], [135.00377415, 34.64334642], [135.00277778, 34.64325], [135.00268082, 34.64305608], [135.00069739, 34.64294253], [134.99845843, 34.64287147], [134.99470344, 34.6431261], [134.99443864, 34.64314406], [134.9932712, 34.6431794], [134.99260494, 34.64310282], [134.99205659, 34.64295555], [134.99137264, 34.64270225], [134.99104835, 34.64249018], [134.99086557, 34.6422251], [134.99067002, 34.64173892], [134.99059926, 34.64132657], [134.99028087, 34.64156809], [134.98973842, 34.64115574], [134.98946958, 34.64130258], [134.98935165, 34.64130847], [134.98905095, 34.64124956], [134.98886817, 34.64119065], [134.98871487, 34.64124956], [134.98849671, 34.64125545], [134.98827266, 34.64125545], [134.9882019, 34.641226], [134.9879012, 34.64084899], [134.98777148, 34.64081953], [134.98762997, 34.6408372], [134.98721135, 34.64106105], [134.98693569, 34.64112748], [134.98652234, 34.64112748], [134.98613379, 34.64107379], [134.98585684, 34.64097468], [134.98523091, 34.64068871], [134.98485063, 34.64062263], [134.98425127, 34.6406598], [134.98234684, 34.64085211], [134.98228286, 34.64085857], [134.98216554, 34.64087042], [134.9802526, 34.64109466], [134.97745919, 34.64126865], [134.97585125, 34.64126452], [134.9754627, 34.64134299], [134.97514442, 34.64147101], [134.97495014, 34.64159077], [134.97467733, 34.64187985], [134.97425379, 34.64226137], [134.97382804, 34.64248025], [134.97317494, 34.64274455], [134.9725, 34.64325], [134.97084904, 34.64413411], [134.97048747, 34.64441532], [134.97018617, 34.64449567], [134.96982461, 34.64453584], [134.96962375, 34.64465636], [134.96948314, 34.64479697], [134.96928227, 34.64507818], [134.96886045, 34.64541966], [134.96807707, 34.64584148], [134.966671, 34.64674538], [134.96647013, 34.64666503], [134.96630944, 34.64658469], [134.96612866, 34.64640391], [134.96598105, 34.64639706], [134.96590944, 34.64644347], [134.96580512, 34.64658823], [134.96573847, 34.64680537], [134.9656426, 34.64739528], [134.96553248, 34.64752267], [134.96517895, 34.64776007], [134.96453357, 34.64810042], [134.96384853, 34.64832597], [134.96388889, 34.64852778], [134.96222222, 34.64991667], [134.96174929, 34.6501382], [134.95694444, 34.65238889], [134.95422613, 34.65448587], [134.94722222, 34.65988889], [134.94316197, 34.66252256]]]}}, {"type": "Feature", "id": "did-1965-36", "properties": {"A16_001": "281071", "A16_002": "28107", "A16_003": "須磨区", "A16_004": "1", "A16_005": "96015", "A16_006": "6.2", "A16_007": "88096", "A16_008": "6.3", "A16_009": "92.8", "A16_010": "25.83", "A16_011": "1965", "year": 1965, "population": 96015.0, "areaKm2": 6.2, "density": 15486.290322580644}, "geometry": {"type": "Polygon", "coordinates": [[[135.13574024, 34.67481282], [135.13421272, 34.67521425], [135.13317886, 34.67422211], [135.13358692, 34.670003], [135.1339134, 34.66916036], [135.13404965, 34.66828478], [135.13388611, 34.66569606], [135.13457989, 34.66519319], [135.1332397, 34.66372465], [135.13330945, 34.66367028], [135.13335389, 34.66363556], [135.13336817, 34.66362442], [135.13340195, 34.66359806], [135.13350722, 34.66351583], [135.13352305, 34.66350361], [135.13375419, 34.66326352], [135.13386027, 34.66315333], [135.13400261, 34.66300553], [135.13401916, 34.66298833], [135.13408182, 34.66292778], [135.134135, 34.66287639], [135.13419334, 34.66282], [135.13445805, 34.66256361], [135.13452527, 34.66249306], [135.13455361, 34.66246333], [135.13458695, 34.66242833], [135.13458746, 34.6624278], [135.13482166, 34.66218167], [135.1351225, 34.66186583], [135.13518723, 34.66179806], [135.13522805, 34.661755], [135.13524861, 34.66173361], [135.13528584, 34.66169444], [135.13531861, 34.66166], [135.13536282, 34.66161355], [135.13542305, 34.66155028], [135.13572055, 34.66124972], [135.13576139, 34.66120833], [135.13588528, 34.66108306], [135.13600555, 34.66096139], [135.13604653, 34.66092019], [135.13605584, 34.66091083], [135.13609111, 34.660875], [135.1361308, 34.66083492], [135.13648555, 34.66047667], [135.13651695, 34.66044444], [135.13667715, 34.66027936], [135.13668111, 34.66027527], [135.13671555, 34.66024], [135.13702111, 34.65992556], [135.13706305, 34.65988222], [135.13710139, 34.65984278], [135.13717195, 34.65977], [135.1372875, 34.65965139], [135.13735084, 34.65958611], [135.13750528, 34.65942722], [135.13752156, 34.65941042], [135.13753166, 34.6594], [135.137595, 34.65933472], [135.13781945, 34.65910361], [135.13784305, 34.65907944], [135.13788278, 34.65904139], [135.13793361, 34.65899333], [135.13796834, 34.65896028], [135.13810889, 34.65882639], [135.13833528, 34.6586425], [135.13844611, 34.65855277], [135.13846908, 34.65853417], [135.13856611, 34.65845556], [135.13864889, 34.65838833], [135.13870305, 34.65834444], [135.13871472, 34.658335], [135.1387725, 34.65827389], [135.13905722, 34.65797389], [135.13912472, 34.6579025], [135.13915631, 34.65786927], [135.1391675, 34.6578575], [135.13964528, 34.65735361], [135.13971916, 34.65727556], [135.13973555, 34.65725889], [135.13990266, 34.65708845], [135.13991639, 34.65707444], [135.13995361, 34.65703639], [135.14005222, 34.65693583], [135.14014, 34.65684667], [135.14021416, 34.65677111], [135.14034778, 34.65663473], [135.14068084, 34.65630111], [135.14073073, 34.65625103], [135.14083084, 34.65615056], [135.140875, 34.65610611], [135.14088291, 34.65609819], [135.14095805, 34.65602306], [135.14106834, 34.6559125], [135.14110611, 34.65587472], [135.14123166, 34.65574889], [135.14129639, 34.65568361], [135.14142666, 34.65555333], [135.14151584, 34.65546389], [135.1416075, 34.65537194], [135.14164916, 34.65533], [135.14167584, 34.65530333], [135.14102084, 34.65490389], [135.14099132, 34.65488586], [135.14096084, 34.65486722], [135.14091805, 34.65484111], [135.14069028, 34.65470222], [135.14012445, 34.65433944], [135.13998334, 34.65425778], [135.13991718, 34.65421956], [135.13986889, 34.65419167], [135.139435, 34.65394083], [135.13931639, 34.65387194], [135.13919361, 34.6537975], [135.13906916, 34.65372194], [135.13898998, 34.65367406], [135.13892722, 34.65363611], [135.13882028, 34.65357139], [135.13873527, 34.65352], [135.13871945, 34.65351028], [135.13863334, 34.65344972], [135.138445, 34.6533175], [135.13837305, 34.65326694], [135.13831884, 34.65322266], [135.13821084, 34.65313444], [135.13811136, 34.65305308], [135.1381025, 34.65304583], [135.13808508, 34.6530315], [135.13802111, 34.65297889], [135.13780722, 34.65280417], [135.13778889, 34.65279], [135.1374425, 34.65252139], [135.13734528, 34.65244611], [135.13722456, 34.65236914], [135.13714445, 34.65231806], [135.1371025, 34.65229111], [135.13681416, 34.65210722], [135.13622506, 34.65179198], [135.13616945, 34.65176222], [135.13612028, 34.65173611], [135.13607972, 34.65171444], [135.1358825, 34.65160889], [135.13581305, 34.65149417], [135.13574722, 34.6513275], [135.13572416, 34.65126917], [135.135715, 34.65124611], [135.13569916, 34.65122806], [135.13558222, 34.65109333], [135.13549955, 34.65104971], [135.13540639, 34.65100056], [135.13515526, 34.65086825], [135.1349825, 34.65077722], [135.13457695, 34.65056306], [135.13449695, 34.65052083], [135.13450028, 34.65051722], [135.13471639, 34.65028361], [135.13488223, 34.65010417], [135.13492028, 34.65006278], [135.13495889, 34.65002083], [135.13500008, 34.64997627], [135.13511861, 34.64984806], [135.13520027, 34.64975973], [135.13543695, 34.64956389], [135.13553916, 34.64950444], [135.13569084, 34.64941611], [135.13570111, 34.64940833], [135.13578305, 34.64934639], [135.13582723, 34.64931306], [135.13585413, 34.64929261], [135.13589889, 34.64925861], [135.13593555, 34.64921944], [135.13607777, 34.64906778], [135.13615528, 34.64898389], [135.13624528, 34.64888639], [135.13630222, 34.64882278], [135.13641887, 34.64869264], [135.13645834, 34.64864861], [135.13650472, 34.64859694], [135.13652222, 34.64857722], [135.13652264, 34.64857677], [135.13671166, 34.64836611], [135.13671889, 34.648358], [135.13677139, 34.64829917], [135.13710889, 34.6479225], [135.1371825, 34.64784083], [135.13727222, 34.64774027], [135.13728834, 34.64772229], [135.13731305, 34.64769472], [135.1374425, 34.64755028], [135.13749334, 34.64749361], [135.13778195, 34.64716917], [135.13788584, 34.64701167], [135.13796139, 34.64686278], [135.13802416, 34.64673944], [135.13808222, 34.64654472], [135.13813389, 34.64637194], [135.13819118, 34.64611371], [135.13820778, 34.64603889], [135.13826084, 34.64579973], [135.13833, 34.64551806], [135.13839834, 34.64527917], [135.13874593, 34.64445633], [135.13874593, 34.64445633], [135.13906472, 34.64370167], [135.13907628, 34.64367889], [135.1369345, 34.64280271], [135.13668062, 34.64254906], [135.13627441, 34.6425237], [135.13587329, 34.64260487], [135.13566003, 34.64262516], [135.13512181, 34.64247804], [135.13342285, 34.64263133], [135.13034867, 34.64292506], [135.1278462, 34.64305677], [135.12468517, 34.64279335], [135.12211684, 34.6427275], [135.12017607, 34.64243696], [135.1179525, 34.64211156], [135.11648556, 34.64186111], [135.1160901, 34.64186111], [135.11571979, 34.64186111], [135.11562752, 34.64186111], [135.11555556, 34.64186111], [135.11418381, 34.64168219], [135.11336427, 34.64157529], [135.11289709, 34.64151435], [135.1126666, 34.64148429], [135.111439, 34.64132417], [135.11134646, 34.6413121], [135.11035893, 34.64118329], [135.11024097, 34.6411679], [135.11015734, 34.641157], [135.11010928, 34.64115073], [135.10959305, 34.64108339], [135.10959073, 34.64108309], [135.10922839, 34.64103583], [135.10916667, 34.64102778], [135.10884428, 34.64088673], [135.10860054, 34.6407801], [135.10856398, 34.6407641], [135.10787369, 34.6404621], [135.10783724, 34.64044615], [135.10780139, 34.64043047], [135.10730125, 34.64211546], [135.10668687, 34.64216618], [135.10571914, 34.64111774], [135.10507936, 34.64126485], [135.10519107, 34.64038724], [135.10439389, 34.6398901], [135.10395215, 34.64047855], [135.10259405, 34.63934507], [135.10222338, 34.63820874], [135.10094892, 34.63864501], [135.10055287, 34.63837107], [135.10027868, 34.63875661], [135.09991817, 34.63843194], [135.09930839, 34.63934228], [135.10004971, 34.63984957], [135.09986728, 34.64017579], [135.10314351, 34.64222264], [135.10289471, 34.64240526], [135.10355255, 34.64294094], [135.10381658, 34.6429308], [135.10445635, 34.64348375], [135.10477116, 34.64368159], [135.10495395, 34.64368159], [135.10691058, 34.64291604], [135.10681918, 34.64436182], [135.10577828, 34.64450386], [135.10729429, 34.64598222], [135.10773221, 34.64575702], [135.10804133, 34.64575059], [135.10884634, 34.64593718], [135.10975438, 34.64650338], [135.11027603, 34.64710176], [135.11082597, 34.64772372], [135.11095477, 34.64812263], [135.10984708, 34.64935799], [135.11070361, 34.64984699], [135.11146997, 34.6489076], [135.11234582, 34.64903628], [135.11259698, 34.64885613], [135.11350296, 34.6490969], [135.11319384, 34.64975319], [135.11356736, 34.6500942], [135.11287184, 34.65089846], [135.11378632, 34.65143893], [135.11383158, 34.65226121], [135.1139475, 34.65239633], [135.11417934, 34.65255718], [135.11461082, 34.65256362], [135.11518399, 34.65232555], [135.11600187, 34.65186229], [135.11617575, 34.65149555], [135.11630014, 34.65115145], [135.11714378, 34.65068175], [135.11762679, 34.65132517], [135.11876631, 34.65136199], [135.11889724, 34.65152438], [135.11996273, 34.6514928], [135.12006206, 34.65181757], [135.1210179, 34.65218099], [135.1207154, 34.65346459], [135.1207741, 34.65445694], [135.12066123, 34.65463285], [135.11949487, 34.65557468], [135.11896213, 34.65599868], [135.1187409, 34.65636856], [135.11863489, 34.65688022], [135.11864439, 34.65721542], [135.11877732, 34.6576771], [135.1191229, 34.65832432], [135.11936661, 34.65868165], [135.11964514, 34.65887138], [135.11996165, 34.65893146], [135.12051555, 34.65893463], [135.12111376, 34.6587354], [135.12166001, 34.65852316], [135.12201767, 34.65824805], [135.12219491, 34.65789388], [135.12279945, 34.65838402], [135.12182757, 34.65953746], [135.1224511, 34.65999598], [135.12314352, 34.6593282], [135.12370691, 34.65904676], [135.12458048, 34.65881275], [135.12541555, 34.65866346], [135.12573839, 34.65850534], [135.12654005, 34.65766677], [135.12602148, 34.65731058], [135.12683985, 34.65719725], [135.12799043, 34.65616915], [135.12897896, 34.65757772], [135.12700121, 34.65888458], [135.12628007, 34.65962125], [135.12631248, 34.65989649], [135.12835436, 34.6600584], [135.12841108, 34.66017173], [135.12828195, 34.66117886], [135.1284521, 34.66166458], [135.12807128, 34.66259553], [135.12840349, 34.66289506], [135.12925427, 34.66187506], [135.12947304, 34.66206934], [135.12991059, 34.66161601], [135.13000066, 34.66157674], [135.13008586, 34.66157674], [135.13019379, 34.66162214], [135.1303074, 34.66171295], [135.13032466, 34.66180522], [135.12969434, 34.6637881], [135.12935351, 34.66412861], [135.12895588, 34.66424211], [135.12853009, 34.66538609], [135.12819489, 34.66626928], [135.12713266, 34.66642819], [135.12641693, 34.66726244], [135.12672367, 34.66785834], [135.12453922, 34.66844086], [135.12299113, 34.66908557], [135.12211635, 34.66971552], [135.12152558, 34.67032844], [135.12071776, 34.67118862], [135.11967256, 34.67215908], [135.1184548, 34.67354877], [135.1179322, 34.67399143], [135.11776179, 34.67308907], [135.11731304, 34.67370767], [135.11536104, 34.67558387], [135.11629932, 34.67761322], [135.11658902, 34.67911716], [135.11728203, 34.679015], [135.11853172, 34.67875394], [135.11942354, 34.67838505], [135.12148888, 34.67718586], [135.12257952, 34.67648214], [135.12019849, 34.67392486], [135.12132468, 34.67311414], [135.12113723, 34.67284173], [135.12199497, 34.67237069], [135.12504833, 34.67387468], [135.12824132, 34.67536854], [135.12834291, 34.67541521], [135.1301853, 34.67626158], [135.13016817, 34.67695161], [135.13016027, 34.67727006], [135.13035779, 34.67787481], [135.13054894, 34.6781931], [135.13097584, 34.6783968], [135.13210708, 34.67864995], [135.13366198, 34.67899789], [135.13338163, 34.6801692], [135.13660567, 34.6791825], [135.13574024, 34.67481282]]]}}, {"type": "Feature", "id": "did-1965-37", "properties": {"A16_001": "281081", "A16_002": "28108", "A16_003": "垂水区", "A16_004": "1", "A16_005": "91828", "A16_006": "7.6", "A16_007": "61564", "A16_008": "6.6", "A16_009": "62.0", "A16_010": "4.45", "A16_011": "1965", "year": 1965, "population": 91828.0, "areaKm2": 7.6, "density": 12082.631578947368}, "geometry": {"type": "Polygon", "coordinates": [[[135.01861111, 34.64325], [135.01873111, 34.6433925], [135.01883, 34.64357278], [135.01891389, 34.64372583], [135.01899222, 34.64386833], [135.01899277, 34.64387], [135.01903805, 34.64398], [135.01911555, 34.64431028], [135.01915166, 34.64446333], [135.01920555, 34.64464361], [135.01940235, 34.64502728], [135.02009449, 34.64498267], [135.02049822, 34.64476178], [135.0207193, 34.6445313], [135.02095961, 34.64410874], [135.0217959, 34.64418556], [135.02131527, 34.64437764], [135.02182564, 34.64617953], [135.02256946, 34.64830715], [135.02276541, 34.64782538], [135.02306446, 34.6459937], [135.02316932, 34.64547513], [135.02360447, 34.64479942], [135.02424521, 34.64421543], [135.0246227, 34.64443542], [135.02536718, 34.6442259], [135.02558738, 34.64340353], [135.02608545, 34.64414209], [135.02618507, 34.644404], [135.02615891, 34.64447997], [135.02582861, 34.64471044], [135.02505267, 34.64505615], [135.0245546, 34.64526568], [135.0245179, 34.64586282], [135.02447071, 34.64611948], [135.02461751, 34.64620329], [135.02482723, 34.64625567], [135.02497927, 34.64624519], [135.02501597, 34.64612472], [135.02500548, 34.64596758], [135.02543015, 34.64585234], [135.02544588, 34.64576853], [135.0251785, 34.64549091], [135.0251051, 34.64522901], [135.02514704, 34.64508234], [135.02525378, 34.64504158], [135.02596681, 34.6455392], [135.02610836, 34.6458011], [135.02616079, 34.64616777], [135.02611361, 34.64677538], [135.02606179, 34.64732687], [135.02703696, 34.64733211], [135.02923671, 34.64738976], [135.02969808, 34.64746833], [135.02962468, 34.64675596], [135.02917879, 34.64611433], [135.02937825, 34.64533209], [135.02969807, 34.64523257], [135.02842916, 34.6437687], [135.02973463, 34.64322918], [135.03055776, 34.64422441], [135.03167973, 34.64377393], [135.03221085, 34.64470805], [135.03234216, 34.64517623], [135.03209575, 34.64526528], [135.03205905, 34.64535432], [135.03210618, 34.64573435], [135.03140364, 34.64599625], [135.03133024, 34.64612197], [135.03130927, 34.6463053], [135.03130613, 34.64831505], [135.03139144, 34.64867634], [135.03171349, 34.64905393], [135.03201495, 34.6492831], [135.0321493, 34.64930929], [135.03221811, 34.64928637], [135.03223777, 34.64921435], [135.03210015, 34.64892953], [135.03241144, 34.6487953], [135.03326139, 34.64936254], [135.0341068, 34.64926106], [135.03493676, 34.6484376], [135.03553641, 34.64791706], [135.03627151, 34.64754247], [135.03623181, 34.64708868], [135.03570425, 34.64691189], [135.03622215, 34.64549906], [135.03614914, 34.64485503], [135.03681286, 34.64466357], [135.03590028, 34.64414322], [135.03594702, 34.64355482], [135.03546092, 34.64306449], [135.03587403, 34.64305215], [135.03715473, 34.64207148], [135.03785873, 34.64198585], [135.0397237, 34.64130872], [135.04082064, 34.64106057], [135.04197981, 34.64107925], [135.04316431, 34.6412531], [135.04386075, 34.64140254], [135.04433001, 34.64158164], [135.04485351, 34.64196457], [135.04558916, 34.64257311], [135.04571069, 34.64263381], [135.04584156, 34.64262914], [135.04633234, 34.64239098], [135.04646789, 34.64247971], [135.04606592, 34.64286264], [135.04703916, 34.64370467], [135.04719341, 34.64378873], [135.04725417, 34.64375604], [135.04727287, 34.64349453], [135.04738505, 34.6434525], [135.04745048, 34.64348519], [135.04759147, 34.64396301], [135.04723624, 34.64442065], [135.04828324, 34.64450471], [135.04880674, 34.64450471], [135.04933693, 34.64443824], [135.04948182, 34.64408333], [135.05029044, 34.64415805], [135.05076398, 34.64432615], [135.05027287, 34.64379201], [135.05022146, 34.64367526], [135.05023548, 34.64360054], [135.05029624, 34.64356318], [135.05043614, 34.64352403], [135.05094951, 34.64350405], [135.05064203, 34.64210597], [135.05122035, 34.64199443], [135.05087019, 34.63956089], [135.05091788, 34.63931205], [135.05105036, 34.63920087], [135.05133651, 34.63916911], [135.05150609, 34.63920617], [135.05232746, 34.63969854], [135.05284677, 34.6393597], [135.05362203, 34.6398377], [135.05471895, 34.64065832], [135.05539303, 34.64151852], [135.0562837, 34.6431211], [135.05681934, 34.64463859], [135.05916, 34.64382611], [135.06224748, 34.64290888], [135.06235346, 34.64318948], [135.0633192, 34.64281595], [135.06353646, 34.64308596], [135.06461219, 34.64282654], [135.06406108, 34.64190533], [135.06356826, 34.64139708], [135.06255023, 34.6407543], [135.06226938, 34.640389], [135.06323382, 34.64011369], [135.06359416, 34.640389], [135.06517628, 34.63984714], [135.06508619, 34.63884361], [135.06613012, 34.63888597], [135.06613012, 34.63825595], [135.06641868, 34.63824012], [135.06652466, 34.63865307], [135.06718706, 34.63854189], [135.06713407, 34.63794364], [135.06670538, 34.63746431], [135.06744726, 34.6370143], [135.06775461, 34.63634722], [135.06823153, 34.63653252], [135.06851768, 34.63698783], [135.06895845, 34.63726499], [135.06962284, 34.63845215], [135.06973413, 34.63856862], [135.06981891, 34.63861627], [135.07000438, 34.63863745], [135.07007857, 34.63862157], [135.07015806, 34.63853686], [135.07019515, 34.63839921], [135.0701103, 34.63705551], [135.07155167, 34.63681727], [135.07165774, 34.63585186], [135.07334507, 34.63551181], [135.07359943, 34.63549592], [135.07386608, 34.63556545], [135.07444899, 34.63581428], [135.07568027, 34.635847], [135.07598233, 34.63587347], [135.0761307, 34.63597936], [135.07632147, 34.63617525], [135.07643805, 34.63633937], [135.07656523, 34.63661997], [135.07686198, 34.63561405], [135.07697326, 34.63551346], [135.07727532, 34.63550817], [135.07760592, 34.63558233], [135.07787618, 34.6356988], [135.07799276, 34.63587881], [135.07800336, 34.63602176], [135.07798756, 34.63671343], [135.07905425, 34.63670325], [135.07894827, 34.63752387], [135.08003989, 34.63687796], [135.08039626, 34.6367825], [135.08110105, 34.63686721], [135.0813766, 34.63698368], [135.08085199, 34.63729075], [135.08080896, 34.63740928], [135.08086203, 34.63899548], [135.08008306, 34.63955139], [135.07995058, 34.6398214], [135.08002477, 34.63987963], [135.08053348, 34.63984787], [135.08060251, 34.64024212], [135.08018917, 34.64073979], [135.08093635, 34.64064449], [135.08127065, 34.64229898], [135.08121765, 34.6428337], [135.08124415, 34.64361197], [135.08135101, 34.64393798], [135.08184913, 34.64367856], [135.08178024, 34.64323913], [135.08224657, 34.6430856], [135.08237375, 34.64338738], [135.08290896, 34.64337149], [135.08424746, 34.64299381], [135.08489925, 34.6429038], [135.08557754, 34.64297792], [135.08588489, 34.64220674], [135.08549275, 34.64166672], [135.08478797, 34.64073492], [135.08412951, 34.63942698], [135.08339258, 34.63801505], [135.08413446, 34.63707267], [135.0844284, 34.63732148], [135.08528156, 34.63797797], [135.08562601, 34.6379515], [135.08588566, 34.63741678], [135.08577968, 34.63691382], [135.08585898, 34.63626518], [135.08515419, 34.63579399], [135.08509047, 34.63392772], [135.08599133, 34.63375301], [135.08581817, 34.63355696], [135.08537568, 34.63305597], [135.08552936, 34.63226182], [135.08283911, 34.63157228], [135.07907296, 34.63088291], [135.07597914, 34.63034677], [135.07447948, 34.63008735], [135.07425912, 34.63001035], [135.07340375, 34.62971145], [135.07166745, 34.62920117], [135.06925805, 34.6287393], [135.06611293, 34.62829925], [135.06421851, 34.62796443], [135.06149697, 34.62747576], [135.06093526, 34.62732752], [135.06034176, 34.62698339], [135.05920275, 34.62671678], [135.05916667, 34.62686111], [135.05805556, 34.62686111], [135.05788494, 34.62660519], [135.05722222, 34.62661501], [135.05722222, 34.62686111], [135.05472222, 34.62686111], [135.05472222, 34.62665205], [135.05461239, 34.62665368], [135.05369709, 34.62668916], [135.05361111, 34.62686111], [135.05166667, 34.62686111], [135.05166667, 34.62713889], [135.04694444, 34.62769444], [135.04055556, 34.62825], [135.03898981, 34.62898682], [135.03583333, 34.63047222], [135.03090285, 34.63430704], [135.0305621, 34.63457207], [135.0303739, 34.63471845], [135.02871893, 34.63600564], [135.02833333, 34.63630556], [135.02638889, 34.63769444], [135.02638889, 34.63741667], [135.0252434, 34.63884853], [135.02470325, 34.63952371], [135.02416667, 34.64019444], [135.01979816, 34.64259712], [135.01893966, 34.6430693], [135.01861111, 34.64325]]]}}, {"type": "Feature", "id": "did-1965-38", "properties": {"A16_001": "280891", "A16_002": "02889", "A16_003": "淡路町", "A16_004": "1", "A16_005": "7184", "A16_006": "0.5", "A16_007": "5423", "A16_008": "0.4", "A16_009": "72.0", "A16_010": "4.17", "A16_011": "1965", "year": 1965, "population": 7184.0, "areaKm2": 0.5, "density": 14368.0}, "geometry": {"type": "Polygon", "coordinates": [[[135.02099164, 34.59068173], [135.02111111, 34.59075], [135.02138889, 34.59047222], [135.02083333, 34.58991667], [135.0225, 34.58797222], [135.02305556, 34.58797222], [135.02324353, 34.58787824], [135.02361111, 34.58769444], [135.0226974, 34.58678073], [135.02257735, 34.58710923], [135.02230527, 34.58740197], [135.02187832, 34.58761525], [135.02094069, 34.58783272], [135.0208486, 34.58781181], [135.02071466, 34.58752743], [135.02068117, 34.5874187], [135.0207021, 34.58736433], [135.02073977, 34.58730997], [135.02083605, 34.58724305], [135.02143893, 34.58705756], [135.02146404, 34.586907], [135.02146823, 34.58681082], [135.02142218, 34.58667699], [135.02133847, 34.58654317], [135.02122963, 34.58645953], [135.02116685, 34.58642189], [135.01995492, 34.58658982], [135.01972889, 34.58658146], [135.01968284, 34.58655637], [135.01960055, 34.5864565], [135.01930201, 34.58544836], [135.01868702, 34.58635509], [135.01818813, 34.58752661], [135.01816201, 34.58781742], [135.01816201, 34.5879591], [135.01818067, 34.58804485], [135.0178795, 34.58817763], [135.017483, 34.58835093], [135.01739991, 34.58835093], [135.01737527, 34.58833421], [135.01692444, 34.5877623], [135.01683249, 34.5877297], [135.01674351, 34.58772674], [135.01621733, 34.58782853], [135.01606014, 34.58787002], [135.01593452, 34.58796742], [135.01482921, 34.58961129], [135.01532407, 34.58999717], [135.01456368, 34.59073275], [135.01150696, 34.59073314], [135.01176646, 34.59173401], [135.01197063, 34.59286889], [135.0110234, 34.59331748], [135.01170177, 34.59401636], [135.01091051, 34.59554097], [135.00991698, 34.59708365], [135.00969264, 34.59880255], [135.00908326, 34.60004206], [135.01, 34.60047222], [135.01166667, 34.59658333], [135.01388889, 34.59352778], [135.01444444, 34.59380556], [135.01694444, 34.59047222], [135.01833333, 34.58991667], [135.01916667, 34.58963889], [135.02099164, 34.59068173]]]}}]}