{
  "type": "FeatureCollection",
  "features": [
    {
      "type": "Feature",
      "properties": {
        "N02_001": "21",
        "N02_002": "4",
        "N02_003": "けいはんな線",
        "N02_004": "近畿日本鉄道",
        "N02_005": "長田",
        "N02_005c": "007233",
        "N02_005g": "007232",
        "sourceRow": 19,
        "operatorCategory": "Private railways"
      },
      "geometry": {
        "type": "LineString",
        "coordinates": [
          [
            135.59111,
            34.67876
          ],
          [
            135.59282,
            34.67875
          ]
        ]
      },
      "id": "N02-25-Station-19"
    },
    {
      "type": "Feature",
      "properties": {
        "N02_001": "16",
        "N02_002": "5",
        "N02_003": "ポートアイランド線",
        "N02_004": "神戸新交通",
        "N02_005": "ポートターミナル",
        "N02_005c": "007203",
        "N02_005g": "007203",
        "sourceRow": 26,
        "operatorCategory": "Third-sector railways"
      },
      "geometry": {
        "type": "LineString",
        "coordinates": [
          [
            135.20213,
            34.68177
          ],
          [
            135.20231,
            34.68114
          ]
        ]
      },
      "id": "N02-25-Station-26"
    },
    {
      "type": "Feature",
      "properties": {
        "N02_001": "16",
        "N02_002": "5",
        "N02_003": "ポートアイランド線",
        "N02_004": "神戸新交通",
        "N02_005": "中埠頭",
        "N02_005c": "007288",
        "N02_005g": "007288",
        "sourceRow": 27,
        "operatorCategory": "Third-sector railways"
      },
      "geometry": {
        "type": "LineString",
        "coordinates": [
          [
            135.217,
            34.66956
          ],
          [
            135.21734,
            34.66901
          ]
        ]
      },
      "id": "N02-25-Station-27"
    },
    {
      "type": "Feature",
      "properties": {
        "N02_001": "24",
        "N02_002": "5",
        "N02_003": "ポートアイランド線",
        "N02_004": "神戸新交通",
        "N02_005": "市民広場",
        "N02_005c": "007340",
        "N02_005g": "007340",
        "sourceRow": 28,
        "operatorCategory": "Third-sector railways"
      },
      "geometry": {
        "type": "LineString",
        "coordinates": [
          [
            135.21262,
            34.6646
          ],
          [
            135.21226,
            34.66521
          ]
        ]
      },
      "id": "N02-25-Station-28"
    },
    {
      "type": "Feature",
      "properties": {
        "N02_001": "24",
        "N02_002": "5",
        "N02_003": "ポートアイランド線",
        "N02_004": "神戸新交通",
        "N02_005": "貿易センター",
        "N02_005c": "007153",
        "N02_005g": "007153",
        "sourceRow": 29,
        "operatorCategory": "Third-sector railways"
      },
      "geometry": {
        "type": "LineString",
        "coordinates": [
          [
            135.1993,
            34.68963
          ],
          [
            135.19962,
            34.6891
          ]
        ]
      },
      "id": "N02-25-Station-29"
    },
    {
      "type": "Feature",
      "properties": {
        "N02_001": "24",
        "N02_002": "5",
        "N02_003": "ポートアイランド線",
        "N02_004": "神戸新交通",
        "N02_005": "三宮",
        "N02_005c": "007108",
        "N02_005g": "007108",
        "sourceRow": 30,
        "operatorCategory": "Third-sector railways"
      },
      "geometry": {
        "type": "LineString",
        "coordinates": [
          [
            135.1951,
            34.6943
          ],
          [
            135.19549,
            34.69472
          ]
        ]
      },
      "id": "N02-25-Station-30"
    },
    {
      "type": "Feature",
      "properties": {
        "N02_001": "16",
        "N02_002": "5",
        "N02_003": "ポートアイランド線",
        "N02_004": "神戸新交通",
        "N02_005": "北埠頭",
        "N02_005c": "007271",
        "N02_005g": "007271",
        "sourceRow": 31,
        "operatorCategory": "Third-sector railways"
      },
      "geometry": {
        "type": "LineString",
        "coordinates": [
          [
            135.21434,
            34.67384
          ],
          [
            135.21468,
            34.67329
          ]
        ]
      },
      "id": "N02-25-Station-31"
    },
    {
      "type": "Feature",
      "properties": {
        "N02_001": "16",
        "N02_002": "5",
        "N02_003": "ポートアイランド線",
        "N02_004": "神戸新交通",
        "N02_005": "南公園",
        "N02_005c": "007343",
        "N02_005g": "007343",
        "sourceRow": 32,
        "operatorCategory": "Third-sector railways"
      },
      "geometry": {
        "type": "LineString",
        "coordinates": [
          [
            135.21738,
            34.6648
          ],
          [
            135.21676,
            34.66454
          ]
        ]
      },
      "id": "N02-25-Station-32"
    },
    {
      "type": "Feature",
      "properties": {
        "N02_001": "24",
        "N02_002": "5",
        "N02_003": "ポートアイランド線",
        "N02_004": "神戸新交通",
        "N02_005": "みなとじま",
        "N02_005c": "007289",
        "N02_005g": "007289",
        "sourceRow": 33,
        "operatorCategory": "Third-sector railways"
      },
      "geometry": {
        "type": "LineString",
        "coordinates": [
          [
            135.21018,
            34.66876
          ],
          [
            135.20981,
            34.66937
          ]
        ]
      },
      "id": "N02-25-Station-33"
    },
    {
      "type": "Feature",
      "properties": {
        "N02_001": "16",
        "N02_002": "5",
        "N02_003": "ポートアイランド線",
        "N02_004": "神戸新交通",
        "N02_005": "中公園",
        "N02_005c": "007276",
        "N02_005g": "007276",
        "sourceRow": 34,
        "operatorCategory": "Third-sector railways"
      },
      "geometry": {
        "type": "LineString",
        "coordinates": [
          [
            135.20735,
            34.67338
          ],
          [
            135.20769,
            34.67281
          ]
        ]
      },
      "id": "N02-25-Station-34"
    },
    {
      "type": "Feature",
      "properties": {
        "N02_001": "24",
        "N02_002": "5",
        "N02_003": "ポートアイランド線",
        "N02_004": "神戸新交通",
        "N02_005": "医療センター",
        "N02_005c": "007381",
        "N02_005g": "007381",
        "sourceRow": 35,
        "operatorCategory": "Third-sector railways"
      },
      "geometry": {
        "type": "LineString",
        "coordinates": [
          [
            135.21627,
            34.65874
          ],
          [
            135.21655,
            34.6583
          ]
        ]
      },
      "id": "N02-25-Station-35"
    },
    {
      "type": "Feature",
      "properties": {
        "N02_001": "24",
        "N02_002": "5",
        "N02_003": "ポートアイランド線",
        "N02_004": "神戸新交通",
        "N02_005": "計算科学センター",
        "N02_005c": "007403",
        "N02_005g": "007403",
        "sourceRow": 36,
        "operatorCategory": "Third-sector railways"
      },
      "geometry": {
        "type": "LineString",
        "coordinates": [
          [
            135.22124,
            34.65468
          ],
          [
            135.22183,
            34.65494
          ]
        ]
      },
      "id": "N02-25-Station-36"
    },
    {
      "type": "Feature",
      "properties": {
        "N02_001": "24",
        "N02_002": "5",
        "N02_003": "ポートアイランド線",
        "N02_004": "神戸新交通",
        "N02_005": "神戸空港",
        "N02_005c": "007482",
        "N02_005g": "007482",
        "sourceRow": 37,
        "operatorCategory": "Third-sector railways"
      },
      "geometry": {
        "type": "LineString",
        "coordinates": [
          [
            135.22949,
            34.63737
          ],
          [
            135.22846,
            34.63733
          ]
        ]
      },
      "id": "N02-25-Station-37"
    },
    {
      "type": "Feature",
      "properties": {
        "N02_001": "12",
        "N02_002": "4",
        "N02_003": "京阪本線",
        "N02_004": "京阪電気鉄道",
        "N02_005": "守口市",
        "N02_005c": "006900",
        "N02_005g": "006900",
        "sourceRow": 694,
        "operatorCategory": "Private railways"
      },
      "geometry": {
        "type": "LineString",
        "coordinates": [
          [
            135.56427,
            34.73451
          ],
          [
            135.5651,
            34.73521
          ],
          [
            135.56606,
            34.73599
          ]
        ]
      },
      "id": "N02-25-Station-694"
    },
    {
      "type": "Feature",
      "properties": {
        "N02_001": "12",
        "N02_002": "4",
        "N02_003": "京阪本線",
        "N02_004": "京阪電気鉄道",
        "N02_005": "西三荘",
        "N02_005c": "006892",
        "N02_005g": "006892",
        "sourceRow": 702,
        "operatorCategory": "Private railways"
      },
      "geometry": {
        "type": "LineString",
        "coordinates": [
          [
            135.57493,
            34.73754
          ],
          [
            135.57685,
            34.73714
          ]
        ]
      },
      "id": "N02-25-Station-702"
    },
    {
      "type": "Feature",
      "properties": {
        "N02_001": "12",
        "N02_002": "4",
        "N02_003": "京阪本線",
        "N02_004": "京阪電気鉄道",
        "N02_005": "門真市",
        "N02_005c": "006885",
        "N02_005g": "006885",
        "sourceRow": 706,
        "operatorCategory": "Private railways"
      },
      "geometry": {
        "type": "LineString",
        "coordinates": [
          [
            135.58205,
            34.73795
          ],
          [
            135.58395,
            34.73825
          ]
        ]
      },
      "id": "N02-25-Station-706"
    },
    {
      "type": "Feature",
      "properties": {
        "N02_001": "12",
        "N02_002": "4",
        "N02_003": "京阪本線",
        "N02_004": "京阪電気鉄道",
        "N02_005": "古川橋",
        "N02_005c": "006874",
        "N02_005g": "006874",
        "sourceRow": 714,
        "operatorCategory": "Private railways"
      },
      "geometry": {
        "type": "LineString",
        "coordinates": [
          [
            135.5906,
            34.73953
          ],
          [
            135.59109,
            34.73976
          ],
          [
            135.59218,
            34.74033
          ]
        ]
      },
      "id": "N02-25-Station-714"
    },
    {
      "type": "Feature",
      "properties": {
        "N02_001": "12",
        "N02_002": "4",
        "N02_003": "京阪本線",
        "N02_004": "京阪電気鉄道",
        "N02_005": "土居",
        "N02_005c": "006927",
        "N02_005g": "006927",
        "sourceRow": 716,
        "operatorCategory": "Private railways"
      },
      "geometry": {
        "type": "LineString",
        "coordinates": [
          [
            135.55933,
            34.73023
          ],
          [
            135.56024,
            34.73104
          ]
        ]
      },
      "id": "N02-25-Station-716"
    },
    {
      "type": "Feature",
      "properties": {
        "N02_001": "12",
        "N02_002": "4",
        "N02_003": "京阪本線",
        "N02_004": "京阪電気鉄道",
        "N02_005": "北浜",
        "N02_005c": "007141",
        "N02_005g": "007141",
        "sourceRow": 717,
        "operatorCategory": "Private railways"
      },
      "geometry": {
        "type": "LineString",
        "coordinates": [
          [
            135.50689,
            34.69176
          ],
          [
            135.50829,
            34.69125
          ]
        ]
      },
      "id": "N02-25-Station-717"
    },
    {
      "type": "Feature",
      "properties": {
        "N02_001": "12",
        "N02_002": "4",
        "N02_003": "京阪本線",
        "N02_004": "京阪電気鉄道",
        "N02_005": "淀屋橋",
        "N02_005c": "007133",
        "N02_005g": "007133",
        "sourceRow": 718,
        "operatorCategory": "Private railways"
      },
      "geometry": {
        "type": "LineString",
        "coordinates": [
          [
            135.50122,
            34.69251
          ],
          [
            135.50344,
            34.69215
          ],
          [
            135.50385,
            34.69211
          ],
          [
            135.50423,
            34.69208
          ]
        ]
      },
      "id": "N02-25-Station-718"
    },
    {
      "type": "Feature",
      "properties": {
        "N02_001": "12",
        "N02_002": "4",
        "N02_003": "京阪本線",
        "N02_004": "京阪電気鉄道",
        "N02_005": "天満橋",
        "N02_005c": "007148",
        "N02_005g": "007148",
        "sourceRow": 719,
        "operatorCategory": "Private railways"
      },
      "geometry": {
        "type": "LineString",
        "coordinates": [
          [
            135.51552,
            34.6904
          ],
          [
            135.51707,
            34.69039
          ]
        ]
      },
      "id": "N02-25-Station-719"
    },
    {
      "type": "Feature",
      "properties": {
        "N02_001": "12",
        "N02_002": "4",
        "N02_003": "京阪本線",
        "N02_004": "京阪電気鉄道",
        "N02_005": "京橋",
        "N02_005c": "007093",
        "N02_005g": "007093",
        "sourceRow": 720,
        "operatorCategory": "Private railways"
      },
      "geometry": {
        "type": "LineString",
        "coordinates": [
          [
            135.53154,
            34.69666
          ],
          [
            135.53329,
            34.69738
          ]
        ]
      },
      "id": "N02-25-Station-720"
    },
    {
      "type": "Feature",
      "properties": {
        "N02_001": "12",
        "N02_002": "4",
        "N02_003": "京阪本線",
        "N02_004": "京阪電気鉄道",
        "N02_005": "森小路",
        "N02_005c": "006977",
        "N02_005g": "006977",
        "sourceRow": 721,
        "operatorCategory": "Private railways"
      },
      "geometry": {
        "type": "LineString",
        "coordinates": [
          [
            135.55131,
            34.7189
          ],
          [
            135.55205,
            34.72001
          ]
        ]
      },
      "id": "N02-25-Station-721"
    },
    {
      "type": "Feature",
      "properties": {
        "N02_001": "12",
        "N02_002": "4",
        "N02_003": "京阪本線",
        "N02_004": "京阪電気鉄道",
        "N02_005": "千林",
        "N02_005c": "006953",
        "N02_005g": "006953",
        "sourceRow": 722,
        "operatorCategory": "Private railways"
      },
      "geometry": {
        "type": "LineString",
        "coordinates": [
          [
            135.5544,
            34.72344
          ],
          [
            135.55524,
            34.72467
          ]
        ]
      },
      "id": "N02-25-Station-722"
    },
    {
      "type": "Feature",
      "properties": {
        "N02_001": "12",
        "N02_002": "4",
        "N02_003": "京阪本線",
        "N02_004": "京阪電気鉄道",
        "N02_005": "関目",
        "N02_005c": "007013",
        "N02_005g": "007013",
        "sourceRow": 723,
        "operatorCategory": "Private railways"
      },
      "geometry": {
        "type": "LineString",
        "coordinates": [
          [
            135.54671,
            34.71223
          ],
          [
            135.54726,
            34.71302
          ]
        ]
      },
      "id": "N02-25-Station-723"
    },
    {
      "type": "Feature",
      "properties": {
        "N02_001": "12",
        "N02_002": "4",
        "N02_003": "京阪本線",
        "N02_004": "京阪電気鉄道",
        "N02_005": "野江",
        "N02_005c": "007036",
        "N02_005g": "007036",
        "sourceRow": 724,
        "operatorCategory": "Private railways"
      },
      "geometry": {
        "type": "LineString",
        "coordinates": [
          [
            135.54298,
            34.70678
          ],
          [
            135.54369,
            34.70782
          ]
        ]
      },
      "id": "N02-25-Station-724"
    },
    {
      "type": "Feature",
      "properties": {
        "N02_001": "12",
        "N02_002": "4",
        "N02_003": "京阪本線",
        "N02_004": "京阪電気鉄道",
        "N02_005": "滝井",
        "N02_005c": "006933",
        "N02_005g": "006933",
        "sourceRow": 725,
        "operatorCategory": "Private railways"
      },
      "geometry": {
        "type": "LineString",
        "coordinates": [
          [
            135.55713,
            34.72741
          ],
          [
            135.55776,
            34.72839
          ]
        ]
      },
      "id": "N02-25-Station-725"
    },
    {
      "type": "Feature",
      "properties": {
        "N02_001": "12",
        "N02_002": "4",
        "N02_003": "大阪線",
        "N02_004": "近畿日本鉄道",
        "N02_005": "鶴橋",
        "N02_005c": "007339",
        "N02_005g": "007330",
        "sourceRow": 1102,
        "operatorCategory": "Private railways"
      },
      "geometry": {
        "type": "LineString",
        "coordinates": [
          [
            135.53215,
            34.66528
          ],
          [
            135.53049,
            34.66517
          ],
          [
            135.53044,
            34.66517
          ],
          [
            135.53026,
            34.66517
          ]
        ]
      },
      "id": "N02-25-Station-1102"
    },
    {
      "type": "Feature",
      "properties": {
        "N02_001": "12",
        "N02_002": "4",
        "N02_003": "大阪線",
        "N02_004": "近畿日本鉄道",
        "N02_005": "今里",
        "N02_005c": "007342",
        "N02_005g": "007342",
        "sourceRow": 1103,
        "operatorCategory": "Private railways"
      },
      "geometry": {
        "type": "LineString",
        "coordinates": [
          [
            135.5506,
            34.66468
          ],
          [
            135.54922,
            34.66477
          ]
        ]
      },
      "id": "N02-25-Station-1103"
    },
    {
      "type": "Feature",
      "properties": {
        "N02_001": "12",
        "N02_002": "4",
        "N02_003": "大阪線",
        "N02_004": "近畿日本鉄道",
        "N02_005": "布施",
        "N02_005c": "007347",
        "N02_005g": "007347",
        "sourceRow": 1104,
        "operatorCategory": "Private railways"
      },
      "geometry": {
        "type": "LineString",
        "coordinates": [
          [
            135.56463,
            34.66411
          ],
          [
            135.56251,
            34.66406
          ]
        ]
      },
      "id": "N02-25-Station-1104"
    },
    {
      "type": "Feature",
      "properties": {
        "N02_001": "12",
        "N02_002": "4",
        "N02_003": "大阪線",
        "N02_004": "近畿日本鉄道",
        "N02_005": "大阪上本町",
        "N02_005c": "007326",
        "N02_005g": "007323",
        "sourceRow": 1105,
        "operatorCategory": "Private railways"
      },
      "geometry": {
        "type": "LineString",
        "coordinates": [
          [
            135.5233,
            34.66534
          ],
          [
            135.51932,
            34.66561
          ]
        ]
      },
      "id": "N02-25-Station-1105"
    },
    {
      "type": "Feature",
      "properties": {
        "N02_001": "12",
        "N02_002": "4",
        "N02_003": "大阪線",
        "N02_004": "近畿日本鉄道",
        "N02_005": "大阪上本町",
        "N02_005c": "007326",
        "N02_005g": "007323",
        "sourceRow": 1106,
        "operatorCategory": "Private railways"
      },
      "geometry": {
        "type": "LineString",
        "coordinates": [
          [
            135.52077,
            34.66597
          ],
          [
            135.51899781,
            34.66613153
          ],
          [
            135.51822,
            34.66621
          ]
        ]
      },
      "id": "N02-25-Station-1106"
    },
    {
      "type": "Feature",
      "properties": {
        "N02_001": "12",
        "N02_002": "4",
        "N02_003": "大阪線",
        "N02_004": "近畿日本鉄道",
        "N02_005": "長瀬",
        "N02_005c": "007425",
        "N02_005g": "007425",
        "sourceRow": 1120,
        "operatorCategory": "Private railways"
      },
      "geometry": {
        "type": "LineString",
        "coordinates": [
          [
            135.57787,
            34.64949
          ],
          [
            135.57735,
            34.65022
          ]
        ]
      },
      "id": "N02-25-Station-1120"
    },
    {
      "type": "Feature",
      "properties": {
        "N02_001": "12",
        "N02_002": "4",
        "N02_003": "大阪線",
        "N02_004": "近畿日本鉄道",
        "N02_005": "弥刀",
        "N02_005c": "007468",
        "N02_005g": "007468",
        "sourceRow": 1121,
        "operatorCategory": "Private railways"
      },
      "geometry": {
        "type": "LineString",
        "coordinates": [
          [
            135.5837,
            34.64093
          ],
          [
            135.58308,
            34.64187
          ]
        ]
      },
      "id": "N02-25-Station-1121"
    },
    {
      "type": "Feature",
      "properties": {
        "N02_001": "12",
        "N02_002": "4",
        "N02_003": "大阪線",
        "N02_004": "近畿日本鉄道",
        "N02_005": "久宝寺口",
        "N02_005c": "007491",
        "N02_005g": "007491",
        "sourceRow": 1122,
        "operatorCategory": "Private railways"
      },
      "geometry": {
        "type": "LineString",
        "coordinates": [
          [
            135.59096,
            34.63436
          ],
          [
            135.59017,
            34.63481
          ]
        ]
      },
      "id": "N02-25-Station-1122"
    },
    {
      "type": "Feature",
      "properties": {
        "N02_001": "12",
        "N02_002": "4",
        "N02_003": "大阪線",
        "N02_004": "近畿日本鉄道",
        "N02_005": "俊徳道",
        "N02_005c": "007378",
        "N02_005g": "007378",
        "sourceRow": 1136,
        "operatorCategory": "Private railways"
      },
      "geometry": {
        "type": "LineString",
        "coordinates": [
          [
            135.57212,
            34.65786
          ],
          [
            135.57111,
            34.6593
          ]
        ]
      },
      "id": "N02-25-Station-1136"
    },
    {
      "type": "Feature",
      "properties": {
        "N02_001": "12",
        "N02_002": "4",
        "N02_003": "長野線",
        "N02_004": "近畿日本鉄道",
        "N02_005": "川西",
        "N02_005c": "007856",
        "N02_005g": "007856",
        "sourceRow": 1137,
        "operatorCategory": "Private railways"
      },
      "geometry": {
        "type": "LineString",
        "coordinates": [
          [
            135.59044,
            34.49164
          ],
          [
            135.59088,
            34.49229
          ]
        ]
      },
      "id": "N02-25-Station-1137"
    },
    {
      "type": "Feature",
      "properties": {
        "N02_001": "12",
        "N02_002": "4",
        "N02_003": "長野線",
        "N02_004": "近畿日本鉄道",
        "N02_005": "滝谷不動",
        "N02_005c": "007882",
        "N02_005g": "007882",
        "sourceRow": 1139,
        "operatorCategory": "Private railways"
      },
      "geometry": {
        "type": "LineString",
        "coordinates": [
          [
            135.58648,
            34.48097
          ],
          [
            135.58689,
            34.48181
          ]
        ]
      },
      "id": "N02-25-Station-1139"
    },
    {
      "type": "Feature",
      "properties": {
        "N02_001": "12",
        "N02_002": "4",
        "N02_003": "長野線",
        "N02_004": "近畿日本鉄道",
        "N02_005": "河内長野",
        "N02_005c": "007935",
        "N02_005g": "007934",
        "sourceRow": 1140,
        "operatorCategory": "Private railways"
      },
      "geometry": {
        "type": "LineString",
        "coordinates": [
          [
            135.57342,
            34.45183
          ],
          [
            135.57289,
            34.45038
          ]
        ]
      },
      "id": "N02-25-Station-1140"
    },
    {
      "type": "Feature",
      "properties": {
        "N02_001": "12",
        "N02_002": "4",
        "N02_003": "長野線",
        "N02_004": "近畿日本鉄道",
        "N02_005": "汐ノ宮",
        "N02_005c": "007912",
        "N02_005g": "007912",
        "sourceRow": 1141,
        "operatorCategory": "Private railways"
      },
      "geometry": {
        "type": "LineString",
        "coordinates": [
          [
            135.57908,
            34.46666
          ],
          [
            135.57914,
            34.46736
          ]
        ]
      },
      "id": "N02-25-Station-1141"
    },
    {
      "type": "Feature",
      "properties": {
        "N02_001": "12",
        "N02_002": "4",
        "N02_003": "長野線",
        "N02_004": "近畿日本鉄道",
        "N02_005": "富田林",
        "N02_005c": "007832",
        "N02_005g": "007832",
        "sourceRow": 1142,
        "operatorCategory": "Private railways"
      },
      "geometry": {
        "type": "LineString",
        "coordinates": [
          [
            135.60157,
            34.50477
          ],
          [
            135.59991,
            34.5039
          ]
        ]
      },
      "id": "N02-25-Station-1142"
    },
    {
      "type": "Feature",
      "properties": {
        "N02_001": "12",
        "N02_002": "4",
        "N02_003": "長野線",
        "N02_004": "近畿日本鉄道",
        "N02_005": "富田林西口",
        "N02_005c": "007840",
        "N02_005g": "007840",
        "sourceRow": 1144,
        "operatorCategory": "Private railways"
      },
      "geometry": {
        "type": "LineString",
        "coordinates": [
          [
            135.59601,
            34.49987
          ],
          [
            135.59655,
            34.50068
          ]
        ]
      },
      "id": "N02-25-Station-1144"
    },
    {
      "type": "Feature",
      "properties": {
        "N02_001": "12",
        "N02_002": "4",
        "N02_003": "奈良線",
        "N02_004": "近畿日本鉄道",
        "N02_005": "河内永和",
        "N02_005c": "007345",
        "N02_005g": "007345",
        "sourceRow": 1177,
        "operatorCategory": "Private railways"
      },
      "geometry": {
        "type": "LineString",
        "coordinates": [
          [
            135.57379,
            34.66424
          ],
          [
            135.57249,
            34.66425
          ]
        ]
      },
      "id": "N02-25-Station-1177"
    },
    {
      "type": "Feature",
      "properties": {
        "N02_001": "12",
        "N02_002": "4",
        "N02_003": "奈良線",
        "N02_004": "近畿日本鉄道",
        "N02_005": "河内小阪",
        "N02_005c": "007350",
        "N02_005g": "007350",
        "sourceRow": 1182,
        "operatorCategory": "Private railways"
      },
      "geometry": {
        "type": "LineString",
        "coordinates": [
          [
            135.58198,
            34.66396
          ],
          [
            135.58066,
            34.664
          ]
        ]
      },
      "id": "N02-25-Station-1182"
    },
    {
      "type": "Feature",
      "properties": {
        "N02_001": "12",
        "N02_002": "4",
        "N02_003": "奈良線",
        "N02_004": "近畿日本鉄道",
        "N02_005": "八戸ノ里",
        "N02_005c": "007351",
        "N02_005g": "007351",
        "sourceRow": 1187,
        "operatorCategory": "Private railways"
      },
      "geometry": {
        "type": "LineString",
        "coordinates": [
          [
            135.59011,
            34.66371
          ],
          [
            135.58872,
            34.66374
          ]
        ]
      },
      "id": "N02-25-Station-1187"
    },
    {
      "type": "Feature",
      "properties": {
        "N02_001": "12",
        "N02_002": "4",
        "N02_003": "奈良線",
        "N02_004": "近畿日本鉄道",
        "N02_005": "布施",
        "N02_005c": "007348",
        "N02_005g": "007347",
        "sourceRow": 1193,
        "operatorCategory": "Private railways"
      },
      "geometry": {
        "type": "LineString",
        "coordinates": [
          [
            135.56463,
            34.66411
          ],
          [
            135.56251,
            34.66406
          ]
        ]
      },
      "id": "N02-25-Station-1193"
    },
    {
      "type": "Feature",
      "properties": {
        "N02_001": "12",
        "N02_002": "4",
        "N02_003": "南大阪線",
        "N02_004": "近畿日本鉄道",
        "N02_005": "河内松原",
        "N02_005c": "007668",
        "N02_005g": "007668",
        "sourceRow": 1203,
        "operatorCategory": "Private railways"
      },
      "geometry": {
        "type": "LineString",
        "coordinates": [
          [
            135.55835,
            34.57547
          ],
          [
            135.55648,
            34.57552
          ]
        ]
      },
      "id": "N02-25-Station-1203"
    },
    {
      "type": "Feature",
      "properties": {
        "N02_001": "12",
        "N02_002": "4",
        "N02_003": "南大阪線",
        "N02_004": "近畿日本鉄道",
        "N02_005": "布忍",
        "N02_005c": "007657",
        "N02_005g": "007657",
        "sourceRow": 1205,
        "operatorCategory": "Private railways"
      },
      "geometry": {
        "type": "LineString",
        "coordinates": [
          [
            135.53971,
            34.57724
          ],
          [
            135.53912,
            34.57845
          ]
        ]
      },
      "id": "N02-25-Station-1205"
    },
    {
      "type": "Feature",
      "properties": {
        "N02_001": "12",
        "N02_002": "4",
        "N02_003": "南大阪線",
        "N02_004": "近畿日本鉄道",
        "N02_005": "高見ノ里",
        "N02_005c": "007669",
        "N02_005g": "007669",
        "sourceRow": 1206,
        "operatorCategory": "Private railways"
      },
      "geometry": {
        "type": "LineString",
        "coordinates": [
          [
            135.54658,
            34.57519
          ],
          [
            135.54543,
            34.57517
          ]
        ]
      },
      "id": "N02-25-Station-1206"
    },
    {
      "type": "Feature",
      "properties": {
        "N02_001": "12",
        "N02_002": "4",
        "N02_003": "南大阪線",
        "N02_004": "近畿日本鉄道",
        "N02_005": "河堀口",
        "N02_005c": "007470",
        "N02_005g": "007470",
        "sourceRow": 1209,
        "operatorCategory": "Private railways"
      },
      "geometry": {
        "type": "LineString",
        "coordinates": [
          [
            135.5247,
            34.64072
          ],
          [
            135.52379,
            34.64134
          ]
        ]
      },
      "id": "N02-25-Station-1209"
    },
    {
      "type": "Feature",
      "properties": {
        "N02_001": "12",
        "N02_002": "4",
        "N02_003": "南大阪線",
        "N02_004": "近畿日本鉄道",
        "N02_005": "高鷲",
        "N02_005c": "007679",
        "N02_005g": "007679",
        "sourceRow": 1210,
        "operatorCategory": "Private railways"
      },
      "geometry": {
        "type": "LineString",
        "coordinates": [
          [
            135.58529,
            34.57157
          ],
          [
            135.58374,
            34.57141
          ]
        ]
      },
      "id": "N02-25-Station-1210"
    },
    {
      "type": "Feature",
      "properties": {
        "N02_001": "12",
        "N02_002": "4",
        "N02_003": "南大阪線",
        "N02_004": "近畿日本鉄道",
        "N02_005": "大阪阿部野橋",
        "N02_005c": "007451",
        "N02_005g": "007451",
        "sourceRow": 1211,
        "operatorCategory": "Private railways"
      },
      "geometry": {
        "type": "LineString",
        "coordinates": [
          [
            135.51591,
            34.6452
          ],
          [
            135.51311,
            34.64605
          ]
        ]
      },
      "id": "N02-25-Station-1211"
    },
    {
      "type": "Feature",
      "properties": {
        "N02_001": "12",
        "N02_002": "4",
        "N02_003": "南大阪線",
        "N02_004": "近畿日本鉄道",
        "N02_005": "今川",
        "N02_005c": "007529",
        "N02_005g": "007529",
        "sourceRow": 1215,
        "operatorCategory": "Private railways"
      },
      "geometry": {
        "type": "LineString",
        "coordinates": [
          [
            135.53128,
            34.62581
          ],
          [
            135.53091,
            34.6268
          ]
        ]
      },
      "id": "N02-25-Station-1215"
    },
    {
      "type": "Feature",
      "properties": {
        "N02_001": "12",
        "N02_002": "4",
        "N02_003": "南大阪線",
        "N02_004": "近畿日本鉄道",
        "N02_005": "河内天美",
        "N02_005c": "007639",
        "N02_005g": "007639",
        "sourceRow": 1216,
        "operatorCategory": "Private railways"
      },
      "geometry": {
        "type": "LineString",
        "coordinates": [
          [
            135.53598,
            34.5849
          ],
          [
            135.53518,
            34.5866
          ],
          [
            135.53515,
            34.58667
          ]
        ]
      },
      "id": "N02-25-Station-1216"
    },
    {
      "type": "Feature",
      "properties": {
        "N02_001": "12",
        "N02_002": "4",
        "N02_003": "南大阪線",
        "N02_004": "近畿日本鉄道",
        "N02_005": "恵我ノ荘",
        "N02_005c": "007674",
        "N02_005g": "007674",
        "sourceRow": 1217,
        "operatorCategory": "Private railways"
      },
      "geometry": {
        "type": "LineString",
        "coordinates": [
          [
            135.57322,
            34.57336
          ],
          [
            135.57242,
            34.57376
          ]
        ]
      },
      "id": "N02-25-Station-1217"
    },
    {
      "type": "Feature",
      "properties": {
        "N02_001": "12",
        "N02_002": "4",
        "N02_003": "南大阪線",
        "N02_004": "近畿日本鉄道",
        "N02_005": "藤井寺",
        "N02_005c": "007678",
        "N02_005g": "007678",
        "sourceRow": 1219,
        "operatorCategory": "Private railways"
      },
      "geometry": {
        "type": "LineString",
        "coordinates": [
          [
            135.59496,
            34.57151
          ],
          [
            135.59304,
            34.57152
          ]
        ]
      },
      "id": "N02-25-Station-1219"
    },
    {
      "type": "Feature",
      "properties": {
        "N02_001": "12",
        "N02_002": "4",
        "N02_003": "南大阪線",
        "N02_004": "近畿日本鉄道",
        "N02_005": "針中野",
        "N02_005c": "007562",
        "N02_005g": "007562",
        "sourceRow": 1222,
        "operatorCategory": "Private railways"
      },
      "geometry": {
        "type": "LineString",
        "coordinates": [
          [
            135.5331,
            34.61662
          ],
          [
            135.533,
            34.61747
          ]
        ]
      },
      "id": "N02-25-Station-1222"
    },
    {
      "type": "Feature",
      "properties": {
        "N02_001": "12",
        "N02_002": "4",
        "N02_003": "南大阪線",
        "N02_004": "近畿日本鉄道",
        "N02_005": "矢田",
        "N02_005c": "007590",
        "N02_005g": "007590",
        "sourceRow": 1224,
        "operatorCategory": "Private railways"
      },
      "geometry": {
        "type": "LineString",
        "coordinates": [
          [
            135.53288,
            34.60526
          ],
          [
            135.53303,
            34.60655
          ]
        ]
      },
      "id": "N02-25-Station-1224"
    },
    {
      "type": "Feature",
      "properties": {
        "N02_001": "12",
        "N02_002": "4",
        "N02_003": "南大阪線",
        "N02_004": "近畿日本鉄道",
        "N02_005": "北田辺",
        "N02_005c": "007502",
        "N02_005g": "007502",
        "sourceRow": 1227,
        "operatorCategory": "Private railways"
      },
      "geometry": {
        "type": "LineString",
        "coordinates": [
          [
            135.5291,
            34.63159
          ],
          [
            135.52878,
            34.63247
          ]
        ]
      },
      "id": "N02-25-Station-1227"
    },
    {
      "type": "Feature",
      "properties": {
        "N02_001": "12",
        "N02_002": "4",
        "N02_003": "難波線",
        "N02_004": "近畿日本鉄道",
        "N02_005": "近鉄日本橋",
        "N02_005c": "007317",
        "N02_005g": "007317",
        "sourceRow": 1230,
        "operatorCategory": "Private railways"
      },
      "geometry": {
        "type": "LineString",
        "coordinates": [
          [
            135.5057,
            34.66684
          ],
          [
            135.50676,
            34.66681
          ]
        ]
      },
      "id": "N02-25-Station-1230"
    },
    {
      "type": "Feature",
      "properties": {
        "N02_001": "12",
        "N02_002": "4",
        "N02_003": "阪神なんば線",
        "N02_004": "阪神電気鉄道",
        "N02_005": "大阪難波",
        "N02_005c": "007308",
        "N02_005g": "007308",
        "sourceRow": 1231,
        "operatorCategory": "Private railways"
      },
      "geometry": {
        "type": "LineString",
        "coordinates": [
          [
            135.49835,
            34.66711
          ],
          [
            135.49888,
            34.66705
          ],
          [
            135.49986,
            34.66701
          ]
        ]
      },
      "id": "N02-25-Station-1231"
    },
    {
      "type": "Feature",
      "properties": {
        "N02_001": "12",
        "N02_002": "4",
        "N02_003": "難波線",
        "N02_004": "近畿日本鉄道",
        "N02_005": "大阪上本町",
        "N02_005c": "007323",
        "N02_005g": "007323",
        "sourceRow": 1232,
        "operatorCategory": "Private railways"
      },
      "geometry": {
        "type": "LineString",
        "coordinates": [
          [
            135.52077,
            34.66597
          ],
          [
            135.51899781,
            34.66613153
          ],
          [
            135.51822,
            34.66621
          ]
        ]
      },
      "id": "N02-25-Station-1232"
    },
    {
      "type": "Feature",
      "properties": {
        "N02_001": "12",
        "N02_002": "4",
        "N02_003": "伊丹線",
        "N02_004": "阪急電鉄",
        "N02_005": "稲野",
        "N02_005c": "006770",
        "N02_005g": "006770",
        "sourceRow": 2190,
        "operatorCategory": "Private railways"
      },
      "geometry": {
        "type": "LineString",
        "coordinates": [
          [
            135.41564,
            34.76547
          ],
          [
            135.41564,
            34.76466
          ]
        ]
      },
      "id": "N02-25-Station-2190"
    },
    {
      "type": "Feature",
      "properties": {
        "N02_001": "12",
        "N02_002": "4",
        "N02_003": "伊丹線",
        "N02_004": "阪急電鉄",
        "N02_005": "新伊丹",
        "N02_005c": "006734",
        "N02_005g": "006734",
        "sourceRow": 2191,
        "operatorCategory": "Private railways"
      },
      "geometry": {
        "type": "LineString",
        "coordinates": [
          [
            135.41559,
            34.77276
          ],
          [
            135.41559,
            34.77197
          ]
        ]
      },
      "id": "N02-25-Station-2191"
    },
    {
      "type": "Feature",
      "properties": {
        "N02_001": "12",
        "N02_002": "4",
        "N02_003": "伊丹線",
        "N02_004": "阪急電鉄",
        "N02_005": "塚口",
        "N02_005c": "006820",
        "N02_005g": "006820",
        "sourceRow": 2192,
        "operatorCategory": "Private railways"
      },
      "geometry": {
        "type": "LineString",
        "coordinates": [
          [
            135.41689,
            34.7529
          ],
          [
            135.41663,
            34.75295
          ],
          [
            135.41601,
            34.75319
          ],
          [
            135.41589,
            34.75325
          ],
          [
            135.41579,
            34.75341
          ]
        ]
      },
      "id": "N02-25-Station-2192"
    },
    {
      "type": "Feature",
      "properties": {
        "N02_001": "12",
        "N02_002": "4",
        "N02_003": "伊丹線",
        "N02_004": "阪急電鉄",
        "N02_005": "伊丹",
        "N02_005c": "006714",
        "N02_005g": "006714",
        "sourceRow": 2193,
        "operatorCategory": "Private railways"
      },
      "geometry": {
        "type": "LineString",
        "coordinates": [
          [
            135.41335,
            34.7803
          ],
          [
            135.41411,
            34.77953
          ]
        ]
      },
      "id": "N02-25-Station-2193"
    },
    {
      "type": "Feature",
      "properties": {
        "N02_001": "12",
        "N02_002": "4",
        "N02_003": "京都線",
        "N02_004": "阪急電鉄",
        "N02_005": "茨木市",
        "N02_005c": "006562",
        "N02_005g": "006562",
        "sourceRow": 2201,
        "operatorCategory": "Private railways"
      },
      "geometry": {
        "type": "LineString",
        "coordinates": [
          [
            135.57509,
            34.81578
          ],
          [
            135.57627,
            34.81722
          ]
        ]
      },
      "id": "N02-25-Station-2201"
    },
    {
      "type": "Feature",
      "properties": {
        "N02_001": "12",
        "N02_002": "4",
        "N02_003": "京都線",
        "N02_004": "阪急電鉄",
        "N02_005": "富田",
        "N02_005c": "006475",
        "N02_005g": "006475",
        "sourceRow": 2204,
        "operatorCategory": "Private railways"
      },
      "geometry": {
        "type": "LineString",
        "coordinates": [
          [
            135.59225,
            34.83487
          ],
          [
            135.59317,
            34.83545
          ]
        ]
      },
      "id": "N02-25-Station-2204"
    },
    {
      "type": "Feature",
      "properties": {
        "N02_001": "12",
        "N02_002": "4",
        "N02_003": "京都線",
        "N02_004": "阪急電鉄",
        "N02_005": "総持寺",
        "N02_005c": "006508",
        "N02_005g": "006508",
        "sourceRow": 2206,
        "operatorCategory": "Private railways"
      },
      "geometry": {
        "type": "LineString",
        "coordinates": [
          [
            135.58432,
            34.82659
          ],
          [
            135.58526,
            34.82774
          ]
        ]
      },
      "id": "N02-25-Station-2206"
    },
    {
      "type": "Feature",
      "properties": {
        "N02_001": "12",
        "N02_002": "4",
        "N02_003": "京都線",
        "N02_004": "阪急電鉄",
        "N02_005": "南茨木",
        "N02_005c": "006619",
        "N02_005g": "006612",
        "sourceRow": 2210,
        "operatorCategory": "Private railways"
      },
      "geometry": {
        "type": "LineString",
        "coordinates": [
          [
            135.56468,
            34.80171
          ],
          [
            135.56534,
            34.80267
          ]
        ]
      },
      "id": "N02-25-Station-2210"
    },
    {
      "type": "Feature",
      "properties": {
        "N02_001": "12",
        "N02_002": "4",
        "N02_003": "京都線",
        "N02_004": "阪急電鉄",
        "N02_005": "淡路",
        "N02_005c": "006876",
        "N02_005g": "006876",
        "sourceRow": 2212,
        "operatorCategory": "Private railways"
      },
      "geometry": {
        "type": "LineString",
        "coordinates": [
          [
            135.51755,
            34.74006
          ],
          [
            135.5164,
            34.7387
          ]
        ]
      },
      "id": "N02-25-Station-2212"
    },
    {
      "type": "Feature",
      "properties": {
        "N02_001": "12",
        "N02_002": "4",
        "N02_003": "京都線",
        "N02_004": "阪急電鉄",
        "N02_005": "崇禅寺",
        "N02_005c": "006924",
        "N02_005g": "006924",
        "sourceRow": 2213,
        "operatorCategory": "Private railways"
      },
      "geometry": {
        "type": "LineString",
        "coordinates": [
          [
            135.50969,
            34.73044
          ],
          [
            135.51064,
            34.73158
          ]
        ]
      },
      "id": "N02-25-Station-2213"
    },
    {
      "type": "Feature",
      "properties": {
        "N02_001": "12",
        "N02_002": "4",
        "N02_003": "京都線",
        "N02_004": "阪急電鉄",
        "N02_005": "南方",
        "N02_005c": "006948",
        "N02_005g": "006948",
        "sourceRow": 2214,
        "operatorCategory": "Private railways"
      },
      "geometry": {
        "type": "LineString",
        "coordinates": [
          [
            135.49851,
            34.7257
          ],
          [
            135.50008,
            34.72572
          ]
        ]
      },
      "id": "N02-25-Station-2214"
    },
    {
      "type": "Feature",
      "properties": {
        "N02_001": "12",
        "N02_002": "4",
        "N02_003": "京都線",
        "N02_004": "阪急電鉄",
        "N02_005": "相川",
        "N02_005c": "006807",
        "N02_005g": "006807",
        "sourceRow": 2215,
        "operatorCategory": "Private railways"
      },
      "geometry": {
        "type": "LineString",
        "coordinates": [
          [
            135.53355,
            34.75691
          ],
          [
            135.53369,
            34.7579
          ],
          [
            135.53372,
            34.75814
          ],
          [
            135.53374,
            34.75824
          ]
        ]
      },
      "id": "N02-25-Station-2215"
    },
    {
      "type": "Feature",
      "properties": {
        "N02_001": "12",
        "N02_002": "4",
        "N02_003": "京都線",
        "N02_004": "阪急電鉄",
        "N02_005": "正雀",
        "N02_005c": "006726",
        "N02_005g": "006726",
        "sourceRow": 2216,
        "operatorCategory": "Private railways"
      },
      "geometry": {
        "type": "LineString",
        "coordinates": [
          [
            135.54524,
            34.77489
          ],
          [
            135.54572,
            34.77558
          ],
          [
            135.54603,
            34.77602
          ]
        ]
      },
      "id": "N02-25-Station-2216"
    },
    {
      "type": "Feature",
      "properties": {
        "N02_001": "12",
        "N02_002": "4",
        "N02_003": "京都線",
        "N02_004": "阪急電鉄",
        "N02_005": "上新庄",
        "N02_005c": "006833",
        "N02_005g": "006833",
        "sourceRow": 2217,
        "operatorCategory": "Private railways"
      },
      "geometry": {
        "type": "LineString",
        "coordinates": [
          [
            135.53293,
            34.74909
          ],
          [
            135.5331,
            34.75104
          ]
        ]
      },
      "id": "N02-25-Station-2217"
    },
    {
      "type": "Feature",
      "properties": {
        "N02_001": "12",
        "N02_002": "4",
        "N02_003": "京都線",
        "N02_004": "阪急電鉄",
        "N02_005": "十三",
        "N02_005c": "006967",
        "N02_005g": "006967",
        "sourceRow": 2218,
        "operatorCategory": "Private railways"
      },
      "geometry": {
        "type": "LineString",
        "coordinates": [
          [
            135.4824,
            34.72174
          ],
          [
            135.48236,
            34.72155
          ],
          [
            135.48232,
            34.72138
          ],
          [
            135.48231,
            34.72113
          ],
          [
            135.48235,
            34.7207
          ],
          [
            135.48249,
            34.72013
          ],
          [
            135.48263,
            34.71977
          ]
        ]
      },
      "id": "N02-25-Station-2218"
    },
    {
      "type": "Feature",
      "properties": {
        "N02_001": "12",
        "N02_002": "4",
        "N02_003": "甲陽線",
        "N02_004": "阪急電鉄",
        "N02_005": "苦楽園口",
        "N02_005c": "006834",
        "N02_005g": "006834",
        "sourceRow": 2219,
        "operatorCategory": "Private railways"
      },
      "geometry": {
        "type": "LineString",
        "coordinates": [
          [
            135.32898,
            34.75037
          ],
          [
            135.3289,
            34.74975
          ]
        ]
      },
      "id": "N02-25-Station-2219"
    },
    {
      "type": "Feature",
      "properties": {
        "N02_001": "12",
        "N02_002": "4",
        "N02_003": "甲陽線",
        "N02_004": "阪急電鉄",
        "N02_005": "甲陽園",
        "N02_005c": "006794",
        "N02_005g": "006794",
        "sourceRow": 2220,
        "operatorCategory": "Private railways"
      },
      "geometry": {
        "type": "LineString",
        "coordinates": [
          [
            135.33014,
            34.76078
          ],
          [
            135.33031,
            34.76073
          ],
          [
            135.33046,
            34.76068
          ],
          [
            135.33062,
            34.76061
          ],
          [
            135.33079,
            34.76052
          ],
          [
            135.33094,
            34.76043
          ],
          [
            135.33122,
            34.76019
          ]
        ]
      },
      "id": "N02-25-Station-2220"
    },
    {
      "type": "Feature",
      "properties": {
        "N02_001": "12",
        "N02_002": "4",
        "N02_003": "甲陽線",
        "N02_004": "阪急電鉄",
        "N02_005": "夙川",
        "N02_005c": "006862",
        "N02_005g": "006862",
        "sourceRow": 2221,
        "operatorCategory": "Private railways"
      },
      "geometry": {
        "type": "LineString",
        "coordinates": [
          [
            135.32802,
            34.74307
          ],
          [
            135.3281,
            34.74226
          ]
        ]
      },
      "id": "N02-25-Station-2221"
    },
    {
      "type": "Feature",
      "properties": {
        "N02_001": "12",
        "N02_002": "4",
        "N02_003": "今津線",
        "N02_004": "阪急電鉄",
        "N02_005": "門戸厄神",
        "N02_005c": "006809",
        "N02_005g": "006809",
        "sourceRow": 2222,
        "operatorCategory": "Private railways"
      },
      "geometry": {
        "type": "LineString",
        "coordinates": [
          [
            135.35812,
            34.7563
          ],
          [
            135.35836,
            34.75779
          ]
        ]
      },
      "id": "N02-25-Station-2222"
    },
    {
      "type": "Feature",
      "properties": {
        "N02_001": "12",
        "N02_002": "4",
        "N02_003": "今津線",
        "N02_004": "阪急電鉄",
        "N02_005": "仁川",
        "N02_005c": "006727",
        "N02_005g": "006727",
        "sourceRow": 2223,
        "operatorCategory": "Private railways"
      },
      "geometry": {
        "type": "LineString",
        "coordinates": [
          [
            135.3572,
            34.77451
          ],
          [
            135.35654,
            34.77565
          ]
        ]
      },
      "id": "N02-25-Station-2223"
    },
    {
      "type": "Feature",
      "properties": {
        "N02_001": "12",
        "N02_002": "4",
        "N02_003": "今津線",
        "N02_004": "阪急電鉄",
        "N02_005": "甲東園",
        "N02_005c": "006761",
        "N02_005g": "006761",
        "sourceRow": 2224,
        "operatorCategory": "Private railways"
      },
      "geometry": {
        "type": "LineString",
        "coordinates": [
          [
            135.35973,
            34.76626
          ],
          [
            135.35989,
            34.76727
          ]
        ]
      },
      "id": "N02-25-Station-2224"
    },
    {
      "type": "Feature",
      "properties": {
        "N02_001": "12",
        "N02_002": "4",
        "N02_003": "今津線",
        "N02_004": "阪急電鉄",
        "N02_005": "逆瀬川",
        "N02_005c": "006648",
        "N02_005g": "006648",
        "sourceRow": 2225,
        "operatorCategory": "Private railways"
      },
      "geometry": {
        "type": "LineString",
        "coordinates": [
          [
            135.35124,
            34.7964
          ],
          [
            135.35117,
            34.79656
          ],
          [
            135.35114,
            34.79665
          ],
          [
            135.35102,
            34.79687
          ],
          [
            135.35088,
            34.79711
          ],
          [
            135.35071,
            34.79734
          ],
          [
            135.35057,
            34.79752
          ],
          [
            135.35038,
            34.79774
          ]
        ]
      },
      "id": "N02-25-Station-2225"
    },
    {
      "type": "Feature",
      "properties": {
        "N02_001": "12",
        "N02_002": "4",
        "N02_003": "今津線",
        "N02_004": "阪急電鉄",
        "N02_005": "今津",
        "N02_005c": "006917",
        "N02_005g": "006917",
        "sourceRow": 2226,
        "operatorCategory": "Private railways"
      },
      "geometry": {
        "type": "LineString",
        "coordinates": [
          [
            135.35144,
            34.73165
          ],
          [
            135.3518,
            34.73224
          ]
        ]
      },
      "id": "N02-25-Station-2226"
    },
    {
      "type": "Feature",
      "properties": {
        "N02_001": "12",
        "N02_002": "4",
        "N02_003": "今津線",
        "N02_004": "阪急電鉄",
        "N02_005": "西宮北口",
        "N02_005c": "006852",
        "N02_005g": "006852",
        "sourceRow": 2227,
        "operatorCategory": "Private railways"
      },
      "geometry": {
        "type": "LineString",
        "coordinates": [
          [
            135.35684,
            34.74597
          ],
          [
            135.35679,
            34.7463
          ],
          [
            135.35668,
            34.74713
          ]
        ]
      },
      "id": "N02-25-Station-2227"
    },
    {
      "type": "Feature",
      "properties": {
        "N02_001": "12",
        "N02_002": "4",
        "N02_003": "今津線",
        "N02_004": "阪急電鉄",
        "N02_005": "宝塚南口",
        "N02_005c": "006611",
        "N02_005g": "006611",
        "sourceRow": 2228,
        "operatorCategory": "Private railways"
      },
      "geometry": {
        "type": "LineString",
        "coordinates": [
          [
            135.34592,
            34.80307
          ],
          [
            135.34585,
            34.80337
          ],
          [
            135.34581,
            34.80354
          ],
          [
            135.34579,
            34.80377
          ],
          [
            135.34579,
            34.80394
          ],
          [
            135.34581,
            34.8041
          ],
          [
            135.34584,
            34.80427
          ],
          [
            135.34594,
            34.80451
          ]
        ]
      },
      "id": "N02-25-Station-2228"
    },
    {
      "type": "Feature",
      "properties": {
        "N02_001": "12",
        "N02_002": "4",
        "N02_003": "今津線",
        "N02_004": "阪急電鉄",
        "N02_005": "阪神国道",
        "N02_005c": "006891",
        "N02_005g": "006891",
        "sourceRow": 2229,
        "operatorCategory": "Private railways"
      },
      "geometry": {
        "type": "LineString",
        "coordinates": [
          [
            135.35467,
            34.73708
          ],
          [
            135.35504,
            34.7377
          ]
        ]
      },
      "id": "N02-25-Station-2229"
    },
    {
      "type": "Feature",
      "properties": {
        "N02_001": "12",
        "N02_002": "4",
        "N02_003": "今津線",
        "N02_004": "阪急電鉄",
        "N02_005": "小林",
        "N02_005c": "006682",
        "N02_005g": "006682",
        "sourceRow": 2230,
        "operatorCategory": "Private railways"
      },
      "geometry": {
        "type": "LineString",
        "coordinates": [
          [
            135.35244,
            34.78884
          ],
          [
            135.35223,
            34.78992
          ]
        ]
      },
      "id": "N02-25-Station-2230"
    },
    {
      "type": "Feature",
      "properties": {
        "N02_001": "12",
        "N02_002": "4",
        "N02_003": "今津線",
        "N02_004": "阪急電鉄",
        "N02_005": "西宮北口",
        "N02_005c": "006852",
        "N02_005g": "006852",
        "sourceRow": 2231,
        "operatorCategory": "Private railways"
      },
      "geometry": {
        "type": "LineString",
        "coordinates": [
          [
            135.35728,
            34.74516
          ],
          [
            135.3572,
            34.74564
          ],
          [
            135.35713,
            34.74601
          ]
        ]
      },
      "id": "N02-25-Station-2231"
    },
    {
      "type": "Feature",
      "properties": {
        "N02_001": "12",
        "N02_002": "4",
        "N02_003": "今津線",
        "N02_004": "阪急電鉄",
        "N02_005": "宝塚",
        "N02_005c": "006585",
        "N02_005g": "006585",
        "sourceRow": 2232,
        "operatorCategory": "Private railways"
      },
      "geometry": {
        "type": "LineString",
        "coordinates": [
          [
            135.33963,
            34.81094
          ],
          [
            135.34216,
            34.81003
          ]
        ]
      },
      "id": "N02-25-Station-2232"
    },
    {
      "type": "Feature",
      "properties": {
        "N02_001": "12",
        "N02_002": "4",
        "N02_003": "神戸高速線",
        "N02_004": "阪急電鉄",
        "N02_005": "神戸三宮",
        "N02_005c": "007120",
        "N02_005g": "007120",
        "sourceRow": 2233,
        "operatorCategory": "Private railways"
      },
      "geometry": {
        "type": "LineString",
        "coordinates": [
          [
            135.19342,
            34.69359
          ],
          [
            135.19229,
            34.6927
          ]
        ]
      },
      "id": "N02-25-Station-2233"
    },
    {
      "type": "Feature",
      "properties": {
        "N02_001": "12",
        "N02_002": "4",
        "N02_003": "神戸高速線",
        "N02_004": "阪急電鉄",
        "N02_005": "新開地",
        "N02_005c": "007241",
        "N02_005g": "007241",
        "sourceRow": 2234,
        "operatorCategory": "Private railways"
      },
      "geometry": {
        "type": "LineString",
        "coordinates": [
          [
            135.17024,
            34.67664
          ],
          [
            135.16962,
            34.67627
          ]
        ]
      },
      "id": "N02-25-Station-2234"
    },
    {
      "type": "Feature",
      "properties": {
        "N02_001": "12",
        "N02_002": "4",
        "N02_003": "神戸高速線",
        "N02_004": "阪急電鉄",
        "N02_005": "花隈",
        "N02_005c": "007166",
        "N02_005g": "007166",
        "sourceRow": 2235,
        "operatorCategory": "Private railways"
      },
      "geometry": {
        "type": "LineString",
        "coordinates": [
          [
            135.18096,
            34.68624
          ],
          [
            135.18153,
            34.68669
          ]
        ]
      },
      "id": "N02-25-Station-2235"
    },
    {
      "type": "Feature",
      "properties": {
        "N02_001": "12",
        "N02_002": "4",
        "N02_003": "神戸高速線",
        "N02_004": "阪急電鉄",
        "N02_005": "高速神戸",
        "N02_005c": "007216",
        "N02_005g": "007216",
        "sourceRow": 2236,
        "operatorCategory": "Private railways"
      },
      "geometry": {
        "type": "LineString",
        "coordinates": [
          [
            135.17578,
            34.68009
          ],
          [
            135.17515,
            34.67971
          ]
        ]
      },
      "id": "N02-25-Station-2236"
    },
    {
      "type": "Feature",
      "properties": {
        "N02_001": "12",
        "N02_002": "4",
        "N02_003": "神戸線",
        "N02_004": "阪急電鉄",
        "N02_005": "十三",
        "N02_005c": "006970",
        "N02_005g": "006967",
        "sourceRow": 2237,
        "operatorCategory": "Private railways"
      },
      "geometry": {
        "type": "LineString",
        "coordinates": [
          [
            135.48179,
            34.72079
          ],
          [
            135.48241,
            34.7197
          ]
        ]
      },
      "id": "N02-25-Station-2237"
    },
    {
      "type": "Feature",
      "properties": {
        "N02_001": "12",
        "N02_002": "4",
        "N02_003": "神戸線",
        "N02_004": "阪急電鉄",
        "N02_005": "大阪梅田",
        "N02_005c": "007049",
        "N02_005g": "007048",
        "sourceRow": 2238,
        "operatorCategory": "Private railways"
      },
      "geometry": {
        "type": "LineString",
        "coordinates": [
          [
            135.49824,
            34.70467
          ],
          [
            135.4979,
            34.70641
          ]
        ]
      },
      "id": "N02-25-Station-2238"
    },
    {
      "type": "Feature",
      "properties": {
        "N02_001": "12",
        "N02_002": "4",
        "N02_003": "神戸線",
        "N02_004": "阪急電鉄",
        "N02_005": "大阪梅田",
        "N02_005c": "007049",
        "N02_005g": "007048",
        "sourceRow": 2239,
        "operatorCategory": "Private railways"
      },
      "geometry": {
        "type": "LineString",
        "coordinates": [
          [
            135.49855,
            34.7047
          ],
          [
            135.49813,
            34.70646
          ]
        ]
      },
      "id": "N02-25-Station-2239"
    },
    {
      "type": "Feature",
      "properties": {
        "N02_001": "12",
        "N02_002": "4",
        "N02_003": "神戸線",
        "N02_004": "阪急電鉄",
        "N02_005": "中津",
        "N02_005c": "007027",
        "N02_005g": "007026",
        "sourceRow": 2240,
        "operatorCategory": "Private railways"
      },
      "geometry": {
        "type": "LineString",
        "coordinates": [
          [
            135.49169,
            34.71006
          ],
          [
            135.49336,
            34.70969
          ]
        ]
      },
      "id": "N02-25-Station-2240"
    },
    {
      "type": "Feature",
      "properties": {
        "N02_001": "12",
        "N02_002": "4",
        "N02_003": "神戸線",
        "N02_004": "阪急電鉄",
        "N02_005": "神崎川",
        "N02_005c": "006916",
        "N02_005g": "006916",
        "sourceRow": 2241,
        "operatorCategory": "Private railways"
      },
      "geometry": {
        "type": "LineString",
        "coordinates": [
          [
            135.47269,
            34.73251
          ],
          [
            135.47304,
            34.73208
          ],
          [
            135.47324,
            34.73185
          ],
          [
            135.47358,
            34.73146
          ]
        ]
      },
      "id": "N02-25-Station-2241"
    },
    {
      "type": "Feature",
      "properties": {
        "N02_001": "12",
        "N02_002": "4",
        "N02_003": "神戸線",
        "N02_004": "阪急電鉄",
        "N02_005": "西宮北口",
        "N02_005c": "006853",
        "N02_005g": "006852",
        "sourceRow": 2242,
        "operatorCategory": "Private railways"
      },
      "geometry": {
        "type": "LineString",
        "coordinates": [
          [
            135.35755,
            34.74607
          ],
          [
            135.3572,
            34.74602
          ],
          [
            135.35713,
            34.74601
          ],
          [
            135.35684,
            34.74597
          ],
          [
            135.35612,
            34.74586
          ],
          [
            135.35536,
            34.74575
          ]
        ]
      },
      "id": "N02-25-Station-2242"
    },
    {
      "type": "Feature",
      "properties": {
        "N02_001": "12",
        "N02_002": "4",
        "N02_003": "神戸線",
        "N02_004": "阪急電鉄",
        "N02_005": "芦屋川",
        "N02_005c": "006895",
        "N02_005g": "006895",
        "sourceRow": 2243,
        "operatorCategory": "Private railways"
      },
      "geometry": {
        "type": "LineString",
        "coordinates": [
          [
            135.30149,
            34.7367
          ],
          [
            135.30091,
            34.73644
          ],
          [
            135.29997,
            34.73603
          ]
        ]
      },
      "id": "N02-25-Station-2243"
    },
    {
      "type": "Feature",
      "properties": {
        "N02_001": "12",
        "N02_002": "4",
        "N02_003": "神戸線",
        "N02_004": "阪急電鉄",
        "N02_005": "夙川",
        "N02_005c": "006863",
        "N02_005g": "006862",
        "sourceRow": 2244,
        "operatorCategory": "Private railways"
      },
      "geometry": {
        "type": "LineString",
        "coordinates": [
          [
            135.32897,
            34.74229
          ],
          [
            135.3281,
            34.74226
          ],
          [
            135.32715,
            34.74222
          ]
        ]
      },
      "id": "N02-25-Station-2244"
    },
    {
      "type": "Feature",
      "properties": {
        "N02_001": "12",
        "N02_002": "4",
        "N02_003": "神戸線",
        "N02_004": "阪急電鉄",
        "N02_005": "塚口",
        "N02_005c": "006821",
        "N02_005g": "006820",
        "sourceRow": 2245,
        "operatorCategory": "Private railways"
      },
      "geometry": {
        "type": "LineString",
        "coordinates": [
          [
            135.41531,
            34.75282
          ],
          [
            135.41689,
            34.7529
          ]
        ]
      },
      "id": "N02-25-Station-2245"
    },
    {
      "type": "Feature",
      "properties": {
        "N02_001": "12",
        "N02_002": "4",
        "N02_003": "神戸線",
        "N02_004": "阪急電鉄",
        "N02_005": "園田",
        "N02_005c": "006826",
        "N02_005g": "006826",
        "sourceRow": 2246,
        "operatorCategory": "Private railways"
      },
      "geometry": {
        "type": "LineString",
        "coordinates": [
          [
            135.44742,
            34.75229
          ],
          [
            135.4488,
            34.7514
          ]
        ]
      },
      "id": "N02-25-Station-2246"
    },
    {
      "type": "Feature",
      "properties": {
        "N02_001": "12",
        "N02_002": "4",
        "N02_003": "神戸線",
        "N02_004": "阪急電鉄",
        "N02_005": "岡本",
        "N02_005c": "006930",
        "N02_005g": "006930",
        "sourceRow": 2247,
        "operatorCategory": "Private railways"
      },
      "geometry": {
        "type": "LineString",
        "coordinates": [
          [
            135.27655,
            34.72921
          ],
          [
            135.27533,
            34.72914
          ]
        ]
      },
      "id": "N02-25-Station-2247"
    },
    {
      "type": "Feature",
      "properties": {
        "N02_001": "12",
        "N02_002": "4",
        "N02_003": "神戸線",
        "N02_004": "阪急電鉄",
        "N02_005": "武庫之荘",
        "N02_005c": "006828",
        "N02_005g": "006828",
        "sourceRow": 2248,
        "operatorCategory": "Private railways"
      },
      "geometry": {
        "type": "LineString",
        "coordinates": [
          [
            135.39278,
            34.75148
          ],
          [
            135.39494,
            34.75183
          ]
        ]
      },
      "id": "N02-25-Station-2248"
    },
    {
      "type": "Feature",
      "properties": {
        "N02_001": "12",
        "N02_002": "4",
        "N02_003": "神戸線",
        "N02_004": "阪急電鉄",
        "N02_005": "神戸三宮",
        "N02_005c": "007121",
        "N02_005g": "007120",
        "sourceRow": 2249,
        "operatorCategory": "Private railways"
      },
      "geometry": {
        "type": "LineString",
        "coordinates": [
          [
            135.19342,
            34.69359
          ],
          [
            135.19229,
            34.6927
          ]
        ]
      },
      "id": "N02-25-Station-2249"
    },
    {
      "type": "Feature",
      "properties": {
        "N02_001": "12",
        "N02_002": "4",
        "N02_003": "神戸線",
        "N02_004": "阪急電鉄",
        "N02_005": "春日野道",
        "N02_005c": "007067",
        "N02_005g": "007067",
        "sourceRow": 2250,
        "operatorCategory": "Private railways"
      },
      "geometry": {
        "type": "LineString",
        "coordinates": [
          [
            135.20621,
            34.70349
          ],
          [
            135.20595,
            34.70335
          ],
          [
            135.20535,
            34.70299
          ],
          [
            135.20454,
            34.70244
          ]
        ]
      },
      "id": "N02-25-Station-2250"
    },
    {
      "type": "Feature",
      "properties": {
        "N02_001": "12",
        "N02_002": "4",
        "N02_003": "神戸線",
        "N02_004": "阪急電鉄",
        "N02_005": "王子公園",
        "N02_005c": "007024",
        "N02_005g": "007024",
        "sourceRow": 2251,
        "operatorCategory": "Private railways"
      },
      "geometry": {
        "type": "LineString",
        "coordinates": [
          [
            135.21912,
            34.71085
          ],
          [
            135.21816,
            34.70983
          ]
        ]
      },
      "id": "N02-25-Station-2251"
    },
    {
      "type": "Feature",
      "properties": {
        "N02_001": "12",
        "N02_002": "4",
        "N02_003": "神戸線",
        "N02_004": "阪急電鉄",
        "N02_005": "御影",
        "N02_005c": "006951",
        "N02_005g": "006951",
        "sourceRow": 2252,
        "operatorCategory": "Private railways"
      },
      "geometry": {
        "type": "LineString",
        "coordinates": [
          [
            135.2526,
            34.72475
          ],
          [
            135.25115,
            34.72439
          ]
        ]
      },
      "id": "N02-25-Station-2252"
    },
    {
      "type": "Feature",
      "properties": {
        "N02_001": "12",
        "N02_002": "4",
        "N02_003": "神戸線",
        "N02_004": "阪急電鉄",
        "N02_005": "六甲",
        "N02_005c": "006976",
        "N02_005g": "006976",
        "sourceRow": 2253,
        "operatorCategory": "Private railways"
      },
      "geometry": {
        "type": "LineString",
        "coordinates": [
          [
            135.23457,
            34.71985
          ],
          [
            135.23283,
            34.7191
          ]
        ]
      },
      "id": "N02-25-Station-2253"
    },
    {
      "type": "Feature",
      "properties": {
        "N02_001": "12",
        "N02_002": "4",
        "N02_003": "千里線",
        "N02_004": "阪急電鉄",
        "N02_005": "下新庄",
        "N02_005c": "006849",
        "N02_005g": "006849",
        "sourceRow": 2254,
        "operatorCategory": "Private railways"
      },
      "geometry": {
        "type": "LineString",
        "coordinates": [
          [
            135.51981,
            34.74693
          ],
          [
            135.51999,
            34.7459
          ]
        ]
      },
      "id": "N02-25-Station-2254"
    },
    {
      "type": "Feature",
      "properties": {
        "N02_001": "12",
        "N02_002": "4",
        "N02_003": "千里線",
        "N02_004": "阪急電鉄",
        "N02_005": "豊津",
        "N02_005c": "006772",
        "N02_005g": "006772",
        "sourceRow": 2255,
        "operatorCategory": "Private railways"
      },
      "geometry": {
        "type": "LineString",
        "coordinates": [
          [
            135.50851,
            34.7651
          ],
          [
            135.50865,
            34.76488
          ],
          [
            135.50879,
            34.76471
          ],
          [
            135.50904,
            34.76444
          ],
          [
            135.50951,
            34.76406
          ]
        ]
      },
      "id": "N02-25-Station-2255"
    },
    {
      "type": "Feature",
      "properties": {
        "N02_001": "12",
        "N02_002": "4",
        "N02_003": "千里線",
        "N02_004": "阪急電鉄",
        "N02_005": "山田",
        "N02_005c": "006610",
        "N02_005g": "006604",
        "sourceRow": 2256,
        "operatorCategory": "Private railways"
      },
      "geometry": {
        "type": "LineString",
        "coordinates": [
          [
            135.5155,
            34.80324
          ],
          [
            135.51573,
            34.80448
          ]
        ]
      },
      "id": "N02-25-Station-2256"
    },
    {
      "type": "Feature",
      "properties": {
        "N02_001": "12",
        "N02_002": "4",
        "N02_003": "千里線",
        "N02_004": "阪急電鉄",
        "N02_005": "吹田",
        "N02_005c": "006798",
        "N02_005g": "006798",
        "sourceRow": 2257,
        "operatorCategory": "Private railways"
      },
      "geometry": {
        "type": "LineString",
        "coordinates": [
          [
            135.51658,
            34.76004
          ],
          [
            135.51801,
            34.75917
          ]
        ]
      },
      "id": "N02-25-Station-2257"
    },
    {
      "type": "Feature",
      "properties": {
        "N02_001": "12",
        "N02_002": "4",
        "N02_003": "千里線",
        "N02_004": "阪急電鉄",
        "N02_005": "関大前",
        "N02_005c": "006740",
        "N02_005g": "006740",
        "sourceRow": 2258,
        "operatorCategory": "Private railways"
      },
      "geometry": {
        "type": "LineString",
        "coordinates": [
          [
            135.50587,
            34.77149
          ],
          [
            135.506,
            34.77107
          ],
          [
            135.50614,
            34.77066
          ],
          [
            135.50625,
            34.77042
          ]
        ]
      },
      "id": "N02-25-Station-2258"
    },
    {
      "type": "Feature",
      "properties": {
        "N02_001": "12",
        "N02_002": "4",
        "N02_003": "千里線",
        "N02_004": "阪急電鉄",
        "N02_005": "南千里",
        "N02_005c": "006668",
        "N02_005g": "006668",
        "sourceRow": 2259,
        "operatorCategory": "Private railways"
      },
      "geometry": {
        "type": "LineString",
        "coordinates": [
          [
            135.50878,
            34.79322
          ],
          [
            135.50872,
            34.7916
          ]
        ]
      },
      "id": "N02-25-Station-2259"
    },
    {
      "type": "Feature",
      "properties": {
        "N02_001": "12",
        "N02_002": "4",
        "N02_003": "千里線",
        "N02_004": "阪急電鉄",
        "N02_005": "千里山",
        "N02_005c": "006716",
        "N02_005g": "006716",
        "sourceRow": 2260,
        "operatorCategory": "Private railways"
      },
      "geometry": {
        "type": "LineString",
        "coordinates": [
          [
            135.50535,
            34.77949
          ],
          [
            135.50567,
            34.77847
          ]
        ]
      },
      "id": "N02-25-Station-2260"
    },
    {
      "type": "Feature",
      "properties": {
        "N02_001": "12",
        "N02_002": "4",
        "N02_003": "千里線",
        "N02_004": "阪急電鉄",
        "N02_005": "北千里",
        "N02_005c": "006543",
        "N02_005g": "006543",
        "sourceRow": 2261,
        "operatorCategory": "Private railways"
      },
      "geometry": {
        "type": "LineString",
        "coordinates": [
          [
            135.51065,
            34.82064
          ],
          [
            135.51141,
            34.81917
          ]
        ]
      },
      "id": "N02-25-Station-2261"
    },
    {
      "type": "Feature",
      "properties": {
        "N02_001": "12",
        "N02_002": "4",
        "N02_003": "千里線",
        "N02_004": "阪急電鉄",
        "N02_005": "柴島",
        "N02_005c": "006931",
        "N02_005g": "006931",
        "sourceRow": 2262,
        "operatorCategory": "Private railways"
      },
      "geometry": {
        "type": "LineString",
        "coordinates": [
          [
            135.51197,
            34.72907
          ],
          [
            135.51137,
            34.72827
          ]
        ]
      },
      "id": "N02-25-Station-2262"
    },
    {
      "type": "Feature",
      "properties": {
        "N02_001": "12",
        "N02_002": "4",
        "N02_003": "千里線",
        "N02_004": "阪急電鉄",
        "N02_005": "淡路",
        "N02_005c": "006877",
        "N02_005g": "006876",
        "sourceRow": 2263,
        "operatorCategory": "Private railways"
      },
      "geometry": {
        "type": "LineString",
        "coordinates": [
          [
            135.51755,
            34.74006
          ],
          [
            135.5164,
            34.7387
          ]
        ]
      },
      "id": "N02-25-Station-2263"
    },
    {
      "type": "Feature",
      "properties": {
        "N02_001": "12",
        "N02_002": "4",
        "N02_003": "千里線",
        "N02_004": "阪急電鉄",
        "N02_005": "天神橋筋六丁目",
        "N02_005c": "007028",
        "N02_005g": "007028",
        "sourceRow": 2264,
        "operatorCategory": "Private railways"
      },
      "geometry": {
        "type": "LineString",
        "coordinates": [
          [
            135.51074,
            34.71094
          ],
          [
            135.51074,
            34.71084
          ],
          [
            135.51077,
            34.70879
          ]
        ]
      },
      "id": "N02-25-Station-2264"
    },
    {
      "type": "Feature",
      "properties": {
        "N02_001": "12",
        "N02_002": "4",
        "N02_003": "宝塚線",
        "N02_004": "阪急電鉄",
        "N02_005": "三国",
        "N02_005c": "006889",
        "N02_005g": "006889",
        "sourceRow": 2265,
        "operatorCategory": "Private railways"
      },
      "geometry": {
        "type": "LineString",
        "coordinates": [
          [
            135.482629,
            34.738311
          ],
          [
            135.482967,
            34.737499
          ],
          [
            135.483255,
            34.73662
          ]
        ]
      },
      "id": "N02-25-Station-2265"
    },
    {
      "type": "Feature",
      "properties": {
        "N02_001": "12",
        "N02_002": "4",
        "N02_003": "宝塚線",
        "N02_004": "阪急電鉄",
        "N02_005": "曽根",
        "N02_005c": "006741",
        "N02_005g": "006741",
        "sourceRow": 2266,
        "operatorCategory": "Private railways"
      },
      "geometry": {
        "type": "LineString",
        "coordinates": [
          [
            135.46792,
            34.77033
          ],
          [
            135.46754,
            34.77155
          ]
        ]
      },
      "id": "N02-25-Station-2266"
    },
    {
      "type": "Feature",
      "properties": {
        "N02_001": "12",
        "N02_002": "4",
        "N02_003": "宝塚線",
        "N02_004": "阪急電鉄",
        "N02_005": "庄内",
        "N02_005c": "006832",
        "N02_005g": "006832",
        "sourceRow": 2267,
        "operatorCategory": "Private railways"
      },
      "geometry": {
        "type": "LineString",
        "coordinates": [
          [
            135.47514,
            34.75098
          ],
          [
            135.47514,
            34.74971
          ]
        ]
      },
      "id": "N02-25-Station-2267"
    },
    {
      "type": "Feature",
      "properties": {
        "N02_001": "12",
        "N02_002": "4",
        "N02_003": "宝塚線",
        "N02_004": "阪急電鉄",
        "N02_005": "中津",
        "N02_005c": "007026",
        "N02_005g": "007026",
        "sourceRow": 2268,
        "operatorCategory": "Private railways"
      },
      "geometry": {
        "type": "LineString",
        "coordinates": [
          [
            135.49174,
            34.71019
          ],
          [
            135.49341,
            34.70982
          ]
        ]
      },
      "id": "N02-25-Station-2268"
    },
    {
      "type": "Feature",
      "properties": {
        "N02_001": "12",
        "N02_002": "4",
        "N02_003": "宝塚線",
        "N02_004": "阪急電鉄",
        "N02_005": "豊中",
        "N02_005c": "006689",
        "N02_005g": "006689",
        "sourceRow": 2269,
        "operatorCategory": "Private railways"
      },
      "geometry": {
        "type": "LineString",
        "coordinates": [
          [
            135.46247,
            34.78653
          ],
          [
            135.46234,
            34.78674
          ],
          [
            135.46219,
            34.78699
          ],
          [
            135.46198,
            34.78724
          ],
          [
            135.46175,
            34.78745
          ],
          [
            135.46149,
            34.78763
          ],
          [
            135.46131,
            34.78773
          ]
        ]
      },
      "id": "N02-25-Station-2269"
    },
    {
      "type": "Feature",
      "properties": {
        "N02_001": "12",
        "N02_002": "4",
        "N02_003": "宝塚線",
        "N02_004": "阪急電鉄",
        "N02_005": "十三",
        "N02_005c": "006968",
        "N02_005g": "006967",
        "sourceRow": 2270,
        "operatorCategory": "Private railways"
      },
      "geometry": {
        "type": "LineString",
        "coordinates": [
          [
            135.4824,
            34.72174
          ],
          [
            135.48236,
            34.72155
          ],
          [
            135.48232,
            34.72138
          ],
          [
            135.48231,
            34.72113
          ],
          [
            135.48235,
            34.7207
          ],
          [
            135.48249,
            34.72013
          ],
          [
            135.48263,
            34.71977
          ]
        ]
      },
      "id": "N02-25-Station-2270"
    },
    {
      "type": "Feature",
      "properties": {
        "N02_001": "12",
        "N02_002": "4",
        "N02_003": "宝塚線",
        "N02_004": "阪急電鉄",
        "N02_005": "大阪梅田",
        "N02_005c": "007048",
        "N02_005g": "007048",
        "sourceRow": 2271,
        "operatorCategory": "Private railways"
      },
      "geometry": {
        "type": "LineString",
        "coordinates": [
          [
            135.49881,
            34.70476
          ],
          [
            135.49836,
            34.70647
          ]
        ]
      },
      "id": "N02-25-Station-2271"
    },
    {
      "type": "Feature",
      "properties": {
        "N02_001": "12",
        "N02_002": "4",
        "N02_003": "宝塚線",
        "N02_004": "阪急電鉄",
        "N02_005": "服部天神",
        "N02_005c": "006781",
        "N02_005g": "006781",
        "sourceRow": 2272,
        "operatorCategory": "Private railways"
      },
      "geometry": {
        "type": "LineString",
        "coordinates": [
          [
            135.47517,
            34.76217
          ],
          [
            135.47519,
            34.76369
          ]
        ]
      },
      "id": "N02-25-Station-2272"
    },
    {
      "type": "Feature",
      "properties": {
        "N02_001": "12",
        "N02_002": "4",
        "N02_003": "宝塚線",
        "N02_004": "阪急電鉄",
        "N02_005": "岡町",
        "N02_005c": "006717",
        "N02_005g": "006717",
        "sourceRow": 2273,
        "operatorCategory": "Private railways"
      },
      "geometry": {
        "type": "LineString",
        "coordinates": [
          [
            135.46525,
            34.77835
          ],
          [
            135.46489,
            34.77949
          ]
        ]
      },
      "id": "N02-25-Station-2273"
    },
    {
      "type": "Feature",
      "properties": {
        "N02_001": "12",
        "N02_002": "4",
        "N02_003": "宝塚線",
        "N02_004": "阪急電鉄",
        "N02_005": "宝塚",
        "N02_005c": "006586",
        "N02_005g": "006585",
        "sourceRow": 2274,
        "operatorCategory": "Private railways"
      },
      "geometry": {
        "type": "LineString",
        "coordinates": [
          [
            135.33963,
            34.81094
          ],
          [
            135.34216,
            34.81003
          ]
        ]
      },
      "id": "N02-25-Station-2274"
    },
    {
      "type": "Feature",
      "properties": {
        "N02_001": "12",
        "N02_002": "4",
        "N02_003": "宝塚線",
        "N02_004": "阪急電鉄",
        "N02_005": "清荒神",
        "N02_005c": "006582",
        "N02_005g": "006582",
        "sourceRow": 2275,
        "operatorCategory": "Private railways"
      },
      "geometry": {
        "type": "LineString",
        "coordinates": [
          [
            135.35297,
            34.8112
          ],
          [
            135.35392,
            34.81119
          ]
        ]
      },
      "id": "N02-25-Station-2275"
    },
    {
      "type": "Feature",
      "properties": {
        "N02_001": "12",
        "N02_002": "4",
        "N02_003": "宝塚線",
        "N02_004": "阪急電鉄",
        "N02_005": "石橋阪大前",
        "N02_005c": "006594",
        "N02_005g": "006594",
        "sourceRow": 2276,
        "operatorCategory": "Private railways"
      },
      "geometry": {
        "type": "LineString",
        "coordinates": [
          [
            135.44561,
            34.80776
          ],
          [
            135.44537,
            34.80863
          ]
        ]
      },
      "id": "N02-25-Station-2276"
    },
    {
      "type": "Feature",
      "properties": {
        "N02_001": "12",
        "N02_002": "4",
        "N02_003": "宝塚線",
        "N02_004": "阪急電鉄",
        "N02_005": "池田",
        "N02_005c": "006535",
        "N02_005g": "006535",
        "sourceRow": 2277,
        "operatorCategory": "Private railways"
      },
      "geometry": {
        "type": "LineString",
        "coordinates": [
          [
            135.42466,
            34.82227
          ],
          [
            135.4266,
            34.82093
          ]
        ]
      },
      "id": "N02-25-Station-2277"
    },
    {
      "type": "Feature",
      "properties": {
        "N02_001": "12",
        "N02_002": "4",
        "N02_003": "宝塚線",
        "N02_004": "阪急電鉄",
        "N02_005": "川西能勢口",
        "N02_005c": "006504",
        "N02_005g": "006501",
        "sourceRow": 2278,
        "operatorCategory": "Private railways"
      },
      "geometry": {
        "type": "LineString",
        "coordinates": [
          [
            135.41187,
            34.82748
          ],
          [
            135.41246,
            34.82751
          ],
          [
            135.41298,
            34.8275
          ],
          [
            135.41354,
            34.82745
          ],
          [
            135.41401,
            34.82738
          ],
          [
            135.41491,
            34.82724
          ]
        ]
      },
      "id": "N02-25-Station-2278"
    },
    {
      "type": "Feature",
      "properties": {
        "N02_001": "12",
        "N02_002": "4",
        "N02_003": "宝塚線",
        "N02_004": "阪急電鉄",
        "N02_005": "雲雀丘花屋敷",
        "N02_005c": "006505",
        "N02_005g": "006505",
        "sourceRow": 2279,
        "operatorCategory": "Private railways"
      },
      "geometry": {
        "type": "LineString",
        "coordinates": [
          [
            135.40207,
            34.82688
          ],
          [
            135.40268,
            34.8272
          ],
          [
            135.40375,
            34.82776
          ]
        ]
      },
      "id": "N02-25-Station-2279"
    },
    {
      "type": "Feature",
      "properties": {
        "N02_001": "12",
        "N02_002": "4",
        "N02_003": "宝塚線",
        "N02_004": "阪急電鉄",
        "N02_005": "中山観音",
        "N02_005c": "006544",
        "N02_005g": "006544",
        "sourceRow": 2280,
        "operatorCategory": "Private railways"
      },
      "geometry": {
        "type": "LineString",
        "coordinates": [
          [
            135.36877,
            34.81919
          ],
          [
            135.36981,
            34.81989
          ]
        ]
      },
      "id": "N02-25-Station-2280"
    },
    {
      "type": "Feature",
      "properties": {
        "N02_001": "12",
        "N02_002": "4",
        "N02_003": "宝塚線",
        "N02_004": "阪急電鉄",
        "N02_005": "山本",
        "N02_005c": "006531",
        "N02_005g": "006531",
        "sourceRow": 2281,
        "operatorCategory": "Private railways"
      },
      "geometry": {
        "type": "LineString",
        "coordinates": [
          [
            135.38768,
            34.82167
          ],
          [
            135.3893,
            34.82223
          ]
        ]
      },
      "id": "N02-25-Station-2281"
    },
    {
      "type": "Feature",
      "properties": {
        "N02_001": "12",
        "N02_002": "4",
        "N02_003": "宝塚線",
        "N02_004": "阪急電鉄",
        "N02_005": "蛍池",
        "N02_005c": "006656",
        "N02_005g": "006656",
        "sourceRow": 2282,
        "operatorCategory": "Private railways"
      },
      "geometry": {
        "type": "LineString",
        "coordinates": [
          [
            135.44959,
            34.79402
          ],
          [
            135.44887,
            34.79527
          ]
        ]
      },
      "id": "N02-25-Station-2282"
    },
    {
      "type": "Feature",
      "properties": {
        "N02_001": "12",
        "N02_002": "4",
        "N02_003": "宝塚線",
        "N02_004": "阪急電鉄",
        "N02_005": "売布神社",
        "N02_005c": "006564",
        "N02_005g": "006564",
        "sourceRow": 2283,
        "operatorCategory": "Private railways"
      },
      "geometry": {
        "type": "LineString",
        "coordinates": [
          [
            135.36119,
            34.81558
          ],
          [
            135.36158,
            34.81608
          ],
          [
            135.36171,
            34.81625
          ],
          [
            135.36185,
            34.81638
          ],
          [
            135.36203,
            34.81653
          ],
          [
            135.36226,
            34.81667
          ],
          [
            135.36233,
            34.81671
          ]
        ]
      },
      "id": "N02-25-Station-2283"
    },
    {
      "type": "Feature",
      "properties": {
        "N02_001": "12",
        "N02_002": "4",
        "N02_003": "箕面線",
        "N02_004": "阪急電鉄",
        "N02_005": "箕面",
        "N02_005c": "006481",
        "N02_005g": "006481",
        "sourceRow": 2284,
        "operatorCategory": "Private railways"
      },
      "geometry": {
        "type": "LineString",
        "coordinates": [
          [
            135.46818,
            34.8335
          ],
          [
            135.46815,
            34.83375
          ],
          [
            135.46816,
            34.83396
          ],
          [
            135.46817,
            34.83415
          ],
          [
            135.46821,
            34.83436
          ],
          [
            135.46825,
            34.83459
          ],
          [
            135.46831,
            34.83485
          ],
          [
            135.46836,
            34.83505
          ]
        ]
      },
      "id": "N02-25-Station-2284"
    },
    {
      "type": "Feature",
      "properties": {
        "N02_001": "12",
        "N02_002": "4",
        "N02_003": "箕面線",
        "N02_004": "阪急電鉄",
        "N02_005": "牧落",
        "N02_005c": "006527",
        "N02_005g": "006527",
        "sourceRow": 2285,
        "operatorCategory": "Private railways"
      },
      "geometry": {
        "type": "LineString",
        "coordinates": [
          [
            135.4658,
            34.8229
          ],
          [
            135.466,
            34.82404
          ]
        ]
      },
      "id": "N02-25-Station-2285"
    },
    {
      "type": "Feature",
      "properties": {
        "N02_001": "12",
        "N02_002": "4",
        "N02_003": "箕面線",
        "N02_004": "阪急電鉄",
        "N02_005": "桜井",
        "N02_005c": "006560",
        "N02_005g": "006560",
        "sourceRow": 2286,
        "operatorCategory": "Private railways"
      },
      "geometry": {
        "type": "LineString",
        "coordinates": [
          [
            135.4603,
            34.8165
          ],
          [
            135.46136,
            34.81689
          ]
        ]
      },
      "id": "N02-25-Station-2286"
    },
    {
      "type": "Feature",
      "properties": {
        "N02_001": "12",
        "N02_002": "4",
        "N02_003": "箕面線",
        "N02_004": "阪急電鉄",
        "N02_005": "石橋阪大前",
        "N02_005c": "006595",
        "N02_005g": "006594",
        "sourceRow": 2287,
        "operatorCategory": "Private railways"
      },
      "geometry": {
        "type": "LineString",
        "coordinates": [
          [
            135.44596,
            34.80776
          ],
          [
            135.44615,
            34.80806
          ],
          [
            135.44628,
            34.80824
          ],
          [
            135.44651,
            34.80849
          ]
        ]
      },
      "id": "N02-25-Station-2287"
    },
    {
      "type": "Feature",
      "properties": {
        "N02_001": "21",
        "N02_002": "4",
        "N02_003": "阪堺線",
        "N02_004": "阪堺電気軌道",
        "N02_005": "住吉",
        "N02_005c": "007568",
        "N02_005g": "007567",
        "sourceRow": 2292,
        "operatorCategory": "Private railways"
      },
      "geometry": {
        "type": "LineString",
        "coordinates": [
          [
            135.49168949,
            34.61378851
          ],
          [
            135.49179279,
            34.61409175
          ]
        ]
      },
      "id": "N02-25-Station-2292"
    },
    {
      "type": "Feature",
      "properties": {
        "N02_001": "21",
        "N02_002": "4",
        "N02_003": "阪堺線",
        "N02_004": "阪堺電気軌道",
        "N02_005": "北天下茶屋",
        "N02_005c": "007485",
        "N02_005g": "007485",
        "sourceRow": 2293,
        "operatorCategory": "Private railways"
      },
      "geometry": {
        "type": "LineString",
        "coordinates": [
          [
            135.50024,
            34.63652
          ],
          [
            135.50016,
            34.63611
          ]
        ]
      },
      "id": "N02-25-Station-2293"
    },
    {
      "type": "Feature",
      "properties": {
        "N02_001": "21",
        "N02_002": "4",
        "N02_003": "阪堺線",
        "N02_004": "阪堺電気軌道",
        "N02_005": "聖天坂",
        "N02_005c": "007498",
        "N02_005g": "007498",
        "sourceRow": 2294,
        "operatorCategory": "Private railways"
      },
      "geometry": {
        "type": "LineString",
        "coordinates": [
          [
            135.49951,
            34.63331
          ],
          [
            135.49941,
            34.6328
          ]
        ]
      },
      "id": "N02-25-Station-2294"
    },
    {
      "type": "Feature",
      "properties": {
        "N02_001": "21",
        "N02_002": "4",
        "N02_003": "阪堺線",
        "N02_004": "阪堺電気軌道",
        "N02_005": "今池",
        "N02_005c": "007450",
        "N02_005g": "007450",
        "sourceRow": 2295,
        "operatorCategory": "Private railways"
      },
      "geometry": {
        "type": "LineString",
        "coordinates": [
          [
            135.50234,
            34.64592
          ],
          [
            135.50224,
            34.6454
          ]
        ]
      },
      "id": "N02-25-Station-2295"
    },
    {
      "type": "Feature",
      "properties": {
        "N02_001": "21",
        "N02_002": "4",
        "N02_003": "阪堺線",
        "N02_004": "阪堺電気軌道",
        "N02_005": "塚西",
        "N02_005c": "007534",
        "N02_005g": "007534",
        "sourceRow": 2296,
        "operatorCategory": "Private railways"
      },
      "geometry": {
        "type": "LineString",
        "coordinates": [
          [
            135.4947,
            34.62378
          ],
          [
            135.49452,
            34.62333
          ]
        ]
      },
      "id": "N02-25-Station-2296"
    },
    {
      "type": "Feature",
      "properties": {
        "N02_001": "21",
        "N02_002": "4",
        "N02_003": "阪堺線",
        "N02_004": "阪堺電気軌道",
        "N02_005": "東粉浜",
        "N02_005c": "007553",
        "N02_005g": "007553",
        "sourceRow": 2297,
        "operatorCategory": "Private railways"
      },
      "geometry": {
        "type": "LineString",
        "coordinates": [
          [
            135.49253,
            34.61804
          ],
          [
            135.49265,
            34.61842
          ]
        ]
      },
      "id": "N02-25-Station-2297"
    },
    {
      "type": "Feature",
      "properties": {
        "N02_001": "21",
        "N02_002": "4",
        "N02_003": "阪堺線",
        "N02_004": "阪堺電気軌道",
        "N02_005": "今船",
        "N02_005c": "007459",
        "N02_005g": "007459",
        "sourceRow": 2298,
        "operatorCategory": "Private railways"
      },
      "geometry": {
        "type": "LineString",
        "coordinates": [
          [
            135.50175,
            34.64319
          ],
          [
            135.50166,
            34.64275
          ]
        ]
      },
      "id": "N02-25-Station-2298"
    },
    {
      "type": "Feature",
      "properties": {
        "N02_001": "21",
        "N02_002": "4",
        "N02_003": "阪堺線",
        "N02_004": "阪堺電気軌道",
        "N02_005": "東玉出",
        "N02_005c": "007525",
        "N02_005g": "007525",
        "sourceRow": 2299,
        "operatorCategory": "Private railways"
      },
      "geometry": {
        "type": "LineString",
        "coordinates": [
          [
            135.49605,
            34.62706
          ],
          [
            135.49588,
            34.62666
          ]
        ]
      },
      "id": "N02-25-Station-2299"
    },
    {
      "type": "Feature",
      "properties": {
        "N02_001": "21",
        "N02_002": "4",
        "N02_003": "阪堺線",
        "N02_004": "阪堺電気軌道",
        "N02_005": "天神ノ森",
        "N02_005c": "007515",
        "N02_005g": "007515",
        "sourceRow": 2300,
        "operatorCategory": "Private railways"
      },
      "geometry": {
        "type": "LineString",
        "coordinates": [
          [
            135.49791,
            34.62943
          ],
          [
            135.49749,
            34.62895
          ]
        ]
      },
      "id": "N02-25-Station-2300"
    },
    {
      "type": "Feature",
      "properties": {
        "N02_001": "21",
        "N02_002": "4",
        "N02_003": "阪堺線",
        "N02_004": "阪堺電気軌道",
        "N02_005": "恵美須町",
        "N02_005c": "007411",
        "N02_005g": "007399",
        "sourceRow": 2301,
        "operatorCategory": "Private railways"
      },
      "geometry": {
        "type": "LineString",
        "coordinates": [
          [
            135.50503,
            34.65388
          ],
          [
            135.50487,
            34.65346
          ]
        ]
      },
      "id": "N02-25-Station-2301"
    },
    {
      "type": "Feature",
      "properties": {
        "N02_001": "21",
        "N02_002": "4",
        "N02_003": "阪堺線",
        "N02_004": "阪堺電気軌道",
        "N02_005": "新今宮駅前",
        "N02_005c": "007427",
        "N02_005g": "007427",
        "sourceRow": 2302,
        "operatorCategory": "Private railways"
      },
      "geometry": {
        "type": "LineString",
        "coordinates": [
          [
            135.50346,
            34.64977
          ],
          [
            135.50329,
            34.64929
          ]
        ]
      },
      "id": "N02-25-Station-2302"
    },
    {
      "type": "Feature",
      "properties": {
        "N02_001": "21",
        "N02_002": "4",
        "N02_003": "阪堺線",
        "N02_004": "阪堺電気軌道",
        "N02_005": "松田町",
        "N02_005c": "007472",
        "N02_005g": "007472",
        "sourceRow": 2303,
        "operatorCategory": "Private railways"
      },
      "geometry": {
        "type": "LineString",
        "coordinates": [
          [
            135.50097,
            34.63966
          ],
          [
            135.50087,
            34.63926
          ]
        ]
      },
      "id": "N02-25-Station-2303"
    },
    {
      "type": "Feature",
      "properties": {
        "N02_001": "21",
        "N02_002": "4",
        "N02_003": "阪堺線",
        "N02_004": "阪堺電気軌道",
        "N02_005": "住吉",
        "N02_005c": "007568",
        "N02_005g": "007567",
        "sourceRow": 2304,
        "operatorCategory": "Private railways"
      },
      "geometry": {
        "type": "LineString",
        "coordinates": [
          [
            135.49185,
            34.61426
          ],
          [
            135.49192634,
            34.61454456
          ]
        ]
      },
      "id": "N02-25-Station-2304"
    },
    {
      "type": "Feature",
      "properties": {
        "N02_001": "21",
        "N02_002": "4",
        "N02_003": "阪堺線",
        "N02_004": "阪堺電気軌道",
        "N02_005": "大和川",
        "N02_005c": "007622",
        "N02_005g": "007622",
        "sourceRow": 2305,
        "operatorCategory": "Private railways"
      },
      "geometry": {
        "type": "LineString",
        "coordinates": [
          [
            135.48663,
            34.59433
          ],
          [
            135.48687,
            34.59499
          ]
        ]
      },
      "id": "N02-25-Station-2305"
    },
    {
      "type": "Feature",
      "properties": {
        "N02_001": "21",
        "N02_002": "4",
        "N02_003": "阪堺線",
        "N02_004": "阪堺電気軌道",
        "N02_005": "浜寺駅前",
        "N02_005c": "007748",
        "N02_005g": "007748",
        "sourceRow": 2306,
        "operatorCategory": "Private railways"
      },
      "geometry": {
        "type": "LineString",
        "coordinates": [
          [
            135.44367,
            34.54179
          ],
          [
            135.44338,
            34.54132
          ]
        ]
      },
      "id": "N02-25-Station-2306"
    },
    {
      "type": "Feature",
      "properties": {
        "N02_001": "21",
        "N02_002": "4",
        "N02_003": "阪堺線",
        "N02_004": "阪堺電気軌道",
        "N02_005": "宿院",
        "N02_005c": "007666",
        "N02_005g": "007666",
        "sourceRow": 2307,
        "operatorCategory": "Private railways"
      },
      "geometry": {
        "type": "LineString",
        "coordinates": [
          [
            135.47218,
            34.57661
          ],
          [
            135.47184,
            34.57621
          ]
        ]
      },
      "id": "N02-25-Station-2307"
    },
    {
      "type": "Feature",
      "properties": {
        "N02_001": "21",
        "N02_002": "4",
        "N02_003": "阪堺線",
        "N02_004": "阪堺電気軌道",
        "N02_005": "我孫子道",
        "N02_005c": "007607",
        "N02_005g": "007607",
        "sourceRow": 2308,
        "operatorCategory": "Private railways"
      },
      "geometry": {
        "type": "LineString",
        "coordinates": [
          [
            135.48865,
            34.59997
          ],
          [
            135.48885,
            34.6006
          ]
        ]
      },
      "id": "N02-25-Station-2308"
    },
    {
      "type": "Feature",
      "properties": {
        "N02_001": "21",
        "N02_002": "4",
        "N02_003": "阪堺線",
        "N02_004": "阪堺電気軌道",
        "N02_005": "綾ノ町",
        "N02_005c": "007635",
        "N02_005g": "007635",
        "sourceRow": 2309,
        "operatorCategory": "Private railways"
      },
      "geometry": {
        "type": "LineString",
        "coordinates": [
          [
            135.48355,
            34.58799
          ],
          [
            135.48285,
            34.58784
          ]
        ]
      },
      "id": "N02-25-Station-2309"
    },
    {
      "type": "Feature",
      "properties": {
        "N02_001": "21",
        "N02_002": "4",
        "N02_003": "阪堺線",
        "N02_004": "阪堺電気軌道",
        "N02_005": "石津",
        "N02_005c": "007714",
        "N02_005g": "007714",
        "sourceRow": 2310,
        "operatorCategory": "Private railways"
      },
      "geometry": {
        "type": "LineString",
        "coordinates": [
          [
            135.45519,
            34.55558
          ],
          [
            135.45488,
            34.55522
          ]
        ]
      },
      "id": "N02-25-Station-2310"
    },
    {
      "type": "Feature",
      "properties": {
        "N02_001": "21",
        "N02_002": "4",
        "N02_003": "阪堺線",
        "N02_004": "阪堺電気軌道",
        "N02_005": "高須神社",
        "N02_005c": "007628",
        "N02_005g": "007628",
        "sourceRow": 2311,
        "operatorCategory": "Private railways"
      },
      "geometry": {
        "type": "LineString",
        "coordinates": [
          [
            135.48514,
            34.59017
          ],
          [
            135.48535,
            34.59078
          ]
        ]
      },
      "id": "N02-25-Station-2311"
    },
    {
      "type": "Feature",
      "properties": {
        "N02_001": "21",
        "N02_002": "4",
        "N02_003": "阪堺線",
        "N02_004": "阪堺電気軌道",
        "N02_005": "細井川",
        "N02_005c": "007579",
        "N02_005g": "007579",
        "sourceRow": 2312,
        "operatorCategory": "Private railways"
      },
      "geometry": {
        "type": "LineString",
        "coordinates": [
          [
            135.49109,
            34.6094
          ],
          [
            135.49123,
            34.61002
          ]
        ]
      },
      "id": "N02-25-Station-2312"
    },
    {
      "type": "Feature",
      "properties": {
        "N02_001": "21",
        "N02_002": "4",
        "N02_003": "阪堺線",
        "N02_004": "阪堺電気軌道",
        "N02_005": "船尾",
        "N02_005c": "007734",
        "N02_005g": "007734",
        "sourceRow": 2313,
        "operatorCategory": "Private railways"
      },
      "geometry": {
        "type": "LineString",
        "coordinates": [
          [
            135.4508,
            34.5501
          ],
          [
            135.45052,
            34.54976
          ]
        ]
      },
      "id": "N02-25-Station-2313"
    },
    {
      "type": "Feature",
      "properties": {
        "N02_001": "21",
        "N02_002": "4",
        "N02_003": "阪堺線",
        "N02_004": "阪堺電気軌道",
        "N02_005": "東湊",
        "N02_005c": "007699",
        "N02_005g": "007699",
        "sourceRow": 2314,
        "operatorCategory": "Private railways"
      },
      "geometry": {
        "type": "LineString",
        "coordinates": [
          [
            135.46286,
            34.565
          ],
          [
            135.46254,
            34.56463
          ]
        ]
      },
      "id": "N02-25-Station-2314"
    },
    {
      "type": "Feature",
      "properties": {
        "N02_001": "21",
        "N02_002": "4",
        "N02_003": "阪堺線",
        "N02_004": "阪堺電気軌道",
        "N02_005": "安立町",
        "N02_005c": "007592",
        "N02_005g": "007592",
        "sourceRow": 2315,
        "operatorCategory": "Private railways"
      },
      "geometry": {
        "type": "LineString",
        "coordinates": [
          [
            135.49017,
            34.60578
          ],
          [
            135.49001,
            34.60514
          ]
        ]
      },
      "id": "N02-25-Station-2315"
    },
    {
      "type": "Feature",
      "properties": {
        "N02_001": "21",
        "N02_002": "4",
        "N02_003": "阪堺線",
        "N02_004": "阪堺電気軌道",
        "N02_005": "寺地町",
        "N02_005c": "007673",
        "N02_005g": "007673",
        "sourceRow": 2316,
        "operatorCategory": "Private railways"
      },
      "geometry": {
        "type": "LineString",
        "coordinates": [
          [
            135.46957,
            34.57382
          ],
          [
            135.46922,
            34.57343
          ]
        ]
      },
      "id": "N02-25-Station-2316"
    },
    {
      "type": "Feature",
      "properties": {
        "N02_001": "21",
        "N02_002": "4",
        "N02_003": "阪堺線",
        "N02_004": "阪堺電気軌道",
        "N02_005": "御陵前",
        "N02_005c": "007682",
        "N02_005g": "007682",
        "sourceRow": 2317,
        "operatorCategory": "Private railways"
      },
      "geometry": {
        "type": "LineString",
        "coordinates": [
          [
            135.46689,
            34.57094
          ],
          [
            135.46655,
            34.57056
          ]
        ]
      },
      "id": "N02-25-Station-2317"
    },
    {
      "type": "Feature",
      "properties": {
        "N02_001": "21",
        "N02_002": "4",
        "N02_003": "阪堺線",
        "N02_004": "阪堺電気軌道",
        "N02_005": "大小路",
        "N02_005c": "007654",
        "N02_005g": "007654",
        "sourceRow": 2318,
        "operatorCategory": "Private railways"
      },
      "geometry": {
        "type": "LineString",
        "coordinates": [
          [
            135.47468,
            34.57931
          ],
          [
            135.47435,
            34.57895
          ]
        ]
      },
      "id": "N02-25-Station-2318"
    },
    {
      "type": "Feature",
      "properties": {
        "N02_001": "21",
        "N02_002": "4",
        "N02_003": "阪堺線",
        "N02_004": "阪堺電気軌道",
        "N02_005": "住吉鳥居前",
        "N02_005c": "007574",
        "N02_005g": "007574",
        "sourceRow": 2319,
        "operatorCategory": "Private railways"
      },
      "geometry": {
        "type": "LineString",
        "coordinates": [
          [
            135.49115658,
            34.61234724
          ],
          [
            135.49120311,
            34.612539
          ],
          [
            135.49125763,
            34.61273817
          ]
        ]
      },
      "id": "N02-25-Station-2319"
    },
    {
      "type": "Feature",
      "properties": {
        "N02_001": "21",
        "N02_002": "4",
        "N02_003": "阪堺線",
        "N02_004": "阪堺電気軌道",
        "N02_005": "花田口",
        "N02_005c": "007650",
        "N02_005g": "007650",
        "sourceRow": 2320,
        "operatorCategory": "Private railways"
      },
      "geometry": {
        "type": "LineString",
        "coordinates": [
          [
            135.47709,
            34.58192
          ],
          [
            135.47678,
            34.58161
          ]
        ]
      },
      "id": "N02-25-Station-2320"
    },
    {
      "type": "Feature",
      "properties": {
        "N02_001": "21",
        "N02_002": "4",
        "N02_003": "阪堺線",
        "N02_004": "阪堺電気軌道",
        "N02_005": "妙国寺前",
        "N02_005c": "007646",
        "N02_005g": "007646",
        "sourceRow": 2321,
        "operatorCategory": "Private railways"
      },
      "geometry": {
        "type": "LineString",
        "coordinates": [
          [
            135.47888,
            34.58386
          ],
          [
            135.47857,
            34.58351
          ]
        ]
      },
      "id": "N02-25-Station-2321"
    },
    {
      "type": "Feature",
      "properties": {
        "N02_001": "21",
        "N02_002": "4",
        "N02_003": "阪堺線",
        "N02_004": "阪堺電気軌道",
        "N02_005": "神明町",
        "N02_005c": "007640",
        "N02_005g": "007640",
        "sourceRow": 2322,
        "operatorCategory": "Private railways"
      },
      "geometry": {
        "type": "LineString",
        "coordinates": [
          [
            135.48061,
            34.58568
          ],
          [
            135.48031,
            34.58537
          ]
        ]
      },
      "id": "N02-25-Station-2322"
    },
    {
      "type": "Feature",
      "properties": {
        "N02_001": "21",
        "N02_002": "4",
        "N02_003": "上町線",
        "N02_004": "阪堺電気軌道",
        "N02_005": "帝塚山四丁目",
        "N02_005c": "007559",
        "N02_005g": "007559",
        "sourceRow": 2323,
        "operatorCategory": "Private railways"
      },
      "geometry": {
        "type": "LineString",
        "coordinates": [
          [
            135.49908374,
            34.61780764
          ],
          [
            135.49898092,
            34.61761974
          ],
          [
            135.49887469,
            34.61742561
          ]
        ]
      },
      "id": "N02-25-Station-2323"
    },
    {
      "type": "Feature",
      "properties": {
        "N02_001": "21",
        "N02_002": "4",
        "N02_003": "上町線",
        "N02_004": "阪堺電気軌道",
        "N02_005": "東天下茶屋",
        "N02_005c": "007500",
        "N02_005g": "007500",
        "sourceRow": 2324,
        "operatorCategory": "Private railways"
      },
      "geometry": {
        "type": "LineString",
        "coordinates": [
          [
            135.50857,
            34.63266
          ],
          [
            135.50841,
            34.63235
          ]
        ]
      },
      "id": "N02-25-Station-2324"
    },
    {
      "type": "Feature",
      "properties": {
        "N02_001": "21",
        "N02_002": "4",
        "N02_003": "上町線",
        "N02_004": "阪堺電気軌道",
        "N02_005": "北畠",
        "N02_005c": "007522",
        "N02_005g": "007522",
        "sourceRow": 2325,
        "operatorCategory": "Private railways"
      },
      "geometry": {
        "type": "LineString",
        "coordinates": [
          [
            135.50561,
            34.62747
          ],
          [
            135.50536,
            34.62713
          ]
        ]
      },
      "id": "N02-25-Station-2325"
    },
    {
      "type": "Feature",
      "properties": {
        "N02_001": "21",
        "N02_002": "4",
        "N02_003": "上町線",
        "N02_004": "阪堺電気軌道",
        "N02_005": "天王寺駅前",
        "N02_005c": "007447",
        "N02_005g": "007447",
        "sourceRow": 2326,
        "operatorCategory": "Private railways"
      },
      "geometry": {
        "type": "LineString",
        "coordinates": [
          [
            135.51306,
            34.64644
          ],
          [
            135.51304,
            34.64638
          ],
          [
            135.51295,
            34.64601
          ]
        ]
      },
      "id": "N02-25-Station-2326"
    },
    {
      "type": "Feature",
      "properties": {
        "N02_001": "21",
        "N02_002": "4",
        "N02_003": "上町線",
        "N02_004": "阪堺電気軌道",
        "N02_005": "住吉",
        "N02_005c": "007567",
        "N02_005g": "007567",
        "sourceRow": 2327,
        "operatorCategory": "Private railways"
      },
      "geometry": {
        "type": "LineString",
        "coordinates": [
          [
            135.49201928,
            34.61429448
          ],
          [
            135.49214658,
            34.6145127
          ]
        ]
      },
      "id": "N02-25-Station-2327"
    },
    {
      "type": "Feature",
      "properties": {
        "N02_001": "21",
        "N02_002": "4",
        "N02_003": "上町線",
        "N02_004": "阪堺電気軌道",
        "N02_005": "松虫",
        "N02_005c": "007487",
        "N02_005g": "007487",
        "sourceRow": 2328,
        "operatorCategory": "Private railways"
      },
      "geometry": {
        "type": "LineString",
        "coordinates": [
          [
            135.50992,
            34.63568
          ],
          [
            135.50977,
            34.63529
          ]
        ]
      },
      "id": "N02-25-Station-2328"
    },
    {
      "type": "Feature",
      "properties": {
        "N02_001": "21",
        "N02_002": "4",
        "N02_003": "上町線",
        "N02_004": "阪堺電気軌道",
        "N02_005": "帝塚山三丁目",
        "N02_005c": "007547",
        "N02_005g": "007547",
        "sourceRow": 2329,
        "operatorCategory": "Private railways"
      },
      "geometry": {
        "type": "LineString",
        "coordinates": [
          [
            135.50085,
            34.62075
          ],
          [
            135.50065,
            34.62037
          ]
        ]
      },
      "id": "N02-25-Station-2329"
    },
    {
      "type": "Feature",
      "properties": {
        "N02_001": "21",
        "N02_002": "4",
        "N02_003": "上町線",
        "N02_004": "阪堺電気軌道",
        "N02_005": "神ノ木",
        "N02_005c": "007564",
        "N02_005g": "007564",
        "sourceRow": 2330,
        "operatorCategory": "Private railways"
      },
      "geometry": {
        "type": "LineString",
        "coordinates": [
          [
            135.49636,
            34.61581
          ],
          [
            135.49712,
            34.61585
          ]
        ]
      },
      "id": "N02-25-Station-2330"
    },
    {
      "type": "Feature",
      "properties": {
        "N02_001": "21",
        "N02_002": "4",
        "N02_003": "上町線",
        "N02_004": "阪堺電気軌道",
        "N02_005": "阿倍野",
        "N02_005c": "007467",
        "N02_005g": "007460",
        "sourceRow": 2331,
        "operatorCategory": "Private railways"
      },
      "geometry": {
        "type": "LineString",
        "coordinates": [
          [
            135.51186,
            34.64196
          ],
          [
            135.51175,
            34.6416
          ]
        ]
      },
      "id": "N02-25-Station-2331"
    },
    {
      "type": "Feature",
      "properties": {
        "N02_001": "21",
        "N02_002": "4",
        "N02_003": "上町線",
        "N02_004": "阪堺電気軌道",
        "N02_005": "姫松",
        "N02_005c": "007532",
        "N02_005g": "007532",
        "sourceRow": 2332,
        "operatorCategory": "Private railways"
      },
      "geometry": {
        "type": "LineString",
        "coordinates": [
          [
            135.50329,
            34.62427
          ],
          [
            135.50305,
            34.62393
          ]
        ]
      },
      "id": "N02-25-Station-2332"
    },
    {
      "type": "Feature",
      "properties": {
        "N02_001": "12",
        "N02_002": "4",
        "N02_003": "神戸高速線",
        "N02_004": "阪神電気鉄道",
        "N02_005": "高速神戸",
        "N02_005c": "007217",
        "N02_005g": "007216",
        "sourceRow": 2333,
        "operatorCategory": "Private railways"
      },
      "geometry": {
        "type": "LineString",
        "coordinates": [
          [
            135.17578,
            34.68009
          ],
          [
            135.17515,
            34.67971
          ]
        ]
      },
      "id": "N02-25-Station-2333"
    },
    {
      "type": "Feature",
      "properties": {
        "N02_001": "12",
        "N02_002": "4",
        "N02_003": "神戸高速線",
        "N02_004": "阪神電気鉄道",
        "N02_005": "西元町",
        "N02_005c": "007182",
        "N02_005g": "007182",
        "sourceRow": 2334,
        "operatorCategory": "Private railways"
      },
      "geometry": {
        "type": "LineString",
        "coordinates": [
          [
            135.17982,
            34.68434
          ],
          [
            135.17952,
            34.68368
          ]
        ]
      },
      "id": "N02-25-Station-2334"
    },
    {
      "type": "Feature",
      "properties": {
        "N02_001": "12",
        "N02_002": "4",
        "N02_003": "神戸高速線",
        "N02_004": "阪神電気鉄道",
        "N02_005": "大開",
        "N02_005c": "007279",
        "N02_005g": "007279",
        "sourceRow": 2335,
        "operatorCategory": "Private railways"
      },
      "geometry": {
        "type": "LineString",
        "coordinates": [
          [
            135.16246,
            34.67172
          ],
          [
            135.16185,
            34.67132
          ]
        ]
      },
      "id": "N02-25-Station-2335"
    },
    {
      "type": "Feature",
      "properties": {
        "N02_001": "12",
        "N02_002": "4",
        "N02_003": "神戸高速線",
        "N02_004": "阪神電気鉄道",
        "N02_005": "新開地",
        "N02_005c": "007242",
        "N02_005g": "007241",
        "sourceRow": 2336,
        "operatorCategory": "Private railways"
      },
      "geometry": {
        "type": "LineString",
        "coordinates": [
          [
            135.17024,
            34.67664
          ],
          [
            135.16962,
            34.67627
          ]
        ]
      },
      "id": "N02-25-Station-2336"
    },
    {
      "type": "Feature",
      "properties": {
        "N02_001": "12",
        "N02_002": "4",
        "N02_003": "神戸高速線",
        "N02_004": "阪神電気鉄道",
        "N02_005": "高速長田",
        "N02_005c": "007315",
        "N02_005g": "007315",
        "sourceRow": 2337,
        "operatorCategory": "Private railways"
      },
      "geometry": {
        "type": "LineString",
        "coordinates": [
          [
            135.15125,
            34.66712
          ],
          [
            135.1511,
            34.66705
          ],
          [
            135.1509,
            34.66694
          ],
          [
            135.15067,
            34.66682
          ],
          [
            135.15041,
            34.66665
          ]
        ]
      },
      "id": "N02-25-Station-2337"
    },
    {
      "type": "Feature",
      "properties": {
        "N02_001": "12",
        "N02_002": "4",
        "N02_003": "神戸高速線",
        "N02_004": "阪神電気鉄道",
        "N02_005": "西代",
        "N02_005c": "007361",
        "N02_005g": "007361",
        "sourceRow": 2338,
        "operatorCategory": "Private railways"
      },
      "geometry": {
        "type": "LineString",
        "coordinates": [
          [
            135.14442,
            34.6627
          ],
          [
            135.14356,
            34.6621
          ]
        ]
      },
      "id": "N02-25-Station-2338"
    },
    {
      "type": "Feature",
      "properties": {
        "N02_001": "12",
        "N02_002": "4",
        "N02_003": "神戸高速線",
        "N02_004": "阪神電気鉄道",
        "N02_005": "元町",
        "N02_005c": "007160",
        "N02_005g": "007160",
        "sourceRow": 2339,
        "operatorCategory": "Private railways"
      },
      "geometry": {
        "type": "LineString",
        "coordinates": [
          [
            135.18728,
            34.68904
          ],
          [
            135.1866,
            34.68875
          ]
        ]
      },
      "id": "N02-25-Station-2339"
    },
    {
      "type": "Feature",
      "properties": {
        "N02_001": "12",
        "N02_002": "4",
        "N02_003": "阪神なんば線",
        "N02_004": "阪神電気鉄道",
        "N02_005": "千鳥橋",
        "N02_005c": "007177",
        "N02_005g": "007177",
        "sourceRow": 2340,
        "operatorCategory": "Private railways"
      },
      "geometry": {
        "type": "LineString",
        "coordinates": [
          [
            135.45732,
            34.68538
          ],
          [
            135.45821,
            34.68537
          ]
        ]
      },
      "id": "N02-25-Station-2340"
    },
    {
      "type": "Feature",
      "properties": {
        "N02_001": "12",
        "N02_002": "4",
        "N02_003": "阪神なんば線",
        "N02_004": "阪神電気鉄道",
        "N02_005": "西九条",
        "N02_005c": "007192",
        "N02_005g": "007187",
        "sourceRow": 2341,
        "operatorCategory": "Private railways"
      },
      "geometry": {
        "type": "LineString",
        "coordinates": [
          [
            135.46534,
            34.68309
          ],
          [
            135.46582,
            34.68241
          ]
        ]
      },
      "id": "N02-25-Station-2341"
    },
    {
      "type": "Feature",
      "properties": {
        "N02_001": "12",
        "N02_002": "4",
        "N02_003": "阪神なんば線",
        "N02_004": "阪神電気鉄道",
        "N02_005": "尼崎",
        "N02_005c": "006981",
        "N02_005g": "006981",
        "sourceRow": 2342,
        "operatorCategory": "Private railways"
      },
      "geometry": {
        "type": "LineString",
        "coordinates": [
          [
            135.41675,
            34.71865
          ],
          [
            135.41788,
            34.71837
          ]
        ]
      },
      "id": "N02-25-Station-2342"
    },
    {
      "type": "Feature",
      "properties": {
        "N02_001": "12",
        "N02_002": "4",
        "N02_003": "阪神なんば線",
        "N02_004": "阪神電気鉄道",
        "N02_005": "福",
        "N02_005c": "007077",
        "N02_005g": "007077",
        "sourceRow": 2343,
        "operatorCategory": "Private railways"
      },
      "geometry": {
        "type": "LineString",
        "coordinates": [
          [
            135.44251,
            34.7001
          ],
          [
            135.44296,
            34.69955
          ]
        ]
      },
      "id": "N02-25-Station-2343"
    },
    {
      "type": "Feature",
      "properties": {
        "N02_001": "12",
        "N02_002": "4",
        "N02_003": "阪神なんば線",
        "N02_004": "阪神電気鉄道",
        "N02_005": "伝法",
        "N02_005c": "007156",
        "N02_005g": "007156",
        "sourceRow": 2344,
        "operatorCategory": "Private railways"
      },
      "geometry": {
        "type": "LineString",
        "coordinates": [
          [
            135.45135,
            34.68959
          ],
          [
            135.45187,
            34.68895
          ]
        ]
      },
      "id": "N02-25-Station-2344"
    },
    {
      "type": "Feature",
      "properties": {
        "N02_001": "12",
        "N02_002": "4",
        "N02_003": "阪神なんば線",
        "N02_004": "阪神電気鉄道",
        "N02_005": "大物",
        "N02_005c": "006997",
        "N02_005g": "006996",
        "sourceRow": 2345,
        "operatorCategory": "Private railways"
      },
      "geometry": {
        "type": "LineString",
        "coordinates": [
          [
            135.4253,
            34.71661
          ],
          [
            135.42652,
            34.71627
          ]
        ]
      },
      "id": "N02-25-Station-2345"
    },
    {
      "type": "Feature",
      "properties": {
        "N02_001": "12",
        "N02_002": "4",
        "N02_003": "阪神なんば線",
        "N02_004": "阪神電気鉄道",
        "N02_005": "出来島",
        "N02_005c": "007037",
        "N02_005g": "007037",
        "sourceRow": 2346,
        "operatorCategory": "Private railways"
      },
      "geometry": {
        "type": "LineString",
        "coordinates": [
          [
            135.43655,
            34.70765
          ],
          [
            135.43714,
            34.70689
          ]
        ]
      },
      "id": "N02-25-Station-2346"
    },
    {
      "type": "Feature",
      "properties": {
        "N02_001": "12",
        "N02_002": "4",
        "N02_003": "武庫川線",
        "N02_004": "阪神電気鉄道",
        "N02_005": "武庫川",
        "N02_005c": "006985",
        "N02_005g": "006980",
        "sourceRow": 2347,
        "operatorCategory": "Private railways"
      },
      "geometry": {
        "type": "LineString",
        "coordinates": [
          [
            135.38141,
            34.71865
          ],
          [
            135.38104,
            34.71805
          ]
        ]
      },
      "id": "N02-25-Station-2347"
    },
    {
      "type": "Feature",
      "properties": {
        "N02_001": "12",
        "N02_002": "4",
        "N02_003": "武庫川線",
        "N02_004": "阪神電気鉄道",
        "N02_005": "洲先",
        "N02_005c": "007031",
        "N02_005g": "007031",
        "sourceRow": 2348,
        "operatorCategory": "Private railways"
      },
      "geometry": {
        "type": "LineString",
        "coordinates": [
          [
            135.3781,
            34.70931
          ],
          [
            135.37782,
            34.70869
          ]
        ]
      },
      "id": "N02-25-Station-2348"
    },
    {
      "type": "Feature",
      "properties": {
        "N02_001": "12",
        "N02_002": "4",
        "N02_003": "武庫川線",
        "N02_004": "阪神電気鉄道",
        "N02_005": "東鳴尾",
        "N02_005c": "007010",
        "N02_005g": "007010",
        "sourceRow": 2349,
        "operatorCategory": "Private railways"
      },
      "geometry": {
        "type": "LineString",
        "coordinates": [
          [
            135.3792,
            34.71305
          ],
          [
            135.3791,
            34.71239
          ]
        ]
      },
      "id": "N02-25-Station-2349"
    },
    {
      "type": "Feature",
      "properties": {
        "N02_001": "12",
        "N02_002": "4",
        "N02_003": "武庫川線",
        "N02_004": "阪神電気鉄道",
        "N02_005": "武庫川団地前",
        "N02_005c": "007052",
        "N02_005g": "007052",
        "sourceRow": 2350,
        "operatorCategory": "Private railways"
      },
      "geometry": {
        "type": "LineString",
        "coordinates": [
          [
            135.375,
            34.70523
          ],
          [
            135.37471,
            34.70464
          ]
        ]
      },
      "id": "N02-25-Station-2350"
    },
    {
      "type": "Feature",
      "properties": {
        "N02_001": "12",
        "N02_002": "4",
        "N02_003": "本線",
        "N02_004": "阪神電気鉄道",
        "N02_005": "大阪梅田",
        "N02_005c": "007071",
        "N02_005g": "007071",
        "sourceRow": 2351,
        "operatorCategory": "Private railways"
      },
      "geometry": {
        "type": "LineString",
        "coordinates": [
          [
            135.49802,
            34.70191
          ],
          [
            135.49719,
            34.70147
          ],
          [
            135.49655,
            34.70113
          ]
        ]
      },
      "id": "N02-25-Station-2351"
    },
    {
      "type": "Feature",
      "properties": {
        "N02_001": "12",
        "N02_002": "4",
        "N02_003": "本線",
        "N02_004": "阪神電気鉄道",
        "N02_005": "淀川",
        "N02_005c": "007097",
        "N02_005g": "007097",
        "sourceRow": 2352,
        "operatorCategory": "Private railways"
      },
      "geometry": {
        "type": "LineString",
        "coordinates": [
          [
            135.4649,
            34.69649
          ],
          [
            135.46551,
            34.6959
          ]
        ]
      },
      "id": "N02-25-Station-2352"
    },
    {
      "type": "Feature",
      "properties": {
        "N02_001": "12",
        "N02_002": "4",
        "N02_003": "本線",
        "N02_004": "阪神電気鉄道",
        "N02_005": "福島",
        "N02_005c": "007098",
        "N02_005g": "007091",
        "sourceRow": 2353,
        "operatorCategory": "Private railways"
      },
      "geometry": {
        "type": "LineString",
        "coordinates": [
          [
            135.48749,
            34.69578
          ],
          [
            135.48906,
            34.69636
          ]
        ]
      },
      "id": "N02-25-Station-2353"
    },
    {
      "type": "Feature",
      "properties": {
        "N02_001": "12",
        "N02_002": "4",
        "N02_003": "本線",
        "N02_004": "阪神電気鉄道",
        "N02_005": "野田",
        "N02_005c": "007109",
        "N02_005g": "007109",
        "sourceRow": 2354,
        "operatorCategory": "Private railways"
      },
      "geometry": {
        "type": "LineString",
        "coordinates": [
          [
            135.47559,
            34.69442
          ],
          [
            135.47653,
            34.69438
          ]
        ]
      },
      "id": "N02-25-Station-2354"
    },
    {
      "type": "Feature",
      "properties": {
        "N02_001": "12",
        "N02_002": "4",
        "N02_003": "本線",
        "N02_004": "阪神電気鉄道",
        "N02_005": "姫島",
        "N02_005c": "007057",
        "N02_005g": "007057",
        "sourceRow": 2355,
        "operatorCategory": "Private railways"
      },
      "geometry": {
        "type": "LineString",
        "coordinates": [
          [
            135.45788,
            34.70465
          ],
          [
            135.4585,
            34.70405
          ]
        ]
      },
      "id": "N02-25-Station-2355"
    },
    {
      "type": "Feature",
      "properties": {
        "N02_001": "12",
        "N02_002": "4",
        "N02_003": "本線",
        "N02_004": "阪神電気鉄道",
        "N02_005": "打出",
        "N02_005c": "006921",
        "N02_005g": "006921",
        "sourceRow": 2356,
        "operatorCategory": "Private railways"
      },
      "geometry": {
        "type": "LineString",
        "coordinates": [
          [
            135.31594,
            34.73172
          ],
          [
            135.31519,
            34.73149
          ]
        ]
      },
      "id": "N02-25-Station-2356"
    },
    {
      "type": "Feature",
      "properties": {
        "N02_001": "12",
        "N02_002": "4",
        "N02_003": "本線",
        "N02_004": "阪神電気鉄道",
        "N02_005": "甲子園",
        "N02_005c": "006954",
        "N02_005g": "006954",
        "sourceRow": 2357,
        "operatorCategory": "Private railways"
      },
      "geometry": {
        "type": "LineString",
        "coordinates": [
          [
            135.36385,
            34.72372
          ],
          [
            135.3627,
            34.7242
          ]
        ]
      },
      "id": "N02-25-Station-2357"
    },
    {
      "type": "Feature",
      "properties": {
        "N02_001": "12",
        "N02_002": "4",
        "N02_003": "本線",
        "N02_004": "阪神電気鉄道",
        "N02_005": "魚崎",
        "N02_005c": "007012",
        "N02_005g": "007005",
        "sourceRow": 2358,
        "operatorCategory": "Private railways"
      },
      "geometry": {
        "type": "LineString",
        "coordinates": [
          [
            135.27014,
            34.71279
          ],
          [
            135.26923,
            34.71257
          ]
        ]
      },
      "id": "N02-25-Station-2358"
    },
    {
      "type": "Feature",
      "properties": {
        "N02_001": "12",
        "N02_002": "4",
        "N02_003": "本線",
        "N02_004": "阪神電気鉄道",
        "N02_005": "西宮",
        "N02_005c": "006894",
        "N02_005g": "006894",
        "sourceRow": 2359,
        "operatorCategory": "Private railways"
      },
      "geometry": {
        "type": "LineString",
        "coordinates": [
          [
            135.33843,
            34.73682
          ],
          [
            135.34058,
            34.73654
          ]
        ]
      },
      "id": "N02-25-Station-2359"
    },
    {
      "type": "Feature",
      "properties": {
        "N02_001": "12",
        "N02_002": "4",
        "N02_003": "本線",
        "N02_004": "阪神電気鉄道",
        "N02_005": "住吉",
        "N02_005c": "007007",
        "N02_005g": "007007",
        "sourceRow": 2360,
        "operatorCategory": "Private railways"
      },
      "geometry": {
        "type": "LineString",
        "coordinates": [
          [
            135.2617,
            34.7129
          ],
          [
            135.26083,
            34.71321
          ]
        ]
      },
      "id": "N02-25-Station-2360"
    },
    {
      "type": "Feature",
      "properties": {
        "N02_001": "12",
        "N02_002": "4",
        "N02_003": "本線",
        "N02_004": "阪神電気鉄道",
        "N02_005": "芦屋",
        "N02_005c": "006936",
        "N02_005g": "006936",
        "sourceRow": 2361,
        "operatorCategory": "Private railways"
      },
      "geometry": {
        "type": "LineString",
        "coordinates": [
          [
            135.30409,
            34.728
          ],
          [
            135.30301,
            34.72754
          ]
        ]
      },
      "id": "N02-25-Station-2361"
    },
    {
      "type": "Feature",
      "properties": {
        "N02_001": "12",
        "N02_002": "4",
        "N02_003": "本線",
        "N02_004": "阪神電気鉄道",
        "N02_005": "香櫨園",
        "N02_005c": "006907",
        "N02_005g": "006907",
        "sourceRow": 2362,
        "operatorCategory": "Private railways"
      },
      "geometry": {
        "type": "LineString",
        "coordinates": [
          [
            135.32933,
            34.7344
          ],
          [
            135.32845,
            34.73423
          ]
        ]
      },
      "id": "N02-25-Station-2362"
    },
    {
      "type": "Feature",
      "properties": {
        "N02_001": "12",
        "N02_002": "4",
        "N02_003": "本線",
        "N02_004": "阪神電気鉄道",
        "N02_005": "深江",
        "N02_005c": "006963",
        "N02_005g": "006963",
        "sourceRow": 2363,
        "operatorCategory": "Private railways"
      },
      "geometry": {
        "type": "LineString",
        "coordinates": [
          [
            135.29194,
            34.72279
          ],
          [
            135.29096,
            34.72235
          ]
        ]
      },
      "id": "N02-25-Station-2363"
    },
    {
      "type": "Feature",
      "properties": {
        "N02_001": "12",
        "N02_002": "4",
        "N02_003": "本線",
        "N02_004": "阪神電気鉄道",
        "N02_005": "青木",
        "N02_005c": "006991",
        "N02_005g": "006991",
        "sourceRow": 2364,
        "operatorCategory": "Private railways"
      },
      "geometry": {
        "type": "LineString",
        "coordinates": [
          [
            135.28106,
            34.71729
          ],
          [
            135.28024,
            34.71667
          ]
        ]
      },
      "id": "N02-25-Station-2364"
    },
    {
      "type": "Feature",
      "properties": {
        "N02_001": "12",
        "N02_002": "4",
        "N02_003": "本線",
        "N02_004": "阪神電気鉄道",
        "N02_005": "武庫川",
        "N02_005c": "006980",
        "N02_005g": "006980",
        "sourceRow": 2365,
        "operatorCategory": "Private railways"
      },
      "geometry": {
        "type": "LineString",
        "coordinates": [
          [
            135.38155,
            34.71892
          ],
          [
            135.38276,
            34.71854
          ],
          [
            135.38305,
            34.71844
          ],
          [
            135.3831,
            34.71842
          ],
          [
            135.38391,
            34.71811
          ]
        ]
      },
      "id": "N02-25-Station-2365"
    },
    {
      "type": "Feature",
      "properties": {
        "N02_001": "12",
        "N02_002": "4",
        "N02_003": "本線",
        "N02_004": "阪神電気鉄道",
        "N02_005": "出屋敷",
        "N02_005c": "006987",
        "N02_005g": "006987",
        "sourceRow": 2366,
        "operatorCategory": "Private railways"
      },
      "geometry": {
        "type": "LineString",
        "coordinates": [
          [
            135.40413,
            34.71831
          ],
          [
            135.40509,
            34.71821
          ]
        ]
      },
      "id": "N02-25-Station-2366"
    },
    {
      "type": "Feature",
      "properties": {
        "N02_001": "12",
        "N02_002": "4",
        "N02_003": "本線",
        "N02_004": "阪神電気鉄道",
        "N02_005": "大物",
        "N02_005c": "006996",
        "N02_005g": "006996",
        "sourceRow": 2367,
        "operatorCategory": "Private railways"
      },
      "geometry": {
        "type": "LineString",
        "coordinates": [
          [
            135.42533,
            34.71669
          ],
          [
            135.42669,
            34.71661
          ]
        ]
      },
      "id": "N02-25-Station-2367"
    },
    {
      "type": "Feature",
      "properties": {
        "N02_001": "12",
        "N02_002": "4",
        "N02_003": "本線",
        "N02_004": "阪神電気鉄道",
        "N02_005": "尼崎センタープール前",
        "N02_005c": "006988",
        "N02_005g": "006988",
        "sourceRow": 2368,
        "operatorCategory": "Private railways"
      },
      "geometry": {
        "type": "LineString",
        "coordinates": [
          [
            135.39446,
            34.71759
          ],
          [
            135.39539,
            34.71793
          ],
          [
            135.39591,
            34.7181
          ]
        ]
      },
      "id": "N02-25-Station-2368"
    },
    {
      "type": "Feature",
      "properties": {
        "N02_001": "12",
        "N02_002": "4",
        "N02_003": "本線",
        "N02_004": "阪神電気鉄道",
        "N02_005": "杭瀬",
        "N02_005c": "006986",
        "N02_005g": "006986",
        "sourceRow": 2369,
        "operatorCategory": "Private railways"
      },
      "geometry": {
        "type": "LineString",
        "coordinates": [
          [
            135.43815,
            34.71857
          ],
          [
            135.43921,
            34.71805
          ]
        ]
      },
      "id": "N02-25-Station-2369"
    },
    {
      "type": "Feature",
      "properties": {
        "N02_001": "12",
        "N02_002": "4",
        "N02_003": "本線",
        "N02_004": "阪神電気鉄道",
        "N02_005": "千船",
        "N02_005c": "007014",
        "N02_005g": "007014",
        "sourceRow": 2370,
        "operatorCategory": "Private railways"
      },
      "geometry": {
        "type": "LineString",
        "coordinates": [
          [
            135.44501,
            34.71268
          ],
          [
            135.44569,
            34.71183
          ]
        ]
      },
      "id": "N02-25-Station-2370"
    },
    {
      "type": "Feature",
      "properties": {
        "N02_001": "12",
        "N02_002": "4",
        "N02_003": "本線",
        "N02_004": "阪神電気鉄道",
        "N02_005": "久寿川",
        "N02_005c": "006939",
        "N02_005g": "006939",
        "sourceRow": 2371,
        "operatorCategory": "Private railways"
      },
      "geometry": {
        "type": "LineString",
        "coordinates": [
          [
            135.3572,
            34.72681
          ],
          [
            135.35658,
            34.72723
          ]
        ]
      },
      "id": "N02-25-Station-2371"
    },
    {
      "type": "Feature",
      "properties": {
        "N02_001": "12",
        "N02_002": "4",
        "N02_003": "本線",
        "N02_004": "阪神電気鉄道",
        "N02_005": "尼崎",
        "N02_005c": "006982",
        "N02_005g": "006981",
        "sourceRow": 2372,
        "operatorCategory": "Private railways"
      },
      "geometry": {
        "type": "LineString",
        "coordinates": [
          [
            135.41675,
            34.71865
          ],
          [
            135.41788,
            34.71837
          ]
        ]
      },
      "id": "N02-25-Station-2372"
    },
    {
      "type": "Feature",
      "properties": {
        "N02_001": "12",
        "N02_002": "4",
        "N02_003": "本線",
        "N02_004": "阪神電気鉄道",
        "N02_005": "鳴尾・武庫川女子大前",
        "N02_005c": "006975",
        "N02_005g": "006975",
        "sourceRow": 2373,
        "operatorCategory": "Private railways"
      },
      "geometry": {
        "type": "LineString",
        "coordinates": [
          [
            135.37108,
            34.7195
          ],
          [
            135.37035,
            34.71968
          ],
          [
            135.36973,
            34.71987
          ]
        ]
      },
      "id": "N02-25-Station-2373"
    },
    {
      "type": "Feature",
      "properties": {
        "N02_001": "12",
        "N02_002": "4",
        "N02_003": "本線",
        "N02_004": "阪神電気鉄道",
        "N02_005": "今津",
        "N02_005c": "006925",
        "N02_005g": "006917",
        "sourceRow": 2374,
        "operatorCategory": "Private railways"
      },
      "geometry": {
        "type": "LineString",
        "coordinates": [
          [
            135.35211,
            34.7306
          ],
          [
            135.35136,
            34.73118
          ]
        ]
      },
      "id": "N02-25-Station-2374"
    },
    {
      "type": "Feature",
      "properties": {
        "N02_001": "12",
        "N02_002": "4",
        "N02_003": "本線",
        "N02_004": "阪神電気鉄道",
        "N02_005": "西灘",
        "N02_005c": "007047",
        "N02_005g": "007047",
        "sourceRow": 2375,
        "operatorCategory": "Private railways"
      },
      "geometry": {
        "type": "LineString",
        "coordinates": [
          [
            135.22498,
            34.7059
          ],
          [
            135.22369,
            34.70555
          ]
        ]
      },
      "id": "N02-25-Station-2375"
    },
    {
      "type": "Feature",
      "properties": {
        "N02_001": "12",
        "N02_002": "4",
        "N02_003": "本線",
        "N02_004": "阪神電気鉄道",
        "N02_005": "神戸三宮",
        "N02_005c": "007116",
        "N02_005g": "007120",
        "sourceRow": 2376,
        "operatorCategory": "Private railways"
      },
      "geometry": {
        "type": "LineString",
        "coordinates": [
          [
            135.19567,
            34.694
          ],
          [
            135.19504,
            34.69374
          ],
          [
            135.19499,
            34.69372
          ]
        ]
      },
      "id": "N02-25-Station-2376"
    },
    {
      "type": "Feature",
      "properties": {
        "N02_001": "12",
        "N02_002": "4",
        "N02_003": "本線",
        "N02_004": "阪神電気鉄道",
        "N02_005": "石屋川",
        "N02_005c": "007006",
        "N02_005g": "007006",
        "sourceRow": 2377,
        "operatorCategory": "Private railways"
      },
      "geometry": {
        "type": "LineString",
        "coordinates": [
          [
            135.24998,
            34.71349
          ],
          [
            135.24885,
            34.71315
          ]
        ]
      },
      "id": "N02-25-Station-2377"
    },
    {
      "type": "Feature",
      "properties": {
        "N02_001": "12",
        "N02_002": "4",
        "N02_003": "本線",
        "N02_004": "阪神電気鉄道",
        "N02_005": "岩屋",
        "N02_005c": "007058",
        "N02_005g": "007058",
        "sourceRow": 2378,
        "operatorCategory": "Private railways"
      },
      "geometry": {
        "type": "LineString",
        "coordinates": [
          [
            135.21925,
            34.70439
          ],
          [
            135.21773,
            34.70401
          ]
        ]
      },
      "id": "N02-25-Station-2378"
    },
    {
      "type": "Feature",
      "properties": {
        "N02_001": "12",
        "N02_002": "4",
        "N02_003": "本線",
        "N02_004": "阪神電気鉄道",
        "N02_005": "大石",
        "N02_005c": "007034",
        "N02_005g": "007034",
        "sourceRow": 2379,
        "operatorCategory": "Private railways"
      },
      "geometry": {
        "type": "LineString",
        "coordinates": [
          [
            135.23171,
            34.7079
          ],
          [
            135.23043,
            34.70751
          ]
        ]
      },
      "id": "N02-25-Station-2379"
    },
    {
      "type": "Feature",
      "properties": {
        "N02_001": "12",
        "N02_002": "4",
        "N02_003": "本線",
        "N02_004": "阪神電気鉄道",
        "N02_005": "御影",
        "N02_005c": "007003",
        "N02_005g": "007003",
        "sourceRow": 2380,
        "operatorCategory": "Private railways"
      },
      "geometry": {
        "type": "LineString",
        "coordinates": [
          [
            135.25609,
            34.71491
          ],
          [
            135.25587,
            34.71494
          ],
          [
            135.25561,
            34.71494
          ],
          [
            135.25536,
            34.71493
          ],
          [
            135.25514,
            34.7149
          ],
          [
            135.25498,
            34.71487
          ]
        ]
      },
      "id": "N02-25-Station-2380"
    },
    {
      "type": "Feature",
      "properties": {
        "N02_001": "12",
        "N02_002": "4",
        "N02_003": "本線",
        "N02_004": "阪神電気鉄道",
        "N02_005": "春日野道",
        "N02_005c": "007078",
        "N02_005g": "007078",
        "sourceRow": 2381,
        "operatorCategory": "Private railways"
      },
      "geometry": {
        "type": "LineString",
        "coordinates": [
          [
            135.20852,
            34.69977
          ],
          [
            135.20781,
            34.69947
          ]
        ]
      },
      "id": "N02-25-Station-2381"
    },
    {
      "type": "Feature",
      "properties": {
        "N02_001": "12",
        "N02_002": "4",
        "N02_003": "本線",
        "N02_004": "阪神電気鉄道",
        "N02_005": "元町",
        "N02_005c": "007161",
        "N02_005g": "007160",
        "sourceRow": 2382,
        "operatorCategory": "Private railways"
      },
      "geometry": {
        "type": "LineString",
        "coordinates": [
          [
            135.18728,
            34.68904
          ],
          [
            135.1866,
            34.68875
          ]
        ]
      },
      "id": "N02-25-Station-2382"
    },
    {
      "type": "Feature",
      "properties": {
        "N02_001": "12",
        "N02_002": "4",
        "N02_003": "本線",
        "N02_004": "阪神電気鉄道",
        "N02_005": "新在家",
        "N02_005c": "007020",
        "N02_005g": "007020",
        "sourceRow": 2383,
        "operatorCategory": "Private railways"
      },
      "geometry": {
        "type": "LineString",
        "coordinates": [
          [
            135.24102,
            34.71074
          ],
          [
            135.24012,
            34.71047
          ]
        ]
      },
      "id": "N02-25-Station-2383"
    },
    {
      "type": "Feature",
      "properties": {
        "N02_001": "12",
        "N02_002": "4",
        "N02_003": "本線",
        "N02_004": "山陽電気鉄道",
        "N02_005": "別府",
        "N02_005c": "006929",
        "N02_005g": "006929",
        "sourceRow": 2555,
        "operatorCategory": "Private railways"
      },
      "geometry": {
        "type": "LineString",
        "coordinates": [
          [
            134.85102,
            34.73005
          ],
          [
            134.85036,
            34.73044
          ]
        ]
      },
      "id": "N02-25-Station-2555"
    },
    {
      "type": "Feature",
      "properties": {
        "N02_001": "12",
        "N02_002": "4",
        "N02_003": "本線",
        "N02_004": "山陽電気鉄道",
        "N02_005": "山陽魚住",
        "N02_005c": "007155",
        "N02_005g": "007155",
        "sourceRow": 2556,
        "operatorCategory": "Private railways"
      },
      "geometry": {
        "type": "LineString",
        "coordinates": [
          [
            134.90233,
            34.6891
          ],
          [
            134.90172,
            34.68946
          ]
        ]
      },
      "id": "N02-25-Station-2556"
    },
    {
      "type": "Feature",
      "properties": {
        "N02_001": "12",
        "N02_002": "4",
        "N02_003": "本線",
        "N02_004": "山陽電気鉄道",
        "N02_005": "尾上の松",
        "N02_005c": "006840",
        "N02_005g": "006840",
        "sourceRow": 2557,
        "operatorCategory": "Private railways"
      },
      "geometry": {
        "type": "LineString",
        "coordinates": [
          [
            134.82127,
            34.74842
          ],
          [
            134.82059,
            34.74876
          ]
        ]
      },
      "id": "N02-25-Station-2557"
    },
    {
      "type": "Feature",
      "properties": {
        "N02_001": "12",
        "N02_002": "4",
        "N02_003": "本線",
        "N02_004": "山陽電気鉄道",
        "N02_005": "高砂",
        "N02_005c": "006825",
        "N02_005g": "006825",
        "sourceRow": 2560,
        "operatorCategory": "Private railways"
      },
      "geometry": {
        "type": "LineString",
        "coordinates": [
          [
            134.80279,
            34.75195
          ],
          [
            134.8023,
            34.75198
          ],
          [
            134.80199,
            34.75201
          ]
        ]
      },
      "id": "N02-25-Station-2560"
    },
    {
      "type": "Feature",
      "properties": {
        "N02_001": "12",
        "N02_002": "4",
        "N02_003": "本線",
        "N02_004": "山陽電気鉄道",
        "N02_005": "藤江",
        "N02_005c": "007352",
        "N02_005g": "007352",
        "sourceRow": 2562,
        "operatorCategory": "Private railways"
      },
      "geometry": {
        "type": "LineString",
        "coordinates": [
          [
            134.9479,
            34.6632
          ],
          [
            134.94729,
            34.66359
          ]
        ]
      },
      "id": "N02-25-Station-2562"
    },
    {
      "type": "Feature",
      "properties": {
        "N02_001": "12",
        "N02_002": "4",
        "N02_003": "本線",
        "N02_004": "山陽電気鉄道",
        "N02_005": "板宿",
        "N02_005c": "007372",
        "N02_005g": "007372",
        "sourceRow": 2563,
        "operatorCategory": "Private railways"
      },
      "geometry": {
        "type": "LineString",
        "coordinates": [
          [
            135.1338,
            34.66036
          ],
          [
            135.13357,
            34.66028
          ],
          [
            135.13338,
            34.6602
          ],
          [
            135.13321,
            34.66012
          ],
          [
            135.13303,
            34.66001
          ],
          [
            135.13283,
            34.65988
          ]
        ]
      },
      "id": "N02-25-Station-2563"
    },
    {
      "type": "Feature",
      "properties": {
        "N02_001": "12",
        "N02_002": "4",
        "N02_003": "本線",
        "N02_004": "山陽電気鉄道",
        "N02_005": "西代",
        "N02_005c": "007362",
        "N02_005g": "007361",
        "sourceRow": 2564,
        "operatorCategory": "Private railways"
      },
      "geometry": {
        "type": "LineString",
        "coordinates": [
          [
            135.14442,
            34.6627
          ],
          [
            135.14356,
            34.6621
          ]
        ]
      },
      "id": "N02-25-Station-2564"
    },
    {
      "type": "Feature",
      "properties": {
        "N02_001": "12",
        "N02_002": "4",
        "N02_003": "本線",
        "N02_004": "山陽電気鉄道",
        "N02_005": "播磨町",
        "N02_005c": "006995",
        "N02_005g": "006995",
        "sourceRow": 2566,
        "operatorCategory": "Private railways"
      },
      "geometry": {
        "type": "LineString",
        "coordinates": [
          [
            134.86835,
            34.7164
          ],
          [
            134.86791,
            34.71695
          ]
        ]
      },
      "id": "N02-25-Station-2566"
    },
    {
      "type": "Feature",
      "properties": {
        "N02_001": "12",
        "N02_002": "4",
        "N02_003": "本線",
        "N02_004": "山陽電気鉄道",
        "N02_005": "西江井ヶ島",
        "N02_005c": "007171",
        "N02_005g": "007171",
        "sourceRow": 2567,
        "operatorCategory": "Private railways"
      },
      "geometry": {
        "type": "LineString",
        "coordinates": [
          [
            134.90852,
            34.68554
          ],
          [
            134.90782,
            34.68592
          ]
        ]
      },
      "id": "N02-25-Station-2567"
    },
    {
      "type": "Feature",
      "properties": {
        "N02_001": "12",
        "N02_002": "4",
        "N02_003": "本線",
        "N02_004": "山陽電気鉄道",
        "N02_005": "西二見",
        "N02_005c": "007038",
        "N02_005g": "007038",
        "sourceRow": 2569,
        "operatorCategory": "Private railways"
      },
      "geometry": {
        "type": "LineString",
        "coordinates": [
          [
            134.87665,
            34.70746
          ],
          [
            134.87748,
            34.70691
          ]
        ]
      },
      "id": "N02-25-Station-2569"
    },
    {
      "type": "Feature",
      "properties": {
        "N02_001": "12",
        "N02_002": "4",
        "N02_003": "本線",
        "N02_004": "山陽電気鉄道",
        "N02_005": "中八木",
        "N02_005c": "007281",
        "N02_005g": "007281",
        "sourceRow": 2571,
        "operatorCategory": "Private railways"
      },
      "geometry": {
        "type": "LineString",
        "coordinates": [
          [
            134.93647,
            34.67059
          ],
          [
            134.93585,
            34.67101
          ]
        ]
      },
      "id": "N02-25-Station-2571"
    },
    {
      "type": "Feature",
      "properties": {
        "N02_001": "12",
        "N02_002": "4",
        "N02_003": "本線",
        "N02_004": "山陽電気鉄道",
        "N02_005": "浜の宮",
        "N02_005c": "006871",
        "N02_005g": "006871",
        "sourceRow": 2572,
        "operatorCategory": "Private railways"
      },
      "geometry": {
        "type": "LineString",
        "coordinates": [
          [
            134.83429,
            34.74063
          ],
          [
            134.83366,
            34.74104
          ]
        ]
      },
      "id": "N02-25-Station-2572"
    },
    {
      "type": "Feature",
      "properties": {
        "N02_001": "12",
        "N02_002": "4",
        "N02_003": "本線",
        "N02_004": "山陽電気鉄道",
        "N02_005": "江井ヶ島",
        "N02_005c": "007227",
        "N02_005g": "007227",
        "sourceRow": 2573,
        "operatorCategory": "Private railways"
      },
      "geometry": {
        "type": "LineString",
        "coordinates": [
          [
            134.92024,
            34.67885
          ],
          [
            134.91961,
            34.67919
          ]
        ]
      },
      "id": "N02-25-Station-2573"
    },
    {
      "type": "Feature",
      "properties": {
        "N02_001": "12",
        "N02_002": "4",
        "N02_003": "本線",
        "N02_004": "山陽電気鉄道",
        "N02_005": "東二見",
        "N02_005c": "007076",
        "N02_005g": "007076",
        "sourceRow": 2575,
        "operatorCategory": "Private railways"
      },
      "geometry": {
        "type": "LineString",
        "coordinates": [
          [
            134.8885,
            34.69995
          ],
          [
            134.88755,
            34.70055
          ]
        ]
      },
      "id": "N02-25-Station-2575"
    },
    {
      "type": "Feature",
      "properties": {
        "N02_001": "12",
        "N02_002": "4",
        "N02_003": "本線",
        "N02_004": "山陽電気鉄道",
        "N02_005": "西新町",
        "N02_005c": "007426",
        "N02_005g": "007426",
        "sourceRow": 2580,
        "operatorCategory": "Private railways"
      },
      "geometry": {
        "type": "LineString",
        "coordinates": [
          [
            134.98118,
            34.64963
          ],
          [
            134.98043,
            34.64952
          ]
        ]
      },
      "id": "N02-25-Station-2580"
    },
    {
      "type": "Feature",
      "properties": {
        "N02_001": "12",
        "N02_002": "4",
        "N02_003": "本線",
        "N02_004": "山陽電気鉄道",
        "N02_005": "須磨浦公園",
        "N02_005c": "007480",
        "N02_005g": "007480",
        "sourceRow": 2581,
        "operatorCategory": "Private railways"
      },
      "geometry": {
        "type": "LineString",
        "coordinates": [
          [
            135.10071,
            34.63818
          ],
          [
            135.09973,
            34.63769
          ]
        ]
      },
      "id": "N02-25-Station-2581"
    },
    {
      "type": "Feature",
      "properties": {
        "N02_001": "12",
        "N02_002": "4",
        "N02_003": "本線",
        "N02_004": "山陽電気鉄道",
        "N02_005": "月見山",
        "N02_005c": "007420",
        "N02_005g": "007420",
        "sourceRow": 2582,
        "operatorCategory": "Private railways"
      },
      "geometry": {
        "type": "LineString",
        "coordinates": [
          [
            135.12247,
            34.65047
          ],
          [
            135.12222,
            34.65027
          ],
          [
            135.12177,
            34.6499
          ]
        ]
      },
      "id": "N02-25-Station-2582"
    },
    {
      "type": "Feature",
      "properties": {
        "N02_001": "12",
        "N02_002": "4",
        "N02_003": "本線",
        "N02_004": "山陽電気鉄道",
        "N02_005": "山陽垂水",
        "N02_005c": "007512",
        "N02_005g": "007512",
        "sourceRow": 2583,
        "operatorCategory": "Private railways"
      },
      "geometry": {
        "type": "LineString",
        "coordinates": [
          [
            135.05431,
            34.62938
          ],
          [
            135.05317,
            34.62929
          ]
        ]
      },
      "id": "N02-25-Station-2583"
    },
    {
      "type": "Feature",
      "properties": {
        "N02_001": "12",
        "N02_002": "4",
        "N02_003": "本線",
        "N02_004": "山陽電気鉄道",
        "N02_005": "大蔵谷",
        "N02_005c": "007444",
        "N02_005g": "007444",
        "sourceRow": 2584,
        "operatorCategory": "Private railways"
      },
      "geometry": {
        "type": "LineString",
        "coordinates": [
          [
            135.00882,
            34.64645
          ],
          [
            135.00799,
            34.64672
          ]
        ]
      },
      "id": "N02-25-Station-2584"
    },
    {
      "type": "Feature",
      "properties": {
        "N02_001": "12",
        "N02_002": "4",
        "N02_003": "本線",
        "N02_004": "山陽電気鉄道",
        "N02_005": "人丸前",
        "N02_005c": "007437",
        "N02_005g": "007437",
        "sourceRow": 2585,
        "operatorCategory": "Private railways"
      },
      "geometry": {
        "type": "LineString",
        "coordinates": [
          [
            135.00303,
            34.64749
          ],
          [
            135.00217,
            34.6476
          ]
        ]
      },
      "id": "N02-25-Station-2585"
    },
    {
      "type": "Feature",
      "properties": {
        "N02_001": "12",
        "N02_002": "4",
        "N02_003": "本線",
        "N02_004": "山陽電気鉄道",
        "N02_005": "舞子公園",
        "N02_005c": "007492",
        "N02_005g": "007492",
        "sourceRow": 2586,
        "operatorCategory": "Private railways"
      },
      "geometry": {
        "type": "LineString",
        "coordinates": [
          [
            135.03435,
            34.63415
          ],
          [
            135.03336,
            34.6343
          ]
        ]
      },
      "id": "N02-25-Station-2586"
    },
    {
      "type": "Feature",
      "properties": {
        "N02_001": "12",
        "N02_002": "4",
        "N02_003": "本線",
        "N02_004": "山陽電気鉄道",
        "N02_005": "滝の茶屋",
        "N02_005c": "007504",
        "N02_005g": "007504",
        "sourceRow": 2587,
        "operatorCategory": "Private railways"
      },
      "geometry": {
        "type": "LineString",
        "coordinates": [
          [
            135.07334,
            34.63135
          ],
          [
            135.0725,
            34.63112
          ]
        ]
      },
      "id": "N02-25-Station-2587"
    },
    {
      "type": "Feature",
      "properties": {
        "N02_001": "12",
        "N02_002": "4",
        "N02_003": "本線",
        "N02_004": "山陽電気鉄道",
        "N02_005": "東須磨",
        "N02_005c": "007400",
        "N02_005g": "007400",
        "sourceRow": 2588,
        "operatorCategory": "Private railways"
      },
      "geometry": {
        "type": "LineString",
        "coordinates": [
          [
            135.12786,
            34.65555
          ],
          [
            135.12711,
            34.65488
          ]
        ]
      },
      "id": "N02-25-Station-2588"
    },
    {
      "type": "Feature",
      "properties": {
        "N02_001": "12",
        "N02_002": "4",
        "N02_003": "本線",
        "N02_004": "山陽電気鉄道",
        "N02_005": "山陽明石",
        "N02_005c": "007429",
        "N02_005g": "007429",
        "sourceRow": 2589,
        "operatorCategory": "Private railways"
      },
      "geometry": {
        "type": "LineString",
        "coordinates": [
          [
            134.99404,
            34.64869
          ],
          [
            134.99223,
            34.64887
          ],
          [
            134.99186,
            34.64891
          ]
        ]
      },
      "id": "N02-25-Station-2589"
    },
    {
      "type": "Feature",
      "properties": {
        "N02_001": "12",
        "N02_002": "4",
        "N02_003": "本線",
        "N02_004": "山陽電気鉄道",
        "N02_005": "須磨寺",
        "N02_005c": "007449",
        "N02_005g": "007449",
        "sourceRow": 2590,
        "operatorCategory": "Private railways"
      },
      "geometry": {
        "type": "LineString",
        "coordinates": [
          [
            135.11641,
            34.64633
          ],
          [
            135.11607,
            34.64572
          ]
        ]
      },
      "id": "N02-25-Station-2590"
    },
    {
      "type": "Feature",
      "properties": {
        "N02_001": "12",
        "N02_002": "4",
        "N02_003": "本線",
        "N02_004": "山陽電気鉄道",
        "N02_005": "霞ヶ丘",
        "N02_005c": "007508",
        "N02_005g": "007508",
        "sourceRow": 2591,
        "operatorCategory": "Private railways"
      },
      "geometry": {
        "type": "LineString",
        "coordinates": [
          [
            135.04313,
            34.63
          ],
          [
            135.04231,
            34.63065
          ]
        ]
      },
      "id": "N02-25-Station-2591"
    },
    {
      "type": "Feature",
      "properties": {
        "N02_001": "12",
        "N02_002": "4",
        "N02_003": "本線",
        "N02_004": "山陽電気鉄道",
        "N02_005": "山陽須磨",
        "N02_005c": "007457",
        "N02_005g": "007457",
        "sourceRow": 2592,
        "operatorCategory": "Private railways"
      },
      "geometry": {
        "type": "LineString",
        "coordinates": [
          [
            135.11294,
            34.64369
          ],
          [
            135.11169,
            34.64346
          ]
        ]
      },
      "id": "N02-25-Station-2592"
    },
    {
      "type": "Feature",
      "properties": {
        "N02_001": "12",
        "N02_002": "4",
        "N02_003": "本線",
        "N02_004": "山陽電気鉄道",
        "N02_005": "東垂水",
        "N02_005c": "007511",
        "N02_005g": "007511",
        "sourceRow": 2593,
        "operatorCategory": "Private railways"
      },
      "geometry": {
        "type": "LineString",
        "coordinates": [
          [
            135.06398,
            34.62944
          ],
          [
            135.0632,
            34.62931
          ]
        ]
      },
      "id": "N02-25-Station-2593"
    },
    {
      "type": "Feature",
      "properties": {
        "N02_001": "12",
        "N02_002": "4",
        "N02_003": "本線",
        "N02_004": "山陽電気鉄道",
        "N02_005": "林崎松江海岸",
        "N02_005c": "007415",
        "N02_005g": "007415",
        "sourceRow": 2594,
        "operatorCategory": "Private railways"
      },
      "geometry": {
        "type": "LineString",
        "coordinates": [
          [
            134.96538,
            34.6521
          ],
          [
            134.96478,
            34.65246
          ]
        ]
      },
      "id": "N02-25-Station-2594"
    },
    {
      "type": "Feature",
      "properties": {
        "N02_001": "12",
        "N02_002": "4",
        "N02_003": "本線",
        "N02_004": "山陽電気鉄道",
        "N02_005": "山陽塩屋",
        "N02_005c": "007496",
        "N02_005g": "007496",
        "sourceRow": 2595,
        "operatorCategory": "Private railways"
      },
      "geometry": {
        "type": "LineString",
        "coordinates": [
          [
            135.0824,
            34.63373
          ],
          [
            135.08168,
            34.6335
          ]
        ]
      },
      "id": "N02-25-Station-2595"
    },
    {
      "type": "Feature",
      "properties": {
        "N02_001": "12",
        "N02_002": "4",
        "N02_003": "本線",
        "N02_004": "山陽電気鉄道",
        "N02_005": "西舞子",
        "N02_005c": "007474",
        "N02_005g": "007474",
        "sourceRow": 2596,
        "operatorCategory": "Private railways"
      },
      "geometry": {
        "type": "LineString",
        "coordinates": [
          [
            135.02854,
            34.63844
          ],
          [
            135.02772,
            34.63896
          ]
        ]
      },
      "id": "N02-25-Station-2596"
    },
    {
      "type": "Feature",
      "properties": {
        "N02_001": "12",
        "N02_002": "3",
        "N02_003": "海岸線",
        "N02_004": "神戸市",
        "N02_005": "ハーバーランド",
        "N02_005c": "007238",
        "N02_005g": "007238",
        "sourceRow": 3262,
        "operatorCategory": "Public railways"
      },
      "geometry": {
        "type": "LineString",
        "coordinates": [
          [
            135.17843,
            34.67775
          ],
          [
            135.17866,
            34.67841
          ]
        ]
      },
      "id": "N02-25-Station-3262"
    },
    {
      "type": "Feature",
      "properties": {
        "N02_001": "12",
        "N02_002": "3",
        "N02_003": "海岸線",
        "N02_004": "神戸市",
        "N02_005": "中央市場前",
        "N02_005c": "007324",
        "N02_005g": "007324",
        "sourceRow": 3263,
        "operatorCategory": "Public railways"
      },
      "geometry": {
        "type": "LineString",
        "coordinates": [
          [
            135.1759,
            34.66667
          ],
          [
            135.17586,
            34.66532
          ]
        ]
      },
      "id": "N02-25-Station-3263"
    },
    {
      "type": "Feature",
      "properties": {
        "N02_001": "12",
        "N02_002": "3",
        "N02_003": "海岸線",
        "N02_004": "神戸市",
        "N02_005": "三宮・花時計前",
        "N02_005c": "007139",
        "N02_005g": "007139",
        "sourceRow": 3264,
        "operatorCategory": "Public railways"
      },
      "geometry": {
        "type": "LineString",
        "coordinates": [
          [
            135.19561,
            34.69166
          ],
          [
            135.19634,
            34.69195
          ]
        ]
      },
      "id": "N02-25-Station-3264"
    },
    {
      "type": "Feature",
      "properties": {
        "N02_001": "12",
        "N02_002": "3",
        "N02_003": "海岸線",
        "N02_004": "神戸市",
        "N02_005": "旧居留地・大丸前",
        "N02_005c": "007152",
        "N02_005g": "007152",
        "sourceRow": 3265,
        "operatorCategory": "Public railways"
      },
      "geometry": {
        "type": "LineString",
        "coordinates": [
          [
            135.19006,
            34.6893
          ],
          [
            135.19058,
            34.6896
          ],
          [
            135.19074,
            34.68967
          ]
        ]
      },
      "id": "N02-25-Station-3265"
    },
    {
      "type": "Feature",
      "properties": {
        "N02_001": "12",
        "N02_002": "3",
        "N02_003": "海岸線",
        "N02_004": "神戸市",
        "N02_005": "みなと元町",
        "N02_005c": "007170",
        "N02_005g": "007170",
        "sourceRow": 3266,
        "operatorCategory": "Public railways"
      },
      "geometry": {
        "type": "LineString",
        "coordinates": [
          [
            135.18355,
            34.68563
          ],
          [
            135.18427,
            34.68607
          ]
        ]
      },
      "id": "N02-25-Station-3266"
    },
    {
      "type": "Feature",
      "properties": {
        "N02_001": "12",
        "N02_002": "3",
        "N02_003": "海岸線",
        "N02_004": "神戸市",
        "N02_005": "御崎公園",
        "N02_005c": "007404",
        "N02_005g": "007404",
        "sourceRow": 3267,
        "operatorCategory": "Public railways"
      },
      "geometry": {
        "type": "LineString",
        "coordinates": [
          [
            135.16616,
            34.65487
          ],
          [
            135.16437,
            34.65457
          ]
        ]
      },
      "id": "N02-25-Station-3267"
    },
    {
      "type": "Feature",
      "properties": {
        "N02_001": "12",
        "N02_002": "3",
        "N02_003": "海岸線",
        "N02_004": "神戸市",
        "N02_005": "新長田",
        "N02_005c": "007393",
        "N02_005g": "007386",
        "sourceRow": 3268,
        "operatorCategory": "Public railways"
      },
      "geometry": {
        "type": "LineString",
        "coordinates": [
          [
            135.14579,
            34.65598
          ],
          [
            135.14482,
            34.65696
          ]
        ]
      },
      "id": "N02-25-Station-3268"
    },
    {
      "type": "Feature",
      "properties": {
        "N02_001": "12",
        "N02_002": "3",
        "N02_003": "海岸線",
        "N02_004": "神戸市",
        "N02_005": "和田岬",
        "N02_005c": "007385",
        "N02_005g": "007385",
        "sourceRow": 3269,
        "operatorCategory": "Public railways"
      },
      "geometry": {
        "type": "LineString",
        "coordinates": [
          [
            135.17681,
            34.65873
          ],
          [
            135.1753,
            34.65714
          ]
        ]
      },
      "id": "N02-25-Station-3269"
    },
    {
      "type": "Feature",
      "properties": {
        "N02_001": "12",
        "N02_002": "3",
        "N02_003": "海岸線",
        "N02_004": "神戸市",
        "N02_005": "苅藻",
        "N02_005c": "007410",
        "N02_005g": "007410",
        "sourceRow": 3270,
        "operatorCategory": "Public railways"
      },
      "geometry": {
        "type": "LineString",
        "coordinates": [
          [
            135.1575,
            34.65399
          ],
          [
            135.15583,
            34.65344
          ]
        ]
      },
      "id": "N02-25-Station-3270"
    },
    {
      "type": "Feature",
      "properties": {
        "N02_001": "12",
        "N02_002": "3",
        "N02_003": "海岸線",
        "N02_004": "神戸市",
        "N02_005": "駒ヶ林",
        "N02_005c": "007416",
        "N02_005g": "007416",
        "sourceRow": 3271,
        "operatorCategory": "Public railways"
      },
      "geometry": {
        "type": "LineString",
        "coordinates": [
          [
            135.14996,
            34.65171
          ],
          [
            135.14902,
            34.65274
          ]
        ]
      },
      "id": "N02-25-Station-3271"
    },
    {
      "type": "Feature",
      "properties": {
        "N02_001": "12",
        "N02_002": "3",
        "N02_003": "山手線",
        "N02_004": "神戸市",
        "N02_005": "県庁前",
        "N02_005c": "007145",
        "N02_005g": "007145",
        "sourceRow": 3272,
        "operatorCategory": "Public railways"
      },
      "geometry": {
        "type": "LineString",
        "coordinates": [
          [
            135.18433,
            34.69118
          ],
          [
            135.18424,
            34.69113
          ],
          [
            135.184,
            34.69101
          ],
          [
            135.18385,
            34.69091
          ],
          [
            135.18364,
            34.69074
          ]
        ]
      },
      "id": "N02-25-Station-3272"
    },
    {
      "type": "Feature",
      "properties": {
        "N02_001": "12",
        "N02_002": "3",
        "N02_003": "山手線",
        "N02_004": "神戸市",
        "N02_005": "上沢",
        "N02_005c": "007273",
        "N02_005g": "007273",
        "sourceRow": 3273,
        "operatorCategory": "Public railways"
      },
      "geometry": {
        "type": "LineString",
        "coordinates": [
          [
            135.15906,
            34.6737
          ],
          [
            135.15849,
            34.67331
          ]
        ]
      },
      "id": "N02-25-Station-3273"
    },
    {
      "type": "Feature",
      "properties": {
        "N02_001": "12",
        "N02_002": "3",
        "N02_003": "山手線",
        "N02_004": "神戸市",
        "N02_005": "湊川公園",
        "N02_005c": "007231",
        "N02_005g": "007231",
        "sourceRow": 3274,
        "operatorCategory": "Public railways"
      },
      "geometry": {
        "type": "LineString",
        "coordinates": [
          [
            135.16692,
            34.67901
          ],
          [
            135.16633,
            34.67861
          ]
        ]
      },
      "id": "N02-25-Station-3274"
    },
    {
      "type": "Feature",
      "properties": {
        "N02_001": "12",
        "N02_002": "3",
        "N02_003": "山手線",
        "N02_004": "神戸市",
        "N02_005": "大倉山",
        "N02_005c": "007179",
        "N02_005g": "007179",
        "sourceRow": 3275,
        "operatorCategory": "Public railways"
      },
      "geometry": {
        "type": "LineString",
        "coordinates": [
          [
            135.17488,
            34.68495
          ],
          [
            135.17447,
            34.68445
          ]
        ]
      },
      "id": "N02-25-Station-3275"
    },
    {
      "type": "Feature",
      "properties": {
        "N02_001": "12",
        "N02_002": "3",
        "N02_003": "山手線",
        "N02_004": "神戸市",
        "N02_005": "三宮",
        "N02_005c": "007115",
        "N02_005g": "007108",
        "sourceRow": 3276,
        "operatorCategory": "Public railways"
      },
      "geometry": {
        "type": "LineString",
        "coordinates": [
          [
            135.19273,
            34.69404
          ],
          [
            135.1921,
            34.69373
          ]
        ]
      },
      "id": "N02-25-Station-3276"
    },
    {
      "type": "Feature",
      "properties": {
        "N02_001": "12",
        "N02_002": "3",
        "N02_003": "山手線",
        "N02_004": "神戸市",
        "N02_005": "長田",
        "N02_005c": "007295",
        "N02_005g": "007295",
        "sourceRow": 3277,
        "operatorCategory": "Public railways"
      },
      "geometry": {
        "type": "LineString",
        "coordinates": [
          [
            135.15161,
            34.66859
          ],
          [
            135.15099,
            34.6682
          ]
        ]
      },
      "id": "N02-25-Station-3277"
    },
    {
      "type": "Feature",
      "properties": {
        "N02_001": "12",
        "N02_002": "3",
        "N02_003": "山手線",
        "N02_004": "神戸市",
        "N02_005": "新神戸",
        "N02_005c": "007054",
        "N02_005g": "007054",
        "sourceRow": 3278,
        "operatorCategory": "Public railways"
      },
      "geometry": {
        "type": "LineString",
        "coordinates": [
          [
            135.19571,
            34.70498
          ],
          [
            135.19561,
            34.70439
          ]
        ]
      },
      "id": "N02-25-Station-3278"
    },
    {
      "type": "Feature",
      "properties": {
        "N02_001": "12",
        "N02_002": "3",
        "N02_003": "山手線",
        "N02_004": "神戸市",
        "N02_005": "新長田",
        "N02_005c": "007383",
        "N02_005g": "007386",
        "sourceRow": 3279,
        "operatorCategory": "Public railways"
      },
      "geometry": {
        "type": "LineString",
        "coordinates": [
          [
            135.14601,
            34.65849
          ],
          [
            135.1453,
            34.65814
          ]
        ]
      },
      "id": "N02-25-Station-3279"
    },
    {
      "type": "Feature",
      "properties": {
        "N02_001": "12",
        "N02_002": "3",
        "N02_003": "西神延伸線",
        "N02_004": "神戸市",
        "N02_005": "総合運動公園",
        "N02_005c": "007199",
        "N02_005g": "007199",
        "sourceRow": 3280,
        "operatorCategory": "Public railways"
      },
      "geometry": {
        "type": "LineString",
        "coordinates": [
          [
            135.07474,
            34.68178
          ],
          [
            135.07552,
            34.68161
          ],
          [
            135.07589,
            34.68154
          ]
        ]
      },
      "id": "N02-25-Station-3280"
    },
    {
      "type": "Feature",
      "properties": {
        "N02_001": "12",
        "N02_002": "3",
        "N02_003": "西神延伸線",
        "N02_004": "神戸市",
        "N02_005": "西神南",
        "N02_005c": "007081",
        "N02_005g": "007081",
        "sourceRow": 3281,
        "operatorCategory": "Public railways"
      },
      "geometry": {
        "type": "LineString",
        "coordinates": [
          [
            135.02996,
            34.69966
          ],
          [
            135.03043,
            34.69914
          ]
        ]
      },
      "id": "N02-25-Station-3281"
    },
    {
      "type": "Feature",
      "properties": {
        "N02_001": "12",
        "N02_002": "3",
        "N02_003": "西神延伸線",
        "N02_004": "神戸市",
        "N02_005": "名谷",
        "N02_005c": "007222",
        "N02_005g": "007222",
        "sourceRow": 3282,
        "operatorCategory": "Public railways"
      },
      "geometry": {
        "type": "LineString",
        "coordinates": [
          [
            135.09516,
            34.67927
          ],
          [
            135.0936,
            34.67926
          ]
        ]
      },
      "id": "N02-25-Station-3282"
    },
    {
      "type": "Feature",
      "properties": {
        "N02_001": "12",
        "N02_002": "3",
        "N02_003": "西神延伸線",
        "N02_004": "神戸市",
        "N02_005": "学園都市",
        "N02_005c": "007204",
        "N02_005g": "007204",
        "sourceRow": 3283,
        "operatorCategory": "Public railways"
      },
      "geometry": {
        "type": "LineString",
        "coordinates": [
          [
            135.05818,
            34.68139
          ],
          [
            135.05708,
            34.68145
          ],
          [
            135.05676,
            34.68147
          ]
        ]
      },
      "id": "N02-25-Station-3283"
    },
    {
      "type": "Feature",
      "properties": {
        "N02_001": "12",
        "N02_002": "3",
        "N02_003": "西神延伸線",
        "N02_004": "神戸市",
        "N02_005": "西神中央",
        "N02_005c": "006972",
        "N02_005g": "006972",
        "sourceRow": 3284,
        "operatorCategory": "Public railways"
      },
      "geometry": {
        "type": "LineString",
        "coordinates": [
          [
            135.01708,
            34.72031
          ],
          [
            135.01724,
            34.71966
          ]
        ]
      },
      "id": "N02-25-Station-3284"
    },
    {
      "type": "Feature",
      "properties": {
        "N02_001": "12",
        "N02_002": "3",
        "N02_003": "西神延伸線",
        "N02_004": "神戸市",
        "N02_005": "伊川谷",
        "N02_005c": "007165",
        "N02_005g": "007165",
        "sourceRow": 3285,
        "operatorCategory": "Public railways"
      },
      "geometry": {
        "type": "LineString",
        "coordinates": [
          [
            135.04074,
            34.6883
          ],
          [
            135.04122,
            34.68795
          ],
          [
            135.04206,
            34.68735
          ]
        ]
      },
      "id": "N02-25-Station-3285"
    },
    {
      "type": "Feature",
      "properties": {
        "N02_001": "12",
        "N02_002": "3",
        "N02_003": "西神線",
        "N02_004": "神戸市",
        "N02_005": "板宿",
        "N02_005c": "007373",
        "N02_005g": "007372",
        "sourceRow": 3286,
        "operatorCategory": "Public railways"
      },
      "geometry": {
        "type": "LineString",
        "coordinates": [
          [
            135.1345,
            34.6599
          ],
          [
            135.13409,
            34.66034
          ]
        ]
      },
      "id": "N02-25-Station-3286"
    },
    {
      "type": "Feature",
      "properties": {
        "N02_001": "12",
        "N02_002": "3",
        "N02_003": "西神線",
        "N02_004": "神戸市",
        "N02_005": "妙法寺",
        "N02_005c": "007257",
        "N02_005g": "007257",
        "sourceRow": 3287,
        "operatorCategory": "Public railways"
      },
      "geometry": {
        "type": "LineString",
        "coordinates": [
          [
            135.10995,
            34.67512
          ],
          [
            135.11078,
            34.67488
          ]
        ]
      },
      "id": "N02-25-Station-3287"
    },
    {
      "type": "Feature",
      "properties": {
        "N02_001": "12",
        "N02_002": "3",
        "N02_003": "西神線",
        "N02_004": "神戸市",
        "N02_005": "新長田",
        "N02_005c": "007384",
        "N02_005g": "007386",
        "sourceRow": 3288,
        "operatorCategory": "Public railways"
      },
      "geometry": {
        "type": "LineString",
        "coordinates": [
          [
            135.14601,
            34.65849
          ],
          [
            135.1453,
            34.65814
          ]
        ]
      },
      "id": "N02-25-Station-3288"
    },
    {
      "type": "Feature",
      "properties": {
        "N02_001": "12",
        "N02_002": "3",
        "N02_003": "西神線",
        "N02_004": "神戸市",
        "N02_005": "名谷",
        "N02_005c": "007223",
        "N02_005g": "007222",
        "sourceRow": 3289,
        "operatorCategory": "Public railways"
      },
      "geometry": {
        "type": "LineString",
        "coordinates": [
          [
            135.09516,
            34.67927
          ],
          [
            135.0936,
            34.67926
          ]
        ]
      },
      "id": "N02-25-Station-3289"
    },
    {
      "type": "Feature",
      "properties": {
        "N02_001": "13",
        "N02_002": "4",
        "N02_003": "摩耶ケーブル線",
        "N02_004": "こうべ未来都市機構",
        "N02_005": "虹",
        "N02_005c": "006940",
        "N02_005g": "006940",
        "sourceRow": 3290,
        "operatorCategory": "Private railways"
      },
      "geometry": {
        "type": "LineString",
        "coordinates": [
          [
            135.21252,
            34.72682
          ],
          [
            135.2122,
            34.7272
          ]
        ]
      },
      "id": "N02-25-Station-3290"
    },
    {
      "type": "Feature",
      "properties": {
        "N02_001": "13",
        "N02_002": "4",
        "N02_003": "摩耶ケーブル線",
        "N02_004": "こうべ未来都市機構",
        "N02_005": "摩耶ケーブル",
        "N02_005c": "006971",
        "N02_005g": "006971",
        "sourceRow": 3291,
        "operatorCategory": "Private railways"
      },
      "geometry": {
        "type": "LineString",
        "coordinates": [
          [
            135.21617,
            34.71992
          ],
          [
            135.21584,
            34.72026
          ]
        ]
      },
      "id": "N02-25-Station-3291"
    },
    {
      "type": "Feature",
      "properties": {
        "N02_001": "24",
        "N02_002": "5",
        "N02_003": "六甲アイランド線",
        "N02_004": "神戸新交通",
        "N02_005": "アイランドセンター",
        "N02_005c": "007158",
        "N02_005g": "007158",
        "sourceRow": 3292,
        "operatorCategory": "Third-sector railways"
      },
      "geometry": {
        "type": "LineString",
        "coordinates": [
          [
            135.26935,
            34.6888
          ],
          [
            135.26924,
            34.68947
          ]
        ]
      },
      "id": "N02-25-Station-3292"
    },
    {
      "type": "Feature",
      "properties": {
        "N02_001": "16",
        "N02_002": "5",
        "N02_003": "六甲アイランド線",
        "N02_004": "神戸新交通",
        "N02_005": "アイランド北口",
        "N02_005c": "007126",
        "N02_005g": "007126",
        "sourceRow": 3293,
        "operatorCategory": "Third-sector railways"
      },
      "geometry": {
        "type": "LineString",
        "coordinates": [
          [
            135.26873,
            34.69264
          ],
          [
            135.26872,
            34.69297
          ],
          [
            135.26872,
            34.6932
          ]
        ]
      },
      "id": "N02-25-Station-3293"
    },
    {
      "type": "Feature",
      "properties": {
        "N02_001": "24",
        "N02_002": "5",
        "N02_003": "六甲アイランド線",
        "N02_004": "神戸新交通",
        "N02_005": "魚崎",
        "N02_005c": "007005",
        "N02_005g": "007005",
        "sourceRow": 3294,
        "operatorCategory": "Third-sector railways"
      },
      "geometry": {
        "type": "LineString",
        "coordinates": [
          [
            135.26865,
            34.71333
          ],
          [
            135.26861,
            34.71397
          ]
        ]
      },
      "id": "N02-25-Station-3294"
    },
    {
      "type": "Feature",
      "properties": {
        "N02_001": "16",
        "N02_002": "5",
        "N02_003": "六甲アイランド線",
        "N02_004": "神戸新交通",
        "N02_005": "南魚崎",
        "N02_005c": "007042",
        "N02_005g": "007042",
        "sourceRow": 3295,
        "operatorCategory": "Third-sector railways"
      },
      "geometry": {
        "type": "LineString",
        "coordinates": [
          [
            135.26743,
            34.70647
          ],
          [
            135.26781,
            34.70704
          ]
        ]
      },
      "id": "N02-25-Station-3295"
    },
    {
      "type": "Feature",
      "properties": {
        "N02_001": "24",
        "N02_002": "5",
        "N02_003": "六甲アイランド線",
        "N02_004": "神戸新交通",
        "N02_005": "マリンパーク",
        "N02_005c": "007181",
        "N02_005g": "007181",
        "sourceRow": 3296,
        "operatorCategory": "Third-sector railways"
      },
      "geometry": {
        "type": "LineString",
        "coordinates": [
          [
            135.27015,
            34.68388
          ],
          [
            135.27004,
            34.68456
          ]
        ]
      },
      "id": "N02-25-Station-3296"
    },
    {
      "type": "Feature",
      "properties": {
        "N02_001": "24",
        "N02_002": "5",
        "N02_003": "六甲アイランド線",
        "N02_004": "神戸新交通",
        "N02_005": "住吉",
        "N02_005c": "006978",
        "N02_005g": "006974",
        "sourceRow": 3297,
        "operatorCategory": "Third-sector railways"
      },
      "geometry": {
        "type": "LineString",
        "coordinates": [
          [
            135.26276,
            34.71954
          ],
          [
            135.26177,
            34.7193
          ]
        ]
      },
      "id": "N02-25-Station-3297"
    },
    {
      "type": "Feature",
      "properties": {
        "N02_001": "12",
        "N02_002": "4",
        "N02_003": "粟生線",
        "N02_004": "神戸電鉄",
        "N02_005": "鈴蘭台",
        "N02_005c": "006957",
        "N02_005g": "006957",
        "sourceRow": 3298,
        "operatorCategory": "Private railways"
      },
      "geometry": {
        "type": "LineString",
        "coordinates": [
          [
            135.14583,
            34.7241
          ],
          [
            135.14593,
            34.72317
          ]
        ]
      },
      "id": "N02-25-Station-3298"
    },
    {
      "type": "Feature",
      "properties": {
        "N02_001": "12",
        "N02_002": "4",
        "N02_003": "粟生線",
        "N02_004": "神戸電鉄",
        "N02_005": "小野",
        "N02_005c": "006457",
        "N02_005g": "006457",
        "sourceRow": 3299,
        "operatorCategory": "Private railways"
      },
      "geometry": {
        "type": "LineString",
        "coordinates": [
          [
            134.93451,
            34.84289
          ],
          [
            134.93394,
            34.84338
          ]
        ]
      },
      "id": "N02-25-Station-3299"
    },
    {
      "type": "Feature",
      "properties": {
        "N02_001": "12",
        "N02_002": "4",
        "N02_003": "粟生線",
        "N02_004": "神戸電鉄",
        "N02_005": "緑が丘",
        "N02_005c": "006768",
        "N02_005g": "006768",
        "sourceRow": 3300,
        "operatorCategory": "Private railways"
      },
      "geometry": {
        "type": "LineString",
        "coordinates": [
          [
            135.02563,
            34.76549
          ],
          [
            135.02565,
            34.76546
          ],
          [
            135.02594,
            34.76496
          ],
          [
            135.02598,
            34.76488
          ]
        ]
      },
      "id": "N02-25-Station-3300"
    },
    {
      "type": "Feature",
      "properties": {
        "N02_001": "12",
        "N02_002": "4",
        "N02_003": "粟生線",
        "N02_004": "神戸電鉄",
        "N02_005": "栄",
        "N02_005c": "006814",
        "N02_005g": "006814",
        "sourceRow": 3301,
        "operatorCategory": "Private railways"
      },
      "geometry": {
        "type": "LineString",
        "coordinates": [
          [
            135.05613,
            34.75533
          ],
          [
            135.05693,
            34.75517
          ]
        ]
      },
      "id": "N02-25-Station-3301"
    },
    {
      "type": "Feature",
      "properties": {
        "N02_001": "12",
        "N02_002": "4",
        "N02_003": "粟生線",
        "N02_004": "神戸電鉄",
        "N02_005": "広野ゴルフ場前",
        "N02_005c": "006744",
        "N02_005g": "006744",
        "sourceRow": 3302,
        "operatorCategory": "Private railways"
      },
      "geometry": {
        "type": "LineString",
        "coordinates": [
          [
            135.02322,
            34.77034
          ],
          [
            135.02324,
            34.76975
          ]
        ]
      },
      "id": "N02-25-Station-3302"
    },
    {
      "type": "Feature",
      "properties": {
        "N02_001": "12",
        "N02_002": "4",
        "N02_003": "粟生線",
        "N02_004": "神戸電鉄",
        "N02_005": "藍那",
        "N02_005c": "006915",
        "N02_005g": "006915",
        "sourceRow": 3303,
        "operatorCategory": "Private railways"
      },
      "geometry": {
        "type": "LineString",
        "coordinates": [
          [
            135.11784,
            34.73235
          ],
          [
            135.1186,
            34.73241
          ]
        ]
      },
      "id": "N02-25-Station-3303"
    },
    {
      "type": "Feature",
      "properties": {
        "N02_001": "12",
        "N02_002": "4",
        "N02_003": "粟生線",
        "N02_004": "神戸電鉄",
        "N02_005": "恵比須",
        "N02_005c": "006643",
        "N02_005g": "006643",
        "sourceRow": 3304,
        "operatorCategory": "Private railways"
      },
      "geometry": {
        "type": "LineString",
        "coordinates": [
          [
            134.99894,
            34.79761
          ],
          [
            134.99821,
            34.7979
          ]
        ]
      },
      "id": "N02-25-Station-3304"
    },
    {
      "type": "Feature",
      "properties": {
        "N02_001": "12",
        "N02_002": "4",
        "N02_003": "粟生線",
        "N02_004": "神戸電鉄",
        "N02_005": "三木上の丸",
        "N02_005c": "006629",
        "N02_005g": "006629",
        "sourceRow": 3305,
        "operatorCategory": "Private railways"
      },
      "geometry": {
        "type": "LineString",
        "coordinates": [
          [
            134.98916,
            34.79979
          ],
          [
            134.98845,
            34.80014
          ]
        ]
      },
      "id": "N02-25-Station-3305"
    },
    {
      "type": "Feature",
      "properties": {
        "N02_001": "12",
        "N02_002": "4",
        "N02_003": "粟生線",
        "N02_004": "神戸電鉄",
        "N02_005": "木幡",
        "N02_005c": "006842",
        "N02_005g": "006842",
        "sourceRow": 3306,
        "operatorCategory": "Private railways"
      },
      "geometry": {
        "type": "LineString",
        "coordinates": [
          [
            135.07108,
            34.74853
          ],
          [
            135.07169,
            34.74808
          ]
        ]
      },
      "id": "N02-25-Station-3306"
    },
    {
      "type": "Feature",
      "properties": {
        "N02_001": "12",
        "N02_002": "4",
        "N02_003": "粟生線",
        "N02_004": "神戸電鉄",
        "N02_005": "木津",
        "N02_005c": "006859",
        "N02_005g": "006859",
        "sourceRow": 3307,
        "operatorCategory": "Private railways"
      },
      "geometry": {
        "type": "LineString",
        "coordinates": [
          [
            135.08817,
            34.74425
          ],
          [
            135.08824,
            34.74422
          ],
          [
            135.08863,
            34.74402
          ],
          [
            135.08879,
            34.74393
          ],
          [
            135.08884,
            34.74389
          ]
        ]
      },
      "id": "N02-25-Station-3307"
    },
    {
      "type": "Feature",
      "properties": {
        "N02_001": "12",
        "N02_002": "4",
        "N02_003": "粟生線",
        "N02_004": "神戸電鉄",
        "N02_005": "鈴蘭台西口",
        "N02_005c": "006943",
        "N02_005g": "006943",
        "sourceRow": 3308,
        "operatorCategory": "Private railways"
      },
      "geometry": {
        "type": "LineString",
        "coordinates": [
          [
            135.14039,
            34.72641
          ],
          [
            135.14114,
            34.72665
          ]
        ]
      },
      "id": "N02-25-Station-3308"
    },
    {
      "type": "Feature",
      "properties": {
        "N02_001": "12",
        "N02_002": "4",
        "N02_003": "粟生線",
        "N02_004": "神戸電鉄",
        "N02_005": "樫山",
        "N02_005c": "006539",
        "N02_005g": "006539",
        "sourceRow": 3309,
        "operatorCategory": "Private railways"
      },
      "geometry": {
        "type": "LineString",
        "coordinates": [
          [
            134.95012,
            34.82034
          ],
          [
            134.94949,
            34.82061
          ]
        ]
      },
      "id": "N02-25-Station-3309"
    },
    {
      "type": "Feature",
      "properties": {
        "N02_001": "12",
        "N02_002": "4",
        "N02_003": "粟生線",
        "N02_004": "神戸電鉄",
        "N02_005": "市場",
        "N02_005c": "006524",
        "N02_005g": "006524",
        "sourceRow": 3310,
        "operatorCategory": "Private railways"
      },
      "geometry": {
        "type": "LineString",
        "coordinates": [
          [
            134.94479,
            34.82409
          ],
          [
            134.94434,
            34.82453
          ]
        ]
      },
      "id": "N02-25-Station-3310"
    },
    {
      "type": "Feature",
      "properties": {
        "N02_001": "12",
        "N02_002": "4",
        "N02_003": "粟生線",
        "N02_004": "神戸電鉄",
        "N02_005": "大村",
        "N02_005c": "006589",
        "N02_005g": "006589",
        "sourceRow": 3311,
        "operatorCategory": "Private railways"
      },
      "geometry": {
        "type": "LineString",
        "coordinates": [
          [
            134.97175,
            34.8084
          ],
          [
            134.97129,
            34.80889
          ]
        ]
      },
      "id": "N02-25-Station-3311"
    },
    {
      "type": "Feature",
      "properties": {
        "N02_001": "12",
        "N02_002": "4",
        "N02_003": "粟生線",
        "N02_004": "神戸電鉄",
        "N02_005": "葉多",
        "N02_005c": "006435",
        "N02_005g": "006435",
        "sourceRow": 3312,
        "operatorCategory": "Private railways"
      },
      "geometry": {
        "type": "LineString",
        "coordinates": [
          [
            134.92032,
            34.85
          ],
          [
            134.91954,
            34.85025
          ]
        ]
      },
      "id": "N02-25-Station-3312"
    },
    {
      "type": "Feature",
      "properties": {
        "N02_001": "12",
        "N02_002": "4",
        "N02_003": "粟生線",
        "N02_004": "神戸電鉄",
        "N02_005": "志染",
        "N02_005c": "006704",
        "N02_005g": "006704",
        "sourceRow": 3313,
        "operatorCategory": "Private railways"
      },
      "geometry": {
        "type": "LineString",
        "coordinates": [
          [
            135.00779,
            34.78221
          ],
          [
            135.00739,
            34.78276
          ]
        ]
      },
      "id": "N02-25-Station-3313"
    },
    {
      "type": "Feature",
      "properties": {
        "N02_001": "12",
        "N02_002": "4",
        "N02_003": "粟生線",
        "N02_004": "神戸電鉄",
        "N02_005": "三木",
        "N02_005c": "006630",
        "N02_005g": "006630",
        "sourceRow": 3314,
        "operatorCategory": "Private railways"
      },
      "geometry": {
        "type": "LineString",
        "coordinates": [
          [
            134.98216,
            34.79978
          ],
          [
            134.98212,
            34.79977
          ],
          [
            134.98192,
            34.79977
          ],
          [
            134.98172,
            34.79978
          ],
          [
            134.9815,
            34.79981
          ]
        ]
      },
      "id": "N02-25-Station-3314"
    },
    {
      "type": "Feature",
      "properties": {
        "N02_001": "12",
        "N02_002": "4",
        "N02_003": "粟生線",
        "N02_004": "神戸電鉄",
        "N02_005": "西鈴蘭台",
        "N02_005c": "006946",
        "N02_005g": "006946",
        "sourceRow": 3315,
        "operatorCategory": "Private railways"
      },
      "geometry": {
        "type": "LineString",
        "coordinates": [
          [
            135.13423,
            34.72594
          ],
          [
            135.13459,
            34.72587
          ],
          [
            135.13536,
            34.72576
          ],
          [
            135.13587,
            34.72573
          ]
        ]
      },
      "id": "N02-25-Station-3315"
    },
    {
      "type": "Feature",
      "properties": {
        "N02_001": "12",
        "N02_002": "4",
        "N02_003": "粟生線",
        "N02_004": "神戸電鉄",
        "N02_005": "押部谷",
        "N02_005c": "006812",
        "N02_005g": "006812",
        "sourceRow": 3316,
        "operatorCategory": "Private railways"
      },
      "geometry": {
        "type": "LineString",
        "coordinates": [
          [
            135.03885,
            34.75663
          ],
          [
            135.03965,
            34.75655
          ],
          [
            135.03967,
            34.75655
          ]
        ]
      },
      "id": "N02-25-Station-3316"
    },
    {
      "type": "Feature",
      "properties": {
        "N02_001": "12",
        "N02_002": "4",
        "N02_003": "公園都市線",
        "N02_004": "神戸電鉄",
        "N02_005": "横山",
        "N02_005c": "006372",
        "N02_005g": "006372",
        "sourceRow": 3317,
        "operatorCategory": "Private railways"
      },
      "geometry": {
        "type": "LineString",
        "coordinates": [
          [
            135.21972,
            34.87664
          ],
          [
            135.22042,
            34.8774
          ]
        ]
      },
      "id": "N02-25-Station-3317"
    },
    {
      "type": "Feature",
      "properties": {
        "N02_001": "12",
        "N02_002": "4",
        "N02_003": "公園都市線",
        "N02_004": "神戸電鉄",
        "N02_005": "フラワータウン",
        "N02_005c": "006347",
        "N02_005g": "006347",
        "sourceRow": 3318,
        "operatorCategory": "Private railways"
      },
      "geometry": {
        "type": "LineString",
        "coordinates": [
          [
            135.20213,
            34.88582
          ],
          [
            135.20255,
            34.88536
          ],
          [
            135.20257,
            34.88533
          ]
        ]
      },
      "id": "N02-25-Station-3318"
    },
    {
      "type": "Feature",
      "properties": {
        "N02_001": "12",
        "N02_002": "4",
        "N02_003": "公園都市線",
        "N02_004": "神戸電鉄",
        "N02_005": "南ウッディタウン",
        "N02_005c": "006306",
        "N02_005g": "006306",
        "sourceRow": 3319,
        "operatorCategory": "Private railways"
      },
      "geometry": {
        "type": "LineString",
        "coordinates": [
          [
            135.18997,
            34.90136
          ],
          [
            135.18942,
            34.90213
          ]
        ]
      },
      "id": "N02-25-Station-3319"
    },
    {
      "type": "Feature",
      "properties": {
        "N02_001": "12",
        "N02_002": "4",
        "N02_003": "公園都市線",
        "N02_004": "神戸電鉄",
        "N02_005": "ウッディタウン中央",
        "N02_005c": "006291",
        "N02_005g": "006291",
        "sourceRow": 3320,
        "operatorCategory": "Private railways"
      },
      "geometry": {
        "type": "LineString",
        "coordinates": [
          [
            135.18411,
            34.90928
          ],
          [
            135.18353,
            34.91006
          ]
        ]
      },
      "id": "N02-25-Station-3320"
    },
    {
      "type": "Feature",
      "properties": {
        "N02_001": "12",
        "N02_002": "4",
        "N02_003": "三田線",
        "N02_004": "神戸電鉄",
        "N02_005": "岡場",
        "N02_005c": "006532",
        "N02_005g": "006532",
        "sourceRow": 3321,
        "operatorCategory": "Private railways"
      },
      "geometry": {
        "type": "LineString",
        "coordinates": [
          [
            135.2226,
            34.82209
          ],
          [
            135.22236,
            34.82146
          ]
        ]
      },
      "id": "N02-25-Station-3321"
    },
    {
      "type": "Feature",
      "properties": {
        "N02_001": "12",
        "N02_002": "4",
        "N02_003": "三田線",
        "N02_004": "神戸電鉄",
        "N02_005": "道場南口",
        "N02_005c": "006422",
        "N02_005g": "006422",
        "sourceRow": 3322,
        "operatorCategory": "Private railways"
      },
      "geometry": {
        "type": "LineString",
        "coordinates": [
          [
            135.22319,
            34.85578
          ],
          [
            135.22317,
            34.85649
          ]
        ]
      },
      "id": "N02-25-Station-3322"
    },
    {
      "type": "Feature",
      "properties": {
        "N02_001": "12",
        "N02_002": "4",
        "N02_003": "三田線",
        "N02_004": "神戸電鉄",
        "N02_005": "神鉄道場",
        "N02_005c": "006395",
        "N02_005g": "006395",
        "sourceRow": 3323,
        "operatorCategory": "Private railways"
      },
      "geometry": {
        "type": "LineString",
        "coordinates": [
          [
            135.22618,
            34.86718
          ],
          [
            135.22613,
            34.86675
          ],
          [
            135.22612,
            34.86659
          ],
          [
            135.22611,
            34.86651
          ]
        ]
      },
      "id": "N02-25-Station-3323"
    },
    {
      "type": "Feature",
      "properties": {
        "N02_001": "12",
        "N02_002": "4",
        "N02_003": "三田線",
        "N02_004": "神戸電鉄",
        "N02_005": "横山",
        "N02_005c": "006373",
        "N02_005g": "006372",
        "sourceRow": 3324,
        "operatorCategory": "Private railways"
      },
      "geometry": {
        "type": "LineString",
        "coordinates": [
          [
            135.21972,
            34.87664
          ],
          [
            135.22042,
            34.8774
          ]
        ]
      },
      "id": "N02-25-Station-3324"
    },
    {
      "type": "Feature",
      "properties": {
        "N02_001": "12",
        "N02_002": "4",
        "N02_003": "三田線",
        "N02_004": "神戸電鉄",
        "N02_005": "三田",
        "N02_005c": "006341",
        "N02_005g": "006340",
        "sourceRow": 3325,
        "operatorCategory": "Private railways"
      },
      "geometry": {
        "type": "LineString",
        "coordinates": [
          [
            135.23039,
            34.88824
          ],
          [
            135.22964,
            34.88848
          ]
        ]
      },
      "id": "N02-25-Station-3325"
    },
    {
      "type": "Feature",
      "properties": {
        "N02_001": "12",
        "N02_002": "4",
        "N02_003": "三田線",
        "N02_004": "神戸電鉄",
        "N02_005": "田尾寺",
        "N02_005c": "006473",
        "N02_005g": "006473",
        "sourceRow": 3326,
        "operatorCategory": "Private railways"
      },
      "geometry": {
        "type": "LineString",
        "coordinates": [
          [
            135.22635,
            34.83588
          ],
          [
            135.22601,
            34.83529
          ]
        ]
      },
      "id": "N02-25-Station-3326"
    },
    {
      "type": "Feature",
      "properties": {
        "N02_001": "12",
        "N02_002": "4",
        "N02_003": "三田線",
        "N02_004": "神戸電鉄",
        "N02_005": "三田本町",
        "N02_005c": "006357",
        "N02_005g": "006357",
        "sourceRow": 3327,
        "operatorCategory": "Private railways"
      },
      "geometry": {
        "type": "LineString",
        "coordinates": [
          [
            135.22925,
            34.88166
          ],
          [
            135.23004,
            34.88184
          ]
        ]
      },
      "id": "N02-25-Station-3327"
    },
    {
      "type": "Feature",
      "properties": {
        "N02_001": "12",
        "N02_002": "4",
        "N02_003": "三田線",
        "N02_004": "神戸電鉄",
        "N02_005": "二郎",
        "N02_005c": "006443",
        "N02_005g": "006443",
        "sourceRow": 3328,
        "operatorCategory": "Private railways"
      },
      "geometry": {
        "type": "LineString",
        "coordinates": [
          [
            135.22712,
            34.84847
          ],
          [
            135.22682,
            34.84921
          ]
        ]
      },
      "id": "N02-25-Station-3328"
    },
    {
      "type": "Feature",
      "properties": {
        "N02_001": "12",
        "N02_002": "4",
        "N02_003": "三田線",
        "N02_004": "神戸電鉄",
        "N02_005": "有馬口",
        "N02_005c": "006650",
        "N02_005g": "006650",
        "sourceRow": 3329,
        "operatorCategory": "Private railways"
      },
      "geometry": {
        "type": "LineString",
        "coordinates": [
          [
            135.22135,
            34.79675
          ],
          [
            135.22062,
            34.7962
          ]
        ]
      },
      "id": "N02-25-Station-3329"
    },
    {
      "type": "Feature",
      "properties": {
        "N02_001": "12",
        "N02_002": "4",
        "N02_003": "三田線",
        "N02_004": "神戸電鉄",
        "N02_005": "五社",
        "N02_005c": "006603",
        "N02_005g": "006603",
        "sourceRow": 3330,
        "operatorCategory": "Private railways"
      },
      "geometry": {
        "type": "LineString",
        "coordinates": [
          [
            135.21656,
            34.80645
          ],
          [
            135.21615,
            34.80581
          ]
        ]
      },
      "id": "N02-25-Station-3330"
    },
    {
      "type": "Feature",
      "properties": {
        "N02_001": "12",
        "N02_002": "4",
        "N02_003": "神戸高速線",
        "N02_004": "神戸電鉄",
        "N02_005": "新開地",
        "N02_005c": "007240",
        "N02_005g": "007241",
        "sourceRow": 3331,
        "operatorCategory": "Private railways"
      },
      "geometry": {
        "type": "LineString",
        "coordinates": [
          [
            135.16871,
            34.6769
          ],
          [
            135.16923,
            34.67634
          ]
        ]
      },
      "id": "N02-25-Station-3331"
    },
    {
      "type": "Feature",
      "properties": {
        "N02_001": "12",
        "N02_002": "4",
        "N02_003": "神戸高速線",
        "N02_004": "神戸電鉄",
        "N02_005": "湊川",
        "N02_005c": "007220",
        "N02_005g": "007220",
        "sourceRow": 3332,
        "operatorCategory": "Private railways"
      },
      "geometry": {
        "type": "LineString",
        "coordinates": [
          [
            135.16579,
            34.67959
          ],
          [
            135.16644,
            34.67897
          ]
        ]
      },
      "id": "N02-25-Station-3332"
    },
    {
      "type": "Feature",
      "properties": {
        "N02_001": "12",
        "N02_002": "4",
        "N02_003": "有馬線",
        "N02_004": "神戸電鉄",
        "N02_005": "有馬口",
        "N02_005c": "006651",
        "N02_005g": "006650",
        "sourceRow": 3333,
        "operatorCategory": "Private railways"
      },
      "geometry": {
        "type": "LineString",
        "coordinates": [
          [
            135.22135,
            34.79675
          ],
          [
            135.22062,
            34.7962
          ]
        ]
      },
      "id": "N02-25-Station-3333"
    },
    {
      "type": "Feature",
      "properties": {
        "N02_001": "12",
        "N02_002": "4",
        "N02_003": "有馬線",
        "N02_004": "神戸電鉄",
        "N02_005": "大池",
        "N02_005c": "006705",
        "N02_005g": "006705",
        "sourceRow": 3334,
        "operatorCategory": "Private railways"
      },
      "geometry": {
        "type": "LineString",
        "coordinates": [
          [
            135.1992,
            34.78121
          ],
          [
            135.19859,
            34.78082
          ]
        ]
      },
      "id": "N02-25-Station-3334"
    },
    {
      "type": "Feature",
      "properties": {
        "N02_001": "12",
        "N02_002": "4",
        "N02_003": "有馬線",
        "N02_004": "神戸電鉄",
        "N02_005": "湊川",
        "N02_005c": "007221",
        "N02_005g": "007220",
        "sourceRow": 3335,
        "operatorCategory": "Private railways"
      },
      "geometry": {
        "type": "LineString",
        "coordinates": [
          [
            135.16579,
            34.67959
          ],
          [
            135.16644,
            34.67897
          ]
        ]
      },
      "id": "N02-25-Station-3335"
    },
    {
      "type": "Feature",
      "properties": {
        "N02_001": "12",
        "N02_002": "4",
        "N02_003": "有馬線",
        "N02_004": "神戸電鉄",
        "N02_005": "神鉄六甲",
        "N02_005c": "006697",
        "N02_005g": "006697",
        "sourceRow": 3336,
        "operatorCategory": "Private railways"
      },
      "geometry": {
        "type": "LineString",
        "coordinates": [
          [
            135.20656,
            34.78541
          ],
          [
            135.20577,
            34.78509
          ]
        ]
      },
      "id": "N02-25-Station-3336"
    },
    {
      "type": "Feature",
      "properties": {
        "N02_001": "12",
        "N02_002": "4",
        "N02_003": "有馬線",
        "N02_004": "神戸電鉄",
        "N02_005": "箕谷",
        "N02_005c": "006810",
        "N02_005g": "006810",
        "sourceRow": 3337,
        "operatorCategory": "Private railways"
      },
      "geometry": {
        "type": "LineString",
        "coordinates": [
          [
            135.156,
            34.75718
          ],
          [
            135.15551,
            34.75663
          ]
        ]
      },
      "id": "N02-25-Station-3337"
    },
    {
      "type": "Feature",
      "properties": {
        "N02_001": "12",
        "N02_002": "4",
        "N02_003": "有馬線",
        "N02_004": "神戸電鉄",
        "N02_005": "有馬温泉",
        "N02_005c": "006633",
        "N02_005g": "006633",
        "sourceRow": 3338,
        "operatorCategory": "Private railways"
      },
      "geometry": {
        "type": "LineString",
        "coordinates": [
          [
            135.24604,
            34.79932
          ],
          [
            135.24523,
            34.79959
          ]
        ]
      },
      "id": "N02-25-Station-3338"
    },
    {
      "type": "Feature",
      "properties": {
        "N02_001": "12",
        "N02_002": "4",
        "N02_003": "有馬線",
        "N02_004": "神戸電鉄",
        "N02_005": "長田",
        "N02_005c": "007200",
        "N02_005g": "007200",
        "sourceRow": 3339,
        "operatorCategory": "Private railways"
      },
      "geometry": {
        "type": "LineString",
        "coordinates": [
          [
            135.14959,
            34.68198
          ],
          [
            135.14951,
            34.68129
          ]
        ]
      },
      "id": "N02-25-Station-3339"
    },
    {
      "type": "Feature",
      "properties": {
        "N02_001": "12",
        "N02_002": "4",
        "N02_003": "有馬線",
        "N02_004": "神戸電鉄",
        "N02_005": "花山",
        "N02_005c": "006745",
        "N02_005g": "006745",
        "sourceRow": 3340,
        "operatorCategory": "Private railways"
      },
      "geometry": {
        "type": "LineString",
        "coordinates": [
          [
            135.18755,
            34.76985
          ],
          [
            135.18691,
            34.76938
          ]
        ]
      },
      "id": "N02-25-Station-3340"
    },
    {
      "type": "Feature",
      "properties": {
        "N02_001": "12",
        "N02_002": "4",
        "N02_003": "有馬線",
        "N02_004": "神戸電鉄",
        "N02_005": "谷上",
        "N02_005c": "006791",
        "N02_005g": "006791",
        "sourceRow": 3341,
        "operatorCategory": "Private railways"
      },
      "geometry": {
        "type": "LineString",
        "coordinates": [
          [
            135.17056,
            34.76151
          ],
          [
            135.17198,
            34.7618
          ]
        ]
      },
      "id": "N02-25-Station-3341"
    },
    {
      "type": "Feature",
      "properties": {
        "N02_001": "12",
        "N02_002": "4",
        "N02_003": "有馬線",
        "N02_004": "神戸電鉄",
        "N02_005": "鵯越",
        "N02_005c": "007127",
        "N02_005g": "007127",
        "sourceRow": 3342,
        "operatorCategory": "Private railways"
      },
      "geometry": {
        "type": "LineString",
        "coordinates": [
          [
            135.14291,
            34.69327
          ],
          [
            135.14281,
            34.6931
          ],
          [
            135.1426,
            34.69282
          ],
          [
            135.14233,
            34.69259
          ],
          [
            135.14219,
            34.6925
          ]
        ]
      },
      "id": "N02-25-Station-3342"
    },
    {
      "type": "Feature",
      "properties": {
        "N02_001": "12",
        "N02_002": "4",
        "N02_003": "有馬線",
        "N02_004": "神戸電鉄",
        "N02_005": "鈴蘭台",
        "N02_005c": "006958",
        "N02_005g": "006957",
        "sourceRow": 3343,
        "operatorCategory": "Private railways"
      },
      "geometry": {
        "type": "LineString",
        "coordinates": [
          [
            135.14583,
            34.7241
          ],
          [
            135.14593,
            34.72317
          ]
        ]
      },
      "id": "N02-25-Station-3343"
    },
    {
      "type": "Feature",
      "properties": {
        "N02_001": "12",
        "N02_002": "4",
        "N02_003": "有馬線",
        "N02_004": "神戸電鉄",
        "N02_005": "丸山",
        "N02_005c": "007169",
        "N02_005g": "007169",
        "sourceRow": 3344,
        "operatorCategory": "Private railways"
      },
      "geometry": {
        "type": "LineString",
        "coordinates": [
          [
            135.14361,
            34.68612
          ],
          [
            135.14431,
            34.68571
          ]
        ]
      },
      "id": "N02-25-Station-3344"
    },
    {
      "type": "Feature",
      "properties": {
        "N02_001": "12",
        "N02_002": "4",
        "N02_003": "有馬線",
        "N02_004": "神戸電鉄",
        "N02_005": "山の街",
        "N02_005c": "006850",
        "N02_005g": "006850",
        "sourceRow": 3345,
        "operatorCategory": "Private railways"
      },
      "geometry": {
        "type": "LineString",
        "coordinates": [
          [
            135.15302,
            34.74647
          ],
          [
            135.1531,
            34.74639
          ],
          [
            135.1533,
            34.74608
          ],
          [
            135.1534,
            34.74588
          ]
        ]
      },
      "id": "N02-25-Station-3345"
    },
    {
      "type": "Feature",
      "properties": {
        "N02_001": "12",
        "N02_002": "4",
        "N02_003": "有馬線",
        "N02_004": "神戸電鉄",
        "N02_005": "唐櫃台",
        "N02_005c": "006678",
        "N02_005g": "006678",
        "sourceRow": 3346,
        "operatorCategory": "Private railways"
      },
      "geometry": {
        "type": "LineString",
        "coordinates": [
          [
            135.21171,
            34.79066
          ],
          [
            135.21149,
            34.79
          ]
        ]
      },
      "id": "N02-25-Station-3346"
    },
    {
      "type": "Feature",
      "properties": {
        "N02_001": "12",
        "N02_002": "4",
        "N02_003": "有馬線",
        "N02_004": "神戸電鉄",
        "N02_005": "北鈴蘭台",
        "N02_005c": "006875",
        "N02_005g": "006875",
        "sourceRow": 3347,
        "operatorCategory": "Private railways"
      },
      "geometry": {
        "type": "LineString",
        "coordinates": [
          [
            135.15209,
            34.74024
          ],
          [
            135.15199,
            34.73966
          ],
          [
            135.15188,
            34.73908
          ],
          [
            135.15181,
            34.73886
          ]
        ]
      },
      "id": "N02-25-Station-3347"
    },
    {
      "type": "Feature",
      "properties": {
        "N02_001": "11",
        "N02_002": "2",
        "N02_003": "JR東西線",
        "N02_004": "西日本旅客鉄道",
        "N02_005": "海老江",
        "N02_005c": "007102",
        "N02_005g": "007102",
        "sourceRow": 3441,
        "operatorCategory": "JR conventional lines"
      },
      "geometry": {
        "type": "LineString",
        "coordinates": [
          [
            135.4724,
            34.69613
          ],
          [
            135.47354,
            34.69516
          ]
        ]
      },
      "id": "N02-25-Station-3441"
    },
    {
      "type": "Feature",
      "properties": {
        "N02_001": "11",
        "N02_002": "2",
        "N02_003": "JR東西線",
        "N02_004": "西日本旅客鉄道",
        "N02_005": "新福島",
        "N02_005c": "007104",
        "N02_005g": "007104",
        "sourceRow": 3442,
        "operatorCategory": "JR conventional lines"
      },
      "geometry": {
        "type": "LineString",
        "coordinates": [
          [
            135.48464,
            34.69454
          ],
          [
            135.48647,
            34.69522
          ]
        ]
      },
      "id": "N02-25-Station-3442"
    },
    {
      "type": "Feature",
      "properties": {
        "N02_001": "11",
        "N02_002": "2",
        "N02_003": "JR東西線",
        "N02_004": "西日本旅客鉄道",
        "N02_005": "北新地",
        "N02_005c": "007085",
        "N02_005g": "007085",
        "sourceRow": 3443,
        "operatorCategory": "JR conventional lines"
      },
      "geometry": {
        "type": "LineString",
        "coordinates": [
          [
            135.49584,
            34.69843
          ],
          [
            135.49719,
            34.69837
          ],
          [
            135.49828,
            34.69831
          ]
        ]
      },
      "id": "N02-25-Station-3443"
    },
    {
      "type": "Feature",
      "properties": {
        "N02_001": "11",
        "N02_002": "2",
        "N02_003": "JR東西線",
        "N02_004": "西日本旅客鉄道",
        "N02_005": "大阪城北詰",
        "N02_005c": "007107",
        "N02_005g": "007107",
        "sourceRow": 3444,
        "operatorCategory": "JR conventional lines"
      },
      "geometry": {
        "type": "LineString",
        "coordinates": [
          [
            135.52479,
            34.69504
          ],
          [
            135.52518,
            34.69464
          ],
          [
            135.52558,
            34.69428
          ],
          [
            135.5259,
            34.69406
          ]
        ]
      },
      "id": "N02-25-Station-3444"
    },
    {
      "type": "Feature",
      "properties": {
        "N02_001": "11",
        "N02_002": "2",
        "N02_003": "JR東西線",
        "N02_004": "西日本旅客鉄道",
        "N02_005": "御幣島",
        "N02_005c": "007011",
        "N02_005g": "007011",
        "sourceRow": 3445,
        "operatorCategory": "JR conventional lines"
      },
      "geometry": {
        "type": "LineString",
        "coordinates": [
          [
            135.4556,
            34.7137
          ],
          [
            135.45562,
            34.71169
          ]
        ]
      },
      "id": "N02-25-Station-3445"
    },
    {
      "type": "Feature",
      "properties": {
        "N02_001": "11",
        "N02_002": "2",
        "N02_003": "JR東西線",
        "N02_004": "西日本旅客鉄道",
        "N02_005": "京橋",
        "N02_005c": "007099",
        "N02_005g": "007093",
        "sourceRow": 3446,
        "operatorCategory": "JR conventional lines"
      },
      "geometry": {
        "type": "LineString",
        "coordinates": [
          [
            135.53334,
            34.69581
          ],
          [
            135.534105,
            34.696019
          ],
          [
            135.53483,
            34.69624
          ]
        ]
      },
      "id": "N02-25-Station-3446"
    },
    {
      "type": "Feature",
      "properties": {
        "N02_001": "11",
        "N02_002": "2",
        "N02_003": "JR東西線",
        "N02_004": "西日本旅客鉄道",
        "N02_005": "大阪天満宮",
        "N02_005c": "007090",
        "N02_005g": "007090",
        "sourceRow": 3447,
        "operatorCategory": "JR conventional lines"
      },
      "geometry": {
        "type": "LineString",
        "coordinates": [
          [
            135.51232,
            34.69749
          ],
          [
            135.51437,
            34.69734
          ]
        ]
      },
      "id": "N02-25-Station-3447"
    },
    {
      "type": "Feature",
      "properties": {
        "N02_001": "11",
        "N02_002": "2",
        "N02_003": "JR東西線",
        "N02_004": "西日本旅客鉄道",
        "N02_005": "加島",
        "N02_005c": "006935",
        "N02_005g": "006935",
        "sourceRow": 3448,
        "operatorCategory": "JR conventional lines"
      },
      "geometry": {
        "type": "LineString",
        "coordinates": [
          [
            135.45272,
            34.72806
          ],
          [
            135.45338,
            34.72786
          ],
          [
            135.45385,
            34.72769
          ],
          [
            135.45442,
            34.72741
          ]
        ]
      },
      "id": "N02-25-Station-3448"
    },
    {
      "type": "Feature",
      "properties": {
        "N02_001": "11",
        "N02_002": "2",
        "N02_003": "JR東西線",
        "N02_004": "西日本旅客鉄道",
        "N02_005": "尼崎",
        "N02_005c": "006918",
        "N02_005g": "006918",
        "sourceRow": 3449,
        "operatorCategory": "JR conventional lines"
      },
      "geometry": {
        "type": "LineString",
        "coordinates": [
          [
            135.43066,
            34.73204
          ],
          [
            135.4329,
            34.73167
          ]
        ]
      },
      "id": "N02-25-Station-3449"
    },
    {
      "type": "Feature",
      "properties": {
        "N02_001": "11",
        "N02_002": "2",
        "N02_003": "加古川線",
        "N02_004": "西日本旅客鉄道",
        "N02_005": "比延",
        "N02_005c": "006063",
        "N02_005g": "006063",
        "sourceRow": 3525,
        "operatorCategory": "JR conventional lines"
      },
      "geometry": {
        "type": "LineString",
        "coordinates": [
          [
            134.99582,
            34.9891
          ],
          [
            134.99566,
            34.98845
          ]
        ]
      },
      "id": "N02-25-Station-3525"
    },
    {
      "type": "Feature",
      "properties": {
        "N02_001": "11",
        "N02_002": "2",
        "N02_003": "加古川線",
        "N02_004": "西日本旅客鉄道",
        "N02_005": "新西脇",
        "N02_005c": "006108",
        "N02_005g": "006108",
        "sourceRow": 3529,
        "operatorCategory": "JR conventional lines"
      },
      "geometry": {
        "type": "LineString",
        "coordinates": [
          [
            134.97797,
            34.97804
          ],
          [
            134.97719,
            34.9778
          ]
        ]
      },
      "id": "N02-25-Station-3529"
    },
    {
      "type": "Feature",
      "properties": {
        "N02_001": "11",
        "N02_002": "2",
        "N02_003": "加古川線",
        "N02_004": "西日本旅客鉄道",
        "N02_005": "滝野",
        "N02_005c": "006209",
        "N02_005g": "006209",
        "sourceRow": 3532,
        "operatorCategory": "JR conventional lines"
      },
      "geometry": {
        "type": "LineString",
        "coordinates": [
          [
            134.95527,
            34.94124
          ],
          [
            134.95457,
            34.94081
          ]
        ]
      },
      "id": "N02-25-Station-3532"
    },
    {
      "type": "Feature",
      "properties": {
        "N02_001": "11",
        "N02_002": "2",
        "N02_003": "加古川線",
        "N02_004": "西日本旅客鉄道",
        "N02_005": "青野ヶ原",
        "N02_005c": "006313",
        "N02_005g": "006313",
        "sourceRow": 3533,
        "operatorCategory": "JR conventional lines"
      },
      "geometry": {
        "type": "LineString",
        "coordinates": [
          [
            134.92818,
            34.89785
          ],
          [
            134.92777,
            34.89676
          ]
        ]
      },
      "id": "N02-25-Station-3533"
    },
    {
      "type": "Feature",
      "properties": {
        "N02_001": "11",
        "N02_002": "2",
        "N02_003": "加古川線",
        "N02_004": "西日本旅客鉄道",
        "N02_005": "神野",
        "N02_005c": "006675",
        "N02_005g": "006675",
        "sourceRow": 3534,
        "operatorCategory": "JR conventional lines"
      },
      "geometry": {
        "type": "LineString",
        "coordinates": [
          [
            134.87954,
            34.79112
          ],
          [
            134.87851,
            34.79092
          ]
        ]
      },
      "id": "N02-25-Station-3534"
    },
    {
      "type": "Feature",
      "properties": {
        "N02_001": "11",
        "N02_002": "2",
        "N02_003": "加古川線",
        "N02_004": "西日本旅客鉄道",
        "N02_005": "厄神",
        "N02_005c": "006657",
        "N02_005g": "006657",
        "sourceRow": 3535,
        "operatorCategory": "JR conventional lines"
      },
      "geometry": {
        "type": "LineString",
        "coordinates": [
          [
            134.90726,
            34.79476
          ],
          [
            134.90619,
            34.79432
          ]
        ]
      },
      "id": "N02-25-Station-3535"
    },
    {
      "type": "Feature",
      "properties": {
        "N02_001": "11",
        "N02_002": "2",
        "N02_003": "加古川線",
        "N02_004": "西日本旅客鉄道",
        "N02_005": "市場",
        "N02_005c": "006546",
        "N02_005g": "006546",
        "sourceRow": 3536,
        "operatorCategory": "JR conventional lines"
      },
      "geometry": {
        "type": "LineString",
        "coordinates": [
          [
            134.93263,
            34.81969
          ],
          [
            134.93251,
            34.81879
          ]
        ]
      },
      "id": "N02-25-Station-3536"
    },
    {
      "type": "Feature",
      "properties": {
        "N02_001": "11",
        "N02_002": "2",
        "N02_003": "加古川線",
        "N02_004": "西日本旅客鉄道",
        "N02_005": "西脇市",
        "N02_005c": "006130",
        "N02_005g": "006130",
        "sourceRow": 3537,
        "operatorCategory": "JR conventional lines"
      },
      "geometry": {
        "type": "LineString",
        "coordinates": [
          [
            134.96903,
            34.97204
          ],
          [
            134.96883,
            34.9713
          ]
        ]
      },
      "id": "N02-25-Station-3537"
    },
    {
      "type": "Feature",
      "properties": {
        "N02_001": "11",
        "N02_002": "2",
        "N02_003": "加古川線",
        "N02_004": "西日本旅客鉄道",
        "N02_005": "社町",
        "N02_005c": "006265",
        "N02_005g": "006265",
        "sourceRow": 3538,
        "operatorCategory": "JR conventional lines"
      },
      "geometry": {
        "type": "LineString",
        "coordinates": [
          [
            134.9349,
            34.92058
          ],
          [
            134.9343,
            34.91998
          ]
        ]
      },
      "id": "N02-25-Station-3538"
    },
    {
      "type": "Feature",
      "properties": {
        "N02_001": "11",
        "N02_002": "2",
        "N02_003": "加古川線",
        "N02_004": "西日本旅客鉄道",
        "N02_005": "河合西",
        "N02_005c": "006365",
        "N02_005g": "006365",
        "sourceRow": 3539,
        "operatorCategory": "JR conventional lines"
      },
      "geometry": {
        "type": "LineString",
        "coordinates": [
          [
            134.91953,
            34.87929
          ],
          [
            134.91921,
            34.8787
          ]
        ]
      },
      "id": "N02-25-Station-3539"
    },
    {
      "type": "Feature",
      "properties": {
        "N02_001": "11",
        "N02_002": "2",
        "N02_003": "加古川線",
        "N02_004": "西日本旅客鉄道",
        "N02_005": "滝",
        "N02_005c": "006197",
        "N02_005g": "006197",
        "sourceRow": 3540,
        "operatorCategory": "JR conventional lines"
      },
      "geometry": {
        "type": "LineString",
        "coordinates": [
          [
            134.9626,
            34.94911
          ],
          [
            134.96221,
            34.94847
          ]
        ]
      },
      "id": "N02-25-Station-3540"
    },
    {
      "type": "Feature",
      "properties": {
        "N02_001": "11",
        "N02_002": "2",
        "N02_003": "加古川線",
        "N02_004": "西日本旅客鉄道",
        "N02_005": "小野町",
        "N02_005c": "006483",
        "N02_005g": "006483",
        "sourceRow": 3541,
        "operatorCategory": "JR conventional lines"
      },
      "geometry": {
        "type": "LineString",
        "coordinates": [
          [
            134.91796,
            34.8339
          ],
          [
            134.91898,
            34.83327
          ]
        ]
      },
      "id": "N02-25-Station-3541"
    },
    {
      "type": "Feature",
      "properties": {
        "N02_001": "11",
        "N02_002": "2",
        "N02_003": "加古川線",
        "N02_004": "西日本旅客鉄道",
        "N02_005": "加古川",
        "N02_005c": "006754",
        "N02_005g": "006754",
        "sourceRow": 3542,
        "operatorCategory": "JR conventional lines"
      },
      "geometry": {
        "type": "LineString",
        "coordinates": [
          [
            134.84046,
            34.76709
          ],
          [
            134.83935,
            34.76813
          ]
        ]
      },
      "id": "N02-25-Station-3542"
    },
    {
      "type": "Feature",
      "properties": {
        "N02_001": "11",
        "N02_002": "2",
        "N02_003": "加古川線",
        "N02_004": "西日本旅客鉄道",
        "N02_005": "日岡",
        "N02_005c": "006718",
        "N02_005g": "006718",
        "sourceRow": 3543,
        "operatorCategory": "JR conventional lines"
      },
      "geometry": {
        "type": "LineString",
        "coordinates": [
          [
            134.85747,
            34.77896
          ],
          [
            134.85714,
            34.77863
          ],
          [
            134.85693,
            34.7784
          ]
        ]
      },
      "id": "N02-25-Station-3543"
    },
    {
      "type": "Feature",
      "properties": {
        "N02_001": "11",
        "N02_002": "2",
        "N02_003": "関西線",
        "N02_004": "西日本旅客鉄道",
        "N02_005": "JR難波",
        "N02_005c": "007321",
        "N02_005g": "007321",
        "sourceRow": 3574,
        "operatorCategory": "JR conventional lines"
      },
      "geometry": {
        "type": "LineString",
        "coordinates": [
          [
            135.49552,
            34.66715
          ],
          [
            135.49506,
            34.66558
          ]
        ]
      },
      "id": "N02-25-Station-3574"
    },
    {
      "type": "Feature",
      "properties": {
        "N02_001": "11",
        "N02_002": "2",
        "N02_003": "関西線",
        "N02_004": "西日本旅客鉄道",
        "N02_005": "今宮",
        "N02_005c": "007407",
        "N02_005g": "007407",
        "sourceRow": 3575,
        "operatorCategory": "JR conventional lines"
      },
      "geometry": {
        "type": "LineString",
        "coordinates": [
          [
            135.49235,
            34.65467
          ],
          [
            135.49239,
            34.65458
          ],
          [
            135.49271,
            34.65394
          ],
          [
            135.49301,
            34.65341
          ]
        ]
      },
      "id": "N02-25-Station-3575"
    },
    {
      "type": "Feature",
      "properties": {
        "N02_001": "11",
        "N02_002": "2",
        "N02_003": "関西線",
        "N02_004": "西日本旅客鉄道",
        "N02_005": "新今宮",
        "N02_005c": "007423",
        "N02_005g": "007423",
        "sourceRow": 3576,
        "operatorCategory": "JR conventional lines"
      },
      "geometry": {
        "type": "LineString",
        "coordinates": [
          [
            135.50292,
            34.64962
          ],
          [
            135.50066,
            34.65019
          ]
        ]
      },
      "id": "N02-25-Station-3576"
    },
    {
      "type": "Feature",
      "properties": {
        "N02_001": "11",
        "N02_002": "2",
        "N02_003": "関西線",
        "N02_004": "西日本旅客鉄道",
        "N02_005": "天王寺",
        "N02_005c": "007445",
        "N02_005g": "007439",
        "sourceRow": 3577,
        "operatorCategory": "JR conventional lines"
      },
      "geometry": {
        "type": "LineString",
        "coordinates": [
          [
            135.51602,
            34.64665
          ],
          [
            135.51522,
            34.64685
          ]
        ]
      },
      "id": "N02-25-Station-3577"
    },
    {
      "type": "Feature",
      "properties": {
        "N02_001": "11",
        "N02_002": "2",
        "N02_003": "関西線",
        "N02_004": "西日本旅客鉄道",
        "N02_005": "久宝寺",
        "N02_005c": "007536",
        "N02_005g": "007535",
        "sourceRow": 3580,
        "operatorCategory": "JR conventional lines"
      },
      "geometry": {
        "type": "LineString",
        "coordinates": [
          [
            135.58523,
            34.62208
          ],
          [
            135.58364,
            34.62259
          ]
        ]
      },
      "id": "N02-25-Station-3580"
    },
    {
      "type": "Feature",
      "properties": {
        "N02_001": "11",
        "N02_002": "2",
        "N02_003": "関西線",
        "N02_004": "西日本旅客鉄道",
        "N02_005": "東部市場前",
        "N02_005c": "007479",
        "N02_005g": "007479",
        "sourceRow": 3582,
        "operatorCategory": "JR conventional lines"
      },
      "geometry": {
        "type": "LineString",
        "coordinates": [
          [
            135.53834,
            34.63767
          ],
          [
            135.53702,
            34.63851
          ]
        ]
      },
      "id": "N02-25-Station-3582"
    },
    {
      "type": "Feature",
      "properties": {
        "N02_001": "11",
        "N02_002": "2",
        "N02_003": "関西線",
        "N02_004": "西日本旅客鉄道",
        "N02_005": "八尾",
        "N02_005c": "007560",
        "N02_005g": "007560",
        "sourceRow": 3583,
        "operatorCategory": "JR conventional lines"
      },
      "geometry": {
        "type": "LineString",
        "coordinates": [
          [
            135.59777,
            34.61692
          ],
          [
            135.59625,
            34.61759
          ]
        ]
      },
      "id": "N02-25-Station-3583"
    },
    {
      "type": "Feature",
      "properties": {
        "N02_001": "11",
        "N02_002": "2",
        "N02_003": "関西線",
        "N02_004": "西日本旅客鉄道",
        "N02_005": "加美",
        "N02_005c": "007524",
        "N02_005g": "007524",
        "sourceRow": 3587,
        "operatorCategory": "JR conventional lines"
      },
      "geometry": {
        "type": "LineString",
        "coordinates": [
          [
            135.56728,
            34.62674
          ],
          [
            135.56621,
            34.62702
          ]
        ]
      },
      "id": "N02-25-Station-3587"
    },
    {
      "type": "Feature",
      "properties": {
        "N02_001": "11",
        "N02_002": "2",
        "N02_003": "関西線",
        "N02_004": "西日本旅客鉄道",
        "N02_005": "天王寺",
        "N02_005c": "007445",
        "N02_005g": "007439",
        "sourceRow": 3588,
        "operatorCategory": "JR conventional lines"
      },
      "geometry": {
        "type": "LineString",
        "coordinates": [
          [
            135.51599,
            34.64646
          ],
          [
            135.51516,
            34.64667
          ]
        ]
      },
      "id": "N02-25-Station-3588"
    },
    {
      "type": "Feature",
      "properties": {
        "N02_001": "11",
        "N02_002": "2",
        "N02_003": "関西線",
        "N02_004": "西日本旅客鉄道",
        "N02_005": "平野",
        "N02_005c": "007505",
        "N02_005g": "007505",
        "sourceRow": 3592,
        "operatorCategory": "JR conventional lines"
      },
      "geometry": {
        "type": "LineString",
        "coordinates": [
          [
            135.55231,
            34.63059
          ],
          [
            135.54974,
            34.63123
          ]
        ]
      },
      "id": "N02-25-Station-3592"
    },
    {
      "type": "Feature",
      "properties": {
        "N02_001": "11",
        "N02_002": "2",
        "N02_003": "阪和線",
        "N02_004": "西日本旅客鉄道",
        "N02_005": "長居",
        "N02_005c": "007576",
        "N02_005g": "007576",
        "sourceRow": 3791,
        "operatorCategory": "JR conventional lines"
      },
      "geometry": {
        "type": "LineString",
        "coordinates": [
          [
            135.51217,
            34.60996
          ],
          [
            135.51286,
            34.61108
          ]
        ]
      },
      "id": "N02-25-Station-3791"
    },
    {
      "type": "Feature",
      "properties": {
        "N02_001": "11",
        "N02_002": "2",
        "N02_003": "阪和線",
        "N02_004": "西日本旅客鉄道",
        "N02_005": "浅香",
        "N02_005c": "007641",
        "N02_005g": "007641",
        "sourceRow": 3792,
        "operatorCategory": "JR conventional lines"
      },
      "geometry": {
        "type": "LineString",
        "coordinates": [
          [
            135.50255,
            34.58581
          ],
          [
            135.50253,
            34.58568
          ],
          [
            135.50249,
            34.58531
          ],
          [
            135.50241,
            34.58478
          ]
        ]
      },
      "id": "N02-25-Station-3792"
    },
    {
      "type": "Feature",
      "properties": {
        "N02_001": "11",
        "N02_002": "2",
        "N02_003": "阪和線",
        "N02_004": "西日本旅客鉄道",
        "N02_005": "堺市",
        "N02_005c": "007660",
        "N02_005g": "007660",
        "sourceRow": 3793,
        "operatorCategory": "JR conventional lines"
      },
      "geometry": {
        "type": "LineString",
        "coordinates": [
          [
            135.49902,
            34.57827
          ],
          [
            135.49832,
            34.57697
          ]
        ]
      },
      "id": "N02-25-Station-3793"
    },
    {
      "type": "Feature",
      "properties": {
        "N02_001": "11",
        "N02_002": "2",
        "N02_003": "阪和線",
        "N02_004": "西日本旅客鉄道",
        "N02_005": "三国ヶ丘",
        "N02_005c": "007693",
        "N02_005g": "007693",
        "sourceRow": 3794,
        "operatorCategory": "JR conventional lines"
      },
      "geometry": {
        "type": "LineString",
        "coordinates": [
          [
            135.49299,
            34.56667
          ],
          [
            135.49255,
            34.56573
          ]
        ]
      },
      "id": "N02-25-Station-3794"
    },
    {
      "type": "Feature",
      "properties": {
        "N02_001": "11",
        "N02_002": "2",
        "N02_003": "阪和線",
        "N02_004": "西日本旅客鉄道",
        "N02_005": "我孫子町",
        "N02_005c": "007595",
        "N02_005g": "007595",
        "sourceRow": 3795,
        "operatorCategory": "JR conventional lines"
      },
      "geometry": {
        "type": "LineString",
        "coordinates": [
          [
            135.50654,
            34.60168
          ],
          [
            135.50753,
            34.6029
          ]
        ]
      },
      "id": "N02-25-Station-3795"
    },
    {
      "type": "Feature",
      "properties": {
        "N02_001": "11",
        "N02_002": "2",
        "N02_003": "阪和線",
        "N02_004": "西日本旅客鉄道",
        "N02_005": "天王寺",
        "N02_005c": "007439",
        "N02_005g": "007439",
        "sourceRow": 3796,
        "operatorCategory": "JR conventional lines"
      },
      "geometry": {
        "type": "LineString",
        "coordinates": [
          [
            135.5161,
            34.64707
          ],
          [
            135.5145,
            34.64756
          ]
        ]
      },
      "id": "N02-25-Station-3796"
    },
    {
      "type": "Feature",
      "properties": {
        "N02_001": "11",
        "N02_002": "2",
        "N02_003": "阪和線",
        "N02_004": "西日本旅客鉄道",
        "N02_005": "美章園",
        "N02_005c": "007475",
        "N02_005g": "007475",
        "sourceRow": 3797,
        "operatorCategory": "JR conventional lines"
      },
      "geometry": {
        "type": "LineString",
        "coordinates": [
          [
            135.52378,
            34.63804
          ],
          [
            135.52378,
            34.63922
          ]
        ]
      },
      "id": "N02-25-Station-3797"
    },
    {
      "type": "Feature",
      "properties": {
        "N02_001": "11",
        "N02_002": "2",
        "N02_003": "阪和線",
        "N02_004": "西日本旅客鉄道",
        "N02_005": "南田辺",
        "N02_005c": "007531",
        "N02_005g": "007531",
        "sourceRow": 3798,
        "operatorCategory": "JR conventional lines"
      },
      "geometry": {
        "type": "LineString",
        "coordinates": [
          [
            135.52069,
            34.62511
          ],
          [
            135.52106,
            34.62601
          ]
        ]
      },
      "id": "N02-25-Station-3798"
    },
    {
      "type": "Feature",
      "properties": {
        "N02_001": "11",
        "N02_002": "2",
        "N02_003": "阪和線",
        "N02_004": "西日本旅客鉄道",
        "N02_005": "杉本町",
        "N02_005c": "007623",
        "N02_005g": "007623",
        "sourceRow": 3799,
        "operatorCategory": "JR conventional lines"
      },
      "geometry": {
        "type": "LineString",
        "coordinates": [
          [
            135.50297,
            34.59238
          ],
          [
            135.50307,
            34.59364
          ]
        ]
      },
      "id": "N02-25-Station-3799"
    },
    {
      "type": "Feature",
      "properties": {
        "N02_001": "11",
        "N02_002": "2",
        "N02_003": "阪和線",
        "N02_004": "西日本旅客鉄道",
        "N02_005": "鶴ヶ丘",
        "N02_005c": "007556",
        "N02_005g": "007556",
        "sourceRow": 3800,
        "operatorCategory": "JR conventional lines"
      },
      "geometry": {
        "type": "LineString",
        "coordinates": [
          [
            135.51675,
            34.6174
          ],
          [
            135.51745,
            34.61865
          ]
        ]
      },
      "id": "N02-25-Station-3800"
    },
    {
      "type": "Feature",
      "properties": {
        "N02_001": "11",
        "N02_002": "2",
        "N02_003": "阪和線",
        "N02_004": "西日本旅客鉄道",
        "N02_005": "津久野",
        "N02_005c": "007746",
        "N02_005g": "007746",
        "sourceRow": 3802,
        "operatorCategory": "JR conventional lines"
      },
      "geometry": {
        "type": "LineString",
        "coordinates": [
          [
            135.46879,
            34.54268
          ],
          [
            135.46771,
            34.54188
          ]
        ]
      },
      "id": "N02-25-Station-3802"
    },
    {
      "type": "Feature",
      "properties": {
        "N02_001": "11",
        "N02_002": "2",
        "N02_003": "阪和線",
        "N02_004": "西日本旅客鉄道",
        "N02_005": "北信太",
        "N02_005c": "007821",
        "N02_005g": "007821",
        "sourceRow": 3803,
        "operatorCategory": "JR conventional lines"
      },
      "geometry": {
        "type": "LineString",
        "coordinates": [
          [
            135.44195,
            34.51116
          ],
          [
            135.44092,
            34.50992
          ]
        ]
      },
      "id": "N02-25-Station-3803"
    },
    {
      "type": "Feature",
      "properties": {
        "N02_001": "11",
        "N02_002": "2",
        "N02_003": "阪和線",
        "N02_004": "西日本旅客鉄道",
        "N02_005": "和泉府中",
        "N02_005c": "007871",
        "N02_005g": "007871",
        "sourceRow": 3804,
        "operatorCategory": "JR conventional lines"
      },
      "geometry": {
        "type": "LineString",
        "coordinates": [
          [
            135.42441,
            34.48873
          ],
          [
            135.42333,
            34.48724
          ]
        ]
      },
      "id": "N02-25-Station-3804"
    },
    {
      "type": "Feature",
      "properties": {
        "N02_001": "11",
        "N02_002": "2",
        "N02_003": "阪和線",
        "N02_004": "西日本旅客鉄道",
        "N02_005": "上野芝",
        "N02_005c": "007735",
        "N02_005g": "007735",
        "sourceRow": 3805,
        "operatorCategory": "JR conventional lines"
      },
      "geometry": {
        "type": "LineString",
        "coordinates": [
          [
            135.47893,
            34.55003
          ],
          [
            135.47714,
            34.54877
          ],
          [
            135.47712,
            34.54875
          ]
        ]
      },
      "id": "N02-25-Station-3805"
    },
    {
      "type": "Feature",
      "properties": {
        "N02_001": "11",
        "N02_002": "2",
        "N02_003": "阪和線",
        "N02_004": "西日本旅客鉄道",
        "N02_005": "下松",
        "N02_005c": "007928",
        "N02_005g": "007928",
        "sourceRow": 3811,
        "operatorCategory": "JR conventional lines"
      },
      "geometry": {
        "type": "LineString",
        "coordinates": [
          [
            135.39739,
            34.45788
          ],
          [
            135.39648,
            34.45698
          ]
        ]
      },
      "id": "N02-25-Station-3811"
    },
    {
      "type": "Feature",
      "properties": {
        "N02_001": "11",
        "N02_002": "2",
        "N02_003": "阪和線",
        "N02_004": "西日本旅客鉄道",
        "N02_005": "信太山",
        "N02_005c": "007841",
        "N02_005g": "007841",
        "sourceRow": 3814,
        "operatorCategory": "JR conventional lines"
      },
      "geometry": {
        "type": "LineString",
        "coordinates": [
          [
            135.43346,
            34.50089
          ],
          [
            135.43247,
            34.49963
          ]
        ]
      },
      "id": "N02-25-Station-3814"
    },
    {
      "type": "Feature",
      "properties": {
        "N02_001": "11",
        "N02_002": "2",
        "N02_003": "阪和線",
        "N02_004": "西日本旅客鉄道",
        "N02_005": "鳳",
        "N02_005c": "007773",
        "N02_005g": "007773",
        "sourceRow": 3816,
        "operatorCategory": "JR conventional lines"
      },
      "geometry": {
        "type": "LineString",
        "coordinates": [
          [
            135.45954,
            34.5327
          ],
          [
            135.45918,
            34.53227
          ],
          [
            135.45817,
            34.53101
          ]
        ]
      },
      "id": "N02-25-Station-3816"
    },
    {
      "type": "Feature",
      "properties": {
        "N02_001": "11",
        "N02_002": "2",
        "N02_003": "阪和線",
        "N02_004": "西日本旅客鉄道",
        "N02_005": "百舌鳥",
        "N02_005c": "007709",
        "N02_005g": "007709",
        "sourceRow": 3817,
        "operatorCategory": "JR conventional lines"
      },
      "geometry": {
        "type": "LineString",
        "coordinates": [
          [
            135.48953,
            34.55921
          ],
          [
            135.48875,
            34.55787
          ]
        ]
      },
      "id": "N02-25-Station-3817"
    },
    {
      "type": "Feature",
      "properties": {
        "N02_001": "11",
        "N02_002": "2",
        "N02_003": "阪和線",
        "N02_004": "西日本旅客鉄道",
        "N02_005": "東羽衣",
        "N02_005c": "007762",
        "N02_005g": "007762",
        "sourceRow": 3819,
        "operatorCategory": "JR conventional lines"
      },
      "geometry": {
        "type": "LineString",
        "coordinates": [
          [
            135.44249,
            34.53519
          ],
          [
            135.44311,
            34.53482
          ]
        ]
      },
      "id": "N02-25-Station-3819"
    },
    {
      "type": "Feature",
      "properties": {
        "N02_001": "11",
        "N02_002": "2",
        "N02_003": "阪和線",
        "N02_004": "西日本旅客鉄道",
        "N02_005": "久米田",
        "N02_005c": "007913",
        "N02_005g": "007913",
        "sourceRow": 3820,
        "operatorCategory": "JR conventional lines"
      },
      "geometry": {
        "type": "LineString",
        "coordinates": [
          [
            135.40597,
            34.46614
          ],
          [
            135.40502,
            34.46523
          ]
        ]
      },
      "id": "N02-25-Station-3820"
    },
    {
      "type": "Feature",
      "properties": {
        "N02_001": "11",
        "N02_002": "2",
        "N02_003": "阪和線",
        "N02_004": "西日本旅客鉄道",
        "N02_005": "富木",
        "N02_005c": "007791",
        "N02_005g": "007791",
        "sourceRow": 3824,
        "operatorCategory": "JR conventional lines"
      },
      "geometry": {
        "type": "LineString",
        "coordinates": [
          [
            135.45166,
            34.52306
          ],
          [
            135.45078,
            34.52198
          ]
        ]
      },
      "id": "N02-25-Station-3824"
    },
    {
      "type": "Feature",
      "properties": {
        "N02_001": "11",
        "N02_002": "2",
        "N02_003": "阪和線",
        "N02_004": "西日本旅客鉄道",
        "N02_005": "鳳",
        "N02_005c": "007773",
        "N02_005g": "007773",
        "sourceRow": 3826,
        "operatorCategory": "JR conventional lines"
      },
      "geometry": {
        "type": "LineString",
        "coordinates": [
          [
            135.4583,
            34.53169
          ],
          [
            135.45883,
            34.53233
          ]
        ]
      },
      "id": "N02-25-Station-3826"
    },
    {
      "type": "Feature",
      "properties": {
        "N02_001": "11",
        "N02_002": "2",
        "N02_003": "桜島線",
        "N02_004": "西日本旅客鉄道",
        "N02_005": "西九条",
        "N02_005c": "007187",
        "N02_005g": "007187",
        "sourceRow": 3842,
        "operatorCategory": "JR conventional lines"
      },
      "geometry": {
        "type": "LineString",
        "coordinates": [
          [
            135.46765,
            34.68342
          ],
          [
            135.4669,
            34.68275
          ],
          [
            135.46625,
            34.68215
          ]
        ]
      },
      "id": "N02-25-Station-3842"
    },
    {
      "type": "Feature",
      "properties": {
        "N02_001": "11",
        "N02_002": "2",
        "N02_003": "桜島線",
        "N02_004": "西日本旅客鉄道",
        "N02_005": "ユニバーサルシティ",
        "N02_005c": "007300",
        "N02_005g": "007300",
        "sourceRow": 3843,
        "operatorCategory": "JR conventional lines"
      },
      "geometry": {
        "type": "LineString",
        "coordinates": [
          [
            135.43802,
            34.66725
          ],
          [
            135.43911,
            34.66843
          ]
        ]
      },
      "id": "N02-25-Station-3843"
    },
    {
      "type": "Feature",
      "properties": {
        "N02_001": "11",
        "N02_002": "2",
        "N02_003": "桜島線",
        "N02_004": "西日本旅客鉄道",
        "N02_005": "桜島",
        "N02_005c": "007364",
        "N02_005g": "007364",
        "sourceRow": 3844,
        "operatorCategory": "JR conventional lines"
      },
      "geometry": {
        "type": "LineString",
        "coordinates": [
          [
            135.43209,
            34.66188
          ],
          [
            135.43199,
            34.66208
          ],
          [
            135.43306,
            34.66247
          ]
        ]
      },
      "id": "N02-25-Station-3844"
    },
    {
      "type": "Feature",
      "properties": {
        "N02_001": "11",
        "N02_002": "2",
        "N02_003": "桜島線",
        "N02_004": "西日本旅客鉄道",
        "N02_005": "安治川口",
        "N02_005c": "007275",
        "N02_005g": "007275",
        "sourceRow": 3845,
        "operatorCategory": "JR conventional lines"
      },
      "geometry": {
        "type": "LineString",
        "coordinates": [
          [
            135.4442,
            34.67369
          ],
          [
            135.44354,
            34.67308
          ]
        ]
      },
      "id": "N02-25-Station-3845"
    },
    {
      "type": "Feature",
      "properties": {
        "N02_001": "11",
        "N02_002": "1",
        "N02_003": "山陽新幹線",
        "N02_004": "西日本旅客鉄道",
        "N02_005": "新大阪",
        "N02_005c": "006911",
        "N02_005g": "006911",
        "sourceRow": 4033,
        "operatorCategory": "JR Shinkansen"
      },
      "geometry": {
        "type": "LineString",
        "coordinates": [
          [
            135.49782,
            34.73293
          ],
          [
            135.50225,
            34.73443
          ]
        ]
      },
      "id": "N02-25-Station-4033"
    },
    {
      "type": "Feature",
      "properties": {
        "N02_001": "11",
        "N02_002": "1",
        "N02_003": "山陽新幹線",
        "N02_004": "西日本旅客鉄道",
        "N02_005": "新大阪",
        "N02_005c": "006911",
        "N02_005g": "006911",
        "sourceRow": 4034,
        "operatorCategory": "JR Shinkansen"
      },
      "geometry": {
        "type": "LineString",
        "coordinates": [
          [
            135.49791,
            34.73268
          ],
          [
            135.50238,
            34.73412
          ]
        ]
      },
      "id": "N02-25-Station-4034"
    },
    {
      "type": "Feature",
      "properties": {
        "N02_001": "11",
        "N02_002": "1",
        "N02_003": "山陽新幹線",
        "N02_004": "西日本旅客鉄道",
        "N02_005": "新神戸",
        "N02_005c": "007039",
        "N02_005g": "007054",
        "sourceRow": 4035,
        "operatorCategory": "JR Shinkansen"
      },
      "geometry": {
        "type": "LineString",
        "coordinates": [
          [
            135.19866,
            34.7083
          ],
          [
            135.19792,
            34.70781
          ],
          [
            135.19655,
            34.70699
          ],
          [
            135.19501,
            34.70618
          ]
        ]
      },
      "id": "N02-25-Station-4035"
    },
    {
      "type": "Feature",
      "properties": {
        "N02_001": "11",
        "N02_002": "1",
        "N02_003": "山陽新幹線",
        "N02_004": "西日本旅客鉄道",
        "N02_005": "西明石",
        "N02_005c": "007307",
        "N02_005g": "007307",
        "sourceRow": 4036,
        "operatorCategory": "JR Shinkansen"
      },
      "geometry": {
        "type": "LineString",
        "coordinates": [
          [
            134.96204,
            34.66688
          ],
          [
            134.96136,
            34.66694
          ],
          [
            134.95833,
            34.66724
          ]
        ]
      },
      "id": "N02-25-Station-4036"
    },
    {
      "type": "Feature",
      "properties": {
        "N02_001": "11",
        "N02_002": "2",
        "N02_003": "山陽線",
        "N02_004": "西日本旅客鉄道",
        "N02_005": "宝殿",
        "N02_005c": "006698",
        "N02_005g": "006698",
        "sourceRow": 4054,
        "operatorCategory": "JR conventional lines"
      },
      "geometry": {
        "type": "LineString",
        "coordinates": [
          [
            134.81368,
            34.78421
          ],
          [
            134.81321,
            34.78438
          ],
          [
            134.81069,
            34.78534
          ]
        ]
      },
      "id": "N02-25-Station-4054"
    },
    {
      "type": "Feature",
      "properties": {
        "N02_001": "11",
        "N02_002": "2",
        "N02_003": "山陽線",
        "N02_004": "西日本旅客鉄道",
        "N02_005": "土山",
        "N02_005c": "006969",
        "N02_005g": "006969",
        "sourceRow": 4055,
        "operatorCategory": "JR conventional lines"
      },
      "geometry": {
        "type": "LineString",
        "coordinates": [
          [
            134.88964,
            34.71925
          ],
          [
            134.88903,
            34.72031
          ],
          [
            134.8884,
            34.72139
          ]
        ]
      },
      "id": "N02-25-Station-4055"
    },
    {
      "type": "Feature",
      "properties": {
        "N02_001": "11",
        "N02_002": "2",
        "N02_003": "山陽線",
        "N02_004": "西日本旅客鉄道",
        "N02_005": "東加古川",
        "N02_005c": "006854",
        "N02_005g": "006854",
        "sourceRow": 4056,
        "operatorCategory": "JR conventional lines"
      },
      "geometry": {
        "type": "LineString",
        "coordinates": [
          [
            134.86995,
            34.74495
          ],
          [
            134.8686,
            34.74642
          ]
        ]
      },
      "id": "N02-25-Station-4056"
    },
    {
      "type": "Feature",
      "properties": {
        "N02_001": "11",
        "N02_002": "2",
        "N02_003": "山陽線",
        "N02_004": "西日本旅客鉄道",
        "N02_005": "神戸",
        "N02_005c": "007224",
        "N02_005g": "007224",
        "sourceRow": 4058,
        "operatorCategory": "JR conventional lines"
      },
      "geometry": {
        "type": "LineString",
        "coordinates": [
          [
            135.17838,
            34.68057
          ],
          [
            135.17806,
            34.67787
          ]
        ]
      },
      "id": "N02-25-Station-4058"
    },
    {
      "type": "Feature",
      "properties": {
        "N02_001": "11",
        "N02_002": "2",
        "N02_003": "山陽線",
        "N02_004": "西日本旅客鉄道",
        "N02_005": "加古川",
        "N02_005c": "006755",
        "N02_005g": "006754",
        "sourceRow": 4059,
        "operatorCategory": "JR conventional lines"
      },
      "geometry": {
        "type": "LineString",
        "coordinates": [
          [
            134.84042,
            34.76665
          ],
          [
            134.83861,
            34.76846
          ]
        ]
      },
      "id": "N02-25-Station-4059"
    },
    {
      "type": "Feature",
      "properties": {
        "N02_001": "11",
        "N02_002": "2",
        "N02_003": "山陽線",
        "N02_004": "西日本旅客鉄道",
        "N02_005": "西明石",
        "N02_005c": "007328",
        "N02_005g": "007307",
        "sourceRow": 4060,
        "operatorCategory": "JR conventional lines"
      },
      "geometry": {
        "type": "LineString",
        "coordinates": [
          [
            134.9608,
            34.66547
          ],
          [
            134.96004,
            34.66597
          ],
          [
            134.95972,
            34.6662
          ]
        ]
      },
      "id": "N02-25-Station-4060"
    },
    {
      "type": "Feature",
      "properties": {
        "N02_001": "11",
        "N02_002": "2",
        "N02_003": "山陽線",
        "N02_004": "西日本旅客鉄道",
        "N02_005": "兵庫",
        "N02_005c": "007298",
        "N02_005g": "007298",
        "sourceRow": 4062,
        "operatorCategory": "JR conventional lines"
      },
      "geometry": {
        "type": "LineString",
        "coordinates": [
          [
            135.16477366,
            34.6680001
          ],
          [
            135.16373106,
            34.66739154
          ]
        ]
      },
      "id": "N02-25-Station-4062"
    },
    {
      "type": "Feature",
      "properties": {
        "N02_001": "11",
        "N02_002": "2",
        "N02_003": "山陽線",
        "N02_004": "西日本旅客鉄道",
        "N02_005": "魚住",
        "N02_005c": "007096",
        "N02_005g": "007096",
        "sourceRow": 4064,
        "operatorCategory": "JR conventional lines"
      },
      "geometry": {
        "type": "LineString",
        "coordinates": [
          [
            134.90701,
            34.69554
          ],
          [
            134.90521,
            34.69734
          ]
        ]
      },
      "id": "N02-25-Station-4064"
    },
    {
      "type": "Feature",
      "properties": {
        "N02_001": "11",
        "N02_002": "2",
        "N02_003": "山陽線",
        "N02_004": "西日本旅客鉄道",
        "N02_005": "兵庫",
        "N02_005c": "007298",
        "N02_005g": "007298",
        "sourceRow": 4065,
        "operatorCategory": "JR conventional lines"
      },
      "geometry": {
        "type": "LineString",
        "coordinates": [
          [
            135.16575,
            34.6687
          ],
          [
            135.1635,
            34.66746
          ]
        ]
      },
      "id": "N02-25-Station-4065"
    },
    {
      "type": "Feature",
      "properties": {
        "N02_001": "11",
        "N02_002": "2",
        "N02_003": "山陽線",
        "N02_004": "西日本旅客鉄道",
        "N02_005": "大久保",
        "N02_005c": "007196",
        "N02_005g": "007196",
        "sourceRow": 4068,
        "operatorCategory": "JR conventional lines"
      },
      "geometry": {
        "type": "LineString",
        "coordinates": [
          [
            134.94025,
            34.68119
          ],
          [
            134.9381,
            34.68278
          ]
        ]
      },
      "id": "N02-25-Station-4068"
    },
    {
      "type": "Feature",
      "properties": {
        "N02_001": "11",
        "N02_002": "2",
        "N02_003": "山陽線",
        "N02_004": "西日本旅客鉄道",
        "N02_005": "和田岬",
        "N02_005c": "007389",
        "N02_005g": "007385",
        "sourceRow": 4069,
        "operatorCategory": "JR conventional lines"
      },
      "geometry": {
        "type": "LineString",
        "coordinates": [
          [
            135.17442,
            34.65722
          ],
          [
            135.17309,
            34.65778
          ]
        ]
      },
      "id": "N02-25-Station-4069"
    },
    {
      "type": "Feature",
      "properties": {
        "N02_001": "11",
        "N02_002": "2",
        "N02_003": "山陽線",
        "N02_004": "西日本旅客鉄道",
        "N02_005": "垂水",
        "N02_005c": "007516",
        "N02_005g": "007516",
        "sourceRow": 4070,
        "operatorCategory": "JR conventional lines"
      },
      "geometry": {
        "type": "LineString",
        "coordinates": [
          [
            135.05475,
            34.62916
          ],
          [
            135.05296,
            34.62902
          ]
        ]
      },
      "id": "N02-25-Station-4070"
    },
    {
      "type": "Feature",
      "properties": {
        "N02_001": "11",
        "N02_002": "2",
        "N02_003": "山陽線",
        "N02_004": "西日本旅客鉄道",
        "N02_005": "新長田",
        "N02_005c": "007386",
        "N02_005g": "007386",
        "sourceRow": 4071,
        "operatorCategory": "JR conventional lines"
      },
      "geometry": {
        "type": "LineString",
        "coordinates": [
          [
            135.14655,
            34.65825
          ],
          [
            135.14601,
            34.65793
          ],
          [
            135.145789,
            34.657799
          ],
          [
            135.14555,
            34.65766
          ],
          [
            135.14514,
            34.65744
          ],
          [
            135.1448,
            34.65727
          ]
        ]
      },
      "id": "N02-25-Station-4071"
    },
    {
      "type": "Feature",
      "properties": {
        "N02_001": "11",
        "N02_002": "2",
        "N02_003": "山陽線",
        "N02_004": "西日本旅客鉄道",
        "N02_005": "明石",
        "N02_005c": "007428",
        "N02_005g": "007428",
        "sourceRow": 4072,
        "operatorCategory": "JR conventional lines"
      },
      "geometry": {
        "type": "LineString",
        "coordinates": [
          [
            134.99456,
            34.64888
          ],
          [
            134.99416,
            34.64892
          ],
          [
            134.99081,
            34.6493
          ]
        ]
      },
      "id": "N02-25-Station-4072"
    },
    {
      "type": "Feature",
      "properties": {
        "N02_001": "11",
        "N02_002": "2",
        "N02_003": "山陽線",
        "N02_004": "西日本旅客鉄道",
        "N02_005": "舞子",
        "N02_005c": "007497",
        "N02_005g": "007497",
        "sourceRow": 4073,
        "operatorCategory": "JR conventional lines"
      },
      "geometry": {
        "type": "LineString",
        "coordinates": [
          [
            135.03479,
            34.63281
          ],
          [
            135.03368,
            34.63368
          ]
        ]
      },
      "id": "N02-25-Station-4073"
    },
    {
      "type": "Feature",
      "properties": {
        "N02_001": "11",
        "N02_002": "2",
        "N02_003": "山陽線",
        "N02_004": "西日本旅客鉄道",
        "N02_005": "朝霧",
        "N02_005c": "007453",
        "N02_005g": "007453",
        "sourceRow": 4074,
        "operatorCategory": "JR conventional lines"
      },
      "geometry": {
        "type": "LineString",
        "coordinates": [
          [
            135.01819,
            34.64402
          ],
          [
            135.01677,
            34.64446
          ]
        ]
      },
      "id": "N02-25-Station-4074"
    },
    {
      "type": "Feature",
      "properties": {
        "N02_001": "11",
        "N02_002": "2",
        "N02_003": "山陽線",
        "N02_004": "西日本旅客鉄道",
        "N02_005": "塩屋",
        "N02_005c": "007495",
        "N02_005g": "007495",
        "sourceRow": 4075,
        "operatorCategory": "JR conventional lines"
      },
      "geometry": {
        "type": "LineString",
        "coordinates": [
          [
            135.08412,
            34.63388
          ],
          [
            135.0834,
            34.63376
          ],
          [
            135.08297,
            34.63367
          ],
          [
            135.08262,
            34.63357
          ]
        ]
      },
      "id": "N02-25-Station-4075"
    },
    {
      "type": "Feature",
      "properties": {
        "N02_001": "11",
        "N02_002": "2",
        "N02_003": "山陽線",
        "N02_004": "西日本旅客鉄道",
        "N02_005": "鷹取",
        "N02_005c": "007417",
        "N02_005g": "007417",
        "sourceRow": 4076,
        "operatorCategory": "JR conventional lines"
      },
      "geometry": {
        "type": "LineString",
        "coordinates": [
          [
            135.13682,
            34.65257
          ],
          [
            135.13539,
            34.65175
          ],
          [
            135.13489,
            34.65146
          ],
          [
            135.13431,
            34.65113
          ]
        ]
      },
      "id": "N02-25-Station-4076"
    },
    {
      "type": "Feature",
      "properties": {
        "N02_001": "11",
        "N02_002": "2",
        "N02_003": "山陽線",
        "N02_004": "西日本旅客鉄道",
        "N02_005": "須磨",
        "N02_005c": "007466",
        "N02_005g": "007466",
        "sourceRow": 4077,
        "operatorCategory": "JR conventional lines"
      },
      "geometry": {
        "type": "LineString",
        "coordinates": [
          [
            135.1141,
            34.64253
          ],
          [
            135.11121,
            34.642
          ]
        ]
      },
      "id": "N02-25-Station-4077"
    },
    {
      "type": "Feature",
      "properties": {
        "N02_001": "11",
        "N02_002": "2",
        "N02_003": "大阪環状線",
        "N02_004": "西日本旅客鉄道",
        "N02_005": "桜ノ宮",
        "N02_005c": "007050",
        "N02_005g": "007050",
        "sourceRow": 4277,
        "operatorCategory": "JR conventional lines"
      },
      "geometry": {
        "type": "LineString",
        "coordinates": [
          [
            135.52163,
            34.7052
          ],
          [
            135.52143,
            34.70517
          ],
          [
            135.52109,
            34.70509
          ],
          [
            135.52069,
            34.70496
          ],
          [
            135.52029,
            34.70483
          ]
        ]
      },
      "id": "N02-25-Station-4277"
    },
    {
      "type": "Feature",
      "properties": {
        "N02_001": "11",
        "N02_002": "2",
        "N02_003": "大阪環状線",
        "N02_004": "西日本旅客鉄道",
        "N02_005": "大正",
        "N02_005c": "007336",
        "N02_005g": "007327",
        "sourceRow": 4278,
        "operatorCategory": "JR conventional lines"
      },
      "geometry": {
        "type": "LineString",
        "coordinates": [
          [
            135.47903,
            34.66587
          ],
          [
            135.48096,
            34.66516
          ]
        ]
      },
      "id": "N02-25-Station-4278"
    },
    {
      "type": "Feature",
      "properties": {
        "N02_001": "11",
        "N02_002": "2",
        "N02_003": "大阪環状線",
        "N02_004": "西日本旅客鉄道",
        "N02_005": "玉造",
        "N02_005c": "007272",
        "N02_005g": "007260",
        "sourceRow": 4279,
        "operatorCategory": "JR conventional lines"
      },
      "geometry": {
        "type": "LineString",
        "coordinates": [
          [
            135.53271,
            34.67273
          ],
          [
            135.53304,
            34.67431
          ]
        ]
      },
      "id": "N02-25-Station-4279"
    },
    {
      "type": "Feature",
      "properties": {
        "N02_001": "11",
        "N02_002": "2",
        "N02_003": "大阪環状線",
        "N02_004": "西日本旅客鉄道",
        "N02_005": "芦原橋",
        "N02_005c": "007379",
        "N02_005g": "007379",
        "sourceRow": 4280,
        "operatorCategory": "JR conventional lines"
      },
      "geometry": {
        "type": "LineString",
        "coordinates": [
          [
            135.48964,
            34.65814
          ],
          [
            135.48874,
            34.65901
          ]
        ]
      },
      "id": "N02-25-Station-4280"
    },
    {
      "type": "Feature",
      "properties": {
        "N02_001": "11",
        "N02_002": "2",
        "N02_003": "大阪環状線",
        "N02_004": "西日本旅客鉄道",
        "N02_005": "野田",
        "N02_005c": "007159",
        "N02_005g": "007159",
        "sourceRow": 4281,
        "operatorCategory": "JR conventional lines"
      },
      "geometry": {
        "type": "LineString",
        "coordinates": [
          [
            135.47567,
            34.6895
          ],
          [
            135.47419,
            34.68837
          ]
        ]
      },
      "id": "N02-25-Station-4281"
    },
    {
      "type": "Feature",
      "properties": {
        "N02_001": "11",
        "N02_002": "2",
        "N02_003": "大阪環状線",
        "N02_004": "西日本旅客鉄道",
        "N02_005": "鶴橋",
        "N02_005c": "007330",
        "N02_005g": "007330",
        "sourceRow": 4282,
        "operatorCategory": "JR conventional lines"
      },
      "geometry": {
        "type": "LineString",
        "coordinates": [
          [
            135.5307,
            34.66679
          ],
          [
            135.53023,
            34.66532
          ],
          [
            135.53014,
            34.66503
          ],
          [
            135.53004,
            34.66471
          ]
        ]
      },
      "id": "N02-25-Station-4282"
    },
    {
      "type": "Feature",
      "properties": {
        "N02_001": "11",
        "N02_002": "2",
        "N02_003": "大阪環状線",
        "N02_004": "西日本旅客鉄道",
        "N02_005": "弁天町",
        "N02_005c": "007285",
        "N02_005g": "007285",
        "sourceRow": 4283,
        "operatorCategory": "JR conventional lines"
      },
      "geometry": {
        "type": "LineString",
        "coordinates": [
          [
            135.46157,
            34.67076
          ],
          [
            135.46182,
            34.67031
          ],
          [
            135.46204,
            34.66992
          ],
          [
            135.46238,
            34.66929
          ]
        ]
      },
      "id": "N02-25-Station-4283"
    },
    {
      "type": "Feature",
      "properties": {
        "N02_001": "11",
        "N02_002": "2",
        "N02_003": "大阪環状線",
        "N02_004": "西日本旅客鉄道",
        "N02_005": "西九条",
        "N02_005c": "007188",
        "N02_005g": "007187",
        "sourceRow": 4284,
        "operatorCategory": "JR conventional lines"
      },
      "geometry": {
        "type": "LineString",
        "coordinates": [
          [
            135.46765,
            34.68342
          ],
          [
            135.4669,
            34.68275
          ],
          [
            135.46625,
            34.68215
          ]
        ]
      },
      "id": "N02-25-Station-4284"
    },
    {
      "type": "Feature",
      "properties": {
        "N02_001": "11",
        "N02_002": "2",
        "N02_003": "大阪環状線",
        "N02_004": "西日本旅客鉄道",
        "N02_005": "大阪城公園",
        "N02_005c": "007164",
        "N02_005g": "007164",
        "sourceRow": 4285,
        "operatorCategory": "JR conventional lines"
      },
      "geometry": {
        "type": "LineString",
        "coordinates": [
          [
            135.53427,
            34.68688
          ],
          [
            135.53436,
            34.68772
          ],
          [
            135.53444,
            34.68826
          ],
          [
            135.53454,
            34.68879
          ]
        ]
      },
      "id": "N02-25-Station-4285"
    },
    {
      "type": "Feature",
      "properties": {
        "N02_001": "11",
        "N02_002": "2",
        "N02_003": "大阪環状線",
        "N02_004": "西日本旅客鉄道",
        "N02_005": "福島",
        "N02_005c": "007091",
        "N02_005g": "007091",
        "sourceRow": 4286,
        "operatorCategory": "JR conventional lines"
      },
      "geometry": {
        "type": "LineString",
        "coordinates": [
          [
            135.48736,
            34.69757
          ],
          [
            135.4858,
            34.69679
          ]
        ]
      },
      "id": "N02-25-Station-4286"
    },
    {
      "type": "Feature",
      "properties": {
        "N02_001": "11",
        "N02_002": "2",
        "N02_003": "大阪環状線",
        "N02_004": "西日本旅客鉄道",
        "N02_005": "京橋",
        "N02_005c": "007095",
        "N02_005g": "007093",
        "sourceRow": 4287,
        "operatorCategory": "JR conventional lines"
      },
      "geometry": {
        "type": "LineString",
        "coordinates": [
          [
            135.53358,
            34.69761
          ],
          [
            135.53422,
            34.69617
          ],
          [
            135.53432,
            34.69593
          ]
        ]
      },
      "id": "N02-25-Station-4287"
    },
    {
      "type": "Feature",
      "properties": {
        "N02_001": "11",
        "N02_002": "2",
        "N02_003": "大阪環状線",
        "N02_004": "西日本旅客鉄道",
        "N02_005": "天満",
        "N02_005c": "007051",
        "N02_005g": "007051",
        "sourceRow": 4288,
        "operatorCategory": "JR conventional lines"
      },
      "geometry": {
        "type": "LineString",
        "coordinates": [
          [
            135.51317,
            34.70443
          ],
          [
            135.51157,
            34.70545
          ]
        ]
      },
      "id": "N02-25-Station-4288"
    },
    {
      "type": "Feature",
      "properties": {
        "N02_001": "11",
        "N02_002": "2",
        "N02_003": "大阪環状線",
        "N02_004": "西日本旅客鉄道",
        "N02_005": "大阪",
        "N02_005c": "007069",
        "N02_005g": "007068",
        "sourceRow": 4289,
        "operatorCategory": "JR conventional lines"
      },
      "geometry": {
        "type": "LineString",
        "coordinates": [
          [
            135.49719,
            34.70289
          ],
          [
            135.49705,
            34.70281
          ],
          [
            135.49456,
            34.70144
          ]
        ]
      },
      "id": "N02-25-Station-4289"
    },
    {
      "type": "Feature",
      "properties": {
        "N02_001": "11",
        "N02_002": "2",
        "N02_003": "大阪環状線",
        "N02_004": "西日本旅客鉄道",
        "N02_005": "森ノ宮",
        "N02_005c": "007212",
        "N02_005g": "007202",
        "sourceRow": 4290,
        "operatorCategory": "JR conventional lines"
      },
      "geometry": {
        "type": "LineString",
        "coordinates": [
          [
            135.53408,
            34.67983
          ],
          [
            135.53397,
            34.68108
          ]
        ]
      },
      "id": "N02-25-Station-4290"
    },
    {
      "type": "Feature",
      "properties": {
        "N02_001": "11",
        "N02_002": "2",
        "N02_003": "大阪環状線",
        "N02_004": "西日本旅客鉄道",
        "N02_005": "桃谷",
        "N02_005c": "007380",
        "N02_005g": "007380",
        "sourceRow": 4291,
        "operatorCategory": "JR conventional lines"
      },
      "geometry": {
        "type": "LineString",
        "coordinates": [
          [
            135.52823,
            34.65925
          ],
          [
            135.52777,
            34.65781
          ]
        ]
      },
      "id": "N02-25-Station-4291"
    },
    {
      "type": "Feature",
      "properties": {
        "N02_001": "11",
        "N02_002": "2",
        "N02_003": "大阪環状線",
        "N02_004": "西日本旅客鉄道",
        "N02_005": "今宮",
        "N02_005c": "007408",
        "N02_005g": "007407",
        "sourceRow": 4292,
        "operatorCategory": "JR conventional lines"
      },
      "geometry": {
        "type": "LineString",
        "coordinates": [
          [
            135.49235,
            34.65467
          ],
          [
            135.49239,
            34.65458
          ],
          [
            135.49271,
            34.65394
          ],
          [
            135.49301,
            34.65341
          ]
        ]
      },
      "id": "N02-25-Station-4292"
    },
    {
      "type": "Feature",
      "properties": {
        "N02_001": "11",
        "N02_002": "2",
        "N02_003": "大阪環状線",
        "N02_004": "西日本旅客鉄道",
        "N02_005": "寺田町",
        "N02_005c": "007434",
        "N02_005g": "007434",
        "sourceRow": 4293,
        "operatorCategory": "JR conventional lines"
      },
      "geometry": {
        "type": "LineString",
        "coordinates": [
          [
            135.52401,
            34.64833
          ],
          [
            135.52319,
            34.64755
          ]
        ]
      },
      "id": "N02-25-Station-4293"
    },
    {
      "type": "Feature",
      "properties": {
        "N02_001": "11",
        "N02_002": "2",
        "N02_003": "大阪環状線",
        "N02_004": "西日本旅客鉄道",
        "N02_005": "新今宮",
        "N02_005c": "007424",
        "N02_005g": "007423",
        "sourceRow": 4294,
        "operatorCategory": "JR conventional lines"
      },
      "geometry": {
        "type": "LineString",
        "coordinates": [
          [
            135.50292,
            34.64962
          ],
          [
            135.50066,
            34.65019
          ]
        ]
      },
      "id": "N02-25-Station-4294"
    },
    {
      "type": "Feature",
      "properties": {
        "N02_001": "11",
        "N02_002": "2",
        "N02_003": "大阪環状線",
        "N02_004": "西日本旅客鉄道",
        "N02_005": "天王寺",
        "N02_005c": "007443",
        "N02_005g": "007439",
        "sourceRow": 4295,
        "operatorCategory": "JR conventional lines"
      },
      "geometry": {
        "type": "LineString",
        "coordinates": [
          [
            135.51602,
            34.64665
          ],
          [
            135.51522,
            34.64685
          ]
        ]
      },
      "id": "N02-25-Station-4295"
    },
    {
      "type": "Feature",
      "properties": {
        "N02_001": "11",
        "N02_002": "2",
        "N02_003": "東海道線",
        "N02_004": "西日本旅客鉄道",
        "N02_005": "摂津富田",
        "N02_005c": "006467",
        "N02_005g": "006467",
        "sourceRow": 4348,
        "operatorCategory": "JR conventional lines"
      },
      "geometry": {
        "type": "LineString",
        "coordinates": [
          [
            135.59421,
            34.83819
          ],
          [
            135.59245,
            34.83717
          ]
        ]
      },
      "id": "N02-25-Station-4348"
    },
    {
      "type": "Feature",
      "properties": {
        "N02_001": "11",
        "N02_002": "2",
        "N02_003": "東海道線",
        "N02_004": "西日本旅客鉄道",
        "N02_005": "千里丘",
        "N02_005c": "006672",
        "N02_005g": "006672",
        "sourceRow": 4349,
        "operatorCategory": "JR conventional lines"
      },
      "geometry": {
        "type": "LineString",
        "coordinates": [
          [
            135.55178,
            34.79209
          ],
          [
            135.55136,
            34.79134
          ],
          [
            135.55112,
            34.79089
          ]
        ]
      },
      "id": "N02-25-Station-4349"
    },
    {
      "type": "Feature",
      "properties": {
        "N02_001": "11",
        "N02_002": "2",
        "N02_003": "東海道線",
        "N02_004": "西日本旅客鉄道",
        "N02_005": "新大阪",
        "N02_005c": "006910",
        "N02_005g": "006911",
        "sourceRow": 4350,
        "operatorCategory": "JR conventional lines"
      },
      "geometry": {
        "type": "LineString",
        "coordinates": [
          [
            135.50174,
            34.73269
          ],
          [
            135.5018088,
            34.73309031
          ],
          [
            135.50188732,
            34.73352575
          ],
          [
            135.50201,
            34.73412
          ],
          [
            135.50217,
            34.73464
          ],
          [
            135.50239,
            34.73536
          ]
        ]
      },
      "id": "N02-25-Station-4350"
    },
    {
      "type": "Feature",
      "properties": {
        "N02_001": "11",
        "N02_002": "2",
        "N02_003": "東海道線",
        "N02_004": "西日本旅客鉄道",
        "N02_005": "大阪",
        "N02_005c": "007068",
        "N02_005g": "007068",
        "sourceRow": 4351,
        "operatorCategory": "JR conventional lines"
      },
      "geometry": {
        "type": "LineString",
        "coordinates": [
          [
            135.49675,
            34.7033
          ],
          [
            135.49322,
            34.70169
          ]
        ]
      },
      "id": "N02-25-Station-4351"
    },
    {
      "type": "Feature",
      "properties": {
        "N02_001": "11",
        "N02_002": "2",
        "N02_003": "東海道線",
        "N02_004": "西日本旅客鉄道",
        "N02_005": "大阪",
        "N02_005c": "007068",
        "N02_005g": "007068",
        "sourceRow": 4352,
        "operatorCategory": "JR conventional lines"
      },
      "geometry": {
        "type": "LineString",
        "coordinates": [
          [
            135.49322,
            34.70169
          ],
          [
            135.49665,
            34.70343
          ]
        ]
      },
      "id": "N02-25-Station-4352"
    },
    {
      "type": "Feature",
      "properties": {
        "N02_001": "11",
        "N02_002": "2",
        "N02_003": "東海道線",
        "N02_004": "西日本旅客鉄道",
        "N02_005": "吹田",
        "N02_005c": "006779",
        "N02_005g": "006779",
        "sourceRow": 4353,
        "operatorCategory": "JR conventional lines"
      },
      "geometry": {
        "type": "LineString",
        "coordinates": [
          [
            135.52458,
            34.76399
          ],
          [
            135.52295,
            34.76245
          ]
        ]
      },
      "id": "N02-25-Station-4353"
    },
    {
      "type": "Feature",
      "properties": {
        "N02_001": "11",
        "N02_002": "2",
        "N02_003": "東海道線",
        "N02_004": "西日本旅客鉄道",
        "N02_005": "大阪",
        "N02_005c": "007068",
        "N02_005g": "007068",
        "sourceRow": 4354,
        "operatorCategory": "JR conventional lines"
      },
      "geometry": {
        "type": "LineString",
        "coordinates": [
          [
            135.4969,
            34.70306
          ],
          [
            135.49329,
            34.70159
          ]
        ]
      },
      "id": "N02-25-Station-4354"
    },
    {
      "type": "Feature",
      "properties": {
        "N02_001": "11",
        "N02_002": "2",
        "N02_003": "東海道線",
        "N02_004": "西日本旅客鉄道",
        "N02_005": "大阪",
        "N02_005c": "007068",
        "N02_005g": "007068",
        "sourceRow": 4355,
        "operatorCategory": "JR conventional lines"
      },
      "geometry": {
        "type": "LineString",
        "coordinates": [
          [
            135.49329,
            34.70159
          ],
          [
            135.49682,
            34.70319
          ]
        ]
      },
      "id": "N02-25-Station-4355"
    },
    {
      "type": "Feature",
      "properties": {
        "N02_001": "11",
        "N02_002": "2",
        "N02_003": "東海道線",
        "N02_004": "西日本旅客鉄道",
        "N02_005": "東淀川",
        "N02_005c": "006878",
        "N02_005g": "006878",
        "sourceRow": 4356,
        "operatorCategory": "JR conventional lines"
      },
      "geometry": {
        "type": "LineString",
        "coordinates": [
          [
            135.50437,
            34.74002
          ],
          [
            135.50362,
            34.7384
          ]
        ]
      },
      "id": "N02-25-Station-4356"
    },
    {
      "type": "Feature",
      "properties": {
        "N02_001": "11",
        "N02_002": "2",
        "N02_003": "東海道線",
        "N02_004": "西日本旅客鉄道",
        "N02_005": "岸辺",
        "N02_005c": "006721",
        "N02_005g": "006721",
        "sourceRow": 4357,
        "operatorCategory": "JR conventional lines"
      },
      "geometry": {
        "type": "LineString",
        "coordinates": [
          [
            135.54195,
            34.7774
          ],
          [
            135.5407,
            34.77647
          ]
        ]
      },
      "id": "N02-25-Station-4357"
    },
    {
      "type": "Feature",
      "properties": {
        "N02_001": "11",
        "N02_002": "2",
        "N02_003": "東海道線",
        "N02_004": "西日本旅客鉄道",
        "N02_005": "塚本",
        "N02_005c": "007009",
        "N02_005g": "007009",
        "sourceRow": 4358,
        "operatorCategory": "JR conventional lines"
      },
      "geometry": {
        "type": "LineString",
        "coordinates": [
          [
            135.4685,
            34.71317
          ],
          [
            135.46928,
            34.7123
          ]
        ]
      },
      "id": "N02-25-Station-4358"
    },
    {
      "type": "Feature",
      "properties": {
        "N02_001": "11",
        "N02_002": "2",
        "N02_003": "東海道線",
        "N02_004": "西日本旅客鉄道",
        "N02_005": "茨木",
        "N02_005c": "006567",
        "N02_005g": "006567",
        "sourceRow": 4359,
        "operatorCategory": "JR conventional lines"
      },
      "geometry": {
        "type": "LineString",
        "coordinates": [
          [
            135.56289,
            34.81608
          ],
          [
            135.56232,
            34.81541
          ],
          [
            135.56208,
            34.81512
          ],
          [
            135.56173,
            34.81468
          ],
          [
            135.56134,
            34.8141
          ]
        ]
      },
      "id": "N02-25-Station-4359"
    },
    {
      "type": "Feature",
      "properties": {
        "N02_001": "11",
        "N02_002": "2",
        "N02_003": "東海道線",
        "N02_004": "西日本旅客鉄道",
        "N02_005": "摂津本山",
        "N02_005c": "006941",
        "N02_005g": "006941",
        "sourceRow": 4360,
        "operatorCategory": "JR conventional lines"
      },
      "geometry": {
        "type": "LineString",
        "coordinates": [
          [
            135.27843,
            34.72702
          ],
          [
            135.27671,
            34.72659
          ]
        ]
      },
      "id": "N02-25-Station-4360"
    },
    {
      "type": "Feature",
      "properties": {
        "N02_001": "11",
        "N02_002": "2",
        "N02_003": "東海道線",
        "N02_004": "西日本旅客鉄道",
        "N02_005": "西宮",
        "N02_005c": "006881",
        "N02_005g": "006881",
        "sourceRow": 4361,
        "operatorCategory": "JR conventional lines"
      },
      "geometry": {
        "type": "LineString",
        "coordinates": [
          [
            135.35028,
            34.73901
          ],
          [
            135.34728,
            34.73901
          ]
        ]
      },
      "id": "N02-25-Station-4361"
    },
    {
      "type": "Feature",
      "properties": {
        "N02_001": "11",
        "N02_002": "2",
        "N02_003": "東海道線",
        "N02_004": "西日本旅客鉄道",
        "N02_005": "住吉",
        "N02_005c": "006974",
        "N02_005g": "006974",
        "sourceRow": 4362,
        "operatorCategory": "JR conventional lines"
      },
      "geometry": {
        "type": "LineString",
        "coordinates": [
          [
            135.26356,
            34.71997
          ],
          [
            135.26268,
            34.71976
          ],
          [
            135.26163,
            34.7195
          ]
        ]
      },
      "id": "N02-25-Station-4362"
    },
    {
      "type": "Feature",
      "properties": {
        "N02_001": "11",
        "N02_002": "2",
        "N02_003": "東海道線",
        "N02_004": "西日本旅客鉄道",
        "N02_005": "甲南山手",
        "N02_005c": "006926",
        "N02_005g": "006926",
        "sourceRow": 4363,
        "operatorCategory": "JR conventional lines"
      },
      "geometry": {
        "type": "LineString",
        "coordinates": [
          [
            135.29352,
            34.73088
          ],
          [
            135.29169,
            34.73039
          ]
        ]
      },
      "id": "N02-25-Station-4363"
    },
    {
      "type": "Feature",
      "properties": {
        "N02_001": "11",
        "N02_002": "2",
        "N02_003": "東海道線",
        "N02_004": "西日本旅客鉄道",
        "N02_005": "尼崎",
        "N02_005c": "006919",
        "N02_005g": "006918",
        "sourceRow": 4364,
        "operatorCategory": "JR conventional lines"
      },
      "geometry": {
        "type": "LineString",
        "coordinates": [
          [
            135.43066,
            34.73204
          ],
          [
            135.4329,
            34.73167
          ]
        ]
      },
      "id": "N02-25-Station-4364"
    },
    {
      "type": "Feature",
      "properties": {
        "N02_001": "11",
        "N02_002": "2",
        "N02_003": "東海道線",
        "N02_004": "西日本旅客鉄道",
        "N02_005": "立花",
        "N02_005c": "006886",
        "N02_005g": "006886",
        "sourceRow": 4365,
        "operatorCategory": "JR conventional lines"
      },
      "geometry": {
        "type": "LineString",
        "coordinates": [
          [
            135.39884,
            34.73803
          ],
          [
            135.40036,
            34.73774
          ]
        ]
      },
      "id": "N02-25-Station-4365"
    },
    {
      "type": "Feature",
      "properties": {
        "N02_001": "11",
        "N02_002": "2",
        "N02_003": "東海道線",
        "N02_004": "西日本旅客鉄道",
        "N02_005": "芦屋",
        "N02_005c": "006908",
        "N02_005g": "006908",
        "sourceRow": 4366,
        "operatorCategory": "JR conventional lines"
      },
      "geometry": {
        "type": "LineString",
        "coordinates": [
          [
            135.30885,
            34.73453
          ],
          [
            135.30813,
            34.7344
          ],
          [
            135.30662,
            34.73412
          ],
          [
            135.30598,
            34.73401
          ]
        ]
      },
      "id": "N02-25-Station-4366"
    },
    {
      "type": "Feature",
      "properties": {
        "N02_001": "11",
        "N02_002": "2",
        "N02_003": "東海道線",
        "N02_004": "西日本旅客鉄道",
        "N02_005": "甲子園口",
        "N02_005c": "006879",
        "N02_005g": "006879",
        "sourceRow": 4367,
        "operatorCategory": "JR conventional lines"
      },
      "geometry": {
        "type": "LineString",
        "coordinates": [
          [
            135.37339,
            34.73905
          ],
          [
            135.37539,
            34.73907
          ]
        ]
      },
      "id": "N02-25-Station-4367"
    },
    {
      "type": "Feature",
      "properties": {
        "N02_001": "11",
        "N02_002": "2",
        "N02_003": "東海道線",
        "N02_004": "西日本旅客鉄道",
        "N02_005": "神戸",
        "N02_005c": "007225",
        "N02_005g": "007224",
        "sourceRow": 4368,
        "operatorCategory": "JR conventional lines"
      },
      "geometry": {
        "type": "LineString",
        "coordinates": [
          [
            135.17838,
            34.68057
          ],
          [
            135.17806,
            34.67787
          ]
        ]
      },
      "id": "N02-25-Station-4368"
    },
    {
      "type": "Feature",
      "properties": {
        "N02_001": "11",
        "N02_002": "2",
        "N02_003": "東海道線",
        "N02_004": "西日本旅客鉄道",
        "N02_005": "六甲道",
        "N02_005c": "007004",
        "N02_005g": "007004",
        "sourceRow": 4369,
        "operatorCategory": "JR conventional lines"
      },
      "geometry": {
        "type": "LineString",
        "coordinates": [
          [
            135.23905,
            34.71525
          ],
          [
            135.23776,
            34.71436
          ]
        ]
      },
      "id": "N02-25-Station-4369"
    },
    {
      "type": "Feature",
      "properties": {
        "N02_001": "11",
        "N02_002": "2",
        "N02_003": "東海道線",
        "N02_004": "西日本旅客鉄道",
        "N02_005": "灘",
        "N02_005c": "007046",
        "N02_005g": "007046",
        "sourceRow": 4370,
        "operatorCategory": "JR conventional lines"
      },
      "geometry": {
        "type": "LineString",
        "coordinates": [
          [
            135.21733,
            34.70606
          ],
          [
            135.21576,
            34.70569
          ]
        ]
      },
      "id": "N02-25-Station-4370"
    },
    {
      "type": "Feature",
      "properties": {
        "N02_001": "11",
        "N02_002": "2",
        "N02_003": "東海道線",
        "N02_004": "西日本旅客鉄道",
        "N02_005": "元町",
        "N02_005c": "007151",
        "N02_005g": "007160",
        "sourceRow": 4371,
        "operatorCategory": "JR conventional lines"
      },
      "geometry": {
        "type": "LineString",
        "coordinates": [
          [
            135.18854,
            34.69014
          ],
          [
            135.18799,
            34.68985
          ],
          [
            135.18748,
            34.6896
          ],
          [
            135.18674,
            34.68928
          ],
          [
            135.18612,
            34.68906
          ]
        ]
      },
      "id": "N02-25-Station-4371"
    },
    {
      "type": "Feature",
      "properties": {
        "N02_001": "11",
        "N02_002": "2",
        "N02_003": "東海道線",
        "N02_004": "西日本旅客鉄道",
        "N02_005": "三ノ宮",
        "N02_005c": "007105",
        "N02_005g": "007105",
        "sourceRow": 4372,
        "operatorCategory": "JR conventional lines"
      },
      "geometry": {
        "type": "LineString",
        "coordinates": [
          [
            135.19633,
            34.69603
          ],
          [
            135.19375,
            34.69356
          ]
        ]
      },
      "id": "N02-25-Station-4372"
    },
    {
      "type": "Feature",
      "properties": {
        "N02_001": "11",
        "N02_002": "2",
        "N02_003": "福知山線",
        "N02_004": "西日本旅客鉄道",
        "N02_005": "藍本",
        "N02_005c": "006114",
        "N02_005g": "006114",
        "sourceRow": 4532,
        "operatorCategory": "JR conventional lines"
      },
      "geometry": {
        "type": "LineString",
        "coordinates": [
          [
            135.15534,
            34.9778
          ],
          [
            135.15572,
            34.97612
          ]
        ]
      },
      "id": "N02-25-Station-4532"
    },
    {
      "type": "Feature",
      "properties": {
        "N02_001": "11",
        "N02_002": "2",
        "N02_003": "福知山線",
        "N02_004": "西日本旅客鉄道",
        "N02_005": "草野",
        "N02_005c": "006020",
        "N02_005g": "006020",
        "sourceRow": 4535,
        "operatorCategory": "JR conventional lines"
      },
      "geometry": {
        "type": "LineString",
        "coordinates": [
          [
            135.15239,
            34.99749
          ],
          [
            135.15235,
            34.99637
          ]
        ]
      },
      "id": "N02-25-Station-4535"
    },
    {
      "type": "Feature",
      "properties": {
        "N02_001": "11",
        "N02_002": "2",
        "N02_003": "福知山線",
        "N02_004": "西日本旅客鉄道",
        "N02_005": "北伊丹",
        "N02_005c": "006624",
        "N02_005g": "006624",
        "sourceRow": 4543,
        "operatorCategory": "JR conventional lines"
      },
      "geometry": {
        "type": "LineString",
        "coordinates": [
          [
            135.41971,
            34.79976
          ],
          [
            135.41938,
            34.8018
          ],
          [
            135.41937,
            34.80188
          ]
        ]
      },
      "id": "N02-25-Station-4543"
    },
    {
      "type": "Feature",
      "properties": {
        "N02_001": "11",
        "N02_002": "2",
        "N02_003": "福知山線",
        "N02_004": "西日本旅客鉄道",
        "N02_005": "猪名寺",
        "N02_005c": "006775",
        "N02_005g": "006775",
        "sourceRow": 4544,
        "operatorCategory": "JR conventional lines"
      },
      "geometry": {
        "type": "LineString",
        "coordinates": [
          [
            135.42276,
            34.7632
          ],
          [
            135.42247,
            34.7648
          ]
        ]
      },
      "id": "N02-25-Station-4544"
    },
    {
      "type": "Feature",
      "properties": {
        "N02_001": "11",
        "N02_002": "2",
        "N02_003": "福知山線",
        "N02_004": "西日本旅客鉄道",
        "N02_005": "西宮名塩",
        "N02_005c": "006507",
        "N02_005g": "006507",
        "sourceRow": 4545,
        "operatorCategory": "JR conventional lines"
      },
      "geometry": {
        "type": "LineString",
        "coordinates": [
          [
            135.30888,
            34.82771
          ],
          [
            135.30889,
            34.82675
          ]
        ]
      },
      "id": "N02-25-Station-4545"
    },
    {
      "type": "Feature",
      "properties": {
        "N02_001": "11",
        "N02_002": "2",
        "N02_003": "福知山線",
        "N02_004": "西日本旅客鉄道",
        "N02_005": "中山寺",
        "N02_005c": "006561",
        "N02_005g": "006561",
        "sourceRow": 4546,
        "operatorCategory": "JR conventional lines"
      },
      "geometry": {
        "type": "LineString",
        "coordinates": [
          [
            135.37483,
            34.81655
          ],
          [
            135.37318,
            34.81665
          ]
        ]
      },
      "id": "N02-25-Station-4546"
    },
    {
      "type": "Feature",
      "properties": {
        "N02_001": "11",
        "N02_002": "2",
        "N02_003": "福知山線",
        "N02_004": "西日本旅客鉄道",
        "N02_005": "生瀬",
        "N02_005c": "006545",
        "N02_005g": "006545",
        "sourceRow": 4547,
        "operatorCategory": "JR conventional lines"
      },
      "geometry": {
        "type": "LineString",
        "coordinates": [
          [
            135.32454,
            34.81902
          ],
          [
            135.32611,
            34.81966
          ]
        ]
      },
      "id": "N02-25-Station-4547"
    },
    {
      "type": "Feature",
      "properties": {
        "N02_001": "11",
        "N02_002": "2",
        "N02_003": "福知山線",
        "N02_004": "西日本旅客鉄道",
        "N02_005": "伊丹",
        "N02_005c": "006709",
        "N02_005g": "006709",
        "sourceRow": 4548,
        "operatorCategory": "JR conventional lines"
      },
      "geometry": {
        "type": "LineString",
        "coordinates": [
          [
            135.4218,
            34.78009
          ],
          [
            135.42175,
            34.78114
          ]
        ]
      },
      "id": "N02-25-Station-4548"
    },
    {
      "type": "Feature",
      "properties": {
        "N02_001": "11",
        "N02_002": "2",
        "N02_003": "福知山線",
        "N02_004": "西日本旅客鉄道",
        "N02_005": "宝塚",
        "N02_005c": "006581",
        "N02_005g": "006585",
        "sourceRow": 4549,
        "operatorCategory": "JR conventional lines"
      },
      "geometry": {
        "type": "LineString",
        "coordinates": [
          [
            135.34013,
            34.81168
          ],
          [
            135.34156,
            34.81103
          ]
        ]
      },
      "id": "N02-25-Station-4549"
    },
    {
      "type": "Feature",
      "properties": {
        "N02_001": "11",
        "N02_002": "2",
        "N02_003": "福知山線",
        "N02_004": "西日本旅客鉄道",
        "N02_005": "武田尾",
        "N02_005c": "006424",
        "N02_005g": "006424",
        "sourceRow": 4550,
        "operatorCategory": "JR conventional lines"
      },
      "geometry": {
        "type": "LineString",
        "coordinates": [
          [
            135.3061,
            34.85499
          ],
          [
            135.30582,
            34.85537
          ],
          [
            135.3056,
            34.85566
          ],
          [
            135.30534,
            34.856
          ]
        ]
      },
      "id": "N02-25-Station-4550"
    },
    {
      "type": "Feature",
      "properties": {
        "N02_001": "11",
        "N02_002": "2",
        "N02_003": "福知山線",
        "N02_004": "西日本旅客鉄道",
        "N02_005": "川西池田",
        "N02_005c": "006522",
        "N02_005g": "006522",
        "sourceRow": 4551,
        "operatorCategory": "JR conventional lines"
      },
      "geometry": {
        "type": "LineString",
        "coordinates": [
          [
            135.41042,
            34.8247
          ],
          [
            135.4092,
            34.82508
          ]
        ]
      },
      "id": "N02-25-Station-4551"
    },
    {
      "type": "Feature",
      "properties": {
        "N02_001": "11",
        "N02_002": "2",
        "N02_003": "福知山線",
        "N02_004": "西日本旅客鉄道",
        "N02_005": "塚口",
        "N02_005c": "006830",
        "N02_005g": "006830",
        "sourceRow": 4552,
        "operatorCategory": "JR conventional lines"
      },
      "geometry": {
        "type": "LineString",
        "coordinates": [
          [
            135.42497,
            34.75173
          ],
          [
            135.42527,
            34.74993
          ]
        ]
      },
      "id": "N02-25-Station-4552"
    },
    {
      "type": "Feature",
      "properties": {
        "N02_001": "11",
        "N02_002": "2",
        "N02_003": "福知山線",
        "N02_004": "西日本旅客鉄道",
        "N02_005": "尼崎",
        "N02_005c": "006920",
        "N02_005g": "006918",
        "sourceRow": 4553,
        "operatorCategory": "JR conventional lines"
      },
      "geometry": {
        "type": "LineString",
        "coordinates": [
          [
            135.43066,
            34.73204
          ],
          [
            135.4329,
            34.73167
          ]
        ]
      },
      "id": "N02-25-Station-4553"
    },
    {
      "type": "Feature",
      "properties": {
        "N02_001": "11",
        "N02_002": "2",
        "N02_003": "福知山線",
        "N02_004": "西日本旅客鉄道",
        "N02_005": "広野",
        "N02_005c": "006240",
        "N02_005g": "006240",
        "sourceRow": 4554,
        "operatorCategory": "JR conventional lines"
      },
      "geometry": {
        "type": "LineString",
        "coordinates": [
          [
            135.19169,
            34.92937
          ],
          [
            135.19117,
            34.92773
          ]
        ]
      },
      "id": "N02-25-Station-4554"
    },
    {
      "type": "Feature",
      "properties": {
        "N02_001": "11",
        "N02_002": "2",
        "N02_003": "福知山線",
        "N02_004": "西日本旅客鉄道",
        "N02_005": "新三田",
        "N02_005c": "006289",
        "N02_005g": "006289",
        "sourceRow": 4555,
        "operatorCategory": "JR conventional lines"
      },
      "geometry": {
        "type": "LineString",
        "coordinates": [
          [
            135.2089,
            34.90961
          ],
          [
            135.20833,
            34.91067
          ]
        ]
      },
      "id": "N02-25-Station-4555"
    },
    {
      "type": "Feature",
      "properties": {
        "N02_001": "11",
        "N02_002": "2",
        "N02_003": "福知山線",
        "N02_004": "西日本旅客鉄道",
        "N02_005": "道場",
        "N02_005c": "006394",
        "N02_005g": "006394",
        "sourceRow": 4556,
        "operatorCategory": "JR conventional lines"
      },
      "geometry": {
        "type": "LineString",
        "coordinates": [
          [
            135.25662,
            34.86728
          ],
          [
            135.25499,
            34.86727
          ]
        ]
      },
      "id": "N02-25-Station-4556"
    },
    {
      "type": "Feature",
      "properties": {
        "N02_001": "11",
        "N02_002": "2",
        "N02_003": "福知山線",
        "N02_004": "西日本旅客鉄道",
        "N02_005": "三田",
        "N02_005c": "006340",
        "N02_005g": "006340",
        "sourceRow": 4557,
        "operatorCategory": "JR conventional lines"
      },
      "geometry": {
        "type": "LineString",
        "coordinates": [
          [
            135.2312,
            34.88829
          ],
          [
            135.22863,
            34.88909
          ]
        ]
      },
      "id": "N02-25-Station-4557"
    },
    {
      "type": "Feature",
      "properties": {
        "N02_001": "11",
        "N02_002": "2",
        "N02_003": "福知山線",
        "N02_004": "西日本旅客鉄道",
        "N02_005": "相野",
        "N02_005c": "006200",
        "N02_005g": "006200",
        "sourceRow": 4558,
        "operatorCategory": "JR conventional lines"
      },
      "geometry": {
        "type": "LineString",
        "coordinates": [
          [
            135.15491,
            34.94795
          ],
          [
            135.15699,
            34.94732
          ]
        ]
      },
      "id": "N02-25-Station-4558"
    },
    {
      "type": "Feature",
      "properties": {
        "N02_001": "11",
        "N02_002": "2",
        "N02_003": "片町線",
        "N02_004": "西日本旅客鉄道",
        "N02_005": "鴻池新田",
        "N02_005c": "007084",
        "N02_005g": "007084",
        "sourceRow": 4573,
        "operatorCategory": "JR conventional lines"
      },
      "geometry": {
        "type": "LineString",
        "coordinates": [
          [
            135.59681,
            34.69897
          ],
          [
            135.59848,
            34.69875
          ]
        ]
      },
      "id": "N02-25-Station-4573"
    },
    {
      "type": "Feature",
      "properties": {
        "N02_001": "11",
        "N02_002": "2",
        "N02_003": "片町線",
        "N02_004": "西日本旅客鉄道",
        "N02_005": "徳庵",
        "N02_005c": "007131",
        "N02_005g": "007131",
        "sourceRow": 4575,
        "operatorCategory": "JR conventional lines"
      },
      "geometry": {
        "type": "LineString",
        "coordinates": [
          [
            135.581,
            34.69197
          ],
          [
            135.58184,
            34.69301
          ]
        ]
      },
      "id": "N02-25-Station-4575"
    },
    {
      "type": "Feature",
      "properties": {
        "N02_001": "11",
        "N02_002": "2",
        "N02_003": "片町線",
        "N02_004": "西日本旅客鉄道",
        "N02_005": "放出",
        "N02_005c": "007163",
        "N02_005g": "007162",
        "sourceRow": 4580,
        "operatorCategory": "JR conventional lines"
      },
      "geometry": {
        "type": "LineString",
        "coordinates": [
          [
            135.56400353,
            34.6879783
          ],
          [
            135.56227153,
            34.68802013
          ]
        ]
      },
      "id": "N02-25-Station-4580"
    },
    {
      "type": "Feature",
      "properties": {
        "N02_001": "11",
        "N02_002": "2",
        "N02_003": "片町線",
        "N02_004": "西日本旅客鉄道",
        "N02_005": "鴫野",
        "N02_005c": "007129",
        "N02_005g": "007128",
        "sourceRow": 4581,
        "operatorCategory": "JR conventional lines"
      },
      "geometry": {
        "type": "LineString",
        "coordinates": [
          [
            135.54590425,
            34.69220135
          ],
          [
            135.545258,
            34.69257562
          ],
          [
            135.54491544,
            34.69283413
          ],
          [
            135.54456892,
            34.69313941
          ],
          [
            135.54436117,
            34.69338205
          ]
        ]
      },
      "id": "N02-25-Station-4581"
    },
    {
      "type": "Feature",
      "properties": {
        "N02_001": "11",
        "N02_002": "2",
        "N02_003": "片町線",
        "N02_004": "西日本旅客鉄道",
        "N02_005": "京橋",
        "N02_005c": "007100",
        "N02_005g": "007093",
        "sourceRow": 4582,
        "operatorCategory": "JR conventional lines"
      },
      "geometry": {
        "type": "LineString",
        "coordinates": [
          [
            135.53334,
            34.69581
          ],
          [
            135.534105,
            34.696019
          ],
          [
            135.53483,
            34.69624
          ]
        ]
      },
      "id": "N02-25-Station-4582"
    },
    {
      "type": "Feature",
      "properties": {
        "N02_001": "23",
        "N02_002": "5",
        "N02_003": "国際文化公園都市モノレール線(彩都線)",
        "N02_004": "大阪モノレール",
        "N02_005": "公園東口",
        "N02_005c": "006584",
        "N02_005g": "006584",
        "sourceRow": 4968,
        "operatorCategory": "Third-sector railways"
      },
      "geometry": {
        "type": "LineString",
        "coordinates": [
          [
            135.53968,
            34.81105
          ],
          [
            135.53951,
            34.81013
          ]
        ]
      },
      "id": "N02-25-Station-4968"
    },
    {
      "type": "Feature",
      "properties": {
        "N02_001": "23",
        "N02_002": "5",
        "N02_003": "国際文化公園都市モノレール線(彩都線)",
        "N02_004": "大阪モノレール",
        "N02_005": "阪大病院前",
        "N02_005c": "006550",
        "N02_005g": "006550",
        "sourceRow": 4969,
        "operatorCategory": "Third-sector railways"
      },
      "geometry": {
        "type": "LineString",
        "coordinates": [
          [
            135.52981,
            34.81889
          ],
          [
            135.52967,
            34.81801
          ]
        ]
      },
      "id": "N02-25-Station-4969"
    },
    {
      "type": "Feature",
      "properties": {
        "N02_001": "23",
        "N02_002": "5",
        "N02_003": "国際文化公園都市モノレール線(彩都線)",
        "N02_004": "大阪モノレール",
        "N02_005": "万博記念公園",
        "N02_005c": "006601",
        "N02_005g": "006601",
        "sourceRow": 4970,
        "operatorCategory": "Third-sector railways"
      },
      "geometry": {
        "type": "LineString",
        "coordinates": [
          [
            135.52962,
            34.80679
          ],
          [
            135.5307,
            34.80677
          ]
        ]
      },
      "id": "N02-25-Station-4970"
    },
    {
      "type": "Feature",
      "properties": {
        "N02_001": "23",
        "N02_002": "5",
        "N02_003": "大阪モノレール線",
        "N02_004": "大阪モノレール",
        "N02_005": "南茨木",
        "N02_005c": "006612",
        "N02_005g": "006612",
        "sourceRow": 4971,
        "operatorCategory": "Third-sector railways"
      },
      "geometry": {
        "type": "LineString",
        "coordinates": [
          [
            135.56508,
            34.80283
          ],
          [
            135.56444,
            34.80356
          ]
        ]
      },
      "id": "N02-25-Station-4971"
    },
    {
      "type": "Feature",
      "properties": {
        "N02_001": "23",
        "N02_002": "5",
        "N02_003": "大阪モノレール線",
        "N02_004": "大阪モノレール",
        "N02_005": "門真市",
        "N02_005c": "006893",
        "N02_005g": "006885",
        "sourceRow": 4972,
        "operatorCategory": "Third-sector railways"
      },
      "geometry": {
        "type": "LineString",
        "coordinates": [
          [
            135.58262,
            34.73686
          ],
          [
            135.58261,
            34.73776
          ]
        ]
      },
      "id": "N02-25-Station-4972"
    },
    {
      "type": "Feature",
      "properties": {
        "N02_001": "23",
        "N02_002": "5",
        "N02_003": "大阪モノレール線",
        "N02_004": "大阪モノレール",
        "N02_005": "沢良宜",
        "N02_005c": "006662",
        "N02_005g": "006662",
        "sourceRow": 4973,
        "operatorCategory": "Third-sector railways"
      },
      "geometry": {
        "type": "LineString",
        "coordinates": [
          [
            135.56583,
            34.79359
          ],
          [
            135.56609,
            34.79444
          ]
        ]
      },
      "id": "N02-25-Station-4973"
    },
    {
      "type": "Feature",
      "properties": {
        "N02_001": "23",
        "N02_002": "5",
        "N02_003": "大阪モノレール線",
        "N02_004": "大阪モノレール",
        "N02_005": "大日",
        "N02_005c": "006838",
        "N02_005g": "006835",
        "sourceRow": 4974,
        "operatorCategory": "Third-sector railways"
      },
      "geometry": {
        "type": "LineString",
        "coordinates": [
          [
            135.57871,
            34.74934
          ],
          [
            135.57916,
            34.74854
          ]
        ]
      },
      "id": "N02-25-Station-4974"
    },
    {
      "type": "Feature",
      "properties": {
        "N02_001": "23",
        "N02_002": "5",
        "N02_003": "大阪モノレール線",
        "N02_004": "大阪モノレール",
        "N02_005": "南摂津",
        "N02_005c": "006769",
        "N02_005g": "006769",
        "sourceRow": 4975,
        "operatorCategory": "Third-sector railways"
      },
      "geometry": {
        "type": "LineString",
        "coordinates": [
          [
            135.56905,
            34.7647
          ],
          [
            135.56847,
            34.76548
          ]
        ]
      },
      "id": "N02-25-Station-4975"
    },
    {
      "type": "Feature",
      "properties": {
        "N02_001": "23",
        "N02_002": "5",
        "N02_003": "大阪モノレール線",
        "N02_004": "大阪モノレール",
        "N02_005": "少路",
        "N02_005c": "006608",
        "N02_005g": "006608",
        "sourceRow": 4976,
        "operatorCategory": "Third-sector railways"
      },
      "geometry": {
        "type": "LineString",
        "coordinates": [
          [
            135.47481,
            34.80403
          ],
          [
            135.47587,
            34.80452
          ]
        ]
      },
      "id": "N02-25-Station-4976"
    },
    {
      "type": "Feature",
      "properties": {
        "N02_001": "23",
        "N02_002": "5",
        "N02_003": "大阪モノレール線",
        "N02_004": "大阪モノレール",
        "N02_005": "山田",
        "N02_005c": "006604",
        "N02_005g": "006604",
        "sourceRow": 4977,
        "operatorCategory": "Third-sector railways"
      },
      "geometry": {
        "type": "LineString",
        "coordinates": [
          [
            135.51606,
            34.80565
          ],
          [
            135.51503,
            34.80563
          ]
        ]
      },
      "id": "N02-25-Station-4977"
    },
    {
      "type": "Feature",
      "properties": {
        "N02_001": "23",
        "N02_002": "5",
        "N02_003": "大阪モノレール線",
        "N02_004": "大阪モノレール",
        "N02_005": "摂津",
        "N02_005c": "006713",
        "N02_005g": "006713",
        "sourceRow": 4978,
        "operatorCategory": "Third-sector railways"
      },
      "geometry": {
        "type": "LineString",
        "coordinates": [
          [
            135.56133,
            34.7796
          ],
          [
            135.56152,
            34.78045
          ]
        ]
      },
      "id": "N02-25-Station-4978"
    },
    {
      "type": "Feature",
      "properties": {
        "N02_001": "23",
        "N02_002": "5",
        "N02_003": "大阪モノレール線",
        "N02_004": "大阪モノレール",
        "N02_005": "柴原阪大前",
        "N02_005c": "006627",
        "N02_005g": "006627",
        "sourceRow": 4979,
        "operatorCategory": "Third-sector railways"
      },
      "geometry": {
        "type": "LineString",
        "coordinates": [
          [
            135.45815605,
            34.80048538
          ],
          [
            135.45921545,
            34.80018088
          ]
        ]
      },
      "id": "N02-25-Station-4979"
    },
    {
      "type": "Feature",
      "properties": {
        "N02_001": "23",
        "N02_002": "5",
        "N02_003": "大阪モノレール線",
        "N02_004": "大阪モノレール",
        "N02_005": "宇野辺",
        "N02_005c": "006596",
        "N02_005g": "006596",
        "sourceRow": 4980,
        "operatorCategory": "Third-sector railways"
      },
      "geometry": {
        "type": "LineString",
        "coordinates": [
          [
            135.55501,
            34.80804
          ],
          [
            135.55395,
            34.80804
          ]
        ]
      },
      "id": "N02-25-Station-4980"
    },
    {
      "type": "Feature",
      "properties": {
        "N02_001": "23",
        "N02_002": "5",
        "N02_003": "大阪モノレール線",
        "N02_004": "大阪モノレール",
        "N02_005": "千里中央",
        "N02_005c": "006598",
        "N02_005g": "006598",
        "sourceRow": 4981,
        "operatorCategory": "Third-sector railways"
      },
      "geometry": {
        "type": "LineString",
        "coordinates": [
          [
            135.49576,
            34.80747
          ],
          [
            135.49461,
            34.80744
          ]
        ]
      },
      "id": "N02-25-Station-4981"
    },
    {
      "type": "Feature",
      "properties": {
        "N02_001": "23",
        "N02_002": "5",
        "N02_003": "大阪モノレール線",
        "N02_004": "大阪モノレール",
        "N02_005": "万博記念公園",
        "N02_005c": "006602",
        "N02_005g": "006601",
        "sourceRow": 4982,
        "operatorCategory": "Third-sector railways"
      },
      "geometry": {
        "type": "LineString",
        "coordinates": [
          [
            135.52962,
            34.80679
          ],
          [
            135.5307,
            34.80677
          ]
        ]
      },
      "id": "N02-25-Station-4982"
    },
    {
      "type": "Feature",
      "properties": {
        "N02_001": "23",
        "N02_002": "5",
        "N02_003": "大阪モノレール線",
        "N02_004": "大阪モノレール",
        "N02_005": "蛍池",
        "N02_005c": "006661",
        "N02_005g": "006656",
        "sourceRow": 4983,
        "operatorCategory": "Third-sector railways"
      },
      "geometry": {
        "type": "LineString",
        "coordinates": [
          [
            135.44967817,
            34.79361111
          ],
          [
            135.44914771,
            34.79442836
          ]
        ]
      },
      "id": "N02-25-Station-4983"
    },
    {
      "type": "Feature",
      "properties": {
        "N02_001": "23",
        "N02_002": "5",
        "N02_003": "大阪モノレール線",
        "N02_004": "大阪モノレール",
        "N02_005": "大阪空港",
        "N02_005c": "006674",
        "N02_005g": "006674",
        "sourceRow": 4984,
        "operatorCategory": "Third-sector railways"
      },
      "geometry": {
        "type": "LineString",
        "coordinates": [
          [
            135.44162,
            34.79162
          ],
          [
            135.44236,
            34.79101
          ],
          [
            135.44238,
            34.79099
          ]
        ]
      },
      "id": "N02-25-Station-4984"
    },
    {
      "type": "Feature",
      "properties": {
        "N02_001": "21",
        "N02_002": "4",
        "N02_003": "1号線(御堂筋線)",
        "N02_004": "大阪市高速電気軌道",
        "N02_005": "江坂",
        "N02_005c": "006801",
        "N02_005g": "006800",
        "sourceRow": 4985,
        "operatorCategory": "Private railways"
      },
      "geometry": {
        "type": "LineString",
        "coordinates": [
          [
            135.49716,
            34.75961
          ],
          [
            135.49703,
            34.75789
          ]
        ]
      },
      "id": "N02-25-Station-4985"
    },
    {
      "type": "Feature",
      "properties": {
        "N02_001": "21",
        "N02_002": "4",
        "N02_003": "1号線(御堂筋線)",
        "N02_004": "大阪市高速電気軌道",
        "N02_005": "中津",
        "N02_005c": "007016",
        "N02_005g": "007016",
        "sourceRow": 4986,
        "operatorCategory": "Private railways"
      },
      "geometry": {
        "type": "LineString",
        "coordinates": [
          [
            135.49645,
            34.71048
          ],
          [
            135.49683,
            34.71104
          ],
          [
            135.49719,
            34.71146
          ],
          [
            135.49781,
            34.71219
          ]
        ]
      },
      "id": "N02-25-Station-4986"
    },
    {
      "type": "Feature",
      "properties": {
        "N02_001": "21",
        "N02_002": "4",
        "N02_003": "1号線(御堂筋線)",
        "N02_004": "大阪市高速電気軌道",
        "N02_005": "心斎橋",
        "N02_005c": "007262",
        "N02_005g": "007252",
        "sourceRow": 4987,
        "operatorCategory": "Private railways"
      },
      "geometry": {
        "type": "LineString",
        "coordinates": [
          [
            135.50036,
            34.67542
          ],
          [
            135.50033,
            34.67338
          ]
        ]
      },
      "id": "N02-25-Station-4987"
    },
    {
      "type": "Feature",
      "properties": {
        "N02_001": "21",
        "N02_002": "4",
        "N02_003": "1号線(御堂筋線)",
        "N02_004": "大阪市高速電気軌道",
        "N02_005": "難波",
        "N02_005c": "007322",
        "N02_005g": "007305",
        "sourceRow": 4988,
        "operatorCategory": "Private railways"
      },
      "geometry": {
        "type": "LineString",
        "coordinates": [
          [
            135.50004,
            34.66489
          ],
          [
            135.50019,
            34.66516
          ],
          [
            135.50025,
            34.66535
          ],
          [
            135.50027,
            34.66561
          ],
          [
            135.50026,
            34.66717
          ],
          [
            135.50026,
            34.66748
          ]
        ]
      },
      "id": "N02-25-Station-4988"
    },
    {
      "type": "Feature",
      "properties": {
        "N02_001": "21",
        "N02_002": "4",
        "N02_003": "1号線(御堂筋線)",
        "N02_004": "大阪市高速電気軌道",
        "N02_005": "西中島南方",
        "N02_005c": "006942",
        "N02_005g": "006942",
        "sourceRow": 4989,
        "operatorCategory": "Private railways"
      },
      "geometry": {
        "type": "LineString",
        "coordinates": [
          [
            135.49858,
            34.72751
          ],
          [
            135.49863,
            34.72559
          ]
        ]
      },
      "id": "N02-25-Station-4989"
    },
    {
      "type": "Feature",
      "properties": {
        "N02_001": "21",
        "N02_002": "4",
        "N02_003": "1号線(御堂筋線)",
        "N02_004": "大阪市高速電気軌道",
        "N02_005": "新大阪",
        "N02_005c": "006914",
        "N02_005g": "006911",
        "sourceRow": 4990,
        "operatorCategory": "Private railways"
      },
      "geometry": {
        "type": "LineString",
        "coordinates": [
          [
            135.49854,
            34.73373
          ],
          [
            135.49855,
            34.73185
          ]
        ]
      },
      "id": "N02-25-Station-4990"
    },
    {
      "type": "Feature",
      "properties": {
        "N02_001": "21",
        "N02_002": "4",
        "N02_003": "1号線(御堂筋線)",
        "N02_004": "大阪市高速電気軌道",
        "N02_005": "本町",
        "N02_005c": "007184",
        "N02_005g": "007195",
        "sourceRow": 4991,
        "operatorCategory": "Private railways"
      },
      "geometry": {
        "type": "LineString",
        "coordinates": [
          [
            135.50073,
            34.68482
          ],
          [
            135.50062,
            34.68234
          ]
        ]
      },
      "id": "N02-25-Station-4991"
    },
    {
      "type": "Feature",
      "properties": {
        "N02_001": "21",
        "N02_002": "4",
        "N02_003": "1号線(御堂筋線)",
        "N02_004": "大阪市高速電気軌道",
        "N02_005": "淀屋橋",
        "N02_005c": "007142",
        "N02_005g": "007133",
        "sourceRow": 4992,
        "operatorCategory": "Private railways"
      },
      "geometry": {
        "type": "LineString",
        "coordinates": [
          [
            135.50097,
            34.69277
          ],
          [
            135.50093,
            34.68984
          ]
        ]
      },
      "id": "N02-25-Station-4992"
    },
    {
      "type": "Feature",
      "properties": {
        "N02_001": "21",
        "N02_002": "4",
        "N02_003": "1号線(御堂筋線)",
        "N02_004": "大阪市高速電気軌道",
        "N02_005": "梅田",
        "N02_005c": "007065",
        "N02_005g": "007065",
        "sourceRow": 4993,
        "operatorCategory": "Private railways"
      },
      "geometry": {
        "type": "LineString",
        "coordinates": [
          [
            135.49734,
            34.70415
          ],
          [
            135.49803,
            34.70211
          ]
        ]
      },
      "id": "N02-25-Station-4993"
    },
    {
      "type": "Feature",
      "properties": {
        "N02_001": "21",
        "N02_002": "4",
        "N02_003": "1号線(御堂筋線)",
        "N02_004": "大阪市高速電気軌道",
        "N02_005": "東三国",
        "N02_005c": "006869",
        "N02_005g": "006869",
        "sourceRow": 4994,
        "operatorCategory": "Private railways"
      },
      "geometry": {
        "type": "LineString",
        "coordinates": [
          [
            135.49848,
            34.74203
          ],
          [
            135.49851,
            34.74017
          ]
        ]
      },
      "id": "N02-25-Station-4994"
    },
    {
      "type": "Feature",
      "properties": {
        "N02_001": "21",
        "N02_002": "4",
        "N02_003": "1号線(御堂筋線)",
        "N02_004": "大阪市高速電気軌道",
        "N02_005": "大国町",
        "N02_005c": "007395",
        "N02_005g": "007395",
        "sourceRow": 4995,
        "operatorCategory": "Private railways"
      },
      "geometry": {
        "type": "LineString",
        "coordinates": [
          [
            135.49788,
            34.65524
          ],
          [
            135.49784,
            34.65735
          ]
        ]
      },
      "id": "N02-25-Station-4995"
    },
    {
      "type": "Feature",
      "properties": {
        "N02_001": "21",
        "N02_002": "4",
        "N02_003": "1号線(御堂筋線)",
        "N02_004": "大阪市高速電気軌道",
        "N02_005": "長居",
        "N02_005c": "007577",
        "N02_005g": "007576",
        "sourceRow": 4996,
        "operatorCategory": "Private railways"
      },
      "geometry": {
        "type": "LineString",
        "coordinates": [
          [
            135.51369,
            34.60901
          ],
          [
            135.51392,
            34.61098
          ]
        ]
      },
      "id": "N02-25-Station-4996"
    },
    {
      "type": "Feature",
      "properties": {
        "N02_001": "21",
        "N02_002": "4",
        "N02_003": "1号線(御堂筋線)",
        "N02_004": "大阪市高速電気軌道",
        "N02_005": "北花田",
        "N02_005c": "007647",
        "N02_005g": "007647",
        "sourceRow": 4997,
        "operatorCategory": "Private railways"
      },
      "geometry": {
        "type": "LineString",
        "coordinates": [
          [
            135.51634,
            34.58339
          ],
          [
            135.51645,
            34.5816
          ]
        ]
      },
      "id": "N02-25-Station-4997"
    },
    {
      "type": "Feature",
      "properties": {
        "N02_001": "21",
        "N02_002": "4",
        "N02_003": "1号線(御堂筋線)",
        "N02_004": "大阪市高速電気軌道",
        "N02_005": "動物園前",
        "N02_005c": "007430",
        "N02_005g": "007430",
        "sourceRow": 4998,
        "operatorCategory": "Private railways"
      },
      "geometry": {
        "type": "LineString",
        "coordinates": [
          [
            135.50567,
            34.64851
          ],
          [
            135.50389,
            34.64895
          ]
        ]
      },
      "id": "N02-25-Station-4998"
    },
    {
      "type": "Feature",
      "properties": {
        "N02_001": "21",
        "N02_002": "4",
        "N02_003": "1号線(御堂筋線)",
        "N02_004": "大阪市高速電気軌道",
        "N02_005": "新金岡",
        "N02_005c": "007690",
        "N02_005g": "007690",
        "sourceRow": 4999,
        "operatorCategory": "Private railways"
      },
      "geometry": {
        "type": "LineString",
        "coordinates": [
          [
            135.51555,
            34.56908
          ],
          [
            135.51499,
            34.56732
          ]
        ]
      },
      "id": "N02-25-Station-4999"
    },
    {
      "type": "Feature",
      "properties": {
        "N02_001": "21",
        "N02_002": "4",
        "N02_003": "1号線(御堂筋線)",
        "N02_004": "大阪市高速電気軌道",
        "N02_005": "西田辺",
        "N02_005c": "007540",
        "N02_005g": "007540",
        "sourceRow": 5000,
        "operatorCategory": "Private railways"
      },
      "geometry": {
        "type": "LineString",
        "coordinates": [
          [
            135.51507,
            34.62084
          ],
          [
            135.51528,
            34.62246
          ]
        ]
      },
      "id": "N02-25-Station-5000"
    },
    {
      "type": "Feature",
      "properties": {
        "N02_001": "21",
        "N02_002": "4",
        "N02_003": "1号線(御堂筋線)",
        "N02_004": "大阪市高速電気軌道",
        "N02_005": "我孫子",
        "N02_005c": "007611",
        "N02_005g": "007611",
        "sourceRow": 5001,
        "operatorCategory": "Private railways"
      },
      "geometry": {
        "type": "LineString",
        "coordinates": [
          [
            135.51268,
            34.59796
          ],
          [
            135.51289,
            34.60009
          ]
        ]
      },
      "id": "N02-25-Station-5001"
    },
    {
      "type": "Feature",
      "properties": {
        "N02_001": "21",
        "N02_002": "4",
        "N02_003": "1号線(御堂筋線)",
        "N02_004": "大阪市高速電気軌道",
        "N02_005": "昭和町",
        "N02_005c": "007499",
        "N02_005g": "007499",
        "sourceRow": 5002,
        "operatorCategory": "Private railways"
      },
      "geometry": {
        "type": "LineString",
        "coordinates": [
          [
            135.51675,
            34.63238
          ],
          [
            135.51702,
            34.63357
          ]
        ]
      },
      "id": "N02-25-Station-5002"
    },
    {
      "type": "Feature",
      "properties": {
        "N02_001": "21",
        "N02_002": "4",
        "N02_003": "1号線(御堂筋線)",
        "N02_004": "大阪市高速電気軌道",
        "N02_005": "中百舌鳥",
        "N02_005c": "007710",
        "N02_005g": "007711",
        "sourceRow": 5003,
        "operatorCategory": "Private railways"
      },
      "geometry": {
        "type": "LineString",
        "coordinates": [
          [
            135.50712,
            34.55716
          ],
          [
            135.50551,
            34.55561
          ]
        ]
      },
      "id": "N02-25-Station-5003"
    },
    {
      "type": "Feature",
      "properties": {
        "N02_001": "21",
        "N02_002": "4",
        "N02_003": "1号線(御堂筋線)",
        "N02_004": "大阪市高速電気軌道",
        "N02_005": "天王寺",
        "N02_005c": "007446",
        "N02_005g": "007439",
        "sourceRow": 5004,
        "operatorCategory": "Private railways"
      },
      "geometry": {
        "type": "LineString",
        "coordinates": [
          [
            135.51613,
            34.64588
          ],
          [
            135.51291,
            34.64664
          ]
        ]
      },
      "id": "N02-25-Station-5004"
    },
    {
      "type": "Feature",
      "properties": {
        "N02_001": "21",
        "N02_002": "4",
        "N02_003": "2号線(谷町線)",
        "N02_004": "大阪市高速電気軌道",
        "N02_005": "守口",
        "N02_005c": "006883",
        "N02_005g": "006883",
        "sourceRow": 5005,
        "operatorCategory": "Private railways"
      },
      "geometry": {
        "type": "LineString",
        "coordinates": [
          [
            135.56508,
            34.73901
          ],
          [
            135.56361,
            34.73787
          ]
        ]
      },
      "id": "N02-25-Station-5005"
    },
    {
      "type": "Feature",
      "properties": {
        "N02_001": "21",
        "N02_002": "4",
        "N02_003": "2号線(谷町線)",
        "N02_004": "大阪市高速電気軌道",
        "N02_005": "大日",
        "N02_005c": "006835",
        "N02_005g": "006835",
        "sourceRow": 5006,
        "operatorCategory": "Private railways"
      },
      "geometry": {
        "type": "LineString",
        "coordinates": [
          [
            135.57892,
            34.74997
          ],
          [
            135.57771,
            34.74902
          ]
        ]
      },
      "id": "N02-25-Station-5006"
    },
    {
      "type": "Feature",
      "properties": {
        "N02_001": "21",
        "N02_002": "4",
        "N02_003": "2号線(谷町線)",
        "N02_004": "大阪市高速電気軌道",
        "N02_005": "関目高殿",
        "N02_005c": "007002",
        "N02_005g": "007002",
        "sourceRow": 5007,
        "operatorCategory": "Private railways"
      },
      "geometry": {
        "type": "LineString",
        "coordinates": [
          [
            135.5464,
            34.71562
          ],
          [
            135.54613,
            34.71548
          ],
          [
            135.54443,
            34.71472
          ]
        ]
      },
      "id": "N02-25-Station-5007"
    },
    {
      "type": "Feature",
      "properties": {
        "N02_001": "21",
        "N02_002": "4",
        "N02_003": "2号線(谷町線)",
        "N02_004": "大阪市高速電気軌道",
        "N02_005": "中崎町",
        "N02_005c": "007040",
        "N02_005g": "007040",
        "sourceRow": 5008,
        "operatorCategory": "Private railways"
      },
      "geometry": {
        "type": "LineString",
        "coordinates": [
          [
            135.5062,
            34.70769
          ],
          [
            135.50493,
            34.70667
          ]
        ]
      },
      "id": "N02-25-Station-5008"
    },
    {
      "type": "Feature",
      "properties": {
        "N02_001": "21",
        "N02_002": "4",
        "N02_003": "2号線(谷町線)",
        "N02_004": "大阪市高速電気軌道",
        "N02_005": "天満橋",
        "N02_005c": "007157",
        "N02_005g": "007148",
        "sourceRow": 5009,
        "operatorCategory": "Private railways"
      },
      "geometry": {
        "type": "LineString",
        "coordinates": [
          [
            135.51725,
            34.69015
          ],
          [
            135.51736,
            34.6882
          ]
        ]
      },
      "id": "N02-25-Station-5009"
    },
    {
      "type": "Feature",
      "properties": {
        "N02_001": "21",
        "N02_002": "4",
        "N02_003": "2号線(谷町線)",
        "N02_004": "大阪市高速電気軌道",
        "N02_005": "南森町",
        "N02_005c": "007089",
        "N02_005g": "007087",
        "sourceRow": 5010,
        "operatorCategory": "Private railways"
      },
      "geometry": {
        "type": "LineString",
        "coordinates": [
          [
            135.50969,
            34.69766
          ],
          [
            135.511,
            34.69757
          ],
          [
            135.51197,
            34.69751
          ]
        ]
      },
      "id": "N02-25-Station-5010"
    },
    {
      "type": "Feature",
      "properties": {
        "N02_001": "21",
        "N02_002": "4",
        "N02_003": "2号線(谷町線)",
        "N02_004": "大阪市高速電気軌道",
        "N02_005": "野江内代",
        "N02_005c": "007030",
        "N02_005g": "007030",
        "sourceRow": 5011,
        "operatorCategory": "Private railways"
      },
      "geometry": {
        "type": "LineString",
        "coordinates": [
          [
            135.53927,
            34.71009
          ],
          [
            135.53821,
            34.70902
          ],
          [
            135.53783,
            34.70871
          ],
          [
            135.53759,
            34.70855
          ],
          [
            135.53739,
            34.7085
          ],
          [
            135.53721,
            34.70849
          ]
        ]
      },
      "id": "N02-25-Station-5011"
    },
    {
      "type": "Feature",
      "properties": {
        "N02_001": "21",
        "N02_002": "4",
        "N02_003": "2号線(谷町線)",
        "N02_004": "大阪市高速電気軌道",
        "N02_005": "都島",
        "N02_005c": "007032",
        "N02_005g": "007032",
        "sourceRow": 5012,
        "operatorCategory": "Private railways"
      },
      "geometry": {
        "type": "LineString",
        "coordinates": [
          [
            135.52722,
            34.70901
          ],
          [
            135.52641,
            34.709
          ],
          [
            135.52586,
            34.70897
          ],
          [
            135.52534,
            34.70891
          ],
          [
            135.5248,
            34.70883
          ]
        ]
      },
      "id": "N02-25-Station-5012"
    },
    {
      "type": "Feature",
      "properties": {
        "N02_001": "21",
        "N02_002": "4",
        "N02_003": "2号線(谷町線)",
        "N02_004": "大阪市高速電気軌道",
        "N02_005": "谷町四丁目",
        "N02_005c": "007194",
        "N02_005g": "007194",
        "sourceRow": 5013,
        "operatorCategory": "Private railways"
      },
      "geometry": {
        "type": "LineString",
        "coordinates": [
          [
            135.51733,
            34.68321
          ],
          [
            135.5173,
            34.68146
          ],
          [
            135.51728,
            34.68111
          ]
        ]
      },
      "id": "N02-25-Station-5013"
    },
    {
      "type": "Feature",
      "properties": {
        "N02_001": "21",
        "N02_002": "4",
        "N02_003": "2号線(谷町線)",
        "N02_004": "大阪市高速電気軌道",
        "N02_005": "天神橋筋六丁目",
        "N02_005c": "007021",
        "N02_005g": "007028",
        "sourceRow": 5014,
        "operatorCategory": "Private railways"
      },
      "geometry": {
        "type": "LineString",
        "coordinates": [
          [
            135.51342,
            34.71015
          ],
          [
            135.51158,
            34.71074
          ],
          [
            135.51141,
            34.71079
          ],
          [
            135.51123,
            34.71081
          ],
          [
            135.51084,
            34.71083
          ],
          [
            135.51074,
            34.71084
          ],
          [
            135.51062,
            34.71086
          ]
        ]
      },
      "id": "N02-25-Station-5014"
    },
    {
      "type": "Feature",
      "properties": {
        "N02_001": "21",
        "N02_002": "4",
        "N02_003": "2号線(谷町線)",
        "N02_004": "大阪市高速電気軌道",
        "N02_005": "千林大宮",
        "N02_005c": "006952",
        "N02_005g": "006952",
        "sourceRow": 5015,
        "operatorCategory": "Private railways"
      },
      "geometry": {
        "type": "LineString",
        "coordinates": [
          [
            135.5495,
            34.72495
          ],
          [
            135.54901,
            34.7235
          ]
        ]
      },
      "id": "N02-25-Station-5015"
    },
    {
      "type": "Feature",
      "properties": {
        "N02_001": "21",
        "N02_002": "4",
        "N02_003": "2号線(谷町線)",
        "N02_004": "大阪市高速電気軌道",
        "N02_005": "谷町九丁目",
        "N02_005c": "007306",
        "N02_005g": "007306",
        "sourceRow": 5016,
        "operatorCategory": "Private railways"
      },
      "geometry": {
        "type": "LineString",
        "coordinates": [
          [
            135.51604,
            34.66797
          ],
          [
            135.51573,
            34.6666
          ],
          [
            135.51565,
            34.66628
          ],
          [
            135.51563,
            34.66616
          ]
        ]
      },
      "id": "N02-25-Station-5016"
    },
    {
      "type": "Feature",
      "properties": {
        "N02_001": "21",
        "N02_002": "4",
        "N02_003": "2号線(谷町線)",
        "N02_004": "大阪市高速電気軌道",
        "N02_005": "太子橋今市",
        "N02_005c": "006923",
        "N02_005g": "006922",
        "sourceRow": 5017,
        "operatorCategory": "Private railways"
      },
      "geometry": {
        "type": "LineString",
        "coordinates": [
          [
            135.55524,
            34.7316
          ],
          [
            135.55475,
            34.73126
          ],
          [
            135.55376,
            34.73057
          ]
        ]
      },
      "id": "N02-25-Station-5017"
    },
    {
      "type": "Feature",
      "properties": {
        "N02_001": "21",
        "N02_002": "4",
        "N02_003": "2号線(谷町線)",
        "N02_004": "大阪市高速電気軌道",
        "N02_005": "谷町六丁目",
        "N02_005c": "007255",
        "N02_005g": "007245",
        "sourceRow": 5018,
        "operatorCategory": "Private railways"
      },
      "geometry": {
        "type": "LineString",
        "coordinates": [
          [
            135.51711,
            34.67586
          ],
          [
            135.51703,
            34.67455
          ]
        ]
      },
      "id": "N02-25-Station-5018"
    },
    {
      "type": "Feature",
      "properties": {
        "N02_001": "21",
        "N02_002": "4",
        "N02_003": "2号線(谷町線)",
        "N02_004": "大阪市高速電気軌道",
        "N02_005": "東梅田",
        "N02_005c": "007074",
        "N02_005g": "007074",
        "sourceRow": 5019,
        "operatorCategory": "Private railways"
      },
      "geometry": {
        "type": "LineString",
        "coordinates": [
          [
            135.49949,
            34.70143
          ],
          [
            135.50016,
            34.69969
          ]
        ]
      },
      "id": "N02-25-Station-5019"
    },
    {
      "type": "Feature",
      "properties": {
        "N02_001": "21",
        "N02_002": "4",
        "N02_003": "2号線(谷町線)",
        "N02_004": "大阪市高速電気軌道",
        "N02_005": "阿倍野",
        "N02_005c": "007460",
        "N02_005g": "007460",
        "sourceRow": 5020,
        "operatorCategory": "Private railways"
      },
      "geometry": {
        "type": "LineString",
        "coordinates": [
          [
            135.51233,
            34.64361
          ],
          [
            135.51203,
            34.64249
          ],
          [
            135.51194,
            34.64222
          ]
        ]
      },
      "id": "N02-25-Station-5020"
    },
    {
      "type": "Feature",
      "properties": {
        "N02_001": "21",
        "N02_002": "4",
        "N02_003": "2号線(谷町線)",
        "N02_004": "大阪市高速電気軌道",
        "N02_005": "出戸",
        "N02_005c": "007582",
        "N02_005g": "007582",
        "sourceRow": 5021,
        "operatorCategory": "Private railways"
      },
      "geometry": {
        "type": "LineString",
        "coordinates": [
          [
            135.56431,
            34.60909
          ],
          [
            135.56657,
            34.60896
          ]
        ]
      },
      "id": "N02-25-Station-5021"
    },
    {
      "type": "Feature",
      "properties": {
        "N02_001": "21",
        "N02_002": "4",
        "N02_003": "2号線(谷町線)",
        "N02_004": "大阪市高速電気軌道",
        "N02_005": "文の里",
        "N02_005c": "007486",
        "N02_005g": "007486",
        "sourceRow": 5022,
        "operatorCategory": "Private railways"
      },
      "geometry": {
        "type": "LineString",
        "coordinates": [
          [
            135.51732,
            34.63686
          ],
          [
            135.51925,
            34.6348
          ]
        ]
      },
      "id": "N02-25-Station-5022"
    },
    {
      "type": "Feature",
      "properties": {
        "N02_001": "21",
        "N02_002": "4",
        "N02_003": "2号線(谷町線)",
        "N02_004": "大阪市高速電気軌道",
        "N02_005": "天王寺",
        "N02_005c": "007432",
        "N02_005g": "007439",
        "sourceRow": 5023,
        "operatorCategory": "Private railways"
      },
      "geometry": {
        "type": "LineString",
        "coordinates": [
          [
            135.51354,
            34.64944
          ],
          [
            135.51328,
            34.64773
          ]
        ]
      },
      "id": "N02-25-Station-5023"
    },
    {
      "type": "Feature",
      "properties": {
        "N02_001": "21",
        "N02_002": "4",
        "N02_003": "2号線(谷町線)",
        "N02_004": "大阪市高速電気軌道",
        "N02_005": "平野",
        "N02_005c": "007546",
        "N02_005g": "007546",
        "sourceRow": 5024,
        "operatorCategory": "Private railways"
      },
      "geometry": {
        "type": "LineString",
        "coordinates": [
          [
            135.5481,
            34.62211
          ],
          [
            135.54826,
            34.6219
          ],
          [
            135.54842,
            34.62163
          ],
          [
            135.54858,
            34.62129
          ],
          [
            135.5487,
            34.62091
          ],
          [
            135.5488,
            34.62049
          ],
          [
            135.54885,
            34.61995
          ]
        ]
      },
      "id": "N02-25-Station-5024"
    },
    {
      "type": "Feature",
      "properties": {
        "N02_001": "21",
        "N02_002": "4",
        "N02_003": "2号線(谷町線)",
        "N02_004": "大阪市高速電気軌道",
        "N02_005": "駒川中野",
        "N02_005c": "007543",
        "N02_005g": "007543",
        "sourceRow": 5025,
        "operatorCategory": "Private railways"
      },
      "geometry": {
        "type": "LineString",
        "coordinates": [
          [
            135.53188,
            34.62196
          ],
          [
            135.53207,
            34.62185
          ],
          [
            135.53252,
            34.62164
          ],
          [
            135.53299,
            34.62146
          ],
          [
            135.53331,
            34.62135
          ],
          [
            135.53375,
            34.62125
          ]
        ]
      },
      "id": "N02-25-Station-5025"
    },
    {
      "type": "Feature",
      "properties": {
        "N02_001": "21",
        "N02_002": "4",
        "N02_003": "2号線(谷町線)",
        "N02_004": "大阪市高速電気軌道",
        "N02_005": "田辺",
        "N02_005c": "007519",
        "N02_005g": "007519",
        "sourceRow": 5026,
        "operatorCategory": "Private railways"
      },
      "geometry": {
        "type": "LineString",
        "coordinates": [
          [
            135.52431,
            34.62953
          ],
          [
            135.52504,
            34.62876
          ],
          [
            135.52612,
            34.62763
          ]
        ]
      },
      "id": "N02-25-Station-5026"
    },
    {
      "type": "Feature",
      "properties": {
        "N02_001": "21",
        "N02_002": "4",
        "N02_003": "2号線(谷町線)",
        "N02_004": "大阪市高速電気軌道",
        "N02_005": "喜連瓜破",
        "N02_005c": "007581",
        "N02_005g": "007581",
        "sourceRow": 5027,
        "operatorCategory": "Private railways"
      },
      "geometry": {
        "type": "LineString",
        "coordinates": [
          [
            135.55049,
            34.60921
          ],
          [
            135.55369,
            34.60917
          ]
        ]
      },
      "id": "N02-25-Station-5027"
    },
    {
      "type": "Feature",
      "properties": {
        "N02_001": "21",
        "N02_002": "4",
        "N02_003": "2号線(谷町線)",
        "N02_004": "大阪市高速電気軌道",
        "N02_005": "八尾南",
        "N02_005c": "007618",
        "N02_005g": "007618",
        "sourceRow": 5028,
        "operatorCategory": "Private railways"
      },
      "geometry": {
        "type": "LineString",
        "coordinates": [
          [
            135.58198,
            34.59734
          ],
          [
            135.58221,
            34.59732
          ],
          [
            135.5825,
            34.59728
          ],
          [
            135.58277,
            34.59724
          ],
          [
            135.58303,
            34.5972
          ],
          [
            135.58334,
            34.59713
          ],
          [
            135.58366,
            34.59704
          ]
        ]
      },
      "id": "N02-25-Station-5028"
    },
    {
      "type": "Feature",
      "properties": {
        "N02_001": "21",
        "N02_002": "4",
        "N02_003": "2号線(谷町線)",
        "N02_004": "大阪市高速電気軌道",
        "N02_005": "長原",
        "N02_005c": "007594",
        "N02_005g": "007594",
        "sourceRow": 5029,
        "operatorCategory": "Private railways"
      },
      "geometry": {
        "type": "LineString",
        "coordinates": [
          [
            135.57359,
            34.60329
          ],
          [
            135.57393,
            34.60168
          ]
        ]
      },
      "id": "N02-25-Station-5029"
    },
    {
      "type": "Feature",
      "properties": {
        "N02_001": "21",
        "N02_002": "4",
        "N02_003": "2号線(谷町線)",
        "N02_004": "大阪市高速電気軌道",
        "N02_005": "四天王寺前夕陽ヶ丘",
        "N02_005c": "007382",
        "N02_005g": "007382",
        "sourceRow": 5030,
        "operatorCategory": "Private railways"
      },
      "geometry": {
        "type": "LineString",
        "coordinates": [
          [
            135.51431,
            34.65917
          ],
          [
            135.51406,
            34.65765
          ]
        ]
      },
      "id": "N02-25-Station-5030"
    },
    {
      "type": "Feature",
      "properties": {
        "N02_001": "21",
        "N02_002": "4",
        "N02_003": "3号線(四つ橋線)",
        "N02_004": "大阪市高速電気軌道",
        "N02_005": "西梅田",
        "N02_005c": "007080",
        "N02_005g": "007080",
        "sourceRow": 5031,
        "operatorCategory": "Private railways"
      },
      "geometry": {
        "type": "LineString",
        "coordinates": [
          [
            135.49571,
            34.70032
          ],
          [
            135.49558,
            34.69856
          ]
        ]
      },
      "id": "N02-25-Station-5031"
    },
    {
      "type": "Feature",
      "properties": {
        "N02_001": "21",
        "N02_002": "4",
        "N02_003": "3号線(四つ橋線)",
        "N02_004": "大阪市高速電気軌道",
        "N02_005": "四ツ橋",
        "N02_005c": "007268",
        "N02_005g": "007268",
        "sourceRow": 5032,
        "operatorCategory": "Private railways"
      },
      "geometry": {
        "type": "LineString",
        "coordinates": [
          [
            135.49683,
            34.67481
          ],
          [
            135.49666,
            34.67307
          ]
        ]
      },
      "id": "N02-25-Station-5032"
    },
    {
      "type": "Feature",
      "properties": {
        "N02_001": "21",
        "N02_002": "4",
        "N02_003": "3号線(四つ橋線)",
        "N02_004": "大阪市高速電気軌道",
        "N02_005": "本町",
        "N02_005c": "007189",
        "N02_005g": "007195",
        "sourceRow": 5033,
        "operatorCategory": "Private railways"
      },
      "geometry": {
        "type": "LineString",
        "coordinates": [
          [
            135.49689,
            34.68355
          ],
          [
            135.49691,
            34.68195
          ]
        ]
      },
      "id": "N02-25-Station-5033"
    },
    {
      "type": "Feature",
      "properties": {
        "N02_001": "21",
        "N02_002": "4",
        "N02_003": "3号線(四つ橋線)",
        "N02_004": "大阪市高速電気軌道",
        "N02_005": "難波",
        "N02_005c": "007320",
        "N02_005g": "007305",
        "sourceRow": 5034,
        "operatorCategory": "Private railways"
      },
      "geometry": {
        "type": "LineString",
        "coordinates": [
          [
            135.49718,
            34.66719
          ],
          [
            135.49719,
            34.66716
          ],
          [
            135.49798,
            34.66555
          ]
        ]
      },
      "id": "N02-25-Station-5034"
    },
    {
      "type": "Feature",
      "properties": {
        "N02_001": "21",
        "N02_002": "4",
        "N02_003": "3号線(四つ橋線)",
        "N02_004": "大阪市高速電気軌道",
        "N02_005": "肥後橋",
        "N02_005c": "007143",
        "N02_005g": "007143",
        "sourceRow": 5035,
        "operatorCategory": "Private railways"
      },
      "geometry": {
        "type": "LineString",
        "coordinates": [
          [
            135.4963,
            34.69181
          ],
          [
            135.49643,
            34.69062
          ]
        ]
      },
      "id": "N02-25-Station-5035"
    },
    {
      "type": "Feature",
      "properties": {
        "N02_001": "21",
        "N02_002": "4",
        "N02_003": "3号線(四つ橋線)",
        "N02_004": "大阪市高速電気軌道",
        "N02_005": "花園町",
        "N02_005c": "007454",
        "N02_005g": "007454",
        "sourceRow": 5036,
        "operatorCategory": "Private railways"
      },
      "geometry": {
        "type": "LineString",
        "coordinates": [
          [
            135.49639,
            34.6435
          ],
          [
            135.49671,
            34.64491
          ]
        ]
      },
      "id": "N02-25-Station-5036"
    },
    {
      "type": "Feature",
      "properties": {
        "N02_001": "21",
        "N02_002": "4",
        "N02_003": "3号線(四つ橋線)",
        "N02_004": "大阪市高速電気軌道",
        "N02_005": "大国町",
        "N02_005c": "007396",
        "N02_005g": "007395",
        "sourceRow": 5037,
        "operatorCategory": "Private railways"
      },
      "geometry": {
        "type": "LineString",
        "coordinates": [
          [
            135.49788,
            34.65524
          ],
          [
            135.49784,
            34.65735
          ]
        ]
      },
      "id": "N02-25-Station-5037"
    },
    {
      "type": "Feature",
      "properties": {
        "N02_001": "21",
        "N02_002": "4",
        "N02_003": "3号線(四つ橋線)",
        "N02_004": "大阪市高速電気軌道",
        "N02_005": "岸里",
        "N02_005c": "007493",
        "N02_005g": "007493",
        "sourceRow": 5038,
        "operatorCategory": "Private railways"
      },
      "geometry": {
        "type": "LineString",
        "coordinates": [
          [
            135.4936,
            34.63352
          ],
          [
            135.494,
            34.63488
          ]
        ]
      },
      "id": "N02-25-Station-5038"
    },
    {
      "type": "Feature",
      "properties": {
        "N02_001": "21",
        "N02_002": "4",
        "N02_003": "3号線(四つ橋線)",
        "N02_004": "大阪市高速電気軌道",
        "N02_005": "玉出",
        "N02_005c": "007533",
        "N02_005g": "007533",
        "sourceRow": 5039,
        "operatorCategory": "Private railways"
      },
      "geometry": {
        "type": "LineString",
        "coordinates": [
          [
            135.49032,
            34.62345
          ],
          [
            135.49066,
            34.62472
          ]
        ]
      },
      "id": "N02-25-Station-5039"
    },
    {
      "type": "Feature",
      "properties": {
        "N02_001": "21",
        "N02_002": "4",
        "N02_003": "3号線(四つ橋線)",
        "N02_004": "大阪市高速電気軌道",
        "N02_005": "北加賀屋",
        "N02_005c": "007544",
        "N02_005g": "007544",
        "sourceRow": 5040,
        "operatorCategory": "Private railways"
      },
      "geometry": {
        "type": "LineString",
        "coordinates": [
          [
            135.47854,
            34.62115
          ],
          [
            135.48017,
            34.62144
          ]
        ]
      },
      "id": "N02-25-Station-5040"
    },
    {
      "type": "Feature",
      "properties": {
        "N02_001": "21",
        "N02_002": "4",
        "N02_003": "3号線(四つ橋線)",
        "N02_004": "大阪市高速電気軌道",
        "N02_005": "住之江公園",
        "N02_005c": "007583",
        "N02_005g": "007580",
        "sourceRow": 5041,
        "operatorCategory": "Private railways"
      },
      "geometry": {
        "type": "LineString",
        "coordinates": [
          [
            135.47307,
            34.60816
          ],
          [
            135.47315,
            34.60957
          ]
        ]
      },
      "id": "N02-25-Station-5041"
    },
    {
      "type": "Feature",
      "properties": {
        "N02_001": "21",
        "N02_002": "4",
        "N02_003": "4号線(中央線)",
        "N02_004": "大阪市高速電気軌道",
        "N02_005": "長田",
        "N02_005c": "007232",
        "N02_005g": "007232",
        "sourceRow": 5042,
        "operatorCategory": "Private railways"
      },
      "geometry": {
        "type": "LineString",
        "coordinates": [
          [
            135.59111,
            34.67876
          ],
          [
            135.59282,
            34.67875
          ]
        ]
      },
      "id": "N02-25-Station-5042"
    },
    {
      "type": "Feature",
      "properties": {
        "N02_001": "21",
        "N02_002": "4",
        "N02_003": "4号線(中央線)",
        "N02_004": "大阪市高速電気軌道",
        "N02_005": "高井田",
        "N02_005c": "007235",
        "N02_005g": "007235",
        "sourceRow": 5043,
        "operatorCategory": "Private railways"
      },
      "geometry": {
        "type": "LineString",
        "coordinates": [
          [
            135.57156,
            34.67834
          ],
          [
            135.57177,
            34.67835
          ],
          [
            135.57203,
            34.6784
          ],
          [
            135.57343,
            34.67866
          ]
        ]
      },
      "id": "N02-25-Station-5043"
    },
    {
      "type": "Feature",
      "properties": {
        "N02_001": "21",
        "N02_002": "4",
        "N02_003": "4号線(中央線)",
        "N02_004": "大阪市高速電気軌道",
        "N02_005": "緑橋",
        "N02_005c": "007209",
        "N02_005g": "007201",
        "sourceRow": 5044,
        "operatorCategory": "Private railways"
      },
      "geometry": {
        "type": "LineString",
        "coordinates": [
          [
            135.5439,
            34.68086
          ],
          [
            135.54616,
            34.68058
          ]
        ]
      },
      "id": "N02-25-Station-5044"
    },
    {
      "type": "Feature",
      "properties": {
        "N02_001": "21",
        "N02_002": "4",
        "N02_003": "4号線(中央線)",
        "N02_004": "大阪市高速電気軌道",
        "N02_005": "森ノ宮",
        "N02_005c": "007202",
        "N02_005g": "007202",
        "sourceRow": 5045,
        "operatorCategory": "Private railways"
      },
      "geometry": {
        "type": "LineString",
        "coordinates": [
          [
            135.5312,
            34.68149
          ],
          [
            135.5334,
            34.68147
          ]
        ]
      },
      "id": "N02-25-Station-5045"
    },
    {
      "type": "Feature",
      "properties": {
        "N02_001": "21",
        "N02_002": "4",
        "N02_003": "4号線(中央線)",
        "N02_004": "大阪市高速電気軌道",
        "N02_005": "堺筋本町",
        "N02_005c": "007197",
        "N02_005g": "007190",
        "sourceRow": 5046,
        "operatorCategory": "Private railways"
      },
      "geometry": {
        "type": "LineString",
        "coordinates": [
          [
            135.50599,
            34.68191
          ],
          [
            135.50644,
            34.68189
          ],
          [
            135.50821,
            34.68184
          ]
        ]
      },
      "id": "N02-25-Station-5046"
    },
    {
      "type": "Feature",
      "properties": {
        "N02_001": "21",
        "N02_002": "4",
        "N02_003": "4号線(中央線)",
        "N02_004": "大阪市高速電気軌道",
        "N02_005": "九条",
        "N02_005c": "007253",
        "N02_005g": "007253",
        "sourceRow": 5047,
        "operatorCategory": "Private railways"
      },
      "geometry": {
        "type": "LineString",
        "coordinates": [
          [
            135.47428,
            34.67583
          ],
          [
            135.47288,
            34.67483
          ]
        ]
      },
      "id": "N02-25-Station-5047"
    },
    {
      "type": "Feature",
      "properties": {
        "N02_001": "21",
        "N02_002": "4",
        "N02_003": "4号線(中央線)",
        "N02_004": "大阪市高速電気軌道",
        "N02_005": "弁天町",
        "N02_005c": "007292",
        "N02_005g": "007285",
        "sourceRow": 5048,
        "operatorCategory": "Private railways"
      },
      "geometry": {
        "type": "LineString",
        "coordinates": [
          [
            135.46288,
            34.66871
          ],
          [
            135.462,
            34.66841
          ],
          [
            135.46144,
            34.66822
          ]
        ]
      },
      "id": "N02-25-Station-5048"
    },
    {
      "type": "Feature",
      "properties": {
        "N02_001": "21",
        "N02_002": "4",
        "N02_003": "4号線(中央線)",
        "N02_004": "大阪市高速電気軌道",
        "N02_005": "谷町四丁目",
        "N02_005c": "007205",
        "N02_005g": "007194",
        "sourceRow": 5049,
        "operatorCategory": "Private railways"
      },
      "geometry": {
        "type": "LineString",
        "coordinates": [
          [
            135.51718,
            34.68147
          ],
          [
            135.5173,
            34.68146
          ],
          [
            135.51928,
            34.68132
          ]
        ]
      },
      "id": "N02-25-Station-5049"
    },
    {
      "type": "Feature",
      "properties": {
        "N02_001": "21",
        "N02_002": "4",
        "N02_003": "4号線(中央線)",
        "N02_004": "大阪市高速電気軌道",
        "N02_005": "本町",
        "N02_005c": "007195",
        "N02_005g": "007195",
        "sourceRow": 5050,
        "operatorCategory": "Private railways"
      },
      "geometry": {
        "type": "LineString",
        "coordinates": [
          [
            135.49789,
            34.68202
          ],
          [
            135.5003,
            34.68201
          ]
        ]
      },
      "id": "N02-25-Station-5050"
    },
    {
      "type": "Feature",
      "properties": {
        "N02_001": "21",
        "N02_002": "4",
        "N02_003": "4号線(中央線)",
        "N02_004": "大阪市高速電気軌道",
        "N02_005": "阿波座",
        "N02_005c": "007206",
        "N02_005g": "007198",
        "sourceRow": 5051,
        "operatorCategory": "Private railways"
      },
      "geometry": {
        "type": "LineString",
        "coordinates": [
          [
            135.48866,
            34.68139
          ],
          [
            135.48719,
            34.6813
          ]
        ]
      },
      "id": "N02-25-Station-5051"
    },
    {
      "type": "Feature",
      "properties": {
        "N02_001": "21",
        "N02_002": "4",
        "N02_003": "4号線(中央線)",
        "N02_004": "大阪市高速電気軌道",
        "N02_005": "深江橋",
        "N02_005c": "007226",
        "N02_005g": "007226",
        "sourceRow": 5052,
        "operatorCategory": "Private railways"
      },
      "geometry": {
        "type": "LineString",
        "coordinates": [
          [
            135.55587,
            34.67932
          ],
          [
            135.55747,
            34.67911
          ],
          [
            135.55784,
            34.67906
          ]
        ]
      },
      "id": "N02-25-Station-5052"
    },
    {
      "type": "Feature",
      "properties": {
        "N02_001": "21",
        "N02_002": "4",
        "N02_003": "4号線(中央線)",
        "N02_004": "大阪市高速電気軌道",
        "N02_005": "朝潮橋",
        "N02_005c": "007370",
        "N02_005g": "007370",
        "sourceRow": 5053,
        "operatorCategory": "Private railways"
      },
      "geometry": {
        "type": "LineString",
        "coordinates": [
          [
            135.44908,
            34.66136
          ],
          [
            135.44831,
            34.66017
          ]
        ]
      },
      "id": "N02-25-Station-5053"
    },
    {
      "type": "Feature",
      "properties": {
        "N02_001": "12",
        "N02_002": "4",
        "N02_003": "4号線(中央線)",
        "N02_004": "大阪市高速電気軌道",
        "N02_005": "コスモスクエア",
        "N02_005c": "007464",
        "N02_005g": "007464",
        "sourceRow": 5054,
        "operatorCategory": "Private railways"
      },
      "geometry": {
        "type": "LineString",
        "coordinates": [
          [
            135.41182,
            34.64243
          ],
          [
            135.41262,
            34.64272
          ]
        ]
      },
      "id": "N02-25-Station-5054"
    },
    {
      "type": "Feature",
      "properties": {
        "N02_001": "12",
        "N02_002": "4",
        "N02_003": "4号線(中央線)",
        "N02_004": "大阪市高速電気軌道",
        "N02_005": "大阪港",
        "N02_005c": "007409",
        "N02_005g": "007409",
        "sourceRow": 5055,
        "operatorCategory": "Private railways"
      },
      "geometry": {
        "type": "LineString",
        "coordinates": [
          [
            135.43376,
            34.65365
          ],
          [
            135.43381,
            34.65366
          ],
          [
            135.4343,
            34.65385
          ],
          [
            135.43466,
            34.654
          ],
          [
            135.43489,
            34.65409
          ]
        ]
      },
      "id": "N02-25-Station-5055"
    },
    {
      "type": "Feature",
      "properties": {
        "N02_001": "21",
        "N02_002": "4",
        "N02_003": "5号線(千日前線)",
        "N02_004": "大阪市高速電気軌道",
        "N02_005": "西長堀",
        "N02_005c": "007269",
        "N02_005g": "007246",
        "sourceRow": 5056,
        "operatorCategory": "Private railways"
      },
      "geometry": {
        "type": "LineString",
        "coordinates": [
          [
            135.48711,
            34.67473
          ],
          [
            135.48691,
            34.67314
          ]
        ]
      },
      "id": "N02-25-Station-5056"
    },
    {
      "type": "Feature",
      "properties": {
        "N02_001": "21",
        "N02_002": "4",
        "N02_003": "5号線(千日前線)",
        "N02_004": "大阪市高速電気軌道",
        "N02_005": "小路",
        "N02_005c": "007368",
        "N02_005g": "007368",
        "sourceRow": 5057,
        "operatorCategory": "Private railways"
      },
      "geometry": {
        "type": "LineString",
        "coordinates": [
          [
            135.55615,
            34.66021
          ],
          [
            135.55639,
            34.66247
          ]
        ]
      },
      "id": "N02-25-Station-5057"
    },
    {
      "type": "Feature",
      "properties": {
        "N02_001": "21",
        "N02_002": "4",
        "N02_003": "5号線(千日前線)",
        "N02_004": "大阪市高速電気軌道",
        "N02_005": "日本橋",
        "N02_005c": "007312",
        "N02_005g": "007312",
        "sourceRow": 5058,
        "operatorCategory": "Private railways"
      },
      "geometry": {
        "type": "LineString",
        "coordinates": [
          [
            135.5078,
            34.66693
          ],
          [
            135.50617,
            34.66698
          ],
          [
            135.50508,
            34.66702
          ]
        ]
      },
      "id": "N02-25-Station-5058"
    },
    {
      "type": "Feature",
      "properties": {
        "N02_001": "21",
        "N02_002": "4",
        "N02_003": "5号線(千日前線)",
        "N02_004": "大阪市高速電気軌道",
        "N02_005": "今里",
        "N02_005c": "007291",
        "N02_005g": "007284",
        "sourceRow": 5059,
        "operatorCategory": "Private railways"
      },
      "geometry": {
        "type": "LineString",
        "coordinates": [
          [
            135.54582,
            34.66824
          ],
          [
            135.54401,
            34.66872
          ],
          [
            135.54325,
            34.66889
          ],
          [
            135.54299,
            34.66892
          ],
          [
            135.54272,
            34.66889
          ],
          [
            135.54242,
            34.66883
          ]
        ]
      },
      "id": "N02-25-Station-5059"
    },
    {
      "type": "Feature",
      "properties": {
        "N02_001": "21",
        "N02_002": "4",
        "N02_003": "5号線(千日前線)",
        "N02_004": "大阪市高速電気軌道",
        "N02_005": "玉川",
        "N02_005c": "007154",
        "N02_005g": "007154",
        "sourceRow": 5060,
        "operatorCategory": "Private railways"
      },
      "geometry": {
        "type": "LineString",
        "coordinates": [
          [
            135.47582,
            34.6901
          ],
          [
            135.47689,
            34.68856
          ]
        ]
      },
      "id": "N02-25-Station-5060"
    },
    {
      "type": "Feature",
      "properties": {
        "N02_001": "21",
        "N02_002": "4",
        "N02_003": "5号線(千日前線)",
        "N02_004": "大阪市高速電気軌道",
        "N02_005": "谷町九丁目",
        "N02_005c": "007319",
        "N02_005g": "007306",
        "sourceRow": 5061,
        "operatorCategory": "Private railways"
      },
      "geometry": {
        "type": "LineString",
        "coordinates": [
          [
            135.51858,
            34.66627
          ],
          [
            135.51573,
            34.6666
          ],
          [
            135.51535,
            34.66665
          ]
        ]
      },
      "id": "N02-25-Station-5061"
    },
    {
      "type": "Feature",
      "properties": {
        "N02_001": "21",
        "N02_002": "4",
        "N02_003": "5号線(千日前線)",
        "N02_004": "大阪市高速電気軌道",
        "N02_005": "阿波座",
        "N02_005c": "007198",
        "N02_005g": "007198",
        "sourceRow": 5062,
        "operatorCategory": "Private railways"
      },
      "geometry": {
        "type": "LineString",
        "coordinates": [
          [
            135.48596,
            34.68245
          ],
          [
            135.48649,
            34.68086
          ]
        ]
      },
      "id": "N02-25-Station-5062"
    },
    {
      "type": "Feature",
      "properties": {
        "N02_001": "21",
        "N02_002": "4",
        "N02_003": "5号線(千日前線)",
        "N02_004": "大阪市高速電気軌道",
        "N02_005": "桜川",
        "N02_005c": "007296",
        "N02_005g": "007296",
        "sourceRow": 5063,
        "operatorCategory": "Private railways"
      },
      "geometry": {
        "type": "LineString",
        "coordinates": [
          [
            135.48948,
            34.66838
          ],
          [
            135.49112,
            34.66822
          ]
        ]
      },
      "id": "N02-25-Station-5063"
    },
    {
      "type": "Feature",
      "properties": {
        "N02_001": "21",
        "N02_002": "4",
        "N02_003": "5号線(千日前線)",
        "N02_004": "大阪市高速電気軌道",
        "N02_005": "新深江",
        "N02_005c": "007297",
        "N02_005g": "007297",
        "sourceRow": 5064,
        "operatorCategory": "Private railways"
      },
      "geometry": {
        "type": "LineString",
        "coordinates": [
          [
            135.55538,
            34.66824
          ],
          [
            135.55304,
            34.66813
          ]
        ]
      },
      "id": "N02-25-Station-5064"
    },
    {
      "type": "Feature",
      "properties": {
        "N02_001": "21",
        "N02_002": "4",
        "N02_003": "5号線(千日前線)",
        "N02_004": "大阪市高速電気軌道",
        "N02_005": "鶴橋",
        "N02_005c": "007325",
        "N02_005g": "007330",
        "sourceRow": 5065,
        "operatorCategory": "Private railways"
      },
      "geometry": {
        "type": "LineString",
        "coordinates": [
          [
            135.53007,
            34.66598
          ],
          [
            135.52772,
            34.66597
          ]
        ]
      },
      "id": "N02-25-Station-5065"
    },
    {
      "type": "Feature",
      "properties": {
        "N02_001": "21",
        "N02_002": "4",
        "N02_003": "5号線(千日前線)",
        "N02_004": "大阪市高速電気軌道",
        "N02_005": "難波",
        "N02_005c": "007305",
        "N02_005g": "007305",
        "sourceRow": 5066,
        "operatorCategory": "Private railways"
      },
      "geometry": {
        "type": "LineString",
        "coordinates": [
          [
            135.50064,
            34.66715
          ],
          [
            135.50026,
            34.66717
          ],
          [
            135.49947,
            34.66721
          ],
          [
            135.49887,
            34.66725
          ],
          [
            135.49847,
            34.66729
          ],
          [
            135.49845,
            34.66729
          ],
          [
            135.49787,
            34.66736
          ]
        ]
      },
      "id": "N02-25-Station-5066"
    },
    {
      "type": "Feature",
      "properties": {
        "N02_001": "21",
        "N02_002": "4",
        "N02_003": "5号線(千日前線)",
        "N02_004": "大阪市高速電気軌道",
        "N02_005": "野田阪神",
        "N02_005c": "007113",
        "N02_005g": "007113",
        "sourceRow": 5067,
        "operatorCategory": "Private railways"
      },
      "geometry": {
        "type": "LineString",
        "coordinates": [
          [
            135.47488,
            34.6949
          ],
          [
            135.47486,
            34.69333
          ]
        ]
      },
      "id": "N02-25-Station-5067"
    },
    {
      "type": "Feature",
      "properties": {
        "N02_001": "21",
        "N02_002": "4",
        "N02_003": "5号線(千日前線)",
        "N02_004": "大阪市高速電気軌道",
        "N02_005": "北巽",
        "N02_005c": "007412",
        "N02_005g": "007412",
        "sourceRow": 5068,
        "operatorCategory": "Private railways"
      },
      "geometry": {
        "type": "LineString",
        "coordinates": [
          [
            135.5548,
            34.652
          ],
          [
            135.5552,
            34.65454
          ]
        ]
      },
      "id": "N02-25-Station-5068"
    },
    {
      "type": "Feature",
      "properties": {
        "N02_001": "21",
        "N02_002": "4",
        "N02_003": "5号線(千日前線)",
        "N02_004": "大阪市高速電気軌道",
        "N02_005": "南巽",
        "N02_005c": "007462",
        "N02_005g": "007462",
        "sourceRow": 5069,
        "operatorCategory": "Private railways"
      },
      "geometry": {
        "type": "LineString",
        "coordinates": [
          [
            135.55289,
            34.64184
          ],
          [
            135.5531,
            34.64244
          ],
          [
            135.5532,
            34.64287
          ],
          [
            135.55336,
            34.64381
          ]
        ]
      },
      "id": "N02-25-Station-5069"
    },
    {
      "type": "Feature",
      "properties": {
        "N02_001": "21",
        "N02_002": "4",
        "N02_003": "6号線(堺筋線)",
        "N02_004": "大阪市高速電気軌道",
        "N02_005": "天神橋筋六丁目",
        "N02_005c": "007029",
        "N02_005g": "007028",
        "sourceRow": 5070,
        "operatorCategory": "Private railways"
      },
      "geometry": {
        "type": "LineString",
        "coordinates": [
          [
            135.51074,
            34.71094
          ],
          [
            135.51074,
            34.71084
          ],
          [
            135.51077,
            34.70879
          ]
        ]
      },
      "id": "N02-25-Station-5070"
    },
    {
      "type": "Feature",
      "properties": {
        "N02_001": "21",
        "N02_002": "4",
        "N02_003": "6号線(堺筋線)",
        "N02_004": "大阪市高速電気軌道",
        "N02_005": "日本橋",
        "N02_005c": "007318",
        "N02_005g": "007312",
        "sourceRow": 5071,
        "operatorCategory": "Private railways"
      },
      "geometry": {
        "type": "LineString",
        "coordinates": [
          [
            135.50618,
            34.6675
          ],
          [
            135.50617,
            34.66698
          ],
          [
            135.50612,
            34.66561
          ]
        ]
      },
      "id": "N02-25-Station-5071"
    },
    {
      "type": "Feature",
      "properties": {
        "N02_001": "21",
        "N02_002": "4",
        "N02_003": "6号線(堺筋線)",
        "N02_004": "大阪市高速電気軌道",
        "N02_005": "堺筋本町",
        "N02_005c": "007190",
        "N02_005g": "007190",
        "sourceRow": 5072,
        "operatorCategory": "Private railways"
      },
      "geometry": {
        "type": "LineString",
        "coordinates": [
          [
            135.50644,
            34.68159
          ],
          [
            135.50644,
            34.68189
          ],
          [
            135.50648,
            34.68353
          ]
        ]
      },
      "id": "N02-25-Station-5072"
    },
    {
      "type": "Feature",
      "properties": {
        "N02_001": "21",
        "N02_002": "4",
        "N02_003": "6号線(堺筋線)",
        "N02_004": "大阪市高速電気軌道",
        "N02_005": "北浜",
        "N02_005c": "007146",
        "N02_005g": "007141",
        "sourceRow": 5073,
        "operatorCategory": "Private railways"
      },
      "geometry": {
        "type": "LineString",
        "coordinates": [
          [
            135.50672,
            34.69177
          ],
          [
            135.50662,
            34.69148
          ],
          [
            135.50658,
            34.69117
          ],
          [
            135.50656,
            34.69061
          ],
          [
            135.50655,
            34.6896
          ]
        ]
      },
      "id": "N02-25-Station-5073"
    },
    {
      "type": "Feature",
      "properties": {
        "N02_001": "21",
        "N02_002": "4",
        "N02_003": "6号線(堺筋線)",
        "N02_004": "大阪市高速電気軌道",
        "N02_005": "長堀橋",
        "N02_005c": "007259",
        "N02_005g": "007254",
        "sourceRow": 5074,
        "operatorCategory": "Private railways"
      },
      "geometry": {
        "type": "LineString",
        "coordinates": [
          [
            135.50634,
            34.67575
          ],
          [
            135.50633,
            34.67531
          ],
          [
            135.5063,
            34.67354
          ]
        ]
      },
      "id": "N02-25-Station-5074"
    },
    {
      "type": "Feature",
      "properties": {
        "N02_001": "21",
        "N02_002": "4",
        "N02_003": "6号線(堺筋線)",
        "N02_004": "大阪市高速電気軌道",
        "N02_005": "南森町",
        "N02_005c": "007087",
        "N02_005g": "007087",
        "sourceRow": 5075,
        "operatorCategory": "Private railways"
      },
      "geometry": {
        "type": "LineString",
        "coordinates": [
          [
            135.51099,
            34.6988
          ],
          [
            135.511,
            34.69757
          ],
          [
            135.51101,
            34.6971
          ]
        ]
      },
      "id": "N02-25-Station-5075"
    },
    {
      "type": "Feature",
      "properties": {
        "N02_001": "21",
        "N02_002": "4",
        "N02_003": "6号線(堺筋線)",
        "N02_004": "大阪市高速電気軌道",
        "N02_005": "扇町",
        "N02_005c": "007061",
        "N02_005g": "007061",
        "sourceRow": 5076,
        "operatorCategory": "Private railways"
      },
      "geometry": {
        "type": "LineString",
        "coordinates": [
          [
            135.51084,
            34.70461
          ],
          [
            135.51086,
            34.70304
          ]
        ]
      },
      "id": "N02-25-Station-5076"
    },
    {
      "type": "Feature",
      "properties": {
        "N02_001": "21",
        "N02_002": "4",
        "N02_003": "6号線(堺筋線)",
        "N02_004": "大阪市高速電気軌道",
        "N02_005": "動物園前",
        "N02_005c": "007435",
        "N02_005g": "007430",
        "sourceRow": 5077,
        "operatorCategory": "Private railways"
      },
      "geometry": {
        "type": "LineString",
        "coordinates": [
          [
            135.50359,
            34.6488
          ],
          [
            135.50357,
            34.64874
          ],
          [
            135.50299,
            34.64695
          ]
        ]
      },
      "id": "N02-25-Station-5077"
    },
    {
      "type": "Feature",
      "properties": {
        "N02_001": "21",
        "N02_002": "4",
        "N02_003": "6号線(堺筋線)",
        "N02_004": "大阪市高速電気軌道",
        "N02_005": "天下茶屋",
        "N02_005c": "007484",
        "N02_005g": "007483",
        "sourceRow": 5078,
        "operatorCategory": "Private railways"
      },
      "geometry": {
        "type": "LineString",
        "coordinates": [
          [
            135.49715,
            34.63769
          ],
          [
            135.4968,
            34.63638
          ]
        ]
      },
      "id": "N02-25-Station-5078"
    },
    {
      "type": "Feature",
      "properties": {
        "N02_001": "21",
        "N02_002": "4",
        "N02_003": "6号線(堺筋線)",
        "N02_004": "大阪市高速電気軌道",
        "N02_005": "恵美須町",
        "N02_005c": "007399",
        "N02_005g": "007399",
        "sourceRow": 5079,
        "operatorCategory": "Private railways"
      },
      "geometry": {
        "type": "LineString",
        "coordinates": [
          [
            135.50573,
            34.65706
          ],
          [
            135.50568,
            34.65589
          ],
          [
            135.50566,
            34.65555
          ],
          [
            135.50559,
            34.65506
          ],
          [
            135.50552,
            34.65472
          ],
          [
            135.50543,
            34.65439
          ]
        ]
      },
      "id": "N02-25-Station-5079"
    },
    {
      "type": "Feature",
      "properties": {
        "N02_001": "21",
        "N02_002": "4",
        "N02_003": "7号線(長堀鶴見緑地線)",
        "N02_004": "大阪市高速電気軌道",
        "N02_005": "横堤",
        "N02_005c": "007063",
        "N02_005g": "007063",
        "sourceRow": 5080,
        "operatorCategory": "Private railways"
      },
      "geometry": {
        "type": "LineString",
        "coordinates": [
          [
            135.57341,
            34.70364
          ],
          [
            135.57194,
            34.70344
          ]
        ]
      },
      "id": "N02-25-Station-5080"
    },
    {
      "type": "Feature",
      "properties": {
        "N02_001": "21",
        "N02_002": "4",
        "N02_003": "7号線(長堀鶴見緑地線)",
        "N02_004": "大阪市高速電気軌道",
        "N02_005": "門真南",
        "N02_005c": "006994",
        "N02_005g": "006994",
        "sourceRow": 5081,
        "operatorCategory": "Private railways"
      },
      "geometry": {
        "type": "LineString",
        "coordinates": [
          [
            135.5931,
            34.71706
          ],
          [
            135.59185,
            34.71643
          ]
        ]
      },
      "id": "N02-25-Station-5081"
    },
    {
      "type": "Feature",
      "properties": {
        "N02_001": "21",
        "N02_002": "4",
        "N02_003": "7号線(長堀鶴見緑地線)",
        "N02_004": "大阪市高速電気軌道",
        "N02_005": "鶴見緑地",
        "N02_005c": "007018",
        "N02_005g": "007018",
        "sourceRow": 5082,
        "operatorCategory": "Private railways"
      },
      "geometry": {
        "type": "LineString",
        "coordinates": [
          [
            135.58137,
            34.7113
          ],
          [
            135.58005,
            34.71064
          ]
        ]
      },
      "id": "N02-25-Station-5082"
    },
    {
      "type": "Feature",
      "properties": {
        "N02_001": "21",
        "N02_002": "4",
        "N02_003": "7号線(長堀鶴見緑地線)",
        "N02_004": "大阪市高速電気軌道",
        "N02_005": "森ノ宮",
        "N02_005c": "007193",
        "N02_005g": "007202",
        "sourceRow": 5083,
        "operatorCategory": "Private railways"
      },
      "geometry": {
        "type": "LineString",
        "coordinates": [
          [
            135.53335,
            34.68301
          ],
          [
            135.5334,
            34.68172
          ]
        ]
      },
      "id": "N02-25-Station-5083"
    },
    {
      "type": "Feature",
      "properties": {
        "N02_001": "21",
        "N02_002": "4",
        "N02_003": "7号線(長堀鶴見緑地線)",
        "N02_004": "大阪市高速電気軌道",
        "N02_005": "心斎橋",
        "N02_005c": "007252",
        "N02_005g": "007252",
        "sourceRow": 5084,
        "operatorCategory": "Private railways"
      },
      "geometry": {
        "type": "LineString",
        "coordinates": [
          [
            135.49982,
            34.67535
          ],
          [
            135.49833,
            34.67537
          ]
        ]
      },
      "id": "N02-25-Station-5084"
    },
    {
      "type": "Feature",
      "properties": {
        "N02_001": "21",
        "N02_002": "4",
        "N02_003": "7号線(長堀鶴見緑地線)",
        "N02_004": "大阪市高速電気軌道",
        "N02_005": "長堀橋",
        "N02_005c": "007254",
        "N02_005g": "007254",
        "sourceRow": 5085,
        "operatorCategory": "Private railways"
      },
      "geometry": {
        "type": "LineString",
        "coordinates": [
          [
            135.50721,
            34.6753
          ],
          [
            135.50633,
            34.67531
          ],
          [
            135.50575,
            34.6753
          ]
        ]
      },
      "id": "N02-25-Station-5085"
    },
    {
      "type": "Feature",
      "properties": {
        "N02_001": "21",
        "N02_002": "4",
        "N02_003": "7号線(長堀鶴見緑地線)",
        "N02_004": "大阪市高速電気軌道",
        "N02_005": "今福鶴見",
        "N02_005c": "007070",
        "N02_005g": "007070",
        "sourceRow": 5086,
        "operatorCategory": "Private railways"
      },
      "geometry": {
        "type": "LineString",
        "coordinates": [
          [
            135.56101,
            34.70225
          ],
          [
            135.55989,
            34.70197
          ],
          [
            135.55984,
            34.70196
          ],
          [
            135.55954,
            34.70191
          ]
        ]
      },
      "id": "N02-25-Station-5086"
    },
    {
      "type": "Feature",
      "properties": {
        "N02_001": "21",
        "N02_002": "4",
        "N02_003": "7号線(長堀鶴見緑地線)",
        "N02_004": "大阪市高速電気軌道",
        "N02_005": "京橋",
        "N02_005c": "007092",
        "N02_005g": "007093",
        "sourceRow": 5087,
        "operatorCategory": "Private railways"
      },
      "geometry": {
        "type": "LineString",
        "coordinates": [
          [
            135.53052,
            34.69756
          ],
          [
            135.52958,
            34.69656
          ]
        ]
      },
      "id": "N02-25-Station-5087"
    },
    {
      "type": "Feature",
      "properties": {
        "N02_001": "21",
        "N02_002": "4",
        "N02_003": "7号線(長堀鶴見緑地線)",
        "N02_004": "大阪市高速電気軌道",
        "N02_005": "大阪ビジネスパーク",
        "N02_005c": "007137",
        "N02_005g": "007137",
        "sourceRow": 5088,
        "operatorCategory": "Private railways"
      },
      "geometry": {
        "type": "LineString",
        "coordinates": [
          [
            135.52947,
            34.69241
          ],
          [
            135.53006,
            34.69133
          ]
        ]
      },
      "id": "N02-25-Station-5088"
    },
    {
      "type": "Feature",
      "properties": {
        "N02_001": "21",
        "N02_002": "4",
        "N02_003": "7号線(長堀鶴見緑地線)",
        "N02_004": "大阪市高速電気軌道",
        "N02_005": "蒲生四丁目",
        "N02_005c": "007075",
        "N02_005g": "007073",
        "sourceRow": 5089,
        "operatorCategory": "Private railways"
      },
      "geometry": {
        "type": "LineString",
        "coordinates": [
          [
            135.54848,
            34.70056
          ],
          [
            135.54702,
            34.70042
          ]
        ]
      },
      "id": "N02-25-Station-5089"
    },
    {
      "type": "Feature",
      "properties": {
        "N02_001": "21",
        "N02_002": "4",
        "N02_003": "7号線(長堀鶴見緑地線)",
        "N02_004": "大阪市高速電気軌道",
        "N02_005": "谷町六丁目",
        "N02_005c": "007245",
        "N02_005g": "007245",
        "sourceRow": 5090,
        "operatorCategory": "Private railways"
      },
      "geometry": {
        "type": "LineString",
        "coordinates": [
          [
            135.51868,
            34.67601
          ],
          [
            135.51848,
            34.67602
          ],
          [
            135.51813,
            34.67603
          ],
          [
            135.51756,
            34.67605
          ],
          [
            135.51724,
            34.67605
          ]
        ]
      },
      "id": "N02-25-Station-5090"
    },
    {
      "type": "Feature",
      "properties": {
        "N02_001": "21",
        "N02_002": "4",
        "N02_003": "7号線(長堀鶴見緑地線)",
        "N02_004": "大阪市高速電気軌道",
        "N02_005": "玉造",
        "N02_005c": "007260",
        "N02_005g": "007260",
        "sourceRow": 5091,
        "operatorCategory": "Private railways"
      },
      "geometry": {
        "type": "LineString",
        "coordinates": [
          [
            135.53071,
            34.6746
          ],
          [
            135.53047,
            34.67461
          ],
          [
            135.52922,
            34.67468
          ]
        ]
      },
      "id": "N02-25-Station-5091"
    },
    {
      "type": "Feature",
      "properties": {
        "N02_001": "21",
        "N02_002": "4",
        "N02_003": "7号線(長堀鶴見緑地線)",
        "N02_004": "大阪市高速電気軌道",
        "N02_005": "大正",
        "N02_005c": "007327",
        "N02_005g": "007327",
        "sourceRow": 5092,
        "operatorCategory": "Private railways"
      },
      "geometry": {
        "type": "LineString",
        "coordinates": [
          [
            135.47845,
            34.66532
          ],
          [
            135.47909,
            34.66635
          ]
        ]
      },
      "id": "N02-25-Station-5092"
    },
    {
      "type": "Feature",
      "properties": {
        "N02_001": "21",
        "N02_002": "4",
        "N02_003": "7号線(長堀鶴見緑地線)",
        "N02_004": "大阪市高速電気軌道",
        "N02_005": "西大橋",
        "N02_005c": "007249",
        "N02_005g": "007249",
        "sourceRow": 5093,
        "operatorCategory": "Private railways"
      },
      "geometry": {
        "type": "LineString",
        "coordinates": [
          [
            135.49447,
            34.6755
          ],
          [
            135.49297,
            34.67557
          ]
        ]
      },
      "id": "N02-25-Station-5093"
    },
    {
      "type": "Feature",
      "properties": {
        "N02_001": "21",
        "N02_002": "4",
        "N02_003": "7号線(長堀鶴見緑地線)",
        "N02_004": "大阪市高速電気軌道",
        "N02_005": "松屋町",
        "N02_005c": "007250",
        "N02_005g": "007250",
        "sourceRow": 5094,
        "operatorCategory": "Private railways"
      },
      "geometry": {
        "type": "LineString",
        "coordinates": [
          [
            135.5132,
            34.6757
          ],
          [
            135.51247,
            34.67549
          ],
          [
            135.51222,
            34.67542
          ],
          [
            135.512,
            34.67538
          ],
          [
            135.51181,
            34.67536
          ]
        ]
      },
      "id": "N02-25-Station-5094"
    },
    {
      "type": "Feature",
      "properties": {
        "N02_001": "21",
        "N02_002": "4",
        "N02_003": "7号線(長堀鶴見緑地線)",
        "N02_004": "大阪市高速電気軌道",
        "N02_005": "西長堀",
        "N02_005c": "007246",
        "N02_005g": "007246",
        "sourceRow": 5095,
        "operatorCategory": "Private railways"
      },
      "geometry": {
        "type": "LineString",
        "coordinates": [
          [
            135.48771,
            34.67571
          ],
          [
            135.48621,
            34.67571
          ]
        ]
      },
      "id": "N02-25-Station-5095"
    },
    {
      "type": "Feature",
      "properties": {
        "N02_001": "21",
        "N02_002": "4",
        "N02_003": "7号線(長堀鶴見緑地線)",
        "N02_004": "大阪市高速電気軌道",
        "N02_005": "ドーム前千代崎",
        "N02_005c": "007280",
        "N02_005g": "007280",
        "sourceRow": 5096,
        "operatorCategory": "Private railways"
      },
      "geometry": {
        "type": "LineString",
        "coordinates": [
          [
            135.47949,
            34.67146
          ],
          [
            135.4792,
            34.67025
          ]
        ]
      },
      "id": "N02-25-Station-5096"
    },
    {
      "type": "Feature",
      "properties": {
        "N02_001": "16",
        "N02_002": "4",
        "N02_003": "南港ポートタウン線",
        "N02_004": "大阪市高速電気軌道",
        "N02_005": "コスモスクエア",
        "N02_005c": "007465",
        "N02_005g": "007464",
        "sourceRow": 5097,
        "operatorCategory": "Private railways"
      },
      "geometry": {
        "type": "LineString",
        "coordinates": [
          [
            135.41182,
            34.64243
          ],
          [
            135.41262,
            34.64272
          ]
        ]
      },
      "id": "N02-25-Station-5097"
    },
    {
      "type": "Feature",
      "properties": {
        "N02_001": "24",
        "N02_002": "4",
        "N02_003": "南港ポートタウン線",
        "N02_004": "大阪市高速電気軌道",
        "N02_005": "トレードセンター前",
        "N02_005c": "007473",
        "N02_005g": "007473",
        "sourceRow": 5098,
        "operatorCategory": "Private railways"
      },
      "geometry": {
        "type": "LineString",
        "coordinates": [
          [
            135.41213,
            34.6385
          ],
          [
            135.41155,
            34.63901
          ]
        ]
      },
      "id": "N02-25-Station-5098"
    },
    {
      "type": "Feature",
      "properties": {
        "N02_001": "24",
        "N02_002": "4",
        "N02_003": "南港ポートタウン線",
        "N02_004": "大阪市高速電気軌道",
        "N02_005": "南港東",
        "N02_005c": "007571",
        "N02_005g": "007571",
        "sourceRow": 5099,
        "operatorCategory": "Private railways"
      },
      "geometry": {
        "type": "LineString",
        "coordinates": [
          [
            135.43872,
            34.6138
          ],
          [
            135.43792,
            34.6138
          ]
        ]
      },
      "id": "N02-25-Station-5099"
    },
    {
      "type": "Feature",
      "properties": {
        "N02_001": "16",
        "N02_002": "4",
        "N02_003": "南港ポートタウン線",
        "N02_004": "大阪市高速電気軌道",
        "N02_005": "ポートタウン東",
        "N02_005c": "007507",
        "N02_005g": "007507",
        "sourceRow": 5100,
        "operatorCategory": "Private railways"
      },
      "geometry": {
        "type": "LineString",
        "coordinates": [
          [
            135.42941,
            34.63089
          ],
          [
            135.42864,
            34.63087
          ]
        ]
      },
      "id": "N02-25-Station-5100"
    },
    {
      "type": "Feature",
      "properties": {
        "N02_001": "16",
        "N02_002": "4",
        "N02_003": "南港ポートタウン線",
        "N02_004": "大阪市高速電気軌道",
        "N02_005": "中ふ頭",
        "N02_005c": "007494",
        "N02_005g": "007494",
        "sourceRow": 5101,
        "operatorCategory": "Private railways"
      },
      "geometry": {
        "type": "LineString",
        "coordinates": [
          [
            135.41695,
            34.63419
          ],
          [
            135.41751,
            34.63367
          ]
        ]
      },
      "id": "N02-25-Station-5101"
    },
    {
      "type": "Feature",
      "properties": {
        "N02_001": "24",
        "N02_002": "4",
        "N02_003": "南港ポートタウン線",
        "N02_004": "大阪市高速電気軌道",
        "N02_005": "平林",
        "N02_005c": "007575",
        "N02_005g": "007575",
        "sourceRow": 5102,
        "operatorCategory": "Private railways"
      },
      "geometry": {
        "type": "LineString",
        "coordinates": [
          [
            135.45896,
            34.61055
          ],
          [
            135.45814,
            34.61064
          ]
        ]
      },
      "id": "N02-25-Station-5102"
    },
    {
      "type": "Feature",
      "properties": {
        "N02_001": "24",
        "N02_002": "4",
        "N02_003": "南港ポートタウン線",
        "N02_004": "大阪市高速電気軌道",
        "N02_005": "住之江公園",
        "N02_005c": "007580",
        "N02_005g": "007580",
        "sourceRow": 5103,
        "operatorCategory": "Private railways"
      },
      "geometry": {
        "type": "LineString",
        "coordinates": [
          [
            135.47267,
            34.60919
          ],
          [
            135.47145,
            34.60933
          ]
        ]
      },
      "id": "N02-25-Station-5103"
    },
    {
      "type": "Feature",
      "properties": {
        "N02_001": "24",
        "N02_002": "4",
        "N02_003": "南港ポートタウン線",
        "N02_004": "大阪市高速電気軌道",
        "N02_005": "フェリーターミナル",
        "N02_005c": "007552",
        "N02_005g": "007552",
        "sourceRow": 5104,
        "operatorCategory": "Private railways"
      },
      "geometry": {
        "type": "LineString",
        "coordinates": [
          [
            135.43506,
            34.61898
          ],
          [
            135.43481,
            34.61961
          ]
        ]
      },
      "id": "N02-25-Station-5104"
    },
    {
      "type": "Feature",
      "properties": {
        "N02_001": "24",
        "N02_002": "4",
        "N02_003": "南港ポートタウン線",
        "N02_004": "大阪市高速電気軌道",
        "N02_005": "南港口",
        "N02_005c": "007570",
        "N02_005g": "007570",
        "sourceRow": 5105,
        "operatorCategory": "Private railways"
      },
      "geometry": {
        "type": "LineString",
        "coordinates": [
          [
            135.44631,
            34.61383
          ],
          [
            135.44544,
            34.61381
          ]
        ]
      },
      "id": "N02-25-Station-5105"
    },
    {
      "type": "Feature",
      "properties": {
        "N02_001": "16",
        "N02_002": "4",
        "N02_003": "南港ポートタウン線",
        "N02_004": "大阪市高速電気軌道",
        "N02_005": "ポートタウン西",
        "N02_005c": "007506",
        "N02_005g": "007506",
        "sourceRow": 5106,
        "operatorCategory": "Private railways"
      },
      "geometry": {
        "type": "LineString",
        "coordinates": [
          [
            135.42313,
            34.63089
          ],
          [
            135.42306,
            34.63089
          ],
          [
            135.42233,
            34.63087
          ]
        ]
      },
      "id": "N02-25-Station-5106"
    },
    {
      "type": "Feature",
      "properties": {
        "N02_001": "12",
        "N02_002": "5",
        "N02_003": "泉北線",
        "N02_004": "南海電気鉄道",
        "N02_005": "泉ケ丘",
        "N02_005c": "007846",
        "N02_005g": "007846",
        "sourceRow": 5107,
        "operatorCategory": "Third-sector railways"
      },
      "geometry": {
        "type": "LineString",
        "coordinates": [
          [
            135.51057,
            34.4964
          ],
          [
            135.5112,
            34.49679
          ],
          [
            135.51172,
            34.49722
          ],
          [
            135.51216,
            34.4977
          ]
        ]
      },
      "id": "N02-25-Station-5107"
    },
    {
      "type": "Feature",
      "properties": {
        "N02_001": "12",
        "N02_002": "5",
        "N02_003": "泉北線",
        "N02_004": "南海電気鉄道",
        "N02_005": "中百舌鳥",
        "N02_005c": "007712",
        "N02_005g": "007711",
        "sourceRow": 5108,
        "operatorCategory": "Third-sector railways"
      },
      "geometry": {
        "type": "LineString",
        "coordinates": [
          [
            135.50342,
            34.55692
          ],
          [
            135.50514,
            34.55555
          ]
        ]
      },
      "id": "N02-25-Station-5108"
    },
    {
      "type": "Feature",
      "properties": {
        "N02_001": "12",
        "N02_002": "5",
        "N02_003": "泉北線",
        "N02_004": "南海電気鉄道",
        "N02_005": "深井",
        "N02_005c": "007776",
        "N02_005g": "007776",
        "sourceRow": 5109,
        "operatorCategory": "Third-sector railways"
      },
      "geometry": {
        "type": "LineString",
        "coordinates": [
          [
            135.49741,
            34.52952
          ],
          [
            135.49769,
            34.53118
          ]
        ]
      },
      "id": "N02-25-Station-5109"
    },
    {
      "type": "Feature",
      "properties": {
        "N02_001": "12",
        "N02_002": "5",
        "N02_003": "泉北線",
        "N02_004": "南海電気鉄道",
        "N02_005": "和泉中央",
        "N02_005c": "007922",
        "N02_005g": "007922",
        "sourceRow": 5110,
        "operatorCategory": "Third-sector railways"
      },
      "geometry": {
        "type": "LineString",
        "coordinates": [
          [
            135.45736,
            34.46192
          ],
          [
            135.45712,
            34.46177
          ],
          [
            135.45688,
            34.46164
          ],
          [
            135.4555,
            34.46093
          ]
        ]
      },
      "id": "N02-25-Station-5110"
    },
    {
      "type": "Feature",
      "properties": {
        "N02_001": "12",
        "N02_002": "5",
        "N02_003": "泉北線",
        "N02_004": "南海電気鉄道",
        "N02_005": "光明池",
        "N02_005c": "007898",
        "N02_005g": "007898",
        "sourceRow": 5111,
        "operatorCategory": "Third-sector railways"
      },
      "geometry": {
        "type": "LineString",
        "coordinates": [
          [
            135.47644,
            34.4754
          ],
          [
            135.4743,
            34.4739
          ],
          [
            135.47429,
            34.4739
          ]
        ]
      },
      "id": "N02-25-Station-5111"
    },
    {
      "type": "Feature",
      "properties": {
        "N02_001": "12",
        "N02_002": "5",
        "N02_003": "泉北線",
        "N02_004": "南海電気鉄道",
        "N02_005": "栂・美木多",
        "N02_005c": "007877",
        "N02_005g": "007877",
        "sourceRow": 5112,
        "operatorCategory": "Third-sector railways"
      },
      "geometry": {
        "type": "LineString",
        "coordinates": [
          [
            135.49112,
            34.48568
          ],
          [
            135.48933,
            34.48442
          ]
        ]
      },
      "id": "N02-25-Station-5112"
    },
    {
      "type": "Feature",
      "properties": {
        "N02_001": "11",
        "N02_002": "1",
        "N02_003": "東海道新幹線",
        "N02_004": "東海旅客鉄道",
        "N02_005": "新大阪",
        "N02_005c": "006912",
        "N02_005g": "006911",
        "sourceRow": 5751,
        "operatorCategory": "JR Shinkansen"
      },
      "geometry": {
        "type": "LineString",
        "coordinates": [
          [
            135.49791,
            34.73268
          ],
          [
            135.50238,
            34.73412
          ]
        ]
      },
      "id": "N02-25-Station-5751"
    },
    {
      "type": "Feature",
      "properties": {
        "N02_001": "11",
        "N02_002": "1",
        "N02_003": "東海道新幹線",
        "N02_004": "東海旅客鉄道",
        "N02_005": "新大阪",
        "N02_005c": "006912",
        "N02_005g": "006911",
        "sourceRow": 5752,
        "operatorCategory": "JR Shinkansen"
      },
      "geometry": {
        "type": "LineString",
        "coordinates": [
          [
            135.49782,
            34.73293
          ],
          [
            135.50225,
            34.73443
          ]
        ]
      },
      "id": "N02-25-Station-5752"
    },
    {
      "type": "Feature",
      "properties": {
        "N02_001": "12",
        "N02_002": "4",
        "N02_003": "高師浜線",
        "N02_004": "南海電気鉄道",
        "N02_005": "羽衣",
        "N02_005c": "007764",
        "N02_005g": "007764",
        "sourceRow": 8443,
        "operatorCategory": "Private railways"
      },
      "geometry": {
        "type": "LineString",
        "coordinates": [
          [
            135.44206,
            34.5351
          ],
          [
            135.44138,
            34.53352
          ]
        ]
      },
      "id": "N02-25-Station-8443"
    },
    {
      "type": "Feature",
      "properties": {
        "N02_001": "12",
        "N02_002": "4",
        "N02_003": "高師浜線",
        "N02_004": "南海電気鉄道",
        "N02_005": "高師浜",
        "N02_005c": "007781",
        "N02_005g": "007781",
        "sourceRow": 8444,
        "operatorCategory": "Private railways"
      },
      "geometry": {
        "type": "LineString",
        "coordinates": [
          [
            135.43225,
            34.52764
          ],
          [
            135.43182,
            34.52703
          ]
        ]
      },
      "id": "N02-25-Station-8444"
    },
    {
      "type": "Feature",
      "properties": {
        "N02_001": "12",
        "N02_002": "4",
        "N02_003": "高師浜線",
        "N02_004": "南海電気鉄道",
        "N02_005": "伽羅橋",
        "N02_005c": "007779",
        "N02_005g": "007779",
        "sourceRow": 8445,
        "operatorCategory": "Private railways"
      },
      "geometry": {
        "type": "LineString",
        "coordinates": [
          [
            135.43725,
            34.52867
          ],
          [
            135.43645,
            34.5288
          ]
        ]
      },
      "id": "N02-25-Station-8445"
    },
    {
      "type": "Feature",
      "properties": {
        "N02_001": "12",
        "N02_002": "4",
        "N02_003": "高野線",
        "N02_004": "南海電気鉄道",
        "N02_005": "汐見橋",
        "N02_005c": "007303",
        "N02_005g": "007303",
        "sourceRow": 8446,
        "operatorCategory": "Private railways"
      },
      "geometry": {
        "type": "LineString",
        "coordinates": [
          [
            135.48627,
            34.66722
          ],
          [
            135.48618,
            34.66802
          ]
        ]
      },
      "id": "N02-25-Station-8446"
    },
    {
      "type": "Feature",
      "properties": {
        "N02_001": "12",
        "N02_002": "4",
        "N02_003": "高野線",
        "N02_004": "南海電気鉄道",
        "N02_005": "芦原町",
        "N02_005c": "007371",
        "N02_005g": "007371",
        "sourceRow": 8447,
        "operatorCategory": "Private railways"
      },
      "geometry": {
        "type": "LineString",
        "coordinates": [
          [
            135.48625,
            34.66017
          ],
          [
            135.48634,
            34.66088
          ]
        ]
      },
      "id": "N02-25-Station-8447"
    },
    {
      "type": "Feature",
      "properties": {
        "N02_001": "12",
        "N02_002": "4",
        "N02_003": "高野線",
        "N02_004": "南海電気鉄道",
        "N02_005": "河内長野",
        "N02_005c": "007934",
        "N02_005g": "007934",
        "sourceRow": 8448,
        "operatorCategory": "Private railways"
      },
      "geometry": {
        "type": "LineString",
        "coordinates": [
          [
            135.57342,
            34.45183
          ],
          [
            135.57289,
            34.45038
          ]
        ]
      },
      "id": "N02-25-Station-8448"
    },
    {
      "type": "Feature",
      "properties": {
        "N02_001": "12",
        "N02_002": "4",
        "N02_003": "高野線",
        "N02_004": "南海電気鉄道",
        "N02_005": "中百舌鳥",
        "N02_005c": "007711",
        "N02_005g": "007711",
        "sourceRow": 8449,
        "operatorCategory": "Private railways"
      },
      "geometry": {
        "type": "LineString",
        "coordinates": [
          [
            135.50342,
            34.55692
          ],
          [
            135.50514,
            34.55555
          ]
        ]
      },
      "id": "N02-25-Station-8449"
    },
    {
      "type": "Feature",
      "properties": {
        "N02_001": "12",
        "N02_002": "4",
        "N02_003": "高野線",
        "N02_004": "南海電気鉄道",
        "N02_005": "百舌鳥八幡",
        "N02_005c": "007704",
        "N02_005g": "007704",
        "sourceRow": 8451,
        "operatorCategory": "Private railways"
      },
      "geometry": {
        "type": "LineString",
        "coordinates": [
          [
            135.49889,
            34.56037
          ],
          [
            135.49777,
            34.5612
          ]
        ]
      },
      "id": "N02-25-Station-8451"
    },
    {
      "type": "Feature",
      "properties": {
        "N02_001": "12",
        "N02_002": "4",
        "N02_003": "高野線",
        "N02_004": "南海電気鉄道",
        "N02_005": "大阪狭山市",
        "N02_005c": "007831",
        "N02_005g": "007831",
        "sourceRow": 8452,
        "operatorCategory": "Private railways"
      },
      "geometry": {
        "type": "LineString",
        "coordinates": [
          [
            135.55746,
            34.50391
          ],
          [
            135.55708,
            34.50558
          ]
        ]
      },
      "id": "N02-25-Station-8452"
    },
    {
      "type": "Feature",
      "properties": {
        "N02_001": "12",
        "N02_002": "4",
        "N02_003": "高野線",
        "N02_004": "南海電気鉄道",
        "N02_005": "沢ノ町",
        "N02_005c": "007587",
        "N02_005g": "007587",
        "sourceRow": 8460,
        "operatorCategory": "Private railways"
      },
      "geometry": {
        "type": "LineString",
        "coordinates": [
          [
            135.49687,
            34.60566
          ],
          [
            135.49688,
            34.60699
          ]
        ]
      },
      "id": "N02-25-Station-8460"
    },
    {
      "type": "Feature",
      "properties": {
        "N02_001": "12",
        "N02_002": "4",
        "N02_003": "高野線",
        "N02_004": "南海電気鉄道",
        "N02_005": "岸里玉出",
        "N02_005c": "007517",
        "N02_005g": "007517",
        "sourceRow": 8461,
        "operatorCategory": "Private railways"
      },
      "geometry": {
        "type": "LineString",
        "coordinates": [
          [
            135.49659,
            34.62794
          ],
          [
            135.49568,
            34.62938
          ]
        ]
      },
      "id": "N02-25-Station-8461"
    },
    {
      "type": "Feature",
      "properties": {
        "N02_001": "12",
        "N02_002": "4",
        "N02_003": "高野線",
        "N02_004": "南海電気鉄道",
        "N02_005": "萩原天神",
        "N02_005c": "007760",
        "N02_005g": "007760",
        "sourceRow": 8462,
        "operatorCategory": "Private railways"
      },
      "geometry": {
        "type": "LineString",
        "coordinates": [
          [
            135.53565,
            34.53666
          ],
          [
            135.53441,
            34.53749
          ]
        ]
      },
      "id": "N02-25-Station-8462"
    },
    {
      "type": "Feature",
      "properties": {
        "N02_001": "12",
        "N02_002": "4",
        "N02_003": "高野線",
        "N02_004": "南海電気鉄道",
        "N02_005": "狭山",
        "N02_005c": "007800",
        "N02_005g": "007800",
        "sourceRow": 8463,
        "operatorCategory": "Private railways"
      },
      "geometry": {
        "type": "LineString",
        "coordinates": [
          [
            135.54878,
            34.51602
          ],
          [
            135.54758,
            34.51728
          ]
        ]
      },
      "id": "N02-25-Station-8463"
    },
    {
      "type": "Feature",
      "properties": {
        "N02_001": "12",
        "N02_002": "4",
        "N02_003": "高野線",
        "N02_004": "南海電気鉄道",
        "N02_005": "我孫子前",
        "N02_005c": "007609",
        "N02_005g": "007609",
        "sourceRow": 8466,
        "operatorCategory": "Private railways"
      },
      "geometry": {
        "type": "LineString",
        "coordinates": [
          [
            135.49691,
            34.5994
          ],
          [
            135.4969,
            34.60064
          ]
        ]
      },
      "id": "N02-25-Station-8466"
    },
    {
      "type": "Feature",
      "properties": {
        "N02_001": "12",
        "N02_002": "4",
        "N02_003": "高野線",
        "N02_004": "南海電気鉄道",
        "N02_005": "初芝",
        "N02_005c": "007747",
        "N02_005g": "007747",
        "sourceRow": 8467,
        "operatorCategory": "Private railways"
      },
      "geometry": {
        "type": "LineString",
        "coordinates": [
          [
            135.52744,
            34.54166
          ],
          [
            135.52555,
            34.54279
          ]
        ]
      },
      "id": "N02-25-Station-8467"
    },
    {
      "type": "Feature",
      "properties": {
        "N02_001": "12",
        "N02_002": "4",
        "N02_003": "高野線",
        "N02_004": "南海電気鉄道",
        "N02_005": "千代田",
        "N02_005c": "007909",
        "N02_005g": "007909",
        "sourceRow": 8470,
        "operatorCategory": "Private railways"
      },
      "geometry": {
        "type": "LineString",
        "coordinates": [
          [
            135.56661,
            34.46851
          ],
          [
            135.56604,
            34.46949
          ]
        ]
      },
      "id": "N02-25-Station-8470"
    },
    {
      "type": "Feature",
      "properties": {
        "N02_001": "12",
        "N02_002": "4",
        "N02_003": "高野線",
        "N02_004": "南海電気鉄道",
        "N02_005": "滝谷",
        "N02_005c": "007887",
        "N02_005g": "007887",
        "sourceRow": 8471,
        "operatorCategory": "Private railways"
      },
      "geometry": {
        "type": "LineString",
        "coordinates": [
          [
            135.56228,
            34.47902
          ],
          [
            135.56195,
            34.48013
          ]
        ]
      },
      "id": "N02-25-Station-8471"
    },
    {
      "type": "Feature",
      "properties": {
        "N02_001": "12",
        "N02_002": "4",
        "N02_003": "高野線",
        "N02_004": "南海電気鉄道",
        "N02_005": "三国ヶ丘",
        "N02_005c": "007696",
        "N02_005g": "007693",
        "sourceRow": 8472,
        "operatorCategory": "Private railways"
      },
      "geometry": {
        "type": "LineString",
        "coordinates": [
          [
            135.49325,
            34.56479
          ],
          [
            135.49175,
            34.56596
          ]
        ]
      },
      "id": "N02-25-Station-8472"
    },
    {
      "type": "Feature",
      "properties": {
        "N02_001": "12",
        "N02_002": "4",
        "N02_003": "高野線",
        "N02_004": "南海電気鉄道",
        "N02_005": "岸里玉出",
        "N02_005c": "007517",
        "N02_005g": "007517",
        "sourceRow": 8475,
        "operatorCategory": "Private railways"
      },
      "geometry": {
        "type": "LineString",
        "coordinates": [
          [
            135.49403,
            34.62718
          ],
          [
            135.49456,
            34.62908
          ]
        ]
      },
      "id": "N02-25-Station-8475"
    },
    {
      "type": "Feature",
      "properties": {
        "N02_001": "12",
        "N02_002": "4",
        "N02_003": "高野線",
        "N02_004": "南海電気鉄道",
        "N02_005": "金剛",
        "N02_005c": "007851",
        "N02_005g": "007851",
        "sourceRow": 8479,
        "operatorCategory": "Private railways"
      },
      "geometry": {
        "type": "LineString",
        "coordinates": [
          [
            135.5596,
            34.49448
          ],
          [
            135.55925,
            34.49601
          ]
        ]
      },
      "id": "N02-25-Station-8479"
    },
    {
      "type": "Feature",
      "properties": {
        "N02_001": "12",
        "N02_002": "4",
        "N02_003": "高野線",
        "N02_004": "南海電気鉄道",
        "N02_005": "帝塚山",
        "N02_005c": "007538",
        "N02_005g": "007538",
        "sourceRow": 8480,
        "operatorCategory": "Private railways"
      },
      "geometry": {
        "type": "LineString",
        "coordinates": [
          [
            135.49843,
            34.62247
          ],
          [
            135.49827,
            34.62143
          ]
        ]
      },
      "id": "N02-25-Station-8480"
    },
    {
      "type": "Feature",
      "properties": {
        "N02_001": "12",
        "N02_002": "4",
        "N02_003": "高野線",
        "N02_004": "南海電気鉄道",
        "N02_005": "北野田",
        "N02_005c": "007788",
        "N02_005g": "007788",
        "sourceRow": 8481,
        "operatorCategory": "Private railways"
      },
      "geometry": {
        "type": "LineString",
        "coordinates": [
          [
            135.54349,
            34.52217
          ],
          [
            135.54292,
            34.52369
          ]
        ]
      },
      "id": "N02-25-Station-8481"
    },
    {
      "type": "Feature",
      "properties": {
        "N02_001": "12",
        "N02_002": "4",
        "N02_003": "高野線",
        "N02_004": "南海電気鉄道",
        "N02_005": "住吉東",
        "N02_005c": "007572",
        "N02_005g": "007572",
        "sourceRow": 8482,
        "operatorCategory": "Private railways"
      },
      "geometry": {
        "type": "LineString",
        "coordinates": [
          [
            135.49752,
            34.6141
          ],
          [
            135.49764,
            34.61263
          ]
        ]
      },
      "id": "N02-25-Station-8482"
    },
    {
      "type": "Feature",
      "properties": {
        "N02_001": "12",
        "N02_002": "4",
        "N02_003": "高野線",
        "N02_004": "南海電気鉄道",
        "N02_005": "白鷺",
        "N02_005c": "007733",
        "N02_005g": "007733",
        "sourceRow": 8483,
        "operatorCategory": "Private railways"
      },
      "geometry": {
        "type": "LineString",
        "coordinates": [
          [
            135.51415,
            34.54963
          ],
          [
            135.51253,
            34.55058
          ]
        ]
      },
      "id": "N02-25-Station-8483"
    },
    {
      "type": "Feature",
      "properties": {
        "N02_001": "12",
        "N02_002": "4",
        "N02_003": "高野線",
        "N02_004": "南海電気鉄道",
        "N02_005": "津守",
        "N02_005c": "007442",
        "N02_005g": "007442",
        "sourceRow": 8484,
        "operatorCategory": "Private railways"
      },
      "geometry": {
        "type": "LineString",
        "coordinates": [
          [
            135.48344,
            34.64681
          ],
          [
            135.48303,
            34.64736
          ]
        ]
      },
      "id": "N02-25-Station-8484"
    },
    {
      "type": "Feature",
      "properties": {
        "N02_001": "12",
        "N02_002": "4",
        "N02_003": "高野線",
        "N02_004": "南海電気鉄道",
        "N02_005": "西天下茶屋",
        "N02_005c": "007476",
        "N02_005g": "007476",
        "sourceRow": 8485,
        "operatorCategory": "Private railways"
      },
      "geometry": {
        "type": "LineString",
        "coordinates": [
          [
            135.48941,
            34.63828
          ],
          [
            135.48899,
            34.63889
          ]
        ]
      },
      "id": "N02-25-Station-8485"
    },
    {
      "type": "Feature",
      "properties": {
        "N02_001": "12",
        "N02_002": "4",
        "N02_003": "高野線",
        "N02_004": "南海電気鉄道",
        "N02_005": "堺東",
        "N02_005c": "007667",
        "N02_005g": "007667",
        "sourceRow": 8486,
        "operatorCategory": "Private railways"
      },
      "geometry": {
        "type": "LineString",
        "coordinates": [
          [
            135.48477,
            34.57477
          ],
          [
            135.48529,
            34.57694
          ]
        ]
      },
      "id": "N02-25-Station-8486"
    },
    {
      "type": "Feature",
      "properties": {
        "N02_001": "12",
        "N02_002": "4",
        "N02_003": "高野線",
        "N02_004": "南海電気鉄道",
        "N02_005": "木津川",
        "N02_005c": "007406",
        "N02_005g": "007406",
        "sourceRow": 8487,
        "operatorCategory": "Private railways"
      },
      "geometry": {
        "type": "LineString",
        "coordinates": [
          [
            135.48287,
            34.65438
          ],
          [
            135.48331,
            34.65492
          ]
        ]
      },
      "id": "N02-25-Station-8487"
    },
    {
      "type": "Feature",
      "properties": {
        "N02_001": "12",
        "N02_002": "4",
        "N02_003": "高野線",
        "N02_004": "南海電気鉄道",
        "N02_005": "浅香山",
        "N02_005c": "007630",
        "N02_005g": "007630",
        "sourceRow": 8488,
        "operatorCategory": "Private railways"
      },
      "geometry": {
        "type": "LineString",
        "coordinates": [
          [
            135.49143,
            34.59033
          ],
          [
            135.49079,
            34.58901
          ],
          [
            135.49079,
            34.58896
          ]
        ]
      },
      "id": "N02-25-Station-8488"
    },
    {
      "type": "Feature",
      "properties": {
        "N02_001": "12",
        "N02_002": "4",
        "N02_003": "南海本線",
        "N02_004": "南海電気鉄道",
        "N02_005": "難波",
        "N02_005c": "007356",
        "N02_005g": "007356",
        "sourceRow": 8493,
        "operatorCategory": "Private railways"
      },
      "geometry": {
        "type": "LineString",
        "coordinates": [
          [
            135.50285,
            34.66215
          ],
          [
            135.50206,
            34.66347
          ],
          [
            135.50184,
            34.66383
          ]
        ]
      },
      "id": "N02-25-Station-8493"
    },
    {
      "type": "Feature",
      "properties": {
        "N02_001": "12",
        "N02_002": "4",
        "N02_003": "南海本線",
        "N02_004": "南海電気鉄道",
        "N02_005": "岸里玉出",
        "N02_005c": "007518",
        "N02_005g": "007517",
        "sourceRow": 8494,
        "operatorCategory": "Private railways"
      },
      "geometry": {
        "type": "LineString",
        "coordinates": [
          [
            135.49659,
            34.62794
          ],
          [
            135.49568,
            34.62938
          ]
        ]
      },
      "id": "N02-25-Station-8494"
    },
    {
      "type": "Feature",
      "properties": {
        "N02_001": "12",
        "N02_002": "4",
        "N02_003": "南海本線",
        "N02_004": "南海電気鉄道",
        "N02_005": "天下茶屋",
        "N02_005c": "007483",
        "N02_005g": "007483",
        "sourceRow": 8495,
        "operatorCategory": "Private railways"
      },
      "geometry": {
        "type": "LineString",
        "coordinates": [
          [
            135.49637,
            34.63612
          ],
          [
            135.49695,
            34.63813
          ]
        ]
      },
      "id": "N02-25-Station-8495"
    },
    {
      "type": "Feature",
      "properties": {
        "N02_001": "12",
        "N02_002": "4",
        "N02_003": "南海本線",
        "N02_004": "南海電気鉄道",
        "N02_005": "岸里玉出",
        "N02_005c": "007518",
        "N02_005g": "007517",
        "sourceRow": 8496,
        "operatorCategory": "Private railways"
      },
      "geometry": {
        "type": "LineString",
        "coordinates": [
          [
            135.49403,
            34.62718
          ],
          [
            135.49456,
            34.62908
          ]
        ]
      },
      "id": "N02-25-Station-8496"
    },
    {
      "type": "Feature",
      "properties": {
        "N02_001": "12",
        "N02_002": "4",
        "N02_003": "南海本線",
        "N02_004": "南海電気鉄道",
        "N02_005": "新今宮",
        "N02_005c": "007419",
        "N02_005g": "007423",
        "sourceRow": 8497,
        "operatorCategory": "Private railways"
      },
      "geometry": {
        "type": "LineString",
        "coordinates": [
          [
            135.50014,
            34.6497
          ],
          [
            135.50043,
            34.6508
          ],
          [
            135.5006,
            34.65144
          ]
        ]
      },
      "id": "N02-25-Station-8497"
    },
    {
      "type": "Feature",
      "properties": {
        "N02_001": "12",
        "N02_002": "4",
        "N02_003": "南海本線",
        "N02_004": "南海電気鉄道",
        "N02_005": "今宮戎",
        "N02_005c": "007402",
        "N02_005g": "007402",
        "sourceRow": 8498,
        "operatorCategory": "Private railways"
      },
      "geometry": {
        "type": "LineString",
        "coordinates": [
          [
            135.50132,
            34.6541
          ],
          [
            135.50171,
            34.65562
          ]
        ]
      },
      "id": "N02-25-Station-8498"
    },
    {
      "type": "Feature",
      "properties": {
        "N02_001": "12",
        "N02_002": "4",
        "N02_003": "南海本線",
        "N02_004": "南海電気鉄道",
        "N02_005": "萩ノ茶屋",
        "N02_005c": "007452",
        "N02_005g": "007452",
        "sourceRow": 8499,
        "operatorCategory": "Private railways"
      },
      "geometry": {
        "type": "LineString",
        "coordinates": [
          [
            135.4989,
            34.64502
          ],
          [
            135.4992,
            34.64616
          ]
        ]
      },
      "id": "N02-25-Station-8499"
    },
    {
      "type": "Feature",
      "properties": {
        "N02_001": "12",
        "N02_002": "4",
        "N02_003": "南海本線",
        "N02_004": "南海電気鉄道",
        "N02_005": "粉浜",
        "N02_005c": "007554",
        "N02_005g": "007554",
        "sourceRow": 8500,
        "operatorCategory": "Private railways"
      },
      "geometry": {
        "type": "LineString",
        "coordinates": [
          [
            135.49146,
            34.61725
          ],
          [
            135.4919,
            34.61893
          ]
        ]
      },
      "id": "N02-25-Station-8500"
    },
    {
      "type": "Feature",
      "properties": {
        "N02_001": "12",
        "N02_002": "4",
        "N02_003": "南海本線",
        "N02_004": "南海電気鉄道",
        "N02_005": "北助松",
        "N02_005c": "007808",
        "N02_005g": "007808",
        "sourceRow": 8501,
        "operatorCategory": "Private railways"
      },
      "geometry": {
        "type": "LineString",
        "coordinates": [
          [
            135.42339,
            34.51496
          ],
          [
            135.42213,
            34.51408
          ]
        ]
      },
      "id": "N02-25-Station-8501"
    },
    {
      "type": "Feature",
      "properties": {
        "N02_001": "12",
        "N02_002": "4",
        "N02_003": "南海本線",
        "N02_004": "南海電気鉄道",
        "N02_005": "住吉大社",
        "N02_005c": "007573",
        "N02_005g": "007573",
        "sourceRow": 8502,
        "operatorCategory": "Private railways"
      },
      "geometry": {
        "type": "LineString",
        "coordinates": [
          [
            135.4899,
            34.61152
          ],
          [
            135.49049,
            34.61363
          ]
        ]
      },
      "id": "N02-25-Station-8502"
    },
    {
      "type": "Feature",
      "properties": {
        "N02_001": "12",
        "N02_002": "4",
        "N02_003": "南海本線",
        "N02_004": "南海電気鉄道",
        "N02_005": "堺",
        "N02_005c": "007649",
        "N02_005g": "007649",
        "sourceRow": 8505,
        "operatorCategory": "Private railways"
      },
      "geometry": {
        "type": "LineString",
        "coordinates": [
          [
            135.46951,
            34.58258
          ],
          [
            135.46832,
            34.58151
          ],
          [
            135.46782,
            34.58104
          ]
        ]
      },
      "id": "N02-25-Station-8505"
    },
    {
      "type": "Feature",
      "properties": {
        "N02_001": "12",
        "N02_002": "4",
        "N02_003": "南海本線",
        "N02_004": "南海電気鉄道",
        "N02_005": "羽衣",
        "N02_005c": "007765",
        "N02_005g": "007764",
        "sourceRow": 8506,
        "operatorCategory": "Private railways"
      },
      "geometry": {
        "type": "LineString",
        "coordinates": [
          [
            135.44206,
            34.5351
          ],
          [
            135.44138,
            34.53352
          ]
        ]
      },
      "id": "N02-25-Station-8506"
    },
    {
      "type": "Feature",
      "properties": {
        "N02_001": "12",
        "N02_002": "4",
        "N02_003": "南海本線",
        "N02_004": "南海電気鉄道",
        "N02_005": "泉大津",
        "N02_005c": "007834",
        "N02_005g": "007834",
        "sourceRow": 8507,
        "operatorCategory": "Private railways"
      },
      "geometry": {
        "type": "LineString",
        "coordinates": [
          [
            135.40759,
            34.50394
          ],
          [
            135.40668,
            34.50327
          ],
          [
            135.40605,
            34.50286
          ]
        ]
      },
      "id": "N02-25-Station-8507"
    },
    {
      "type": "Feature",
      "properties": {
        "N02_001": "12",
        "N02_002": "4",
        "N02_003": "南海本線",
        "N02_004": "南海電気鉄道",
        "N02_005": "松ノ浜",
        "N02_005c": "007824",
        "N02_005g": "007824",
        "sourceRow": 8508,
        "operatorCategory": "Private railways"
      },
      "geometry": {
        "type": "LineString",
        "coordinates": [
          [
            135.4153,
            34.50933
          ],
          [
            135.4143,
            34.50864
          ],
          [
            135.41427,
            34.50862
          ]
        ]
      },
      "id": "N02-25-Station-8508"
    },
    {
      "type": "Feature",
      "properties": {
        "N02_001": "12",
        "N02_002": "4",
        "N02_003": "南海本線",
        "N02_004": "南海電気鉄道",
        "N02_005": "蛸地蔵",
        "N02_005c": "007930",
        "N02_005g": "007930",
        "sourceRow": 8509,
        "operatorCategory": "Private railways"
      },
      "geometry": {
        "type": "LineString",
        "coordinates": [
          [
            135.37109,
            34.45667
          ],
          [
            135.3697,
            34.45611
          ]
        ]
      },
      "id": "N02-25-Station-8509"
    },
    {
      "type": "Feature",
      "properties": {
        "N02_001": "12",
        "N02_002": "4",
        "N02_003": "南海本線",
        "N02_004": "南海電気鉄道",
        "N02_005": "岸和田",
        "N02_005c": "007925",
        "N02_005g": "007925",
        "sourceRow": 8510,
        "operatorCategory": "Private railways"
      },
      "geometry": {
        "type": "LineString",
        "coordinates": [
          [
            135.37899,
            34.46083
          ],
          [
            135.37727,
            34.45968
          ]
        ]
      },
      "id": "N02-25-Station-8510"
    },
    {
      "type": "Feature",
      "properties": {
        "N02_001": "12",
        "N02_002": "4",
        "N02_003": "南海本線",
        "N02_004": "南海電気鉄道",
        "N02_005": "住ノ江",
        "N02_005c": "007593",
        "N02_005g": "007593",
        "sourceRow": 8513,
        "operatorCategory": "Private railways"
      },
      "geometry": {
        "type": "LineString",
        "coordinates": [
          [
            135.48747,
            34.60623
          ],
          [
            135.48657,
            34.60433
          ]
        ]
      },
      "id": "N02-25-Station-8513"
    },
    {
      "type": "Feature",
      "properties": {
        "N02_001": "12",
        "N02_002": "4",
        "N02_003": "南海本線",
        "N02_004": "南海電気鉄道",
        "N02_005": "石津川",
        "N02_005c": "007707",
        "N02_005g": "007707",
        "sourceRow": 8517,
        "operatorCategory": "Private railways"
      },
      "geometry": {
        "type": "LineString",
        "coordinates": [
          [
            135.45371,
            34.56006
          ],
          [
            135.45282,
            34.5586
          ]
        ]
      },
      "id": "N02-25-Station-8517"
    },
    {
      "type": "Feature",
      "properties": {
        "N02_001": "12",
        "N02_002": "4",
        "N02_003": "南海本線",
        "N02_004": "南海電気鉄道",
        "N02_005": "七道",
        "N02_005c": "007626",
        "N02_005g": "007626",
        "sourceRow": 8521,
        "operatorCategory": "Private railways"
      },
      "geometry": {
        "type": "LineString",
        "coordinates": [
          [
            135.48127,
            34.59284
          ],
          [
            135.47975,
            34.59154
          ]
        ]
      },
      "id": "N02-25-Station-8521"
    },
    {
      "type": "Feature",
      "properties": {
        "N02_001": "12",
        "N02_002": "4",
        "N02_003": "南海本線",
        "N02_004": "南海電気鉄道",
        "N02_005": "忠岡",
        "N02_005c": "007867",
        "N02_005g": "007867",
        "sourceRow": 8522,
        "operatorCategory": "Private railways"
      },
      "geometry": {
        "type": "LineString",
        "coordinates": [
          [
            135.39788,
            34.4889
          ],
          [
            135.39766,
            34.48826
          ]
        ]
      },
      "id": "N02-25-Station-8522"
    },
    {
      "type": "Feature",
      "properties": {
        "N02_001": "12",
        "N02_002": "4",
        "N02_003": "南海本線",
        "N02_004": "南海電気鉄道",
        "N02_005": "諏訪ノ森",
        "N02_005c": "007729",
        "N02_005g": "007729",
        "sourceRow": 8524,
        "operatorCategory": "Private railways"
      },
      "geometry": {
        "type": "LineString",
        "coordinates": [
          [
            135.44945,
            34.55242
          ],
          [
            135.44891,
            34.5512
          ]
        ]
      },
      "id": "N02-25-Station-8524"
    },
    {
      "type": "Feature",
      "properties": {
        "N02_001": "12",
        "N02_002": "4",
        "N02_003": "南海本線",
        "N02_004": "南海電気鉄道",
        "N02_005": "湊",
        "N02_005c": "007683",
        "N02_005g": "007683",
        "sourceRow": 8527,
        "operatorCategory": "Private railways"
      },
      "geometry": {
        "type": "LineString",
        "coordinates": [
          [
            135.46056,
            34.57139
          ],
          [
            135.45963,
            34.56985
          ]
        ]
      },
      "id": "N02-25-Station-8527"
    },
    {
      "type": "Feature",
      "properties": {
        "N02_001": "12",
        "N02_002": "4",
        "N02_003": "南海本線",
        "N02_004": "南海電気鉄道",
        "N02_005": "春木",
        "N02_005c": "007890",
        "N02_005g": "007890",
        "sourceRow": 8528,
        "operatorCategory": "Private railways"
      },
      "geometry": {
        "type": "LineString",
        "coordinates": [
          [
            135.39258,
            34.47822
          ],
          [
            135.39171,
            34.47704
          ]
        ]
      },
      "id": "N02-25-Station-8528"
    },
    {
      "type": "Feature",
      "properties": {
        "N02_001": "12",
        "N02_002": "4",
        "N02_003": "南海本線",
        "N02_004": "南海電気鉄道",
        "N02_005": "浜寺公園",
        "N02_005c": "007751",
        "N02_005g": "007751",
        "sourceRow": 8530,
        "operatorCategory": "Private railways"
      },
      "geometry": {
        "type": "LineString",
        "coordinates": [
          [
            135.44511,
            34.54237
          ],
          [
            135.44426,
            34.54032
          ]
        ]
      },
      "id": "N02-25-Station-8530"
    },
    {
      "type": "Feature",
      "properties": {
        "N02_001": "12",
        "N02_002": "4",
        "N02_003": "南海本線",
        "N02_004": "南海電気鉄道",
        "N02_005": "高石",
        "N02_005c": "007794",
        "N02_005g": "007794",
        "sourceRow": 8534,
        "operatorCategory": "Private railways"
      },
      "geometry": {
        "type": "LineString",
        "coordinates": [
          [
            135.43333,
            34.52183
          ],
          [
            135.43231,
            34.52112
          ]
        ]
      },
      "id": "N02-25-Station-8534"
    },
    {
      "type": "Feature",
      "properties": {
        "N02_001": "12",
        "N02_002": "4",
        "N02_003": "南海本線",
        "N02_004": "南海電気鉄道",
        "N02_005": "和泉大宮",
        "N02_005c": "007910",
        "N02_005g": "007910",
        "sourceRow": 8535,
        "operatorCategory": "Private railways"
      },
      "geometry": {
        "type": "LineString",
        "coordinates": [
          [
            135.38541,
            34.46848
          ],
          [
            135.38463,
            34.46744
          ]
        ]
      },
      "id": "N02-25-Station-8535"
    },
    {
      "type": "Feature",
      "properties": {
        "N02_001": "12",
        "N02_002": "4",
        "N02_003": "日生線",
        "N02_004": "能勢電鉄",
        "N02_005": "山下",
        "N02_005c": "006325",
        "N02_005g": "006325",
        "sourceRow": 8538,
        "operatorCategory": "Private railways"
      },
      "geometry": {
        "type": "LineString",
        "coordinates": [
          [
            135.41249,
            34.89333
          ],
          [
            135.412,
            34.89268
          ]
        ]
      },
      "id": "N02-25-Station-8538"
    },
    {
      "type": "Feature",
      "properties": {
        "N02_001": "12",
        "N02_002": "4",
        "N02_003": "日生線",
        "N02_004": "能勢電鉄",
        "N02_005": "日生中央",
        "N02_005c": "006294",
        "N02_005g": "006294",
        "sourceRow": 8539,
        "operatorCategory": "Private railways"
      },
      "geometry": {
        "type": "LineString",
        "coordinates": [
          [
            135.39356,
            34.90607
          ],
          [
            135.39344,
            34.90615
          ],
          [
            135.39295,
            34.90647
          ],
          [
            135.39292,
            34.90649
          ],
          [
            135.39251,
            34.90677
          ]
        ]
      },
      "id": "N02-25-Station-8539"
    },
    {
      "type": "Feature",
      "properties": {
        "N02_001": "12",
        "N02_002": "4",
        "N02_003": "妙見線",
        "N02_004": "能勢電鉄",
        "N02_005": "平野",
        "N02_005c": "006391",
        "N02_005g": "006391",
        "sourceRow": 8540,
        "operatorCategory": "Private railways"
      },
      "geometry": {
        "type": "LineString",
        "coordinates": [
          [
            135.41725,
            34.86845
          ],
          [
            135.41741,
            34.86907
          ]
        ]
      },
      "id": "N02-25-Station-8540"
    },
    {
      "type": "Feature",
      "properties": {
        "N02_001": "12",
        "N02_002": "4",
        "N02_003": "妙見線",
        "N02_004": "能勢電鉄",
        "N02_005": "山下",
        "N02_005c": "006326",
        "N02_005g": "006325",
        "sourceRow": 8541,
        "operatorCategory": "Private railways"
      },
      "geometry": {
        "type": "LineString",
        "coordinates": [
          [
            135.4127,
            34.89319
          ],
          [
            135.412,
            34.89268
          ]
        ]
      },
      "id": "N02-25-Station-8541"
    },
    {
      "type": "Feature",
      "properties": {
        "N02_001": "12",
        "N02_002": "4",
        "N02_003": "妙見線",
        "N02_004": "能勢電鉄",
        "N02_005": "光風台",
        "N02_005c": "006309",
        "N02_005g": "006309",
        "sourceRow": 8542,
        "operatorCategory": "Private railways"
      },
      "geometry": {
        "type": "LineString",
        "coordinates": [
          [
            135.43161,
            34.90013
          ],
          [
            135.43121,
            34.89969
          ]
        ]
      },
      "id": "N02-25-Station-8542"
    },
    {
      "type": "Feature",
      "properties": {
        "N02_001": "12",
        "N02_002": "4",
        "N02_003": "妙見線",
        "N02_004": "能勢電鉄",
        "N02_005": "滝山",
        "N02_005c": "006458",
        "N02_005g": "006458",
        "sourceRow": 8543,
        "operatorCategory": "Private railways"
      },
      "geometry": {
        "type": "LineString",
        "coordinates": [
          [
            135.42115,
            34.84343
          ],
          [
            135.42113,
            34.84274
          ]
        ]
      },
      "id": "N02-25-Station-8543"
    },
    {
      "type": "Feature",
      "properties": {
        "N02_001": "12",
        "N02_002": "4",
        "N02_003": "妙見線",
        "N02_004": "能勢電鉄",
        "N02_005": "鼓滝",
        "N02_005c": "006429",
        "N02_005g": "006429",
        "sourceRow": 8544,
        "operatorCategory": "Private railways"
      },
      "geometry": {
        "type": "LineString",
        "coordinates": [
          [
            135.41827,
            34.85431
          ],
          [
            135.4184,
            34.8551
          ]
        ]
      },
      "id": "N02-25-Station-8544"
    },
    {
      "type": "Feature",
      "properties": {
        "N02_001": "12",
        "N02_002": "4",
        "N02_003": "妙見線",
        "N02_004": "能勢電鉄",
        "N02_005": "絹延橋",
        "N02_005c": "006476",
        "N02_005g": "006476",
        "sourceRow": 8545,
        "operatorCategory": "Private railways"
      },
      "geometry": {
        "type": "LineString",
        "coordinates": [
          [
            135.42312,
            34.83519
          ],
          [
            135.42302,
            34.83445
          ]
        ]
      },
      "id": "N02-25-Station-8545"
    },
    {
      "type": "Feature",
      "properties": {
        "N02_001": "12",
        "N02_002": "4",
        "N02_003": "妙見線",
        "N02_004": "能勢電鉄",
        "N02_005": "多田",
        "N02_005c": "006408",
        "N02_005g": "006408",
        "sourceRow": 8546,
        "operatorCategory": "Private railways"
      },
      "geometry": {
        "type": "LineString",
        "coordinates": [
          [
            135.41687,
            34.86025
          ],
          [
            135.41654,
            34.86089
          ]
        ]
      },
      "id": "N02-25-Station-8546"
    },
    {
      "type": "Feature",
      "properties": {
        "N02_001": "12",
        "N02_002": "4",
        "N02_003": "妙見線",
        "N02_004": "能勢電鉄",
        "N02_005": "一の鳥居",
        "N02_005c": "006364",
        "N02_005g": "006364",
        "sourceRow": 8547,
        "operatorCategory": "Private railways"
      },
      "geometry": {
        "type": "LineString",
        "coordinates": [
          [
            135.41971,
            34.87989
          ],
          [
            135.42012,
            34.87929
          ],
          [
            135.42016,
            34.87923
          ]
        ]
      },
      "id": "N02-25-Station-8547"
    },
    {
      "type": "Feature",
      "properties": {
        "N02_001": "12",
        "N02_002": "4",
        "N02_003": "妙見線",
        "N02_004": "能勢電鉄",
        "N02_005": "鴬の森",
        "N02_005c": "006445",
        "N02_005g": "006445",
        "sourceRow": 8548,
        "operatorCategory": "Private railways"
      },
      "geometry": {
        "type": "LineString",
        "coordinates": [
          [
            135.41864,
            34.84809
          ],
          [
            135.41905,
            34.8474
          ]
        ]
      },
      "id": "N02-25-Station-8548"
    },
    {
      "type": "Feature",
      "properties": {
        "N02_001": "12",
        "N02_002": "4",
        "N02_003": "妙見線",
        "N02_004": "能勢電鉄",
        "N02_005": "妙見口",
        "N02_005c": "006282",
        "N02_005g": "006282",
        "sourceRow": 8549,
        "operatorCategory": "Private railways"
      },
      "geometry": {
        "type": "LineString",
        "coordinates": [
          [
            135.44491,
            34.9117
          ],
          [
            135.44425,
            34.91133
          ]
        ]
      },
      "id": "N02-25-Station-8549"
    },
    {
      "type": "Feature",
      "properties": {
        "N02_001": "12",
        "N02_002": "4",
        "N02_003": "妙見線",
        "N02_004": "能勢電鉄",
        "N02_005": "川西能勢口",
        "N02_005c": "006501",
        "N02_005g": "006501",
        "sourceRow": 8550,
        "operatorCategory": "Private railways"
      },
      "geometry": {
        "type": "LineString",
        "coordinates": [
          [
            135.41187,
            34.82748
          ],
          [
            135.41208,
            34.82756
          ],
          [
            135.41249,
            34.82762
          ],
          [
            135.41287,
            34.82764
          ],
          [
            135.41325,
            34.82764
          ],
          [
            135.41375,
            34.82762
          ],
          [
            135.41454,
            34.82757
          ]
        ]
      },
      "id": "N02-25-Station-8550"
    },
    {
      "type": "Feature",
      "properties": {
        "N02_001": "12",
        "N02_002": "4",
        "N02_003": "妙見線",
        "N02_004": "能勢電鉄",
        "N02_005": "畦野",
        "N02_005c": "006350",
        "N02_005g": "006350",
        "sourceRow": 8551,
        "operatorCategory": "Private railways"
      },
      "geometry": {
        "type": "LineString",
        "coordinates": [
          [
            135.41545,
            34.88526
          ],
          [
            135.41553,
            34.88513
          ],
          [
            135.41559,
            34.88502
          ],
          [
            135.41582,
            34.88465
          ]
        ]
      },
      "id": "N02-25-Station-8551"
    },
    {
      "type": "Feature",
      "properties": {
        "N02_001": "12",
        "N02_002": "4",
        "N02_003": "妙見線",
        "N02_004": "能勢電鉄",
        "N02_005": "ときわ台",
        "N02_005c": "006295",
        "N02_005g": "006295",
        "sourceRow": 8552,
        "operatorCategory": "Private railways"
      },
      "geometry": {
        "type": "LineString",
        "coordinates": [
          [
            135.43838,
            34.9064
          ],
          [
            135.4378,
            34.90595
          ]
        ]
      },
      "id": "N02-25-Station-8552"
    },
    {
      "type": "Feature",
      "properties": {
        "N02_001": "12",
        "N02_002": "4",
        "N02_003": "妙見線",
        "N02_004": "能勢電鉄",
        "N02_005": "笹部",
        "N02_005c": "006322",
        "N02_005g": "006322",
        "sourceRow": 8553,
        "operatorCategory": "Private railways"
      },
      "geometry": {
        "type": "LineString",
        "coordinates": [
          [
            135.41606,
            34.89372
          ],
          [
            135.41683,
            34.89363
          ]
        ]
      },
      "id": "N02-25-Station-8553"
    },
    {
      "type": "Feature",
      "properties": {
        "N02_001": "12",
        "N02_002": "5",
        "N02_003": "北条線",
        "N02_004": "北条鉄道",
        "N02_005": "長",
        "N02_005c": "006316",
        "N02_005g": "006316",
        "sourceRow": 9283,
        "operatorCategory": "Third-sector railways"
      },
      "geometry": {
        "type": "LineString",
        "coordinates": [
          [
            134.82593,
            34.8961
          ],
          [
            134.82552,
            34.89673
          ]
        ]
      },
      "id": "N02-25-Station-9283"
    },
    {
      "type": "Feature",
      "properties": {
        "N02_001": "12",
        "N02_002": "5",
        "N02_003": "北条線",
        "N02_004": "北条鉄道",
        "N02_005": "法華口",
        "N02_005c": "006376",
        "N02_005g": "006376",
        "sourceRow": 9284,
        "operatorCategory": "Third-sector railways"
      },
      "geometry": {
        "type": "LineString",
        "coordinates": [
          [
            134.85665,
            34.87502
          ],
          [
            134.85608,
            34.87552
          ]
        ]
      },
      "id": "N02-25-Station-9284"
    },
    {
      "type": "Feature",
      "properties": {
        "N02_001": "12",
        "N02_002": "5",
        "N02_003": "北条線",
        "N02_004": "北条鉄道",
        "N02_005": "播磨下里",
        "N02_005c": "006345",
        "N02_005g": "006345",
        "sourceRow": 9285,
        "operatorCategory": "Third-sector railways"
      },
      "geometry": {
        "type": "LineString",
        "coordinates": [
          [
            134.84061,
            34.88605
          ],
          [
            134.83982,
            34.88651
          ]
        ]
      },
      "id": "N02-25-Station-9285"
    },
    {
      "type": "Feature",
      "properties": {
        "N02_001": "12",
        "N02_002": "5",
        "N02_003": "北条線",
        "N02_004": "北条鉄道",
        "N02_005": "播磨横田",
        "N02_005c": "006287",
        "N02_005g": "006287",
        "sourceRow": 9286,
        "operatorCategory": "Third-sector railways"
      },
      "geometry": {
        "type": "LineString",
        "coordinates": [
          [
            134.82514,
            34.91011
          ],
          [
            134.82553,
            34.91076
          ]
        ]
      },
      "id": "N02-25-Station-9286"
    },
    {
      "type": "Feature",
      "properties": {
        "N02_001": "12",
        "N02_002": "5",
        "N02_003": "北条線",
        "N02_004": "北条鉄道",
        "N02_005": "網引",
        "N02_005c": "006406",
        "N02_005g": "006406",
        "sourceRow": 9287,
        "operatorCategory": "Third-sector railways"
      },
      "geometry": {
        "type": "LineString",
        "coordinates": [
          [
            134.87848,
            34.86193
          ],
          [
            134.87769,
            34.86214
          ]
        ]
      },
      "id": "N02-25-Station-9287"
    },
    {
      "type": "Feature",
      "properties": {
        "N02_001": "12",
        "N02_002": "5",
        "N02_003": "北条線",
        "N02_004": "北条鉄道",
        "N02_005": "田原",
        "N02_005c": "006399",
        "N02_005g": "006399",
        "sourceRow": 9288,
        "operatorCategory": "Third-sector railways"
      },
      "geometry": {
        "type": "LineString",
        "coordinates": [
          [
            134.86718,
            34.86526
          ],
          [
            134.8665,
            34.86571
          ]
        ]
      },
      "id": "N02-25-Station-9288"
    },
    {
      "type": "Feature",
      "properties": {
        "N02_001": "12",
        "N02_002": "5",
        "N02_003": "北条線",
        "N02_004": "北条鉄道",
        "N02_005": "北条町",
        "N02_005c": "006238",
        "N02_005g": "006238",
        "sourceRow": 9289,
        "operatorCategory": "Third-sector railways"
      },
      "geometry": {
        "type": "LineString",
        "coordinates": [
          [
            134.83194,
            34.92878
          ],
          [
            134.83217,
            34.92914
          ],
          [
            134.8324,
            34.92949
          ]
        ]
      },
      "id": "N02-25-Station-9289"
    },
    {
      "type": "Feature",
      "properties": {
        "N02_001": "12",
        "N02_002": "3",
        "N02_003": "北神線",
        "N02_004": "神戸市",
        "N02_005": "谷上",
        "N02_005c": "006792",
        "N02_005g": "006791",
        "sourceRow": 9290,
        "operatorCategory": "Public railways"
      },
      "geometry": {
        "type": "LineString",
        "coordinates": [
          [
            135.17198,
            34.7618
          ],
          [
            135.17063,
            34.76131
          ]
        ]
      },
      "id": "N02-25-Station-9290"
    },
    {
      "type": "Feature",
      "properties": {
        "N02_001": "12",
        "N02_002": "3",
        "N02_003": "北神線",
        "N02_004": "神戸市",
        "N02_005": "新神戸",
        "N02_005c": "007055",
        "N02_005g": "007054",
        "sourceRow": 9291,
        "operatorCategory": "Public railways"
      },
      "geometry": {
        "type": "LineString",
        "coordinates": [
          [
            135.19571,
            34.70498
          ],
          [
            135.19561,
            34.70439
          ]
        ]
      },
      "id": "N02-25-Station-9291"
    },
    {
      "type": "Feature",
      "properties": {
        "N02_001": "12",
        "N02_002": "5",
        "N02_003": "南北線",
        "N02_004": "北大阪急行電鉄",
        "N02_005": "緑地公園",
        "N02_005c": "006728",
        "N02_005g": "006728",
        "sourceRow": 9307,
        "operatorCategory": "Third-sector railways"
      },
      "geometry": {
        "type": "LineString",
        "coordinates": [
          [
            135.49525,
            34.77438
          ],
          [
            135.49525,
            34.77455
          ],
          [
            135.49528,
            34.77504
          ],
          [
            135.49532,
            34.77529
          ]
        ]
      },
      "id": "N02-25-Station-9307"
    },
    {
      "type": "Feature",
      "properties": {
        "N02_001": "12",
        "N02_002": "5",
        "N02_003": "南北線",
        "N02_004": "北大阪急行電鉄",
        "N02_005": "桃山台",
        "N02_005c": "006664",
        "N02_005g": "006664",
        "sourceRow": 9308,
        "operatorCategory": "Third-sector railways"
      },
      "geometry": {
        "type": "LineString",
        "coordinates": [
          [
            135.49686,
            34.79414
          ],
          [
            135.49719,
            34.7933
          ],
          [
            135.49752,
            34.79243
          ]
        ]
      },
      "id": "N02-25-Station-9308"
    },
    {
      "type": "Feature",
      "properties": {
        "N02_001": "12",
        "N02_002": "5",
        "N02_003": "南北線",
        "N02_004": "北大阪急行電鉄",
        "N02_005": "千里中央",
        "N02_005c": "006587",
        "N02_005g": "006587",
        "sourceRow": 9309,
        "operatorCategory": "Third-sector railways"
      },
      "geometry": {
        "type": "LineString",
        "coordinates": [
          [
            135.49504297,
            34.81063463
          ],
          [
            135.49504892,
            34.8089119
          ]
        ]
      },
      "id": "N02-25-Station-9309"
    },
    {
      "type": "Feature",
      "properties": {
        "N02_001": "12",
        "N02_002": "5",
        "N02_003": "南北線",
        "N02_004": "北大阪急行電鉄",
        "N02_005": "江坂",
        "N02_005c": "006800",
        "N02_005g": "006800",
        "sourceRow": 9310,
        "operatorCategory": "Third-sector railways"
      },
      "geometry": {
        "type": "LineString",
        "coordinates": [
          [
            135.49716,
            34.75961
          ],
          [
            135.49703,
            34.75789
          ]
        ]
      },
      "id": "N02-25-Station-9310"
    },
    {
      "type": "Feature",
      "properties": {
        "N02_001": "13",
        "N02_002": "4",
        "N02_003": "六甲ケーブル線",
        "N02_004": "神戸六甲鉄道",
        "N02_005": "六甲山上",
        "N02_005c": "006827",
        "N02_005g": "006827",
        "sourceRow": 9808,
        "operatorCategory": "Private railways"
      },
      "geometry": {
        "type": "LineString",
        "coordinates": [
          [
            135.23698,
            34.75159
          ],
          [
            135.23683,
            34.75198
          ]
        ]
      },
      "id": "N02-25-Station-9808"
    },
    {
      "type": "Feature",
      "properties": {
        "N02_001": "13",
        "N02_002": "4",
        "N02_003": "六甲ケーブル線",
        "N02_004": "神戸六甲鉄道",
        "N02_005": "六甲ケーブル下",
        "N02_005c": "006890",
        "N02_005g": "006890",
        "sourceRow": 9809,
        "operatorCategory": "Private railways"
      },
      "geometry": {
        "type": "LineString",
        "coordinates": [
          [
            135.23355,
            34.7372
          ],
          [
            135.23374,
            34.73761
          ]
        ]
      },
      "id": "N02-25-Station-9809"
    },
    {
      "type": "Feature",
      "properties": {
        "N02_001": "11",
        "N02_002": "2",
        "N02_003": "東海道線",
        "N02_004": "西日本旅客鉄道",
        "N02_005": "さくら夙川",
        "N02_005c": "006880",
        "N02_005g": "006880",
        "sourceRow": 9835,
        "operatorCategory": "JR conventional lines"
      },
      "geometry": {
        "type": "LineString",
        "coordinates": [
          [
            135.33196,
            34.73904
          ],
          [
            135.33163,
            34.73904
          ],
          [
            135.33128,
            34.73903
          ],
          [
            135.3302,
            34.73903
          ]
        ]
      },
      "id": "N02-25-Station-9835"
    },
    {
      "type": "Feature",
      "properties": {
        "N02_001": "23",
        "N02_002": "5",
        "N02_003": "国際文化公園都市モノレール線(彩都線)",
        "N02_004": "大阪モノレール",
        "N02_005": "彩都西",
        "N02_005c": "006427",
        "N02_005g": "006427",
        "sourceRow": 9840,
        "operatorCategory": "Third-sector railways"
      },
      "geometry": {
        "type": "LineString",
        "coordinates": [
          [
            135.52269,
            34.85476
          ],
          [
            135.52304,
            34.85538
          ]
        ]
      },
      "id": "N02-25-Station-9840"
    },
    {
      "type": "Feature",
      "properties": {
        "N02_001": "23",
        "N02_002": "5",
        "N02_003": "国際文化公園都市モノレール線(彩都線)",
        "N02_004": "大阪モノレール",
        "N02_005": "豊川",
        "N02_005c": "006478",
        "N02_005g": "006478",
        "sourceRow": 9841,
        "operatorCategory": "Third-sector railways"
      },
      "geometry": {
        "type": "LineString",
        "coordinates": [
          [
            135.52679,
            34.83429
          ],
          [
            135.52674,
            34.83451
          ],
          [
            135.5267,
            34.83469
          ],
          [
            135.52667,
            34.83481
          ],
          [
            135.52665,
            34.8349
          ]
        ]
      },
      "id": "N02-25-Station-9841"
    },
    {
      "type": "Feature",
      "properties": {
        "N02_001": "21",
        "N02_002": "4",
        "N02_003": "8号線(今里筋線)",
        "N02_004": "大阪市高速電気軌道",
        "N02_005": "新森古市",
        "N02_005c": "007001",
        "N02_005g": "007001",
        "sourceRow": 9842,
        "operatorCategory": "Private railways"
      },
      "geometry": {
        "type": "LineString",
        "coordinates": [
          [
            135.55892,
            34.71524
          ],
          [
            135.55759,
            34.71527
          ]
        ]
      },
      "id": "N02-25-Station-9842"
    },
    {
      "type": "Feature",
      "properties": {
        "N02_001": "21",
        "N02_002": "4",
        "N02_003": "8号線(今里筋線)",
        "N02_004": "大阪市高速電気軌道",
        "N02_005": "今里",
        "N02_005c": "007284",
        "N02_005g": "007284",
        "sourceRow": 9843,
        "operatorCategory": "Private railways"
      },
      "geometry": {
        "type": "LineString",
        "coordinates": [
          [
            135.54319,
            34.67112
          ],
          [
            135.54296,
            34.66947
          ]
        ]
      },
      "id": "N02-25-Station-9843"
    },
    {
      "type": "Feature",
      "properties": {
        "N02_001": "21",
        "N02_002": "4",
        "N02_003": "8号線(今里筋線)",
        "N02_004": "大阪市高速電気軌道",
        "N02_005": "井高野",
        "N02_005c": "006797",
        "N02_005g": "006797",
        "sourceRow": 9844,
        "operatorCategory": "Private railways"
      },
      "geometry": {
        "type": "LineString",
        "coordinates": [
          [
            135.54728,
            34.76071
          ],
          [
            135.54724,
            34.75953
          ]
        ]
      },
      "id": "N02-25-Station-9844"
    },
    {
      "type": "Feature",
      "properties": {
        "N02_001": "21",
        "N02_002": "4",
        "N02_003": "8号線(今里筋線)",
        "N02_004": "大阪市高速電気軌道",
        "N02_005": "瑞光四丁目",
        "N02_005c": "006824",
        "N02_005g": "006824",
        "sourceRow": 9845,
        "operatorCategory": "Private railways"
      },
      "geometry": {
        "type": "LineString",
        "coordinates": [
          [
            135.54465,
            34.75258
          ],
          [
            135.54438,
            34.75165
          ]
        ]
      },
      "id": "N02-25-Station-9845"
    },
    {
      "type": "Feature",
      "properties": {
        "N02_001": "21",
        "N02_002": "4",
        "N02_003": "8号線(今里筋線)",
        "N02_004": "大阪市高速電気軌道",
        "N02_005": "だいどう豊里",
        "N02_005c": "006860",
        "N02_005g": "006860",
        "sourceRow": 9846,
        "operatorCategory": "Private railways"
      },
      "geometry": {
        "type": "LineString",
        "coordinates": [
          [
            135.54398,
            34.74445
          ],
          [
            135.54448,
            34.744
          ],
          [
            135.54496,
            34.74353
          ]
        ]
      },
      "id": "N02-25-Station-9846"
    },
    {
      "type": "Feature",
      "properties": {
        "N02_001": "21",
        "N02_002": "4",
        "N02_003": "8号線(今里筋線)",
        "N02_004": "大阪市高速電気軌道",
        "N02_005": "太子橋今市",
        "N02_005c": "006922",
        "N02_005g": "006922",
        "sourceRow": 9847,
        "operatorCategory": "Private railways"
      },
      "geometry": {
        "type": "LineString",
        "coordinates": [
          [
            135.5555,
            34.7321
          ],
          [
            135.55635,
            34.73118
          ],
          [
            135.55663,
            34.73092
          ]
        ]
      },
      "id": "N02-25-Station-9847"
    },
    {
      "type": "Feature",
      "properties": {
        "N02_001": "21",
        "N02_002": "4",
        "N02_003": "8号線(今里筋線)",
        "N02_004": "大阪市高速電気軌道",
        "N02_005": "清水",
        "N02_005c": "006964",
        "N02_005g": "006964",
        "sourceRow": 9848,
        "operatorCategory": "Private railways"
      },
      "geometry": {
        "type": "LineString",
        "coordinates": [
          [
            135.56083,
            34.72276
          ],
          [
            135.56079,
            34.72155
          ]
        ]
      },
      "id": "N02-25-Station-9848"
    },
    {
      "type": "Feature",
      "properties": {
        "N02_001": "21",
        "N02_002": "4",
        "N02_003": "8号線(今里筋線)",
        "N02_004": "大阪市高速電気軌道",
        "N02_005": "関目成育",
        "N02_005c": "007008",
        "N02_005g": "007008",
        "sourceRow": 9849,
        "operatorCategory": "Private railways"
      },
      "geometry": {
        "type": "LineString",
        "coordinates": [
          [
            135.54644,
            34.71358
          ],
          [
            135.54644,
            34.71247
          ]
        ]
      },
      "id": "N02-25-Station-9849"
    },
    {
      "type": "Feature",
      "properties": {
        "N02_001": "21",
        "N02_002": "4",
        "N02_003": "8号線(今里筋線)",
        "N02_004": "大阪市高速電気軌道",
        "N02_005": "蒲生四丁目",
        "N02_005c": "007073",
        "N02_005g": "007073",
        "sourceRow": 9850,
        "operatorCategory": "Private railways"
      },
      "geometry": {
        "type": "LineString",
        "coordinates": [
          [
            135.5463,
            34.70163
          ],
          [
            135.54629,
            34.70049
          ]
        ]
      },
      "id": "N02-25-Station-9850"
    },
    {
      "type": "Feature",
      "properties": {
        "N02_001": "21",
        "N02_002": "4",
        "N02_003": "8号線(今里筋線)",
        "N02_004": "大阪市高速電気軌道",
        "N02_005": "鴫野",
        "N02_005c": "007125",
        "N02_005g": "007128",
        "sourceRow": 9851,
        "operatorCategory": "Private railways"
      },
      "geometry": {
        "type": "LineString",
        "coordinates": [
          [
            135.54618,
            34.69346
          ],
          [
            135.54617,
            34.69303
          ],
          [
            135.5461,
            34.69254
          ]
        ]
      },
      "id": "N02-25-Station-9851"
    },
    {
      "type": "Feature",
      "properties": {
        "N02_001": "21",
        "N02_002": "4",
        "N02_003": "8号線(今里筋線)",
        "N02_004": "大阪市高速電気軌道",
        "N02_005": "緑橋",
        "N02_005c": "007201",
        "N02_005g": "007201",
        "sourceRow": 9852,
        "operatorCategory": "Private railways"
      },
      "geometry": {
        "type": "LineString",
        "coordinates": [
          [
            135.54471,
            34.68204
          ],
          [
            135.54456,
            34.68096
          ]
        ]
      },
      "id": "N02-25-Station-9852"
    },
    {
      "type": "Feature",
      "properties": {
        "N02_001": "12",
        "N02_002": "4",
        "N02_003": "中之島線",
        "N02_004": "京阪電気鉄道",
        "N02_005": "なにわ橋",
        "N02_005c": "007132",
        "N02_005g": "007132",
        "sourceRow": 9853,
        "operatorCategory": "Private railways"
      },
      "geometry": {
        "type": "LineString",
        "coordinates": [
          [
            135.50855,
            34.69209
          ],
          [
            135.50743,
            34.69248
          ]
        ]
      },
      "id": "N02-25-Station-9853"
    },
    {
      "type": "Feature",
      "properties": {
        "N02_001": "12",
        "N02_002": "4",
        "N02_003": "中之島線",
        "N02_004": "京阪電気鉄道",
        "N02_005": "渡辺橋",
        "N02_005c": "007114",
        "N02_005g": "007114",
        "sourceRow": 9854,
        "operatorCategory": "Private railways"
      },
      "geometry": {
        "type": "LineString",
        "coordinates": [
          [
            135.49649,
            34.69412
          ],
          [
            135.49532,
            34.69397
          ]
        ]
      },
      "id": "N02-25-Station-9854"
    },
    {
      "type": "Feature",
      "properties": {
        "N02_001": "12",
        "N02_002": "4",
        "N02_003": "中之島線",
        "N02_004": "京阪電気鉄道",
        "N02_005": "大江橋",
        "N02_005c": "007110",
        "N02_005g": "007110",
        "sourceRow": 9855,
        "operatorCategory": "Private railways"
      },
      "geometry": {
        "type": "LineString",
        "coordinates": [
          [
            135.50195,
            34.69436
          ],
          [
            135.49999,
            34.69436
          ]
        ]
      },
      "id": "N02-25-Station-9855"
    },
    {
      "type": "Feature",
      "properties": {
        "N02_001": "12",
        "N02_002": "4",
        "N02_003": "中之島線",
        "N02_004": "京阪電気鉄道",
        "N02_005": "中之島",
        "N02_005c": "007140",
        "N02_005g": "007140",
        "sourceRow": 9856,
        "operatorCategory": "Private railways"
      },
      "geometry": {
        "type": "LineString",
        "coordinates": [
          [
            135.4884,
            34.69203
          ],
          [
            135.48739,
            34.69136
          ]
        ]
      },
      "id": "N02-25-Station-9856"
    },
    {
      "type": "Feature",
      "properties": {
        "N02_001": "12",
        "N02_002": "4",
        "N02_003": "阪神なんば線",
        "N02_004": "阪神電気鉄道",
        "N02_005": "ドーム前",
        "N02_005c": "007283",
        "N02_005g": "007283",
        "sourceRow": 9857,
        "operatorCategory": "Private railways"
      },
      "geometry": {
        "type": "LineString",
        "coordinates": [
          [
            135.47913,
            34.66944
          ],
          [
            135.47857,
            34.67074
          ],
          [
            135.47831,
            34.67115
          ]
        ]
      },
      "id": "N02-25-Station-9857"
    },
    {
      "type": "Feature",
      "properties": {
        "N02_001": "12",
        "N02_002": "4",
        "N02_003": "阪神なんば線",
        "N02_004": "阪神電気鉄道",
        "N02_005": "九条",
        "N02_005c": "007274",
        "N02_005g": "007253",
        "sourceRow": 9858,
        "operatorCategory": "Private railways"
      },
      "geometry": {
        "type": "LineString",
        "coordinates": [
          [
            135.47528,
            34.6731
          ],
          [
            135.47424,
            34.67354
          ],
          [
            135.47367,
            34.67388
          ]
        ]
      },
      "id": "N02-25-Station-9858"
    },
    {
      "type": "Feature",
      "properties": {
        "N02_001": "12",
        "N02_002": "4",
        "N02_003": "阪神なんば線",
        "N02_004": "阪神電気鉄道",
        "N02_005": "西九条",
        "N02_005c": "007192",
        "N02_005g": "007187",
        "sourceRow": 9859,
        "operatorCategory": "Private railways"
      },
      "geometry": {
        "type": "LineString",
        "coordinates": [
          [
            135.46632,
            34.6817
          ],
          [
            135.46582,
            34.68241
          ]
        ]
      },
      "id": "N02-25-Station-9859"
    },
    {
      "type": "Feature",
      "properties": {
        "N02_001": "12",
        "N02_002": "4",
        "N02_003": "阪神なんば線",
        "N02_004": "阪神電気鉄道",
        "N02_005": "桜川",
        "N02_005c": "007294",
        "N02_005g": "007294",
        "sourceRow": 9860,
        "operatorCategory": "Private railways"
      },
      "geometry": {
        "type": "LineString",
        "coordinates": [
          [
            135.48713,
            34.66841
          ],
          [
            135.48675,
            34.66844
          ],
          [
            135.48621,
            34.66841
          ],
          [
            135.48592,
            34.66838
          ]
        ]
      },
      "id": "N02-25-Station-9860"
    },
    {
      "type": "Feature",
      "properties": {
        "N02_001": "11",
        "N02_002": "2",
        "N02_003": "おおさか東線",
        "N02_004": "西日本旅客鉄道",
        "N02_005": "新加美",
        "N02_005c": "007523",
        "N02_005g": "007523",
        "sourceRow": 9899,
        "operatorCategory": "JR conventional lines"
      },
      "geometry": {
        "type": "LineString",
        "coordinates": [
          [
            135.56721,
            34.62803
          ],
          [
            135.56817,
            34.62717
          ],
          [
            135.56908709,
            34.62648727
          ]
        ]
      },
      "id": "N02-25-Station-9899"
    },
    {
      "type": "Feature",
      "properties": {
        "N02_001": "11",
        "N02_002": "2",
        "N02_003": "おおさか東線",
        "N02_004": "西日本旅客鉄道",
        "N02_005": "JR長瀬",
        "N02_005c": "007422",
        "N02_005g": "007422",
        "sourceRow": 9900,
        "operatorCategory": "JR conventional lines"
      },
      "geometry": {
        "type": "LineString",
        "coordinates": [
          [
            135.5705,
            34.65056
          ],
          [
            135.57017,
            34.64937
          ]
        ]
      },
      "id": "N02-25-Station-9900"
    },
    {
      "type": "Feature",
      "properties": {
        "N02_001": "11",
        "N02_002": "2",
        "N02_003": "おおさか東線",
        "N02_004": "西日本旅客鉄道",
        "N02_005": "JR俊徳道",
        "N02_005c": "007376",
        "N02_005g": "007376",
        "sourceRow": 9901,
        "operatorCategory": "JR conventional lines"
      },
      "geometry": {
        "type": "LineString",
        "coordinates": [
          [
            135.57246,
            34.65942
          ],
          [
            135.57249,
            34.6583
          ],
          [
            135.57243,
            34.65789
          ]
        ]
      },
      "id": "N02-25-Station-9901"
    },
    {
      "type": "Feature",
      "properties": {
        "N02_001": "11",
        "N02_002": "2",
        "N02_003": "おおさか東線",
        "N02_004": "西日本旅客鉄道",
        "N02_005": "JR河内永和",
        "N02_005c": "007344",
        "N02_005g": "007344",
        "sourceRow": 9902,
        "operatorCategory": "JR conventional lines"
      },
      "geometry": {
        "type": "LineString",
        "coordinates": [
          [
            135.57229,
            34.66507
          ],
          [
            135.57234,
            34.66359
          ]
        ]
      },
      "id": "N02-25-Station-9902"
    },
    {
      "type": "Feature",
      "properties": {
        "N02_001": "11",
        "N02_002": "2",
        "N02_003": "おおさか東線",
        "N02_004": "西日本旅客鉄道",
        "N02_005": "高井田中央",
        "N02_005c": "007229",
        "N02_005g": "007229",
        "sourceRow": 9903,
        "operatorCategory": "JR conventional lines"
      },
      "geometry": {
        "type": "LineString",
        "coordinates": [
          [
            135.57255213,
            34.67974766
          ],
          [
            135.572238,
            34.6779061
          ]
        ]
      },
      "id": "N02-25-Station-9903"
    },
    {
      "type": "Feature",
      "properties": {
        "N02_001": "11",
        "N02_002": "2",
        "N02_003": "山陽線",
        "N02_004": "西日本旅客鉄道",
        "N02_005": "須磨海浜公園",
        "N02_005c": "007441",
        "N02_005g": "007441",
        "sourceRow": 9916,
        "operatorCategory": "JR conventional lines"
      },
      "geometry": {
        "type": "LineString",
        "coordinates": [
          [
            135.12726,
            34.64751
          ],
          [
            135.12693,
            34.64733
          ],
          [
            135.12628,
            34.64699
          ],
          [
            135.12595,
            34.64681
          ]
        ]
      },
      "id": "N02-25-Station-9916"
    },
    {
      "type": "Feature",
      "properties": {
        "N02_001": "12",
        "N02_002": "4",
        "N02_003": "京都線",
        "N02_004": "阪急電鉄",
        "N02_005": "摂津市",
        "N02_005c": "006695",
        "N02_005g": "006695",
        "sourceRow": 9947,
        "operatorCategory": "Private railways"
      },
      "geometry": {
        "type": "LineString",
        "coordinates": [
          [
            135.55323,
            34.78575
          ],
          [
            135.554138,
            34.786988
          ]
        ]
      },
      "id": "N02-25-Station-9947"
    },
    {
      "type": "Feature",
      "properties": {
        "N02_001": "11",
        "N02_002": "2",
        "N02_003": "加古川線",
        "N02_004": "西日本旅客鉄道",
        "N02_005": "粟生",
        "N02_005c": "006417",
        "N02_005g": "006417",
        "sourceRow": 10037,
        "operatorCategory": "JR conventional lines"
      },
      "geometry": {
        "type": "LineString",
        "coordinates": [
          [
            134.90957,
            34.85747
          ],
          [
            134.90957,
            34.85725
          ]
        ]
      },
      "id": "N02-25-Station-10037"
    },
    {
      "type": "Feature",
      "properties": {
        "N02_001": "12",
        "N02_002": "4",
        "N02_003": "粟生線",
        "N02_004": "神戸電鉄",
        "N02_005": "粟生",
        "N02_005c": "006419",
        "N02_005g": "006417",
        "sourceRow": 10038,
        "operatorCategory": "Private railways"
      },
      "geometry": {
        "type": "LineString",
        "coordinates": [
          [
            134.90957,
            34.85678
          ],
          [
            134.90957,
            34.85694
          ]
        ]
      },
      "id": "N02-25-Station-10038"
    },
    {
      "type": "Feature",
      "properties": {
        "N02_001": "12",
        "N02_002": "5",
        "N02_003": "北条線",
        "N02_004": "北条鉄道",
        "N02_005": "粟生",
        "N02_005c": "006418",
        "N02_005g": "006417",
        "sourceRow": 10039,
        "operatorCategory": "Third-sector railways"
      },
      "geometry": {
        "type": "LineString",
        "coordinates": [
          [
            134.90944,
            34.85725
          ],
          [
            134.90943,
            34.85747
          ]
        ]
      },
      "id": "N02-25-Station-10039"
    },
    {
      "type": "Feature",
      "properties": {
        "N02_001": "21",
        "N02_002": "4",
        "N02_003": "阪堺線",
        "N02_004": "阪堺電気軌道",
        "N02_005": "石津北",
        "N02_005c": "007706",
        "N02_005g": "007706",
        "sourceRow": 10056,
        "operatorCategory": "Private railways"
      },
      "geometry": {
        "type": "LineString",
        "coordinates": [
          [
            135.45923124,
            34.56056885
          ],
          [
            135.45894,
            34.56021
          ]
        ]
      },
      "id": "N02-25-Station-10056"
    },
    {
      "type": "Feature",
      "properties": {
        "N02_001": "12",
        "N02_002": "4",
        "N02_003": "難波線",
        "N02_004": "近畿日本鉄道",
        "N02_005": "大阪難波",
        "N02_005c": "007309",
        "N02_005g": "007308",
        "sourceRow": 10094,
        "operatorCategory": "Private railways"
      },
      "geometry": {
        "type": "LineString",
        "coordinates": [
          [
            135.49835,
            34.66711
          ],
          [
            135.49888,
            34.66705
          ],
          [
            135.49986,
            34.66701
          ]
        ]
      },
      "id": "N02-25-Station-10094"
    },
    {
      "type": "Feature",
      "properties": {
        "N02_001": "11",
        "N02_002": "2",
        "N02_003": "東海道線",
        "N02_004": "西日本旅客鉄道",
        "N02_005": "摩耶",
        "N02_005c": "007033",
        "N02_005g": "007033",
        "sourceRow": 10098,
        "operatorCategory": "JR conventional lines"
      },
      "geometry": {
        "type": "LineString",
        "coordinates": [
          [
            135.22583141,
            34.70890226
          ],
          [
            135.22513,
            34.70865
          ],
          [
            135.22469189,
            34.70849698
          ],
          [
            135.22335481,
            34.70802999
          ]
        ]
      },
      "id": "N02-25-Station-10098"
    },
    {
      "type": "Feature",
      "properties": {
        "N02_001": "12",
        "N02_002": "4",
        "N02_003": "中之島線",
        "N02_004": "京阪電気鉄道",
        "N02_005": "天満橋",
        "N02_005c": "007149",
        "N02_005g": "007148",
        "sourceRow": 10105,
        "operatorCategory": "Private railways"
      },
      "geometry": {
        "type": "LineString",
        "coordinates": [
          [
            135.51552,
            34.6904
          ],
          [
            135.51707,
            34.69039
          ]
        ]
      },
      "id": "N02-25-Station-10105"
    },
    {
      "type": "Feature",
      "properties": {
        "N02_001": "11",
        "N02_002": "2",
        "N02_003": "東海道線",
        "N02_004": "西日本旅客鉄道",
        "N02_005": "JR総持寺",
        "N02_005c": "006498",
        "N02_005g": "006498",
        "sourceRow": 10115,
        "operatorCategory": "JR conventional lines"
      },
      "geometry": {
        "type": "LineString",
        "coordinates": [
          [
            135.57703955,
            34.82815023
          ],
          [
            135.57831,
            34.82889
          ]
        ]
      },
      "id": "N02-25-Station-10115"
    },
    {
      "type": "Feature",
      "properties": {
        "N02_001": "11",
        "N02_002": "2",
        "N02_003": "おおさか東線",
        "N02_004": "西日本旅客鉄道",
        "N02_005": "衣摺加美北",
        "N02_005c": "007477",
        "N02_005g": "007477",
        "sourceRow": 10116,
        "operatorCategory": "JR conventional lines"
      },
      "geometry": {
        "type": "LineString",
        "coordinates": [
          [
            135.56694299,
            34.63777977
          ],
          [
            135.56730459,
            34.63908345
          ]
        ]
      },
      "id": "N02-25-Station-10116"
    },
    {
      "type": "Feature",
      "properties": {
        "N02_001": "11",
        "N02_002": "2",
        "N02_003": "おおさか東線",
        "N02_004": "西日本旅客鉄道",
        "N02_005": "新大阪",
        "N02_005c": "006909",
        "N02_005g": "006911",
        "sourceRow": 10123,
        "operatorCategory": "JR conventional lines"
      },
      "geometry": {
        "type": "LineString",
        "coordinates": [
          [
            135.50129151,
            34.73261186
          ],
          [
            135.50136763,
            34.73377908
          ],
          [
            135.50153257,
            34.73443881
          ],
          [
            135.50196393,
            34.73540304
          ]
        ]
      },
      "id": "N02-25-Station-10123"
    },
    {
      "type": "Feature",
      "properties": {
        "N02_001": "11",
        "N02_002": "2",
        "N02_003": "おおさか東線",
        "N02_004": "西日本旅客鉄道",
        "N02_005": "南吹田",
        "N02_005c": "006836",
        "N02_005g": "006836",
        "sourceRow": 10124,
        "operatorCategory": "JR conventional lines"
      },
      "geometry": {
        "type": "LineString",
        "coordinates": [
          [
            135.5103692,
            34.74932724
          ],
          [
            135.51102893,
            34.74944142
          ],
          [
            135.5117521,
            34.74947949
          ],
          [
            135.51222153,
            34.74942874
          ]
        ]
      },
      "id": "N02-25-Station-10124"
    },
    {
      "type": "Feature",
      "properties": {
        "N02_001": "11",
        "N02_002": "2",
        "N02_003": "おおさか東線",
        "N02_004": "西日本旅客鉄道",
        "N02_005": "JR淡路",
        "N02_005c": "006872",
        "N02_005g": "006872",
        "sourceRow": 10125,
        "operatorCategory": "JR conventional lines"
      },
      "geometry": {
        "type": "LineString",
        "coordinates": [
          [
            135.51931367,
            34.74138505
          ],
          [
            135.52031596,
            34.74021783
          ]
        ]
      },
      "id": "N02-25-Station-10125"
    },
    {
      "type": "Feature",
      "properties": {
        "N02_001": "11",
        "N02_002": "2",
        "N02_003": "おおさか東線",
        "N02_004": "西日本旅客鉄道",
        "N02_005": "城北公園通",
        "N02_005c": "006956",
        "N02_005g": "006956",
        "sourceRow": 10126,
        "operatorCategory": "JR conventional lines"
      },
      "geometry": {
        "type": "LineString",
        "coordinates": [
          [
            135.53023893,
            34.72435566
          ],
          [
            135.5309621,
            34.72304888
          ]
        ]
      },
      "id": "N02-25-Station-10126"
    },
    {
      "type": "Feature",
      "properties": {
        "N02_001": "11",
        "N02_002": "2",
        "N02_003": "おおさか東線",
        "N02_004": "西日本旅客鉄道",
        "N02_005": "JR野江",
        "N02_005c": "007041",
        "N02_005g": "007041",
        "sourceRow": 10127,
        "operatorCategory": "JR conventional lines"
      },
      "geometry": {
        "type": "LineString",
        "coordinates": [
          [
            135.54142904,
            34.7075705
          ],
          [
            135.54135292,
            34.70611147
          ]
        ]
      },
      "id": "N02-25-Station-10127"
    },
    {
      "type": "Feature",
      "properties": {
        "N02_001": "11",
        "N02_002": "2",
        "N02_003": "おおさか東線",
        "N02_004": "西日本旅客鉄道",
        "N02_005": "放出",
        "N02_005c": "007162",
        "N02_005g": "007162",
        "sourceRow": 10128,
        "operatorCategory": "JR conventional lines"
      },
      "geometry": {
        "type": "LineString",
        "coordinates": [
          [
            135.56227153,
            34.68802013
          ],
          [
            135.56400353,
            34.6879783
          ]
        ]
      },
      "id": "N02-25-Station-10128"
    },
    {
      "type": "Feature",
      "properties": {
        "N02_001": "11",
        "N02_002": "2",
        "N02_003": "おおさか東線",
        "N02_004": "西日本旅客鉄道",
        "N02_005": "鴫野",
        "N02_005c": "007128",
        "N02_005g": "007128",
        "sourceRow": 10129,
        "operatorCategory": "JR conventional lines"
      },
      "geometry": {
        "type": "LineString",
        "coordinates": [
          [
            135.54436117,
            34.69338205
          ],
          [
            135.54456892,
            34.69313941
          ],
          [
            135.54491544,
            34.69283413
          ],
          [
            135.545258,
            34.69257562
          ],
          [
            135.54590425,
            34.69220135
          ]
        ]
      },
      "id": "N02-25-Station-10129"
    },
    {
      "type": "Feature",
      "properties": {
        "N02_001": "11",
        "N02_002": "2",
        "N02_003": "おおさか東線",
        "N02_004": "西日本旅客鉄道",
        "N02_005": "久宝寺",
        "N02_005c": "007535",
        "N02_005g": "007535",
        "sourceRow": 10152,
        "operatorCategory": "JR conventional lines"
      },
      "geometry": {
        "type": "LineString",
        "coordinates": [
          [
            135.58523,
            34.62208
          ],
          [
            135.58364,
            34.62259
          ]
        ]
      },
      "id": "N02-25-Station-10152"
    },
    {
      "type": "Feature",
      "properties": {
        "N02_001": "11",
        "N02_002": "2",
        "N02_003": "東海道線",
        "N02_004": "西日本旅客鉄道",
        "N02_005": "大阪",
        "N02_005c": "007068",
        "N02_005g": "007068",
        "sourceRow": 10205,
        "operatorCategory": "JR conventional lines"
      },
      "geometry": {
        "type": "LineString",
        "coordinates": [
          [
            135.49256544,
            34.70192377
          ],
          [
            135.49288905,
            34.70229496
          ],
          [
            135.49317458,
            34.70267568
          ],
          [
            135.49343156,
            34.70312302
          ],
          [
            135.4936126,
            34.70360823
          ]
        ]
      },
      "id": "N02-25-Station-10205"
    },
    {
      "type": "Feature",
      "properties": {
        "N02_001": "11",
        "N02_002": "2",
        "N02_003": "東海道線",
        "N02_004": "西日本旅客鉄道",
        "N02_005": "新大阪",
        "N02_005c": "006910",
        "N02_005g": "006911",
        "sourceRow": 10206,
        "operatorCategory": "JR conventional lines"
      },
      "geometry": {
        "type": "LineString",
        "coordinates": [
          [
            135.50129151,
            34.73261186
          ],
          [
            135.50136763,
            34.73377908
          ],
          [
            135.50153257,
            34.73443881
          ],
          [
            135.50196393,
            34.73540304
          ]
        ]
      },
      "id": "N02-25-Station-10206"
    },
    {
      "type": "Feature",
      "properties": {
        "N02_001": "11",
        "N02_002": "2",
        "N02_003": "東海道線",
        "N02_004": "西日本旅客鉄道",
        "N02_005": "福島",
        "N02_005c": "010170",
        "N02_005g": "007091",
        "sourceRow": 10207,
        "operatorCategory": "JR conventional lines"
      },
      "geometry": {
        "type": "LineString",
        "coordinates": [
          [
            135.48736,
            34.69757
          ],
          [
            135.4858,
            34.69679
          ]
        ]
      },
      "id": "N02-25-Station-10207"
    },
    {
      "type": "Feature",
      "properties": {
        "N02_001": "21",
        "N02_002": "5",
        "N02_003": "南北線",
        "N02_004": "北大阪急行電鉄",
        "N02_005": "箕面船場阪大前",
        "N02_005c": "010184",
        "N02_005g": "010184",
        "sourceRow": 10218,
        "operatorCategory": "Third-sector railways"
      },
      "geometry": {
        "type": "LineString",
        "coordinates": [
          [
            135.49065222,
            34.82086249
          ],
          [
            135.48992582,
            34.82253949
          ]
        ]
      },
      "id": "N02-25-Station-10218"
    },
    {
      "type": "Feature",
      "properties": {
        "N02_001": "21",
        "N02_002": "5",
        "N02_003": "南北線",
        "N02_004": "北大阪急行電鉄",
        "N02_005": "箕面萱野",
        "N02_005c": "010183",
        "N02_005g": "010183",
        "sourceRow": 10219,
        "operatorCategory": "Third-sector railways"
      },
      "geometry": {
        "type": "LineString",
        "coordinates": [
          [
            135.48907489,
            34.83051159
          ],
          [
            135.48900112,
            34.83253473
          ]
        ]
      },
      "id": "N02-25-Station-10219"
    },
    {
      "type": "Feature",
      "properties": {
        "N02_001": "12",
        "N02_002": "4",
        "N02_003": "4号線(中央線)",
        "N02_004": "大阪市高速電気軌道",
        "N02_005": "夢洲",
        "N02_005c": "010188",
        "N02_005g": "010188",
        "sourceRow": 10230,
        "operatorCategory": "Private railways"
      },
      "geometry": {
        "type": "LineString",
        "coordinates": [
          [
            135.38891214,
            34.65138821
          ],
          [
            135.38972035,
            34.65222055
          ]
        ]
      },
      "id": "N02-25-Station-10230"
    }
  ]
}